time_ms,time_relative_ms,current_ua
21787.02,-15.0,24396.025
21787.03,-14.9900000000016,24542.082
21787.04,-14.979999999999563,24493.389
21787.05,-14.970000000001164,24444.703
21787.06,-14.959999999999127,24396.025
21787.07,-14.950000000000728,24590.783
21787.08,-14.93999999999869,24688.211
21787.09,-14.930000000000291,24444.703
21787.1,-14.920000000001892,24590.783
21787.11,-14.909999999999854,24493.389
21787.12,-14.900000000001455,24444.703
21787.13,-14.889999999999418,24542.082
21787.14,-14.880000000001019,24298.695
21787.15,-14.869999999998981,24590.783
21787.16,-14.860000000000582,24396.025
21787.17,-14.850000000002183,24493.389
21787.18,-14.840000000000146,24493.389
21787.19,-14.830000000001746,24347.355
21787.2,-14.819999999999709,24250.041
21787.21,-14.81000000000131,24493.389
21787.22,-14.799999999999272,24493.389
21787.23,-14.790000000000873,24639.492
21787.24,-14.779999999998836,24444.703
21787.25,-14.770000000000437,24396.025
21787.26,-14.760000000002037,24201.396
21787.27,-14.75,24104.131
21787.28,-14.7400000000016,24250.041
21787.29,-14.729999999999563,24201.396
21787.3,-14.720000000001164,24396.025
21787.31,-14.709999999999127,24347.355
21787.32,-14.700000000000728,24542.082
21787.33,-14.68999999999869,24444.703
21787.34,-14.680000000000291,24347.355
21787.35,-14.670000000001892,24347.355
21787.36,-14.659999999999854,24347.355
21787.37,-14.650000000001455,24542.082
21787.38,-14.639999999999418,24493.389
21787.39,-14.630000000001019,24444.703
21787.4,-14.619999999998981,24444.703
21787.41,-14.610000000000582,24250.041
21787.42,-14.600000000002183,24347.355
21787.43,-14.590000000000146,24444.703
21787.44,-14.580000000001746,24347.355
21787.45,-14.569999999999709,24396.025
21787.46,-14.56000000000131,24688.211
21787.47,-14.549999999999272,24493.389
21787.48,-14.540000000000873,24396.025
21787.49,-14.529999999998836,24590.783
21787.5,-14.520000000000437,24736.938
21787.51,-14.510000000002037,24736.938
21787.52,-14.5,24639.492
21787.53,-14.4900000000016,24444.703
21787.54,-14.479999999999563,24688.211
21787.55,-14.470000000001164,24542.082
21787.56,-14.459999999999127,24493.389
21787.57,-14.450000000000728,24542.082
21787.58,-14.43999999999869,24298.695
21787.59,-14.430000000000291,24396.025
21787.6,-14.420000000001892,24298.695
21787.61,-14.409999999999854,24298.695
21787.62,-14.400000000001455,24298.695
21787.63,-14.389999999999418,24493.389
21787.64,-14.380000000001019,24250.041
21787.65,-14.369999999998981,24347.355
21787.66,-14.360000000000582,24444.703
21787.67,-14.350000000002183,24347.355
21787.68,-14.340000000000146,24396.025
21787.69,-14.330000000001746,24396.025
21787.7,-14.319999999999709,24493.389
21787.71,-14.31000000000131,24396.025
21787.72,-14.299999999999272,24347.355
21787.73,-14.290000000000873,24298.695
21787.74,-14.279999999998836,24298.695
21787.75,-14.270000000000437,24493.389
21787.76,-14.260000000002037,24347.355
21787.77,-14.25,24250.041
21787.78,-14.2400000000016,24347.355
21787.79,-14.229999999999563,24347.355
21787.8,-14.220000000001164,24396.025
21787.81,-14.209999999999127,24396.025
21787.82,-14.200000000000728,24396.025
21787.83,-14.18999999999869,24347.355
21787.84,-14.180000000000291,24493.389
21787.85,-14.170000000001892,24444.703
21787.86,-14.159999999999854,24250.041
21787.87,-14.150000000001455,24444.703
21787.88,-14.139999999999418,24590.783
21787.89,-14.130000000001019,24493.389
21787.9,-14.119999999998981,24396.025
21787.91,-14.110000000000582,24493.389
21787.92,-14.100000000002183,24396.025
21787.93,-14.090000000000146,24688.211
21787.94,-14.080000000001746,24444.703
21787.95,-14.069999999999709,24396.025
21787.96,-14.06000000000131,24688.211
21787.97,-14.049999999999272,24639.492
21787.98,-14.040000000000873,24590.783
21787.99,-14.029999999998836,24785.672
21788.0,-14.020000000000437,24396.025
21788.01,-14.010000000002037,24298.695
21788.02,-14.0,24347.355
21788.03,-13.9900000000016,24250.041
21788.04,-13.979999999999563,24250.041
21788.05,-13.970000000001164,24493.389
21788.06,-13.959999999999127,24590.783
21788.07,-13.950000000000728,24542.082
21788.08,-13.93999999999869,24250.041
21788.09,-13.930000000000291,24298.695
21788.1,-13.920000000001892,24201.396
21788.11,-13.909999999999854,24298.695
21788.12,-13.900000000001455,24347.355
21788.13,-13.889999999999418,24396.025
21788.14,-13.880000000001019,24250.041
21788.15,-13.869999999998981,24590.783
21788.16,-13.860000000000582,24444.703
21788.17,-13.850000000002183,24493.389
21788.18,-13.840000000000146,24444.703
21788.19,-13.830000000001746,24396.025
21788.2,-13.819999999999709,24201.396
21788.21,-13.81000000000131,24298.695
21788.22,-13.799999999999272,24250.041
21788.23,-13.790000000000873,24493.389
21788.24,-13.779999999998836,24493.389
21788.25,-13.770000000000437,24396.025
21788.26,-13.760000000002037,24396.025
21788.27,-13.75,24493.389
21788.28,-13.7400000000016,24298.695
21788.29,-13.729999999999563,24590.783
21788.3,-13.720000000001164,24590.783
21788.31,-13.709999999999127,24444.703
21788.32,-13.700000000000728,24396.025
21788.33,-13.68999999999869,24493.389
21788.34,-13.680000000000291,24542.082
21788.35,-13.670000000001892,24688.211
21788.36,-13.659999999999854,24542.082
21788.37,-13.650000000001455,24396.025
21788.38,-13.639999999999418,24444.703
21788.39,-13.630000000001019,24639.492
21788.4,-13.619999999998981,24347.355
21788.41,-13.610000000000582,24542.082
21788.42,-13.600000000002183,24347.355
21788.43,-13.590000000000146,24152.76
21788.44,-13.580000000001746,24250.041
21788.45,-13.569999999999709,24298.695
21788.46,-13.56000000000131,24444.703
21788.47,-13.549999999999272,24444.703
21788.48,-13.540000000000873,24444.703
21788.49,-13.529999999998836,24298.695
21788.5,-13.520000000000437,24396.025
21788.51,-13.510000000002037,24347.355
21788.52,-13.5,24444.703
21788.53,-13.4900000000016,24493.389
21788.54,-13.479999999999563,24250.041
21788.55,-13.470000000001164,24444.703
21788.56,-13.459999999999127,24250.041
21788.57,-13.450000000000728,24250.041
21788.58,-13.43999999999869,24396.025
21788.59,-13.430000000000291,24590.783
21788.6,-13.420000000001892,24444.703
21788.61,-13.409999999999854,24542.082
21788.62,-13.400000000001455,24298.695
21788.63,-13.389999999999418,24298.695
21788.64,-13.380000000001019,24250.041
21788.65,-13.369999999998981,24396.025
21788.66,-13.360000000000582,24250.041
21788.67,-13.350000000002183,24298.695
21788.68,-13.340000000000146,24444.703
21788.69,-13.330000000001746,24542.082
21788.7,-13.319999999999709,24250.041
21788.71,-13.31000000000131,24347.355
21788.72,-13.299999999999272,24396.025
21788.73,-13.290000000000873,24590.783
21788.74,-13.279999999998836,24347.355
21788.75,-13.270000000000437,24590.783
21788.76,-13.260000000002037,24347.355
21788.77,-13.25,24493.389
21788.78,-13.2400000000016,24542.082
21788.79,-13.229999999999563,24542.082
21788.8,-13.220000000001164,24493.389
21788.81,-13.209999999999127,24590.783
21788.82,-13.200000000000728,24396.025
21788.83,-13.18999999999869,24444.703
21788.84,-13.180000000000291,24639.492
21788.85,-13.170000000001892,24347.355
21788.86,-13.159999999999854,24347.355
21788.87,-13.150000000001455,24396.025
21788.88,-13.139999999999418,24493.389
21788.89,-13.130000000001019,24493.389
21788.9,-13.119999999998981,24542.082
21788.91,-13.110000000000582,24444.703
21788.92,-13.100000000002183,24590.783
21788.93,-13.090000000000146,24444.703
21788.94,-13.080000000001746,24493.389
21788.95,-13.069999999999709,24444.703
21788.96,-13.06000000000131,24590.783
21788.97,-13.049999999999272,24542.082
21788.98,-13.040000000000873,24347.355
21788.99,-13.029999999998836,24298.695
21789.0,-13.020000000000437,24298.695
21789.01,-13.010000000002037,24493.389
21789.02,-13.0,24250.041
21789.03,-12.9900000000016,24444.703
21789.04,-12.979999999999563,24250.041
21789.05,-12.970000000001164,24444.703
21789.06,-12.959999999999127,24347.355
21789.07,-12.950000000000728,24493.389
21789.08,-12.93999999999869,24493.389
21789.09,-12.930000000000291,24396.025
21789.1,-12.920000000001892,24347.355
21789.11,-12.909999999999854,24347.355
21789.12,-12.900000000001455,24444.703
21789.13,-12.889999999999418,24396.025
21789.14,-12.880000000001019,24444.703
21789.15,-12.869999999998981,24444.703
21789.16,-12.860000000000582,24736.938
21789.17,-12.850000000002183,24590.783
21789.18,-12.840000000000146,24688.211
21789.19,-12.830000000001746,24542.082
21789.2,-12.819999999999709,24639.492
21789.21,-12.81000000000131,24639.492
21789.22,-12.799999999999272,24298.695
21789.23,-12.790000000000873,24493.389
21789.24,-12.779999999998836,24444.703
21789.25,-12.770000000000437,24542.082
21789.26,-12.760000000002037,24493.389
21789.27,-12.75,24298.695
21789.28,-12.7400000000016,24444.703
21789.29,-12.729999999999563,24298.695
21789.3,-12.720000000001164,24104.131
21789.31,-12.709999999999127,24590.783
21789.32,-12.700000000000728,24396.025
21789.33,-12.68999999999869,24396.025
21789.34,-12.680000000000291,24250.041
21789.35,-12.670000000001892,24250.041
21789.36,-12.659999999999854,24396.025
21789.37,-12.650000000001455,24104.131
21789.38,-12.639999999999418,24396.025
21789.39,-12.630000000001019,24250.041
21789.4,-12.619999999998981,24250.041
21789.41,-12.610000000000582,24298.695
21789.42,-12.600000000002183,24298.695
21789.43,-12.590000000000146,24444.703
21789.44,-12.580000000001746,24542.082
21789.45,-12.569999999999709,24639.492
21789.46,-12.56000000000131,24444.703
21789.47,-12.549999999999272,24590.783
21789.48,-12.540000000000873,24298.695
21789.49,-12.529999999998836,24542.082
21789.5,-12.520000000000437,24444.703
21789.51,-12.510000000002037,24347.355
21789.52,-12.5,24396.025
21789.53,-12.4900000000016,24347.355
21789.54,-12.479999999999563,24250.041
21789.55,-12.470000000001164,24396.025
21789.56,-12.459999999999127,24542.082
21789.57,-12.450000000000728,24396.025
21789.58,-12.43999999999869,24688.211
21789.59,-12.430000000000291,24542.082
21789.6,-12.420000000001892,24542.082
21789.61,-12.409999999999854,24639.492
21789.62,-12.400000000001455,24736.938
21789.63,-12.389999999999418,24736.938
21789.64,-12.380000000001019,24250.041
21789.65,-12.369999999998981,24444.703
21789.66,-12.360000000000582,24396.025
21789.67,-12.350000000002183,24444.703
21789.68,-12.340000000000146,24688.211
21789.69,-12.330000000001746,24590.783
21789.7,-12.319999999999709,24201.396
21789.71,-12.31000000000131,24250.041
21789.72,-12.299999999999272,24152.76
21789.73,-12.290000000000873,24201.396
21789.74,-12.279999999998836,24396.025
21789.75,-12.270000000000437,24298.695
21789.76,-12.260000000002037,24493.389
21789.77,-12.25,24493.389
21789.78,-12.2400000000016,24152.76
21789.79,-12.229999999999563,24250.041
21789.8,-12.220000000001164,24055.512
21789.81,-12.209999999999127,24250.041
21789.82,-12.200000000000728,24444.703
21789.83,-12.18999999999869,24152.76
21789.84,-12.180000000000291,24152.76
21789.85,-12.170000000001892,24542.082
21789.86,-12.159999999999854,24444.703
21789.87,-12.150000000001455,24493.389
21789.88,-12.139999999999418,24250.041
21789.89,-12.130000000001019,24298.695
21789.9,-12.119999999998981,24347.355
21789.91,-12.110000000000582,24201.396
21789.92,-12.100000000002183,24542.082
21789.93,-12.090000000000146,24347.355
21789.94,-12.080000000001746,24347.355
21789.95,-12.069999999999709,24444.703
21789.96,-12.06000000000131,24590.783
21789.97,-12.049999999999272,24347.355
21789.98,-12.040000000000873,24493.389
21789.99,-12.029999999998836,24347.355
21790.0,-12.020000000000437,24347.355
21790.01,-12.010000000002037,24250.041
21790.02,-12.0,24396.025
21790.03,-11.9900000000016,24396.025
21790.04,-11.979999999999563,24444.703
21790.05,-11.970000000001164,24542.082
21790.06,-11.959999999999127,24493.389
21790.07,-11.950000000000728,24396.025
21790.08,-11.93999999999869,24347.355
21790.09,-11.930000000000291,24298.695
21790.1,-11.920000000001892,24493.389
21790.11,-11.909999999999854,24396.025
21790.12,-11.900000000001455,24298.695
21790.13,-11.889999999999418,24347.355
21790.14,-11.880000000001019,24152.76
21790.15,-11.869999999998981,24055.512
21790.16,-11.860000000000582,24104.131
21790.17,-11.850000000002183,24152.76
21790.18,-11.840000000000146,24250.041
21790.19,-11.830000000001746,24201.396
21790.2,-11.819999999999709,24152.76
21790.21,-11.81000000000131,24298.695
21790.22,-11.799999999999272,24250.041
21790.23,-11.790000000000873,24201.396
21790.24,-11.779999999998836,24298.695
21790.25,-11.770000000000437,24152.76
21790.26,-11.760000000002037,24250.041
21790.27,-11.75,24347.355
21790.28,-11.7400000000016,24396.025
21790.29,-11.729999999999563,24347.355
21790.3,-11.720000000001164,24590.783
21790.31,-11.709999999999127,24396.025
21790.32,-11.700000000000728,24152.76
21790.33,-11.68999999999869,24298.695
21790.34,-11.680000000000291,24396.025
21790.35,-11.670000000001892,24055.512
21790.36,-11.659999999999854,24201.396
21790.37,-11.650000000001455,24298.695
21790.38,-11.639999999999418,24298.695
21790.39,-11.630000000001019,24347.355
21790.4,-11.619999999998981,24347.355
21790.41,-11.610000000000582,24250.041
21790.42,-11.600000000002183,24250.041
21790.43,-11.590000000000146,24493.389
21790.44,-11.580000000001746,24152.76
21790.45,-11.569999999999709,24201.396
21790.46,-11.56000000000131,24396.025
21790.47,-11.549999999999272,24493.389
21790.48,-11.540000000000873,24493.389
21790.49,-11.529999999998836,24298.695
21790.5,-11.520000000000437,24201.396
21790.51,-11.510000000002037,24298.695
21790.52,-11.5,24493.389
21790.53,-11.4900000000016,24542.082
21790.54,-11.479999999999563,24152.76
21790.55,-11.470000000001164,23958.295
21790.56,-11.459999999999127,24298.695
21790.57,-11.450000000000728,24250.041
21790.58,-11.43999999999869,24152.76
21790.59,-11.430000000000291,24201.396
21790.6,-11.420000000001892,24298.695
21790.61,-11.409999999999854,24444.703
21790.62,-11.400000000001455,24396.025
21790.63,-11.389999999999418,24250.041
21790.64,-11.380000000001019,24152.76
21790.65,-11.369999999998981,24201.396
21790.66,-11.360000000000582,24201.396
21790.67,-11.350000000002183,24152.76
21790.68,-11.340000000000146,24347.355
21790.69,-11.330000000001746,24298.695
21790.7,-11.319999999999709,24396.025
21790.71,-11.31000000000131,24347.355
21790.72,-11.299999999999272,24347.355
21790.73,-11.290000000000873,24347.355
21790.74,-11.279999999998836,24250.041
21790.75,-11.270000000000437,24493.389
21790.76,-11.260000000002037,24493.389
21790.77,-11.25,24250.041
21790.78,-11.2400000000016,24104.131
21790.79,-11.229999999999563,24298.695
21790.8,-11.220000000001164,24493.389
21790.81,-11.209999999999127,24055.512
21790.82,-11.200000000000728,24152.76
21790.83,-11.18999999999869,24444.703
21790.84,-11.180000000000291,24347.355
21790.85,-11.170000000001892,24493.389
21790.86,-11.159999999999854,24396.025
21790.87,-11.150000000001455,24444.703
21790.88,-11.139999999999418,24250.041
21790.89,-11.130000000001019,24396.025
21790.9,-11.119999999998981,24347.355
21790.91,-11.110000000000582,24347.355
21790.92,-11.100000000002183,24298.695
21790.93,-11.090000000000146,24396.025
21790.94,-11.080000000001746,24347.355
21790.95,-11.069999999999709,24590.783
21790.96,-11.06000000000131,24444.703
21790.97,-11.049999999999272,24250.041
21790.98,-11.040000000000873,24250.041
21790.99,-11.029999999998836,24298.695
21791.0,-11.020000000000437,24444.703
21791.01,-11.010000000002037,24250.041
21791.02,-11.0,24298.695
21791.03,-10.9900000000016,24298.695
21791.04,-10.979999999999563,24444.703
21791.05,-10.970000000001164,24347.355
21791.06,-10.959999999999127,24104.131
21791.07,-10.950000000000728,24055.512
21791.08,-10.93999999999869,24152.76
21791.09,-10.930000000000291,24152.76
21791.1,-10.920000000001892,24104.131
21791.11,-10.909999999999854,24201.396
21791.12,-10.900000000001455,24396.025
21791.13,-10.889999999999418,24396.025
21791.14,-10.880000000001019,24298.695
21791.15,-10.869999999998981,24298.695
21791.16,-10.860000000000582,24298.695
21791.17,-10.850000000002183,24347.355
21791.18,-10.840000000000146,24444.703
21791.19,-10.830000000001746,24347.355
21791.2,-10.819999999999709,24201.396
21791.21,-10.81000000000131,24396.025
21791.22,-10.799999999999272,24396.025
21791.23,-10.790000000000873,24250.041
21791.24,-10.779999999998836,24347.355
21791.25,-10.770000000000437,24201.396
21791.26,-10.760000000002037,24152.76
21791.27,-10.75,24396.025
21791.28,-10.7400000000016,24542.082
21791.29,-10.729999999999563,24298.695
21791.3,-10.720000000001164,24298.695
21791.31,-10.709999999999127,24444.703
21791.32,-10.700000000000728,24396.025
21791.33,-10.68999999999869,24590.783
21791.34,-10.680000000000291,24250.041
21791.35,-10.670000000001892,24347.355
21791.36,-10.659999999999854,24396.025
21791.37,-10.650000000001455,24493.389
21791.38,-10.639999999999418,24250.041
21791.39,-10.630000000001019,24250.041
21791.4,-10.619999999998981,24298.695
21791.41,-10.610000000000582,24152.76
21791.42,-10.600000000002183,24298.695
21791.43,-10.590000000000146,24201.396
21791.44,-10.580000000001746,24152.76
21791.45,-10.569999999999709,24542.082
21791.46,-10.56000000000131,24347.355
21791.47,-10.549999999999272,24347.355
21791.48,-10.540000000000873,24250.041
21791.49,-10.529999999998836,24347.355
21791.5,-10.520000000000437,24298.695
21791.51,-10.510000000002037,24201.396
21791.52,-10.5,24250.041
21791.53,-10.4900000000016,24493.389
21791.54,-10.479999999999563,24444.703
21791.55,-10.470000000001164,24444.703
21791.56,-10.459999999999127,24493.389
21791.57,-10.450000000000728,24444.703
21791.58,-10.43999999999869,24201.396
21791.59,-10.430000000000291,24250.041
21791.6,-10.420000000001892,24152.76
21791.61,-10.409999999999854,24396.025
21791.62,-10.400000000001455,24298.695
21791.63,-10.389999999999418,24250.041
21791.64,-10.380000000001019,24298.695
21791.65,-10.369999999998981,24347.355
21791.66,-10.360000000000582,24639.492
21791.67,-10.350000000002183,24298.695
21791.68,-10.340000000000146,24444.703
21791.69,-10.330000000001746,24493.389
21791.7,-10.319999999999709,24493.389
21791.71,-10.31000000000131,24444.703
21791.72,-10.299999999999272,24444.703
21791.73,-10.290000000000873,24347.355
21791.74,-10.279999999998836,24444.703
21791.75,-10.270000000000437,24542.082
21791.76,-10.260000000002037,24298.695
21791.77,-10.25,24396.025
21791.78,-10.2400000000016,24347.355
21791.79,-10.229999999999563,24444.703
21791.8,-10.220000000001164,24639.492
21791.81,-10.209999999999127,24396.025
21791.82,-10.200000000000728,24104.131
21791.83,-10.18999999999869,24152.76
21791.84,-10.180000000000291,24250.041
21791.85,-10.170000000001892,24347.355
21791.86,-10.159999999999854,24396.025
21791.87,-10.150000000001455,24201.396
21791.88,-10.139999999999418,24396.025
21791.89,-10.130000000001019,24493.389
21791.9,-10.119999999998981,24201.396
21791.91,-10.110000000000582,24298.695
21791.92,-10.100000000002183,24347.355
21791.93,-10.090000000000146,24152.76
21791.94,-10.080000000001746,24055.512
21791.95,-10.069999999999709,24104.131
21791.96,-10.06000000000131,24347.355
21791.97,-10.049999999999272,24493.389
21791.98,-10.040000000000873,24542.082
21791.99,-10.029999999998836,24347.355
21792.0,-10.020000000000437,24347.355
21792.01,-10.010000000002037,24152.76
21792.02,-10.0,24250.041
21792.03,-9.9900000000016,24298.695
21792.04,-9.979999999999563,24347.355
21792.05,-9.970000000001164,24250.041
21792.06,-9.959999999999127,24250.041
21792.07,-9.950000000000728,24639.492
21792.08,-9.93999999999869,24493.389
21792.09,-9.930000000000291,24250.041
21792.1,-9.920000000001892,24444.703
21792.11,-9.909999999999854,24542.082
21792.12,-9.900000000001455,24396.025
21792.13,-9.889999999999418,24250.041
21792.14,-9.880000000001019,24250.041
21792.15,-9.869999999998981,24590.783
21792.16,-9.860000000000582,24493.389
21792.17,-9.850000000002183,24542.082
21792.18,-9.840000000000146,24639.492
21792.19,-9.830000000001746,24250.041
21792.2,-9.819999999999709,24347.355
21792.21,-9.81000000000131,24201.396
21792.22,-9.799999999999272,24347.355
21792.23,-9.790000000000873,24298.695
21792.24,-9.779999999998836,24298.695
21792.25,-9.770000000000437,24152.76
21792.26,-9.760000000002037,24152.76
21792.27,-9.75,24396.025
21792.28,-9.7400000000016,24298.695
21792.29,-9.729999999999563,24250.041
21792.3,-9.720000000001164,24152.76
21792.31,-9.709999999999127,24444.703
21792.32,-9.700000000000728,24250.041
21792.33,-9.68999999999869,24104.131
21792.34,-9.680000000000291,24152.76
21792.35,-9.670000000001892,24444.703
21792.36,-9.659999999999854,24250.041
21792.37,-9.650000000001455,24201.396
21792.38,-9.639999999999418,24298.695
21792.39,-9.630000000001019,24298.695
21792.4,-9.619999999998981,24347.355
21792.41,-9.610000000000582,24347.355
21792.42,-9.600000000002183,24250.041
21792.43,-9.590000000000146,24396.025
21792.44,-9.580000000001746,24444.703
21792.45,-9.569999999999709,24347.355
21792.46,-9.56000000000131,24298.695
21792.47,-9.549999999999272,24444.703
21792.48,-9.540000000000873,24250.041
21792.49,-9.529999999998836,24396.025
21792.5,-9.520000000000437,24444.703
21792.51,-9.510000000002037,24298.695
21792.52,-9.5,24298.695
21792.53,-9.4900000000016,24444.703
21792.54,-9.479999999999563,24444.703
21792.55,-9.470000000001164,24444.703
21792.56,-9.459999999999127,24347.355
21792.57,-9.450000000000728,24347.355
21792.58,-9.43999999999869,24201.396
21792.59,-9.430000000000291,24785.672
21792.6,-9.420000000001892,24493.389
21792.61,-9.409999999999854,24396.025
21792.62,-9.400000000001455,24347.355
21792.63,-9.389999999999418,24396.025
21792.64,-9.380000000001019,24493.389
21792.65,-9.369999999998981,24639.492
21792.66,-9.360000000000582,24152.76
21792.67,-9.350000000002183,24250.041
21792.68,-9.340000000000146,24298.695
21792.69,-9.330000000001746,24298.695
21792.7,-9.319999999999709,24396.025
21792.71,-9.31000000000131,24201.396
21792.72,-9.299999999999272,24250.041
21792.73,-9.290000000000873,24396.025
21792.74,-9.279999999998836,24396.025
21792.75,-9.270000000000437,24055.512
21792.76,-9.260000000002037,24250.041
21792.77,-9.25,24201.396
21792.78,-9.2400000000016,24347.355
21792.79,-9.229999999999563,24347.355
21792.8,-9.220000000001164,24250.041
21792.81,-9.209999999999127,24298.695
21792.82,-9.200000000000728,24444.703
21792.83,-9.18999999999869,24347.355
21792.84,-9.180000000000291,24298.695
21792.85,-9.170000000001892,24152.76
21792.86,-9.159999999999854,24152.76
21792.87,-9.150000000001455,24298.695
21792.88,-9.139999999999418,24396.025
21792.89,-9.130000000001019,24396.025
21792.9,-9.119999999998981,24152.76
21792.91,-9.110000000000582,24298.695
21792.92,-9.100000000002183,24250.041
21792.93,-9.090000000000146,24493.389
21792.94,-9.080000000001746,24250.041
21792.95,-9.069999999999709,24396.025
21792.96,-9.06000000000131,24493.389
21792.97,-9.049999999999272,24347.355
21792.98,-9.040000000000873,24396.025
21792.99,-9.029999999998836,24396.025
21793.0,-9.020000000000437,24542.082
21793.01,-9.010000000002037,24396.025
21793.02,-9.0,24493.389
21793.03,-8.9900000000016,24298.695
21793.04,-8.979999999999563,24298.695
21793.05,-8.970000000001164,24493.389
21793.06,-8.959999999999127,24298.695
21793.07,-8.950000000000728,24396.025
21793.08,-8.93999999999869,24298.695
21793.09,-8.930000000000291,24298.695
21793.1,-8.920000000001892,24201.396
21793.11,-8.909999999999854,24347.355
21793.12,-8.900000000001455,24250.041
21793.13,-8.889999999999418,24250.041
21793.14,-8.880000000001019,24250.041
21793.15,-8.869999999998981,24201.396
21793.16,-8.860000000000582,24298.695
21793.17,-8.850000000002183,24298.695
21793.18,-8.840000000000146,24250.041
21793.19,-8.830000000001746,24250.041
21793.2,-8.819999999999709,24201.396
21793.21,-8.81000000000131,24201.396
21793.22,-8.799999999999272,24298.695
21793.23,-8.790000000000873,24201.396
21793.24,-8.779999999998836,24250.041
21793.25,-8.770000000000437,24298.695
21793.26,-8.760000000002037,24250.041
21793.27,-8.75,24055.512
21793.28,-8.7400000000016,24201.396
21793.29,-8.729999999999563,24201.396
21793.3,-8.720000000001164,24250.041
21793.31,-8.709999999999127,24298.695
21793.32,-8.700000000000728,24347.355
21793.33,-8.68999999999869,24201.396
21793.34,-8.680000000000291,24298.695
21793.35,-8.670000000001892,24444.703
21793.36,-8.659999999999854,24104.131
21793.37,-8.650000000001455,24201.396
21793.38,-8.639999999999418,24298.695
21793.39,-8.630000000001019,24347.355
21793.4,-8.619999999998981,24444.703
21793.41,-8.610000000000582,24298.695
21793.42,-8.600000000002183,24396.025
21793.43,-8.590000000000146,24493.389
21793.44,-8.580000000001746,24201.396
21793.45,-8.569999999999709,24347.355
21793.46,-8.56000000000131,24250.041
21793.47,-8.549999999999272,24639.492
21793.48,-8.540000000000873,24396.025
21793.49,-8.529999999998836,24396.025
21793.5,-8.520000000000437,24298.695
21793.51,-8.510000000002037,24201.396
21793.52,-8.5,24055.512
21793.53,-8.4900000000016,24298.695
21793.54,-8.479999999999563,24152.76
21793.55,-8.470000000001164,24250.041
21793.56,-8.459999999999127,24298.695
21793.57,-8.450000000000728,24396.025
21793.58,-8.43999999999869,24590.783
21793.59,-8.430000000000291,24347.355
21793.6,-8.420000000001892,24396.025
21793.61,-8.409999999999854,24250.041
21793.62,-8.400000000001455,24152.76
21793.63,-8.389999999999418,24347.355
21793.64,-8.380000000001019,24104.131
21793.65,-8.369999999998981,24347.355
21793.66,-8.360000000000582,24298.695
21793.67,-8.350000000002183,24493.389
21793.68,-8.340000000000146,24396.025
21793.69,-8.330000000001746,24396.025
21793.7,-8.319999999999709,24055.512
21793.71,-8.31000000000131,24298.695
21793.72,-8.299999999999272,24201.396
21793.73,-8.290000000000873,24152.76
21793.74,-8.279999999998836,24347.355
21793.75,-8.270000000000437,24250.041
21793.76,-8.260000000002037,24152.76
21793.77,-8.25,24347.355
21793.78,-8.2400000000016,24250.041
21793.79,-8.229999999999563,24298.695
21793.8,-8.220000000001164,24298.695
21793.81,-8.209999999999127,24444.703
21793.82,-8.200000000000728,24298.695
21793.83,-8.18999999999869,24493.389
21793.84,-8.180000000000291,24347.355
21793.85,-8.170000000001892,24347.355
21793.86,-8.159999999999854,24298.695
21793.87,-8.150000000001455,24444.703
21793.88,-8.139999999999418,24298.695
21793.89,-8.130000000001019,24298.695
21793.9,-8.119999999998981,24347.355
21793.91,-8.110000000000582,24250.041
21793.92,-8.100000000002183,24250.041
21793.93,-8.090000000000146,24055.512
21793.94,-8.080000000001746,24298.695
21793.95,-8.069999999999709,24201.396
21793.96,-8.06000000000131,24152.76
21793.97,-8.049999999999272,24396.025
21793.98,-8.040000000000873,24250.041
21793.99,-8.029999999998836,24298.695
21794.0,-8.020000000000437,24250.041
21794.01,-8.010000000002037,24250.041
21794.02,-8.0,24152.76
21794.03,-7.990000000001601,24201.396
21794.04,-7.979999999999563,24298.695
21794.05,-7.970000000001164,24298.695
21794.06,-7.959999999999127,24347.355
21794.07,-7.950000000000728,24298.695
21794.08,-7.93999999999869,24298.695
21794.09,-7.930000000000291,24396.025
21794.1,-7.920000000001892,24444.703
21794.11,-7.9099999999998545,24250.041
21794.12,-7.900000000001455,24201.396
21794.13,-7.889999999999418,24201.396
21794.14,-7.880000000001019,24347.355
21794.15,-7.869999999998981,24201.396
21794.16,-7.860000000000582,24152.76
21794.17,-7.850000000002183,24250.041
21794.18,-7.8400000000001455,24493.389
21794.19,-7.830000000001746,24347.355
21794.2,-7.819999999999709,24250.041
21794.21,-7.81000000000131,24347.355
21794.22,-7.799999999999272,24298.695
21794.23,-7.790000000000873,24444.703
21794.24,-7.779999999998836,24298.695
21794.25,-7.770000000000437,24347.355
21794.26,-7.760000000002037,24444.703
21794.27,-7.75,24347.355
21794.28,-7.740000000001601,24590.783
21794.29,-7.729999999999563,24347.355
21794.3,-7.720000000001164,24347.355
21794.31,-7.709999999999127,24493.389
21794.32,-7.700000000000728,24250.041
21794.33,-7.68999999999869,24250.041
21794.34,-7.680000000000291,24444.703
21794.35,-7.670000000001892,24201.396
21794.36,-7.6599999999998545,24201.396
21794.37,-7.650000000001455,24250.041
21794.38,-7.639999999999418,24055.512
21794.39,-7.630000000001019,24250.041
21794.4,-7.619999999998981,24201.396
21794.41,-7.610000000000582,24250.041
21794.42,-7.600000000002183,24104.131
21794.43,-7.5900000000001455,24347.355
21794.44,-7.580000000001746,23958.295
21794.45,-7.569999999999709,24250.041
21794.46,-7.56000000000131,24201.396
21794.47,-7.549999999999272,24201.396
21794.48,-7.540000000000873,24006.898
21794.49,-7.529999999998836,24298.695
21794.5,-7.520000000000437,24250.041
21794.51,-7.510000000002037,24347.355
21794.52,-7.5,24396.025
21794.53,-7.490000000001601,24396.025
21794.54,-7.479999999999563,24152.76
21794.55,-7.470000000001164,24152.76
21794.56,-7.459999999999127,24396.025
21794.57,-7.450000000000728,24347.355
21794.58,-7.43999999999869,24396.025
21794.59,-7.430000000000291,24104.131
21794.6,-7.420000000001892,24396.025
21794.61,-7.4099999999998545,24250.041
21794.62,-7.400000000001455,24298.695
21794.63,-7.389999999999418,24055.512
21794.64,-7.380000000001019,24298.695
21794.65,-7.369999999998981,24152.76
21794.66,-7.360000000000582,24347.355
21794.67,-7.350000000002183,24347.355
21794.68,-7.3400000000001455,24250.041
21794.69,-7.330000000001746,24347.355
21794.7,-7.319999999999709,24396.025
21794.71,-7.31000000000131,24590.783
21794.72,-7.299999999999272,24298.695
21794.73,-7.290000000000873,24396.025
21794.74,-7.279999999998836,24347.355
21794.75,-7.270000000000437,24396.025
21794.76,-7.260000000002037,24493.389
21794.77,-7.25,24298.695
21794.78,-7.240000000001601,24055.512
21794.79,-7.229999999999563,24201.396
21794.8,-7.220000000001164,24201.396
21794.81,-7.209999999999127,24396.025
21794.82,-7.200000000000728,24006.898
21794.83,-7.18999999999869,24250.041
21794.84,-7.180000000000291,24298.695
21794.85,-7.170000000001892,24250.041
21794.86,-7.1599999999998545,24396.025
21794.87,-7.150000000001455,24250.041
21794.88,-7.139999999999418,24055.512
21794.89,-7.130000000001019,24055.512
21794.9,-7.119999999998981,24298.695
21794.91,-7.110000000000582,24104.131
21794.92,-7.100000000002183,24298.695
21794.93,-7.0900000000001455,24347.355
21794.94,-7.080000000001746,24493.389
21794.95,-7.069999999999709,24250.041
21794.96,-7.06000000000131,24298.695
21794.97,-7.049999999999272,24201.396
21794.98,-7.040000000000873,24250.041
21794.99,-7.029999999998836,24201.396
21795.0,-7.020000000000437,24298.695
21795.01,-7.010000000002037,24201.396
21795.02,-7.0,24298.695
21795.03,-6.990000000001601,24298.695
21795.04,-6.979999999999563,24250.041
21795.05,-6.970000000001164,24104.131
21795.06,-6.959999999999127,24201.396
21795.07,-6.950000000000728,24201.396
21795.08,-6.93999999999869,24347.355
21795.09,-6.930000000000291,24444.703
21795.1,-6.920000000001892,24493.389
21795.11,-6.9099999999998545,24444.703
21795.12,-6.900000000001455,24590.783
21795.13,-6.889999999999418,24542.082
21795.14,-6.880000000001019,24298.695
21795.15,-6.869999999998981,24298.695
21795.16,-6.860000000000582,24201.396
21795.17,-6.850000000002183,24298.695
21795.18,-6.8400000000001455,24347.355
21795.19,-6.830000000001746,24250.041
21795.2,-6.819999999999709,24152.76
21795.21,-6.81000000000131,24104.131
21795.22,-6.799999999999272,24152.76
21795.23,-6.790000000000873,23958.295
21795.24,-6.779999999998836,24201.396
21795.25,-6.770000000000437,24250.041
21795.26,-6.760000000002037,24250.041
21795.27,-6.75,24396.025
21795.28,-6.740000000001601,24444.703
21795.29,-6.729999999999563,24201.396
21795.3,-6.720000000001164,24347.355
21795.31,-6.709999999999127,24055.512
21795.32,-6.700000000000728,24006.898
21795.33,-6.68999999999869,24396.025
21795.34,-6.680000000000291,24250.041
21795.35,-6.670000000001892,24298.695
21795.36,-6.6599999999998545,24347.355
21795.37,-6.650000000001455,23958.295
21795.38,-6.639999999999418,24298.695
21795.39,-6.630000000001019,24347.355
21795.4,-6.619999999998981,24298.695
21795.41,-6.610000000000582,24298.695
21795.42,-6.600000000002183,24152.76
21795.43,-6.5900000000001455,24250.041
21795.44,-6.580000000001746,23861.109
21795.45,-6.569999999999709,24250.041
21795.46,-6.56000000000131,24298.695
21795.47,-6.549999999999272,24250.041
21795.48,-6.540000000000873,24298.695
21795.49,-6.529999999998836,24396.025
21795.5,-6.520000000000437,24396.025
21795.51,-6.510000000002037,24347.355
21795.52,-6.5,24347.355
21795.53,-6.490000000001601,24298.695
21795.54,-6.479999999999563,24250.041
21795.55,-6.470000000001164,24250.041
21795.56,-6.459999999999127,24298.695
21795.57,-6.450000000000728,24298.695
21795.58,-6.43999999999869,24298.695
21795.59,-6.430000000000291,24250.041
21795.6,-6.420000000001892,24493.389
21795.61,-6.4099999999998545,24396.025
21795.62,-6.400000000001455,24055.512
21795.63,-6.389999999999418,24055.512
21795.64,-6.380000000001019,24152.76
21795.65,-6.369999999998981,24152.76
21795.66,-6.360000000000582,24444.703
21795.67,-6.350000000002183,24152.76
21795.68,-6.3400000000001455,24347.355
21795.69,-6.330000000001746,24104.131
21795.7,-6.319999999999709,24250.041
21795.71,-6.31000000000131,24152.76
21795.72,-6.299999999999272,24201.396
21795.73,-6.290000000000873,24055.512
21795.74,-6.279999999998836,24298.695
21795.75,-6.270000000000437,24104.131
21795.76,-6.260000000002037,24055.512
21795.77,-6.25,24250.041
21795.78,-6.240000000001601,24152.76
21795.79,-6.229999999999563,24298.695
21795.8,-6.220000000001164,24152.76
21795.81,-6.209999999999127,24055.512
21795.82,-6.200000000000728,24055.512
21795.83,-6.18999999999869,24152.76
21795.84,-6.180000000000291,24201.396
21795.85,-6.170000000001892,24201.396
21795.86,-6.1599999999998545,24298.695
21795.87,-6.150000000001455,24055.512
21795.88,-6.139999999999418,24250.041
21795.89,-6.130000000001019,24250.041
21795.9,-6.119999999998981,24055.512
21795.91,-6.110000000000582,24250.041
21795.92,-6.100000000002183,24250.041
21795.93,-6.0900000000001455,24396.025
21795.94,-6.080000000001746,24298.695
21795.95,-6.069999999999709,24396.025
21795.96,-6.06000000000131,24444.703
21795.97,-6.049999999999272,24250.041
21795.98,-6.040000000000873,24250.041
21795.99,-6.029999999998836,24201.396
21796.0,-6.020000000000437,24104.131
21796.01,-6.010000000002037,24298.695
21796.02,-6.0,24201.396
21796.03,-5.990000000001601,24298.695
21796.04,-5.979999999999563,24396.025
21796.05,-5.970000000001164,24201.396
21796.06,-5.959999999999127,24250.041
21796.07,-5.950000000000728,24347.355
21796.08,-5.93999999999869,24396.025
21796.09,-5.930000000000291,24152.76
21796.1,-5.920000000001892,24298.695
21796.11,-5.9099999999998545,24201.396
21796.12,-5.900000000001455,24201.396
21796.13,-5.889999999999418,24250.041
21796.14,-5.880000000001019,24055.512
21796.15,-5.869999999998981,24201.396
21796.16,-5.860000000000582,24006.898
21796.17,-5.850000000002183,24006.898
21796.18,-5.8400000000001455,24298.695
21796.19,-5.830000000001746,24152.76
21796.2,-5.819999999999709,24250.041
21796.21,-5.81000000000131,24298.695
21796.22,-5.799999999999272,24444.703
21796.23,-5.790000000000873,24250.041
21796.24,-5.779999999998836,24055.512
21796.25,-5.770000000000437,24152.76
21796.26,-5.760000000002037,24298.695
21796.27,-5.75,24493.389
21796.28,-5.740000000001601,24055.512
21796.29,-5.729999999999563,24298.695
21796.3,-5.720000000001164,24298.695
21796.31,-5.709999999999127,24250.041
21796.32,-5.700000000000728,24347.355
21796.33,-5.68999999999869,24298.695
21796.34,-5.680000000000291,24298.695
21796.35,-5.670000000001892,24201.396
21796.36,-5.6599999999998545,24298.695
21796.37,-5.650000000001455,24250.041
21796.38,-5.639999999999418,24298.695
21796.39,-5.630000000001019,24493.389
21796.4,-5.619999999998981,24493.389
21796.41,-5.610000000000582,24347.355
21796.42,-5.600000000002183,24396.025
21796.43,-5.5900000000001455,24347.355
21796.44,-5.580000000001746,24298.695
21796.45,-5.569999999999709,24201.396
21796.46,-5.56000000000131,24347.355
21796.47,-5.549999999999272,24250.041
21796.48,-5.540000000000873,23958.295
21796.49,-5.529999999998836,24104.131
21796.5,-5.520000000000437,24250.041
21796.51,-5.510000000002037,24152.76
21796.52,-5.5,24104.131
21796.53,-5.490000000001601,24396.025
21796.54,-5.479999999999563,24347.355
21796.55,-5.470000000001164,24396.025
21796.56,-5.459999999999127,24298.695
21796.57,-5.450000000000728,24104.131
21796.58,-5.43999999999869,24250.041
21796.59,-5.430000000000291,24152.76
21796.6,-5.420000000001892,24298.695
21796.61,-5.4099999999998545,24055.512
21796.62,-5.400000000001455,24250.041
21796.63,-5.389999999999418,24298.695
21796.64,-5.380000000001019,24298.695
21796.65,-5.369999999998981,24250.041
21796.66,-5.360000000000582,24250.041
21796.67,-5.350000000002183,24201.396
21796.68,-5.3400000000001455,24250.041
21796.69,-5.330000000001746,24055.512
21796.7,-5.319999999999709,24152.76
21796.71,-5.31000000000131,24298.695
21796.72,-5.299999999999272,24298.695
21796.73,-5.290000000000873,24347.355
21796.74,-5.279999999998836,24347.355
21796.75,-5.270000000000437,24104.131
21796.76,-5.260000000002037,24152.76
21796.77,-5.25,24347.355
21796.78,-5.240000000001601,24493.389
21796.79,-5.229999999999563,24396.025
21796.8,-5.220000000001164,24396.025
21796.81,-5.209999999999127,24396.025
21796.82,-5.200000000000728,24493.389
21796.83,-5.18999999999869,24396.025
21796.84,-5.180000000000291,24347.355
21796.85,-5.170000000001892,24298.695
21796.86,-5.1599999999998545,24298.695
21796.87,-5.150000000001455,24298.695
21796.88,-5.139999999999418,24444.703
21796.89,-5.130000000001019,24347.355
21796.9,-5.119999999998981,24250.041
21796.91,-5.110000000000582,23861.109
21796.92,-5.100000000002183,24104.131
21796.93,-5.0900000000001455,24590.783
21796.94,-5.080000000001746,24250.041
21796.95,-5.069999999999709,24396.025
21796.96,-5.06000000000131,24639.492
21796.97,-5.049999999999272,24396.025
21796.98,-5.040000000000873,24201.396
21796.99,-5.029999999998836,24104.131
21797.0,-5.020000000000437,24201.396
21797.01,-5.010000000002037,24347.355
21797.02,-5.0,23958.295
21797.03,-4.990000000001601,24055.512
21797.04,-4.979999999999563,24152.76
21797.05,-4.970000000001164,24493.389
21797.06,-4.959999999999127,24347.355
21797.07,-4.950000000000728,24347.355
21797.08,-4.93999999999869,24250.041
21797.09,-4.930000000000291,24201.396
21797.1,-4.920000000001892,24250.041
21797.11,-4.9099999999998545,24396.025
21797.12,-4.900000000001455,24298.695
21797.13,-4.889999999999418,24201.396
21797.14,-4.880000000001019,24201.396
21797.15,-4.869999999998981,24396.025
21797.16,-4.860000000000582,24250.041
21797.17,-4.850000000002183,24006.898
21797.18,-4.8400000000001455,24396.025
21797.19,-4.830000000001746,24396.025
21797.2,-4.819999999999709,24493.389
21797.21,-4.81000000000131,24347.355
21797.22,-4.799999999999272,24493.389
21797.23,-4.790000000000873,24298.695
21797.24,-4.779999999998836,24347.355
21797.25,-4.770000000000437,24444.703
21797.26,-4.760000000002037,24396.025
21797.27,-4.75,24347.355
21797.28,-4.740000000001601,24396.025
21797.29,-4.729999999999563,24396.025
21797.3,-4.720000000001164,24493.389
21797.31,-4.709999999999127,24298.695
21797.32,-4.700000000000728,24201.396
21797.33,-4.68999999999869,24298.695
21797.34,-4.680000000000291,24250.041
21797.35,-4.670000000001892,24152.76
21797.36,-4.6599999999998545,24201.396
21797.37,-4.650000000001455,24298.695
21797.38,-4.639999999999418,24298.695
21797.39,-4.630000000001019,24396.025
21797.4,-4.619999999998981,24444.703
21797.41,-4.610000000000582,24104.131
21797.42,-4.600000000002183,24055.512
21797.43,-4.5900000000001455,24250.041
21797.44,-4.580000000001746,24298.695
21797.45,-4.569999999999709,24104.131
21797.46,-4.56000000000131,24201.396
21797.47,-4.549999999999272,24347.355
21797.48,-4.540000000000873,24347.355
21797.49,-4.529999999998836,24396.025
21797.5,-4.520000000000437,24250.041
21797.51,-4.510000000002037,24055.512
21797.52,-4.5,24396.025
21797.53,-4.490000000001601,24347.355
21797.54,-4.479999999999563,24298.695
21797.55,-4.470000000001164,24201.396
21797.56,-4.459999999999127,24250.041
21797.57,-4.450000000000728,24250.041
21797.58,-4.43999999999869,24542.082
21797.59,-4.430000000000291,24055.512
21797.6,-4.420000000001892,24396.025
21797.61,-4.4099999999998545,24396.025
21797.62,-4.400000000001455,24152.76
21797.63,-4.389999999999418,24493.389
21797.64,-4.380000000001019,24396.025
21797.65,-4.369999999998981,24396.025
21797.66,-4.360000000000582,24444.703
21797.67,-4.350000000002183,24590.783
21797.68,-4.3400000000001455,24542.082
21797.69,-4.330000000001746,24250.041
21797.7,-4.319999999999709,24152.76
21797.71,-4.31000000000131,24250.041
21797.72,-4.299999999999272,24298.695
21797.73,-4.290000000000873,24347.355
21797.74,-4.279999999998836,24104.131
21797.75,-4.270000000000437,24201.396
21797.76,-4.260000000002037,24152.76
21797.77,-4.25,24055.512
21797.78,-4.240000000001601,24104.131
21797.79,-4.229999999999563,24104.131
21797.8,-4.220000000001164,24152.76
21797.81,-4.209999999999127,24250.041
21797.82,-4.200000000000728,24152.76
21797.83,-4.18999999999869,24250.041
21797.84,-4.180000000000291,24298.695
21797.85,-4.170000000001892,24250.041
21797.86,-4.1599999999998545,24201.396
21797.87,-4.150000000001455,24104.131
21797.88,-4.139999999999418,24006.898
21797.89,-4.130000000001019,24055.512
21797.9,-4.119999999998981,24396.025
21797.91,-4.110000000000582,24152.76
21797.92,-4.100000000002183,24298.695
21797.93,-4.0900000000001455,24396.025
21797.94,-4.080000000001746,24250.041
21797.95,-4.069999999999709,24298.695
21797.96,-4.06000000000131,24201.396
21797.97,-4.049999999999272,24152.76
21797.98,-4.040000000000873,24055.512
21797.99,-4.029999999998836,24250.041
21798.0,-4.020000000000437,24444.703
21798.01,-4.010000000002037,24493.389
21798.02,-4.0,24201.396
21798.03,-3.9900000000016007,24201.396
21798.04,-3.9799999999995634,24396.025
21798.05,-3.970000000001164,24250.041
21798.06,-3.959999999999127,24444.703
21798.07,-3.9500000000007276,24347.355
21798.08,-3.9399999999986903,24396.025
21798.09,-3.930000000000291,24347.355
21798.1,-3.9200000000018917,24201.396
21798.11,-3.9099999999998545,24298.695
21798.12,-3.900000000001455,24201.396
21798.13,-3.889999999999418,24201.396
21798.14,-3.8800000000010186,24493.389
21798.15,-3.8699999999989814,24298.695
21798.16,-3.860000000000582,24104.131
21798.17,-3.850000000002183,24152.76
21798.18,-3.8400000000001455,24201.396
21798.19,-3.8300000000017462,24104.131
21798.2,-3.819999999999709,23861.109
21798.21,-3.8100000000013097,24104.131
21798.22,-3.7999999999992724,24104.131
21798.23,-3.790000000000873,24298.695
21798.24,-3.779999999998836,24250.041
21798.25,-3.7700000000004366,23958.295
21798.26,-3.7600000000020373,23958.295
21798.27,-3.75,23812.531
21798.28,-3.7400000000016007,24006.898
21798.29,-3.7299999999995634,24006.898
21798.3,-3.720000000001164,24055.512
21798.31,-3.709999999999127,24104.131
21798.32,-3.7000000000007276,24152.76
21798.33,-3.6899999999986903,24298.695
21798.34,-3.680000000000291,24152.76
21798.35,-3.6700000000018917,24152.76
21798.36,-3.6599999999998545,24152.76
21798.37,-3.650000000001455,24298.695
21798.38,-3.639999999999418,24104.131
21798.39,-3.6300000000010186,24104.131
21798.4,-3.6199999999989814,24347.355
21798.41,-3.610000000000582,24104.131
21798.42,-3.600000000002183,23958.295
21798.43,-3.5900000000001455,24396.025
21798.44,-3.5800000000017462,23909.699
21798.45,-3.569999999999709,23861.109
21798.46,-3.5600000000013097,24298.695
21798.47,-3.5499999999992724,24055.512
21798.48,-3.540000000000873,24250.041
21798.49,-3.529999999998836,24250.041
21798.5,-3.5200000000004366,24104.131
21798.51,-3.5100000000020373,24298.695
21798.52,-3.5,24347.355
21798.53,-3.4900000000016007,24250.041
21798.54,-3.4799999999995634,24055.512
21798.55,-3.470000000001164,24055.512
21798.56,-3.459999999999127,24104.131
21798.57,-3.4500000000007276,24055.512
21798.58,-3.4399999999986903,23958.295
21798.59,-3.430000000000291,24006.898
21798.6,-3.4200000000018917,23909.699
21798.61,-3.4099999999998545,24055.512
21798.62,-3.400000000001455,24055.512
21798.63,-3.389999999999418,24201.396
21798.64,-3.3800000000010186,24006.898
21798.65,-3.3699999999989814,24250.041
21798.66,-3.360000000000582,24201.396
21798.67,-3.350000000002183,24055.512
21798.68,-3.3400000000001455,24006.898
21798.69,-3.3300000000017462,23958.295
21798.7,-3.319999999999709,24006.898
21798.71,-3.3100000000013097,24104.131
21798.72,-3.2999999999992724,23861.109
21798.73,-3.290000000000873,24104.131
21798.74,-3.279999999998836,24347.355
21798.75,-3.2700000000004366,24201.396
21798.76,-3.2600000000020373,23909.699
21798.77,-3.25,23909.699
21798.78,-3.2400000000016007,24006.898
21798.79,-3.2299999999995634,24152.76
21798.8,-3.220000000001164,24250.041
21798.81,-3.209999999999127,24055.512
21798.82,-3.2000000000007276,24055.512
21798.83,-3.1899999999986903,23861.109
21798.84,-3.180000000000291,24250.041
21798.85,-3.1700000000018917,24201.396
21798.86,-3.1599999999998545,24104.131
21798.87,-3.150000000001455,23909.699
21798.88,-3.139999999999418,24055.512
21798.89,-3.1300000000010186,24152.76
21798.9,-3.1199999999989814,24104.131
21798.91,-3.110000000000582,24055.512
21798.92,-3.100000000002183,24201.396
21798.93,-3.0900000000001455,24347.355
21798.94,-3.0800000000017462,24201.396
21798.95,-3.069999999999709,24104.131
21798.96,-3.0600000000013097,24152.76
21798.97,-3.0499999999992724,24152.76
21798.98,-3.040000000000873,23909.699
21798.99,-3.029999999998836,24104.131
21799.0,-3.0200000000004366,23958.295
21799.01,-3.0100000000020373,24055.512
21799.02,-3.0,23715.395
21799.03,-2.9900000000016007,23958.295
21799.04,-2.9799999999995634,23909.699
21799.05,-2.970000000001164,23958.295
21799.06,-2.959999999999127,24055.512
21799.07,-2.9500000000007276,24006.898
21799.08,-2.9399999999986903,24006.898
21799.09,-2.930000000000291,24104.131
21799.1,-2.9200000000018917,24006.898
21799.11,-2.9099999999998545,23909.699
21799.12,-2.900000000001455,24104.131
21799.13,-2.889999999999418,24104.131
21799.14,-2.8800000000010186,23861.109
21799.15,-2.8699999999989814,24104.131
21799.16,-2.860000000000582,24006.898
21799.17,-2.850000000002183,24104.131
21799.18,-2.8400000000001455,24201.396
21799.19,-2.8300000000017462,24006.898
21799.2,-2.819999999999709,23812.531
21799.21,-2.8100000000013097,24006.898
21799.22,-2.7999999999992724,24104.131
21799.23,-2.790000000000873,23909.699
21799.24,-2.779999999998836,24055.512
21799.25,-2.7700000000004366,24055.512
21799.26,-2.7600000000020373,24201.396
21799.27,-2.75,24055.512
21799.28,-2.7400000000016007,24152.76
21799.29,-2.7299999999995634,24006.898
21799.3,-2.720000000001164,24104.131
21799.31,-2.709999999999127,24201.396
21799.32,-2.7000000000007276,24201.396
21799.33,-2.6899999999986903,24055.512
21799.34,-2.680000000000291,23958.295
21799.35,-2.6700000000018917,24104.131
21799.36,-2.6599999999998545,24055.512
21799.37,-2.650000000001455,24055.512
21799.38,-2.639999999999418,24104.131
21799.39,-2.6300000000010186,23861.109
21799.4,-2.6199999999989814,24006.898
21799.41,-2.610000000000582,24104.131
21799.42,-2.600000000002183,24104.131
21799.43,-2.5900000000001455,23909.699
21799.44,-2.5800000000017462,23763.959
21799.45,-2.569999999999709,24055.512
21799.46,-2.5600000000013097,24250.041
21799.47,-2.5499999999992724,24055.512
21799.48,-2.540000000000873,23763.959
21799.49,-2.529999999998836,23861.109
21799.5,-2.5200000000004366,24006.898
21799.51,-2.5100000000020373,24055.512
21799.52,-2.5,23909.699
21799.53,-2.4900000000016007,23861.109
21799.54,-2.4799999999995634,23958.295
21799.55,-2.470000000001164,23909.699
21799.56,-2.459999999999127,23958.295
21799.57,-2.4500000000007276,23861.109
21799.58,-2.4399999999986903,24055.512
21799.59,-2.430000000000291,23958.295
21799.6,-2.4200000000018917,24250.041
21799.61,-2.4099999999998545,23958.295
21799.62,-2.400000000001455,23958.295
21799.63,-2.389999999999418,24104.131
21799.64,-2.3800000000010186,23958.295
21799.65,-2.3699999999989814,24152.76
21799.66,-2.360000000000582,24006.898
21799.67,-2.350000000002183,24006.898
21799.68,-2.3400000000001455,24104.131
21799.69,-2.3300000000017462,24055.512
21799.7,-2.319999999999709,24104.131
21799.71,-2.3100000000013097,24104.131
21799.72,-2.2999999999992724,24055.512
21799.73,-2.290000000000873,24201.396
21799.74,-2.279999999998836,24055.512
21799.75,-2.2700000000004366,23958.295
21799.76,-2.2600000000020373,24298.695
21799.77,-2.25,24201.396
21799.78,-2.2400000000016007,24347.355
21799.79,-2.2299999999995634,24104.131
21799.8,-2.220000000001164,24104.131
21799.81,-2.209999999999127,24055.512
21799.82,-2.2000000000007276,24104.131
21799.83,-2.1899999999986903,24201.396
21799.84,-2.180000000000291,24347.355
21799.85,-2.1700000000018917,23958.295
21799.86,-2.1599999999998545,23666.84
21799.87,-2.150000000001455,23812.531
21799.88,-2.139999999999418,23909.699
21799.89,-2.1300000000010186,23958.295
21799.9,-2.1199999999989814,24055.512
21799.91,-2.110000000000582,24201.396
21799.92,-2.100000000002183,24152.76
21799.93,-2.0900000000001455,24201.396
21799.94,-2.0800000000017462,24006.898
21799.95,-2.069999999999709,23861.109
21799.96,-2.0600000000013097,23763.959
21799.97,-2.0499999999992724,24006.898
21799.98,-2.040000000000873,24201.396
21799.99,-2.029999999998836,24152.76
21800.0,-2.0200000000004366,23958.295
21800.01,-2.0100000000020373,23958.295
21800.02,-2.0,23958.295
21800.03,-1.9900000000016007,24104.131
21800.04,-1.9799999999995634,23909.699
21800.05,-1.9700000000011642,23861.109
21800.06,-1.9599999999991269,24104.131
21800.07,-1.9500000000007276,24006.898
21800.08,-1.9399999999986903,24104.131
21800.09,-1.930000000000291,24104.131
21800.1,-1.9200000000018917,23909.699
21800.11,-1.9099999999998545,24006.898
21800.12,-1.9000000000014552,24104.131
21800.13,-1.889999999999418,24006.898
21800.14,-1.8800000000010186,24298.695
21800.15,-1.8699999999989814,24055.512
21800.16,-1.860000000000582,24201.396
21800.17,-1.8500000000021828,24104.131
21800.18,-1.8400000000001455,24055.512
21800.19,-1.8300000000017462,24055.512
21800.2,-1.819999999999709,24298.695
21800.21,-1.8100000000013097,24347.355
21800.22,-1.7999999999992724,24152.76
21800.23,-1.7900000000008731,24104.131
21800.24,-1.7799999999988358,24152.76
21800.25,-1.7700000000004366,24250.041
21800.26,-1.7600000000020373,24104.131
21800.27,-1.75,24055.512
21800.28,-1.7400000000016007,23861.109
21800.29,-1.7299999999995634,24006.898
21800.3,-1.7200000000011642,23958.295
21800.31,-1.7099999999991269,24104.131
21800.32,-1.7000000000007276,24006.898
21800.33,-1.6899999999986903,23861.109
21800.34,-1.680000000000291,24055.512
21800.35,-1.6700000000018917,24055.512
21800.36,-1.6599999999998545,24201.396
21800.37,-1.6500000000014552,23861.109
21800.38,-1.639999999999418,23861.109
21800.39,-1.6300000000010186,23958.295
21800.4,-1.6199999999989814,24104.131
21800.41,-1.610000000000582,23812.531
21800.42,-1.6000000000021828,23909.699
21800.43,-1.5900000000001455,24055.512
21800.44,-1.5800000000017462,24055.512
21800.45,-1.569999999999709,24055.512
21800.46,-1.5600000000013097,24006.898
21800.47,-1.5499999999992724,24104.131
21800.48,-1.5400000000008731,24152.76
21800.49,-1.5299999999988358,24055.512
21800.5,-1.5200000000004366,24104.131
21800.51,-1.5100000000020373,24298.695
21800.52,-1.5,24152.76
21800.53,-1.4900000000016007,24055.512
21800.54,-1.4799999999995634,24298.695
21800.55,-1.4700000000011642,24055.512
21800.56,-1.4599999999991269,24055.512
21800.57,-1.4500000000007276,24006.898
21800.58,-1.4399999999986903,24201.396
21800.59,-1.430000000000291,24152.76
21800.6,-1.4200000000018917,24152.76
21800.61,-1.4099999999998545,24298.695
21800.62,-1.4000000000014552,24298.695
21800.63,-1.389999999999418,24298.695
21800.64,-1.3800000000010186,24298.695
21800.65,-1.3699999999989814,24250.041
21800.66,-1.360000000000582,24055.512
21800.67,-1.3500000000021828,24104.131
21800.68,-1.3400000000001455,24250.041
21800.69,-1.3300000000017462,24055.512
21800.7,-1.319999999999709,23909.699
21800.71,-1.3100000000013097,23958.295
21800.72,-1.2999999999992724,24055.512
21800.73,-1.2900000000008731,24055.512
21800.74,-1.2799999999988358,24055.512
21800.75,-1.2700000000004366,23763.959
21800.76,-1.2600000000020373,23958.295
21800.77,-1.25,24250.041
21800.78,-1.2400000000016007,24201.396
21800.79,-1.2299999999995634,23861.109
21800.8,-1.2200000000011642,23909.699
21800.81,-1.2099999999991269,24006.898
21800.82,-1.2000000000007276,24055.512
21800.83,-1.1899999999986903,24104.131
21800.84,-1.180000000000291,24104.131
21800.85,-1.1700000000018917,24104.131
21800.86,-1.1599999999998545,24104.131
21800.87,-1.1500000000014552,24250.041
21800.88,-1.139999999999418,24104.131
21800.89,-1.1300000000010186,23861.109
21800.9,-1.1199999999989814,24055.512
21800.91,-1.110000000000582,24201.396
21800.92,-1.1000000000021828,24250.041
21800.93,-1.0900000000001455,24250.041
21800.94,-1.0800000000017462,24250.041
21800.95,-1.069999999999709,24250.041
21800.96,-1.0600000000013097,24104.131
21800.97,-1.0499999999992724,24055.512
21800.98,-1.0400000000008731,24006.898
21800.99,-1.0299999999988358,23958.295
21801.0,-1.0200000000004366,24347.355
21801.01,-1.0100000000020373,24201.396
21801.02,-1.0,24298.695
21801.03,-0.9900000000016007,24006.898
21801.04,-0.9799999999995634,24250.041
21801.05,-0.9700000000011642,24201.396
21801.06,-0.9599999999991269,24250.041
21801.07,-0.9500000000007276,24152.76
21801.08,-0.9399999999986903,24201.396
21801.09,-0.930000000000291,24298.695
21801.1,-0.9200000000018917,24104.131
21801.11,-0.9099999999998545,24201.396
21801.12,-0.9000000000014552,24201.396
21801.13,-0.8899999999994179,23909.699
21801.14,-0.8800000000010186,23909.699
21801.15,-0.8699999999989814,23958.295
21801.16,-0.8600000000005821,24104.131
21801.17,-0.8500000000021828,24006.898
21801.18,-0.8400000000001455,24055.512
21801.19,-0.8300000000017462,24055.512
21801.2,-0.819999999999709,24055.512
21801.21,-0.8100000000013097,24006.898
21801.22,-0.7999999999992724,23763.959
21801.23,-0.7900000000008731,24006.898
21801.24,-0.7799999999988358,23909.699
21801.25,-0.7700000000004366,23958.295
21801.26,-0.7600000000020373,24006.898
21801.27,-0.75,24298.695
21801.28,-0.7400000000016007,24104.131
21801.29,-0.7299999999995634,24152.76
21801.3,-0.7200000000011642,24298.695
21801.31,-0.7099999999991269,23861.109
21801.32,-0.7000000000007276,24006.898
21801.33,-0.6899999999986903,24298.695
21801.34,-0.680000000000291,24298.695
21801.35,-0.6700000000018917,24250.041
21801.36,-0.6599999999998545,24055.512
21801.37,-0.6500000000014552,24152.76
21801.38,-0.6399999999994179,24055.512
21801.39,-0.6300000000010186,24104.131
21801.4,-0.6199999999989814,24152.76
21801.41,-0.6100000000005821,24152.76
21801.42,-0.6000000000021828,24055.512
21801.43,-0.5900000000001455,24298.695
21801.44,-0.5800000000017462,24055.512
21801.45,-0.569999999999709,24201.396
21801.46,-0.5600000000013097,24104.131
21801.47,-0.5499999999992724,24250.041
21801.48,-0.5400000000008731,24250.041
21801.49,-0.5299999999988358,24104.131
21801.5,-0.5200000000004366,24250.041
21801.51,-0.5100000000020373,24055.512
21801.52,-0.5,24298.695
21801.53,-0.4900000000016007,24298.695
21801.54,-0.47999999999956344,24104.131
21801.55,-0.47000000000116415,23909.699
21801.56,-0.4599999999991269,24006.898
21801.57,-0.4500000000007276,24055.512
21801.58,-0.4399999999986903,24055.512
21801.59,-0.43000000000029104,23958.295
21801.6,-0.42000000000189175,23861.109
21801.61,-0.4099999999998545,24104.131
21801.62,-0.4000000000014552,24201.396
21801.63,-0.3899999999994179,24055.512
21801.64,-0.38000000000101863,24055.512
21801.65,-0.36999999999898137,24006.898
21801.66,-0.3600000000005821,24201.396
21801.67,-0.3500000000021828,24104.131
21801.68,-0.3400000000001455,23958.295
21801.69,-0.33000000000174623,23861.109
21801.7,-0.31999999999970896,24006.898
21801.71,-0.3100000000013097,23958.295
21801.72,-0.2999999999992724,24055.512
21801.73,-0.2900000000008731,24104.131
21801.74,-0.27999999999883585,23909.699
21801.75,-0.27000000000043656,24104.131
21801.76,-0.26000000000203727,24298.695
21801.77,-0.25,24055.512
21801.78,-0.2400000000016007,24250.041
21801.79,-0.22999999999956344,24250.041
21801.8,-0.22000000000116415,24104.131
21801.81,-0.20999999999912689,24104.131
21801.82,-0.2000000000007276,23958.295
21801.83,-0.18999999999869033,24104.131
21801.84,-0.18000000000029104,24201.396
21801.85,-0.17000000000189175,24250.041
21801.86,-0.15999999999985448,24298.695
21801.87,-0.1500000000014552,24152.76
21801.88,-0.13999999999941792,24152.76
21801.89,-0.13000000000101863,24104.131
21801.9,-0.11999999999898137,24152.76
21801.91,-0.11000000000058208,24298.695
21801.92,-0.10000000000218279,24152.76
21801.93,-0.09000000000014552,24055.512
21801.94,-0.08000000000174623,24250.041
21801.95,-0.06999999999970896,24055.512
21801.96,-0.06000000000130967,24347.355
21801.97,-0.049999999999272404,25127.039
21801.98,-0.040000000000873115,25810.967
21801.99,-0.029999999998835847,26104.566
21802.0,-0.020000000000436557,26202.498
21802.01,-0.010000000002037268,26251.475
21802.02,0.0,26643.592
21802.03,0.00999999999839929,26398.457
21802.04,0.020000000000436557,26545.514
21802.05,0.029999999998835847,26496.486
21802.06,0.040000000000873115,26545.514
21802.07,0.049999999999272404,26496.486
21802.08,0.06000000000130967,26202.498
21802.09,0.06999999999970896,25713.164
21802.1,0.07999999999810825,24785.672
21802.11,0.09000000000014552,23958.295
21802.12,0.09999999999854481,23763.959
21802.13,0.11000000000058208,23812.531
21802.14,0.11999999999898137,23763.959
21802.15,0.13000000000101863,23763.959
21802.16,0.13999999999941792,23812.531
21802.17,0.1499999999978172,23861.109
21802.18,0.15999999999985448,23812.531
21802.19,0.16999999999825377,23763.959
21802.2,0.18000000000029104,23909.699
21802.21,0.18999999999869033,23569.752
21802.22,0.2000000000007276,23569.752
21802.23,0.20999999999912689,23763.959
21802.24,0.22000000000116415,23715.395
21802.25,0.22999999999956344,23909.699
21802.26,0.23999999999796273,23812.531
21802.27,0.25,23812.531
21802.28,0.2599999999983993,23424.184
21802.29,0.27000000000043656,23472.699
21802.3,0.27999999999883585,23569.752
21802.31,0.2900000000008731,23618.293
21802.32,0.2999999999992724,23278.688
21802.33,0.3100000000013097,23084.807
21802.34,0.31999999999970896,23084.807
21802.35,0.32999999999810825,23133.266
21802.36,0.3400000000001455,23230.205
21802.37,0.3499999999985448,23181.73
21802.38,0.3600000000005821,23424.184
21802.39,0.36999999999898137,23424.184
21802.4,0.38000000000101863,23327.178
21802.41,0.3899999999994179,23036.357
21802.42,0.3999999999978172,23230.205
21802.43,0.4099999999998545,23521.223
21802.44,0.41999999999825377,23375.678
21802.45,0.43000000000029104,23327.178
21802.46,0.4399999999986903,23278.688
21802.47,0.4500000000007276,23375.678
21802.48,0.4599999999991269,23181.73
21802.49,0.47000000000116415,23133.266
21802.5,0.47999999999956344,23084.807
21802.51,0.48999999999796273,21442.066
21802.52,0.5,20816.443
21802.53,0.5099999999983993,20384.121
21802.54,0.5200000000004366,20096.273
21802.55,0.5299999999988358,19904.537
21802.56,0.5400000000008731,19952.459
21802.57,0.5499999999992724,19904.537
21802.58,0.5600000000013097,20000.389
21802.59,0.569999999999709,20096.273
21802.6,0.5799999999981083,20048.328
21802.61,0.5900000000001455,20192.191
21802.62,0.5999999999985448,20000.389
21802.63,0.6100000000005821,20096.273
21802.64,0.6199999999989814,20048.328
21802.65,0.6300000000010186,20096.273
21802.66,0.6399999999994179,20240.162
21802.67,0.6499999999978172,20000.389
21802.68,0.6599999999998545,20336.127
21802.69,0.6699999999982538,20048.328
21802.7,0.680000000000291,20096.273
21802.71,0.6899999999986903,20192.191
21802.72,0.7000000000007276,20096.273
21802.73,0.7099999999991269,19856.623
21802.74,0.7200000000011642,20096.273
21802.75,0.7299999999995634,19808.719
21802.76,0.7399999999979627,20144.229
21802.77,0.75,20096.273
21802.78,0.7599999999983993,19952.459
21802.79,0.7700000000004366,20096.273
21802.8,0.7799999999988358,20048.328
21802.81,0.7900000000008731,19904.537
21802.82,0.7999999999992724,20048.328
21802.83,0.8100000000013097,20144.229
21802.84,0.819999999999709,20096.273
21802.85,0.8299999999981083,20096.273
21802.86,0.8400000000001455,20096.273
21802.87,0.8499999999985448,20240.162
21802.88,0.8600000000005821,20000.389
21802.89,0.8699999999989814,20192.191
21802.9,0.8800000000010186,20192.191
21802.91,0.8899999999994179,20432.125
21802.92,0.8999999999978172,20480.137
21802.93,0.9099999999998545,20336.127
21802.94,0.9199999999982538,20288.141
21802.95,0.930000000000291,20192.191
21802.96,0.9399999999986903,20192.191
21802.97,0.9500000000007276,20336.127
21802.98,0.9599999999991269,20240.162
21802.99,0.9700000000011642,20192.191
21803.0,0.9799999999995634,20480.137
21803.01,0.9899999999979627,20288.141
21803.02,1.0,20384.121
21803.03,1.0099999999983993,20336.127
21803.04,1.0200000000004366,20192.191
21803.05,1.0299999999988358,20384.121
21803.06,1.0400000000008731,20336.127
21803.07,1.0499999999992724,20336.127
21803.08,1.0600000000013097,20384.121
21803.09,1.069999999999709,20432.125
21803.1,1.0799999999981083,20432.125
21803.11,1.0900000000001455,20384.121
21803.12,1.0999999999985448,20192.191
21803.13,1.110000000000582,20336.127
21803.14,1.1199999999989814,20576.184
21803.15,1.1300000000010186,20288.141
21803.16,1.139999999999418,20384.121
21803.17,1.1499999999978172,20336.127
21803.18,1.1599999999998545,20336.127
21803.19,1.1699999999982538,20384.121
21803.2,1.180000000000291,20240.162
21803.21,1.1899999999986903,20336.127
21803.22,1.2000000000007276,20528.156
21803.23,1.2099999999991269,20336.127
21803.24,1.2200000000011642,20432.125
21803.25,1.2299999999995634,20192.191
21803.26,1.2399999999979627,20528.156
21803.27,1.25,20096.273
21803.28,1.2599999999983993,20336.127
21803.29,1.2700000000004366,20480.137
21803.3,1.2799999999988358,20384.121
21803.31,1.2900000000008731,20816.443
21803.32,1.2999999999992724,22213.951
21803.33,1.3100000000013097,23084.807
21803.34,1.319999999999709,23472.699
21803.35,1.3299999999981083,23569.752
21803.36,1.3400000000001455,23521.223
21803.37,1.3499999999985448,23666.84
21803.38,1.360000000000582,23812.531
21803.39,1.3699999999989814,23715.395
21803.4,1.3800000000010186,24006.898
21803.41,1.389999999999418,23763.959
21803.42,1.3999999999978172,23861.109
21803.43,1.4099999999998545,23666.84
21803.44,1.4199999999982538,23812.531
21803.45,1.430000000000291,23666.84
21803.46,1.4399999999986903,23569.752
21803.47,1.4500000000007276,23666.84
21803.48,1.4599999999991269,23812.531
21803.49,1.4700000000011642,23666.84
21803.5,1.4799999999995634,23715.395
21803.51,1.4899999999979627,23375.678
21803.52,1.5,23715.395
21803.53,1.5099999999983993,23715.395
21803.54,1.5200000000004366,23958.295
21803.55,1.5299999999988358,24250.041
21803.56,1.5400000000008731,24396.025
21803.57,1.5499999999992724,24104.131
21803.58,1.5600000000013097,24396.025
21803.59,1.569999999999709,24201.396
21803.6,1.5799999999981083,24542.082
21803.61,1.5900000000001455,24298.695
21803.62,1.5999999999985448,24347.355
21803.63,1.610000000000582,24298.695
21803.64,1.6199999999989814,24347.355
21803.65,1.6300000000010186,24688.211
21803.66,1.639999999999418,24493.389
21803.67,1.6499999999978172,24347.355
21803.68,1.6599999999998545,24444.703
21803.69,1.6699999999982538,24590.783
21803.7,1.680000000000291,24444.703
21803.71,1.6899999999986903,24298.695
21803.72,1.7000000000007276,24347.355
21803.73,1.7099999999991269,24542.082
21803.74,1.7200000000011642,24152.76
21803.75,1.7299999999995634,24493.389
21803.76,1.7399999999979627,24542.082
21803.77,1.75,24590.783
21803.78,1.7599999999983993,24250.041
21803.79,1.7700000000004366,24201.396
21803.8,1.7799999999988358,24298.695
21803.81,1.7900000000008731,24201.396
21803.82,1.7999999999992724,24152.76
21803.83,1.8100000000013097,24250.041
21803.84,1.819999999999709,24347.355
21803.85,1.8299999999981083,24298.695
21803.86,1.8400000000001455,24055.512
21803.87,1.8499999999985448,24347.355
21803.88,1.860000000000582,24298.695
21803.89,1.8699999999989814,24250.041
21803.9,1.8800000000010186,24298.695
21803.91,1.889999999999418,24347.355
21803.92,1.8999999999978172,24298.695
21803.93,1.9099999999998545,24298.695
21803.94,1.9199999999982538,24444.703
21803.95,1.930000000000291,24055.512
21803.96,1.9399999999986903,24104.131
21803.97,1.9500000000007276,23958.295
21803.98,1.9599999999991269,23909.699
21803.99,1.9700000000011642,24298.695
21804.0,1.9799999999995634,24152.76
21804.01,1.9899999999979627,24201.396
21804.02,2.0,24152.76
21804.03,2.0099999999983993,24152.76
21804.04,2.0200000000004366,24201.396
21804.05,2.029999999998836,24201.396
21804.06,2.040000000000873,24201.396
21804.07,2.0499999999992724,24396.025
21804.08,2.0600000000013097,24201.396
21804.09,2.069999999999709,24201.396
21804.1,2.0799999999981083,24055.512
21804.11,2.0900000000001455,24055.512
21804.12,2.099999999998545,23958.295
21804.13,2.110000000000582,24250.041
21804.14,2.1199999999989814,24201.396
21804.15,2.1300000000010186,23958.295
21804.16,2.139999999999418,24104.131
21804.17,2.149999999997817,24055.512
21804.18,2.1599999999998545,24347.355
21804.19,2.1699999999982538,24250.041
21804.2,2.180000000000291,24250.041
21804.21,2.1899999999986903,23909.699
21804.22,2.2000000000007276,24055.512
21804.23,2.209999999999127,24298.695
21804.24,2.220000000001164,24298.695
21804.25,2.2299999999995634,24055.512
21804.26,2.2399999999979627,24542.082
21804.27,2.25,24347.355
21804.28,2.2599999999983993,24201.396
21804.29,2.2700000000004366,24347.355
21804.3,2.279999999998836,24298.695
21804.31,2.290000000000873,24250.041
21804.32,2.2999999999992724,24493.389
21804.33,2.3100000000013097,24493.389
21804.34,2.319999999999709,24152.76
21804.35,2.3299999999981083,24104.131
21804.36,2.3400000000001455,24055.512
21804.37,2.349999999998545,24055.512
21804.38,2.360000000000582,24201.396
21804.39,2.3699999999989814,24055.512
21804.4,2.3800000000010186,24055.512
21804.41,2.389999999999418,23861.109
21804.42,2.399999999997817,23909.699
21804.43,2.4099999999998545,24055.512
21804.44,2.4199999999982538,23958.295
21804.45,2.430000000000291,24104.131
21804.46,2.4399999999986903,24152.76
21804.47,2.4500000000007276,24201.396
21804.48,2.459999999999127,24250.041
21804.49,2.470000000001164,24201.396
21804.5,2.4799999999995634,24250.041
21804.51,2.4899999999979627,24152.76
21804.52,2.5,24250.041
21804.53,2.5099999999983993,24201.396
21804.54,2.5200000000004366,24055.512
21804.55,2.529999999998836,24055.512
21804.56,2.540000000000873,24055.512
21804.57,2.5499999999992724,24152.76
21804.58,2.5600000000013097,24347.355
21804.59,2.569999999999709,24104.131
21804.6,2.5799999999981083,24055.512
21804.61,2.5900000000001455,24298.695
21804.62,2.599999999998545,24201.396
21804.63,2.610000000000582,24396.025
21804.64,2.6199999999989814,24006.898
21804.65,2.6300000000010186,24152.76
21804.66,2.639999999999418,24055.512
21804.67,2.649999999997817,24298.695
21804.68,2.6599999999998545,24298.695
21804.69,2.6699999999982538,24104.131
21804.7,2.680000000000291,24250.041
21804.71,2.6899999999986903,24298.695
21804.72,2.7000000000007276,24298.695
21804.73,2.709999999999127,24250.041
21804.74,2.720000000001164,24347.355
21804.75,2.7299999999995634,24493.389
21804.76,2.7399999999979627,24152.76
21804.77,2.75,24055.512
21804.78,2.7599999999983993,23958.295
21804.79,2.7700000000004366,24055.512
21804.8,2.779999999998836,24104.131
21804.81,2.790000000000873,23861.109
21804.82,2.7999999999992724,24055.512
21804.83,2.8100000000013097,23958.295
21804.84,2.819999999999709,23861.109
21804.85,2.8299999999981083,24104.131
21804.86,2.8400000000001455,23861.109
21804.87,2.849999999998545,23958.295
21804.88,2.860000000000582,23909.699
21804.89,2.8699999999989814,24006.898
21804.9,2.8800000000010186,24250.041
21804.91,2.889999999999418,24250.041
21804.92,2.899999999997817,24152.76
21804.93,2.9099999999998545,24152.76
21804.94,2.9199999999982538,24152.76
21804.95,2.930000000000291,24396.025
21804.96,2.9399999999986903,24493.389
21804.97,2.9500000000007276,24347.355
21804.98,2.959999999999127,24298.695
21804.99,2.970000000001164,24152.76
21805.0,2.9799999999995634,24250.041
21805.01,2.9899999999979627,24298.695
21805.02,3.0,24201.396
21805.03,3.0099999999983993,24152.76
21805.04,3.0200000000004366,24298.695
21805.05,3.029999999998836,24055.512
21805.06,3.040000000000873,24444.703
21805.07,3.0499999999992724,24444.703
21805.08,3.0600000000013097,24396.025
21805.09,3.069999999999709,24250.041
21805.1,3.0799999999981083,24444.703
21805.11,3.0900000000001455,24347.355
21805.12,3.099999999998545,24347.355
21805.13,3.110000000000582,24250.041
21805.14,3.1199999999989814,24250.041
21805.15,3.1300000000010186,24444.703
21805.16,3.139999999999418,24493.389
21805.17,3.149999999997817,24396.025
21805.18,3.1599999999998545,24298.695
21805.19,3.1699999999982538,24347.355
21805.2,3.180000000000291,24688.211
21805.21,3.1899999999986903,24201.396
21805.22,3.2000000000007276,24201.396
21805.23,3.209999999999127,24298.695
21805.24,3.220000000001164,24201.396
21805.25,3.2299999999995634,24298.695
21805.26,3.2399999999979627,24152.76
21805.27,3.25,24006.898
21805.28,3.2599999999983993,24055.512
21805.29,3.2700000000004366,24250.041
21805.3,3.279999999998836,24396.025
21805.31,3.290000000000873,24298.695
21805.32,3.2999999999992724,24152.76
21805.33,3.3100000000013097,24250.041
21805.34,3.319999999999709,24201.396
21805.35,3.3299999999981083,24201.396
21805.36,3.3400000000001455,24104.131
21805.37,3.349999999998545,24201.396
21805.38,3.360000000000582,24688.211
21805.39,3.3699999999989814,24444.703
21805.4,3.3800000000010186,24493.389
21805.41,3.389999999999418,24590.783
21805.42,3.399999999997817,24347.355
21805.43,3.4099999999998545,24298.695
21805.44,3.4199999999982538,24444.703
21805.45,3.430000000000291,24444.703
21805.46,3.4399999999986903,24347.355
21805.47,3.4500000000007276,24493.389
21805.48,3.459999999999127,24542.082
21805.49,3.470000000001164,24493.389
21805.5,3.4799999999995634,24639.492
21805.51,3.4899999999979627,24444.703
21805.52,3.5,24347.355
21805.53,3.5099999999983993,24493.389
21805.54,3.5200000000004366,24542.082
21805.55,3.529999999998836,24298.695
21805.56,3.540000000000873,24396.025
21805.57,3.5499999999992724,24347.355
21805.58,3.5600000000013097,24542.082
21805.59,3.569999999999709,24688.211
21805.6,3.5799999999981083,24542.082
21805.61,3.5900000000001455,24542.082
21805.62,3.599999999998545,24542.082
21805.63,3.610000000000582,24444.703
21805.64,3.6199999999989814,24542.082
21805.65,3.6300000000010186,24542.082
21805.66,3.639999999999418,24250.041
21805.67,3.649999999997817,24055.512
21805.68,3.6599999999998545,24444.703
21805.69,3.6699999999982538,24396.025
21805.7,3.680000000000291,24250.041
21805.71,3.6899999999986903,24396.025
21805.72,3.7000000000007276,24201.396
21805.73,3.709999999999127,24347.355
21805.74,3.720000000001164,24201.396
21805.75,3.7299999999995634,24201.396
21805.76,3.7399999999979627,24250.041
21805.77,3.75,24396.025
21805.78,3.7599999999983993,24250.041
21805.79,3.7700000000004366,24347.355
21805.8,3.779999999998836,24347.355
21805.81,3.790000000000873,24396.025
21805.82,3.7999999999992724,24688.211
21805.83,3.8100000000013097,24688.211
21805.84,3.819999999999709,24736.938
21805.85,3.8299999999981083,24347.355
21805.86,3.8400000000001455,24493.389
21805.87,3.849999999998545,24542.082
21805.88,3.860000000000582,24444.703
21805.89,3.8699999999989814,24542.082
21805.9,3.8800000000010186,24590.783
21805.91,3.889999999999418,24590.783
21805.92,3.899999999997817,24590.783
21805.93,3.9099999999998545,24688.211
21805.94,3.9199999999982538,24590.783
21805.95,3.930000000000291,24542.082
21805.96,3.9399999999986903,24639.492
21805.97,3.9500000000007276,24736.938
21805.98,3.959999999999127,24639.492
21805.99,3.970000000001164,24493.389
21806.0,3.9799999999995634,24493.389
21806.01,3.9899999999979627,24639.492
21806.02,4.0,24688.211
21806.03,4.009999999998399,24639.492
21806.04,4.020000000000437,24688.211
21806.05,4.029999999998836,24639.492
21806.06,4.040000000000873,24590.783
21806.07,4.049999999999272,24688.211
21806.08,4.06000000000131,24639.492
21806.09,4.069999999999709,24590.783
21806.1,4.079999999998108,24298.695
21806.11,4.0900000000001455,24590.783
21806.12,4.099999999998545,24444.703
21806.13,4.110000000000582,24493.389
21806.14,4.119999999998981,24590.783
21806.15,4.130000000001019,24444.703
21806.16,4.139999999999418,24444.703
21806.17,4.149999999997817,24347.355
21806.18,4.1599999999998545,24639.492
21806.19,4.169999999998254,24396.025
21806.2,4.180000000000291,24542.082
21806.21,4.18999999999869,24347.355
21806.22,4.200000000000728,24688.211
21806.23,4.209999999999127,24639.492
21806.24,4.220000000001164,24396.025
21806.25,4.229999999999563,24542.082
21806.26,4.239999999997963,24688.211
21806.27,4.25,24736.938
21806.28,4.259999999998399,24590.783
21806.29,4.270000000000437,24396.025
21806.3,4.279999999998836,24736.938
21806.31,4.290000000000873,24542.082
21806.32,4.299999999999272,24639.492
21806.33,4.31000000000131,24639.492
21806.34,4.319999999999709,24493.389
21806.35,4.329999999998108,24444.703
21806.36,4.3400000000001455,24542.082
21806.37,4.349999999998545,24834.414
21806.38,4.360000000000582,24590.783
21806.39,4.369999999998981,24688.211
21806.4,4.380000000001019,24444.703
21806.41,4.389999999999418,24639.492
21806.42,4.399999999997817,24590.783
21806.43,4.4099999999998545,24493.389
21806.44,4.419999999998254,24347.355
21806.45,4.430000000000291,24834.414
21806.46,4.43999999999869,24688.211
21806.47,4.450000000000728,24883.164
21806.48,4.459999999999127,24736.938
21806.49,4.470000000001164,24444.703
21806.5,4.479999999999563,24639.492
21806.51,4.489999999997963,24639.492
21806.52,4.5,24639.492
21806.53,4.509999999998399,24493.389
21806.54,4.520000000000437,24444.703
21806.55,4.529999999998836,24542.082
21806.56,4.540000000000873,24639.492
21806.57,4.549999999999272,24493.389
21806.58,4.56000000000131,24250.041
21806.59,4.569999999999709,24396.025
21806.6,4.579999999998108,24298.695
21806.61,4.5900000000001455,24542.082
21806.62,4.599999999998545,24590.783
21806.63,4.610000000000582,24542.082
21806.64,4.619999999998981,24590.783
21806.65,4.630000000001019,24688.211
21806.66,4.639999999999418,24639.492
21806.67,4.649999999997817,24542.082
21806.68,4.6599999999998545,24639.492
21806.69,4.669999999998254,24688.211
21806.7,4.680000000000291,24639.492
21806.71,4.68999999999869,24639.492
21806.72,4.700000000000728,24639.492
21806.73,4.709999999999127,24542.082
21806.74,4.720000000001164,24639.492
21806.75,4.729999999999563,24396.025
21806.76,4.739999999997963,24444.703
21806.77,4.75,24688.211
21806.78,4.759999999998399,24542.082
21806.79,4.770000000000437,24298.695
21806.8,4.779999999998836,24396.025
21806.81,4.790000000000873,24590.783
21806.82,4.799999999999272,24347.355
21806.83,4.81000000000131,24444.703
21806.84,4.819999999999709,24639.492
21806.85,4.829999999998108,24590.783
21806.86,4.8400000000001455,24688.211
21806.87,4.849999999998545,24590.783
21806.88,4.860000000000582,24688.211
21806.89,4.869999999998981,24542.082
21806.9,4.880000000001019,24785.672
21806.91,4.889999999999418,25029.465
21806.92,4.899999999997817,24639.492
21806.93,4.9099999999998545,24688.211
21806.94,4.919999999998254,24639.492
21806.95,4.930000000000291,24688.211
21806.96,4.93999999999869,24590.783
21806.97,4.950000000000728,24396.025
21806.98,4.959999999999127,24347.355
21806.99,4.970000000001164,24444.703
21807.0,4.979999999999563,24688.211
21807.01,4.989999999997963,24347.355
21807.02,5.0,24201.396
21807.03,5.009999999998399,24493.389
21807.04,5.020000000000437,24444.703
21807.05,5.029999999998836,24444.703
21807.06,5.040000000000873,24444.703
21807.07,5.049999999999272,24250.041
21807.08,5.06000000000131,24444.703
21807.09,5.069999999999709,24542.082
21807.1,5.079999999998108,24590.783
21807.11,5.0900000000001455,24493.389
21807.12,5.099999999998545,24396.025
21807.13,5.110000000000582,24639.492
21807.14,5.119999999998981,24688.211
21807.15,5.130000000001019,24542.082
21807.16,5.139999999999418,24542.082
21807.17,5.149999999997817,24444.703
21807.18,5.1599999999998545,24590.783
21807.19,5.169999999998254,24396.025
21807.2,5.180000000000291,24493.389
21807.21,5.18999999999869,24444.703
21807.22,5.200000000000728,24542.082
21807.23,5.209999999999127,24688.211
21807.24,5.220000000001164,24542.082
21807.25,5.229999999999563,24639.492
21807.26,5.239999999997963,24347.355
21807.27,5.25,24396.025
21807.28,5.259999999998399,24688.211
21807.29,5.270000000000437,24736.938
21807.3,5.279999999998836,24639.492
21807.31,5.290000000000873,24590.783
21807.32,5.299999999999272,24493.389
21807.33,5.31000000000131,24590.783
21807.34,5.319999999999709,24688.211
21807.35,5.329999999998108,24639.492
21807.36,5.3400000000001455,24590.783
21807.37,5.349999999998545,24639.492
21807.38,5.360000000000582,24493.389
21807.39,5.369999999998981,24785.672
21807.4,5.380000000001019,24542.082
21807.41,5.389999999999418,24347.355
21807.42,5.399999999997817,24347.355
21807.43,5.4099999999998545,24639.492
21807.44,5.419999999998254,24493.389
21807.45,5.430000000000291,24250.041
21807.46,5.43999999999869,24444.703
21807.47,5.450000000000728,24250.041
21807.48,5.459999999999127,24250.041
21807.49,5.470000000001164,24493.389
21807.5,5.479999999999563,24396.025
21807.51,5.489999999997963,24250.041
21807.52,5.5,24493.389
21807.53,5.509999999998399,24396.025
21807.54,5.520000000000437,24542.082
21807.55,5.529999999998836,24444.703
21807.56,5.540000000000873,24493.389
21807.57,5.549999999999272,24590.783
21807.58,5.56000000000131,24639.492
21807.59,5.569999999999709,24688.211
21807.6,5.579999999998108,24396.025
21807.61,5.5900000000001455,24493.389
21807.62,5.599999999998545,24639.492
21807.63,5.610000000000582,24590.783
21807.64,5.619999999998981,24542.082
21807.65,5.630000000001019,24542.082
21807.66,5.639999999999418,24444.703
21807.67,5.649999999997817,24542.082
21807.68,5.6599999999998545,24639.492
21807.69,5.669999999998254,24785.672
21807.7,5.680000000000291,24493.389
21807.71,5.68999999999869,24639.492
21807.72,5.700000000000728,24590.783
21807.73,5.709999999999127,24590.783
21807.74,5.720000000001164,24542.082
21807.75,5.729999999999563,24396.025
21807.76,5.739999999997963,24444.703
21807.77,5.75,24639.492
21807.78,5.759999999998399,24639.492
21807.79,5.770000000000437,24736.938
21807.8,5.779999999998836,24639.492
21807.81,5.790000000000873,24688.211
21807.82,5.799999999999272,24639.492
21807.83,5.81000000000131,24883.164
21807.84,5.819999999999709,24639.492
21807.85,5.829999999998108,24542.082
21807.86,5.8400000000001455,24396.025
21807.87,5.849999999998545,24298.695
21807.88,5.860000000000582,24493.389
21807.89,5.869999999998981,24542.082
21807.9,5.880000000001019,24444.703
21807.91,5.889999999999418,24590.783
21807.92,5.899999999997817,24250.041
21807.93,5.9099999999998545,24444.703
21807.94,5.919999999998254,24396.025
21807.95,5.930000000000291,24639.492
21807.96,5.93999999999869,24639.492
21807.97,5.950000000000728,24590.783
21807.98,5.959999999999127,24396.025
21807.99,5.970000000001164,24396.025
21808.0,5.979999999999563,24493.389
21808.01,5.989999999997963,24590.783
21808.02,6.0,24590.783
21808.03,6.009999999998399,24639.492
21808.04,6.020000000000437,24542.082
21808.05,6.029999999998836,24688.211
21808.06,6.040000000000873,24444.703
21808.07,6.049999999999272,24444.703
21808.08,6.06000000000131,24688.211
21808.09,6.069999999999709,24639.492
21808.1,6.079999999998108,24347.355
21808.11,6.0900000000001455,24590.783
21808.12,6.099999999998545,24639.492
21808.13,6.110000000000582,24542.082
21808.14,6.119999999998981,24590.783
21808.15,6.130000000001019,24590.783
21808.16,6.139999999999418,24444.703
21808.17,6.149999999997817,24542.082
21808.18,6.1599999999998545,24639.492
21808.19,6.169999999998254,24396.025
21808.2,6.180000000000291,24639.492
21808.21,6.18999999999869,24834.414
21808.22,6.200000000000728,24639.492
21808.23,6.209999999999127,24639.492
21808.24,6.220000000001164,24444.703
21808.25,6.229999999999563,24639.492
21808.26,6.239999999997963,24736.938
21808.27,6.25,24785.672
21808.28,6.259999999998399,24542.082
21808.29,6.270000000000437,24444.703
21808.3,6.279999999998836,24590.783
21808.31,6.290000000000873,24639.492
21808.32,6.299999999999272,24396.025
21808.33,6.31000000000131,24298.695
21808.34,6.319999999999709,24493.389
21808.35,6.329999999998108,24444.703
21808.36,6.3400000000001455,24444.703
21808.37,6.349999999998545,24590.783
21808.38,6.360000000000582,24493.389
21808.39,6.369999999998981,24444.703
21808.4,6.380000000001019,24542.082
21808.41,6.389999999999418,24542.082
21808.42,6.399999999997817,24688.211
21808.43,6.4099999999998545,24493.389
21808.44,6.419999999998254,24444.703
21808.45,6.430000000000291,24688.211
21808.46,6.43999999999869,24785.672
21808.47,6.450000000000728,24736.938
21808.48,6.459999999999127,24444.703
21808.49,6.470000000001164,24493.389
21808.5,6.479999999999563,24590.783
21808.51,6.489999999997963,24250.041
21808.52,6.5,24639.492
21808.53,6.509999999998399,24542.082
21808.54,6.520000000000437,24590.783
21808.55,6.529999999998836,24542.082
21808.56,6.540000000000873,24542.082
21808.57,6.549999999999272,24542.082
21808.58,6.56000000000131,24590.783
21808.59,6.569999999999709,24444.703
21808.6,6.579999999998108,24542.082
21808.61,6.5900000000001455,24590.783
21808.62,6.599999999998545,24444.703
21808.63,6.610000000000582,24688.211
21808.64,6.619999999998981,24590.783
21808.65,6.630000000001019,24785.672
21808.66,6.639999999999418,24785.672
21808.67,6.649999999997817,24639.492
21808.68,6.6599999999998545,24688.211
21808.69,6.669999999998254,24639.492
21808.7,6.680000000000291,24688.211
21808.71,6.68999999999869,24542.082
21808.72,6.700000000000728,24493.389
21808.73,6.709999999999127,24444.703
21808.74,6.720000000001164,24542.082
21808.75,6.729999999999563,24250.041
21808.76,6.739999999997963,24444.703
21808.77,6.75,24444.703
21808.78,6.759999999998399,24590.783
21808.79,6.770000000000437,24444.703
21808.8,6.779999999998836,24444.703
21808.81,6.790000000000873,24542.082
21808.82,6.799999999999272,24347.355
21808.83,6.81000000000131,24396.025
21808.84,6.819999999999709,24396.025
21808.85,6.829999999998108,24590.783
21808.86,6.8400000000001455,24688.211
21808.87,6.849999999998545,24493.389
21808.88,6.860000000000582,24542.082
21808.89,6.869999999998981,24736.938
21808.9,6.880000000001019,24736.938
21808.91,6.889999999999418,24834.414
21808.92,6.899999999997817,24542.082
21808.93,6.9099999999998545,24590.783
21808.94,6.919999999998254,24639.492
21808.95,6.930000000000291,24688.211
21808.96,6.93999999999869,24493.389
21808.97,6.950000000000728,24688.211
21808.98,6.959999999999127,24688.211
21808.99,6.970000000001164,24639.492
21809.0,6.979999999999563,24688.211
21809.01,6.989999999997963,24542.082
21809.02,7.0,24493.389
21809.03,7.009999999998399,24542.082
21809.04,7.020000000000437,24639.492
21809.05,7.029999999998836,24639.492
21809.06,7.040000000000873,24785.672
21809.07,7.049999999999272,24688.211
21809.08,7.06000000000131,24590.783
21809.09,7.069999999999709,24639.492
21809.1,7.079999999998108,24688.211
21809.11,7.0900000000001455,24785.672
21809.12,7.099999999998545,24688.211
21809.13,7.110000000000582,24542.082
21809.14,7.119999999998981,24688.211
21809.15,7.130000000001019,24639.492
21809.16,7.139999999999418,24493.389
21809.17,7.149999999997817,24493.389
21809.18,7.1599999999998545,24444.703
21809.19,7.169999999998254,24590.783
21809.2,7.180000000000291,24444.703
21809.21,7.18999999999869,24298.695
21809.22,7.200000000000728,24298.695
21809.23,7.209999999999127,24542.082
21809.24,7.220000000001164,24347.355
21809.25,7.229999999999563,24542.082
21809.26,7.239999999997963,24347.355
21809.27,7.25,24542.082
21809.28,7.259999999998399,24542.082
21809.29,7.270000000000437,24493.389
21809.3,7.279999999998836,24590.783
21809.31,7.290000000000873,24590.783
21809.32,7.299999999999272,24590.783
21809.33,7.31000000000131,24688.211
21809.34,7.319999999999709,24688.211
21809.35,7.329999999998108,24444.703
21809.36,7.3400000000001455,24396.025
21809.37,7.349999999998545,24542.082
21809.38,7.360000000000582,24639.492
21809.39,7.369999999998981,24347.355
21809.4,7.380000000001019,24639.492
21809.41,7.389999999999418,24542.082
21809.42,7.399999999997817,24493.389
21809.43,7.4099999999998545,24785.672
21809.44,7.419999999998254,24736.938
21809.45,7.430000000000291,24493.389
21809.46,7.43999999999869,24688.211
21809.47,7.450000000000728,24736.938
21809.48,7.459999999999127,24834.414
21809.49,7.470000000001164,24688.211
21809.5,7.479999999999563,24639.492
21809.51,7.489999999997963,24639.492
21809.52,7.5,24688.211
21809.53,7.509999999998399,24883.164
21809.54,7.520000000000437,24688.211
21809.55,7.529999999998836,24639.492
21809.56,7.540000000000873,24688.211
21809.57,7.549999999999272,24639.492
21809.58,7.56000000000131,24639.492
21809.59,7.569999999999709,24444.703
21809.6,7.579999999998108,24493.389
21809.61,7.5900000000001455,24493.389
21809.62,7.599999999998545,24639.492
21809.63,7.610000000000582,24639.492
21809.64,7.619999999998981,24493.389
21809.65,7.630000000001019,24250.041
21809.66,7.639999999999418,24396.025
21809.67,7.649999999997817,24639.492
21809.68,7.6599999999998545,24542.082
21809.69,7.669999999998254,24396.025
21809.7,7.680000000000291,24444.703
21809.71,7.68999999999869,24590.783
21809.72,7.700000000000728,24639.492
21809.73,7.709999999999127,24785.672
21809.74,7.720000000001164,24444.703
21809.75,7.729999999999563,24542.082
21809.76,7.739999999997963,24639.492
21809.77,7.75,24931.922
21809.78,7.759999999998399,24688.211
21809.79,7.770000000000437,24639.492
21809.8,7.779999999998836,24590.783
21809.81,7.790000000000873,24542.082
21809.82,7.799999999999272,24444.703
21809.83,7.81000000000131,24639.492
21809.84,7.819999999999709,24493.389
21809.85,7.829999999998108,24542.082
21809.86,7.8400000000001455,24736.938
21809.87,7.849999999998545,24639.492
21809.88,7.860000000000582,24785.672
21809.89,7.869999999998981,24688.211
21809.9,7.880000000001019,24639.492
21809.91,7.889999999999418,24736.938
21809.92,7.899999999997817,24688.211
21809.93,7.9099999999998545,24736.938
21809.94,7.919999999998254,24639.492
21809.95,7.930000000000291,24493.389
21809.96,7.93999999999869,24688.211
21809.97,7.950000000000728,24688.211
21809.98,7.959999999999127,24736.938
21809.99,7.970000000001164,24590.783
21810.0,7.979999999999563,24639.492
21810.01,7.989999999997963,24688.211
21810.02,8.0,24834.414
21810.03,8.0099999999984,24542.082
21810.04,8.020000000000437,24396.025
21810.05,8.029999999998836,24590.783
21810.06,8.040000000000873,24542.082
21810.07,8.049999999999272,24493.389
21810.08,8.06000000000131,24444.703
21810.09,8.069999999999709,24444.703
21810.1,8.079999999998108,24396.025
21810.11,8.090000000000146,24493.389
21810.12,8.099999999998545,24444.703
21810.13,8.110000000000582,24542.082
21810.14,8.119999999998981,24542.082
21810.15,8.130000000001019,24590.783
21810.16,8.139999999999418,24542.082
21810.17,8.149999999997817,24639.492
21810.18,8.159999999999854,24542.082
21810.19,8.169999999998254,24444.703
21810.2,8.180000000000291,24688.211
21810.21,8.18999999999869,24688.211
21810.22,8.200000000000728,24688.211
21810.23,8.209999999999127,24590.783
21810.24,8.220000000001164,24444.703
21810.25,8.229999999999563,24688.211
21810.26,8.239999999997963,24250.041
21810.27,8.25,24493.389
21810.28,8.2599999999984,24639.492
21810.29,8.270000000000437,24542.082
21810.3,8.279999999998836,24688.211
21810.31,8.290000000000873,24542.082
21810.32,8.299999999999272,24542.082
21810.33,8.31000000000131,24736.938
21810.34,8.319999999999709,24590.783
21810.35,8.329999999998108,24688.211
21810.36,8.340000000000146,24590.783
21810.37,8.349999999998545,24590.783
21810.38,8.360000000000582,24493.389
21810.39,8.369999999998981,24542.082
21810.4,8.380000000001019,24639.492
21810.41,8.389999999999418,24883.164
21810.42,8.399999999997817,24639.492
21810.43,8.409999999999854,24785.672
21810.44,8.419999999998254,24883.164
21810.45,8.430000000000291,24590.783
21810.46,8.43999999999869,24736.938
21810.47,8.450000000000728,24542.082
21810.48,8.459999999999127,24493.389
21810.49,8.470000000001164,24542.082
21810.5,8.479999999999563,24590.783
21810.51,8.489999999997963,24590.783
21810.52,8.5,24590.783
21810.53,8.5099999999984,24444.703
21810.54,8.520000000000437,24396.025
21810.55,8.529999999998836,24688.211
21810.56,8.540000000000873,24639.492
21810.57,8.549999999999272,24347.355
21810.58,8.56000000000131,24444.703
21810.59,8.569999999999709,24590.783
21810.6,8.579999999998108,24639.492
21810.61,8.590000000000146,24639.492
21810.62,8.599999999998545,24444.703
21810.63,8.610000000000582,24444.703
21810.64,8.619999999998981,24444.703
21810.65,8.630000000001019,24542.082
21810.66,8.639999999999418,24444.703
21810.67,8.649999999997817,24396.025
21810.68,8.659999999999854,24542.082
21810.69,8.669999999998254,24347.355
21810.7,8.680000000000291,24639.492
21810.71,8.68999999999869,24493.389
21810.72,8.700000000000728,24298.695
21810.73,8.709999999999127,24493.389
21810.74,8.720000000001164,24542.082
21810.75,8.729999999999563,24639.492
21810.76,8.739999999997963,24444.703
21810.77,8.75,24444.703
21810.78,8.7599999999984,24590.783
21810.79,8.770000000000437,24542.082
21810.8,8.779999999998836,24590.783
21810.81,8.790000000000873,24542.082
21810.82,8.799999999999272,24493.389
21810.83,8.81000000000131,24444.703
21810.84,8.819999999999709,24444.703
21810.85,8.829999999998108,24542.082
21810.86,8.840000000000146,24444.703
21810.87,8.849999999998545,24590.783
21810.88,8.860000000000582,24639.492
21810.89,8.869999999998981,24736.938
21810.9,8.880000000001019,24688.211
21810.91,8.889999999999418,24493.389
21810.92,8.899999999997817,24347.355
21810.93,8.909999999999854,24493.389
21810.94,8.919999999998254,24444.703
21810.95,8.930000000000291,24493.389
21810.96,8.93999999999869,24493.389
21810.97,8.950000000000728,24493.389
21810.98,8.959999999999127,24444.703
21810.99,8.970000000001164,24396.025
21811.0,8.979999999999563,24347.355
21811.01,8.989999999997963,24542.082
21811.02,9.0,24250.041
21811.03,9.0099999999984,24542.082
21811.04,9.020000000000437,24542.082
21811.05,9.029999999998836,24590.783
21811.06,9.040000000000873,24590.783
21811.07,9.049999999999272,24639.492
21811.08,9.06000000000131,24688.211
21811.09,9.069999999999709,24542.082
21811.1,9.079999999998108,24590.783
21811.11,9.090000000000146,24493.389
21811.12,9.099999999998545,24639.492
21811.13,9.110000000000582,24493.389
21811.14,9.119999999998981,24590.783
21811.15,9.130000000001019,24639.492
21811.16,9.139999999999418,24493.389
21811.17,9.149999999997817,24493.389
21811.18,9.159999999999854,24639.492
21811.19,9.169999999998254,24639.492
21811.2,9.180000000000291,24250.041
21811.21,9.18999999999869,24396.025
21811.22,9.200000000000728,24493.389
21811.23,9.209999999999127,24590.783
21811.24,9.220000000001164,24444.703
21811.25,9.229999999999563,24493.389
21811.26,9.239999999997963,24590.783
21811.27,9.25,24639.492
21811.28,9.2599999999984,24590.783
21811.29,9.270000000000437,24444.703
21811.3,9.279999999998836,24542.082
21811.31,9.290000000000873,24542.082
21811.32,9.299999999999272,24688.211
21811.33,9.31000000000131,24542.082
21811.34,9.319999999999709,24444.703
21811.35,9.329999999998108,24493.389
21811.36,9.340000000000146,24396.025
21811.37,9.349999999998545,24444.703
21811.38,9.360000000000582,24542.082
21811.39,9.369999999998981,24347.355
21811.4,9.380000000001019,24444.703
21811.41,9.389999999999418,24493.389
21811.42,9.399999999997817,24396.025
21811.43,9.409999999999854,24396.025
21811.44,9.419999999998254,24347.355
21811.45,9.430000000000291,24542.082
21811.46,9.43999999999869,24444.703
21811.47,9.450000000000728,24542.082
21811.48,9.459999999999127,24493.389
21811.49,9.470000000001164,24298.695
21811.5,9.479999999999563,24250.041
21811.51,9.489999999997963,24396.025
21811.52,9.5,24493.389
21811.53,9.5099999999984,24542.082
21811.54,9.520000000000437,24493.389
21811.55,9.529999999998836,24298.695
21811.56,9.540000000000873,24493.389
21811.57,9.549999999999272,24396.025
21811.58,9.56000000000131,24396.025
21811.59,9.569999999999709,24396.025
21811.6,9.579999999998108,24396.025
21811.61,9.590000000000146,24250.041
21811.62,9.599999999998545,24444.703
21811.63,9.610000000000582,24493.389
21811.64,9.619999999998981,24396.025
21811.65,9.630000000001019,24250.041
21811.66,9.639999999999418,24347.355
21811.67,9.649999999997817,24493.389
21811.68,9.659999999999854,24444.703
21811.69,9.669999999998254,24250.041
21811.7,9.680000000000291,24444.703
21811.71,9.68999999999869,24444.703
21811.72,9.700000000000728,24590.783
21811.73,9.709999999999127,24493.389
21811.74,9.720000000001164,24542.082
21811.75,9.729999999999563,24444.703
21811.76,9.739999999997963,24688.211
21811.77,9.75,24444.703
21811.78,9.7599999999984,24493.389
21811.79,9.770000000000437,24152.76
21811.8,9.779999999998836,24298.695
21811.81,9.790000000000873,24250.041
21811.82,9.799999999999272,24396.025
21811.83,9.81000000000131,24298.695
21811.84,9.819999999999709,24201.396
21811.85,9.829999999998108,24298.695
21811.86,9.840000000000146,24055.512
21811.87,9.849999999998545,24250.041
21811.88,9.860000000000582,24347.355
21811.89,9.869999999998981,24201.396
21811.9,9.880000000001019,24347.355
21811.91,9.889999999999418,24298.695
21811.92,9.899999999997817,24493.389
21811.93,9.909999999999854,24493.389
21811.94,9.919999999998254,24396.025
21811.95,9.930000000000291,24444.703
21811.96,9.93999999999869,24396.025
21811.97,9.950000000000728,24590.783
21811.98,9.959999999999127,24201.396
21811.99,9.970000000001164,24396.025
21812.0,9.979999999999563,24444.703
21812.01,9.989999999997963,24542.082
21812.02,10.0,24298.695
21812.03,10.0099999999984,24347.355
21812.04,10.020000000000437,24201.396
21812.05,10.029999999998836,24298.695
21812.06,10.040000000000873,24493.389
21812.07,10.049999999999272,24396.025
21812.08,10.06000000000131,24444.703
21812.09,10.069999999999709,24444.703
21812.1,10.079999999998108,24444.703
21812.11,10.090000000000146,24542.082
21812.12,10.099999999998545,24444.703
21812.13,10.110000000000582,24396.025
21812.14,10.119999999998981,24639.492
21812.15,10.130000000001019,24590.783
21812.16,10.139999999999418,24493.389
21812.17,10.149999999997817,24590.783
21812.18,10.159999999999854,24493.389
21812.19,10.169999999998254,24396.025
21812.2,10.180000000000291,24688.211
21812.21,10.18999999999869,24542.082
21812.22,10.200000000000728,24444.703
21812.23,10.209999999999127,24396.025
21812.24,10.220000000001164,24250.041
21812.25,10.229999999999563,24396.025
21812.26,10.239999999997963,24347.355
21812.27,10.25,24055.512
21812.28,10.2599999999984,24396.025
21812.29,10.270000000000437,24347.355
21812.3,10.279999999998836,24493.389
21812.31,10.290000000000873,24298.695
21812.32,10.299999999999272,24298.695
21812.33,10.31000000000131,24055.512
21812.34,10.319999999999709,24347.355
21812.35,10.329999999998108,24298.695
21812.36,10.340000000000146,24347.355
21812.37,10.349999999998545,24347.355
21812.38,10.360000000000582,24347.355
21812.39,10.369999999998981,24444.703
21812.4,10.380000000001019,24493.389
21812.41,10.389999999999418,24542.082
21812.42,10.399999999997817,24347.355
21812.43,10.409999999999854,24347.355
21812.44,10.419999999998254,24347.355
21812.45,10.430000000000291,24347.355
21812.46,10.43999999999869,24493.389
21812.47,10.450000000000728,24493.389
21812.48,10.459999999999127,24396.025
21812.49,10.470000000001164,24590.783
21812.5,10.479999999999563,24542.082
21812.51,10.489999999997963,24493.389
21812.52,10.5,24444.703
21812.53,10.5099999999984,24396.025
21812.54,10.520000000000437,24347.355
21812.55,10.529999999998836,24347.355
21812.56,10.540000000000873,24493.389
21812.57,10.549999999999272,24542.082
21812.58,10.56000000000131,24542.082
21812.59,10.569999999999709,24590.783
21812.6,10.579999999998108,24639.492
21812.61,10.590000000000146,24493.389
21812.62,10.599999999998545,24250.041
21812.63,10.610000000000582,24493.389
21812.64,10.619999999998981,24396.025
21812.65,10.630000000001019,24444.703
21812.66,10.639999999999418,24250.041
21812.67,10.649999999997817,24201.396
21812.68,10.659999999999854,24444.703
21812.69,10.669999999998254,24152.76
21812.7,10.680000000000291,24347.355
21812.71,10.68999999999869,24250.041
21812.72,10.700000000000728,24493.389
21812.73,10.709999999999127,24298.695
21812.74,10.720000000001164,24298.695
21812.75,10.729999999999563,24250.041
21812.76,10.739999999997963,24250.041
21812.77,10.75,24444.703
21812.78,10.7599999999984,24347.355
21812.79,10.770000000000437,24542.082
21812.8,10.779999999998836,24396.025
21812.81,10.790000000000873,24444.703
21812.82,10.799999999999272,24250.041
21812.83,10.81000000000131,24590.783
21812.84,10.819999999999709,24639.492
21812.85,10.829999999998108,24688.211
21812.86,10.840000000000146,24444.703
21812.87,10.849999999998545,24250.041
21812.88,10.860000000000582,24542.082
21812.89,10.869999999998981,24493.389
21812.9,10.880000000001019,24542.082
21812.91,10.889999999999418,24444.703
21812.92,10.899999999997817,24347.355
21812.93,10.909999999999854,24493.389
21812.94,10.919999999998254,24542.082
21812.95,10.930000000000291,24493.389
21812.96,10.93999999999869,24444.703
21812.97,10.950000000000728,24347.355
21812.98,10.959999999999127,24396.025
21812.99,10.970000000001164,24396.025
21813.0,10.979999999999563,24444.703
21813.01,10.989999999997963,24444.703
21813.02,11.0,24444.703
21813.03,11.0099999999984,24347.355
21813.04,11.020000000000437,24542.082
21813.05,11.029999999998836,24590.783
21813.06,11.040000000000873,24347.355
21813.07,11.049999999999272,24444.703
21813.08,11.06000000000131,24590.783
21813.09,11.069999999999709,24590.783
21813.1,11.079999999998108,24347.355
21813.11,11.090000000000146,24250.041
21813.12,11.099999999998545,24298.695
21813.13,11.110000000000582,24396.025
21813.14,11.119999999998981,24298.695
21813.15,11.130000000001019,24055.512
21813.16,11.139999999999418,24347.355
21813.17,11.149999999997817,24298.695
21813.18,11.159999999999854,24298.695
21813.19,11.169999999998254,24444.703
21813.2,11.180000000000291,24250.041
21813.21,11.18999999999869,24250.041
21813.22,11.200000000000728,24347.355
21813.23,11.209999999999127,24444.703
21813.24,11.220000000001164,24347.355
21813.25,11.229999999999563,24396.025
21813.26,11.239999999997963,24493.389
21813.27,11.25,24396.025
21813.28,11.2599999999984,24444.703
21813.29,11.270000000000437,24396.025
21813.3,11.279999999998836,24396.025
21813.31,11.290000000000873,24250.041
21813.32,11.299999999999272,24201.396
21813.33,11.31000000000131,24493.389
21813.34,11.319999999999709,24201.396
21813.35,11.329999999998108,24347.355
21813.36,11.340000000000146,24444.703
21813.37,11.349999999998545,24444.703
21813.38,11.360000000000582,24542.082
21813.39,11.369999999998981,24542.082
21813.4,11.380000000001019,24055.512
21813.41,11.389999999999418,24250.041
21813.42,11.399999999997817,24396.025
21813.43,11.409999999999854,24493.389
21813.44,11.419999999998254,24493.389
21813.45,11.430000000000291,24590.783
21813.46,11.43999999999869,24542.082
21813.47,11.450000000000728,24444.703
21813.48,11.459999999999127,24542.082
21813.49,11.470000000001164,24542.082
21813.5,11.479999999999563,24542.082
21813.51,11.489999999997963,24493.389
21813.52,11.5,24590.783
21813.53,11.5099999999984,24493.389
21813.54,11.520000000000437,24396.025
21813.55,11.529999999998836,24298.695
21813.56,11.540000000000873,24396.025
21813.57,11.549999999999272,24298.695
21813.58,11.56000000000131,24250.041
21813.59,11.569999999999709,24201.396
21813.6,11.579999999998108,24298.695
21813.61,11.590000000000146,24201.396
21813.62,11.599999999998545,24298.695
21813.63,11.610000000000582,24347.355
21813.64,11.619999999998981,24396.025
21813.65,11.630000000001019,24493.389
21813.66,11.639999999999418,24298.695
21813.67,11.649999999997817,24347.355
21813.68,11.659999999999854,24347.355
21813.69,11.669999999998254,24250.041
21813.7,11.680000000000291,24347.355
21813.71,11.68999999999869,24542.082
21813.72,11.700000000000728,24493.389
21813.73,11.709999999999127,24347.355
21813.74,11.720000000001164,24152.76
21813.75,11.729999999999563,24298.695
21813.76,11.739999999997963,24347.355
21813.77,11.75,24298.695
21813.78,11.7599999999984,24298.695
21813.79,11.770000000000437,24396.025
21813.8,11.779999999998836,24347.355
21813.81,11.790000000000873,24396.025
21813.82,11.799999999999272,24590.783
21813.83,11.81000000000131,24347.355
21813.84,11.819999999999709,24298.695
21813.85,11.829999999998108,24201.396
21813.86,11.840000000000146,24396.025
21813.87,11.849999999998545,24493.389
21813.88,11.860000000000582,24542.082
21813.89,11.869999999998981,24639.492
21813.9,11.880000000001019,24493.389
21813.91,11.889999999999418,24590.783
21813.92,11.899999999997817,24444.703
21813.93,11.909999999999854,24688.211
21813.94,11.919999999998254,24590.783
21813.95,11.930000000000291,24639.492
21813.96,11.93999999999869,24590.783
21813.97,11.950000000000728,24444.703
21813.98,11.959999999999127,24201.396
21813.99,11.970000000001164,24104.131
21814.0,11.979999999999563,24104.131
21814.01,11.989999999997963,24298.695
21814.02,12.0,24298.695
21814.03,12.0099999999984,24298.695
21814.04,12.020000000000437,24250.041
21814.05,12.029999999998836,24201.396
21814.06,12.040000000000873,24201.396
21814.07,12.049999999999272,24250.041
21814.08,12.06000000000131,24201.396
21814.09,12.069999999999709,24250.041
21814.1,12.079999999998108,24444.703
21814.11,12.090000000000146,24347.355
21814.12,12.099999999998545,24298.695
21814.13,12.110000000000582,24347.355
21814.14,12.119999999998981,24444.703
21814.15,12.130000000001019,24250.041
21814.16,12.139999999999418,24250.041
21814.17,12.149999999997817,24347.355
21814.18,12.159999999999854,24250.041
21814.19,12.169999999998254,24250.041
21814.2,12.180000000000291,24152.76
21814.21,12.18999999999869,24493.389
21814.22,12.200000000000728,24493.389
21814.23,12.209999999999127,24298.695
21814.24,12.220000000001164,24493.389
21814.25,12.229999999999563,24396.025
21814.26,12.239999999997963,24542.082
21814.27,12.25,24347.355
21814.28,12.2599999999984,24347.355
21814.29,12.270000000000437,24298.695
21814.3,12.279999999998836,24250.041
21814.31,12.290000000000873,24396.025
21814.32,12.299999999999272,24444.703
21814.33,12.31000000000131,24493.389
21814.34,12.319999999999709,24590.783
21814.35,12.329999999998108,24493.389
21814.36,12.340000000000146,24444.703
21814.37,12.349999999998545,24347.355
21814.38,12.360000000000582,24493.389
21814.39,12.369999999998981,24396.025
21814.4,12.380000000001019,24542.082
21814.41,12.389999999999418,24250.041
21814.42,12.399999999997817,23909.699
21814.43,12.409999999999854,24152.76
21814.44,12.419999999998254,24250.041
21814.45,12.430000000000291,24444.703
21814.46,12.43999999999869,24250.041
21814.47,12.450000000000728,24104.131
21814.48,12.459999999999127,24152.76
21814.49,12.470000000001164,24298.695
21814.5,12.479999999999563,24298.695
21814.51,12.489999999997963,24298.695
21814.52,12.5,24298.695
21814.53,12.5099999999984,24298.695
21814.54,12.520000000000437,24250.041
21814.55,12.529999999998836,24493.389
21814.56,12.540000000000873,24201.396
21814.57,12.549999999999272,24250.041
21814.58,12.56000000000131,24250.041
21814.59,12.569999999999709,24298.695
21814.6,12.579999999998108,24250.041
21814.61,12.590000000000146,24298.695
21814.62,12.599999999998545,24201.396
21814.63,12.610000000000582,24250.041
21814.64,12.619999999998981,24298.695
21814.65,12.630000000001019,24250.041
21814.66,12.639999999999418,24152.76
21814.67,12.649999999997817,24347.355
21814.68,12.659999999999854,24201.396
21814.69,12.669999999998254,24396.025
21814.7,12.680000000000291,24298.695
21814.71,12.68999999999869,24396.025
21814.72,12.700000000000728,24152.76
21814.73,12.709999999999127,24396.025
21814.74,12.720000000001164,24250.041
21814.75,12.729999999999563,24347.355
21814.76,12.739999999997963,24250.041
21814.77,12.75,24347.355
21814.78,12.7599999999984,24298.695
21814.79,12.770000000000437,24493.389
21814.8,12.779999999998836,24250.041
21814.81,12.790000000000873,24298.695
21814.82,12.799999999999272,24298.695
21814.83,12.81000000000131,24444.703
21814.84,12.819999999999709,24347.355
21814.85,12.829999999998108,24055.512
21814.86,12.840000000000146,24201.396
21814.87,12.849999999998545,24298.695
21814.88,12.860000000000582,24152.76
21814.89,12.869999999998981,24104.131
21814.9,12.880000000001019,24104.131
21814.91,12.889999999999418,24055.512
21814.92,12.899999999997817,24152.76
21814.93,12.909999999999854,24493.389
21814.94,12.919999999998254,24055.512
21814.95,12.930000000000291,23861.109
21814.96,12.93999999999869,24250.041
21814.97,12.950000000000728,24104.131
21814.98,12.959999999999127,24298.695
21814.99,12.970000000001164,24250.041
21815.0,12.979999999999563,24298.695
21815.01,12.989999999997963,24152.76
21815.02,13.0,24055.512
21815.03,13.0099999999984,24298.695
21815.04,13.020000000000437,24396.025
21815.05,13.029999999998836,24250.041
21815.06,13.040000000000873,24201.396
21815.07,13.049999999999272,24055.512
21815.08,13.06000000000131,24104.131
21815.09,13.069999999999709,24152.76
21815.1,13.079999999998108,24152.76
21815.11,13.090000000000146,24250.041
21815.12,13.099999999998545,24250.041
21815.13,13.110000000000582,24298.695
21815.14,13.119999999998981,24493.389
21815.15,13.130000000001019,24152.76
21815.16,13.139999999999418,24152.76
21815.17,13.149999999997817,24250.041
21815.18,13.159999999999854,24493.389
21815.19,13.169999999998254,24250.041
21815.2,13.180000000000291,24104.131
21815.21,13.18999999999869,24298.695
21815.22,13.200000000000728,24493.389
21815.23,13.209999999999127,24347.355
21815.24,13.220000000001164,24298.695
21815.25,13.229999999999563,24347.355
21815.26,13.239999999997963,24347.355
21815.27,13.25,24396.025
21815.28,13.2599999999984,24347.355
21815.29,13.270000000000437,24152.76
21815.3,13.279999999998836,24006.898
21815.31,13.290000000000873,24201.396
21815.32,13.299999999999272,24055.512
21815.33,13.31000000000131,23958.295
21815.34,13.319999999999709,23861.109
21815.35,13.329999999998108,24055.512
21815.36,13.340000000000146,24250.041
21815.37,13.349999999998545,24152.76
21815.38,13.360000000000582,24104.131
21815.39,13.369999999998981,24006.898
21815.4,13.380000000001019,24152.76
21815.41,13.389999999999418,24298.695
21815.42,13.399999999997817,24250.041
21815.43,13.409999999999854,24104.131
21815.44,13.419999999998254,24152.76
21815.45,13.430000000000291,24201.396
21815.46,13.43999999999869,24250.041
21815.47,13.450000000000728,24298.695
21815.48,13.459999999999127,24250.041
21815.49,13.470000000001164,24055.512
21815.5,13.479999999999563,24250.041
21815.51,13.489999999997963,24152.76
21815.52,13.5,24055.512
21815.53,13.5099999999984,24201.396
21815.54,13.520000000000437,24055.512
21815.55,13.529999999998836,24298.695
21815.56,13.540000000000873,24201.396
21815.57,13.549999999999272,24201.396
21815.58,13.56000000000131,24298.695
21815.59,13.569999999999709,23861.109
21815.6,13.579999999998108,24055.512
21815.61,13.590000000000146,24152.76
21815.62,13.599999999998545,24104.131
21815.63,13.610000000000582,24250.041
21815.64,13.619999999998981,24152.76
21815.65,13.630000000001019,24396.025
21815.66,13.639999999999418,24444.703
21815.67,13.649999999997817,24347.355
21815.68,13.659999999999854,24250.041
21815.69,13.669999999998254,24250.041
21815.7,13.680000000000291,24201.396
21815.71,13.68999999999869,24298.695
21815.72,13.700000000000728,24250.041
21815.73,13.709999999999127,24152.76
21815.74,13.720000000001164,24104.131
21815.75,13.729999999999563,24250.041
21815.76,13.739999999997963,24055.512
21815.77,13.75,24298.695
21815.78,13.7599999999984,23861.109
21815.79,13.770000000000437,23909.699
21815.8,13.779999999998836,23958.295
21815.81,13.790000000000873,24055.512
21815.82,13.799999999999272,24201.396
21815.83,13.81000000000131,23909.699
21815.84,13.819999999999709,24006.898
21815.85,13.829999999998108,24201.396
21815.86,13.840000000000146,24152.76
21815.87,13.849999999998545,24055.512
21815.88,13.860000000000582,24104.131
21815.89,13.869999999998981,24152.76
21815.9,13.880000000001019,24104.131
21815.91,13.889999999999418,24250.041
21815.92,13.899999999997817,24250.041
21815.93,13.909999999999854,24055.512
21815.94,13.919999999998254,24201.396
21815.95,13.930000000000291,24152.76
21815.96,13.93999999999869,24006.898
21815.97,13.950000000000728,24055.512
21815.98,13.959999999999127,24104.131
21815.99,13.970000000001164,24055.512
21816.0,13.979999999999563,24055.512
21816.01,13.989999999997963,24298.695
21816.02,14.0,24201.396
21816.03,14.0099999999984,24104.131
21816.04,14.020000000000437,24250.041
21816.05,14.029999999998836,24055.512
21816.06,14.040000000000873,24201.396
21816.07,14.049999999999272,24152.76
21816.08,14.06000000000131,24104.131
21816.09,14.069999999999709,24250.041
21816.1,14.079999999998108,24250.041
21816.11,14.090000000000146,24298.695
21816.12,14.099999999998545,24055.512
21816.13,14.110000000000582,23909.699
21816.14,14.119999999998981,24104.131
21816.15,14.130000000001019,24396.025
21816.16,14.139999999999418,24201.396
21816.17,14.149999999997817,24006.898
21816.18,14.159999999999854,23861.109
21816.19,14.169999999998254,24055.512
21816.2,14.180000000000291,24104.131
21816.21,14.18999999999869,23958.295
21816.22,14.200000000000728,23909.699
21816.23,14.209999999999127,24104.131
21816.24,14.220000000001164,24055.512
21816.25,14.229999999999563,24104.131
21816.26,14.239999999997963,24104.131
21816.27,14.25,23861.109
21816.28,14.2599999999984,24055.512
21816.29,14.270000000000437,24006.898
21816.3,14.279999999998836,24055.512
21816.31,14.290000000000873,24006.898
21816.32,14.299999999999272,23958.295
21816.33,14.31000000000131,24104.131
21816.34,14.319999999999709,24104.131
21816.35,14.329999999998108,23958.295
21816.36,14.340000000000146,23958.295
21816.37,14.349999999998545,23958.295
21816.38,14.360000000000582,24152.76
21816.39,14.369999999998981,23763.959
21816.4,14.380000000001019,24006.898
21816.41,14.389999999999418,24006.898
21816.42,14.399999999997817,24055.512
21816.43,14.409999999999854,24152.76
21816.44,14.419999999998254,24152.76
21816.45,14.430000000000291,24104.131
21816.46,14.43999999999869,24152.76
21816.47,14.450000000000728,24298.695
21816.48,14.459999999999127,24347.355
21816.49,14.470000000001164,24152.76
21816.5,14.479999999999563,24055.512
21816.51,14.489999999997963,24152.76
21816.52,14.5,24104.131
21816.53,14.5099999999984,23958.295
21816.54,14.520000000000437,24006.898
21816.55,14.529999999998836,24055.512
21816.56,14.540000000000873,23861.109
21816.57,14.549999999999272,24104.131
21816.58,14.56000000000131,24055.512
21816.59,14.569999999999709,24006.898
21816.6,14.579999999998108,24104.131
21816.61,14.590000000000146,24152.76
21816.62,14.599999999998545,23909.699
21816.63,14.610000000000582,24736.938
21816.64,14.619999999998981,25713.164
21816.65,14.630000000001019,26104.566
21816.66,14.639999999999418,26104.566
21816.67,14.649999999997817,26300.461
21816.68,14.659999999999854,26349.455
21816.69,14.669999999998254,26251.475
21816.7,14.680000000000291,26447.469
21816.71,14.68999999999869,25713.164
21816.72,14.700000000000728,24590.783
21816.73,14.709999999999127,23909.699
21816.74,14.720000000001164,23666.84
21816.75,14.729999999999563,23715.395
21816.76,14.739999999997963,23472.699
21816.77,14.75,23521.223
21816.78,14.7599999999984,23521.223
21816.79,14.770000000000437,23618.293
21816.8,14.779999999998836,23666.84
21816.81,14.790000000000873,23569.752
21816.82,14.799999999999272,23472.699
21816.83,14.81000000000131,23472.699
21816.84,14.819999999999709,23618.293
21816.85,14.829999999998108,23715.395
21816.86,14.840000000000146,23521.223
21816.87,14.849999999998545,23472.699
21816.88,14.860000000000582,23327.178
21816.89,14.869999999998981,23472.699
21816.9,14.880000000001019,23472.699
21816.91,14.889999999999418,23472.699
21816.92,14.899999999997817,23375.678
21816.93,14.909999999999854,23763.959
21816.94,14.919999999998254,23375.678
21816.95,14.930000000000291,23618.293
21816.96,14.93999999999869,23472.699
21816.97,14.950000000000728,23424.184
21816.98,14.959999999999127,23327.178
21816.99,14.970000000001164,21442.066
21817.0,14.979999999999563,20816.443
21817.01,14.989999999997963,20432.125
21817.02,15.0,20000.389
