// This file was @generated automatically

#define BIAS_0 { \
  0x00, 0x00, 0x01, 0x01, 0x01, 0x00, 0x00, 0x00, 0x00, 0x01, 0x00, 0x00, 0xfb, 0x06, 0x1b, 0x09, \
  0xec, 0x09, 0x0e, 0x01, 0x02, 0x02, 0x04, 0x1f, 0x0e, 0x1c, 0x06, 0x15, 0xdd, 0x10, 0x12, 0x14, \
  0x07, 0x0f, 0x01, 0x11, 0xf3, 0x18, 0x15, 0x04, 0xf4, 0xcf, 0xef, 0xf4, 0x02, 0x1b, 0x00, 0xe5, \
  0x0a, 0x0a, 0x00, 0x17, 0x18, 0x0f, 0x20, 0x0a, 0x22, 0x03, 0x15, 0x1f, 0xf8, 0x01, 0x00, 0x0c, \
  0x0f, 0xeb, 0x1b, 0x02, 0x04, 0x17, 0x04, 0x02, 0x10, 0x0b, 0x05, 0x06 \
}
#define BIAS_1 { \
  0x02, 0x07, 0x04, 0xfc, 0xd0, 0x03, 0xfb, 0x0c, 0x03, 0x06, 0x0e, 0xfc, 0xce, 0xff, 0xf9, 0x00, \
  0x02, 0xfa, 0x0d, 0xf7, 0xbc, 0x02, 0x05, 0xf7, 0x07, 0x09, 0x03, 0x11, 0x04, 0x06, 0x05, 0x04, \
  0x04, 0x02, 0xff, 0x00, 0x03, 0xff, 0x01, 0x0a, 0x0e, 0x04, 0xff, 0x09, 0x07, 0x13, 0xe2, 0xfe, \
  0x0a, 0xf7, 0x07, 0x02, 0x07, 0xfe, 0x04, 0xe4, 0x06, 0x04, 0x07, 0x04, 0xe5, 0x0c, 0x06, 0xb8, \
  0x11, 0x04, 0x01, 0x0f, 0x07, 0x04, 0x08, 0x0c, 0x01, 0x08, 0x05, 0x0b, 0x06, 0x05, 0x04, 0x0a, \
  0x01, 0x03, 0x0a, 0xfc, 0xff, 0x0c, 0x07, 0x02, 0x07, 0x04, 0x06, 0x12, 0x01, 0x00, 0xfc, 0x05, \
  0xfc, 0x05, 0x06, 0x0a, 0x03, 0x04, 0x01, 0x0f, 0xfd, 0xfa, 0x05, 0x03, 0x0a, 0x08, 0x0a, 0x01, \
  0x07, 0x02, 0xfe, 0x09, 0x09, 0x05, 0x03, 0x04, 0x00, 0x0e, 0x00, 0x09, 0x0f, 0xfe, 0x0c, 0x06 \
}
#define BIAS_2 { \
  0x24, 0xe4, 0x24, 0x1a, 0x0a, 0x24, 0x28, 0x18, 0x3c, 0x1b, 0x41, 0x2f, 0x19, 0xdc, 0xee, 0x2e, \
  0x20, 0xdf, 0xf6, 0x18, 0x48, 0x17, 0x03, 0xff, 0x32, 0x10, 0x24, 0xfa, 0x36, 0x00, 0x20, 0x01, \
  0x42, 0xfd, 0x28, 0x52, 0x0d, 0x1c, 0x1a, 0xf1, 0x3d, 0x2a, 0xfd, 0x33, 0xe3, 0xf5, 0x25, 0x48, \
  0x27, 0x02, 0x2a, 0x28, 0x01, 0x4e, 0x2e, 0x0e, 0x34, 0x2d, 0x26, 0x25, 0x1c, 0x0a, 0xf9, 0x0b \
}
#define BIAS_3 { \
  0x20, 0x23, 0x05, 0x21, 0x36, 0xf9, 0xf5, 0x48, 0xdb, 0x22, 0x03, 0x05, 0xf7, 0x0f, 0xd6, 0xbf, \
  0x06, 0xed, 0xeb, 0xf8, 0xd9, 0x08, 0xeb, 0xfc, 0x17, 0x0f, 0x01, 0x0d, 0xf5, 0x12, 0x16, 0x0c, \
  0x09, 0xee, 0xfa, 0xf7, 0x0c, 0x03, 0x04, 0x00, 0xf7, 0xf7, 0x10, 0x1e, 0x02, 0x1f, 0xf0, 0x1a, \
  0x0a, 0xfa, 0x18, 0x1f, 0x2f, 0xf9, 0x05, 0x2a, 0xfa, 0x14, 0x0b, 0x29, 0x1b, 0xf3, 0x2f, 0xfa \
}
#define KERNELS { \
  0x50180000, 0x00000083, 0x00f4ed0b, 0x0d07d009, 0xe01504e8, 0x100e13e9, 0x08e20219, 0xdcecf6ff, \
  0x11e40106, 0x01ef17e8, 0xe4cde8e0, 0x0b1711f0, 0xf7fcebf4, 0xf401f3f2, 0xfc180b10, 0x0a00ff09, \
  0x1afc1507, 0x06f6e60d, 0xff300cfd, 0xe40a0803, 0x16f70100, 0x04ffed07, 0x11f50727, 0xf8ebddba, \
  0x0826fbf8, 0xfd1efffa, 0x09fdfefe, 0xf1f41203, 0x07f50f0d, 0x0822eef9, 0x0814220e, 0x00ee161d, \
  0x1d00edec, 0xf7ef0301, 0x03fd0828, 0x1e0519fb, 0x091afade, 0xd4ccf41f, 0x05060eee, 0xe5fdf3ff, \
  0xeef8f406, 0x0de3ea0f, 0xedf6fa0a, 0x08e6fcf3, 0xfefa0006, 0x0b0bfbd9, 0xf2ec19f7, 0xe5e2f7eb, \
  0xf2ed010c, 0x0b1704e1, 0x281ed3eb, 0x0efee8f6, 0xf7e9e4e2, 0x16120915, 0xe4e70212, 0xde010f07, \
  0x0c0afc05, 0x10f4130b, 0x28050003, 0x1809fffd, 0x02110518, 0x0d1e1a0f, 0x030afcf2, 0xf1ee0b0e, \
  0xf6f6d2f4, 0x0ffbf6ff, 0xe1031108, 0xff0a120f, 0xfded151d, 0x0cf8e0f9, 0xddea16fd, 0xdf01ddfc, \
  0xfef4e4ee, 0x1903def5, 0x0af1faf7, 0xd0d5df23, 0x0ff9fe00, 0x09e0ebfd, 0xebf51516, 0x21050906, \
  0x04f7e700, 0x000000d9, 0xfa0d05f6, 0xfef4140f, 0xfd0711f2, 0xf70cf1f6, 0x0c02faf6, 0xf60300ee, \
  0xedef0903, 0x08ff0508, 0xf100f017, 0x1a1106e1, 0x0df6e9f2, 0xf202fafd, 0xf2f918fa, 0xfae00a07, \
  0xfe00120b, 0xfbf5f70a, 0xfe0314f6, 0x151208ee, 0xf8faf20d, 0x0dfefb0f, 0xfbfff2fc, 0x06f8f810, \
  0xf70902f9, 0x011309f3, 0xf0fef002, 0xf3fa1409, 0xea0afaf8, 0xf110fcf2, 0xfff201fc, 0x0001f609, \
  0x07030600, 0xf117fdf7, 0xf4fa0eed, 0x110513fa, 0x00f7010d, 0xe00425f8, 0xfe02f90a, 0xeaefe7ff, \
  0xfd110de8, 0xfdddfefe, 0xfefaf101, 0xf6f7f7fd, 0xfbf51106, 0x0a04f4f5, 0x0b0ffb02, 0x0ee3f00d, \
  0x050df508, 0xf7f90507, 0xf8000000, 0x00000010, 0x13f90000, 0x501800f0, 0x00000032, 0x1eea070c, \
  0x04f706fc, 0xebf2fc19, 0x0f0c21ff, 0xf216ecec, 0x06050be2, 0xfef6f3fc, 0xf7f009ef, 0xff0003ea, \
  0x01ef100c, 0x0509f9fe, 0x1407f8f3, 0x2211daf8, 0xf1e6fde2, 0x020e14dd, 0xe9001905, 0xeaef010c, \
  0x0d0fdeee, 0x0815f9e3, 0x030e0a08, 0x0fea1011, 0x04fd04f6, 0xf60fe2fa, 0xec0bfee6, 0xe7f9fffe, \
  0xff05e6f1, 0xea0307e3, 0x0ff30304, 0xeb190e18, 0x05fff00e, 0xff050704, 0xf7ff08f2, 0xdafc170f, \
  0xdcec0c13, 0x02e9cf0d, 0x1104ff09, 0xf90adf19, 0x120be9fb, 0xfcfbf60f, 0xf8ffee03, 0x08fed81c, \
  0x0dfffcf9, 0x0809f3f4, 0xef0711f5, 0xf0f9fd0c, 0x0500f516, 0xe1ea01fe, 0xf4000000, 0x00000018, \
  0x12f60000, 0x50180150, 0x00000017, 0x03fc0ffc, 0xf520dde7, 0x18e410ee, 0x0008e5e8, 0x1d100702, \
  0xfef9de33, 0xdaebe62a, 0x0004f2fb, 0xe8f1fef8, 0xf4ed3205, 0xe102d1ec, 0xfef60df3, 0xd6eafe1f, \
  0xebfce9ec, 0x02c81215, 0xf8e80900, 0x00000000, 0x0000000d, 0xf9ba21f0, 0x12cb2912, 0xfe000000, \
  0x0000000a, 0xdab50000, 0x50180180, 0x00000051, 0x04fefe02, 0x0202ffff, 0x03080301, 0x000604fe, \
  0xfb03fffd, 0x0204d8f5, 0xfffbf501, 0xfb02f901, 0x04000005, 0x0002fe09, 0xfefa0808, 0x040b1102, \
  0x02030307, 0x03f7d908, 0xfdfffc09, 0xf402ee02, 0xfd01fe08, 0xfefaf5f9, 0x03f3030c, 0x03fafb06, \
  0xfbfb04fa, 0x0000fff9, 0x09fffef9, 0x01040201, 0x05040105, 0x01fcf6f4, 0xd101fcfb, 0x0105fe01, \
  0x0405fe01, 0x01000106, 0x07fbff05, 0xf2fa01f8, 0x0afc04fe, 0xfd0f03fe, 0x01ff03fa, 0x050e0602, \
  0x0c04fb02, 0x01ff0002, 0x05f9fffc, 0x020304fd, 0x00f90002, 0x04fefa04, 0xfb0b08fa, 0x050af8fd, \
  0xfefe06fb, 0xffff0005, 0x0302fe01, 0xff0afe01, 0x03fefb02, 0x02020103, 0x04000905, 0xfefe0504, \
  0xf80406fe, 0x02ff0301, 0x04f90f05, 0xf5ff0204, 0x00f5f001, 0xfffc040f, 0x0701fe0a, 0xffff0106, \
  0xfa02fb05, 0xff04fef9, 0xfc030200, 0x020002fd, 0xfe050203, 0xff020502, 0xf9000701, 0x03fbfaf4, \
  0xfbf90304, 0x06fb0003, 0x010104f7, 0x06020304, 0xf80102fe, 0x0405fdff, 0x0301feed, 0xf406ff04, \
  0x0007fe03, 0x01ff0705, 0x03040200, 0x000000fb, 0xffcfeefe, 0x50184000, 0x00000083, 0xfcecec23, \
  0xfbfaeaee, 0xf41b0104, 0x0e0c1710, 0x110dfa2b, 0x252807ed, 0xdbf5e8f3, 0xf7c9d80a, 0x140206ff, \
  0xefe6090f, 0x04250800, 0x00fdf9ee, 0xf6fffce0, 0xddeefcea, 0xd1d01901, 0xf30f2ef1, 0x10f612f3, \
  0xfed7e0f0, 0x0de7e1e8, 0xeffce926, 0x00d7ee1b, 0x13020a0c, 0xe4fdfef3, 0xf808f700, 0xece4c60e, \
  0xeaf9f9eb, 0xdef6100b, 0x12f504e5, 0x18150011, 0x07f1070b, 0x09fc0410, 0xe0fcf5f7, 0x06f3fb00, \
  0xeffdf22b, 0x2421fb09, 0xfd09010a, 0xdde60b17, 0xee09e202, 0xe3d7f3f0, 0xfe0e12fd, 0xf40513f3, \
  0xe110050c, 0x0ee1e1e5, 0xffeff229, 0xfdf1f927, 0xf5fafe10, 0xd2cdf723, 0xfe21fbfb, 0xe80ef6db, \
  0xfaf90111, 0xfbfafd18, 0x22faf013, 0x001efad6, 0x0908da04, 0xd5e11115, 0x01dbf5d3, 0xf7f5efe3, \
  0xf118ff0e, 0x1006dde7, 0x20fd1309, 0x170a03e6, 0x01ecf806, 0xed09bfec, 0x11f3ef02, 0xeb0e280b, \
  0x05ccd6c5, 0xeebdf80f, 0x0b0dfcf8, 0xeffb23fb, 0xdef505f3, 0xf81400f7, 0xf0f5fcf1, 0xdefdddf4, \
  0xe4fc1b10, 0xf72ab9f1, 0x11dbf9ff, 0x06e9e4ea, 0xd2e40ecf, 0xf3111200, 0x0000001a, 0xc4f6f70c, \
  0xf8fb13fc, 0xe3fe0410, 0x0104f211, 0xf0ef0702, 0x03ed0709, 0xfbf8fd07, 0xf601e6fa, 0x060809ff, \
  0x13fff3fc, 0xfcf0ff09, 0x0e00fcfe, 0x07fc1312, 0xee1a02f9, 0x0a02f905, 0xf00205fd, 0xf8fe22fc, \
  0xfcf2f900, 0xf20ffefa, 0xfd01eef3, 0xf41307ea, 0xf3f6f9fe, 0x1cf9f8fd, 0xf906000c, 0xdbf81002, \
  0xf4ff06f7, 0x0bf90302, 0x0dfc0a0c, 0x00f601f3, 0x05030201, 0xe5e1f809, 0x0cf2100d, 0x09f8fff5, \
  0x14f90b0a, 0xf7e300ed, 0x08f805f7, 0x0cfd1505, 0x0ffc060c, 0xf4ee0509, 0xf8f809fa, 0x07f5ebfe, \
  0xf9fde4e8, 0xed16f0f9, 0xee01fdec, 0x13fd04ea, 0x00ffeef5, 0x08f20209, 0x11f205f9, 0x05000000, \
  0x00000001, 0x18f60000, 0x501840f0, 0x00000032, 0xebf801ed, 0x120007fd, 0xee070307, 0xf90e07e7, \
  0x22fff802, 0xe8efe105, 0xf9f0fc05, 0xf70dfaed, 0x00f50010, 0x0e001bc3, 0x0b0ddd13, 0xe10802e4, \
  0x01ee0afd, 0xdcf8fafc, 0x0526ecf3, 0xfbed0af5, 0xfae30adc, 0x11f3f9f1, 0xec02fef6, 0x0becda0e, \
  0xf81d06fc, 0x0006fd06, 0x010d0501, 0xf4f2f9f5, 0xfdf10614, 0x0af0ee03, 0xe8100b00, 0xf6100a04, \
  0x1105ccde, 0x13f3ebee, 0x0d00fff4, 0xe301f0f0, 0x0e0f0808, 0xea0e0508, 0xfb04fbe8, 0xfafe05ff, \
  0xfb0d0ee3, 0xe8f9e80a, 0xf2fe0dfe, 0xf6070cfb, 0x0615e7e6, 0x1907eff7, 0xf01e04fa, 0xf609f4e5, \
  0xfff40af7, 0x0d04fff6, 0xfdf30c0c, 0xef000000, 0x00000019, 0x03e90000, 0x50184150, 0x00000017, \
  0x041dfb11, 0xfef2f812, 0xeb272602, 0x190ff50a, 0xfeecf60a, 0xfa13e7fe, 0x1f261200, 0xfe1503e2, \
  0x0ff20912, 0xfdf907f4, 0x150f0df9, 0x0feff719, 0x10092be3, 0x1a0d0d00, 0xeef5c304, 0xc607fe00, \
  0x00000000, 0x00000024, 0xbbe6d8be, 0xd021f1d2, 0x04000000, 0x0000001a, 0x15300000, 0x50184180, \
  0x00000051, 0x05f8f4fa, 0x030004ff, 0x00fdfd01, 0x04fbfa01, 0x020300fd, 0x03ff0bfe, 0xfcfd0501, \
  0xf3ff0605, 0xff01f801, 0xf50910fd, 0x0202ff04, 0xfefe0601, 0x08060203, 0xf700f8f8, 0x03fafdf9, \
  0x0905f2fc, 0x08fa0008, 0xfe00ff0c, 0x0006fd05, 0xfdf7f901, 0x07fd00ff, 0x08f8050a, 0xf30302fb, \
  0x01fe01f9, 0xfd02fd08, 0x06f609f6, 0xfa000101, 0x000304fc, 0xfc0204fb, 0x070cfefe, 0x07fefdf9, \
  0xfa0b11fc, 0xf4fb0302, 0x05f20308, 0xf604fa0f, 0xf3fd0700, 0x07ff0bf8, 0xfefefe02, 0x06fa010b, \
  0x01faf8f9, 0xfaf50c06, 0x01f902ff, 0x020303fb, 0xf9fe0006, 0xf306f6fd, 0x0406ff02, 0x06fafcfe, \
  0x02000004, 0xfc01fef8, 0x0401f301, 0xfafc03ff, 0x07f80a02, 0x04fffa04, 0x06fd070d, 0x12f900fc, \
  0xf5fe0af2, 0xfd01f412, 0x070402fb, 0xfb0bf803, 0x08fc0504, 0x0202f2f6, 0x02fcf900, 0x0906fef8, \
  0xfc08fd00, 0xfcfef700, 0x0ffdfdfe, 0x080a0303, 0xfbfefd06, 0xf7fcfcfe, 0x050803fc, 0x05010301, \
  0xf705ff10, 0x04f5ff04, 0xf7010002, 0x04fff9f7, 0x0119f609, 0x02fbf9f1, 0x080b0804, 0x0203fb00, \
  0x00000001, 0x0b09f2f7, 0x50188000, 0x00000083, 0xecf4f309, 0x04fef5dd, 0xebfce2ea, 0x1606f4f0, \
  0x08f9fe00, 0xfd03e6ed, 0xf9f9fb0a, 0xeaeaf911, 0x03d7dbe1, 0xef04f8f6, 0x02faf002, 0xfcf1d4db, \
  0xe2ec0107, 0x07161af9, 0xe32808ff, 0x040d040b, 0xf2ef0832, 0x0d010219, 0xfeefefe8, 0xf0e3d5eb, \
  0x00f61e24, 0xdefff808, 0x0a19e1f4, 0x050aeef0, 0xf3090ef1, 0x1cff0f0f, 0x03f9e3f4, 0xe9f6f3f0, \
  0xec0706da, 0xf6f90ae8, 0xe2f81816, 0x1e0602ff, 0xfce4fa1b, 0xefffe4f7, 0xd90101fd, 0x0609fefe, \
  0xfa071f08, 0x0aeaec08, 0x0e0b01fc, 0x17212723, 0xfb08e6e9, 0xf6ea021e, 0xe8090305, 0x10fb04f3, \
  0xf40dd7e6, 0xffe8f4f9, 0xfe1e110e, 0x0ce2e7fe, 0xf5fafef3, 0xe80e211f, 0xfbff0208, 0x00f3f50d, \
  0xcfe7f304, 0xf80408ed, 0xcde8f803, 0xfb2df0df, 0xecfb01fb, 0x0113f10f, 0x1cfe0e1a, 0x00f8fbea, \
  0xf4ed0cfc, 0x02070204, 0x010cfd12, 0xe9ee091b, 0x06ea1904, 0xfff9e2ef, 0xf0eae3ee, 0x11f8fbfa, \
  0xfd000cfb, 0x02fbf9ff, 0xe8d9ef0c, 0xf4d9ec06, 0xff080202, 0x030810fa, 0x0205cef7, 0x1c1ad513, \
  0xece9f9fc, 0xf5f5e4fb, 0x160c1400, 0x000000e7, 0x0dff0329, 0x03fbf502, 0x00f60401, 0xe5e7ec00, \
  0x090efefd, 0x04fcfefa, 0x01fef003, 0x030805f0, 0x02f3fef7, 0xe0faf4f2, 0x01fffb11, 0x05fdf9fd, \
  0xf500fc22, 0xfd04e6fb, 0xf40a05f7, 0x06060aed, 0x0707e100, 0xecfe09fc, 0x18000a00, 0x02fdfd0c, \
  0xfde80bf9, 0x15fc01fc, 0x0d000800, 0xfcdaed0c, 0x090b1be0, 0xffeb0b0c, 0x00fcf8fa, 0xfbef0c08, \
  0x0afb0206, 0xfbf3faf3, 0x14f00b15, 0x0f0d040a, 0xfd0d04fe, 0x02e9f801, 0xf8f20809, 0x0df8f0f7, \
  0x0ee01205, 0x09fae3f2, 0x07f7f6fb, 0x06f0f811, 0x08fb02e9, 0x0a03030b, 0xfd03f716, 0xf1f71b0e, \
  0x05f503ff, 0x0bf003f2, 0xf504fd00, 0xeaf5edf6, 0x00000000, 0x00000000, 0x0b070000, 0x501880f0, \
  0x00000032, 0x0d0d05ff, 0xfce82108, 0xee0e0cf4, 0x020aff0c, 0x01fdff15, 0xe200fa0e, 0xfeefd6ff, \
  0x0afc1302, 0xebfd090f, 0xe9eff806, 0x05f019cd, 0x0009fbe6, 0x1209fbeb, 0xf80bf805, 0xf7ef05ff, \
  0xf2f4fa1a, 0xffdc0800, 0x11f5f2fa, 0x06fbf4e8, 0xf4fe040b, 0x0afaf3fc, 0xf1f216e5, 0xfce20b09, \
  0x04130e0a, 0xfa051a04, 0xfc0e0c00, 0x1eecf10e, 0xf3dfead6, 0x05f80ae0, 0xd905f708, 0xf6fe08d8, \
  0xfc16eefa, 0xf7fd0ef8, 0xf902fbdc, 0xed10edf9, 0x0ce6eaf8, 0x001aedfc, 0xf60402e9, 0x061a17fa, \
  0xecfcfc08, 0x14f0100e, 0xd7100bff, 0xf5ff0407, 0xf5dc0df9, 0xf3f80ffc, 0xddfcec10, 0x1b14fa17, \
  0x05000000, 0x000000e7, 0xfa060000, 0x50188150, 0x00000017, 0x0fe0f7f4, 0xef1917f8, 0x12081515, \
  0xf7f70ce9, 0x400df8f7, 0xe92702fe, 0xf0381af2, 0x03fa05eb, 0xf501ddef, 0xf8ea0b0d, 0x0207f403, \
  0x1c282b0b, 0x181221ff, 0x0b01e81d, 0x030502fc, 0xe0ff1b00, 0x00000000, 0x0000001a, 0x1ac9d015, \
  0xd4141618, 0x04000000, 0x000000f9, 0xe1ce0000, 0x50188180, 0x00000051, 0xfff90308, 0x0a02f2fa, \
  0xfefbfa02, 0x0203ff04, 0x060206f9, 0x03f9fefe, 0x02010409, 0xf7fd00fb, 0x03fe0a06, 0xf6fe09fd, \
  0xfafaf7f6, 0x0716fcf5, 0xfdf9f600, 0xfd090d00, 0x04f6f6f9, 0x1304fdf7, 0x0dfeff07, 0xf40301f3, \
  0x09ff04f5, 0x0902fe00, 0xf60a06fe, 0xfe07fdfa, 0xfdfe0404, 0xf5f80606, 0x01010706, 0x0af9fd03, \
  0x06f60000, 0x0b0afef6, 0xfd0100f7, 0x0b0c00fe, 0x06f9fdef, 0xfe001a00, 0xf9effbf9, 0xfc05fcfe, \
  0x080a000d, 0x10f2ffff, 0xf8eeffff, 0xfffbfafd, 0xfcfbf802, 0x02fefc02, 0x0c0400f2, 0xf4fe0905, \
  0x0609faf9, 0xfdf9010f, 0x0dfdfa03, 0x020c07fa, 0xf7000407, 0x03f904fd, 0xfff800f9, 0x04fafbff, \
  0xf900fc06, 0x090efcf6, 0xfe00ff0a, 0xf90801ff, 0xfdf70600, 0x0b0b05fe, 0xfe06ed07, 0x06faf606, \
  0x0409fffd, 0x0102020c, 0xf3f80207, 0xf2030205, 0xfa06f40c, 0x01fbfc04, 0xfc01f901, 0x0af50508, \
  0x0303fefe, 0xf602f605, 0xf804fffb, 0xfb0400f3, 0xf800ff04, 0xfa11fe01, 0xf605fcf5, 0x04f80907, \
  0x09f71200, 0xed11ea0d, 0xf3fffa00, 0xfdfe0307, 0x0104f800, 0x00000002, 0x03fa03fc, 0x5018c000, \
  0x00000083, 0xfbdafef5, 0x04eb0bdd, 0xfd1e1804, 0xfef9eaeb, 0xfb0c09ec, 0xe4e2fe07, 0x0aeaf2f7, \
  0x0f111718, 0xed181808, 0xfefdf006, 0x17bff8fd, 0xf504fce5, 0xef0d1a1e, 0xe5f00e03, 0x0df6e4ea, \
  0x0006fce9, 0x0a1a1310, 0x0817e0fe, 0x27ef01f8, 0xf60cf5e1, 0xe112fd00, 0xfb08070b, 0x03def503, \
  0x0afa28ce, 0xeb15f609, 0xd9edf9f1, 0xfe00e70d, 0xf50910e5, 0x07f2ff34, 0x002207f2, 0x020a05e0, \
  0xd505f6ee, 0xf50cf6e9, 0xe411ede3, 0xfe19ecfc, 0xf51cfe0b, 0xf7f61ef0, 0xf4fe050d, 0x04ed01ed, \
  0xfaf3fb01, 0xf002f6f6, 0x140a15f9, 0x000203ea, 0x1ef6f9f0, 0xe1dbd612, 0x2002f5d9, 0xeaf31901, \
  0xedd2e213, 0xedfb0fe7, 0x032301f6, 0x11f808e3, 0x080a02f7, 0xf80ef802, 0xfcfef60a, 0x070ff90b, \
  0xfbeef726, 0xfd2816fc, 0x03160305, 0xeef4d6e9, 0x140af9d2, 0xf00ef2f9, 0x06fa0a02, 0x09010617, \
  0xf91b080a, 0xedeefa19, 0x05f400ef, 0xed05f7dd, 0x12190100, 0xeef9e907, 0x26faeefa, 0x04e8f9ff, \
  0xeff212f1, 0xe00402f9, 0xf60cfef8, 0xe8210014, 0x04fc020e, 0xfafe0cf5, 0xfd0905f2, 0x0fda2a00, \
  0x00000015, 0x08e210f6, 0x09040df6, 0x130ef0f2, 0x06010006, 0x1b0a0afd, 0x1b07fa12, 0x0ddaf90a, \
  0xf7f4f907, 0x03080305, 0x0412effc, 0xf900fd03, 0x00eb08f6, 0x0a0d04f3, 0x07f61207, 0xfb05fdfe, \
  0x0bf8f4f9, 0x180dfefb, 0x0007f4ed, 0xfa05f1fb, 0x0a0bf6fe, 0x190401fa, 0x060aee0e, 0x1a0ee9f8, \
  0xec0c0304, 0xf901f2e8, 0xf50e03f5, 0xf30609ec, 0xf9f3fff8, 0xf402040a, 0x16130a10, 0xe8f7f815, \
  0xe4140303, 0xef0d04f3, 0xf2000800, 0x080ffb19, 0xdc090300, 0x07ffeaf6, 0xf0f008fd, 0x080f0afb, \
  0x02f40c12, 0xf301f108, 0x0ff0ecff, 0x05f6f7fe, 0xf0f60405, 0xec0a1604, 0x000a020b, 0x07070a06, \
  0x0bfaf601, 0x0b000000, 0x0000000e, 0xf7fa0000, 0x5018c0f0, 0x00000032, 0xf3ef0c03, 0xe806ebda, \
  0xfef20d0c, 0xf20e08f8, 0x0b0902f2, 0x0efa030f, 0x05f50b13, 0x0d00e502, 0x150cfefc, 0x040bf4e0, \
  0xf1fc1ce6, 0xffda00e6, 0xf20a0202, 0xe0e10503, 0x18e4fdf5, 0xfd190ede, 0x120c0a06, 0x0b1af5fb, \
  0x0709f6e7, 0xfff6fa0c, 0x03f6faf7, 0xe4f01bfd, 0xfd07f218, 0xfdeef904, 0x09f6fd10, 0x0002fcec, \
  0xf80fffe5, 0xf9ff0407, 0x0013ebf4, 0x0af4e81b, 0x0b0bfff6, 0xf4100408, 0xee07070e, 0x07fa1505, \
  0x0f08d0f0, 0x18f50213, 0xf2f001e1, 0xe40cd4ee, 0x0be9f5f9, 0xf7ee10fa, 0xfcf0da16, 0x0f161102, \
  0x10f5f80c, 0x010005fb, 0x0b16f5fa, 0xf314fdc4, 0xee150401, 0xf4000000, 0x000000fa, 0xe6f30000, \
  0x5018c150, 0x00000017, 0xfaebd9ec, 0xee0ff3d9, 0xfcf70af0, 0xede5eff0, 0x001c1912, 0x04fb09eb, \
  0x0617ea05, 0x122204d3, 0xf5e00903, 0xf706fb10, 0x11ee1318, 0x11f71bf7, 0x04f912d3, 0x20f4cf01, \
  0xdcf605da, 0x10151100, 0x00000000, 0x00000004, 0x05e718fc, 0x20ec17f8, 0x06000000, 0x000000da, \
  0x03d50000, 0x5018c180, 0x00000051, 0x00040601, 0x030404f3, 0xfc01f704, 0xf9f9ff04, 0x07fd040a, \
  0x02f8fc09, 0xfc06fd00, 0x0a00fbfe, 0x07f9fbff, 0xfdfcfd03, 0x0a0905f8, 0xf9010a0b, 0xf70603fe, \
  0xf7f90004, 0xf40df2f0, 0x1102f60d, 0x0b0c0208, 0xff050d04, 0xfcfdfb08, 0xfffcf7fd, 0x03f8fbf8, \
  0x03010500, 0x0ffd0500, 0x00040cfd, 0xfe0000f2, 0x0905000d, 0xfcf60000, 0xf8fcf8ff, 0xff0006fa, \
  0xff07f2fc, 0x08fb06fb, 0x05000eec, 0xfc0901fe, 0xfd050207, 0xebf80406, 0x08f5f309, 0x04ff00fa, \
  0x030704fb, 0x04f9fcf9, 0xfffaff07, 0xf908eaff, 0xf80e1002, 0x0504ffff, 0xfd0103fe, 0x030e060e, \
  0x00030401, 0x07080500, 0xfcfbfafd, 0x0a000506, 0x03fff5f6, 0xfc020bfb, 0xf4fffa0a, 0x01f7f90b, \
  0x0417f9f6, 0x0b0efefc, 0xf4fc0208, 0x0406f2fc, 0x0df4fb05, 0x00ff0000, 0x13fef803, 0x0b01f903, \
  0xf2fe01fd, 0xf906f0f8, 0x08fffe03, 0x03fafd06, 0xf4010202, 0x0107f5f9, 0xf906fe07, 0x020201fe, \
  0xf5fc00f3, 0xf6fd0504, 0xf3fff9f5, 0xfdfd13fb, 0x08f803ff, 0x0d050e04, 0xf8fffd03, 0x0e01f6ff, \
  0x030bfd05, 0x05fa0200, 0x00000008, 0x02f9f106, 0x50190000, 0x00000083, 0x11f2eadf, 0xe30502d0, \
  0x0019f926, 0xfa05f7fb, 0xdb0b08fc, 0xf9faffff, 0x1911d90a, 0xf332ecfd, 0x0715010f, 0x10fcf7f3, \
  0x0303e9fe, 0x170ff2dc, 0xcef208fd, 0xf900e0f4, 0xfaed28fe, 0x0ad2d71c, 0x07e207e7, 0xd2e314cb, \
  0x02ff08f4, 0xf7fcfbe1, 0x001b11c8, 0x0b1ae2e7, 0x150b03fa, 0xf9df1bef, 0x130a02ef, 0xf1eff2fb, \
  0x03f2041a, 0x12f3f00e, 0xf8fc1206, 0x09de031d, 0x14ede7e7, 0xfaf6fff7, 0xfd051217, 0xe90e1af2, \
  0x0de51810, 0x00fae215, 0xeaf4f5eb, 0xfa130f08, 0x0aecfefd, 0xf5fbf1d5, 0xf326dbee, 0x060a2304, \
  0xe8edd2ec, 0x01faf21f, 0x02e500f1, 0x210feff6, 0xfc00f3f6, 0x1ee31408, 0x020aeeee, 0xf71cfae5, \
  0xf5050f08, 0xf4df2ffc, 0x19060905, 0xf5e4fa12, 0x1614f2f0, 0x071efef1, 0xfaf50402, 0x0315f007, \
  0xedd8e706, 0xd1f8e9f7, 0xfc21d50b, 0x011c0c09, 0x0908edf4, 0xf606dffe, 0x1d0404f4, 0x0b04f600, \
  0x06cc02dd, 0xdbf1fdf7, 0xe9f9f704, 0x09fefb12, 0xf0e8f629, 0x13f2f301, 0xf3ee020b, 0x091606fb, \
  0x0ff927f1, 0x0d09fa0b, 0xe4fb0ceb, 0xeb070b19, 0xe7f7f700, 0x00000026, 0x13f9f0d6, 0xf2f80e09, \
  0xedf40202, 0x0f09f3fa, 0xf4ff02f7, 0x0201fb0d, 0x08fafd02, 0xfbece8fc, 0xf7fcfff0, 0xf60bf805, \
  0x1500f30e, 0x0b0811f9, 0xf3fff604, 0xfdf10dec, 0x0b020f12, 0xed05f0fc, 0xf4071c00, 0xfffc07f9, \
  0xfe02f003, 0x02fa090f, 0x14f6fbfc, 0xec04f505, 0x0014e7fe, 0x0e0a01fe, 0x0801f802, 0xf0020507, \
  0x040b0cf4, 0xf10a0910, 0xf1fdf9ef, 0x010b0b03, 0xf300eade, 0xfa0bf8f5, 0xf1fe15fd, 0xf4faf1f8, \
  0x0310f90b, 0xf1090bf8, 0x0814fdfd, 0x12ec0304, 0x15fa2113, 0xeee10201, 0xf0ef0203, 0xf2fb05e9, \
  0xfa01ff00, 0xeff0fff3, 0xeae9f7f2, 0xff07f407, 0xfdf1f0ff, 0xfc09fef4, 0xf3000000, 0x000000fa, \
  0x18f90000, 0x501900f0, 0x00000032, 0xf100fef8, 0xf6e8e7f7, 0x1608d8db, 0x0c00f007, 0xff08f9e6, \
  0x09faf409, 0x02d2fa01, 0x000b09f3, 0x1a0704f7, 0xfed9eb03, 0x02e1ee02, 0x140ff4e7, 0xd90114f5, \
  0x12f205ea, 0x06dbff0b, 0x16e9b804, 0xf61008e6, 0xfbe9000c, 0x0010070d, 0x00f413f7, 0xefec02fa, \
  0xfdef1af6, 0xedde0107, 0xe9f5d9fd, 0x0007f0fb, 0xe1f4ed05, 0x0a00f8fb, 0xf8f0fefa, 0x09f1f20e, \
  0x130aea0e, 0x01ebdaf9, 0xf5fef8fc, 0x06f2ece4, 0x001ef7ef, 0x04e70fe3, 0x0813ebf3, 0xf3f0f8e4, \
  0x02001b1c, 0xe6fbedff, 0x01f2fc09, 0xebf42ef3, 0xec0cf5ff, 0xf70cf60b, 0x02161000, 0xdcf1f903, \
  0x00f9f500, 0xe5fcf9f9, 0xde000000, 0x000000fc, 0xe7fc0000, 0x50190150, 0x00000017, 0xf0fd0718, \
  0xeefeef17, 0xe9f30bff, 0x0ff31b10, 0x16f2eae7, 0xd80e180c, 0xe41e03f8, 0xf4ecfe11, 0xfb381100, \
  0xfcdf2a09, 0x21fffcf8, 0x0afa0cf1, 0x0717f216, 0xd1def817, 0x16f50c0c, 0x01eced00, 0x00000000, \
  0x0000000b, 0x260b24d7, 0xe5f508ce, 0xcb000000, 0x00000006, 0xdfb80000, 0x50190180, 0x00000051, \
  0xfe060706, 0xf904030e, 0xff0904f3, 0x0a03ff04, 0xfafffd00, 0x05050903, 0xe909fdfa, 0xf9fbfd04, \
  0x0bfff7f5, 0x03f8f90b, 0x06fc04ef, 0xfe03fdf7, 0xfb0a0605, 0xfbfc02f8, 0x011906ee, 0xfdfc06ef, \
  0xf8e9f9fa, 0x050cfd0c, 0xfa01fe06, 0x0a070f02, 0xfd0c0001, 0xfe0210f9, 0x04f90207, 0x07ff0cfc, \
  0xfa0206fe, 0xff0a03fa, 0xfa050205, 0xf8f705fc, 0xf7fff902, 0xff0406f8, 0x01040a07, 0x0df71005, \
  0xf9f3f6ff, 0x03fbfeff, 0xf2fc0107, 0x0ae7f600, 0x04fcff01, 0x00060800, 0x060e18f5, 0xfc0d0101, \
  0xfd09f905, 0x02fd0602, 0xf8ebf6fc, 0xf9fe01ff, 0x08fafd05, 0xfb000301, 0xfcfd01fd, 0xf8fefa05, \
  0x01f7f60b, 0x04020806, 0xf4fa02fb, 0xfef8fd02, 0x0108f504, 0x00fc0bf7, 0x0afdfcfd, 0x00f1f40d, \
  0x040715fb, 0xfd0c0b04, 0xfaf7fb09, 0x10f7f102, 0x0ff7ebfd, 0xff06fcf0, 0xf905f9eb, 0x09ff0106, \
  0x09060709, 0xfa070706, 0xfff4f5ff, 0x04030003, 0x0701fd05, 0xfd0402f2, 0x0303f70d, 0x06050ff5, \
  0xf7fc0903, 0x0dfd01fd, 0xfdfafe10, 0x04f00307, 0x0fea07fe, 0xf5000702, 0x04080400, 0x00000000, \
  0x0700f904, 0x50194000, 0x00000083, 0xef05d904, 0x10f9f2ef, 0xdafc01d8, 0x301504fd, 0x0405f4f1, \
  0xf10d0004, 0xe1fff7fd, 0xfdf81401, 0x0bf0e8e4, 0xf6f8e1f7, 0x03e3e8eb, 0xec0ef2dc, 0x0af90ef5, \
  0x0302110f, 0x09f509f8, 0xded817fd, 0xf101f4f7, 0x0b000915, 0xfa1110fd, 0x051302f7, 0x072a000c, \
  0x0df2d6f5, 0x10e7f605, 0x05f60cef, 0xf60815e8, 0xfbe0f8eb, 0xf419fffa, 0xe3fc100c, 0xec081128, \
  0x0bfffdee, 0xfa082be6, 0xf5fdefee, 0xf5d8f600, 0xfefbfde5, 0x04ed0403, 0x06191ff7, 0xdeecfe10, \
  0x0cebdefc, 0x001f06f1, 0x01f200f1, 0x0ffcf0e1, 0x0021fbf8, 0x010219ea, 0xf00a1315, 0x172e0807, \
  0xe504f904, 0x0c1a05ff, 0x34f51909, 0xea110311, 0xf9030323, 0x120d07f9, 0xfdfde621, 0xf2f9f91d, \
  0x0dddd8d7, 0x0bf8f1ec, 0xe703e5e8, 0x04f60d04, 0xef08edff, 0x1413fe1d, 0xd80ae509, 0xf1d807f1, \
  0x0205f717, 0x090b33f0, 0xda0004fe, 0x091ceced, 0xd4f1e401, 0x17fcece6, 0x07d9f1f5, 0xfa09f2df, \
  0xf30b0b18, 0x140bfceb, 0x0b1f04e7, 0x0e18fe0b, 0xf2fe0a07, 0x11fb0815, 0x191f05f2, 0xf2fd1809, \
  0xf5e8f9f5, 0x0c141100, 0x000000e2, 0xd9ee021a, 0xe9f61105, 0xf4fb0610, 0x0f110602, 0x06f812fe, \
  0x01fd03fd, 0x01fafcf0, 0x030bf30b, 0xf9eef5ff, 0xfcfe01fa, 0x06f807f6, 0x00030eea, 0x07ff1c03, \
  0x1c19eb02, 0xfceeed17, 0xf6150e00, 0x01041701, 0xffff0120, 0xef02f212, 0xfcf6f300, 0xf40bf103, \
  0x0df5f406, 0xfa170c03, 0xf80408ea, 0x13eb02f7, 0xf3f20201, 0xf8fe0513, 0xfd05f507, 0x0015060b, \
  0x18090002, 0xdef800f5, 0xfd16fd0e, 0xebf80318, 0xfb010d04, 0x12e0ecff, 0x020708fa, 0x0f070000, \
  0xf00cfef6, 0x00f20c06, 0xfa040609, 0x0deff50d, 0xfefaf7fe, 0xecf9f0f1, 0x11fff0ed, 0x14ff01fb, \
  0x07ff0a16, 0xf6f6020b, 0x0503f0f6, 0x06000000, 0x00000001, 0x16f00000, 0x501940f0, 0x00000032, \
  0x1a03030e, 0xf1cc0d12, 0xf713f8ea, 0xfb21fd0a, 0xfcfc00f2, 0xfc03f50d, 0xfc1de503, 0x07eff9fd, \
  0x11fc0cd6, 0x0ff8f4f1, 0x060510cc, 0x04ea05f4, 0x09fdf7ee, 0x0207e703, 0xfe0e0711, 0x150ff1fc, \
  0x0f141102, 0xebe0070a, 0xd2050bfd, 0x030f0914, 0xf8290327, 0x1f030901, 0x0bfc11f0, 0x03030ffd, \
  0xf8091400, 0xfaf0080b, 0x19f9f7f4, 0x15d9e4fb, 0x14e007f4, 0xf001f8f6, 0xfe11f4e8, 0x060eea10, \
  0x070dfef1, 0xf1fff207, 0xf0f606fc, 0xedf1ee0a, 0xfff40502, 0x09060bea, 0x08fafa0e, 0x01f6120d, \
  0x110113f9, 0x0116ece1, 0xf3e21309, 0x0ff701fb, 0x08f6090a, 0x09fb03e9, 0xed080d02, 0x00000000, \
  0x000000f4, 0x18010000, 0x50194150, 0x00000017, 0x180903e0, 0xff00fabd, 0x170ab5e8, 0xedc7fef6, \
  0xfd2202f8, 0x0e1b0e0e, 0xf61704f0, 0xfdf2ffbf, 0xeee3e7e1, 0xd61412de, 0xe4200c29, 0x0aef0a18, \
  0xf805210a, 0x1ceaf7ee, 0xf4f1ec00, 0x1025ef00, 0x00000000, 0x00000012, 0xe1d512e7, 0xfe22dff5, \
  0x0f000000, 0x0000001a, 0xdda90000, 0x50194180, 0x00000051, 0x05f70301, 0x0808f6f8, 0xfe0509f2, \
  0xfdfaf6f5, 0xf7060000, 0x08fafef8, 0x0008fdfc, 0xfe010501, 0xfe0409fe, 0xeef3f206, 0x04fb0c09, \
  0x0c1201f6, 0xfff8f1fb, 0x010e00ed, 0xfb1007f4, 0xfb0ef400, 0xf702f6ff, 0x00f60312, 0x0bfb06f8, \
  0x0af30d0c, 0xf9030302, 0xf802ffef, 0xf8080906, 0xfa040403, 0xfa0108fc, 0x0f07f4f2, 0x05050c02, \
  0xfbf203f8, 0xf804f6f5, 0xf2080e00, 0x0406fc07, 0x0b010cfb, 0x05fbfa01, 0x0001ff0e, 0x06fb0105, \
  0x00f8fc00, 0xfcfc01fd, 0xf9fe0305, 0xfe0b0aff, 0x04fc03ff, 0x06faf603, 0x11f4effd, 0x05f6010b, \
  0xf8fb0805, 0x0207faff, 0xfcfe00fd, 0xffff05f9, 0xfc110803, 0x0b0306f9, 0xf8fc0bf6, 0x0100fbfb, \
  0x03f705f9, 0x0b180703, 0xe9fe05ff, 0xfb02f70b, 0xfb091409, 0xf7fd0201, 0x080d03f5, 0x01fa0506, \
  0x0c07fbf7, 0x0e01f6ff, 0x09f600f8, 0xfd07feed, 0xff020109, 0x06ff010a, 0xf2ffff02, 0x0407ff06, \
  0xff010807, 0x01070105, 0x04020300, 0x100708fa, 0xf7f1f6fe, 0x020ef6ff, 0x090802ec, 0xf7fffd1a, \
  0xfbf8fafe, 0x0bfbf8ff, 0xfd0804fd, 0x00fefe00, 0x000000fd, 0x080204eb, 0x50198000, 0x00000083, \
  0xf3091505, 0x2aee0016, 0xf8071500, 0x0611d2d8, 0xf0fc0800, 0xed0002e7, 0x12f30ee6, 0x09fd250d, \
  0x04131516, 0xf9f6fffa, 0xfcffe906, 0x12d9edfb, 0xff0508dd, 0xf5eefbfc, 0xfafbe7fe, 0x06f2280f, \
  0x03f003ef, 0xe5d1ec16, 0xc2ede4e1, 0xd7fef80c, 0x16f41e21, 0xf40812d8, 0xf90afff6, 0xee0202ea, \
  0x141011d9, 0xf3100016, 0x0e09100a, 0x07101f05, 0xecf3d31a, 0x1003fafc, 0x09dee60b, 0x1303f505, \
  0x0214151b, 0xedf5081e, 0x02f5f4f6, 0x11100005, 0xf8e7fceb, 0xfa1b0803, 0xedfcf5ea, 0xe7060307, \
  0x000006ff, 0x0ce5eedd, 0x120e0b0c, 0xfcf910dc, 0xed38f801, 0x0502f70b, 0x150a1cc7, 0x0f1dfff9, \
  0xedf7ff05, 0xf7ef1a18, 0xebe808fe, 0xf7ecf00a, 0x050101ea, 0x0ffbf9f2, 0x0ddce411, 0x04e9ebfb, \
  0xe1ef0104, 0xf70cf40d, 0xf3f4f613, 0xfd01201b, 0x1ffa03f4, 0x010afbe2, 0xf606f0fe, 0xe5020303, \
  0xf707f504, 0x072603e6, 0x170cf714, 0xfe0ce9de, 0x13f90ef7, 0x0119f1e8, 0xf0fc090f, 0xe9f4effb, \
  0xf014f317, 0xf1d1ff08, 0xfdd6f5db, 0x10e43a05, 0xf8f6f607, 0x0c1e1bfd, 0x0e02fd00, 0x000000e9, \
  0xd810fbd9, 0xfbf5fc02, 0x10f6eaff, 0x0906f4f7, 0x02101401, 0xe916faf9, 0x08fbfd11, 0x04fff40d, \
  0x07f5030b, 0x0cf5f8e9, 0x04fd140b, 0xe9ff0dde, 0xe91415f1, 0xf7e6110e, 0x04fafc02, 0x0206e80f, \
  0x0216ff03, 0x0c19070a, 0xfe06f4fd, 0x0800fbf3, 0x0ffe0afb, 0xf9fce719, 0xed0000fd, 0x13fb18f9, \
  0xf81ef102, 0xf8fe020d, 0xf7f0fd01, 0xf7f003f4, 0xec0603fc, 0xfefa1f07, 0xfc0e0c00, 0xfbecf6f5, \
  0xf60a000c, 0xea0201f9, 0xf709f8f6, 0x1711fc01, 0xfefb02ee, 0x01f1f70a, 0xf00d05f2, 0xfdf91bf9, \
  0xf7fcfa10, 0x04fafa12, 0x0bffff0d, 0x1af0f605, 0x0304fd08, 0x08ecf600, 0x04fdf6e5, 0x2020f20f, \
  0x04000000, 0x000000f6, 0x12070000, 0x501980f0, 0x00000032, 0xfff10b02, 0xe413f9f6, 0xe0e4ef0d, \
  0x041cfcff, 0x0601f3fc, 0xfcfbec07, 0xfd08f804, 0x0500dd0d, 0x10f306e8, 0xe4e6ecff, 0x010df1f9, \
  0x1417f703, 0xfa030df3, 0xfe0e060e, 0x0613fedf, 0xfe06e90b, 0x1b091bf8, 0x04fd081c, 0x15fbf80b, \
  0xe80e0e0b, 0x090105fc, 0x130aee05, 0xebe5e610, 0xf20bfce5, 0x0415ffee, 0x000506df, 0x03f5ef1b, \
  0x0804f1e8, 0xf3ea1208, 0x03f0f210, 0xfefcfb20, 0x06f3060a, 0xf8181009, 0xfaffe7e8, 0xf602010b, \
  0x16f60cfc, 0xebf3ea27, 0x07fee3e6, 0xfedffff7, 0xf705f5fa, 0x05efed02, 0xf404fff0, 0xe9090c01, \
  0x19e800d1, 0x06f909fa, 0xed070007, 0x1709efeb, 0x10000000, 0x00000011, 0x0a130000, 0x50198150, \
  0x00000017, 0xdcfb0008, 0x09071de8, 0x121c021d, 0xc701d601, 0x1009fd08, 0x2dd0f8f7, 0xfce7f4ff, \
  0x0033e106, 0xebf1fefa, 0x07020407, 0x1617de03, 0xf4f7fef8, 0xe10e0bf1, 0xfafe12e1, 0xebf41ddc, \
  0x11e20900, 0x00000000, 0x000000eb, 0x1507c2c5, 0x0e04dab9, 0x1f000000, 0x000000fa, 0xdcfd0000, \
  0x50198180, 0x00000051, 0x0204fdfb, 0x0d10eff6, 0xfa090200, 0x060502ff, 0x01f101fc, 0xf603f805, \
  0x0d06fc02, 0xfcfa120a, 0xff0600f8, 0xf8020500, 0x020e0801, 0x0a0b03f9, 0xfafaf7fe, 0x0611fa02, \
  0xf8f400f6, 0x110c0705, 0xf115fe05, 0xfd070102, 0xe5fc0102, 0x09020608, 0xfffbf9fe, 0x03040c01, \
  0x06f7fbfd, 0xfdff09f9, 0xf801ff04, 0xf907ff04, 0x0305fcfa, 0xf2f3fa0a, 0x050205ff, 0xf20d0707, \
  0x03010001, 0x0e10f3f2, 0x0a0b04ee, 0xfa00090f, 0x0907f805, 0xf6fefd0c, 0x0001fd0a, 0x0600f904, \
  0x0302f208, 0x02fb0102, 0x06fbffe9, 0x07fdf105, 0x0102140a, 0x0300fd03, 0x06fb0305, 0xf4f2fb05, \
  0xfdf7f6fa, 0x04050203, 0xfc02040b, 0x030006ff, 0x0c10f7f2, 0xff0003fe, 0x04fefcfe, 0xf6fbf8f8, \
  0xfe090600, 0xf8030609, 0xf2f7ffee, 0x0a04fdf8, 0xfdfb0809, 0x0e05fdfc, 0xfb070510, 0x0ff705f6, \
  0xfe00fd02, 0xfaff03ff, 0xfdfdfbfb, 0xf7fffefb, 0x01f9fcff, 0xfdff0600, 0x0609fbfb, 0x00ffff04, \
  0x0a04f5f7, 0x10130af1, 0xfbfaf9f4, 0x02fe04eb, 0xfc080a05, 0x00f50301, 0x00f4fcfd, 0x07f805fa, \
  0x01060c00, 0x00000008, 0x07f70300, 0x5019c000, 0x00000083, 0xe5fa01f9, 0x2421f2e7, 0xdaff1bf4, \
  0xeffffbf4, 0xe3040322, 0x22fcfcea, 0xefffe8d2, 0x0bc1e6f1, 0xe4e912f4, 0x070dfa00, 0x0aff052c, \
  0xf9100de8, 0xe9fdeff4, 0xff02f804, 0x00d40313, 0x2205efd7, 0xdcfb1f06, 0xfc15e7f2, 0xfa0009ed, \
  0xf0fdfaf9, 0xff2e0401, 0xf1fd1213, 0x091c0418, 0x130606fd, 0x04d32edd, 0xe2ff200f, 0xf1f5d7ff, \
  0x0dee15ff, 0xe9dae410, 0x07fff3f4, 0xee1027f1, 0xe8dffff8, 0xf0010104, 0x020204ed, 0xfdfafe0a, \
  0x0916fdf4, 0xdcf7020f, 0xf90bee08, 0x150fee16, 0xf401f6dd, 0x1717eb18, 0x1a060fff, 0x140d15d6, \
  0xfc06ed0d, 0xf6f80bf2, 0xef042213, 0xd9fe0a1b, 0x03100911, 0x05f4f9fd, 0x07ecea0b, 0x1cfc04fa, \
  0xee04ec13, 0xf706ef07, 0xf81a1006, 0x04fff8f9, 0x0adfd1e9, 0xfaec09f1, 0xe2251b2c, 0x1cf5f6f8, \
  0x0c10f6fa, 0x0102df09, 0x0b0607fa, 0x0df0021e, 0x150ef9fe, 0xe50f1f22, 0x0ad017fd, 0x040106ed, \
  0x060d0cf7, 0x020ff115, 0x03130ad2, 0xec03f2cd, 0xf9f80c20, 0x020507f1, 0xf102f1f7, 0xeada0aea, \
  0xf0ef0d07, 0x071807fc, 0x0b171cff, 0x0611fe00, 0x00000009, 0x1612fd18, 0xfeee0802, 0xfff802f3, \
  0xeb110609, 0x04f1110b, 0x04ee0b03, 0x1cf5f6f9, 0xfef5f3fb, 0x05020906, 0xf217f9de, 0xfb1ff7fe, \
  0x1701ff03, 0xebf703fa, 0xdb140305, 0xeff201f3, 0xf30c0c00, 0xf9eefc05, 0xfe050806, 0x02faf6fe, \
  0xfc0200f7, 0xeefa04eb, 0x0806f4fc, 0x0000070a, 0xf8f3f7ff, 0x1500f914, 0x04fdfd08, 0xffff0401, \
  0xe709030c, 0xfff4f40b, 0x21f201f6, 0x05f5f500, 0x02f30407, 0xfb0701f4, 0x13f1f2f4, 0xf80cf506, \
  0xed02ea1a, 0x0c0df6fc, 0xfc000901, 0x220208f7, 0xeeebf619, 0x19000a0e, 0xfdf6ff03, 0x14ecfaf4, \
  0xfe03ff0b, 0xf20afe0b, 0xfafaf711, 0x05f40305, 0xf9090df9, 0xed000000, 0x0000000c, 0xe8e80000, \
  0x5019c0f0, 0x00000032, 0x07e90be4, 0xeff7f6fc, 0xf8ebe410, 0xedfb18fc, 0x02f308f6, 0x08fcf014, \
  0x0e08f1fa, 0xf0f60204, 0x100405e1, 0xfd02020d, 0xf504ee0f, 0xfa0b01d7, 0x0c0af0f9, 0xf3eaf4fd, \
  0x04e816f0, 0x0fecefff, 0xfdf204fe, 0xefe80616, 0x000cf904, 0x0ce601f8, 0xdfef080f, 0x000f01fb, \
  0xfef4ef05, 0xfff6f5ff, 0x09e6f5ef, 0x04120205, 0x0a0cf6e7, 0xedfc18f8, 0x04f0f8ee, 0x02ffe9fc, \
  0xe3f2e0ee, 0xd816f8f1, 0xe50401f3, 0xee28ecfe, 0xf7f8ebe2, 0xfdf3e012, 0x03fff605, 0xeb1802f9, \
  0x0901080b, 0xf60c060a, 0xd8f7fb06, 0xf5f6dd11, 0x11f2da29, 0x1cf306ea, 0xf0ffddea, 0x11f2ffe2, \
  0x0209d2f5, 0x11000000, 0x00000010, 0xf8df0000, 0x5019c150, 0x00000017, 0x0d31e601, 0xeeeff40f, \
  0xf0fe0915, 0xfa0c03f3, 0xe2eafeec, 0xf60b10f5, 0x04f900f8, 0xe90d0af9, 0x08eb1525, 0x0f11fafc, \
  0xf8fb271c, 0xe71501f9, 0x03e1e40f, 0x0417fa07, 0xf3ff32e6, 0x1f1f0300, 0x00000000, 0x000000ea, \
  0xc7e4c4df, 0xd6d10dcf, 0xbd000000, 0x00000057, 0xa4070000, 0x5019c180, 0x00000051, 0xfbf9fffc, \
  0xedf50d11, 0x0ef9f100, 0xff010603, 0x03f6fbfe, 0x02fefffd, 0x060bff05, 0xf8fe1a0f, 0x0305fbff, \
  0xf404fe08, 0xff08fffb, 0xfefbf7f0, 0x0b0e0a05, 0xfbf5faf5, 0x03fdfa01, 0xff08f801, 0xf4fffaf3, \
  0x07110b00, 0x06fafdf4, 0x06040d00, 0xfc0003ef, 0xfa0a0b04, 0xf5f2fafe, 0xfa05fe01, 0xfdfef403, \
  0x010b06fa, 0x02f612fd, 0x0efafc06, 0x0a130004, 0x09fffdfe, 0xfe0500f9, 0x0112f904, 0x01fafaf5, \
  0xfd0f08fc, 0xf3fa08fa, 0xf90e040d, 0x070a0203, 0xfffafefb, 0xfef90205, 0xf7f50405, 0xf80314f8, \
  0xfd06f702, 0xf01109f8, 0xfef4f402, 0x02f5f012, 0xfef5f7ff, 0x08080905, 0x0dfc000b, 0xfcf8f1f4, \
  0x0500f2ec, 0x090d0204, 0x020009fb, 0xf4fffc0f, 0x120d0002, 0x07060507, 0x010cfd04, 0x04ff0dfb, \
  0xf1f6f8ff, 0xfc03fcf7, 0x060003f6, 0xf50a0e08, 0xf8fa02fe, 0x00fc0f0b, 0xfb0602fd, 0x0003fb05, \
  0x0604f8f9, 0x03fe02fd, 0x07fcfffd, 0xf8f7fdf9, 0xfa040207, 0x0efbfa01, 0xfff7f706, 0x0a09fdfa, \
  0x02020503, 0xfcfa0efe, 0xf805f805, 0x09f30f00, 0x04fb090a, 0x09080200, 0x00000007, 0xf4060b01, \
  0x501a0000, 0x00000083, 0x0d0209ee, 0x0408fbf9, 0x18d1f2ea, 0x09f4eff2, 0x10090cfd, 0xe3f2fffa, \
  0xf30818ed, 0xe119d7d9, 0xf10106fa, 0x0a07e0f4, 0xfb311cfe, 0xe1f50aef, 0xf3d506dd, 0xf80affd3, \
  0xdd101617, 0xf9da0207, 0x21fc0203, 0x0d070012, 0xc3f60106, 0xf9fceafd, 0x0af9f4db, 0xf728e9f9, \
  0xe5c704d9, 0xd9d90304, 0x17fbe614, 0xf90fcee0, 0x09fef51c, 0x04f2fde4, 0x1209f3d8, 0x0c14fd1e, \
  0xf70ef616, 0x1300f1ea, 0x010402de, 0x30160ff6, 0x06def003, 0x0b0cecfa, 0x05ebfada, 0xf42012f0, \
  0xe91414e1, 0x13f9fdf8, 0xecff1be0, 0xf7f9eb04, 0x1506f90b, 0x1c030000, 0xf9fcfbfe, 0x05171a02, \
  0x1021f9d6, 0xece00d0a, 0x06f6f7f4, 0x08f80e19, 0x00050010, 0x06e90af1, 0x09240fff, 0x02f6f300, \
  0xf2e10d0e, 0xf1f3feec, 0xe2f20305, 0xf708fd07, 0xf5fe080a, 0xf9011808, 0x00eefcd7, 0xeafa0304, \
  0x0c14e9fd, 0x02fcf5ec, 0xd7f904e5, 0xd90edcd6, 0x16ff0912, 0xf40525f3, 0xf6f024ed, 0xf4f6e70c, \
  0x10161720, 0xe0cd0b1e, 0xfbdff0f0, 0xe7f6fefe, 0x07f4cffb, 0xdff41bff, 0xfbeffffb, 0xebff160c, \
  0x0beefc00, 0x00000003, 0xf9f6f90c, 0xeff007f6, 0x0208fa0d, 0xfbf10907, 0x1702f819, 0x06f6fb14, \
  0x10f517e8, 0xf50afffe, 0x0dfdfaee, 0xffe40204, 0xfffb00f7, 0x000e0508, 0xed050c02, 0x0bf90507, \
  0xfd0ff90a, 0xfd09fe0e, 0xfb030f01, 0xfde605fc, 0x07100fee, 0xfffe0905, 0xf9fafc0f, 0xf2060701, \
  0xfa140802, 0x12f30bf6, 0x01f90805, 0x100407f4, 0xf10cf3fd, 0x030f0df5, 0x1401f905, 0x01faf8ff, \
  0x0412e1ea, 0xfd040005, 0x0ee60210, 0xf0f91303, 0x1a01f5ea, 0x01f2fd08, 0x190614fe, 0xf9fd0604, \
  0x08f10d0a, 0xf7f91605, 0x0ff2030f, 0x08ee00f1, 0x15fe0205, 0x10f511ed, 0xfb0815f3, 0xeb1eeaf8, \
  0x0a0406fe, 0xf9fe060a, 0x02000000, 0x00000003, 0x0a050000, 0x501a00f0, 0x00000032, 0x0602f9e8, \
  0xf0f9ff08, 0x060524fa, 0x09fcf805, 0xf50d1004, 0xec191dfd, 0x040cfdfb, 0xeded0620, 0x0403f7f8, \
  0x0d07ef0f, 0xefeb1502, 0xf8f00502, 0x0109f1f1, 0xece4d4f9, 0xeee71cf9, 0x1708f3fc, 0xeff2f5fc, \
  0xe6000ff1, 0x00fe160b, 0x1304feed, 0xf1d002fb, 0x0a0c1c0c, 0x00080b09, 0xde0d101a, 0xeef00d03, \
  0x0e0a12fb, 0x2bed0500, 0x04fdf113, 0x11f2f916, 0x0b030c11, 0x02ecf6ef, 0xfdfd080d, 0x160ffb0c, \
  0xfce1fe01, 0xf702fd19, 0x08fd04ec, 0xf4040802, 0x041305f3, 0xf5040d05, 0xef08ef02, 0x1b2117f9, \
  0xee04eff3, 0x0ad5f00b, 0x03fafe0b, 0x19e5f702, 0xdd0711da, 0x0ef8f3de, 0xeb000000, 0x00000006, \
  0x0a0d0000, 0x501a0150, 0x00000017, 0x0d11f80f, 0x15f735f9, 0xe6fe23e9, 0xf61207fe, 0xd4fadffa, \
  0xe712fac6, 0x0d0afaf4, 0x03170a06, 0x1100fcec, 0xedf7dae7, 0x1f07f5f3, 0x1a0c0804, 0x18090cef, \
  0x16d40cfe, 0x0c1cfcfd, 0xfeff2800, 0x00000000, 0x00000001, 0xfb1a26e5, 0xe7bbc71f, 0xf1000000, \
  0x0000001b, 0xd6c00000, 0x501a0180, 0x00000051, 0x060a03ff, 0xf9f611fc, 0xfbf3f902, 0x08030905, \
  0xfe0208fe, 0x100cfbfe, 0xf9100200, 0xf2f30a0a, 0x00fa0203, 0xfbfc0007, 0xf9fff402, 0xfa080000, \
  0x08fafd0d, 0x000b0b06, 0xf100ef02, 0x0e0bfe00, 0xfc0c0506, 0x09fbf805, 0x14ff0611, 0x00f503f8, \
  0xfc05130a, 0x0af9fa09, 0x061502fc, 0xfd01fefa, 0x00000009, 0x03fafc0a, 0x03fa0503, 0x0afdfd06, \
  0xfdfffbfd, 0x06f1f704, 0x01f9fdf9, 0x0208fa10, 0x0a03fa0f, 0x07f9effd, 0x09f9faeb, 0xfe130d10, \
  0x0107fe0a, 0x0304fc00, 0xf5f008ff, 0xf7f5fe08, 0x06f5fa0d, 0x0009f904, 0x0df7ee00, 0x0405feff, \
  0x0108fd01, 0x0704faf9, 0xfbfef5fc, 0xfc080503, 0xfdffedf7, 0xfcfdf7fb, 0xf3fa060e, 0x040202f4, \
  0xfb0f03ff, 0x04fffb15, 0xfdf8f2f9, 0xfe0400fc, 0xf607ff0e, 0xf9fe0205, 0x020302fd, 0xeef9f3f5, \
  0x0f01fcf6, 0xe9f3ff07, 0x07f70f04, 0x060202fc, 0xfdf900f9, 0xf50400f8, 0xf8fdff01, 0x02fefdf8, \
  0xf3fffdfd, 0x03010806, 0x07fd0cf8, 0xf8060606, 0x0103f6fb, 0xfb07f907, 0x08ed1300, 0xf4f4fd09, \
  0x0507fb06, 0x06fb030b, 0x0903f600, 0x000000fd, 0xe30e0f0b, 0x501a4000, 0x00000083, 0x0ff714f7, \
  0x19f6ef05, 0xeaffcf1e, 0x020c0709, 0x17fceef7, 0x0602f5fe, 0xf8ddf116, 0x00f10400, 0xf004f3f8, \
  0x05f7d9f4, 0xf9161c04, 0x0ad6ee05, 0x08f60af5, 0xfefc0107, 0xec0500fd, 0xfe03c600, 0xff090ff4, \
  0xf305fee1, 0x16f90b07, 0xf1f4f208, 0x012c12cc, 0xe3fb1002, 0x09f706f3, 0x0511180a, 0xf306ffee, \
  0x09101408, 0x01efeefa, 0xeafdf6f7, 0xfbef00ed, 0x1a00e006, 0xea15181e, 0xf3cf040f, 0x131016ef, \
  0x0c0505e4, 0x05eff000, 0xf4fde1da, 0xff10eff2, 0x000a19fa, 0x0ffc0cf3, 0x1415ff0f, 0xf119f213, \
  0x2f26f4f1, 0x050003f9, 0xded5def1, 0x260deefc, 0x13220c0b, 0xe0e9fefc, 0xf40507ee, 0xe2ed04fc, \
  0x170a05dd, 0x05f40119, 0x0bfb0020, 0x0a0ce5f8, 0xe70d09e2, 0x00ff2106, 0x1804fdf6, 0x0c03e7ec, \
  0x0b07f1fd, 0xf9fbd4e2, 0x46e7ebf6, 0x1718eff8, 0x091e0bf4, 0x051905fd, 0x29edf3e5, 0xf112faf7, \
  0xf912fffa, 0x0720caf7, 0x011ffe00, 0xfbfefcee, 0x0d001bfc, 0x1719d7cb, 0x10f31e02, 0xf4ee131b, \
  0x0a10eed4, 0xe6021833, 0x151ed514, 0x1e08030f, 0xfb070b03, 0xfc120600, 0x000000fe, 0x0e0ef1e3, \
  0xf4f50fff, 0x10f5070e, 0x0000f70d, 0xeaf60cfd, 0x0c0004ff, 0xf3f6f20e, 0x030006f6, 0x05080cff, \
  0xeb0003fd, 0xedf8f9ff, 0x060505fe, 0x08fd0a00, 0x08f709ec, 0xf610fa02, 0x0702f605, 0xff07fc03, \
  0x04fb0ef6, 0xfb13fdf1, 0xe806fc05, 0x09f90b0b, 0xeb0a0401, 0xf3090b16, 0x03e3f2fe, 0xf814ecfd, \
  0xff01efe7, 0xf5fe03fe, 0x0002fa05, 0x0902fc0d, 0x000d08fb, 0xea0afee8, 0x02f2f30c, 0x07fd1a13, \
  0x030a06ff, 0x080609f8, 0x050a1e05, 0x00fb0406, 0xecf30506, 0xf2f50501, 0x0e0c01e1, 0x1cf9ee12, \
  0x05eeebf8, 0xf8ffefff, 0xff07e5f6, 0xfefffb06, 0xf325e9f8, 0x08f9ecf8, 0x1308f6ee, 0xfd000000, \
  0x000000fc, 0x0df80000, 0x501a40f0, 0x00000032, 0xdc14f306, 0x0f1d05e2, 0x0005f0fb, 0xff05e5f5, \
  0xf4160b07, 0xfd0907ea, 0xf3e5fbe9, 0x0303f600, 0xf40cca0c, 0xfce2e9f9, 0xe60d06ec, 0x0400eaf7, \
  0x11ed0de0, 0x0912fc04, 0x02281ef9, 0x0de5f607, 0x10f9f714, 0xf61fec1f, 0xeff8050c, 0x08f6f6ff, \
  0x07ff0013, 0xfcf807e8, 0xf9e4011a, 0xf907fcdc, 0x050605f7, 0x07081706, 0x00fa0210, 0x16020dd8, \
  0x04f4fe00, 0xf50102ea, 0xfcf61103, 0x02f1d5ea, 0x11f7ef18, 0xeb010001, 0xe7f70e04, 0xf7090d03, \
  0x0eff1708, 0xe712030f, 0x0a0501ff, 0x0500eaed, 0xf8162af7, 0xf8e50df3, 0x01f4e501, 0xf7eceefb, \
  0x1cfef9f5, 0x1009f31f, 0x130b06f9, 0x08000000, 0x00000011, 0xe3010000, 0x501a4150, 0x00000017, \
  0xe8de00f8, 0x0efe24f8, 0xef03e8eb, 0xfc1cddf1, 0xe71fea28, 0x21e2f60b, 0x1bf2d11b, 0xfdf302f9, \
  0x0b0a07eb, 0x00d6ebf9, 0xfff1eef8, 0x39d2f915, 0xfeeb23ef, 0x0f201b06, 0x22060bf3, 0xfa090f00, \
  0x00000000, 0x00000017, 0x0d0cdd1b, 0x18e11ca2, 0xd5000000, 0x000000ed, 0xeeea0000, 0x501a4180, \
  0x00000051, 0x0805f801, 0x040f09f0, 0xf0f9f401, 0x01fffafb, 0xf9050609, 0xf911f903, 0x05f7f607, \
  0x19fdfcf4, 0x020005fc, 0x0e0d0fff, 0xf70901ff, 0xf3ff06ff, 0x0ff5f7fd, 0x0d0b07fe, 0xf8fbee09, \
  0x13070802, 0xfcf401fd, 0x020a04f5, 0x00fdfcfa, 0x00fc0efc, 0xf7fbf005, 0xff09010e, 0x10f70103, \
  0xfefafcfd, 0xfd0200fd, 0xeef3fc0a, 0x05f2ff02, 0x0005fffa, 0xf60afc03, 0xfdf5f7fa, 0xf80104ee, \
  0xfef6f90a, 0xf40809f4, 0xfe00fffb, 0x0a0500e9, 0xfef90e00, 0xf8fa0106, 0xfffa0100, 0x0df906ff, \
  0x00fe02fd, 0x0dfcfc0a, 0x0407f6f5, 0x03f5f400, 0x06030400, 0xfd0709f8, 0xfd01ff06, 0xfbf90a0e, \
  0x07ff0c04, 0xfc0d0f0b, 0xfd020707, 0x00fefb03, 0x050e02f3, 0x0d06fce9, 0xf1ef040b, 0x0b0007f8, \
  0xf1fdfef9, 0xfcf7fe0e, 0xf8000304, 0x0a00fcfb, 0xfcf90903, 0x02fa11fa, 0xfcff0308, 0xf7f114fe, \
  0x03040609, 0x02fa070b, 0x0ffd01fd, 0x000109fd, 0xf601fffd, 0x04fcf8fc, 0xff0601f4, 0xfcfc02f2, \
  0x04fdfe0a, 0xf6f80003, 0x0600f918, 0x0708030e, 0x0cf7f2fa, 0x06fee9ef, 0x08f3fff7, 0xfe03fc00, \
  0x00000008, 0xf11208f7, 0x501a8000, 0x00000083, 0x040206f5, 0x0a06eeeb, 0xeef7eb14, 0x2a030024, \
  0x061bf5d7, 0xe8fde907, 0x08f204ff, 0x18f2dc08, 0x0f14ffff, 0xf2fbedf8, 0x0ae1f7f1, 0xfe0e0bf4, \
  0xdfed0bfd, 0xf8ecf6eb, 0xe8fafef9, 0xed09fa06, 0xfe021809, 0x0705e92d, 0x1308090d, 0xf9f21c10, \
  0x00e10d2b, 0xd92313f0, 0xef1af3f5, 0xfb121ce3, 0x140ce7f8, 0xdc0cd9f0, 0xeef1fcfd, 0x01fe06e6, \
  0x020206f2, 0x04fc010f, 0x0910f92b, 0xde141500, 0x050405f9, 0x19190e04, 0x0a01f714, 0x020a000b, \
  0x08c8f004, 0x11f208f4, 0xd9f6cd10, 0x0ffe05f8, 0x1fecfcfa, 0xf8f300f2, 0xec0cf3fc, 0x0ffafc06, \
  0x1006f303, 0xf2e00605, 0x14161fe0, 0x06eb2127, 0x04f20703, 0x08ff0cda, 0x10c5f100, 0xd4f7efff, \
  0xe9f50606, 0x03ecfd14, 0x0be70317, 0xf303ddde, 0x0cfdfae5, 0x04efe9fe, 0x08dce0de, 0x2bf4ebea, \
  0xe1ea0afb, 0xffffeaf4, 0x0a1a1602, 0xfcead8f2, 0x0125fff4, 0x10db12f6, 0xfa1f0af2, 0x0a14fffc, \
  0xf10e05e6, 0xfbefe5f7, 0xefe9cf05, 0xfaf6fa00, 0x04020dfe, 0xeb16f3ff, 0x0705d42a, 0x3411faee, \
  0xff05150c, 0xfe0ee405, 0x1bf6e900, 0x0000000f, 0xf9f91afe, 0xfaf703fa, 0xfbfcf5f7, 0xf2160801, \
  0x0101fa09, 0x06f50101, 0x0100f416, 0x09170615, 0xf7070e0a, 0x0d090503, 0x1005000f, 0xfbeafa00, \
  0x0df70c00, 0x1f23f800, 0x0b0b050a, 0x1a0af1f6, 0xf80cf8ee, 0xf60105fc, 0xfb06ff01, 0x0a07e900, \
  0xf406f1f6, 0xfcfa0118, 0x0eea0d0e, 0xf116f813, 0x0109f8ec, 0x0b07ff08, 0x04e8f8f9, 0x05f8f706, \
  0x15f7f101, 0x0611040d, 0xf6e41002, 0xfefd00e4, 0xf4070fee, 0xf71513fc, 0xfde7fffb, 0xf903fe25, \
  0xfcf4feff, 0xf4f806eb, 0x100206f5, 0x000dfdf3, 0xfd02efea, 0xfff60ff4, 0xf6050af0, 0x0ef3f7f9, \
  0x0813f004, 0x0be30304, 0xfc0c00ee, 0xf0ee00fd, 0xf5000000, 0x0000000f, 0x0f090000, 0x501a80f0, \
  0x00000032, 0xf5070c14, 0xdde413e8, 0x24f6fecf, 0x0913df02, 0xfe17f9ef, 0xd5ebf912, 0xfdf9ed02, \
  0xfdef0aeb, 0x02fedffd, 0xf2e3ebe2, 0xf805fc07, 0x0de4071c, 0x070312f0, 0xd40d08fd, 0xeb0be2f1, \
  0x09faf813, 0x0aef0603, 0xe3dd0b09, 0xf80b00fc, 0x020a0515, 0x0a0210ec, 0xeeeffcee, 0x05ff05fc, \
  0x041204e2, 0x07180408, 0xf2e6fc08, 0xeb0505fe, 0xf1e7ce02, 0xfddd0ef5, 0x11f502ed, 0x07f906e3, \
  0xfc02ff05, 0xeb030b06, 0x0004dbf3, 0x0af8e213, 0x15f00e15, 0xfa0310e4, 0xf4100901, 0x0510feed, \
  0xf6010612, 0x05e7ff0a, 0xedfdfb04, 0x10fafaed, 0xf5f1fb0b, 0x14fa00ea, 0x10f7eeee, 0x09e4f3f6, \
  0xf8000000, 0x000000ea, 0xe2010000, 0x501a8150, 0x00000017, 0xec1104f4, 0xdbf9f40b, 0x15e2dd25, \
  0x0f0100fb, 0x1cf90fe9, 0xf40e0719, 0x1331ea14, 0xead1fdf8, 0xe017dffd, 0xf1da001f, 0xffe1ed15, \
  0x0aeb03e4, 0x1cfb1514, 0xf10e020e, 0xefd50713, 0x0ee81600, 0x00000000, 0x000000fb, 0xab17090c, \
  0xf2fe27e1, 0xfc000000, 0x000000f6, 0x22de0000, 0x501ac000, 0x00000083, 0x0c0811e1, 0xf618fafa, \
  0x0ef7140e, 0x10ff16e5, 0x03020cef, 0xecf4151b, 0x11ed0602, 0x1b16f9e5, 0x110e0a07, 0x01fe0def, \
  0xedfeecf6, 0xf4091f0e, 0xeafc0100, 0xe1dff40a, 0x11f0ea0f, 0xe8fddbfa, 0xe60907f5, 0xf0051410, \
  0xe0eaf1ef, 0xeff40016, 0x160ef911, 0xfff2ec31, 0x03bfe4fc, 0x082ad619, 0x34b803fe, 0xdb1e0d11, \
  0x0df6fff2, 0xd8fae011, 0x17ed0ee8, 0x17f3fbe9, 0xe7f8fe1b, 0x14e01300, 0xf0f01a21, 0x0aeadbf3, \
  0xfdf5ffe8, 0xfe08e9e6, 0xec0408fc, 0xff0a1f02, 0x12f2fffb, 0x1c130b0b, 0xeb0d04e1, 0x0f140afa, \
  0xe6f0f5f9, 0x090afa05, 0x01e207de, 0x132003fc, 0x14eb01de, 0xff11f905, 0xfaebf017, 0xf4ea0af0, \
  0xfe0af7eb, 0x08fff607, 0x1f1304f5, 0x07fbeb12, 0xf317fdf6, 0xeae0e905, 0xfbf317fa, 0xf5f4fdf8, \
  0xfdf2270d, 0xd1fcf8e5, 0xd2fb1718, 0xff1a0303, 0x050af514, 0x072f0105, 0x0e0cf1ea, 0xfde90d14, \
  0xf0f714e5, 0xeedf1906, 0xf40403d7, 0xcde20cfa, 0x12f20000, 0x05eb1716, 0xfbf5fa05, 0x0b0b0cf7, \
  0xe2e60e20, 0x08f3fd1a, 0x0b020008, 0xeeebf7f4, 0x08010700, 0x000000fa, 0x112407dd, 0xfb0b0602, \
  0xfd00fffc, 0x0406f7f3, 0xf6e0e2e4, 0xf307f30c, 0xf9f701fc, 0xf328f2ef, 0xec06f4ff, 0xf708f9f4, \
  0xf5fb01fc, 0x04021105, 0xfbfd0b08, 0xfa04f8ff, 0x01fbf706, 0xf60211f2, 0xfd040611, 0x0dde00fc, \
  0x0007fcf5, 0xfdfd02ee, 0xfe0bfbf4, 0xf816f000, 0xf3010b0a, 0xfe01f80e, 0xf200ed0c, 0xef0b1afe, \
  0xf81001fd, 0x0a09f0f7, 0x12f1160e, 0x0104fb06, 0xf1f7fde2, 0x010f060f, 0x1af7edf6, 0x06f3fb01, \
  0xe30406fa, 0xf4fcf6ee, 0x09fc04ec, 0x1504fc0f, 0xe70307ff, 0xf90306f4, 0x16fe02fa, 0xfd05fce0, \
  0x0906fa03, 0x1304fde7, 0x05000002, 0xf908f0fe, 0x00ed06f4, 0x020b03ec, 0x09000000, 0x00000014, \
  0x11f80000, 0x501ac0f0, 0x00000032, 0xf9f9ec02, 0x01f80903, 0xe3e31902, 0xf7050bda, 0x06070203, \
  0xe70d14ff, 0x0bfb02d8, 0xf00208f8, 0x0eea0ff3, 0x07040ad4, 0x0200edff, 0x100acedc, 0x0be6010b, \
  0xe5f80e08, 0x091b00fa, 0xd3ff0ee4, 0xf21d1efa, 0xf9f4e1f3, 0xf1f7f9fe, 0xf902e7f1, 0x0cfd0b0a, \
  0x0009e6fd, 0x02021104, 0x0bfcf905, 0x12ebfbfa, 0x0df3f6f3, 0xf911f3f2, 0xea0a1000, 0xef0915eb, \
  0xf2010efa, 0xff19010b, 0xdc0ad901, 0xeffcfb05, 0xe305f2e5, 0xe5df1f00, 0xf52309ed, 0x00f9f0de, \
  0xeb08dff6, 0xde01101d, 0x080210e2, 0x12fe0fed, 0x02fd0b14, 0x0401f202, 0x1710fc0c, 0x07f81103, \
  0xf401ffe0, 0xfd090efc, 0x19000000, 0x00000005, 0xed0b0000, 0x501ac150, 0x00000017, 0xe7ed18fc, \
  0x13fafd06, 0xf7f9061f, 0x1ae23202, 0x1206172e, 0x10f2ef06, 0x21f6e7f2, 0x11f60b1b, 0x08fdf40a, \
  0xf124ea20, 0xf2ebebda, 0xf5e110eb, 0xe607fefb, 0x0ffa10f7, 0xfcebfee6, 0xf7ddde00, 0x00000000, \
  0x000000fb, 0x040eab19, 0xf0c600c0, 0x18000000, 0x000000fb, 0xdb210000, 0x501b0000, 0x00000083, \
  0xf31ffe02, 0x29db0513, 0x02fb1bf7, 0xdc03e2f1, 0xe9051003, 0x1220040e, 0xf215fb02, 0xfff2fff3, \
  0x0917f20d, 0x04f205f8, 0xfbf10e12, 0x0bf80916, 0xe3240506, 0xf8fde7e2, 0xc812e2cf, 0xf0eee2db, \
  0xf313e9ff, 0xdbef0df5, 0x1300f8fb, 0x11f4f6fb, 0x13201df0, 0x28ccec00, 0xfb250002, 0x1a0af2f6, \
  0x0ce5ef16, 0xdd21eff5, 0x0302f0f8, 0xf1ff2402, 0xeb000105, 0x1c07fcf8, 0xf4c6cffe, 0x0811f9ea, \
  0xe30bf321, 0x0af0f5eb, 0x2512e100, 0xfff706dc, 0x02fe1211, 0xdaf4240c, 0x02fbf5f8, 0x130efffe, \
  0x16fe1806, 0xfe0909f5, 0xd5fb0002, 0xece4faf7, 0xe7defef4, 0x01f1fd0f, 0x1902eff1, 0xf322fcf9, \
  0x0403f202, 0x0ecf070a, 0xbf03c3f4, 0xf9b4fdd4, 0x0b07ffee, 0x05f8f2f2, 0x1a071117, 0xf7fd1e04, \
  0xfd07f8ef, 0x05f22102, 0xfd110bdd, 0x19f109d5, 0xed0217ed, 0xffd3eef0, 0x0dfddeee, 0xfaee0605, \
  0x02f217f7, 0xe4ecf803, 0x02ed1013, 0xe7e6fbf8, 0xfe01fef3, 0x00deeb02, 0x08eb1501, 0x0cf11c05, \
  0x03fde7fe, 0x020dee0f, 0xf6ff2fea, 0xece20b0e, 0x09e7000a, 0xe0f4f319, 0x04ffdb00, 0x00000006, \
  0x1f01ffde, 0xfffff509, 0xe80c0414, 0xdb060314, 0x0a06eef6, 0x02fa0401, 0xf9fafcf0, 0x0cecff05, \
  0xf3fd040c, 0x17f30df4, 0xf60c1604, 0xf0f60b00, 0x05fdf008, 0x0703fbf5, 0x0809e006, 0x0ef50b06, \
  0xf7fdfb0c, 0x02fd160d, 0xfefc09f9, 0x060004fb, 0x03fbfaf0, 0xffef0a02, 0x05e8020f, 0xfffcf40e, \
  0xec1205ed, 0x000be3f2, 0x21efd802, 0x0ffb1107, 0x0ff3f709, 0xf306f1ee, 0x110002fb, 0xec0604fd, \
  0xfff00dfc, 0x02040cf8, 0x03fa0ffb, 0x1ded090c, 0xf9f30b07, 0xfa0b08fe, 0x0cf01100, 0xf50602ec, \
  0xef04f5fc, 0xf9f61cef, 0xed05f8f3, 0xf605fcfa, 0xf3ea02fd, 0x020109f9, 0x12f2fb01, 0x1c02f907, \
  0xf9000000, 0x000000f8, 0x04fb0000, 0x501b00f0, 0x00000032, 0x02f9e409, 0xf6010d08, 0xf1fcffec, \
  0x03e8f2dc, 0x09f2eef5, 0xe3040efb, 0xf5fef9f6, 0xeae8e9f9, 0x0c031006, 0xfaf603fa, 0xf70608fb, \
  0x08100716, 0x07f609eb, 0xf519e4d6, 0xdaebfdf4, 0x170003e9, 0xfffcfdfb, 0x0810e6f1, 0x0e09ecfd, \
  0xf9ff1204, 0xfbfaf200, 0x0dfa08e4, 0xf909faf9, 0x040dff05, 0x1adbd1ff, 0x0efa1cf8, 0xe00206fe, \
  0x0ef904e8, 0xe3eff8f9, 0x041110f6, 0x07ece2fc, 0xf7e6fdf6, 0xf404f8f2, 0xe5def503, 0x02e4f0f4, \
  0xf7e8f717, 0xfe06fff5, 0x1711eeef, 0x0cecf602, 0xf4fef2f3, 0xdad3fd17, 0xf914f7e8, 0x01f3dd04, \
  0x08f71400, 0xd6ff00fe, 0xfafe0709, 0xfdf706f5, 0x09000000, 0x0000000c, 0x1d190000, 0x501b0150, \
  0x00000017, 0xf017f502, 0xf6e8110d, 0xd10123f2, 0xe6f7f8ee, 0xf600f818, 0xeafd00d1, 0xeee20fd7, \
  0xe917e9f3, 0x28eb01d7, 0xe511e9e7, 0x2301dcfa, 0x09f8ebfc, 0xe8f7e8ec, 0x11e511f8, 0x253409ea, \
  0xf1ed0d00, 0x00000000, 0x000000e9, 0xf528b7e9, 0xb813de0d, 0xd6000000, 0x00000013, 0x2dcf0000, \
  0x501b4000, 0x00000083, 0x11112bfc, 0x0c172deb, 0xe6ebde13, 0xfaf2f006, 0x17220aef, 0xf70203ec, \
  0xf4fe08d1, 0xf7e3edf9, 0xe1f70a0e, 0xeaf50902, 0x142a1803, 0xf3102702, 0xf515f4ff, 0x01ec031c, \
  0x1f0305f6, 0xe2caf102, 0x20daece4, 0x0609f5f8, 0xcc05e9f6, 0x0d2ff6fe, 0x1bf810de, 0x0c0415fc, \
  0x13f10107, 0xf6fe0422, 0xfdfee5f6, 0x23fee1ef, 0x11021807, 0x08f3ef07, 0x06f5fefb, 0xe115f7f7, \
  0xecfb1ef9, 0x0f07e7ef, 0x08100b0f, 0xeb0f0808, 0x11171012, 0x2a0e0405, 0xf4f2f418, 0xfc07f7e4, \
  0xfb1a1bfb, 0xfd171204, 0x2a011402, 0xf0e5fafb, 0x0a050ad7, 0xeff5f3fc, 0xe807010e, 0xfff31000, \
  0xddfff2ec, 0xf9e4e11e, 0x00f0e3ff, 0x0f03f1ff, 0x0a2315ff, 0xefe61919, 0xd1fde205, 0xd9fa0dde, \
  0xf6080dfd, 0x1310e8f1, 0xeb08f70f, 0x0cdb181d, 0x09ecff07, 0xe0070612, 0x20e3fded, 0x0bfff60c, \
  0x010ef813, 0xf8010de4, 0xf4f0f2f5, 0xf11304e1, 0x180a0621, 0xfded0d05, 0x0e07e0f1, 0x0b28030f, \
  0x00fb03f0, 0x15ea2702, 0x0cfbf7fb, 0x03030bf8, 0x22fe1ff3, 0xdb1212f8, 0xeafa00eb, 0xf0d7f4ee, \
  0xfe0c1900, 0x000000f3, 0x1ac4ece3, 0x11fdf103, 0xfcfb06fb, 0x03edfb05, 0xeaebebfb, 0x12f6fae6, \
  0xfcf4f6ff, 0x08f4fc08, 0x0001faf2, 0x0103f1f9, 0x080df809, 0xfafaf409, 0xfd02f6fe, 0x08f6f907, \
  0x0e01f607, 0x0104040a, 0x05fff503, 0x0504fafe, 0x0df6fd06, 0xf919f51a, 0x1fe70202, 0x0d000505, \
  0xe90e17f1, 0x0cfa05ef, 0xfb080618, 0xff05f412, 0xf7f2fd01, 0x040003ef, 0xe603080d, 0x0702f510, \
  0xe60601ea, 0xdb1206f9, 0x0c0d110d, 0xe8fdfc01, 0x0b0209fe, 0x0cfe0df1, 0x0afcf0f6, 0xf7fcf5ff, \
  0xfe090203, 0x0107f90b, 0xfcf6f311, 0x06edf9f5, 0x040bf4e8, 0xe8011603, 0xfcf5fbfb, 0x1123ddf8, \
  0xf9fc0a0e, 0x0aeff3f7, 0x00000000, 0x000000fc, 0xf8fd0000, 0x501b40f0, 0x00000032, 0xe307f705, \
  0x010002e3, 0xfafc0e15, 0xf31301f9, 0x0df10a0c, 0xe4effc06, 0x0e0dfad8, 0xebd80205, 0x0703f80f, \
  0x170c02e6, 0xf105f5fc, 0x1ffeefec, 0xcf01f32c, 0xfdfd0501, 0x14cbe802, 0x10fbeee4, 0xf007fbf3, \
  0x0800e600, 0xf3fbff02, 0xff1f07f0, 0xf80ef3f8, 0x02f9f900, 0x110c1efa, 0xe9061615, 0x020a0205, \
  0xfeeffb00, 0xf1fbf8fd, 0xf4ee0ff4, 0xfc030df7, 0xeae8f916, 0xfc04f80c, 0xff07f604, 0x08e1df06, \
  0xf5f90ccf, 0xef0f050e, 0x0d06e003, 0x01fbe109, 0x090f1efb, 0xf5041506, 0xf21105ea, 0x1101f40c, \
  0xfffa2504, 0x14e20bed, 0x0a08f603, 0x07f6ec06, 0xeaef000f, 0x1606f102, 0xf3000000, 0x00000007, \
  0xfcf70000, 0x501b4150, 0x00000017, 0x1ff6e906, 0x1009fdfa, 0x31f80bf2, 0x0011f2fc, 0x4a1c3e00, \
  0x0a040303, 0xdd170e09, 0x112528f0, 0xebf7fef9, 0xff170ef1, 0xebf11b16, 0x052aee11, 0x0ceb011b, \
  0xf11ffe08, 0xf601d10a, 0xea142000, 0x00000000, 0x000000f0, 0xe6bf22d2, 0xd6171508, 0xc8000000, \
  0x000000f0, 0xb3260000, 0x501b8000, 0x00000083, 0xf80efa16, 0xef050be9, 0x24ed10fe, 0xedf807fc, \
  0xf1f401eb, 0x2ef1e9e8, 0x0000e812, 0x1400ecfb, 0x06ef0bea, 0x0d03f7ff, 0x10e9fbe3, 0xf5f9f7f6, \
  0xf10702fa, 0x05fc0e1c, 0x0d02f5f3, 0xd1e0f7e5, 0xcf131915, 0x0cf5ef12, 0xe4050a01, 0xf9fa01f4, \
  0x121c0a00, 0xe6e80fe8, 0xe218fb09, 0x060a100b, 0xfcf1f9f2, 0x15e30701, 0x04edf0e8, 0x04fa15fe, \
  0x09feeff5, 0x35f1f10d, 0xf4f509f8, 0x17e305ee, 0xe8022605, 0x020bf7f7, 0xfa0ef4fd, 0xecf2f7e5, \
  0xfce7f10c, 0x0b1e16ca, 0xfeecfd16, 0xf414fcea, 0x0409e7f5, 0x07f20909, 0x010602f7, 0x111d2813, \
  0x1ff0f80e, 0x060c1500, 0x052ef5dd, 0x23faf710, 0xf80c15fe, 0x07ff2309, 0x07fde8f0, 0x01f506dd, \
  0xe50c2a06, 0xfbe7f408, 0x2dfff5c1, 0xecd10502, 0xfde30708, 0xfb1ef40a, 0xefe7eef9, 0xfd230de5, \
  0x0100f310, 0x2016fd0f, 0x1e18121f, 0x0711e4e9, 0x0207ef03, 0x16e9fe20, 0xe9d30e0c, 0xdce1f80c, \
  0xe90de7ed, 0x160820ec, 0xe1ede50b, 0x11f900f9, 0x03061500, 0x0bff1605, 0xff0fecfa, 0x181f0315, \
  0xfbfaf3ee, 0xed0aec1b, 0xf20ae100, 0x000000e4, 0xeeecff09, 0xf0fa0300, 0xf1ee0cf4, 0x1909fce5, \
  0x070c04f8, 0xf0ec0901, 0xedf90bfa, 0x03fdfcfb, 0xf8f70d04, 0xfa0df9f6, 0xfcf90501, 0xf30315f9, \
  0xf5f6f71c, 0xf0ee060a, 0x17fefa12, 0xfbf2f802, 0xe5061302, 0xfffe1300, 0xea0310e9, 0x05f504f6, \
  0xf814f5ee, 0xdff0f200, 0x0a0209fa, 0x0904f90a, 0xeefc0306, 0x10f609f7, 0x00feff0d, 0x0efb0c10, \
  0xfbe7fe07, 0xfe04f4e9, 0xf5030607, 0x0e05f61b, 0x12f1eef8, 0x1dfef1fb, 0xf5fa0ef8, 0xf506e913, \
  0xed0106fe, 0x0a1ae303, 0x04eafdef, 0xf8ff0f15, 0x0803edf9, 0xeae508fd, 0xf10afe08, 0x0efaf9ff, \
  0x0700fe07, 0xfd0cfa08, 0x00f707ff, 0x100cfbf6, 0xfc000000, 0x000000fb, 0x13e00000, 0x501b80f0, \
  0x00000032, 0x09ff0e00, 0xe6e7ee05, 0xed09eff5, 0x05fff3e6, 0xe2e507f5, 0x02100e0d, 0x19160cfd, \
  0xf8f80822, 0xfc06f1ee, 0x04ff0905, 0xfc02f6fe, 0x0d06100c, 0x17fe01fc, 0xfb1c15f5, 0xe42209f9, \
  0xfbeb0a09, 0xf607ea00, 0xdff6f90a, 0xf4e3030c, 0x08f80107, 0xee1710fe, 0x150d1ff2, 0xe4d5f800, \
  0xdef9fe0a, 0xfa0206fa, 0x070fff0a, 0x00000306, 0x0af61206, 0x15f1020c, 0x0d150cf4, 0x00eef3e3, \
  0xfad1fee6, 0xecf6fb06, 0x0ffc04f4, 0xfeff1008, 0xf5fd08fd, 0xfb081cf9, 0xe1e20f0d, 0xf00a131c, \
  0x0509ff05, 0xf7081007, 0xf60705e9, 0x09f6e6ee, 0xf5020917, 0x0add04ee, 0xef060dee, 0x02db02e9, \
  0x06000000, 0x000000fc, 0xf3ef0000, 0x501b8150, 0x00000017, 0xe5fb0a17, 0x150417ec, 0x1608fce9, \
  0xddf2f2f3, 0xd305de08, 0x21fdff05, 0xfcd50217, 0xfa340c13, 0xfada26fb, 0xe80ffbe9, 0xfc180e10, \
  0xf602fa02, 0xe0faf028, 0x03e20edb, 0x090807d8, 0xf4f1d600, 0x00000000, 0x000000fe, 0xd72a10cb, \
  0xd3f8fdf1, 0xb5000000, 0x000000ff, 0x21250000, 0x501bc000, 0x00000083, 0x0411fc0d, 0xf227fed6, \
  0xdcede02b, 0x1d0806fc, 0xdb050512, 0xf701f104, 0x12f30ffb, 0x1cfee600, 0xeae7fefa, 0xfffa0008, \
  0xeb091018, 0x0c04fef1, 0x0dfd16fd, 0xfef70707, 0x06e41911, 0x00fff7f3, 0x0cef07f4, 0x08fceee9, \
  0xf9fdfcef, 0x061403eb, 0xe7ecec28, 0xb812e608, 0xf90d100b, 0xfeee0304, 0x15fdebdd, 0x14daf8d7, \
  0xe808fcf1, 0xfbeef0fb, 0x0b130b1b, 0x00eb170d, 0x04140501, 0x110909ed, 0x07062812, 0x170e0808, \
  0x20db0e05, 0x1b1eea0a, 0x0b080de2, 0xf8f8f618, 0xe4f60e12, 0xf3fc1c27, 0xf6ef01d1, 0x1e09db03, \
  0x07f209fa, 0x0107fd09, 0x1b0b0ff7, 0xf30cf102, 0xaeeaf20a, 0xe9f1f231, 0x0113e8e5, 0xe7f6ef03, \
  0xe5ee2400, 0x092ffd0c, 0xf8fd00f2, 0x17070ff8, 0xfe0b0cec, 0xfc1202f0, 0xfb07fbf3, 0xf4ef152c, \
  0x08e5c811, 0x031718fa, 0x11e912f6, 0xfbfaf9f3, 0xf0023d06, 0xf9fcf8ff, 0xedc82e0d, 0xf8092203, \
  0xede2e9f1, 0xfb070eff, 0x0ef8fff6, 0x0ef3f104, 0xef1cf1f7, 0x0119f101, 0xf0f41d03, 0xf8070be2, \
  0xfe040c02, 0xf2ebd3ff, 0x09dd01fb, 0xe3e9040e, 0x0c021b00, 0x0000002f, 0xec160200, 0xfa12fefe, \
  0xf70df702, 0xfefcfffb, 0x1407eefc, 0xfe010310, 0x07ee0102, 0xf20effe5, 0xfe1415eb, 0xf305f00c, \
  0xfd090a16, 0x03eefbfe, 0x0dfeee06, 0x0b1215fc, 0x0a0408f5, 0x0207f0f8, 0x0108fe04, 0xe9ee0900, \
  0x0a1200f8, 0x020cf90b, 0xf50dfeed, 0xfd0dfffe, 0xfcfa0a0a, 0xf0ec06f9, 0xf61005f2, 0x110bf50d, \
  0x11f0fde6, 0x03eb1501, 0xef0503f6, 0x00190114, 0xed0f04f7, 0x0af30202, 0xfcfaebfb, 0x030bfe05, \
  0x05f7eaf7, 0xfd0af01c, 0xf4f0e2fe, 0x0bea04ff, 0x10050411, 0xff0105ff, 0x17f3f8f3, 0x0b08fcf5, \
  0x0b10ecf5, 0xf3fafa14, 0x02ef06f1, 0xeb04fbfe, 0xfbf30b14, 0xebfa100f, 0x08000000, 0x000000ef, \
  0x01fa0000, 0x501bc0f0, 0x00000032, 0xffe0e40b, 0x17f41004, 0xf10bf6e5, 0xfbf3041e, 0xfc050205, \
  0x08ff04f7, 0x0e1609fc, 0xfbf90b02, 0xfb0e09ec, 0xeeec03f4, 0xeffe021f, 0x17f7f9d8, 0x06f5fcee, \
  0xf1e7f9e8, 0xedfcd4f6, 0xf5000a00, 0xf203eafc, 0xee02f2df, 0x07fed91f, 0xf2fef0f0, 0x09f9f70b, \
  0xe7f1fe17, 0x06f8ee17, 0xeefbf308, 0xf5f2f7f0, 0x00fa0324, 0x07ecfb06, 0xfd0004ff, 0xfbecf5f2, \
  0xff13e1e5, 0xfcfaf3f6, 0xe0e00ef4, 0xf2e1f8ec, 0xf9daf2e5, 0x0aff08de, 0xef0ce8f5, 0x0f13f600, \
  0xedf0f703, 0xf5000afd, 0xf5fafe08, 0x0acd0be5, 0xd20ef90a, 0xe1fcdc05, 0x001a07f9, 0xf0e4e5f7, \
  0x08f90efa, 0x0019fcf7, 0xf1000000, 0x000000f3, 0x060f0000, 0x501bc150, 0x00000017, 0x031a0300, \
  0xede7e2f3, 0xf6d1e5e5, 0x07d8ff1f, 0x020ce9f8, 0x0b08111c, 0xf51514ff, 0xeb04eb1a, 0x1633180c, \
  0xeeed0e17, 0x0d1913fb, 0x03e902e7, 0x1012fbf6, 0x05f6160b, 0xfbf40330, 0xfe2cbb00, 0x00000000, \
  0x00000009, 0xc3e4d6c5, 0xf6d3dfe2, 0x1d000000, 0x0000004d, 0x26e40000, 0x50580000, 0x00000083, \
  0xf900110c, 0xf82c00c6, 0x0b0dee0b, 0xf3fbfefb, 0x12fdf8f5, 0xff050afa, 0x08cdff09, 0xf4f6fd11, \
  0x1501f8ec, 0xf6f601e0, 0xf1250c03, 0x00f5f6ee, 0xf3fe0bfd, 0x05eef8ea, 0x0607fa0a, 0xed011004, \
  0x001bf3e0, 0xe6e404fc, 0x1d1509fa, 0xf1c9f5fa, 0x03ec0008, 0xf4250fca, 0xf6f206f8, 0xed0d1a02, \
  0x030ee9f1, 0xeb05da07, 0x03fefd0b, 0x030ae7fe, 0x121e0c1f, 0xef04161c, 0xfbffe1fc, 0xf6d9ebe9, \
  0xfb0eea12, 0x28240d02, 0xfe25f516, 0xfef10101, 0x06ed1201, 0xf6dc0509, 0x090a1b07, 0xf4fdf5e7, \
  0x0915f524, 0x19001b16, 0xfcf411ff, 0x191005f8, 0x2312eaef, 0xfa160907, 0x0fec0df3, 0xdc190e06, \
  0xecf91a04, 0xf1f53426, 0xf5f3f5dd, 0xf8c40bef, 0xe3d6ec0e, 0x01e1c3ea, 0x2004ed0b, 0x0cf9f6e3, \
  0x0bfaee1d, 0x0015190b, 0xf8f00f02, 0xed01ed15, 0x082d0606, 0x09090af5, 0x00020311, 0x0f011de2, \
  0xfff909ff, 0xee14f4ed, 0xee0a0c08, 0xe8ee1c0a, 0xf500dfdf, 0xebeb000d, 0x0ed019f9, 0x07fe02e4, \
  0xfc04ea13, 0xfb0a0819, 0x0c16180f, 0x07cbd304, 0x180c1113, 0x06f5f319, 0x0b050100, 0x000000ea, \
  0xfbed08d3, 0x011c081a, 0x06f001f9, 0xecf801f5, 0xfa000c0c, 0xfd0b0902, 0x06f70e01, 0xfee80602, \
  0xfceff90a, 0x010df908, 0x150c08ef, 0xf7e4e6fe, 0x1208f81b, 0xf0fafff3, 0x0f0afa02, 0x06f9eefa, \
  0xf9f60402, 0x07fc17f9, 0xe7f2fe07, 0xf9f50604, 0xf7f90c14, 0xe8fd0cfa, 0xf909fafc, 0xfc080cf1, \
  0xf303e8fa, 0x0af4ee15, 0x0eecf30d, 0x0210fded, 0xf7f9f8e7, 0x14fb0217, 0x04fd0904, 0xfaf605f0, \
  0xf6fe0608, 0xfdf4f40e, 0xfce8030c, 0xe00df9ee, 0x0aff0dd7, 0x1808fbf8, 0x06fdf5f6, 0xf8f6efdc, \
  0xfa05f305, 0x04ea03e3, 0x0000fafb, 0x1201fbff, 0x000204f7, 0x00fa02f5, 0xfafb0617, 0xf3fbfcf1, \
  0xef000000, 0x0000000c, 0x19080000, 0x505800f0, 0x00000032, 0x0aecea07, 0xf3130ee4, 0xf203e9fe, \
  0xe618fdfa, 0x17f515fb, 0xf0e90718, 0xf0031109, 0xf3f1f4f4, 0x06fafaf2, 0x0105f1f8, 0x13000609, \
  0xf410f6ee, 0x161ae918, 0xfe060711, 0x1116010a, 0x16fbfbe3, 0x17100814, 0x0ef40d15, 0x0c06fa04, \
  0x1200fbe9, 0xc6d81c17, 0xfe00ebfc, 0xfcf2080e, 0x05fd02ff, 0xdcff18f3, 0xff230001, 0x0cfcfcf2, \
  0xeae7f704, 0xf9ff0ee3, 0x0a0512ed, 0xfcf7f904, 0xfc12f9fb, 0x0ce11519, 0xd90d07e7, 0x11e016fe, \
  0x080904f2, 0xf8ebd5ed, 0x150ffbec, 0xf0f5fa15, 0xeefb0204, 0x090a1604, 0xd8f904ff, 0xf1f705f4, \
  0x14f20ff9, 0x0d00121f, 0x0ae5f6e3, 0xfa05f903, 0x05000000, 0x00000010, 0xffe80000, 0x50580150, \
  0x00000017, 0xe5e4f2f6, 0x0be92014, 0xc2f20c09, 0xf3f9ed17, 0xfcfe11f9, 0xd9e11ad9, 0xeaed21e5, \
  0xf00aecf7, 0x0bf1fe28, 0x0e10ddf0, 0x09fa2cee, 0xec1f0406, 0x0df6d7eb, 0xf9fffdfd, 0x082002f5, \
  0x062efe00, 0x00000000, 0x000000e4, 0xd0d51ea0, 0xde1fbf0f, 0x03000000, 0x0000000e, 0x05b10000, \
  0x50584000, 0x00000083, 0xf50e1807, 0x0d2511cc, 0x0e03f40b, 0xf1f3f2ed, 0xf5fd0aeb, 0x0407fd00, \
  0xedee190e, 0x3309ee10, 0x2ef71304, 0xf0e1fc0d, 0x01f8e306, 0xfdf209f0, 0xd4fb030e, 0x1d12191c, \
  0x09fc1115, 0xfae6fd01, 0x1cd4ef1a, 0x110ff0f5, 0xfd0004fe, 0x0f111a0c, 0xffedefea, 0x1b171323, \
  0xf2e4f509, 0x120bdb0d, 0x02dde0ec, 0xf815f9f6, 0xfe0c0b13, 0xe5050b09, 0xf50d1603, 0xf1e80313, \
  0x0df5f607, 0xf4093314, 0xf80be52e, 0x13faff10, 0xf2e0dbee, 0xee0e1d14, 0xf61f07f0, 0x03f9f306, \
  0xd714fde7, 0xed14212b, 0xdd0c19f8, 0x0a070cf3, 0xf613fa13, 0x02fe270d, 0x0fff12fd, 0xfa09f3e2, \
  0x24edf7ff, 0x0508ec16, 0xf3f7ee18, 0xfd00fdfc, 0xf21c030f, 0xe210caf8, 0x2f02f501, 0x11eae0fc, \
  0xf216041a, 0x1108ffda, 0xfb0ce30f, 0x200ee9e7, 0x00f9f7d9, 0x0d171def, 0xe3ff180a, 0x24faf3ea, \
  0x0d0a1bd3, 0x160f0fec, 0x0deb0ffc, 0xf9eed9f1, 0xe7f9e9f4, 0xf816fe06, 0x150115fa, 0xf41b02f6, \
  0x15fdffe7, 0xff0200fa, 0xe5f3faf9, 0x0a05f9d7, 0xfde916f8, 0x14e71309, 0x01eaedee, 0xf0150de2, \
  0xfbf8f700, 0x000000f8, 0xec0ef6fb, 0x0615fe09, 0x0705f0f8, 0x00ff00e8, 0x030404fd, 0x08ff0008, \
  0x0701faf9, 0x0301f10f, 0xfefb0af0, 0xfdfdfefd, 0xfd050001, 0x11fb040d, 0x0600f5e3, 0xf3e8efe4, \
  0x03020bfb, 0xe1eee907, 0xf9ff16f9, 0xf60a03fd, 0xf8f4f9fa, 0x03060304, 0x13e9f8f7, 0xfb12eef7, \
  0x01fb05fd, 0xf00c0205, 0x06f30006, 0xfffdff01, 0x08fc00f7, 0xff04edfa, 0xfbfcfa1c, 0xedf6fdf4, \
  0x061116fd, 0x0106f4ff, 0x02130bfa, 0x06ea0c04, 0xfdfd1a06, 0xfa10f6e6, 0x0909fae5, 0x1822edff, \
  0xfcee00f9, 0x0aecff1a, 0x01eb0cf0, 0xef05f7f6, 0x0300f10f, 0x0eec0bff, 0x04f00efa, 0xf40a080e, \
  0xfd030322, 0xfe01ef00, 0xef000000, 0x000000e9, 0xfcda0000, 0x505840f0, 0x00000032, 0xf5f60b17, \
  0xf8e207f6, 0x01f7ff00, 0xffec15f6, 0x0debf908, 0x1404ebf2, 0xeff50c03, 0x000502ee, 0xfb01fb0a, \
  0xebdc14f2, 0x0712f405, 0xf6ff0ebe, 0xf9e7fd20, 0x000a0801, 0x08e8f601, 0xf8d5f4ef, 0x0ed5f0fc, \
  0xeaf806f8, 0x0af9f904, 0xf7fee6dd, 0xfe000ee5, 0xf4e6f1fa, 0x10f301fa, 0x07f1f704, 0xfe10e00f, \
  0x10ed05f2, 0xf5fa0502, 0xf1f414ed, 0xdf1609e8, 0xe60bf1f5, 0xf7ee0cf5, 0xfd19f2f8, 0x060beaf8, \
  0x15031e07, 0x09f507ee, 0xee06fff3, 0x24e5e813, 0x0dda14e0, 0x0a02fef9, 0xebf108fa, 0xf6f5f213, \
  0x03fbfbea, 0x08fcf100, 0x0ef601da, 0x100ffdfc, 0x0b06f2f7, 0xf3f1e80d, 0x11000000, 0x00000016, \
  0x0bf50000, 0x50584150, 0x00000017, 0xe9f6efc5, 0xfafcfe17, 0xf5decb03, 0xfd13f506, 0xf6f6100c, \
  0x12f2e70b, 0x12f5f2ff, 0xf1c9f915, 0xe10fdb09, 0x08fae511, 0xfed009fb, 0xecefdcd2, 0x0adbf9f9, \
  0x021c030c, 0x070b1815, 0x05ebff00, 0x00000000, 0x000000d9, 0x1ae2fed7, 0xf0e3d023, 0xd0000000, \
  0x00000025, 0xe2d70000, 0x50588000, 0x00000083, 0x1006d9de, 0x4214f3f2, 0x09ff1d09, 0x021d0d0f, \
  0x0224d9ef, 0xdaeee6f9, 0x18f4f8fb, 0xf3eb1011, 0x04e8f7c5, 0xf2ebe1fe, 0x01eae5fc, 0x0c0703f8, \
  0xf8e4f900, 0xe6f2fd0b, 0x18010505, 0xf5ec0bff, 0xfecdee06, 0xe008151f, 0xf41e0813, 0x201a00f1, \
  0x090011fa, 0xced31e1b, 0x28f503f6, 0xff14fbf2, 0x080d0bf7, 0x1802f4ec, 0xe0e8eefc, 0xd2cd0314, \
  0xfb0d0421, 0xe02109f4, 0x0bf1def7, 0x03fbff11, 0xe8f4eff8, 0xf917191b, 0xfff9190b, 0x090f0d0e, \
  0x031105f4, 0xf4d1f317, 0x1eecd401, 0x10fbf517, 0xf80dd1f7, 0xf6f8f6fe, 0x010802f3, 0xfaf0fdee, \
  0x17f0f6ec, 0x12020a09, 0xf123000b, 0x0fec0909, 0x0ff6f002, 0xfe11f5e1, 0xfb0bf6f1, 0xfc0ee7fd, \
  0xf0e6db0f, 0x14eece04, 0xf505050d, 0xf6ece8fc, 0x04090800, 0xe10ef6de, 0x161a2037, 0xf4f10aff, \
  0xf5d9e710, 0x1305e1e2, 0xf10011f4, 0xea021303, 0x08fcfc0a, 0xfce1e3e2, 0xf3f3e307, 0x172b0814, \
  0xf9fa180d, 0xe2e90702, 0xfdf6e516, 0x0f09e9ee, 0xe8fc0b1b, 0xf0fef70b, 0x100ae6e7, 0x02051307, \
  0x04f616f1, 0xf702ec0e, 0xf20a0400, 0x00000008, 0x02eee71f, 0x0300f409, 0x00f303f2, 0x0102f8f5, \
  0x0e1a0ff9, 0x060cf1f1, 0xf8fffefd, 0x15f1f406, 0x06e7fc01, 0x010ff605, 0xf007f6f0, 0xf7e8fa09, \
  0x00060a0e, 0xfc05ec04, 0xf9070007, 0xf8fcfc06, 0x00090610, 0xfbfa0cf6, 0xf5faf5fb, 0xfbfe07df, \
  0x1e020e05, 0x11f6f009, 0x05071204, 0x0dfa0104, 0xedf6f70d, 0xf3fd0612, 0xf0f4faf4, 0x081305fd, \
  0x010d0808, 0xfef8f601, 0xf915040a, 0x0106070c, 0xeef50005, 0x0cf90ef5, 0xf8151108, 0x00110ded, \
  0xf706f901, 0xf10ce206, 0x0b0500e5, 0xf1110011, 0x0d04fbf5, 0xdbfa04f0, 0x1104060a, 0x0002fcfb, \
  0xf2020407, 0xf4f7000c, 0x04f80bfe, 0x071d00f6, 0xfa000000, 0x0000000a, 0xf0f90000, 0x505880f0, \
  0x00000032, 0x0702f613, 0x10e3f3da, 0x201803fb, 0xf0fffd0c, 0xfeff0004, 0xd700fb12, 0x1109ede1, \
  0xfd19000c, 0xeded1212, 0xfbeee5eb, 0x10060c11, 0xd704e003, 0xe204f4ee, 0xf8edfbfc, 0x04db06fe, \
  0xf30b1100, 0x04e40ae1, 0xedfff0cc, 0xf4fe120f, 0xe500f203, 0x05f9d8f1, 0x0f071102, 0x06f0f200, \
  0xfbf404fa, 0x1efefc13, 0xdceefef9, 0x04fced09, 0xec1fef00, 0x0de2ff12, 0x06f6e00d, 0xe1010df8, \
  0xfd0fe804, 0xf4fff3ea, 0xedfce106, 0x06f40316, 0x120df7f9, 0x10fafd10, 0x200ae608, 0xf60504fa, \
  0xf40b01e7, 0xe10de70f, 0xf9060bff, 0x00f4ef12, 0x03fcf0f4, 0x051203f3, 0x00ff0914, 0xf9fa0614, \
  0xf7000000, 0x0000000d, 0xf7eb0000, 0x50588150, 0x00000017, 0x15d11cf8, 0x1ef2ede5, 0xfa0fd4d5, \
  0x06f2e30d, 0xeffde200, 0x25fdf9ec, 0x100109e6, 0x010bd806, 0x25070411, 0xe2fbf8e2, 0xe2fd03e6, \
  0xfae1e3f4, 0xf402120b, 0x1104d7fd, 0xfb13d913, 0x0decdf00, 0x00000000, 0x00000024, 0x101c261e, \
  0xdcded3cf, 0x0a000000, 0x000000fc, 0xbeb70000, 0x5058c000, 0x00000083, 0xe0c6dcf9, 0x1208e8e6, \
  0x0a06f409, 0x1a05eefb, 0x0b030ee6, 0x080211ff, 0xf1ef14e5, 0xf8e806e4, 0xf30efb13, 0x06000b05, \
  0x15eeced1, 0xfbf9f6ed, 0x070b0a07, 0x0e100f1a, 0x17f5eced, 0x0b36fafd, 0xe80200fa, 0x01e0fe23, \
  0xf7fcf9fa, 0x070b0d0c, 0xf91221d0, 0xd300e0d3, 0x0dfa05f2, 0x011000f4, 0xf4e5e414, 0xf1fae90b, \
  0x00ec0c0a, 0x070d13f4, 0xfc0915fc, 0x03ed1c03, 0x042115eb, 0xf4f5e7f6, 0x030d00c8, 0xcfbef709, \
  0x2016daf8, 0x08f00414, 0xe4f308fe, 0xfcff07fa, 0xe7eee7f6, 0xfbddeaf9, 0xf1f508e7, 0x0afb130d, \
  0x0f0ff6e6, 0xf9f7eacf, 0x0ae6e4ff, 0xfbeaebff, 0x1a06fa18, 0x04e900f1, 0xf3e5e3e8, 0xeb08e608, \
  0x1c13f7fb, 0x0604090e, 0x2cf4e5f7, 0xfbee1209, 0x1400ff01, 0xec030d03, 0xf0fafeff, 0xef04f3de, \
  0x00070dda, 0x03d2dd04, 0xf1e1f20a, 0xe80be7e8, 0xf2f800f4, 0x070eeaf2, 0x080b110a, 0x0700e003, \
  0x0cf6f500, 0xe0fff204, 0xeeebf306, 0xfefde6f8, 0xf7dd061a, 0xf3050bd9, 0x04ec01f2, 0xe6f91014, \
  0x151b1213, 0xeee204ee, 0xe0ffff08, 0xf905e5fc, 0x0c091c00, 0x000000e6, 0xd8eb070d, 0xfa0306ef, \
  0x07f504f8, 0x0bfff7e4, 0xf80de6e9, 0xf71a0200, 0x0feefa16, 0xf9f3f1ff, 0xf41405f8, 0xf010f7f9, \
  0xfd0d0110, 0xf5feff01, 0xf70bfe10, 0xf6ff0706, 0x16ec0a03, 0x1bff0517, 0xfbf81001, 0xfd0812f8, \
  0xf3fafbfc, 0x06fefdfa, 0x080e0a18, 0xf001f00f, 0xf90b0fec, 0xff080e03, 0xf519ee09, 0xfe0afb00, \
  0xfcf7ee11, 0xff060af8, 0xecf1010c, 0xe6040dec, 0xff0408eb, 0xedf6fe02, 0xf2fc0705, 0xefffef02, \
  0x09fe06ef, 0xf100ff0e, 0xe307f8fd, 0xfbfa07f2, 0xfdf7ff02, 0x0d0601f5, 0xf3f1f8fc, 0xef040802, \
  0x04f511ef, 0x22fa01ef, 0x04f6f007, 0xfbf4f30b, 0xf80408ee, 0xf600fefe, 0xf2000000, 0x000000fb, \
  0x05020000, 0x5058c0f0, 0x00000032, 0xfaf6ec02, 0xedf30af4, 0xfaf8faf5, 0x0a17f2e9, 0xe90f09e5, \
  0x12f711fa, 0x1305d80e, 0x0cf6eafa, 0x0e03fbfa, 0x071109ef, 0xfeff12d7, 0xeb04f3d8, 0xf90009f9, \
  0xe6fd0002, 0x02eeecff, 0x0d13f3ee, 0xef060df6, 0x190906e9, 0xfffeef0d, 0x191b0a02, 0x1a00eb14, \
  0xfff61305, 0xff000bfd, 0xe0fa1a06, 0x050108f7, 0x0afc1d04, 0x0211f1fb, 0x08e6fde6, 0xf317fbfa, \
  0xf8020a12, 0x0503f8ed, 0x060a0d0d, 0x24e3fbe2, 0xd3e9f40e, 0x03f5eef9, 0x15f3f605, 0x190ce000, \
  0x170bf3ef, 0xf004f501, 0xfb0cf1ff, 0x0301ed04, 0xfbf2f5fc, 0xfa19fd19, 0x1409120d, 0x11122123, \
  0x051cf4f8, 0x06030df9, 0x05000000, 0x00000005, 0x1b150000, 0x5058c150, 0x00000017, 0xf9f410db, \
  0xf0ed13f1, 0xced5f81e, 0xdcd4e62b, 0xfa0f08f2, 0xefeb18eb, 0xfe0a14e5, 0x1915edf5, 0xf6f4da03, \
  0x09201222, 0xf917261d, 0xf320050e, 0x1c22f7f1, 0x1bec0b0a, 0xed0f1b05, 0x1611d900, 0x00000000, \
  0x000000f1, 0xd419e1f9, 0xf6d0e01f, 0x1c000000, 0x00000004, 0xebb00000, 0x50590000, 0x00000083, \
  0xf4f6ff01, 0x1836eff3, 0xf628c0f3, 0xf0f2e2f4, 0x0c08f2f6, 0x06ff110c, 0x11f12201, 0x0b180ff7, \
  0xef09f71d, 0x06eceedf, 0xe9f816f9, 0x1901df0e, 0xf71afbc5, 0xd4eae6e8, 0x10fa1d18, 0xfe14ec13, \
  0xfd181ee4, 0xdfd50cf9, 0x16e3ff11, 0xf1f0e902, 0xfcf41dea, 0x202ef7f4, 0xeb06fcf5, 0x04e5ff0a, \
  0x0011f504, 0x0f20f4e7, 0x0e0ee01a, 0x121c02ec, 0xf007ef0d, 0xd3d8f005, 0xf5f1dce6, 0x00f9e8fb, \
  0xd6ef0509, 0x16f507f3, 0xfc0b0eff, 0xfc051e02, 0xfe110df1, 0xf1f5fa0f, 0x08fde8eb, 0x111b260a, \
  0xe6150cfb, 0x0af20f0a, 0xf2d3eae4, 0xee1aeae5, 0xf6fdf611, 0xeb05060c, 0x2116d0fb, 0xf0fb34f4, \
  0xdef1fb14, 0xf5e6120e, 0xb9f8da05, 0x06e513ec, 0x1ef5ef00, 0x07d6dce4, 0xf3fa0205, 0xfd0e13f6, \
  0xfd170f00, 0x030213fe, 0x021231f5, 0xd0eaf1f2, 0xf3140006, 0x0cfa0901, 0xfffcdf00, 0xeef11101, \
  0x0501e2f9, 0xfc090009, 0x1cfe0f09, 0xe2d5f602, 0xf5070af2, 0xeeeffbf9, 0x23ff0afe, 0xecfd1003, \
  0x07e7c6d9, 0x010809fe, 0xe9eae3f4, 0xf013ebf8, 0x01fdf702, 0xf4f9e925, 0x10ea0500, 0x000000fa, \
  0x2523f4ef, 0x03fcf2f7, 0xf10ff50b, 0x15ff0af3, 0x0d00fdf5, 0xec09fa11, 0xf5f41206, 0xfe00f50b, \
  0xeef40add, 0xf604f7ff, 0x0b17070e, 0xf404eefc, 0x16f40606, 0x11f9fcf7, 0x0a0dff0d, 0x02f30516, \
  0x00f1f4f7, 0xf4051008, 0x06021b0c, 0x0904f50b, 0x050a020c, 0xde01fb03, 0x1bfcf1f0, 0xf8110316, \
  0xf4011609, 0x0bf81ffc, 0x000c02ff, 0x09f90b04, 0xeefbfffe, 0xf30cf8f0, 0x0dfa1004, 0xf10df3f4, \
  0x2301f900, 0xfe01f102, 0xf100070a, 0x000cff03, 0xfff9e104, 0xf9210f07, 0x140f0f06, 0xf71c0d08, \
  0xff01f802, 0xfdf91414, 0xf8fbff15, 0xf00907fb, 0xfafff6e7, 0x040f0ff9, 0x0df50802, 0xf101f212, \
  0x12000000, 0x000000fe, 0xfef70000, 0x505900f0, 0x00000032, 0xe3f8e903, 0x09f1f624, 0x00e9f9e9, \
  0x0a0befe7, 0xff04f9f8, 0x1908f6f7, 0x1b17061b, 0x080804f6, 0x13f7fdf2, 0x05fa000a, 0xee04f4fe, \
  0x0ef8feff, 0x09f403fb, 0x0318010f, 0xef00ec25, 0xedf60513, 0x0c0d0104, 0xf81d0b09, 0xfd0bf6e5, \
  0xf4020aff, 0x1708ff10, 0x08ece5ff, 0x060ef007, 0xf9f8fefc, 0xff0806f7, 0x18d004fd, 0xfbeaed09, \
  0x1702e800, 0x0aeaddf7, 0x0902e8fa, 0x05fa0aed, 0xfd09fc01, 0xe6f7ecfe, 0x17fdf3f9, 0xf6dbe3f7, \
  0x10010dfc, 0xe5ef1a10, 0x03f70401, 0x17f7e400, 0x0af2eb06, 0xfcd6f8fd, 0xeaf1e100, 0x13f3fd0c, \
  0xf0ec0a05, 0x02fcede5, 0xf5f5f4ef, 0xe3f1f7fd, 0x14000000, 0x00000002, 0xf0ee0000, 0x50590150, \
  0x00000017, 0x04ec1717, 0x09000fff, 0x1b0101de, 0xf917e705, 0xffde03ed, 0x1afb0301, 0x0810f30f, \
  0x09d61c20, 0x0614fdc8, 0xe7ecf00d, 0x28f5f10c, 0xf9f7e203, 0x1a0f0dde, 0xf2010710, 0x19f5fc19, \
  0xf7e90500, 0x00000000, 0x00000004, 0x09dae9d9, 0xccd50d23, 0xd6000000, 0x000000fd, 0x2b240000, \
  0x50594000, 0x00000083, 0xf7fe24fe, 0x1700d4f9, 0xf1eeecfc, 0xfbfb0df1, 0x030808fe, 0xff10080b, \
  0xc41710f6, 0x0104feed, 0x0ddc01eb, 0xfd08000a, 0x110d0bf0, 0xe708f8f0, 0xe9041603, 0xfbeb0810, \
  0xfbe1fa19, 0x1aee1006, 0x0ad520f1, 0x00e80920, 0xe20a020c, 0x1007f5ee, 0x0725cbe9, 0x1a221a1c, \
  0xe8d4fc13, 0xe2fee409, 0x10101000, 0x05eee4f8, 0xec0a1611, 0x01f7dbf4, 0x0b15f2e9, 0xfbf1010b, \
  0x09eefc0b, 0x0409e8eb, 0xfc010ad1, 0x0a0bf3fb, 0x070014f2, 0xfee8d6ef, 0xf9f819f9, 0xfd17eeea, \
  0xd2211ff6, 0xe80e1c09, 0xf0fc1df4, 0xfbfaebde, 0xfeea08dd, 0xfc0a22f2, 0xf10f110f, 0x0907f3f7, \
  0x210513e2, 0xe5efe71b, 0x11e30c07, 0x0ff9ee0d, 0x07091ff3, 0xfb1cfcf9, 0x1000fbe3, 0x1904e8e3, \
  0x1104fefa, 0xf813f8fc, 0xe3ecf307, 0x071f0efc, 0xe805eeef, 0x11f7140b, 0x03deeaef, 0xf1eaf305, \
  0x060304d3, 0xfc0feccc, 0xfbf0feff, 0xe409f6c8, 0x030afdeb, 0x1f031110, 0x14f8220d, 0x040913e9, \
  0xfdf4220b, 0xd6e5ed04, 0x07fd0cea, 0xf9efeffd, 0x0c05170f, 0xe5dfe402, 0x04f7e9f8, 0xf7100c06, \
  0xf7ed0600, 0x00000005, 0xf1fb0d25, 0x06f7f4f8, 0xf00e01f0, 0xe4100e0e, 0x08ea0bfd, 0xfa0df4f0, \
  0xfcf5ec01, 0xff03ed0b, 0x0909e801, 0xf5f901fb, 0xfdf9f701, 0xf3ebfbf9, 0x03110ef9, 0x08feec0d, \
  0x01f6f107, 0x0ffb04fe, 0x090214fc, 0xfb1006ff, 0xea15f0f3, 0x120dfc10, 0x0cfefef8, 0x0601e3f6, \
  0x15fff2f6, 0xf1181400, 0xf3fdf3fc, 0x02faf5fe, 0xf4fefe06, 0x0312fcff, 0x0e070003, 0x00f4070d, \
  0x05fbf503, 0xf312fafa, 0xfafd0404, 0xfaf8fa07, 0x03f211e3, 0xf8f10b03, 0xe5ebfcfe, 0xfaec0bf2, \
  0x0deb12f8, 0x03f7060b, 0xf601f71c, 0xfada0601, 0x0cf808fe, 0x02fff6e5, 0x0d09f6f2, 0x06fe0006, \
  0x1414f8ff, 0x17ffee17, 0x00000000, 0x000000ef, 0x13fa0000, 0x505940f0, 0x00000032, 0xe202f40d, \
  0x13030c05, 0xe1f3f009, 0xfc0a13fe, 0xf9f9100e, 0xfcfb0612, 0x16faf6f3, 0x07dcf1eb, 0x03e9130b, \
  0x09fbf7ee, 0xebf9e5d9, 0xee1d1b15, 0x011ef80d, 0x12fbfffc, 0x04e106fc, 0x02fbeef0, 0x03f8f3e0, \
  0x0a0325da, 0xfd0ce009, 0xf300140c, 0x0c180df1, 0xf815f807, 0xfa010ff7, 0x02fe0702, 0x0b110401, \
  0xf702f80b, 0x0deaf3fa, 0xdde904ef, 0xf90f02f9, 0xfb09e7f5, 0x03f7fe03, 0x0603070a, 0xf5f0f4fc, \
  0x02091702, 0xfa0f12d9, 0xee081d00, 0x0b06e903, 0x0e061d18, 0x2600d703, 0xf2f80204, 0xf8ecf2ee, \
  0xeecd161f, 0x0c1126fd, 0xfa060f1d, 0xf30a08fa, 0xfffdfaf9, 0xfc0cef06, 0xef000000, 0x00000011, \
  0x0d000000, 0x50594150, 0x00000017, 0xf3030f06, 0xff043406, 0xedea1025, 0xd9e8fc12, 0xe8fef812, \
  0xf7d214e7, 0x0e090ff8, 0x18e9f922, 0x09fce1df, 0x17f9ee43, 0x270f0414, 0xe90f08da, 0x082cecdf, \
  0xfcf814ec, 0xfb09efec, 0xfff1ed00, 0x00000000, 0x000000f3, 0xd2f8ecdc, 0x26d91ac7, 0x09000000, \
  0x000000f9, 0xeb230000, 0x50598000, 0x00000083, 0x08f9e8eb, 0x1009fdf3, 0xe0f10a04, 0xeefc24f6, \
  0x17f0f1dd, 0x0ad3d8de, 0x031d0ef2, 0x1afedc27, 0xdd151807, 0xee000918, 0x0d17f8f3, 0x04f0fbf5, \
  0xfbf5050e, 0x050aeb11, 0x0614eeee, 0xff05fff9, 0x0dc6f0f6, 0x0400f010, 0x08fdf4e2, 0xe0f2f400, \
  0x0813eb14, 0x2603ef21, 0x280b0e03, 0x10f6050e, 0xfa0b2310, 0x19f02727, 0xfbe7dc11, 0x06f7e4fe, \
  0xf4fffb00, 0x0227f3e5, 0x0b19071e, 0x0dd8f2f4, 0xf3f5eef9, 0x05fbf208, 0x15f9f806, 0xef0403fd, \
  0x0dfffd14, 0x0dfbefeb, 0x1ef9f1e8, 0xfcfd14fe, 0xf4fef0ea, 0x01fceb07, 0x03090a01, 0x130d0a01, \
  0x15060fe9, 0x131404f4, 0xeecffd22, 0x02e230d9, 0xf7fd1c17, 0xeb13eee5, 0x011513f9, 0xf5f3fefa, \
  0xe5051311, 0x06f6dff0, 0xe5f7ff07, 0xf8be04fd, 0xf901f0ec, 0xff08f502, 0xece2ee0d, 0xea0912ff, \
  0xfce0ea15, 0x091e1016, 0x10fa2c11, 0xddff020a, 0xf9030719, 0x1302d4ef, 0x06dc030a, 0x11f2f1e7, \
  0x0f091916, 0x0cf71606, 0xf7fef01c, 0x01f5fae3, 0xf3e8160d, 0xf2faf8f9, 0xedf704f1, 0xdae60dee, \
  0x0d0b0615, 0x150405f0, 0x0210f200, 0x000000fc, 0xf0040804, 0x000d00fd, 0x0804fc0e, 0x05f0f002, \
  0xf4f901ff, 0xf5010f0a, 0xfd0e050c, 0xf10e14ec, 0xf90efeed, 0x0a0ffafa, 0x01f602f7, 0x09f012f2, \
  0xfa0306fd, 0xed05fa0a, 0x0dfcfc0b, 0x10eefcf6, 0xff0a0101, 0x0b070404, 0x000a12f6, 0x010aed15, \
  0xfd05f9f7, 0xff1102ed, 0xfef90411, 0xfb090e04, 0xf301f0ea, 0x06fbe4fa, 0x0bf0110d, 0xeffd0c00, \
  0xfff8ff02, 0x010f0ae3, 0x05fd0dee, 0x000bf91b, 0x06e0f0f9, 0x13f60606, 0x11f617f2, 0xf602fdf9, \
  0xdd0df706, 0x00fbe501, 0x0dfdf5fe, 0x03fffcf7, 0x0f0becea, 0xf8fcfffe, 0x060cebf9, 0x08dcf4ff, \
  0x03ed10f0, 0x02fef3fa, 0xfaf714f8, 0xfa06fb05, 0x04000000, 0x000000eb, 0xe9f90000, 0x505980f0, \
  0x00000032, 0xd9e8fcf9, 0xfe0c0be4, 0x0bf1f003, 0x06fcf2f7, 0x1014ede9, 0xff13f7e8, 0xe5f6e401, \
  0xfc01e305, 0x12d5ebd4, 0x04eeede9, 0x0b050220, 0xf906fd01, 0xf7fb0ce5, 0x140409fa, 0x00fff0ec, \
  0x10fff811, 0xfdf407e7, 0xf6e303fe, 0xf7f90008, 0xe5110006, 0x0a12fc15, 0x0e1100ff, 0xf5f301fb, \
  0x0909f608, 0xdef6e300, 0xfaf00101, 0xf100fa06, 0x1012f613, 0xff04e906, 0x220afefc, 0x150505f5, \
  0xe8f1eee8, 0xd404eaf5, 0x00150e06, 0xd6050bec, 0xfb18d1e3, 0x05010d07, 0xf6f30f13, 0x1301001f, \
  0xf2f2f8e8, 0x02fef1f9, 0xfefcf20a, 0x16eeee1e, 0xfe0be1f0, 0x03e1f400, 0xf2f40fe8, 0xe4f4f9f5, \
  0xf8000000, 0x0000000e, 0xebe90000, 0x50598150, 0x00000017, 0xed1212d5, 0xf50b0100, 0x08d0e3f1, \
  0xf806e020, 0xd320edfe, 0x1ad70a1a, 0xf2e3f60c, 0xdfecdc18, 0x0722090d, 0xfcf6f30c, 0xfffb0ef5, \
  0x0618f82c, 0xf6fd0ad9, 0x0cfd0d04, 0xf2fc012f, 0xfc13f800, 0x00000000, 0x00000005, 0xd6eec628, \
  0xe3eef2f0, 0x29000000, 0x000000fd, 0x9ab80000, 0x5059c000, 0x00000083, 0x090bdfe0, 0x0d04f30a, \
  0xf822f41a, 0x04fc02c1, 0xeefd0507, 0xfbe2fef0, 0xe70804f8, 0xf8240328, 0xe0071419, 0x021313f7, \
  0xf2ede8ec, 0x04ecfde9, 0xdd1d0dfc, 0xf3e0e2fe, 0xee01ecd4, 0xe9e8e8f0, 0xcf100dfc, 0x17e7f8fe, \
  0x0df8f5ee, 0xe6d10cf4, 0xefe6ed04, 0xf12704e2, 0x11d9f602, 0xff12e914, 0xf5fe0fe0, 0xe8ee0e3b, \
  0x07f6f3ed, 0x0b021809, 0x07f7fb1a, 0x02ecfef5, 0xfbdd00ff, 0xff1300ff, 0xf4f21703, 0x0df4d6f3, \
  0x0a0609e9, 0xfdf7fd06, 0x2905fffe, 0xf21203fc, 0xed0a12fa, 0xf9edecdf, 0xe916ebde, 0x08f9f117, \
  0x0b02fa0b, 0xf6f0fe0d, 0x0108faee, 0x05f403f4, 0xfc2dfddd, 0xf6fceb09, 0x0e0aebf8, 0x05eef6f5, \
  0x11e9cdd0, 0xdff4f9f9, 0x001005db, 0xf0ee0ff5, 0xff0b1709, 0xbaf40000, 0xf9f7def8, 0xfa11ff03, \
  0x1ff6e8ef, 0xfaf809ec, 0xf1f6f41d, 0x12251c16, 0xfd140115, 0xda050616, 0x0709d2f1, 0x1316fbf1, \
  0xefe00f02, 0x0bce09f8, 0x0dff13ec, 0xf6ddceb4, 0xead2ecfb, 0xe208161c, 0xedf90908, 0x15fd0d13, \
  0xf80cfbf6, 0xf90608fa, 0x0202f3f7, 0x09ff0ffd, 0x02f91100, 0x000000ed, 0x0e1902de, 0x0004fffb, \
  0x0103eef3, 0x050bf700, 0x00edf907, 0x0b010705, 0xfefffae5, 0xf7fd070d, 0xfa02f1ef, 0x0507e401, \
  0xfe09fb07, 0xfae40205, 0x0b0e00fd, 0x0405fcfa, 0x13061508, 0x0304f708, 0xfc1408ec, 0xedeffaf5, \
  0xf204eef1, 0xf305ecdd, 0x1118e5ea, 0x0807e803, 0xf1fafdfe, 0x03031500, 0xf1f0eb03, 0x03f5fdf8, \
  0x01fdfdf5, 0xfaff050b, 0x0711ff08, 0x0ff310e4, 0xf5020a0a, 0x04fc04fe, 0xe90400f6, 0x030bfa02, \
  0xe8090afa, 0xe60c020b, 0xf301f505, 0xff00090a, 0x08e3fffd, 0xf413f403, 0x03f10601, 0xedfbf1e7, \
  0xf4f80001, 0xebf7feea, 0x0509f4fe, 0xebf51012, 0x03fc08f8, 0x0602e80f, 0xf4000000, 0x00000002, \
  0x08f40000, 0x5059c0f0, 0x00000032, 0xf3fc0dff, 0xfdf01405, 0xe7f40901, 0x050a1008, 0x160b0c14, \
  0x1305e9fd, 0x0a00f417, 0x0602ec19, 0x0dfe0e21, 0x170b1504, 0xfde7eb05, 0xf9f0080a, 0xe6e601e7, \
  0x20ed050d, 0xff000eee, 0xe8f50309, 0xece70cee, 0xf32f03ef, 0xfffbe8ee, 0x18071418, 0x22eef0e3, \
  0xe90a0514, 0xff090606, 0x14061417, 0xffee09f9, 0xfef6fbfc, 0xf50306f6, 0xecf7e60e, 0xfae9e808, \
  0x10f600fb, 0xfc0a160e, 0xd8080af9, 0xfbeee7e2, 0xea0511f0, 0xf409f6f6, 0x1b010b06, 0xfbfd1a08, \
  0x0efcfc18, 0x19fe050e, 0xf9fd06fa, 0xf2fee70f, 0x011ef014, 0x1af9dc06, 0xf315fb07, 0x0afaf9e9, \
  0x0e08f3ee, 0xeb1a000c, 0xfc000000, 0x00000020, 0x12090000, 0x5059c150, 0x00000017, 0x09f03e0a, \
  0x0c2503ea, 0x210e14f6, 0xc604dae7, 0xd30ade10, 0x07ebf112, 0xe106040a, 0x1af8d914, 0xffe10409, \
  0x3af801f6, 0x1014ee18, 0x04200ff0, 0x0900ebe4, 0xf7f91601, 0xf30301d8, 0x14f3f400, 0x00000000, \
  0x0000000a, 0xcd17d8df, 0xdbfcd423, 0xe0000000, 0x00000024, 0xf9db0000, 0x505a0000, 0x00000083, \
  0xf9010ff3, 0xff000404, 0xe8f9bc19, 0xeef7ed17, 0x0c1bf60e, 0xe8f2e3e5, 0x19d607ce, 0x07230bee, \
  0xeae9dce5, 0xe6fdfc00, 0x0d0de3ff, 0x05f80408, 0xe5f9d805, 0x0c0cf400, 0x11d9f8fc, 0x0bfa2c1b, \
  0xfbddfdd1, 0x01f3ef0e, 0x0e181af1, 0xf407e2ff, 0xfb2a040b, 0xfd1317f2, 0x1025f605, 0x0bf8fbf2, \
  0x0a1de707, 0x1b01f20b, 0x08fde102, 0x041004ea, 0xf9f60703, 0x0b0609f6, 0x1300032b, 0x030b110a, \
  0xf501d7eb, 0xbddadeff, 0xf9da1709, 0xdefa0524, 0xf7fd00ff, 0x170cfaf0, 0xf8042109, 0x09f60104, \
  0x19f6e0e4, 0xf101e5ff, 0x05f1f819, 0x0102fcf8, 0x0106e5fa, 0x0afbf0f7, 0xd600fa1a, 0x21fef209, \
  0x0812fddc, 0xe708fdfd, 0x16fdff00, 0xf30c0107, 0x05f80afd, 0x14ef04fd, 0xcef7f4f0, 0x0a04ffdf, \
  0xf9e0f9f4, 0xf607eef7, 0xfffc000b, 0x111afaef, 0x09f416fc, 0x01f3eefb, 0xf70d1f0f, 0xedfef9fd, \
  0xdce700f9, 0x02f4dacb, 0xede204e8, 0xedf31014, 0x0cf40f08, 0x07eafceb, 0xfec4f1fc, 0x20132403, \
  0x0a0d0b12, 0xe701f50c, 0xdbfd0320, 0xfee1f205, 0x0feb07f5, 0xf9f90105, 0xeaea0f00, 0x000000ea, \
  0xef0d061b, 0xf9ec02f8, 0x0f05fa0c, 0x070903f8, 0xedee07ef, 0xf9fcfd12, 0x08f6f00a, 0xfa080301, \
  0x040808f9, 0xf3faf0f9, 0x040101f2, 0xfb0f050d, 0xdef0f10b, 0xfcfeecfa, 0x0b06f1fd, 0x06ec26f1, \
  0xf9ea24ff, 0x2204f600, 0x0efcecf9, 0xe8fdfef9, 0x00091909, 0xf801fff1, 0xe7fc0a11, 0x09f2e60e, \
  0xeff6ec12, 0xeff70004, 0xf109010e, 0x07ff02ef, 0x05f80efa, 0xfdf1f80b, 0x0d20f3dd, 0xf507f600, \
  0x0ff40af9, 0x04eef5fb, 0x0f03fbf5, 0x08fcf301, 0x0303ee08, 0xf908f5f8, 0xe8050309, 0x030806eb, \
  0x09fd06f8, 0x0303040e, 0xf6f4f615, 0x18eb10f6, 0xf6f20c07, 0xf51d0600, 0xf3f905f0, 0x06ff04f6, \
  0xff000000, 0x000000f1, 0x05fe0000, 0x505a00f0, 0x00000032, 0xf7f2fbd1, 0xf40af514, 0x15f5e3fc, \
  0xeee40eef, 0x0211f6fe, 0xfe050cf2, 0x14eb02ec, 0x0a1c0905, 0xe806ddf7, 0x09ea070d, 0xf5dffdeb, \
  0xf5fcf00b, 0x071bfb09, 0x17ff14e4, 0x0313df11, 0x06dd0af5, 0xf5022407, 0xf5e9f71d, 0x0406f9f7, \
  0xffef02ef, 0x130cf0fd, 0xf7f1eef4, 0x1417eff9, 0x0fe41106, 0x10f6d518, 0xe308f811, 0x00fe1402, \
  0x110afcfd, 0xf51116fa, 0xfd02fffc, 0x040cfbfe, 0xf600def1, 0xf408f501, 0xfe11e9f6, 0x1104fbf4, \
  0x04faf005, 0x10031402, 0x0cf7c2f6, 0x2af9e0ef, 0xf8fc0503, 0xfdf9fbef, 0xf701f807, 0x28f5fbdc, \
  0xef21f405, 0xfa00f9ed, 0x0dfa0b0a, 0xe420f30d, 0xfc000000, 0x000000dc, 0x02ec0000, 0x505a0150, \
  0x00000017, 0xe4f619e2, 0x0ff3deeb, 0xddfce8fb, 0x12f41b03, 0x0103f40d, 0xf5f6eaf5, 0xe81007fa, \
  0xefeefdf2, 0x250eebf3, 0xe8e71003, 0xe3dcfddd, 0x1deefe11, 0xf60c020b, 0xf607fcf4, 0x20f0f512, \
  0x00f6f400, 0x00000000, 0x0000000a, 0x19c8cae0, 0x14b828e6, 0xbc000000, 0x00000006, 0xf5140000, \
  0x505a4000, 0x00000083, 0xfcfcff05, 0x1001e916, 0xf81bf7ef, 0xde0b00e6, 0x08ef0d16, 0xefe7ebf1, \
  0x0a031102, 0x13e003d5, 0xfde6fff8, 0xed0d1001, 0x0af70014, 0xf6fdee0b, 0x05130516, 0x06e9f505, \
  0x26fb09f9, 0x10121cf4, 0xf7e50301, 0x11fddff3, 0xcc00f507, 0x100fe1f5, 0xfbf601f7, 0xe521060b, \
  0x02f418fd, 0xfce6f607, 0x04030fdb, 0x1b1407f4, 0x00ed030e, 0xe8fc0c13, 0x01f81fee, 0xc908fae2, \
  0xf80ef818, 0xfa20040c, 0x071d20d6, 0xed010fc5, 0xf71905fb, 0xf80c1319, 0x18040c0f, 0x0bd40ef7, \
  0xddf4f20b, 0x0afddaf2, 0x11e407ee, 0xfa140e0a, 0xfb070102, 0xebe50917, 0x0e0408fe, 0x150df601, \
  0xe006fa0a, 0x1308cef8, 0xcdfd151a, 0x011bdfdd, 0x0e1ef7f3, 0xfcebdb0f, 0x07fd1d1c, 0xfdfff1f2, \
  0x06042109, 0xe2ed0324, 0x0716fa03, 0xf512fefe, 0xf1001b0d, 0xf300dce4, 0xf2f2f10f, 0x0bfceef9, \
  0x0c1bff00, 0xf3f6fff9, 0xf8f801ff, 0x121f22e3, 0xfafede0e, 0x0bfc0307, 0xf3060700, 0xf8ec19e9, \
  0x0c1ef3ed, 0x01f7c0fd, 0xf4f5ef13, 0xfbf40a09, 0xd40ce611, 0x080c060b, 0x0b0316f2, 0x02fe05f5, \
  0x0f0b1600, 0x000000ea, 0xf4122e03, 0x00101109, 0xf7f7f7f3, 0x0900f4f3, 0x03fe00f6, 0xfae90813, \
  0x0a0605f9, 0x19f7f5fc, 0x0a0902f4, 0x03171ced, 0xfb0900f3, 0x14fafcfb, 0x10f8f0fe, 0xebf7fa12, \
  0x0609faf1, 0xef04f5f9, 0x0df61508, 0xfbf6080a, 0x070403ec, 0x03f30508, 0xfe02f40e, 0x000e07f4, \
  0x05f00a07, 0x0ef10517, 0xf1fff0fa, 0xfffffcf7, 0x1af3f803, 0x081016f0, 0x06e50ffe, 0x1606faf2, \
  0x0cfbfb24, 0xfef7010c, 0x0cfe0813, 0x0cea0900, 0xdaed0701, 0x0be2f7ec, 0xffee0e03, 0xf621dc05, \
  0x0ff9fd00, 0xfbf9f912, 0xfa0602f1, 0x0607f403, 0x05f3f6fd, 0xf9f600fe, 0xf2fd020d, 0xfbfb17f3, \
  0x05fd0ff4, 0x15deff03, 0x0f000000, 0x00000008, 0x0e0a0000, 0x505a40f0, 0x00000032, 0x08df0afb, \
  0x0013d7e6, 0x05e80d06, 0xfaeefb05, 0xe8fb200c, 0xebf40605, 0x1a0febff, 0xf4eb19ea, 0xe00d111a, \
  0x0e0efdf6, 0xecfd1df4, 0xfe0af1f7, 0x0ef5db1a, 0x03f0fdfd, 0xddfefdf0, 0xf0180501, 0x05100708, \
  0xf7fc02fa, 0x05fbfee9, 0xf71a01f1, 0xf5171617, 0xe6f2fcf7, 0xe9ec01f9, 0xfafdfafd, 0x140602ff, \
  0x15eeeefb, 0x030a0209, 0xf2ff04e6, 0x0add1303, 0xee05ecf8, 0x040fe703, 0x001dff09, 0xf0060815, \
  0xf9f2f0f2, 0xfafc01ed, 0xf907090f, 0x08dc0216, 0xf30bfb02, 0xf50704fd, 0xfcfd0cf4, 0xfd0ef4fb, \
  0xe81a0ee9, 0x0102fc23, 0xf0d30305, 0x080cfc16, 0xdb11fa05, 0x19f71712, 0xfd000000, 0x00000013, \
  0x18fa0000, 0x505a4150, 0x00000017, 0x2b1ce11c, 0x33e8eef4, 0xf41dfe0f, 0x08e621e5, 0x00ecf900, \
  0xfcf8f9d8, 0xf5f912d3, 0x0aea17dc, 0x1ef91f00, 0xedf70a08, 0xecf606ea, 0xf2dfe7ea, 0x050ff40a, \
  0xc50d08f9, 0x02f20007, 0x110bfc00, 0x00000000, 0x00000008, 0x1ef4d4ce, 0xfde21fd0, 0xbf000000, \
  0x000000f3, 0x1f060000, 0x505a8000, 0x00000083, 0xf4d0d5fb, 0xfa02f4e8, 0x040a14ee, 0x0b061219, \
  0x16fef104, 0xf303ff02, 0x19dff5fb, 0xf40df211, 0xfadaeffc, 0xe81afb12, 0x0201dde5, 0xf3fbf803, \
  0x120409ff, 0x0ef60ffb, 0xf1f2ec05, 0x0cffe30f, 0xfd081c13, 0xff071303, 0x26dbfe02, 0xfe07f609, \
  0x16ff1b10, 0xf1f616f1, 0xe004f7ef, 0x0d20fc0a, 0x0103f508, 0xf6dfe6e9, 0xd6fc200f, 0xf9e0dd03, \
  0xecff29f0, 0xe6ecf4f0, 0x0e05e20c, 0x0ecaf5d6, 0xf00cf624, 0xdf010de3, 0xfdf90aef, 0xe9122304, \
  0xe9ed0f00, 0xe2fb0502, 0xfbfc0500, 0xfdfe0be6, 0xf303bb1c, 0xf6e8fe18, 0xeb0beac5, 0xede1e5e6, \
  0x07f1e109, 0x19e0f8fd, 0xf109f905, 0x0fff1cf9, 0xfc23130c, 0xff11f2f6, 0xe9e7ecec, 0xfad505e1, \
  0x160ef405, 0x0a0e070f, 0xfd1f02fd, 0x13050117, 0x15e1cf06, 0x04fbe1ff, 0x1504f100, 0xf701e7e9, \
  0x11e20e0a, 0xe6eef0da, 0xfafdf900, 0xedf4f4f3, 0x20f0e905, 0x08f63403, 0xf7020415, 0x15ffff08, \
  0x140a0c16, 0x12eb04f8, 0xeefdcfe6, 0x09f60dd8, 0xfddce415, 0xf615edf8, 0x1f07d603, 0x04221408, \
  0x08151606, 0xefeb0209, 0xf8e0fa00, 0x000000d8, 0xf9f53bcc, 0xf50a08f6, 0x0f09fd16, 0x0ff90200, \
  0xf8f9fffb, 0x0d05f0f2, 0x00f2fbda, 0x1515f21d, 0x08f0fa0b, 0x18050401, 0x0ef4fd01, 0xf80b04f4, \
  0xeef90bfc, 0x11ffe50d, 0x03f50208, 0x17f80201, 0xf20306f7, 0xf407f714, 0x1a01fff8, 0xf808f404, \
  0x01001be8, 0xf30cfc05, 0xe605f90a, 0xfceff509, 0x08010804, 0x05f1d2fa, 0xfd0c01fe, 0x06fff404, \
  0x0709f2ff, 0xfcf10508, 0x02040af7, 0xfef20501, 0x02f90b05, 0xea0109ec, 0xf7f2edf7, 0x0d0700f1, \
  0xf1f8fa11, 0x0cf9f2f1, 0x0feef10a, 0x0f11e6e6, 0xf90bf2f4, 0x0813131d, 0xf7fbda04, 0x07eefa12, \
  0x18fafa08, 0x110407fc, 0xfa000a0a, 0x08f9fb01, 0x0a000000, 0x00000006, 0xf9060000, 0x505a80f0, \
  0x00000032, 0x0cf60025, 0x06000208, 0xf5fe03fb, 0xf60ff810, 0x14061300, 0xf5edffec, 0x240ff90a, \
  0x050704fd, 0xfb15150f, 0x171104f5, 0x0d0b08f5, 0x06f80007, 0xdc11f814, 0xffda2103, 0xdfede604, \
  0xf60e12e2, 0xf32709f5, 0x09090613, 0x07f3061b, 0xfc00f2f0, 0xfc15ff0f, 0xf2060113, 0x0e080305, \
  0xf0f604f8, 0x12f21a0b, 0x04f51dff, 0x02dc0711, 0x09df0ceb, 0x1eed1b02, 0xfe1407fb, 0x1307001c, \
  0x0aff0cfe, 0x0002ff0a, 0xf9f500fe, 0xf518faf8, 0xdcddff12, 0x03061011, 0x02f3f3f6, 0x11000ded, \
  0xfe0b0df8, 0x15010a20, 0xe0fa05ee, 0xff25f709, 0x13040efd, 0xfbfa1515, 0x02fa0a00, 0x05effd07, \
  0x0f000000, 0x000000f7, 0xfd070000, 0x505a8150, 0x00000017, 0x1be8c6f0, 0x000f0903, 0xff08f1cc, \
  0x1800efe6, 0x1009290e, 0xfc16eafb, 0x182309e8, 0x14e8e6f1, 0xf10bece9, 0xf601ff11, 0xf6f505f2, \
  0xfefef312, 0xfcfc1aeb, 0x031b13f7, 0xf7e8ec05, 0xdef80b00, 0x00000000, 0x00000000, 0xcbc92417, \
  0xdcc821dd, 0xc9000000, 0x00000005, 0x26e30000, 0x505ac000, 0x00000083, 0x1e1e0601, 0x1b13bd0c, \
  0x01f9ff0a, 0x1108030e, 0x0cf4eb05, 0x100f0ff6, 0xf107eb16, 0x30dee9fe, 0xfef0fff9, 0x0b1bf306, \
  0x06dcf80c, 0xfcfb0126, 0x1a011413, 0x0c0408f2, 0xd7defbf2, 0x10f6e619, 0xf5e1f8e7, 0x092b340f, \
  0x0febf502, 0x0e0d0409, 0x1e0fba21, 0x0314ddd8, 0xe004f6f0, 0x0e16140c, 0x0d11ebd9, 0x0503f7eb, \
  0xf7100905, 0x0f12f2f6, 0x0cf6180e, 0xf30df1f3, 0x0eea000c, 0x0cfeffc8, 0xf0e8160c, 0x0722fde1, \
  0xe204f103, 0xec1200f9, 0x00f5e120, 0x10cebe02, 0x191114e4, 0x03efdfef, 0x1bfce0f0, 0x1a010323, \
  0x13060ce9, 0xf0f203e8, 0xf2fdecf1, 0xf4fdf9fc, 0xf90707fe, 0xe60527ea, 0xe9c70416, 0xa403eb10, \
  0xe7fbfe12, 0x02f8ddef, 0xe2230602, 0xf2011e1f, 0x0c15fd10, 0x16f8fd17, 0x1ffbf31b, 0xf100c71f, \
  0x14f3f008, 0x15000a03, 0x11f1fe0b, 0xfaefefec, 0xe9ebf0fe, 0x06fd0b01, 0x05240009, 0x03e21411, \
  0xfeff00f6, 0xfcedf2fd, 0x060b0a25, 0x1bf301e7, 0xeeff0ac7, 0x010f01fb, 0x1de9110e, 0x0103e602, \
  0xeb08de0b, 0x1703ec02, 0x170f0407, 0x0ef50800, 0x0814f900, 0x000000f5, 0x0a2bf5d5, 0x0ff5e008, \
  0x050a03f5, 0x07f50efe, 0xed04090f, 0xf2e8f6fe, 0x040bf6f0, 0x020afb0f, 0xe3fffa0e, 0xf5eb07fe, \
  0x0bfe0315, 0xf8f10afd, 0xfffcf7f5, 0x070df603, 0xf5fd09fb, 0xf30cfef1, 0xfe03ef02, 0xfff6fe00, \
  0x0ff2e805, 0x05fcfc00, 0xffe406f4, 0x1017f4ff, 0x0bf60000, 0x0d10ed03, 0x12f90909, 0xf1f31312, \
  0x06f4fff6, 0x00f4f0ff, 0xf8f609ea, 0xe6ee03ee, 0xee0dfb0d, 0x0effecf0, 0xf10efc0a, 0xf810fd08, \
  0xefee11fe, 0x08f7f213, 0x03fafceb, 0x05fff9fd, 0x08effb02, 0xfbdd030d, 0xf5fb0afd, 0xf4161beb, \
  0xf00bf2e6, 0xff120408, 0xeeeb0603, 0x0a03ff17, 0xee0402fc, 0xe8f8f6fc, 0xfe000000, 0x0000000f, \
  0xef040000, 0x505ac0f0, 0x00000032, 0x1000fb24, 0x0ffdde05, 0xf82c03f1, 0xe0fc1d0d, 0x13ed1904, \
  0xef121ef2, 0x18f7e2ef, 0xf0f7fdf6, 0x06dc011c, 0x03f60eee, 0x01ec0b09, 0x07ef0c21, 0x13eef5fd, \
  0xda00fafe, 0xf7fbfc08, 0x03e5f514, 0xe90cf9fe, 0xf71b00ef, 0x03f8f7e2, 0x05fae7ff, 0x0004ebfc, \
  0x11f308fb, 0x001bfcf1, 0x0df21104, 0x06e7ef1e, 0xe9f3f5ed, 0xfc0204fa, 0xf7fef0ff, 0x04f9f204, \
  0x05131907, 0xff03ee10, 0x02fe0613, 0x0601ffe3, 0x0904f7f6, 0x0e01fdf4, 0x10f50c24, 0xf8ec1906, \
  0x0808170f, 0x11f7f100, 0x0b160510, 0xffe7f904, 0x1ee1140a, 0x12f1f80c, 0xf01817fd, 0xfc1b11ea, \
  0xfc04f70c, 0x0514ee0e, 0xfe000000, 0x000000fc, 0x1b0e0000, 0x505ac150, 0x00000017, 0xec170600, \
  0xf605fafd, 0x1901edee, 0xe8fdf2ed, 0xf716e60e, 0x22f7f716, 0xf70fd121, 0x0509fdf5, 0xeeebfff5, \
  0xedec0b11, 0x0715fa11, 0x0c0c2500, 0x0a0008f3, 0x10f6ea0f, 0xe9e0fad8, 0x0100eb00, 0x00000000, \
  0x00000015, 0xdeca33bf, 0x10b8cab7, 0xc1000000, 0x00000027, 0x01180000, 0x505b0000, 0x00000083, \
  0xf108f80d, 0xf7090003, 0xfdf90d0d, 0x09f3090b, 0xdb06f50e, 0x0e01f4e9, 0xf600d6e3, 0x05fbddf3, \
  0x05e7e1f7, 0x070907fd, 0x0a0e0b24, 0x0e12f103, 0x03fffd0a, 0x0e17e5e1, 0xf113ef05, 0x0e0704f3, \
  0x05d311fa, 0x08fd1107, 0x17fbfd0d, 0x23ff1113, 0x06eab119, 0x04df0f0f, 0xeb05c9d6, 0xfbedf7f5, \
  0x01e20b29, 0xddf9f712, 0x17f50cf0, 0xf500f401, 0x1507ebef, 0xfdfb15e6, 0xf1101608, 0x1203f90f, \
  0x07f4f103, 0x0d061cfd, 0xe501e9e5, 0xfb0511f7, 0xf51718f3, 0xf5f80202, 0xf509edfa, 0xf00a0d01, \
  0xfeeaf7e4, 0xf1e51012, 0x0d031602, 0xf0ead7ca, 0x0f0f07d9, 0xe6f00f0a, 0xfece020f, 0x0d290108, \
  0x12e70d02, 0xecd409f8, 0x1eefe9fb, 0x030dcdfc, 0x20fbfd14, 0x09edf602, 0x040b1708, 0xf213f910, \
  0xe7e2ff0e, 0xebe10cff, 0x18081308, 0xf50609e1, 0xe0dfe5fc, 0x100d0b12, 0x0515eaea, 0xf000f10b, \
  0x1dfb10ec, 0xf607f616, 0x0cf72109, 0xe4effcf4, 0x0df605f6, 0xe20311f4, 0xeff90f06, 0xfd24151d, \
  0xf9fef5f5, 0xfa010014, 0x00c82800, 0x14d6eaf5, 0xfd19f1f9, 0x01080bf1, 0xf404d600, 0x000000ea, \
  0xfb240715, 0x040511f0, 0xfd0bf305, 0x160afbfd, 0xf804f703, 0x0307faea, 0x04e9ee11, 0xf306fe05, \
  0x00f4ea06, 0x0406fff3, 0x08f600fb, 0xf108fcff, 0x06161009, 0x00f20214, 0x00f2ec12, 0xf9faeb06, \
  0xfa0708ff, 0x180df7ff, 0xedf1f4fe, 0x2208f109, 0x0f00fa07, 0x0d02f400, 0x0b17f7fc, 0x05fa140d, \
  0x08fa09f8, 0x04f11510, 0xec1000ec, 0x070003f5, 0x04feeffb, 0x0ffa0216, 0x050301fc, 0xee0af60b, \
  0x00f404ec, 0xef0405f6, 0x05fe06f8, 0xf90c1ffb, 0x00d80208, 0xfaf90bee, 0x17100511, 0xf5e11219, \
  0x0217fb0b, 0xfbf60c06, 0xfffdfa03, 0xf708ffed, 0xf6000c05, 0xf301f5f4, 0xfdfd0203, 0xf9fff805, \
  0x01000000, 0x00000003, 0x12070000, 0x505b00f0, 0x00000032, 0xf3e800f7, 0xe3ea251f, 0x04fd25ea, \
  0xf1f0f908, 0x17f90a0b, 0x0500effa, 0x15030b03, 0xf2050603, 0x00f8fafd, 0x040ae517, 0x1e0004e6, \
  0xeb1317fd, 0x0b100316, 0xfa08f0e7, 0xfb0d0aff, 0x020619cd, 0x081b26ec, 0xf82a19e9, 0x0810f0fd, \
  0xf8f208ff, 0x0afa0afb, 0x0113ed0e, 0x0503f5ed, 0xfbebd9f3, 0x06f8f619, 0x16f905e8, 0x08f405f9, \
  0xf2fb02f1, 0x03da00f6, 0xdbf217f9, 0xf701e519, 0xf6f5e3f3, 0x0d19150e, 0xed05faf6, 0xf9ee13fc, \
  0xf508090a, 0xf3cce604, 0xfd0ef6db, 0x00fa0509, 0x0a02f8f3, 0x090403fa, 0x0105f9dd, 0xf008eb07, \
  0xfdecfcf8, 0xff0415ed, 0xe5040ce8, 0xeddd0008, 0xfa000000, 0x00000006, 0xfe070000, 0x505b0150, \
  0x00000017, 0xfb0ffe2f, 0xf7fe0a18, 0xec050029, 0xdbf2ef09, 0x00f713f0, 0xf3011bed, 0xeeffffff, \
  0xf40cf801, 0xf711f4df, 0x181cfc28, 0x1df93104, 0xe60df3ed, 0x0efec716, 0xe7ff0f01, 0xee01f7d0, \
  0x0e04f300, 0x00000000, 0x000000e3, 0xf5d1fcf0, 0x192dd8c4, 0xcb000000, 0x0000002a, 0xd2f80000, \
  0x505b4000, 0x00000083, 0x0a04f5df, 0x191915ea, 0xf41208f6, 0xfeefed12, 0x210b11e5, 0x0711feef, \
  0xecf0e227, 0x0bfcfce4, 0xeb080aef, 0xf6fefe09, 0xf4f4fc0c, 0x04ef05ff, 0x10fe0bf7, 0x03fafaee, \
  0x0ddbf3f9, 0x0319fcf3, 0xfe0c0b0f, 0x0bf2180e, 0xe2d9d3fd, 0xe2cfebda, 0xeddcea12, 0x25f518f5, \
  0x0afffbdf, 0xef0df1f1, 0xeff104d2, 0xf80701f9, 0xf9f20df5, 0x020b06ee, 0xfff10ce0, 0xde051807, \
  0x0a05e4d3, 0xf8fb1a23, 0x243110f6, 0xf8cedd00, 0xdfe6d00a, 0x00f1f719, 0xf7030203, 0x0b06ded7, \
  0x0cebe504, 0xfdfb010c, 0x06050a20, 0xfcf401e9, 0x080ef10a, 0x13e8efe5, 0xfdfa1608, 0x0e050818, \
  0x2401d2fc, 0x0d15fa02, 0xebee1805, 0x03110008, 0x00f8edf5, 0xf00efd08, 0xfcdef1f9, 0xe7d4d101, \
  0xe0f009ff, 0xf011f713, 0x0300f7e5, 0xf7070803, 0xfdf6dff0, 0x0507120b, 0x0b12f8fb, 0x07eeefe9, \
  0xddff200e, 0xf6f2071b, 0xffee050c, 0x01f9d1f6, 0xdffdded8, 0xe60afcf6, 0xecdbf8eb, 0xfa062bef, \
  0xf4ece4fd, 0xfd08e4ee, 0x0604fcdf, 0xd1e90b0f, 0x1a1221db, 0x07ea0b03, 0x201efb08, 0x02f3f8fb, \
  0xd7f91300, 0x0000001a, 0xeceefb0d, 0xf603fc00, 0xf2fc0813, 0xfff5fbff, 0xee0cf9fe, 0xf80b04f6, \
  0xfdf4ecfe, 0xf9ecff00, 0x0af604fa, 0x0108e7ee, 0xf302fafc, 0x0402fb0e, 0x0dfa05f7, 0xebefeff6, \
  0xfcf515fd, 0xfa11fcf1, 0xfd09f6e7, 0x040bf1fd, 0xf6072004, 0x0414f500, 0xefed13f8, 0xfceaf707, \
  0xfcf90bfa, 0x0a14f901, 0x0efd13f9, 0xf70ede06, 0x07e90604, 0xf6fefd06, 0xf701ff10, 0x08090ce6, \
  0x0a050b1a, 0xe70a0701, 0x0e0803fa, 0xfb03fe06, 0xf90802f4, 0xff06ecea, 0xdf1a04de, 0x07f4eff3, \
  0x09f5fef1, 0x04ffbc0a, 0xff1af8f7, 0xff01f805, 0x0a0ef0ef, 0xf9fe1109, 0x0fe4060f, 0xf5090a08, \
  0xefeef8e7, 0x02030d10, 0xf0000000, 0x000000fa, 0x030a0000, 0x505b40f0, 0x00000032, 0x06090b12, \
  0xfbff0ef5, 0x02d90812, 0xff0efa01, 0x0409160f, 0xf6080a05, 0xf2f9e9f9, 0x0303ee21, 0x07e9fe01, \
  0xeefe0cfc, 0xfb1ef2ee, 0xf5111706, 0x27f20008, 0x12ead715, 0x070dfdfd, 0xf001fef5, 0xfe150dfc, \
  0x1517f9f3, 0x0603ed08, 0x05de1314, 0xf21510fa, 0xff06eb13, 0x000a0d0e, 0xfdfe00f5, 0x130af6ea, \
  0xf9080509, 0x11f6f6fb, 0xf307fa14, 0xf216dbf4, 0x0afbf6f9, 0xf6f7f1cb, 0x09fbd5fb, 0x0bedee09, \
  0xeefffcff, 0x14dfefff, 0x08d2fe06, 0x130507ea, 0x0d11fad9, 0x0b0eff0a, 0x0209fefe, 0xfa000113, \
  0x0af1fa01, 0xefe8f4ed, 0x192105e6, 0xf9f6e600, 0xf7f3ed07, 0x1420f40a, 0xfb000000, 0x000000ee, \
  0x0f100000, 0x505b4150, 0x00000017, 0xcdd8f9ff, 0xe30aec1f, 0xf1e90b09, 0x07e7f123, 0x04f80aff, \
  0xdfe82b0e, 0xe7e0f307, 0xf00dea1b, 0xd9faf9ee, 0xedf2060e, 0xf70b0f0c, 0xdd2517f9, 0x0cf6dffb, \
  0x050af2e8, 0xf003dbe9, 0xe303f800, 0x00000000, 0x000000d4, 0xcb1cced6, 0xafee1605, 0x1f000000, \
  0x000000fa, 0xba120000, 0x505b8000, 0x00000083, 0x1403effb, 0x17ff06df, 0xd50a09f3, 0x06f705ed, \
  0x050eecfd, 0xf7e6eae9, 0x17f9f012, 0xf2e1fef9, 0xd70609f6, 0xff000604, 0xf6f8dbf6, 0x1fe9ecf5, \
  0x04f8fe02, 0xe1fb07f3, 0xf405eef7, 0x02d7f5fe, 0x1c0c041b, 0x05131015, 0x00e8fdee, 0xe406fe03, \
  0x0fe90405, 0xfbddffee, 0x1103ebf6, 0xea13031a, 0xf4fb01d2, 0x1b0707fb, 0xd5dff102, 0x0113f7e5, \
  0xf9f52619, 0xf8ff051d, 0x00e3fe0a, 0xfbff1704, 0x141b0b19, 0xf009fafb, 0x140800eb, 0x1000ff0b, \
  0xdaf2f51f, 0x0dede0c4, 0xe4060105, 0xfa02f4ef, 0xfa16fa19, 0xf8f4f3f8, 0xfffc1401, 0x0803fef2, \
  0x010df80e, 0xf4fef2f3, 0xd32a01f7, 0xfcfc090b, 0xf9ff16f2, 0xfc2000ec, 0x090c0bf4, 0xe00f21fe, \
  0xd9eddbe9, 0xf90a0111, 0xfae40bfe, 0x16e5e718, 0x00d5e608, 0x27fddefc, 0xd4dcfc14, 0x1bf60711, \
  0x06fbf5fb, 0xf208fa13, 0xfc080e0a, 0xfce8fef5, 0xf92b04ff, 0x01f20ce5, 0xffff0ff7, 0x0d1406db, \
  0xddfd09fb, 0xfa0df8f4, 0x010cdedb, 0x10f1eef2, 0x150f0405, 0x01eafc02, 0x191efee7, 0xde02fcf5, \
  0xd8170710, 0x141d0123, 0xdfd2c700, 0x000000d8, 0xf9060b09, 0xf7eef8fc, 0xfffb080d, 0xf1010a00, \
  0x0b0010fe, 0xf404fff3, 0xe9eee905, 0xfdf40ffd, 0xf6131302, 0xf80ef5f0, 0x0109f9f5, 0xfafe0709, \
  0x11f7f603, 0xf1020201, 0x080b1504, 0x11ff0608, 0x0cfcf30a, 0xfc0ef0eb, 0xf8021908, 0xf9ee0112, \
  0xe9e7ecfb, 0x15faff13, 0x0303f8fe, 0xf60c08f9, 0x020fedff, 0xe6fcfd12, 0xf9f804fc, 0xf31211f7, \
  0x07f81404, 0x08060b02, 0x05090106, 0xfffef2e9, 0x191f0ffb, 0xf7faf408, 0x180bf5f3, 0xfd050205, \
  0xfdfef8eb, 0xf9ec0803, 0x02f6fe00, 0x06110d17, 0xfd10fcf1, 0x04f8f101, 0x0a04fff8, 0xe7150f0c, \
  0xf90401f3, 0x09030aff, 0xfefcf0f8, 0x030801ff, 0xf9000000, 0x000000e8, 0xfd0f0000, 0x505b80f0, \
  0x00000032, 0xf1070301, 0x07191ef9, 0xd0defe11, 0xd70820fd, 0x15f50812, 0x0ee8f70b, 0xeaf81400, \
  0xe4f9e6ec, 0x0b05f1f8, 0x0504f3fe, 0x0cf9fff4, 0xfcf3f2ed, 0x00fefd0b, 0x00eeef09, 0x14ff0a0e, \
  0x121911e1, 0xff110b1a, 0x0ffb04fd, 0x05f90300, 0x16e50cf8, 0xf6f0110f, 0xed191e17, 0xf5ff0f11, \
  0xf7f412fc, 0xfdde0aea, 0x000b1712, 0x0a0809f6, 0xfe061711, 0x0115d50d, 0x090bf70b, 0x0af1fef2, \
  0x070af9f6, 0x0ad5fd11, 0xcdfc13f2, 0xf6000a0c, 0x01fb0b15, 0xfaf10efe, 0xee05fdf8, 0x1fc80e03, \
  0xe00606ec, 0xfe04e812, 0x06fde310, 0xe6070cd3, 0xf116e3ed, 0xebe31310, 0xfffa01d0, 0x12fcf507, \
  0xfd000000, 0x0000000f, 0x08f60000, 0x505b8150, 0x00000017, 0xf8eb0a18, 0xf5f50112, 0xee130420, \
  0xfbff16fd, 0x130dd6f5, 0xeb1707ff, 0xfd0eedf2, 0xf02301ff, 0x0d18fee8, 0xebda1b10, 0x13f6f527, \
  0x15f412c2, 0x080bef0b, 0xd8e80d0a, 0x1106e5e0, 0xdad41100, 0x00000000, 0x00000002, 0x1f26dac2, \
  0xd31ec0db, 0xe6000000, 0x00000012, 0xe8180000, 0x505bc000, 0x00000083, 0xe60d1616, 0xf8f3f5e1, \
  0x020fefdb, 0x07fbf502, 0x1fda01fb, 0x1b07f612, 0x16e3dc08, 0xecdd0ef8, 0x15db04e8, 0x08060bf7, \
  0xe0f3fdfb, 0xeb0400fb, 0xfb07fcfd, 0xfdf0111e, 0xf6df0906, 0xf801050a, 0x06171ff2, 0x05fceaf5, \
  0x07d5e803, 0xe6080303, 0xff121309, 0x1a121e16, 0xecd0f3f4, 0x030304fc, 0xeb040703, 0xf3cfe4d9, \
  0x0119040a, 0xf3e3f5df, 0xf9fe09f2, 0xfe02e103, 0xef0d1d09, 0x23fdf0e2, 0xe2ed1200, 0xf2cfddfd, \
  0xfe170f04, 0x0105fcfc, 0x11f81af2, 0xf1d6031a, 0xf3ebe515, 0x0d09fb1e, 0x08ffe2f1, 0xe1f70015, \
  0xf1f3f3e2, 0x1511f703, 0x0a10f606, 0xf00100fa, 0xef06f40c, 0x02f6ece4, 0x220ceff8, 0xfdf4190a, \
  0xd60c2018, 0x04ed1313, 0x03fe0123, 0x1b15f81e, 0xfd051605, 0x0e11021b, 0x1900180f, 0x08eaee17, \
  0x00e4d9cc, 0x06edfe02, 0xf2ef1b02, 0x05d7e3e8, 0x03f0e8e9, 0x220602fd, 0xf8ef1007, 0xf9f708dc, \
  0xdfe4c80c, 0xfd180a12, 0x07060d06, 0xfffdfccd, 0xf312ebe3, 0xf9f802f8, 0xfdc906f0, 0xf707ff00, \
  0xf620eb1f, 0x1e1ae3ef, 0xf7061203, 0xf6ff06fa, 0xfd030600, 0x000000ef, 0xf8060924, 0x0ef7f6fe, \
  0x13f803ff, 0xf3f902fe, 0xe1f71705, 0x06fc05fb, 0x0810eef1, 0x0903eef5, 0x0efe0c07, 0xe5070be7, \
  0xf70606f5, 0x05041402, 0xfafbfef4, 0xfa1409f9, 0x030207fb, 0xff02e7f8, 0xfef3fafd, 0xff00effb, \
  0x0ffbfc14, 0xec03e5f5, 0xf8ff02e7, 0xe912f4f1, 0xfbfafb0e, 0xf7f2faf5, 0x0f05f717, 0x02ff00fc, \
  0xfa0612fd, 0xfd01f513, 0xf90d0005, 0x08dd12f0, 0xf805f6f9, 0x09fa0af2, 0x0e1a06fd, 0xf500fb08, \
  0xf7fafdf3, 0xf80afa08, 0x1c1109f5, 0xf3091600, 0x0703fc09, 0x09f8f71e, 0x03fd12f6, 0x1111d719, \
  0x1408f101, 0xf9fdf7f6, 0xf821fef6, 0xfb00fdf7, 0x00f7070b, 0x09f40ffb, 0xe9000000, 0x000000f6, \
  0xfd100000, 0x505bc0f0, 0x00000032, 0xe3ee07ed, 0x1002f1ef, 0x14fef31e, 0x09020b11, 0x05f0fb1f, \
  0x06f31907, 0xf1e0eafb, 0xfafbfa0a, 0xfff60b05, 0x05fd03eb, 0xfa0c0218, 0xf8151400, 0xe6181012, \
  0xfaf7f908, 0x11faf7fc, 0x08ef0b10, 0x09fce8d8, 0xf002f7ef, 0x02fe0bec, 0xf907f203, 0xf40e1f04, \
  0x03e8fe04, 0xf2fa0101, 0x11fe040f, 0x04e5f60b, 0x09d814f8, 0xf20ee0f1, 0xe9ed030a, 0xe8f5eb10, \
  0xf803fd16, 0xf5f9f6f8, 0x0b18ef02, 0xfaf2f3f7, 0x0607020a, 0x0e0d0911, 0x0b0cf3f7, 0x0cfe0af7, \
  0x12fdf901, 0x0df30212, 0xf3141601, 0x040df00e, 0xecd9f82c, 0x0f15200b, 0x010ff708, 0xfc081603, \
  0xf50205f5, 0xe9f1dff9, 0x09000000, 0x00000002, 0xeccf0000, 0x505bc150, 0x00000017, 0x0f03d711, \
  0x00e8fa02, 0xfa010fff, 0x09091fed, 0xf6ffe8f9, 0xec1cdfe3, 0xedebf002, 0xfb0929ed, 0xfae509f2, \
  0xeee612dc, 0xf5ec06e1, 0x24f60aea, 0xedf3061a, 0xeee11009, 0x050614eb, 0x1a022300, 0x00000000, \
  0x00000000, 0xf3cdfec5, 0xc51412e2, 0x1e000000, 0x000000ef, 0xfb210000, 0x50980000, 0x00000083, \
  0xf70919fb, 0x0307c9fa, 0x25f3edef, 0xe400fadf, 0xf519081a, 0xe816120b, 0x0b140712, 0x0ae4f9e9, \
  0xf7cfe4f0, 0xfaf0e401, 0x03e7e60c, 0xebf8fa10, 0x1a040007, 0xf8f31a0b, 0x0314f8e8, 0x0216120c, \
  0x160ffae7, 0xfd02f81e, 0x04fa030a, 0x0811f8de, 0xed001103, 0xe307eb1c, 0x21dc0a02, 0xf105f306, \
  0x0a0f04e3, 0x131decfe, 0xfb07f3fd, 0x1e0cf201, 0x010af702, 0x04fc02fb, 0x02f9ecfd, 0xf4160afd, \
  0x0fffd2c6, 0xc2f401fd, 0x091011fa, 0xf806fa05, 0xd4ea0d00, 0xfc0107f9, 0x0cfcfc09, 0xf8fdefed, \
  0x0e140f10, 0xd6e7dc0a, 0x07fefbf8, 0xeeeff6ec, 0xef11e8f7, 0xf904f1e8, 0xdee9f209, 0x14f9f71c, \
  0xd4e3e4e5, 0x0ce6d707, 0xfde81207, 0xd2f7eef7, 0xdbfaeff4, 0x1619e8f6, 0xe5e80e04, 0x24ea0e1a, \
  0x0ff4061f, 0xda170b02, 0x00f7cfe7, 0x2708201b, 0x01fd0cfa, 0x06d7dedd, 0xed07db26, 0x02ed08ce, \
  0xd0f31301, 0xee0ee9d6, 0xf114efef, 0x141df71a, 0x07040208, 0x0a0afafa, 0xfafc0305, 0xf60100f9, \
  0x0501fe07, 0xe2cfc2ca, 0xc8ee141d, 0xf6e9e00d, 0xfff6070a, 0x08feeff5, 0x12110800, 0x00000007, \
  0x1b050d10, 0x000a030c, 0xf4faedf6, 0xfaf3fe0d, 0xeffdfa0e, 0x0814030a, 0xff0cfdea, 0xfafb0511, \
  0x10f00def, 0x06ee0806, 0x0409efff, 0x061af70d, 0x02f4f808, 0xf402f102, 0x00060301, 0xfafb140b, \
  0xf803f114, 0xffec03fa, 0xf9ef03f7, 0xf41106ec, 0x1afb06fd, 0x06f7fc13, 0xfc0803fd, 0x03f6f200, \
  0x08090afa, 0x0406f6fe, 0x0409fbfe, 0xf403f9f7, 0x0efeffec, 0xfaf1f6f9, 0xf519eef0, 0x04ff1001, \
  0xf8fbfb06, 0x00e90702, 0x1c0dfefb, 0x0e0d0eec, 0x061ef50b, 0xee041509, 0xfbeeff03, 0x0817f1f8, \
  0xf80703f5, 0x08fc0315, 0xf20904f5, 0xfa01070a, 0x07061017, 0xd91406f2, 0xf5fe0c02, 0x0c07070a, \
  0x0b000000, 0x00000000, 0x06000000, 0x509800f0, 0x00000032, 0x0bf8fd18, 0xf5f90ef3, 0xffd9f70a, \
  0x14ff01e6, 0xfbfe0cfd, 0xf20af7f9, 0x041010f6, 0x01fcdd27, 0x11011a1d, 0xf5eae5e2, 0x070be1f3, \
  0xf201fe0b, 0xf6fdf7ff, 0x15fd171c, 0x06fdf1e5, 0xdaf8e513, 0x1809ede8, 0x0ae31a1f, 0x030cf921, \
  0x11f209f1, 0x061b06f9, 0x06fcfa0f, 0xf5fdfa02, 0xedecf309, 0x181c170c, 0x11f405f5, 0xf0ea0603, \
  0x06020218, 0xf9f40c15, 0xfe030a03, 0xeee9030c, 0xfef31c0f, 0x0ff5f7f6, 0x1407ffca, 0x100af3e6, \
  0xfbe50b07, 0xf9080718, 0x03f00a08, 0x010c110c, 0xff03fc17, 0xf5eae20a, 0xf3fe0b0b, 0xe3fef7f1, \
  0xef0608fe, 0x06010af0, 0x01130509, 0x04c80c0d, 0xf3000000, 0x000000e1, 0x19100000, 0x50980150, \
  0x00000017, 0x1e0bf7fa, 0xf40f08f8, 0xfdf310de, 0xf406f1ec, 0x11e9f4ea, 0xf1f1fef2, 0x0318fe00, \
  0x0fabf819, 0xf30203f8, 0xefefe2fc, 0x12f8c9e9, 0x1bea0feb, 0xf90905c3, 0x02fbfd08, 0x13f6070e, \
  0x0aed0e00, 0x00000000, 0x000000fc, 0xa7f21be2, 0xd7030116, 0xec000000, 0x00000005, 0xdada0000, \
  0x50984000, 0x00000083, 0xf901e20b, 0x1bee0e23, 0x0d21dcfb, 0x05fc12fd, 0xe0ee19fe, 0xfa1007ed, \
  0xe5f4ee07, 0x12ecedcd, 0x18f1edf6, 0xdaf6060a, 0xfe0d11fb, 0x0504f110, 0x2606000f, 0x070ae8f8, \
  0x15e0e4dc, 0xed21f709, 0x0aff0417, 0xfff1d5df, 0x18fbf510, 0xf302e806, 0xda031017, 0xdf0404f5, \
  0xd8fde9fe, 0x0408f4e4, 0x13e1e902, 0x0003fffa, 0xf3e2fee8, 0x00f32f1b, 0x1e14f8e8, 0x02d003f9, \
  0x040efd01, 0x01effe08, 0x0c00fff6, 0x1608f210, 0xf91903fd, 0x0feef40f, 0xfaf711ed, 0xfc090509, \
  0xe2ed0eff, 0x07000ae7, 0xf8eae4cd, 0x08f113ff, 0xf3eff5d0, 0xfbf0fa33, 0x120602ed, 0x1a08f7fe, \
  0x1705c5fe, 0x0425fbf4, 0xf5ff2816, 0x2614f0ff, 0xef030f01, 0x0d09fbff, 0xf3121d06, 0x01191cf8, \
  0x181cfaf7, 0xe917f2d2, 0xe1ee2719, 0x14120402, 0x07f924f1, 0xdf0301f5, 0xf5f91315, 0x01fcfaed, \
  0xf9ffe4f6, 0xcdf6fc05, 0xf2e40808, 0x0af70b09, 0xfef20009, 0x0eeaf803, 0xe9e60309, 0xf6e80d02, \
  0x02f7f4f9, 0xf1ed140b, 0xddfce3ea, 0xf40f0d03, 0xd801d4fb, 0x00ee170b, 0x01ece9ed, 0xe6ea0ced, \
  0x181bfe00, 0x00000014, 0xf8f6e6d3, 0xfbfb10fa, 0x13f30901, 0xf1ec1c15, 0xee03efed, 0xf5fc0fef, \
  0x060206f6, 0x03ff0c04, 0x1a00f509, 0x08ff0fef, 0x01fff9ff, 0x06edf7ea, 0xf90cf6ed, 0x0c10e207, \
  0x030603f0, 0xf9f5fe0d, 0x070d01fa, 0xf2fcf502, 0x070508f5, 0xfcfd05f7, 0xe4050d07, 0xfe1102ee, \
  0xf61bf105, 0xe0e30102, 0x07021a06, 0x1709e5fc, 0x02f1f508, 0x0bf7f3f1, 0xfc07020a, 0x03feeb02, \
  0x0407f5f7, 0x0bf20103, 0xf602fc09, 0xf90f14f6, 0xfbff0d02, 0xf7f91005, 0x080601f9, 0xf30604f8, \
  0xf7dc0604, 0xfa040a03, 0xe9f5ff11, 0x08defe0f, 0xff02f3ff, 0xf703fbfc, 0x05f5fee5, 0x0607e90e, \
  0x0309faf7, 0x06080408, 0xf4000000, 0x00000005, 0x00fc0000, 0x509840f0, 0x00000032, 0xedd901fb, \
  0xfaf30506, 0xd3fce8fc, 0x040123dd, 0xe4efd9fb, 0x0c081705, 0x0506f80c, 0xf700ebeb, 0x02110eee, \
  0xebdcebf3, 0xfdf5eff9, 0x14110e09, 0xf104000a, 0x070508eb, 0xea19e808, 0xf8feff19, 0xe2f0e603, \
  0x070efd00, 0x00f2da0b, 0xeffff7f6, 0x150913fd, 0xede703f8, 0xe3e7e312, 0xff04020f, 0xf40bf9f7, \
  0xe9f90ffe, 0xfaeefefc, 0x15110518, 0xdcfd091a, 0xfffa0709, 0xe6f5e709, 0x09f2fbfe, 0xf9cff2fd, \
  0x1d040eef, 0xfff9090f, 0xfdf1f405, 0xefffec0e, 0x04ff1510, 0xe2eafa10, 0x08ef0a03, 0xfeeee3fd, \
  0x0ffa1710, 0xe20e1f08, 0xfb0bf3ec, 0xeef6020c, 0x02f8f6ef, 0xed0c02f5, 0xef000000, 0x000000f0, \
  0xeee70000, 0x50984150, 0x00000017, 0x07050b0a, 0xf0f8140f, 0xfff61e15, 0x0008f10f, 0x25e9ffec, \
  0xd3f817ed, 0x1328f7e2, 0x10d5fc2e, 0x0216fae9, 0x0cf20925, 0x2dfafd18, 0xfc1811ee, 0x2a1ee7d4, \
  0xedf5f611, 0x06fe0a15, 0xf20ff100, 0x00000000, 0x00000007, 0x0dc1b520, 0x15fdd2e2, 0xaa000000, \
  0x00000013, 0xe4e70000, 0x50988000, 0x00000083, 0x1bf417de, 0xf7100ec2, 0x120ce703, 0x02f20800, \
  0x0d1ef2e9, 0x141e0623, 0x09f9fc19, 0xe417ff1d, 0xeafbf715, 0x0a0a15f6, 0xd5e5e006, 0xed080b16, \
  0xf2fcf8ea, 0xdc00eed2, 0xc706f7f4, 0xf703f900, 0x0d140b05, 0xfbd0f910, 0x25fcebe1, 0x090010f6, \
  0x0605080c, 0x10f5e5f9, 0xf1f4fcf1, 0x0820e7e3, 0x14e2ecef, 0xe837faeb, 0xf5f90a00, 0x21f313f5, \
  0xd2ff0d2f, 0xe40003f3, 0xe10400fe, 0xe31406df, 0x1312e8fd, 0x0112180b, 0x06fbc8ee, 0x07d8f700, \
  0x0901e20a, 0xf1f902ec, 0xec0507f1, 0x08fee5e3, 0x040b08ff, 0xe0f82af5, 0xe702fbf6, 0x10ebe4e3, \
  0xece9ecf2, 0xf7e900fb, 0xf6f12008, 0xe7f30711, 0xe903ff00, 0x1bf3120a, 0x21030106, 0xe6f600fc, \
  0xfe100905, 0x0118e1fd, 0x08090400, 0x0c12fffc, 0xe4f8def6, 0x0dd30900, 0xffef17d9, 0xf71a0a1a, \
  0xd7f70000, 0xe1f6f7e6, 0xf10c1510, 0xe6efe919, 0xf6f121ee, 0x06e904fd, 0x1002210d, 0xd1f108f6, \
  0xfffefb0b, 0x0fe91000, 0x0af0f7f6, 0xfff91004, 0x1d02e0e7, 0xebfb0a07, 0xf606f9df, 0x22f9fbfc, \
  0x0a0b0711, 0xf4ff0103, 0x1ade0a00, 0x00000020, 0x13fff6f2, 0xf3fb0e00, 0x0d05f50c, 0xf90109f1, \
  0x0fff0819, 0x1500f610, 0xfc03f517, 0x0a06fefa, 0xfe030efb, 0xfcf4fa19, 0x000503e9, 0x0cedf2fb, \
  0x1700fcfd, 0x031005f0, 0x060c0ef3, 0xfc04f71e, 0xfc15ebf5, 0xe9ef00e9, 0xfaf0ecf9, 0xf9f707ef, \
  0x0107000e, 0x08f70ef8, 0x010eedfb, 0xfafbe0e9, 0xf90404f4, 0x0203fcff, 0x000a0008, 0x04fd02fe, \
  0xf70be907, 0xf6fceef8, 0x02fbf407, 0x0a0b12e7, 0xfa0410fe, 0xfff0f9f7, 0xfef8fb05, 0x0af406f5, \
  0xeefa03fa, 0xe2e723f9, 0x15ea0511, 0xf6fd1904, 0x0ee6e4ff, 0x0308f8ef, 0xfb0bf603, 0xf5fb0300, \
  0xfef5fd04, 0xf4e904f8, 0xf3eef305, 0xfbf6ff06, 0xf6000000, 0x00000004, 0xf4fb0000, 0x509880f0, \
  0x00000032, 0x1cf2fd02, 0x0ef61202, 0xf90b0806, 0x0706f7e9, 0xfbf3f60e, 0xe903fbe6, 0xeee0edfb, \
  0x08f80aed, 0xf304f2c4, 0xdbf20707, 0x0214f808, 0xf611f5dd, 0x0f0af7fe, 0xf504f702, 0x09fef614, \
  0x0f0608fe, 0xf80dff0b, 0x05f7f4f0, 0xf6e5fcf4, 0x130f1917, 0x09f4202a, 0xeff3ff02, 0xf5fc0bfb, \
  0xe208f7f0, 0x151716f2, 0x101d0615, 0xffec0200, 0xe2dadcf2, 0xf5ffffec, 0xe505f7fc, 0xecfefbed, \
  0x0003eeed, 0xf307fa00, 0x0fedfd0d, 0xfcfcf9ff, 0x0b0206fb, 0x15fde012, 0xfee6f803, 0x20fd001e, \
  0xfe0209fb, 0xe4d60008, 0xf5eee3fa, 0xf2ebf804, 0x0903f10c, 0xfff5090f, 0x02040bf1, 0xf3f90c0e, \
  0xfe000000, 0x00000017, 0x15e30000, 0x50988150, 0x00000017, 0x01dbfa0a, 0x0504e9ff, 0xd2e220fa, \
  0x0702eaee, 0xfff3fbef, 0xd2e5f2f8, 0xcce412ec, 0x0bdffc0f, 0x01f50621, 0x3918f3f5, 0x00e7eebf, \
  0x10180d19, 0xf6f8fff2, 0xf40be7e3, 0xfe13d9ff, 0xffe9ee00, 0x00000000, 0x000000f6, 0x15e01beb, \
  0x0aead61a, 0x11000000, 0x000000d3, 0x1ced0000, 0x5098c000, 0x00000083, 0xe70101ef, 0xf810e6fc, \
  0x08fe0309, 0x0cf9e501, 0x02011005, 0x011b0500, 0xf2dfee06, 0x07dcc3d2, 0x11f8f805, 0x0cf3eaec, \
  0xee0afa10, 0xfd04f8ee, 0xddf9f0f2, 0xe7e0faee, 0x01e71220, 0x05c9fad1, 0xce080d0f, 0xf5100e0d, \
  0xecfd02fc, 0xfaeff3e4, 0xf719fcef, 0xeaf3200a, 0xf8f2ecfc, 0xf70dfef4, 0x03fafef2, 0x1cf7fc01, \
  0x100de4f3, 0x04001301, 0xfefedc05, 0xece0eaf7, 0xf60609fe, 0xe90d03fe, 0xfcf6f501, 0x1005ff10, \
  0xf3f4faf5, 0xf0e80d0c, 0xeeef1027, 0x2905f3e0, 0xfd05e6f2, 0xf1010df9, 0x24ffeaf3, 0xfc14f702, \
  0xf5f4f8ec, 0xfa150e06, 0x1c0b1403, 0xc5e40429, 0xf6e2e307, 0x1ef4f606, 0xfbe3ef00, 0x0fdff3fd, \
  0xfa06ff07, 0xfce8ef02, 0xd8f11d11, 0x0f00fedf, 0x0617d6f7, 0xfde7f8fd, 0x09331005, 0xf6150913, \
  0x260ee8f9, 0x1be3eafe, 0xfef628ff, 0x170bf1f7, 0x0d080bf3, 0x181e0b06, 0xeed61400, 0xe200001d, \
  0xeee2fbe9, 0xf008e506, 0xfb02fa03, 0xf809f70c, 0x0fe7e9f8, 0xf8ffeaea, 0x0d0fd3dd, 0xecf50609, \
  0x12f4f9e8, 0xf7dd03eb, 0x010cf4f4, 0x00f9f009, 0x03fbfb00, 0x00000010, 0xf1dfeaee, 0xfc08f2e9, \
  0xf919ee16, 0xfbfcfc17, 0xfcf5faf5, 0x04ee0a11, 0x010e06fd, 0xec1b00ea, 0x09fdf4ec, 0xfafa0710, \
  0x14fef50a, 0xfef411eb, 0xff03110c, 0xfc150304, 0x07e506fa, 0xfd11fff8, 0xe6f20af2, 0x0afbff15, \
  0x090c03f4, 0x11fd00f8, 0x13fd01f8, 0x01fe0a00, 0xfa12fa03, 0xe90a01fe, 0x010cf811, 0x12fde0ff, \
  0x0efc03f3, 0xfc0409fa, 0x0e0efbf9, 0x11031503, 0x0f0b010e, 0xfb0dff04, 0x0aef0305, 0x0901fe07, \
  0x14effeea, 0x05040b12, 0xfd0bf615, 0x08fa010b, 0x04ebfe14, 0xfdf1020f, 0xfdfd04fa, 0x1b04fd0f, \
  0x19f7fdff, 0x0cd713f9, 0xf414f6ea, 0x02f1fcf8, 0x01fb0d10, 0xef01f616, 0x0d000000, 0x00000005, \
  0xf1070000, 0x5098c0f0, 0x00000032, 0x04150c1b, 0x060a03fc, 0xf9f3fff6, 0x0d1aebed, 0xffd7100e, \
  0x00f90600, 0xe4f40bec, 0xffebf409, 0x09fff501, 0xefe2f6f0, 0xe5070aca, 0xf507e707, 0xf8110d02, \
  0x02f60816, 0xf8f219e8, 0xf0effe1c, 0x01f9ec01, 0x00ee00f1, 0xeb0203ed, 0xee011104, 0x0f01f5fb, \
  0xf5dc07f5, 0xecf01322, 0x0516fd06, 0x06150f01, 0x00d91402, 0x03ed0805, 0x160afa0f, 0xf4010f12, \
  0xf7060fee, 0xf0ffff02, 0xfd0303ed, 0x04c5ecef, 0xfd0b0c0c, 0x0311fd0d, 0x01d8d8f4, 0x13020d19, \
  0x00160104, 0xfe1103fa, 0x0b040bf9, 0x07001117, 0xf3120f02, 0xe8fb0002, 0x0216f6fe, 0x0bdd1501, \
  0xf00cfc24, 0x2103fd0b, 0x01000000, 0x00000007, 0xebe70000, 0x5098c150, 0x00000017, 0xfff9d6ea, \
  0xf9030edd, 0x0b06fdeb, 0x08eaf912, 0x03101edf, 0xe90628ed, 0x03221ae8, 0x0c0905f2, 0xe410060c, \
  0x21240efe, 0x000f1c0c, 0xeb26f52a, 0xf203fb09, 0xf1ddf2fb, 0xdb1313f7, 0xed1a0300, 0x00000000, \
  0x000000e7, 0xc9bbdff2, 0x210a1af1, 0xe4000000, 0x000000fa, 0xe71f0000, 0x50990000, 0x00000083, \
  0xfff7e2e4, 0x100afdd9, 0xc50a01f9, 0x0c1807e7, 0xdff9fd06, 0xe1f5ec04, 0xf307e3f5, 0x0f08f0eb, \
  0xebf6e90a, 0xeb07f6fa, 0x07f51414, 0xfe0906f9, 0xfff41e11, 0xfe0d1c08, 0xf5291929, 0x03e00b14, \
  0xe9030005, 0xf8ee0311, 0xfafe1419, 0x1107f4fd, 0x0fdb0711, 0x18fff5e8, 0xe4d0e9fb, 0xf8d60f02, \
  0xee0beb05, 0x1e00e70f, 0x0b02e3ec, 0xdef40000, 0x00122aee, 0x0006291f, 0x0fff1202, 0x1511ec0a, \
  0x15f2f1e5, 0x00100dd6, 0xf3f20ffe, 0xf2011aff, 0xff201bfb, 0xfaf90fee, 0xc9e7df20, 0xfeebf3f8, \
  0xdce4ed0d, 0xe9f12115, 0x0804f4fd, 0xfbe4f11b, 0x122103ea, 0x09f8e7ea, 0xfdf2f811, 0xfafb2301, \
  0xe9f5f125, 0x120ff311, 0xff05f412, 0x05f8ede5, 0xecd1f4eb, 0xed1a14fe, 0xccfa110e, 0xf6130cf7, \
  0xef0bfdee, 0x0eeef107, 0x01fa0802, 0xff050beb, 0xf0030cf8, 0xeb00f802, 0x2112ddda, 0xeefc0b11, \
  0x0df6dcf6, 0xf2eb040e, 0x11fc0efa, 0xeef60a04, 0xf9ef2104, 0xfaf20318, 0x10e2f5f2, 0x05f80e04, \
  0x02fa0914, 0x0902e30a, 0x1402fa0d, 0x1f070001, 0x031206ee, 0x000df716, 0x0113ff00, 0x000000f8, \
  0x1bfd0cea, 0x18f2f2ec, 0xe7d8f90d, 0xfb09f204, 0x08e7ec02, 0xf0f20aea, 0x08ebf519, 0xff0cf8f9, \
  0xf4060af7, 0xf201ea10, 0x04050804, 0xfaf30904, 0x0ae20c0b, 0x0cf0fb0e, 0xfe0106f1, 0xfd0d24f7, \
  0x08fbfdf4, 0x010ef904, 0xf803fcf6, 0x0207fcfd, 0xdffbf51c, 0xfe07f1f1, 0xf4f102fb, 0x0cf20403, \
  0xf30e0edb, 0x01f7f504, 0x0df0f801, 0xfefe0807, 0xfefafcf4, 0xf60310fb, 0xfbf1fa07, 0xf8fffdff, \
  0xfa00080b, 0xf703ecf5, 0xf7fa2301, 0x11070804, 0xfa0105fe, 0xfdf0e4ff, 0xf80503ff, 0xeb07f900, \
  0xf7f7fc12, 0x0af908f5, 0xfa03f4fc, 0xe9e8241b, 0x00e41106, 0x090d04ff, 0xfdedf4fe, 0xf40301ff, \
  0x06000000, 0x000000f9, 0x0b050000, 0x509900f0, 0x00000032, 0xcbf0f912, 0x011721ec, 0xee07ff03, \
  0xfefc0ffc, 0x1409ee06, 0xfafd08fb, 0x05def104, 0x070afa0e, 0xf718fcfc, 0xfa0801f2, 0xfa08fb0a, \
  0x0ffc01f2, 0x0f1819f7, 0x0cebf5eb, 0xf9f7daf8, 0x0800f701, 0xe21418ea, 0x011205f2, 0x0104091b, \
  0xf7fc0800, 0xff1d1df9, 0xebf702e6, 0x1b0c0b07, 0xe90601eb, 0x0afbf800, 0x03fb130d, 0xe103f308, \
  0x05000bea, 0x12f1e000, 0xf10afdec, 0xf50dfafe, 0xf70fd3e1, 0xf0fc0d12, 0xfb1ee808, 0x050a2013, \
  0xfe0b1409, 0xecf60dfb, 0x0bf4e901, 0xf3f40cd6, 0xf70af10b, 0xfe01e401, 0x0cf807c3, 0x020703f9, \
  0x0af108d4, 0xfa07ff06, 0x050ae217, 0x15fbf4e9, 0x10000000, 0x00000007, 0xee090000, 0x50990150, \
  0x00000017, 0x030d0209, 0xe5dcea33, 0xf91ee42a, 0x130107ff, 0xddf2ff0b, 0x1325f115, 0x26ead41f, \
  0xf42af9fd, 0x0efb130f, 0xfdf00006, 0xfb00fd23, 0xf5e9e4ee, 0x0fd5fd23, 0x180cf619, 0xcbedfdfb, \
  0x0c0edc00, 0x00000000, 0x000000fa, 0x0b1bc3d4, 0x1321df1b, 0xd0000000, 0x000000e5, 0xd9fe0000, \
  0x50994000, 0x00000083, 0xf2fbfc08, 0x12f9e2d6, 0x050df002, 0xfffb0f17, 0x15fcf1ec, 0x07f60003, \
  0x070318fe, 0xf10d08fa, 0x01011107, 0xb9ddf708, 0x07f306f7, 0xed1508e7, 0xfcfefeef, 0xf807ebf8, \
  0xfc0e0efb, 0xf3e504f1, 0xf0e2e7ed, 0xe401e2f1, 0xf3130611, 0x0ff61406, 0xf821280c, 0xf5e2231e, \
  0x1bfdf90f, 0xfdf9fbd8, 0x0404fcf1, 0xfff6e200, 0x1006f709, 0x1119140e, 0x0b0e11e0, 0xebef0dec, \
  0xc8d1d7e6, 0x0011e601, 0xfefefdec, 0x10f5ecd9, 0xfa0304e7, 0xf90a0cfe, 0xdc0011df, 0xe0e4fafb, \
  0xfa0b07dd, 0xf2fa150c, 0xf3e9fce8, 0xf1f1f2fc, 0xf7ecf8f0, 0x09150c0a, 0x141d1407, 0xf5f6f716, \
  0x0de3fb1c, 0x0cd6d1e5, 0xf1f90c08, 0x01fccced, 0xf4e9f611, 0x062c05f0, 0x0d05f9f5, 0xf60a06d0, \
  0x001311ec, 0xf4212af2, 0xd1ffd1c5, 0xe5fa0b07, 0xeb06dc00, 0xe210e7f1, 0x0920e7e9, 0xff0af207, \
  0xfb0b0ae6, 0xdbefe606, 0x15fafefa, 0xe121e7ec, 0x0eea06e7, 0x0a030905, 0xf4f814ea, 0xf8051327, \
  0x14100a06, 0xf9e50308, 0x0a010806, 0xf7080af7, 0x13001b0a, 0x02f1ecff, 0xeb0323f9, 0xfcfb19e8, \
  0xf3020800, 0x000000fe, 0xeff1e8de, 0xf6f2f9fb, 0xfbffe60f, 0x10fdf6ee, 0x010d0007, 0x0506ef27, \
  0x100704fb, 0xf205f8f8, 0x0cfdf208, 0xfef2fe00, 0xff0b080a, 0xf408f51f, 0xf7f4fbf8, 0xfef2fdfe, \
  0x070bfb02, 0xfdff10fe, 0xfffc0c04, 0x1004e7fc, 0x200bf0f1, 0x0607f601, 0x1401020f, 0xfc060003, \
  0xfe090304, 0x08fcf8fe, 0xf3fd0011, 0xf80807f7, 0xf7f818fd, 0x06f510fe, 0x0802f7f2, 0x00ec01f3, \
  0x08ecf30f, 0xfd0ef011, 0x03eaf603, 0xfef6e5e9, 0xf8e9f6fa, 0xf4fc1ae5, 0x05f1e312, 0xf3fef203, \
  0x00fe18e2, 0xf8081af8, 0xfffaffeb, 0x0609edfe, 0xf4fafbf9, 0x16f208fc, 0xeaedf9fc, 0xe50913fb, \
  0xfd030dfb, 0xf9060beb, 0x06000000, 0x0000001b, 0xeeee0000, 0x509940f0, 0x00000032, 0x12faf316, \
  0xf804e4fb, 0xfffc14fc, 0xfdeffffe, 0x03fa1dfb, 0x14fafefa, 0xd7eff8d9, 0xf90011ff, 0xf4fef300, \
  0xe2e400de, 0xfd0cd6fc, 0x08feec02, 0x0afd11fa, 0x12fb0a0c, 0x061bf8ec, 0xd4e1f508, 0x05fd0f03, \
  0xe30fe10d, 0xfe00e01e, 0xe4e2fbee, 0x08e711e2, 0x0811fd06, 0xfef10df9, 0xfb03f40c, 0x10ed07ea, \
  0x1a08eaef, 0xfbf4fa04, 0x05060bf2, 0xdfdd14f8, 0xf3f709fa, 0x0000fdfd, 0xf2fcdff8, 0xf8071107, \
  0xfddd03ec, 0x0ce0fef2, 0x15eaf510, 0x03f3f0f3, 0xf807fb09, 0xfa0c10fa, 0x0a09feef, 0x0e03f7fd, \
  0xf91910e6, 0x08fa051d, 0x11f605e4, 0x1bf304fc, 0x05f9f30e, 0x12f7e8f6, 0x0a000000, 0x000000fa, \
  0xdae90000, 0x50994150, 0x00000017, 0xf6f11e07, 0xd7f8f819, 0xc2f40411, 0xfdcdee0f, 0xe0f6dfe8, \
  0xf414fe15, 0xe91603f2, 0x083402ec, 0xf209fdf4, 0xf5f829ef, 0x0b25fbff, 0xfc282907, 0x0905011c, \
  0x08f0e505, 0xe8effdf0, 0xff0dee00, 0x00000000, 0x00000018, 0xf9b9bf20, 0x0bbcdd1f, 0x13000000, \
  0x00000004, 0xc8fa0000, 0x50998000, 0x00000083, 0x0e1204f2, 0x0b0cde03, 0x08ff0b10, 0xe9f51400, \
  0xef010c21, 0x0404fde0, 0xf2fe00fc, 0xee0be505, 0xfefbf1fb, 0xb8cae7f6, 0x0b0b14dc, 0xf1170200, \
  0x010c160d, 0x020c21fa, 0x0708feee, 0xfe0d0512, 0xf9ed1efc, 0x1221e920, 0xd0faf0ea, 0x0b1306fe, \
  0x03f2fefd, 0x2ff9eb03, 0xd4fc0917, 0x06f10518, 0x081317f9, 0x0c151225, 0x080b0404, 0xfa0c0af9, \
  0xf20302f0, 0x0708f8f0, 0x04f41b08, 0xf3f6fd05, 0xf8fff32c, 0x10fdf8e9, 0x0efd09ea, 0xf7fa1417, \
  0xe80920ff, 0xf5f90800, 0xe1e6e718, 0x0a0fefe0, 0xf7ebe817, 0xeae5fede, 0x0806fdea, 0x1c0afe17, \
  0x11f2ffd9, 0x01080902, 0xf1030700, 0xfdf62001, 0xd5f2f8fe, 0x1ef7eee7, 0xf702f7e0, 0xf9f70714, \
  0xe8e700e6, 0xefdff4f4, 0xfe08fe0e, 0x00fcde0f, 0x151b1812, 0xe51116f8, 0xf7f0cc29, 0x16292515, \
  0xe1d31ff4, 0x06111300, 0xf9f6dffa, 0x16f8f8fa, 0xebece000, 0xf51010f9, 0xf2f5f7fd, 0x113611fb, \
  0x02fbfbf3, 0xe60006ff, 0xe8c10712, 0xf3f91705, 0x0c00ede9, 0x03f0faed, 0xe20ab4e9, 0xfcdd05fd, \
  0x1208121f, 0x0cebe8ef, 0xe5040400, 0x000000f7, 0xddd9eae8, 0xfef7dcea, 0xfc1df921, 0xfcfee217, \
  0xfefaf5f7, 0xf9fb0013, 0xfef6f7fb, 0x030cdcf0, 0x0711f409, 0x0cf50ef8, 0xfd050211, 0x07f102ff, \
  0x02fb0a0a, 0x020afd00, 0x10f604fa, 0xf704fae3, 0xfce61df6, 0x01fbfd04, 0x1311f5ec, 0xfc05eefc, \
  0x13f3ecdc, 0xf801f6f8, 0xec0fe901, 0xf905fb03, 0xf903ee04, 0x0dfffe04, 0x0afbfd00, 0x08f213fa, \
  0x040cfffc, 0x010315fd, 0x01fbff02, 0xfb09f7f9, 0xfefdff00, 0x01f10809, 0xf70709f6, 0xfefc0ffe, \
  0x01130a15, 0x1606e6fa, 0x10ff0afe, 0x0ef212f9, 0xf8f5fff7, 0x04fdf903, 0x050af707, 0x0a040d0b, \
  0xece40fea, 0x08f704f7, 0xf4f20bff, 0x01f5e30c, 0x0a000000, 0x000000fb, 0xe80e0000, 0x509980f0, \
  0x00000032, 0xfe07131b, 0xea0304fc, 0xfd14eaf7, 0x0915f8f6, 0xf0e8ec07, 0xff0afefe, 0xeb1102ee, \
  0xfcf21cea, 0x110e15f5, 0x0409f306, 0x0cfefdf5, 0x0415f7f0, 0x11140008, 0xff07190d, 0xfb19f6f1, \
  0x06eaf3fd, 0xf6fb0e05, 0xfdf109f3, 0x0cecfc0d, 0x11eb1313, 0xf5dcfe06, 0x0412f40b, 0x06ef0607, \
  0xfffbf8f4, 0xf7150bf9, 0xff1d03df, 0xf50cf6ff, 0x0e0deaf8, 0xfc1ce0e2, 0x05fedbf5, 0x1207fb0d, \
  0x0cfb1516, 0xfeda04f8, 0xfcddfa0d, 0x04fef5fe, 0xf306f806, 0x1df110e7, 0xf50de8e1, 0x0b0c04ff, \
  0xf507fdf8, 0xfbfd0006, 0x011c0e06, 0x0dfdee07, 0x17eb2003, 0x0ce707f1, 0x09fef6ff, 0x0101de07, \
  0x13000000, 0x000000f2, 0x23140000, 0x50998150, 0x00000017, 0xe60c0a02, 0x1400fb02, 0xf61a1427, \
  0x1a052413, 0xf3060014, 0x0b2efff5, 0xfdfdeecb, 0xfbf61e06, 0x191bede2, 0x14fbe004, 0x09fdefed, \
  0xebe5dc05, 0x070c0606, 0xf802f4f1, 0x01f2d517, 0xece2f800, 0x00000000, 0x000000ff, 0xe0afe32a, \
  0xc8fed5db, 0x10000000, 0x00000027, 0xcde00000, 0x5099c000, 0x00000083, 0x010b1d13, 0xf10e15f6, \
  0xebe32cd5, 0xf8f6fa05, 0xf9fe0e1a, 0xfe01090c, 0x1af1ee13, 0x0fef09e1, 0xf500fe10, 0x00030810, \
  0x0afaf6e7, 0xda03f905, 0x07f20816, 0x060c1010, 0x090efaf6, 0x0214051d, 0x2f0cf720, 0x0804ef08, \
  0x09e1f4f6, 0x0105f204, 0x0cf8f624, 0x18c3eafc, 0xeef7e4fc, 0xfbed05fc, 0xedee0513, 0x1a12fce3, \
  0xd9e20ceb, 0x07040812, 0x02061aee, 0x0e0b22f9, 0x0819f313, 0xe4db14ff, 0x0affe928, 0xdc000afc, \
  0xfa110f08, 0x1d23120e, 0x05f51302, 0x06f4f2e1, 0xf5fc0816, 0xf5f9f902, 0xf4020518, 0xf41a1800, \
  0x130b1701, 0xfffeebd0, 0x0f0decf7, 0xecf3ec01, 0xeaf9f1f3, 0x0502f7fb, 0x4412ead5, 0xf0e9fdfe, \
  0x0d0e0e1d, 0xfd09fb18, 0x14fefce1, 0xe71f050e, 0xe9eeebec, 0x0610f4f4, 0xfe0c0406, 0x13ec0400, \
  0x0402ebeb, 0x25e8e905, 0x01fdff0e, 0x01fc04f9, 0xf2faf80c, 0xe1ded6fa, 0xe8fb0911, 0x09f90720, \
  0xe41611be, 0xe3201311, 0x05fefe00, 0x130af6eb, 0xe60c1808, 0xfde4e009, 0xf7f6f902, 0x04fe0de5, \
  0x14d9e8d4, 0x0c0d2ae9, 0x0d05f6fb, 0xf70516ef, 0x14fd0300, 0x000000fd, 0x02ed1712, 0xf0fb0005, \
  0xf8ee04f3, 0x03f8021e, 0x00fc03fe, 0x00070c08, 0x15edfcf5, 0x0af0f60f, 0xeff2ed1b, 0xfa0dfdea, \
  0xf61711fc, 0xfbefeefc, 0xf60bf2ff, 0xf90ee805, 0xfe07fe07, 0x16f208f6, 0x080909f4, 0x000af807, \
  0x00f3e504, 0x030efb0c, 0x02070aff, 0x0ef5fd02, 0x050fff04, 0x06050309, 0x0ae1ee01, 0xf90bfbfc, \
  0xf402fa07, 0xfe04e8dc, 0x0af70906, 0xfa000af3, 0xfbf70d19, 0x0306fffb, 0x00fc00fa, 0x00f41003, \
  0xf603fd15, 0xf00e06f1, 0xfef20bee, 0x0209f70a, 0xfffafcf2, 0xf7f40bf8, 0xfdf9ff03, 0xfb0317f1, \
  0xe90ff7fe, 0x28d00806, 0x0bfd00f3, 0xfaee0a06, 0x05f20504, 0x05f90d06, 0xed000000, 0x000000fd, \
  0x00ff0000, 0x5099c0f0, 0x00000032, 0x0bee07f5, 0xff021108, 0xe2f0fee5, 0xf5f60b05, 0x170101f2, \
  0xfbef0bfa, 0x21fbfbf9, 0xe1d9e6ff, 0x1709200f, 0x0207fff5, 0xf604d6ee, 0xfc0c1709, 0x0afff0d6, \
  0x121eecf4, 0x05ea06e8, 0xf9f2f017, 0xf300ffe2, 0x11f70bdb, 0x0f09f6ec, 0xeff10df6, 0xe41b020a, \
  0xf90bfb16, 0x0c0701f3, 0x02dbe10e, 0x0dfafa0c, 0x09040d03, 0x18fbfcf5, 0xf8f0fb01, 0x010203ff, \
  0x08ecf408, 0x0de6e502, 0xf9f20c09, 0xff0209fa, 0xf60ef2fd, 0xf7f00b01, 0x03eb15fb, 0x04100a02, \
  0xfbe80405, 0x07db0619, 0xd9090bf6, 0xf6f8fa05, 0x0201f807, 0xf9e5f806, 0xf00e03fe, 0xf9e0f8f8, \
  0x03d906ea, 0xeff003f4, 0xdf000000, 0x00000004, 0x1e0e0000, 0x5099c150, 0x00000017, 0xf1f2f61a, \
  0xff0ced23, 0xf1cb09cf, 0x0d0211ea, 0xf4161502, 0xfffaef0a, 0xe2ea200c, 0xf20cf7fa, 0x01dd3ef8, \
  0xf90718f4, 0xdc14e2ec, 0x1ce5073a, 0xdae1fa0c, 0x0ff212de, 0x1921f9f8, 0xf0081a00, 0x00000000, \
  0x000000f3, 0x0ffbd715, 0x1ac5a7ec, 0x13000000, 0x000000fe, 0xd3d50000, 0x509a0000, 0x00000083, \
  0x01f4f0d8, 0x17e4e9ec, 0xfe01e3f6, 0x141aedf5, 0x15fe0ff9, 0x0df2f7f0, 0xdc01eafd, 0xe4d8d4e7, \
  0xc4000107, 0x00fc1617, 0x13070608, 0x050e0cfe, 0xfffbea0c, 0xe80cfbdf, 0xd21cf6fc, 0xe7fe060d, \
  0xf3f206f6, 0x19f7051b, 0x1b0f07fc, 0xf4e1ebff, 0xf6f70a04, 0x0808000c, 0xf202fbed, 0xea110613, \
  0xe8eed204, 0x1807ff07, 0x08fcd1ee, 0xf3f20ff2, 0xeff6f01d, 0xeafad6f3, 0xdcf402fd, 0xf50df005, \
  0xf5fbf602, 0x0000ddf7, 0x1af3e9fb, 0x15140514, 0xfcf3fbfa, 0x1209fdda, 0x01ff081b, 0xe6d4f808, \
  0x15f4e419, 0x00e30305, 0xfdecfbf3, 0xde01fa0c, 0x02fcf0eb, 0xe1f20120, 0x04210cea, 0x101a0ded, \
  0xf9e4e8f3, 0xfdecf4e6, 0x27030cfc, 0xf1e30414, 0xf9f8ec07, 0xf7efeef3, 0x070700f5, 0xe707c2eb, \
  0x1d07fe03, 0xfaee0422, 0x1bf1ef2f, 0x06e1ff2f, 0x18defb09, 0x160df7f3, 0x0807fedf, 0xe900070f, \
  0x0f14e107, 0x0a0b0603, 0x0af80210, 0x0af71206, 0xc3e5e6e9, 0xf1070003, 0x02b6f1fc, 0x18fd1504, \
  0xf5f31b19, 0x23fff602, 0x19f0e8e2, 0xf6e0d9e6, 0xeff7defb, 0x0c0e0cf5, 0x0b0ff700, 0x00000006, \
  0xf5fa0903, 0xfd0211f6, 0x0c07fe01, 0xf5fbf908, 0xf7fd020f, 0x04fdfa09, 0xfff20505, 0x0ef0fef2, \
  0x0dfafefc, 0x05fcfcf3, 0x0a0b10e7, 0xf519f311, 0x0101ed07, 0x08faf4fa, 0xf6160304, 0xf2f5f10a, \
  0x05f8f5f8, 0x0eff0215, 0x12feff0f, 0xf1f610ef, 0x06e30ffe, 0xedf40a07, 0xfbfb0bf7, 0x0f09ee05, \
  0xfbf8f7fa, 0x0605f7e6, 0x05faeee7, 0x0afdf9fc, 0x19eff90b, 0x02f7e801, 0x0712f2f6, 0xf4ed09f1, \
  0x0408f718, 0xfcf7fb00, 0xf201faf2, 0x0b00eef9, 0x27000d01, 0x00050b11, 0x09f7fe01, 0x0b07fddf, \
  0x0907fbf3, 0x20fc0ff3, 0xfb13f200, 0xeb1b02f0, 0x0a0fe01f, 0xf90a0aee, 0xf503f8fb, 0x03f501f3, \
  0xf2000000, 0x00000002, 0x0a0f0000, 0x509a00f0, 0x00000032, 0x060606ec, 0x0c0afe05, 0x14fceefa, \
  0x08f70df9, 0xebfe06ff, 0x010a0aeb, 0x050907fd, 0xe9e202e3, 0x00090d19, 0x15010bf4, 0x0ae40bf7, \
  0x1002f3fe, 0xf8f6dd07, 0xeffc04f4, 0xfee1f2f5, 0x0019f901, 0xf4f91206, 0xf42df9e1, 0xf30df6d4, \
  0x0f030d06, 0xf5f61504, 0xfae6f2f2, 0x0302edfe, 0x19070fed, 0x0bfb0ef9, 0x0102e10f, 0x20f20210, \
  0xfdfdf4da, 0x060de8f9, 0x10fdf4f3, 0xfe0dfdfa, 0x040704f4, 0xfffde9df, 0x12eedbf1, 0xe4faf402, \
  0xf2f8fd09, 0xf0d6fbd9, 0xebff03e7, 0x17ffeffa, 0x04f6fffc, 0x03f70d03, 0xf9eb07f7, 0xfdfefbdd, \
  0xf005f303, 0x0c1d09f2, 0xe8f60b00, 0xff09040b, 0x03000000, 0x000000f1, 0xeedc0000, 0x509a0150, \
  0x00000017, 0xfff015e7, 0x190ef6fa, 0x0e00fc0c, 0xf3f01a09, 0xef0cf619, 0x1cf5e703, 0x0ae60dfc, \
  0xfef2060d, 0x2300ebd9, 0x0500030f, 0xef1ff601, 0x06f5f90c, 0xe20f1ee0, 0x17f8f0ef, 0xf3f0f60c, \
  0xeefbd600, 0x00000000, 0x0000001f, 0x02beb1d4, 0xd717db17, 0x1c000000, 0x00000003, 0xe4bf0000, \
  0x509a4000, 0x00000083, 0x01ed2817, 0x1000e70f, 0xf5ff11e7, 0x0be8f807, 0xe106ed32, 0xf8030b04, \
  0xf3cb1106, 0xfcf1f507, 0x080b1113, 0x1d0df1e9, 0x08dde0fa, 0x0d0ff7f9, 0x0415180c, 0xebf0f8f6, \
  0xf1180708, 0xf8d60b14, 0x0c08f71a, 0x02eaf80d, 0x14f10d1e, 0x0ef902ee, 0x0cdefa0b, 0x0ee8c8fb, \
  0x092400fe, 0xe1e811cf, 0x10c8f4e2, 0x0e0310fa, 0xf907f817, 0xf40d19fe, 0xee02efe6, 0x15fef9f7, \
  0x0ce8f5e3, 0xe5d5e40c, 0x00f20d14, 0x1b0c0beb, 0x100bfcf2, 0xf3fe0fe3, 0xe5fd09eb, 0xf6fb07fc, \
  0xfef603fe, 0x060ef8fc, 0xff0fdcfc, 0x121102f1, 0xfde7f0eb, 0xeae0e6e7, 0x07f61507, 0x03fe04f1, \
  0xd4db2402, 0x030910d2, 0xf3d1bddb, 0x1ce9eedc, 0xfdfaf5e0, 0x00e51801, 0xf71adbf6, 0xc81f1320, \
  0x080a0ff0, 0x0e0500fa, 0x0b291aea, 0xeaea0afa, 0x07f8bd10, 0x0af9ccd9, 0x11211df3, 0xfd0003f4, \
  0x07fa00f5, 0xf90c001a, 0xd516d3fa, 0xe7f9ecf5, 0xfff0210d, 0x00fe05ed, 0xeaf0f309, 0xfa0ef202, \
  0x0515f905, 0x03da120a, 0xe70f0100, 0x12270c01, 0x0bf7f531, 0x000600fb, 0x04e3f201, 0x152309e4, \
  0xf2080100, 0x00000005, 0xf51bfafe, 0xfef6f80f, 0x0206f509, 0xf8f61128, 0xf9030211, 0xfe0d100c, \
  0xf9f2fc0d, 0xf0f619f5, 0x16f2f50a, 0x1302faff, 0x08f2fc08, 0xf3030d05, 0x05071012, 0xff06f809, \
  0x0af1fff7, 0x090b0bf9, 0xeaf211fa, 0x0b00e112, 0x07070501, 0x09070200, 0xfc11fa20, 0xf40702fa, \
  0xf800eff3, 0xfbff05f0, 0x050202fe, 0x1f0ff803, 0xf8010900, 0x0b0bfcfb, 0x02fff505, 0x14fa0210, \
  0x0005ff0d, 0xf4f2070d, 0x0100e1f7, 0x0ced0103, 0x0700f2ef, 0xf8f6ec0c, 0x0604040d, 0x1516fe07, \
  0x040409fa, 0x051e11f5, 0xf50d0f1a, 0xfceb0500, 0x0700f40c, 0x0a05ec03, 0x0311f9f4, 0x090402f4, \
  0xfcfcf8fc, 0x09f31bf8, 0xff000000, 0x000000e3, 0x0e0a0000, 0x509a40f0, 0x00000032, 0xfeedfe07, \
  0x090c0906, 0x0f11e800, 0xeffbfde5, 0xf0f11801, 0xfffef0f8, 0xd81d17f9, 0xe6fde6ee, 0x0be3fffc, \
  0xe20817fd, 0x03e8e80a, 0x00f5090a, 0xf004fef3, 0x080a07fe, 0xe1fff211, 0xcdd8f209, 0xe6fbdcf3, \
  0x04f2fafa, 0x030ef7e2, 0x05eaf8e3, 0x0f0af018, 0xfe01040d, 0xff05f5f1, 0x03f7f208, 0xf0ebf1ec, \
  0xf3f2eee5, 0xf3ec0213, 0x0bff16f6, 0x22fffded, 0x0706f2f7, 0x010007f8, 0xf7ee0bf6, 0xe0edff05, \
  0xfd030afc, 0x1ae4fcf4, 0xfe04f70a, 0xfaecfeeb, 0xdcf20b02, 0xf5f1fbf9, 0xe7fef7ec, 0xeb070aff, \
  0x00f4ffe2, 0x0bf5f407, 0xfef503e7, 0x300bebf4, 0x05ee0afa, 0xe8edde1b, 0x0e000000, 0x00000009, \
  0x19f30000, 0x509a4150, 0x00000017, 0x211bff04, 0xf3fcefff, 0x0521131f, 0xfbda1bed, 0xf4effaf5, \
  0xfc06020a, 0x0e1ff5ee, 0xfe02f4f0, 0x0809f014, 0x0ff10f1c, 0x12f80af5, 0xfee9fdf6, 0xff180722, \
  0xff08f0fc, 0xe8d114e9, 0x2b19f100, 0x00000000, 0x0000000f, 0xc8f9e9c4, 0x00d714f5, 0x27000000, \
  0x00000008, 0x27dd0000, 0x509a8000, 0x00000083, 0xe9eaf2f3, 0xe508f2e3, 0x1cdbfcfa, 0xe3e5f1f7, \
  0xf6e2eaf8, 0xf6e2e414, 0x1a170ced, 0x140bf816, 0xdceff903, 0x0d221300, 0xfbea03f9, 0x14280ced, \
  0xe2eef20d, 0x02f3e9fa, 0xfb08f017, 0x26fefa08, 0x140613ee, 0xf0fd041c, 0xf9f5f1fd, 0x16f712f4, \
  0x122c14f5, 0xd511d0ec, 0x0df8f411, 0xf10410f1, 0x17fcf8fa, 0x1a211519, 0xf009edfe, 0x0ef10a02, \
  0xf60e11f3, 0xfcff19ff, 0x0e0912f9, 0x12e8f5f5, 0x060502da, 0xf1f6fee3, 0xf70c01ed, 0x0afd1aef, \
  0xf6f90701, 0xfd010c11, 0xd224fefb, 0xf7f506f2, 0xfc02e7cb, 0x0b0c0d04, 0x12fa0e01, 0xff00241d, \
  0x07050d04, 0xf8d9f8f5, 0x0afefc0b, 0x0ef6030b, 0xff0d2012, 0xf915e002, 0x0c0204e3, 0xde27faf6, \
  0x060e0d02, 0xf51b27f4, 0x2a03f5d3, 0xc51f190a, 0x13f7fbe6, 0x17fa07f7, 0x11fa1df4, 0xca19f5e3, \
  0xdbe60d04, 0xf1f0fb06, 0x0725f720, 0xe4f5b80f, 0x2504030d, 0x0fe4f90a, 0x11cd0d16, 0x1ad9fc0d, \
  0x09f200eb, 0xece7f9ea, 0x100a05fd, 0x03ecfc01, 0xf7090af5, 0xf3f0f503, 0xf0fa01d5, 0xebfa0deb, \
  0xeefef5f1, 0xefee14e3, 0x1008fb00, 0x000000fa, 0xf91213ec, 0x06031008, 0x06f1ffed, 0xef060f02, \
  0xfdfbe715, 0x02050bf1, 0xf806fa06, 0x120902fa, 0x1602eadb, 0x11ee09fe, 0xfdfe07dd, 0x090ceef4, \
  0xf424f7ef, 0xf4f601fa, 0x05f211f4, 0x0909fa0b, 0x0412f8f3, 0x05120101, 0xff00eb05, 0xf9060c06, \
  0xfaf1f410, 0xf50af505, 0x00f8f708, 0xfaf201fc, 0x0d04f7ed, 0xee040401, 0xfc090402, 0x09ff12f8, \
  0xf000fc03, 0x04f8fb0d, 0xf70e0aff, 0x1fe90df9, 0xf4060ceb, 0xfb12ea0d, 0xfa13f808, 0x02f8e502, \
  0x01110205, 0x0c0d05fe, 0x0205fbf8, 0x0c01fe03, 0xf5f312f3, 0xfc0309fc, 0xf90afa02, 0x03fb01fb, \
  0x0cfd0619, 0x0ee10102, 0x01ecf4f5, 0xef1e0108, 0xfb000000, 0x000000fc, 0xfa1d0000, 0x509a80f0, \
  0x00000032, 0x0ceb11ec, 0x0cee0d08, 0xf90df10f, 0xf9fdfdeb, 0xff0015f8, 0xed05f40d, 0x0b0cfa02, \
  0xf70509e5, 0x06041a10, 0x2814fe0c, 0x1beb090d, 0xd1ff16fc, 0xff0c1308, 0x07f807ec, 0xf202f61e, \
  0x00e70e00, 0xf80afb05, 0x0e1810e3, 0x0f10f908, 0x0903f708, 0x0ef7ec1d, 0xf1f000fb, 0x0006f7f6, \
  0x001c00f0, 0x0c001309, 0xe8e4d4f4, 0xf60f08f4, 0xfefdf207, 0xf9f610fc, 0xf10e09e8, 0x09fa0701, \
  0xf1fff3f0, 0x07f3f002, 0x04e81b08, 0xfe2304e6, 0xf122faf9, 0xf2e8e2ec, 0x040719f7, 0xe80309f5, \
  0xec0dedfc, 0x0505071e, 0xec0612f5, 0x02f3ea08, 0xe50cfc11, 0xf90e0ff0, 0x06fa1210, 0x1deb08f1, \
  0xfe000000, 0x000000f7, 0xda0a0000, 0x509a8150, 0x00000017, 0xeee92802, 0xd40dda21, 0xe2e308eb, \
  0x16f1f90f, 0x1c230413, 0xfcf60d2f, 0xf7020831, 0xfe0df305, 0x121b0de5, 0xe40110ff, 0xf91802f8, \
  0xeefe1f04, 0x09f8e31b, 0x03f9e4fc, 0xe207ff14, 0x09f2f800, 0x00000000, 0x00000000, 0xd528ddfb, \
  0x20ffecc4, 0x00000000, 0x00000010, 0xbcd00000, 0x509ac000, 0x00000083, 0x1d0bfe23, 0xfee201d2, \
  0xec1feec2, 0x09fa030a, 0xff09f100, 0xf7f41615, 0xfa0cf2f0, 0xfde6cb20, 0x0400ecef, 0xfbff06f9, \
  0xfaffe0f7, 0xd500fe06, 0x03ef1008, 0xd8eb1512, 0xf62416f1, 0xf5f426f3, 0x0e120ef9, 0xfef9fdef, \
  0x0a16e2f1, 0xf50e09fe, 0xe6000600, 0xd3f901e2, 0xf6e4f2f5, 0x0dfaeeda, 0x0003fc03, 0xf72113f3, \
  0xe90405ff, 0x06faecee, 0xf105f2fb, 0x1111e3e7, 0xf5d30317, 0xf61111f9, 0xf811fde9, 0xf2f6f1f2, \
  0x0331ee13, 0xff140716, 0xf8040c18, 0xeffa000b, 0xede9e0fd, 0x04e5e708, 0x08f2e9f7, 0xeef1eae5, \
  0xe5faf5ca, 0xf8071309, 0xece71afd, 0x0ff6faf4, 0x1c07f6ea, 0xe6060101, 0xf7f50fe8, 0xff01d9f1, \
  0xfafef303, 0x07e6c207, 0xeb17fc14, 0x15fafd11, 0x18f9fc01, 0xeeec08ff, 0xebf2eef3, 0xd9fb0301, \
  0x11f0efcb, 0x1e010be6, 0xf4f80406, 0xfcf60004, 0x0605f60c, 0x19ef0fef, 0x0afde6f9, 0xf4fa08ee, \
  0xc917effc, 0x011af2f1, 0xef1202ea, 0xf41429f5, 0x11e6f600, 0x05ffedde, 0xfbf2f0f6, 0x07f70412, \
  0xf823c7c5, 0x131806e8, 0xff01042a, 0xf102f705, 0x140f0700, 0x000000ec, 0x0cf0ff0f, 0x01fdeffc, \
  0xfcff000b, 0x0d0dfb04, 0xfcee03fb, 0x0f090d0e, 0x00fb00f1, 0xe51c12dc, 0xf106fe01, 0xfc01f5f4, \
  0x0ffefcf9, 0x17fdfeff, 0x051303ed, 0x06fe0ff0, 0xf611030e, 0x02040f01, 0x0ffa11fe, 0x15f401f7, \
  0x060c2000, 0xf41306fe, 0x060811f7, 0xe6020205, 0xe304fa06, 0xf5f7f9f3, 0x1002f7f7, 0x00100ff5, \
  0x0ceffffb, 0xf4fc0304, 0x05f306fc, 0xeef9fe1f, 0x0111f8f4, 0x0c00f8f5, 0xf90307ed, 0xea1ffa0b, \
  0x19fff603, 0xea0ee72e, 0xf00703f2, 0xece91107, 0x0d0afffe, 0x01f1ef0a, 0x15ff0c05, 0x0afefdff, \
  0xfc030505, 0x17fdfb11, 0xf0fa0df7, 0xf609f105, 0xf7e9f10d, 0xff09ecf7, 0xf6000000, 0x000000fc, \
  0xff010000, 0x509ac0f0, 0x00000032, 0xfbf1080b, 0xf9d10dfb, 0xf313fbf0, 0x041313f5, 0x01f911e3, \
  0xe9f4f107, 0xffee0602, 0xf9f8fef8, 0xf9e3fafc, 0x15fc01fa, 0x020a0b0f, 0x0ffa0beb, 0x0ef0fd09, \
  0xee040100, 0x170510f8, 0xefe910e3, 0x0bfe120e, 0xfedadcfb, 0x12eff316, 0x11feea0a, 0x090213fd, \
  0x00ff05fc, 0x0cef2203, 0xfa040c0c, 0xf91212e5, 0xfef7fb19, 0x0806f1fd, 0xfdfc1202, 0xf9f2f702, \
  0xf514fae2, 0x10ec14f8, 0xf313e31e, 0x15f5050c, 0xe906060c, 0x13f107ef, 0xe9fdcffc, 0xfedc04e8, \
  0xf4001a19, 0xf7f5fdfe, 0x00040ffc, 0x0b02f707, 0xd1fbfbf0, 0xf8f5f5fb, 0x180609fc, 0x1008ec09, \
  0x0e10f1f5, 0xfc03f500, 0xed000000, 0x000000e3, 0xffe50000, 0x509ac150, 0x00000017, 0x11feea06, \
  0xeeff04f9, 0xfceadcd5, 0xf20d0d1a, 0x0d0c1cf2, 0xed0502f6, 0x1114f820, 0xd52503fa, 0xf313f8d4, \
  0xde1b07c5, 0xe7f00307, 0x09f109f8, 0x04ecfde4, 0x16e6ea20, 0x06080c01, 0xf6002600, 0x00000000, \
  0x000000ee, 0x03c52429, 0xe1dcdedd, 0xc7000000, 0x00000001, 0x26f70000, 0x509b0000, 0x00000083, \
  0xebf915f5, 0xf9cefbfd, 0xdfd02304, 0xfc0311ea, 0xedf50d17, 0xf5f0d906, 0x1203ef1c, 0xfdfe01d8, \
  0xe2d1d3d6, 0xe7ece9fa, 0xe6f7270b, 0x0f080a04, 0x16f40701, 0x1000e703, 0xd6f7d410, 0x0516e9e2, \
  0xf30b1c1e, 0xedfe1fef, 0x24151af3, 0xf8fb1507, 0xfcfee914, 0xfbfafcdd, 0xede514ee, 0x02e6100d, \
  0x03f41a08, 0xfd0a0a0d, 0x11e8fee8, 0x03e0f4ea, 0x0e00f211, 0xe9edeb08, 0xea14fd18, 0x25d9fbe3, \
  0x0301e317, 0x2514fa1c, 0x16fbf303, 0x05fdf3f1, 0x0611ec0f, 0x02ef1014, 0xdff9f806, 0x1605fdea, \
  0x08fdda19, 0x01fd0703, 0x0f12eae6, 0xfef3f709, 0x0a25d7d9, 0x0611100e, 0xe4fe0817, 0x05eefaf0, \
  0xfff31432, 0xfef4ef0c, 0xdef31afb, 0x05f90205, 0xf0eded06, 0x1d2cf9de, 0x00e90705, 0x06f4f915, \
  0x09ff090a, 0x05090c14, 0xfafcfcf8, 0xecfc2a05, 0xebe401ef, 0xf9f1ddea, 0xfb02efd2, 0x1d05fffa, \
  0xeeff0a13, 0x0bfaf3e1, 0x180cfa20, 0x0910f4fa, 0x070be8fe, 0x0ae4f0ef, 0x08030f0c, 0xe80f09ef, \
  0x03fb0606, 0xe3f6f803, 0x00050d11, 0xf50ceef9, 0x071101fa, 0x0efe092b, 0x170cf100, 0x000000ef, \
  0xef180900, 0x0215f104, 0xebfb04f9, 0x0f05f516, 0x0302f6ee, 0xf6090207, 0xf806fd07, 0xf50908e8, \
  0x00fc01f7, 0xee0cfe07, 0xf70fff00, 0x030e0bf7, 0xfb070504, 0xf90307f9, 0x090906fe, 0x0aef07fd, \
  0xf20d0c0c, 0xfcee0404, 0xf4fa06f7, 0xf60c0ade, 0xfe0d01e4, 0xf30cedf3, 0xf9e3fe01, 0xf5eefd18, \
  0xf4f1f601, 0x0500090b, 0x13ef09f9, 0x0f0afd01, 0xfffa1b08, 0xf1eeff03, 0xe1f910f5, 0x0905f403, \
  0x0ff80df3, 0xfe0fed0d, 0x0b0116f8, 0xfa02001a, 0xfe08ee00, 0x0413fcfd, 0x13f9fcfa, 0x02fcf205, \
  0x0af2ebda, 0xe70a0efc, 0x08121dfe, 0x02f00e02, 0xfee51302, 0xfffaf4fd, 0xf4eb04ff, 0x00fcf90a, \
  0x0c000000, 0x000000f9, 0xe8e40000, 0x509b00f0, 0x00000032, 0xcf03f212, 0xf900f315, 0x000c0419, \
  0xeaf3fafb, 0x02f70719, 0xfe0b1b01, 0x020d050a, 0x0f0bf807, 0x031406f9, 0x0c020dfc, 0xf9030eef, \
  0xe806e9ef, 0x02150bf9, 0x02101e17, 0x0e16f6f7, 0xf5040d0f, 0x0df30bf6, 0x00f2f00b, 0xffe309cc, \
  0xf1100af7, 0xfd14fe04, 0x060addf1, 0x0e04070d, 0x10fe0aeb, 0xf2f4030e, 0xfb02fdfa, 0x09f204fc, \
  0xe5f31b03, 0xd9eb20f4, 0x0c1a1a0a, 0x09f6fff2, 0x0b15d2ef, 0xf81b03f9, 0x080ffcea, 0x05ec0704, \
  0xd9f2011d, 0x04f6f006, 0x0f02120a, 0xfbf20709, 0xf60c11fb, 0x0211f8e9, 0x0c02f3f7, 0xf7e4ee01, \
  0xec02f8f0, 0x0df20802, 0xebf408f9, 0xff180aff, 0x0b000000, 0x000000dc, 0xdce10000, 0x509b0150, \
  0x00000017, 0xd210f513, 0xf5021c07, 0xf807f1ff, 0x0131fbe9, 0x13f401e9, 0x03e2f40d, 0x00d0f72b, \
  0xf0110a23, 0x092011e6, 0xebf0fc10, 0xefc4f4d1, 0xfb0c0ae6, 0x23e5ec10, 0xed1e192a, 0x1115f905, \
  0xff001d00, 0x00000000, 0x000000e8, 0xf0a532d0, 0xe5baf1c7, 0x01000000, 0x00000015, 0xd5de0000, \
  0x509b4000, 0x00000083, 0xf8f0f9ef, 0xff08f2fe, 0x03dfe930, 0xfb0cf5fa, 0xfefaf3fd, 0xf0e90afd, \
  0x22dfe4fd, 0xfa0e0005, 0xe1e7f708, 0x00040405, 0xed1006fb, 0xe5020306, 0xd6e7000d, 0x0af0f0f8, \
  0x01f003fe, 0x01f6e7f4, 0xede3e4e8, 0x291e2004, 0x0d0e0500, 0xfcf50bf7, 0x15efecdf, 0xdc140f0b, \
  0xe2e90b07, 0x0301210c, 0x05f8f102, 0x12fc0b16, 0x1215e8f1, 0xcfefdafd, 0x15fb0dd2, 0xf60ae3f7, \
  0x0409ff0a, 0xeaf4090d, 0x07fa0608, 0x2a0bf5e7, 0x0e1affe2, 0xfef5ddee, 0xf5e10f02, 0xfcf61415, \
  0x00e2ed0c, 0x1a04faf2, 0x26fcf6d3, 0x0c13f21e, 0xf80c030f, 0x101812f5, 0x0eecd2d6, 0xf905e8e8, \
  0x0a0ed1f4, 0xf9f80cfa, 0x0b2014f4, 0xfffff6ee, 0x12020b13, 0xf60306ff, 0xe9111f0f, 0xf70cff04, \
  0xe3ea18f3, 0xdae108ff, 0xfaef12f1, 0xf802e60c, 0x220d0af9, 0xecf5f3f2, 0x200bf40e, 0xff0ffff0, \
  0xf700ea13, 0xf106f204, 0xffff0610, 0x0ee6e01a, 0x19f7f321, 0x07f30311, 0x0e13f5c9, 0xe4dff805, \
  0x00e3dbf0, 0xf0e9f1de, 0xe5fc1d11, 0xfa01fa0f, 0x090a1c16, 0xe813fafd, 0xfeed0208, 0xfd020e04, \
  0x070df000, 0x00000005, 0x0808eeeb, 0x1ce9ee02, 0xfbedfef3, 0xf9f20fed, 0x06130c0e, 0xffe8fafd, \
  0x0cfaf609, 0x07eef304, 0x090b0d05, 0xf5040206, 0xf5040100, 0xf5e1fb0d, 0x04fbf10c, 0x010cf4f4, \
  0x13fd010d, 0xf5eaf206, 0x08fbeefa, 0xfefafa16, 0x0900f101, 0xfe01f2f1, 0xef04fcf5, 0x0bf7f4f9, \
  0x0de90bff, 0xfa01eb02, 0xf2ef0103, 0xfafce9f6, 0x00faf709, 0x0af60104, 0xfdef01ed, 0xe5070b00, \
  0x06fd080a, 0x0a091a0e, 0xfffbf902, 0x0c04edfd, 0xe6f90b12, 0xfadffe03, 0xefee0314, 0x0209fafc, \
  0xf8f700f7, 0xe30406f8, 0x09fefefd, 0xee120dfe, 0xfa08e4f4, 0xfb00f601, 0xfb0701f2, 0xebeffefd, \
  0xe2fbf800, 0x05fa0ff4, 0xf1000000, 0x0000000c, 0xf5fe0000, 0x509b40f0, 0x00000032, 0x1f00fc0e, \
  0x1313e10c, 0x130b1701, 0x16fefbe6, 0xf2fef3fe, 0xf00a03f6, 0xdcf70b0b, 0x0af006f4, 0xf800e3df, \
  0xdff51df2, 0xef13db15, 0x05f2f8fa, 0xef0014ca, 0xed2c0614, 0x150adef7, 0x0ffe090e, 0xf10af209, \
  0xeae5f815, 0xebedf9fb, 0x0b020c0b, 0x1cfcfb0c, 0x07f1faf4, 0x05120701, 0xf90404f3, 0xf50df8f0, \
  0x150712f2, 0x0111ec0b, 0x11e300f5, 0x1c03050b, 0x0ef70509, 0xfd0d02ff, 0xe810f4f8, 0x1915000a, \
  0x1cf1fd0d, 0xf1ee021b, 0x1106ffdc, 0x070a2602, 0x1e040d06, 0x21f0f80a, 0xecfa08ec, 0x05ee0d01, \
  0xf1f2f6e4, 0x06f1f6f8, 0xf4ebf2fd, 0x0cc1e802, 0xfbf3fff7, 0x030dff0a, 0xef000000, 0x000000fb, \
  0xfdf50000, 0x509b4150, 0x00000017, 0xed1013ee, 0x12f2181b, 0xf2fce810, 0x0b260c2b, 0x1d201d24, \
  0x0e02fd06, 0x1ef20bf7, 0xd61b060e, 0x1d04eeda, 0xf71e0d09, 0xddf907fa, 0xf4d1eaf8, 0xe7f7fa0d, \
  0x0a2c2e00, 0x1a190c10, 0xfaea1600, 0x00000000, 0x000000ef, 0xcce021d2, 0xb9d125a9, 0xb8000000, \
  0x0000001a, 0xcd0a0000, 0x509b8000, 0x00000083, 0x030b040b, 0x08e91d07, 0xfb1421d4, 0x13e1e7f3, \
  0x0d14f3f2, 0x020cdc0b, 0xffff022a, 0x21ef130d, 0x0e15fff7, 0x19f8f001, 0xfc0314e8, 0xfbfaeaf3, \
  0x010a18f0, 0xd0f8020a, 0xe4fefaf3, 0xf0ef1600, 0x06172002, 0xf6e3e811, 0x170dfafb, 0xf4f4f1f5, \
  0xe3f90615, 0x28c80ee0, 0xf3080bfe, 0xfc0fef24, 0xc30821ff, 0xef0804ef, 0xf4f8fdf0, 0x0212100f, \
  0xe3f413f9, 0xf80bf8f9, 0xefe7f31c, 0xf71df500, 0xe8141c08, 0x00efb9f9, 0xed0a0ffc, 0x00ed0bf1, \
  0xdc0b07fd, 0x041cffdc, 0xf3f20deb, 0x04e6fae7, 0xefe01e05, 0x0bf9e6f8, 0x02f9f2f7, 0x00fe10ef, \
  0xc812fd22, 0x16dee9fe, 0x20ed04f9, 0xf5f6f915, 0x1100e712, 0x14e801e2, 0x080f07f2, 0xf819e107, \
  0x21f313f0, 0xee03070b, 0x150a11db, 0xcdf400e5, 0xf6f41f13, 0xf8e3f512, 0x05f404fe, 0x32d50800, \
  0x1b03f4f2, 0x080b0712, 0x1706fffd, 0xddedff1c, 0x26ecd1f1, 0xef110cf5, 0xe9f70e06, 0xffebfff4, \
  0xf3f0f901, 0x23fbe814, 0x0edf0ae2, 0xe21eee07, 0x080aeefd, 0x03f72cfc, 0xefeef806, 0xfd06ebdb, \
  0x0afbe3f5, 0xf91713ed, 0x14e6ed00, 0x00000010, 0x02f30aee, 0x0ff7eeff, 0x09fe03f6, 0x02042fee, \
  0xf1050311, 0xf1fc01f8, 0xf20cfe06, 0x05000b0b, 0xeaff090f, 0xfc12fff8, 0xfdf609fc, 0xf5eb14f7, \
  0x00fffe07, 0xf80f0102, 0xf9f61406, 0xf5090609, 0x0bf90615, 0xf808fff5, 0xf202f911, 0x0202e50a, \
  0x12e609ff, 0xf414f60b, 0x00f60209, 0x0af9fd05, 0xfeeef00d, 0xf2030e12, 0x01060f09, 0xeffe0200, \
  0x00081906, 0x000512f1, 0xf6fc05f7, 0x011af505, 0xed1201fb, 0xf71f09fe, 0xeaf40504, 0xfdfcf3fe, \
  0x091302ea, 0xfa030402, 0x0604f3ff, 0x08f50019, 0x0d00f5f4, 0xfb05ff14, 0x1104f9f1, 0x0004f5e6, \
  0x1010f8fe, 0x10f2f506, 0x0e00f914, 0x02f1ff04, 0xf3000000, 0x00000002, 0x0df60000, 0x509b80f0, \
  0x00000032, 0x0bf60a0b, 0x15f9ed12, 0xfdf7e2fe, 0x040d0a1e, 0x12fc0af0, 0xed060601, 0x0e2a02f0, \
  0xe2eefbed, 0xf7f1fa0a, 0x0c0dde1e, 0x0009f701, 0xf801f0f6, 0xea04fbf0, 0x12f9f1f6, 0xeffc070c, \
  0xdfe4f3ec, 0xeaf70908, 0x0bf614e0, 0xfb00f4ff, 0x10fa0f0c, 0x1714e7f9, 0x16e3240e, 0xfafb04f3, \
  0xf3180dfa, 0x071617f5, 0x00f70c15, 0x11120201, 0x0df51f0c, 0x18f813f6, 0xe92df3e5, 0xebf1eb03, \
  0x1b0df712, 0x1907feff, 0x18fbf90c, 0x10fe0fff, 0x0cdef4f7, 0x03fc030f, 0x0ef811fd, 0xf5fc00f1, \
  0xfaffed03, 0x0606f011, 0xff110209, 0xcaf10df6, 0xed0609f7, 0xefff06fa, 0xf3fd1003, 0x03f2e2f4, \
  0xf3000000, 0x00000012, 0xf9f90000, 0x509b8150, 0x00000017, 0x022904fd, 0x07eced0d, 0xfbfbfafe, \
  0x17f7010c, 0x130203f9, 0xf71c01f8, 0xef0b02fa, 0xcbd201fa, 0x0a220813, 0x19f314f9, 0xedfae4db, \
  0xeee7e602, 0xfb08070e, 0xef0e0afb, 0x1ae24f1f, 0x25fffb00, 0x00000000, 0x00000009, 0x15dea013, \
  0x12d8d013, 0xc6000000, 0x000000ec, 0x152c0000, 0x509bc000, 0x00000083, 0x0e020a0c, 0xe80111e8, \
  0xe3ee01fc, 0xf207f7f4, 0x1108f6fa, 0x010c0705, 0xde03220c, 0xfa1de8f8, 0x0b03fcfb, 0xfaf4f1ee, \
  0x0d0b08e1, 0xd714e3da, 0x000203f5, 0xf5e90417, 0x030a28fd, 0x15f718f9, 0x0df8f614, 0xfd09e2fd, \
  0xe313ff10, 0xee051f0d, 0x090728d3, 0xd801040e, 0x2af3030f, 0xf6ef25d8, 0x0b10d51d, 0x0201d8d0, \
  0xf10afed8, 0xe707ede6, 0x0d0c07e7, 0xfaeaf803, 0xfaefe6f0, 0xfcfb08f6, 0x03080aed, 0xedfbeef6, \
  0x1d09e001, 0x0e0afe0a, 0xfaeaf6f0, 0xfb0b14e0, 0xf71508f3, 0xd5f802fa, 0x0b00fc14, 0x01edf4e3, \
  0x040cf3fa, 0x0cf70af6, 0xf208121a, 0xf90015f4, 0xf3ef0e0b, 0xf2c9f31b, 0xf9f3f6ed, 0xfddc08f3, \
  0xfb0e1321, 0x05f33c07, 0xd1fcfef6, 0xef260201, 0xff17f60e, 0x1808f2f9, 0xe60bdc02, 0x0bedf8ef, \
  0xf2f2e423, 0x141309fc, 0x0005220a, 0xf9e9f50b, 0x10211812, 0xfbf61014, 0x03f40c06, 0x02fffde2, \
  0x04e6171c, 0xec091709, 0xf1fa04ed, 0x0dfc03fc, 0x0c03fd08, 0xfae3fdf5, 0x1502f7f1, 0xd3fef2fd, \
  0x09fdd4da, 0x051df610, 0x00faf808, 0xf0e4f400, 0xeeca0700, 0x0000000c, 0x0ce50a09, 0xf61303f9, \
  0x0004fdf8, 0xf4f630f0, 0xfa060302, 0x010018fa, 0x080df6f9, 0x001106ff, 0xfef8fa0b, 0x12f60409, \
  0x0004fb07, 0x1606e7fb, 0xfc030503, 0x1012fee9, 0xf703ffeb, 0x0cf90c00, 0xfdfaf807, 0xfe12fffb, \
  0x0bf60cf7, 0xfdfef7fa, 0xef01f009, 0x19fffe0b, 0x0d07f9f0, 0xf2faf8f2, 0x0cff08f9, 0x11ec05f6, \
  0x1004fde7, 0x03f90b1b, 0x0b01fdf8, 0xf6f5fc01, 0xf9f3fb0a, 0x07f8fcf6, 0xe907f606, 0x0d040802, \
  0xf424f4ef, 0x000cf610, 0xf6d51008, 0x04f204fd, 0x03ff05ee, 0xfaf8070d, 0x13f6f406, 0xedec1520, \
  0xe504fe00, 0x0911f308, 0x11fe0702, 0x02f2f012, 0x0e05fb10, 0xf109f0f9, 0x06000000, 0x0000000c, \
  0xedf90000, 0x509bc0f0, 0x00000032, 0x00050c0d, 0x131400f0, 0xf5e01106, 0x2a17f2fb, 0xf8ebf1fd, \
  0xf4fd0cf5, 0x030ef607, 0x1304f00e, 0x08f0140c, 0x0c2113f2, 0xf0f60601, 0x01f80f0b, 0x0608ffdd, \
  0x010ffb0f, 0x17ed14fb, 0xf3f8f70f, 0xfcdb0404, 0x17f0000b, 0xfbfffce3, 0xfbf70d03, 0x06fb1504, \
  0x12f60cf5, 0xf7000407, 0xff0415fa, 0x051b0d11, 0x0a02ecdc, 0x17eaec05, 0x0feaf81c, 0xf715ff0b, \
  0xf9081108, 0xfbfb0900, 0xe8fbdaf8, 0xfc0408ff, 0xf50303fb, 0x13ff0218, 0x0efa0515, 0xfcfd14d9, \
  0xdbfd0f0f, 0x04050511, 0x100b05fc, 0x0912e92c, 0xe6ecf01d, 0x0cfbc4fb, 0xf11102f1, 0x1cf5f40d, \
  0xf00f09f9, 0xf1000b03, 0x10000000, 0x000000f5, 0xdb050000, 0x509bc150, 0x00000017, 0x06e2dcf8, \
  0xe705000d, 0xf1141f09, 0x050c2ee3, 0x01dcfdea, 0x07eff2f5, 0x3804dcfe, 0x23f10de9, 0xfffff50d, \
  0x13ffe702, 0x11fcfe2e, 0x0d1a03e1, 0x2bf00b01, 0x16fccd21, 0xdbf314e5, 0x1bff1b00, 0x00000000, \
  0x0000000d, 0xef11dcc0, 0x11e9d9cc, 0xce000000, 0x0000004f, 0xd8c70000, 0x50d80000, 0x00000083, \
  0x03eaf1e7, 0x021aff18, 0x1c0709e5, 0xe7f1e1e1, 0x221507fe, 0xdbf60519, 0x0cf8001d, 0x12d7f3f0, \
  0x1deffaf0, 0x0d04e80e, 0xfbff0ae2, 0xf9e9f3ff, 0x09feefe6, 0xedfcd6e3, 0xf208e502, 0x0cda2414, \
  0x0e110de0, 0xee05180b, 0xfc21f0e7, 0xf410f9f1, 0xf0e2fe07, 0x111402fe, 0x0624f416, 0x0f00d20a, \
  0xdc1c23e9, 0x17c702e0, 0xec05f1fb, 0x0f181efd, 0xdcdfebf7, 0xd8ffe403, 0xe8f3cbf5, 0x030ae1fc, \
  0x08ecf9f1, 0x121404f5, 0x1a011104, 0x06180425, 0xdcfbff0f, 0x2105f0fb, 0x000df2f2, 0xe0f5f807, \
  0xf7e1eb13, 0xe0fa03f8, 0xe1de1eea, 0xffec09f3, 0xfc0e00ff, 0xf012effe, 0x23f5cfe3, 0xf727fb17, \
  0xde1edc0b, 0x0108f7ed, 0xe6110efc, 0x0bf0fbe9, 0x09f41e16, 0x1a24e8f1, 0x0fe2fe14, 0x05e4ecff, \
  0xf2130b0c, 0xeff41406, 0xd8fbfee9, 0xe51cfbd3, 0xe7f913f9, 0x0dfaf5fe, 0xf4e40703, 0xfa0afa11, \
  0x1209ff0e, 0x070bf0c2, 0x02160dec, 0xeb0cf0ed, 0x010d3413, 0xf30f01ed, 0xedeefcf3, 0x0bfbe601, \
  0x11ff07e5, 0x040a06f5, 0x12e90702, 0x18110612, 0xf305fcf9, 0x04f8fbf2, 0xf1051100, 0x000000dd, \
  0xf3170007, 0xff10fafd, 0x01fb1cf1, 0xf2fe0502, 0xf7f62302, 0xf20202fc, 0x0e05fc00, 0x1005f4ff, \
  0xfe07f820, 0x0ee30401, 0x02ff0006, 0xf8f0fe04, 0x03fd1302, 0x0408f107, 0xfffefc0c, 0xf7f1faea, \
  0x170cfb13, 0xffff0ce9, 0xecf3ec0a, 0xf5040700, 0xf1080604, 0x15f1ef01, 0x0dfd0501, 0xfaff0df9, \
  0xe8f403f5, 0x00f7eefb, 0x0af2ff13, 0x05140d06, 0xf0fc0e0a, 0xe6dd14f9, 0x0cfdf805, 0xf503fef5, \
  0xef060104, 0x02f00d0b, 0xfb020100, 0x18fd07f4, 0x04e72cf9, 0x06fe03fd, 0x0dedfaf7, 0xf9f108e6, \
  0xfe02f1f4, 0xf50a0206, 0xfb15f0f8, 0x0ce3f4f1, 0xf70609fa, 0x060001fe, 0x130703f7, 0x080f0bf6, \
  0x08000000, 0x000000fe, 0x01f50000, 0x50d800f0, 0x00000032, 0xd7ec0b23, 0x0bff07da, 0xdcf115fc, \
  0xe9ed070c, 0xfefcfaeb, 0x0df31407, 0x0d1606f4, 0x0308f009, 0x020205f1, 0x1b0b02e0, 0x090bfc05, \
  0xecf003e1, 0x0b1d0022, 0x07f7ede7, 0x050d0700, 0xf30014e8, 0x1217fd02, 0x05ecd6fa, 0xebe6f5e2, \
  0xfdf702f7, 0xe1fb1ce2, 0x0902f814, 0x08fdfde6, 0xfbf5fbeb, 0xfdfbf1fa, 0xfb11d9d1, 0xee020afc, \
  0x0e150a18, 0xf113ee06, 0x0efd0303, 0xf009f813, 0xfaff09e7, 0xda11fdfa, 0xf4030b1b, 0x0504f8fd, \
  0xf4f3fffb, 0x0c15f81d, 0x170ee406, 0xfbf41107, 0x05f7010d, 0x0409e403, 0xf6131418, 0x27f3e800, \
  0x0804ebfb, 0xf5e308fb, 0xeff4fc1c, 0xfef103fd, 0x01000000, 0x000000fb, 0x00f10000, 0x50d80150, \
  0x00000017, 0x0901edf4, 0x13eae203, 0xe811f2f6, 0x1316f40e, 0xd4eaf2fe, 0xe8fbffe6, 0x12f016ea, \
  0x10f912fa, 0x1710ee02, 0xf70eedd4, 0xe4f10400, 0xfbfbee22, 0x1510ebf1, 0x1cf7cf18, 0xe1231600, \
  0xf7eff000, 0x00000000, 0x00000005, 0x1413dce9, 0x12c60612, 0xbf000000, 0x000000eb, 0xe5f00000, \
  0x50d84000, 0x00000083, 0x0303fe11, 0x18f2d103, 0x21fee4c7, 0xe90c2727, 0x0c1bff03, 0xf90debcf, \
  0xe0162006, 0xef11ef15, 0xf6130af4, 0x0c11f405, 0x0ef6f100, 0x12ff02e4, 0xe713f3db, 0xfb0e011b, \
  0x2015f41d, 0x06060210, 0x230d0b06, 0xd2eb01e7, 0xfbfc0bf8, 0x080208f7, 0xfd170bef, 0x071a0df0, \
  0xe3dfc1da, 0xf9170012, 0x18ebfbe5, 0x05f7f7fb, 0x01100a00, 0xfce308cc, 0xe7f102f7, 0xe1f4e906, \
  0xecefecfb, 0x0fdde6f9, 0xf1f70ee9, 0xf5fefde5, 0xed220211, 0x01e6fb00, 0xe6e10115, 0x13f2fbf4, \
  0xee030ae4, 0xf3fb020e, 0xf8e013dc, 0x00edfdf8, 0xe9e302f4, 0xf6f2f70f, 0xfbfc0d12, 0xf5ff04ef, \
  0xfb02fd0c, 0x28081cf3, 0xf3f9eb21, 0x1aece405, 0xe507eedf, 0xfdf7f8db, 0x0afc0205, 0xe8ddefe8, \
  0x04ed17fc, 0xe700f4fc, 0xe9ea03fe, 0xd2f7fef1, 0x0f1dff06, 0xe6fef1db, 0xfcfedaf9, 0x00000e0e, \
  0x0c15fff1, 0xd4f8f816, 0xf5f5ecf6, 0xfe020820, 0x091d001b, 0x15ecf7e5, 0x07fef4e7, 0x0306edf5, \
  0x18fbf6d9, 0xf4341f06, 0x0a02f5f9, 0xfb030813, 0x0bfdf202, 0x100af301, 0xeb01e701, 0xfbfe2402, \
  0x0410f500, 0x000000cb, 0x0f0a03ef, 0x02ffff0b, 0xebeafef9, 0x1601f5fe, 0x0807f604, 0xf4e2f8f8, \
  0xfc061ceb, 0xf613f3f4, 0x0601fdfd, 0xdf08f414, 0x000305fa, 0x0c0411ef, 0x0b09fff3, 0xf9160205, \
  0x1403f900, 0x020606fc, 0xf70bebff, 0xfae0faff, 0x01000b06, 0xfc0efaf5, 0xfb15f913, 0xf5040d12, \
  0xdefb02f6, 0xf80a0009, 0x060011fc, 0xfd13eaf9, 0xfa0b03ff, 0x10f4fd00, 0xf90e0a09, 0x0cff0cf0, \
  0xeef4f6f1, 0x02140801, 0x06e1fa10, 0xecfcfdf7, 0xf9d5f3fa, 0x09000808, 0x000af8f7, 0xf8f710f4, \
  0x07e8f101, 0x02f2f5f3, 0x0202ece5, 0x011ef4ff, 0xfffefdfe, 0xfee20703, 0x09fb0cf8, 0xf0f8f40f, \
  0xfcef0bfe, 0xefee03fc, 0xf7000000, 0x00000011, 0xf8f50000, 0x50d840f0, 0x00000032, 0x05f6f50a, \
  0x0612f2e8, 0x0f0fef03, 0xdaf61c04, 0xfe0f170c, 0xfef70d04, 0xdb01040e, 0xfbfeedfc, 0xf2fbf300, \
  0xf80e0dfe, 0x05dc0207, 0x0a0c0302, 0xfa16dfe4, 0x12f6fc02, 0x02d5f915, 0xfe00fed6, 0x090ee0f1, \
  0x09f8070f, 0xfe080cec, 0xf5fafbee, 0xea002009, 0xcf231cf6, 0xe4e6f0ff, 0xfaf6090f, 0xf100f518, \
  0x171bfb09, 0x0fe7fb00, 0x1ff8110f, 0x021e2201, 0x0b0601fa, 0xf5f1fee4, 0xe616f7f7, 0x0c021015, \
  0xe5fafded, 0xfbe5f114, 0x05142703, 0xe11905fc, 0xf9021901, 0x0f0f05fb, 0xeaf920f9, 0x121207fa, \
  0x1bcc1218, 0x06f8030a, 0xfde9c60f, 0x0fff00fb, 0x13eb11e9, 0xf70af80b, 0x09000000, 0x0000000f, \
  0xfcf80000, 0x50d84150, 0x00000017, 0xd7240516, 0x07f21609, 0x070612fe, 0x04f113f6, 0x17f21519, \
  0x1c0e180d, 0x02ffd911, 0xde0000f9, 0xfdff2f16, 0x00ebe608, 0x22ec20dd, 0xf2edf8d5, 0x0bf8f0fc, \
  0xe8221ae5, 0x0dfeccf9, 0x0f220b00, 0x00000000, 0x000000e3, 0x0e20d9fc, 0xf5dcb007, 0x26000000, \
  0x000000ec, 0x07ca0000, 0x50d88000, 0x00000083, 0xf800fddc, 0xf2ffddea, 0x0103f40b, 0x080beefc, \
  0x04f8f71f, 0x0afff2f8, 0xe213fc14, 0xff24f1f9, 0xe2100bfa, 0xf80bfa02, 0xfeecdbf8, 0xfcef0ef8, \
  0xe0f00501, 0x181209e8, 0xe3f3f706, 0xf80225f4, 0xfa0a1017, 0x2812f533, 0x19ee0f08, 0x02f9fefb, \
  0x0e0c08f7, 0x0d09eafa, 0x111200de, 0xcf0b0a0d, 0x34de17dc, 0xf42bff0b, 0x040d041a, 0xeedde7ca, \
  0xfd1725fd, 0xfef1fc07, 0x0403ebff, 0x0501e7f4, 0xf8ee0edc, 0x0702fb18, 0x1cf8faf7, 0x19fae7f7, \
  0x010806f6, 0xf80df8e2, 0xf905e906, 0x17f5e903, 0xf5f7fffb, 0xff1313fa, 0x180eef0c, 0x03e2ecf1, \
  0xf4f60be3, 0x0bf2fefa, 0xe42404f9, 0x0300f7f4, 0xe1f1f5f4, 0x1820d7e4, 0xfe090c13, 0xebfcfeff, \
  0x0510f2f6, 0xf6e8050a, 0xfef20527, 0xfc0a1ad6, 0xe3021806, 0xee1dfaf1, 0x020a0022, 0xf712ebc7, \
  0xdaf1f0f1, 0xf0150c09, 0x070801fc, 0x06ebf8fe, 0xe82703f6, 0xf8ebcad6, 0x1cf3f406, 0x10e02002, \
  0x000611fc, 0x13dcd3e8, 0xeef5f90a, 0xf4e1f500, 0x050c06db, 0xf6000f12, 0x0c0cecf3, 0x08f3f9ff, \
  0x0ade0e15, 0x100c15e5, 0xd2efd600, 0x00000013, 0xf71bff0a, 0x0ff806fc, 0x0c08ff12, 0xf5e703ea, \
  0xff0904fd, 0xe5fef914, 0xee0bfa0c, 0x09f8f8f6, 0xf80005f8, 0xf6ee1b03, 0x0907fe00, 0xfd08f50b, \
  0xf8faff04, 0x0604f1f7, 0x10050dfb, 0xfaf1f412, 0xf70bf607, 0xffe9faf8, 0xfc03040e, 0xf60010f1, \
  0x0409fa12, 0xf70d04e8, 0xfeec11fb, 0x010202f2, 0xf7f11803, 0x090bfb0e, 0x050e021f, 0x0507eaf0, \
  0xf1fe04fc, 0xfef10f17, 0x0af6ee07, 0x0808f9f7, 0x0b0202f9, 0x06f4f4f7, 0xfeea1000, 0xef05dbef, \
  0x2011e8fc, 0x000c1001, 0x0d000a04, 0xff0723f7, 0xf5eefef1, 0x10fbf1ea, 0xedf4f814, 0x00f307f1, \
  0x050908fd, 0x07f8ff03, 0x010400f9, 0x03fc06f4, 0xea000000, 0x0000000e, 0x03ee0000, 0x50d880f0, \
  0x00000032, 0x0711ed15, 0x100bfb08, 0x0b090aef, 0xeafd00f5, 0x01050105, 0xd2fa0b03, 0x03e3e707, \
  0x0f00180f, 0x04f1ea02, 0xf0e60101, 0x0400de0f, 0xfb1701f5, 0x19e7f31e, 0xf5fd0103, 0x09e0f4f9, \
  0x100b061e, 0x0810eb03, 0xfddb0617, 0xedfbf4f4, 0x00fbe9e0, 0xfb03f903, 0xf2fcf6f4, 0xfcd20917, \
  0xf205000e, 0x1af80508, 0x27f9f808, 0xf301faf2, 0x0f07f8da, 0x0b14f904, 0x0ceefc11, 0x0a0503f8, \
  0xeb00e50f, 0x01fb0418, 0xf804ebf0, 0xf805e1ea, 0x080819f2, 0x24230ce9, 0xea190716, 0xfe121511, \
  0x0202f0fb, 0x0de30d00, 0x091e18e2, 0x030e0d10, 0x0705f406, 0x0bf3010c, 0xfff80c0c, 0x07f0141e, \
  0xe5000000, 0x00000011, 0x15050000, 0x50d88150, 0x00000017, 0x1ae6090b, 0x0f04dcf5, 0x12140cee, \
  0x0b11fc04, 0xe9d408e6, 0x0101d10e, 0x10f4030b, 0x090e1d08, 0xe7e8fa12, 0xff02e6f5, 0xd6fbf014, \
  0xddf2dff7, 0xeaf3ea20, 0xf60dddf2, 0xefdb1a00, 0xeefa0500, 0x00000000, 0x000000f1, 0xb2f1c4f5, \
  0xc108e61b, 0x20000000, 0x000000fe, 0xd9150000, 0x50d8c000, 0x00000083, 0xd0f5fa14, 0xeeeb0708, \
  0x1a14f9f9, 0x09f70d15, 0x1e00ed10, 0xf2ffeaf5, 0xfef31911, 0xe91101f0, 0xdf02e6df, 0xfd041e13, \
  0xfc0c060c, 0x0308f1ea, 0x141302ec, 0x01fef418, 0x08f0ef0b, 0x2821e4f3, 0x190a170f, 0x02ebd6f4, \
  0x0fe6f50b, 0x06eef3e2, 0xeb0417a8, 0xfb260de7, 0x13f31111, 0x01050df3, 0x0106effa, 0xf2daf3ef, \
  0xfbf31a18, 0x02edff04, 0xed080e08, 0xff05f7f2, 0x09260ef3, 0x02f1e6e5, 0x0618efd8, 0xcaed2728, \
  0x22ed1af5, 0xe7e8f208, 0x1702f503, 0x140005ef, 0x08fef310, 0x10fffbfd, 0xf301e005, 0x120e120e, \
  0xea08f412, 0x0c01f500, 0x01f0f2fe, 0xe2fd07fe, 0x1902da1b, 0x1504060d, 0x0608f908, 0xe8f1f10b, \
  0x0303f1fb, 0xf1fdf905, 0xfb05f7f2, 0xe2181b17, 0xdfe1f5d3, 0xeb12f6f5, 0x020af9e2, 0xe305f90e, \
  0x0c21e2d8, 0xfddce103, 0x0e1e00d9, 0xf1f2edfd, 0xf9fff0ff, 0x04060bfa, 0xd6cf09fe, 0xe20c05fa, \
  0x1904dafa, 0x0118fa08, 0xf2eff5dd, 0xf1f909f8, 0xfe0d0415, 0x0b011ff8, 0xfd07ea00, 0xf0050901, \
  0xe004110e, 0xe91b1906, 0xfbf7fa03, 0x0000fa18, 0xf91a0e00, 0x00000005, 0xfaff07f5, 0x02f6fcf1, \
  0xebe014f3, 0xfd1512f0, 0xfcf3fb0b, 0xfef006ed, 0x07fbd90b, 0x0eeefa03, 0x07060d0c, 0xf200fb0d, \
  0xf30c14f4, 0x05ff070a, 0x10020cf8, 0xf3eafc09, 0x15fd010e, 0x091300ff, 0xfe03f3f0, 0x150f08ee, \
  0x0bfcf615, 0x0200efff, 0xe9fc0e23, 0x0301fb06, 0x0000f9fa, 0x15f90307, 0xed13f3f2, 0xffe805f9, \
  0x0605f910, 0x07f914fc, 0xf6fdfb0c, 0xfbf410f6, 0xf5ea09f2, 0xfbfdf4fe, 0x0202f801, 0xf405f8f6, \
  0xfaf7f8fe, 0xf6f5f107, 0x1c0f10ee, 0xf4f7f3f9, 0xfffa0906, 0xe6f9f2ea, 0xfcf819f5, 0xff0affe7, \
  0x18feedfe, 0x0e0cfd0b, 0x03f004e3, 0x0cf603fe, 0x0efff2ff, 0x01070bfb, 0xfd000000, 0x000000fc, \
  0xfdfa0000, 0x50d8c0f0, 0x00000032, 0x160703de, 0xe0e21b07, 0xe8ff261c, 0xfefb08e1, 0x0a10e1ec, \
  0x02130bfc, 0x131b1d06, 0xfef5f116, 0xfb0ff703, 0x010a0206, 0x05feee1f, 0xf7fdfff3, 0x1af3fd0c, \
  0xea0f0df7, 0x06fff8de, 0x05fc0beb, 0xe415ff17, 0xf6dffbf0, 0xf2011304, 0x14000505, 0xfb1611ff, \
  0x12040114, 0x072a08de, 0xd2020df6, 0x0de4ecfe, 0x1602deea, 0xed070c07, 0xdcea1aff, 0x1107f8f3, \
  0x0616ef08, 0xd80cfb08, 0x050408ea, 0x04201018, 0xea101607, 0xfebb00ee, 0xfe0407f2, 0x03ff0d16, \
  0xeffe0710, 0xf8e6f916, 0xf701f703, 0xee0a1808, 0xf1f8ef0d, 0xfbeff4f2, 0xf117f0f7, 0x00f7170e, \
  0xf5f1f008, 0xfafdfbf6, 0xfa000000, 0x00000015, 0xfd010000, 0x50d8c150, 0x00000017, 0xfcc40cfe, \
  0xfff01302, 0xe30df326, 0xe8ee0c15, 0xdfeef4f8, 0xfc08fddd, 0x05e30dfc, 0x050cfbfb, 0xecf2efc3, \
  0xf00df506, 0xfc081407, 0x0bfe0b06, 0x010c0c27, 0x11b1f4ff, 0x0621f8e7, 0x0cf30300, 0x00000000, \
  0x000000fd, 0x13152212, 0x0becd8df, 0xba000000, 0x000000f2, 0xdafa0000, 0x50d90000, 0x00000083, \
  0x151e0d0b, 0x230d1121, 0xeb0cf1e7, 0x040111fb, 0xf219f408, 0xeae9f510, 0x1108e1ea, 0x1b051a11, \
  0x09eff5de, 0xfef318fa, 0x0503faec, 0xffecdf04, 0xef0af9ed, 0x0b110914, 0x15e2e715, 0x1120fc0a, \
  0x18030414, 0xeddf0205, 0x00fdeffc, 0xfa08daff, 0x0de61215, 0x1415f1f1, 0x00ecedf1, 0xf8fbe1f6, \
  0xfefa1c12, 0xe6f6fff4, 0xf1fe06f6, 0xf0ee110d, 0xe5e9ee15, 0x11f80ffe, 0x12eff92d, 0x16f60e0d, \
  0x12f90214, 0x01e5df0d, 0xf0ecfbff, 0x02ef04f3, 0x15f9160f, 0x0b25fff3, 0xfd050afd, 0x051a0b10, \
  0x1103f90f, 0xfa0b05fe, 0x05efef13, 0x180de60c, 0x16f6f3f2, 0x0df4dce3, 0xfcd81c41, 0x0e02f902, \
  0x08193010, 0xff14fb16, 0x23041e05, 0x05efe1ef, 0x180aebf1, 0x11e9e3f5, 0xd8fef70b, 0x17ecf4fe, \
  0xf5fe1a06, 0xd9eef3f3, 0xf701fdf0, 0xfce0160d, 0x0cdd0701, 0xf0fed9f0, 0xfb0707d7, 0x2be7060b, \
  0xe8fb09f9, 0xf116e4ee, 0xea16f5fb, 0xed0a03f8, 0xf8f02210, 0xffeb13f6, 0xee0603f0, 0x0404ec04, \
  0xfbe70af6, 0x09010901, 0x021217ec, 0x1d09f1f6, 0xede903f6, 0xf1131dfb, 0xfef70700, 0x000000f8, \
  0xc9ed000f, 0x061f0608, 0x000800f2, 0x05f80320, 0x0003fef4, 0x0ae9fcfd, 0x0aeef80e, 0x00170604, \
  0xfef1fe10, 0x120e04f1, 0x01070b06, 0xfff3050b, 0x04f508ef, 0x0812ff13, 0x0cfffb0b, 0x02f111fb, \
  0xf5fff211, 0x03f61318, 0xfbfb0df5, 0xfc0700f5, 0x03f6f1f1, 0xfd17ff0a, 0xeef90200, 0xfb000d0f, \
  0xece5020e, 0x0a06f605, 0x1fe7f60e, 0x17fbf410, 0xfef1fc02, 0x02f809ee, 0xf7050401, 0x00ff0103, \
  0x05fef3fd, 0x04050400, 0x0c15f9ff, 0x150b0604, 0xfef414fb, 0x0b11f0fa, 0xf8f7f7f0, 0x0411fbf3, \
  0xfffefeea, 0xf10a100a, 0xec00fcfe, 0x080500ee, 0xf9f004f6, 0xf6f90308, 0xf8ee0715, 0x0e040901, \
  0xfd000000, 0x000000f9, 0xf0e90000, 0x50d900f0, 0x00000032, 0x1adafce2, 0x020919f9, 0x02dfe903, \
  0x0702fd00, 0xf70012f6, 0x0302fa07, 0xed0603f9, 0x07faf307, 0x07f5f816, 0xfeed04fe, 0x00edf9f4, \
  0x0c09f700, 0xf80626f6, 0x14effef7, 0x04f0f7f7, 0xfcfb0afc, 0xea0d02fe, 0x04f6160b, 0x0b14f303, \
  0x050401f5, 0xf1e61019, 0x07080613, 0xfaecf3fe, 0x0904fafb, 0xf309ea15, 0xfe07d8df, 0x02f4f704, \
  0xfc0afce7, 0xfc09f900, 0x0dfbddf3, 0x14f2fe0a, 0x17fff1fa, 0x0ef001f4, 0xc011f0ff, 0x1aff0ae3, \
  0x03f3ee11, 0xe8d3e9e0, 0x0cf8050d, 0x08fdf0fd, 0x13ee15f7, 0x07ee0402, 0x04d7ed25, 0xd9f905de, \
  0xda1618ea, 0xe00deae3, 0x1c0106f4, 0xea13e7f7, 0xff000000, 0x000000fa, 0xfe030000, 0x50d90150, \
  0x00000017, 0x10f904fb, 0x26ed09fc, 0xff10fb09, 0x070e0bf4, 0xf3ebe816, 0x190ef8ec, 0x061b11f1, \
  0x1f19020f, 0x1cf51507, 0x16ef0118, 0x12f80714, 0x190e0efd, 0xf6110425, 0x08f5031e, 0x06150cd6, \
  0x0ffc0800, 0x00000000, 0x0000001b, 0xe6f4c408, 0x1e1fb607, 0x04000000, 0x000000df, 0x22e00000, \
  0x50d94000, 0x00000083, 0x09182606, 0xffe1dc08, 0x19efbd01, 0x0208f4f4, 0xd30b0b01, 0x040b0ffb, \
  0xf7fe0205, 0xf6f5fcec, 0xfffe0c00, 0xfedee0eb, 0xf4f1fd10, 0xf9f51418, 0x1e1f02f7, 0xf3e6efe8, \
  0xfbe20def, 0xf7e90919, 0xd81a07f6, 0x1415e607, 0xfe111f03, 0xf6f008f9, 0x20f707ee, 0xddcf160a, \
  0xeb03fef2, 0xfffc080d, 0xfffee7ea, 0xf915f4e6, 0x000123fa, 0x27f8f305, 0x11181e00, 0xdc1019df, \
  0xcdeaeb07, 0x0d2c0712, 0x02031ee7, 0x0606fbdc, 0xe72420f8, 0xe701fd03, 0xfbff1801, 0x1aeff903, \
  0xedf6f3ef, 0xfeff06f2, 0xfe11020a, 0x0e05f6e6, 0x00f6fd01, 0xfdef0328, 0xe0def815, 0xf0de0801, \
  0xf3011f01, 0x0a0c01ec, 0xe3eefceb, 0x2905daf3, 0xe3d6d2ee, 0x24fd0bf1, 0x03ecf8fc, 0x030518e9, \
  0xfa0709fa, 0xf6f0f5e4, 0xefff03fb, 0xed210111, 0x02ead300, 0xfbeee1e6, 0x080ceae8, 0xef0c0907, \
  0xfe0be901, 0x181b1216, 0x09eeedf1, 0xe3edf904, 0x0e03180b, 0x251c0b02, 0xedffefee, 0x0ef80aef, \
  0xfdd8fcfd, 0xfde0e81a, 0xfc011b0f, 0xeafb071d, 0x0007140f, 0xf2e7e7e4, 0xfef8fce7, 0xf4090cdd, \
  0xe3f8f800, 0x0000000a, 0x0501ece5, 0xff1402fa, 0x08fff906, 0xedfa02fc, 0xef0700f7, 0xf709fceb, \
  0x08e9fe13, 0xfef8060e, 0x0800ff0b, 0x160007fe, 0xe9240018, 0x02f4fd06, 0x02080904, 0xf10100f5, \
  0xfdf50305, 0x07fffee7, 0xfffa17fb, 0x140d0303, 0xf2040b0b, 0x1500f704, 0xeff7f605, 0x0a04fbfb, \
  0x0d01fafc, 0x0b1c0908, 0xfc10e6fe, 0xfd130d08, 0x02ffff05, 0xf70df6ff, 0x0e0e1005, 0x0710e6f1, \
  0xfcf9160e, 0xf209edff, 0x04fffee8, 0x13f915fa, 0x0a090d16, 0xec060efc, 0x0a020d02, 0x0a18f0f9, \
  0x0e180ef5, 0xfaf90003, 0x0313f720, 0x0df40dff, 0x05f90115, 0x2811eaee, 0x0702f90c, 0xf4fcfa0e, \
  0x060bf9fa, 0x050e0214, 0x1c000000, 0x000000ea, 0x10fa0000, 0x50d940f0, 0x00000032, 0x0b17eeef, \
  0x0000e30b, 0xe900fae2, 0xf109ef03, 0xf9ef100d, 0x03f000fb, 0xf6ee13f9, 0xf5040eec, 0xeaece8fc, \
  0xe702ff16, 0xfcfbed11, 0x0df6f4fb, 0x12060a28, 0xfbfb0505, 0xea040619, 0x02f820eb, 0x0b0d10fe, \
  0xff010008, 0xf508fecb, 0xe8fffd00, 0x19fce501, 0xfdf404fc, 0xe7eee309, 0x00e30f0d, 0xe31406f3, \
  0x09ff1b1c, 0x19f3eef7, 0x0ef1fbf8, 0xf012f3f8, 0xec03f3fd, 0x02ff0305, 0xf0d3fe05, 0x0501e418, \
  0xf604fdf3, 0x0bf8edfb, 0x100af2fc, 0x08121d05, 0x06f507e2, 0xe0130c03, 0xdb0718f0, 0xe805dd18, \
  0x1710f9d6, 0x05e401cb, 0x120a1902, 0xf6d90520, 0x03e8f214, 0xe6070821, 0x0e000000, 0x000000d9, \
  0x07190000, 0x50d94150, 0x00000017, 0x05f3e5fd, 0xceec0c04, 0x1a0bfbee, 0xee04e5f9, 0x0be1f5f4, \
  0xf61600f2, 0x0712d70a, 0xff101efd, 0xbefcf9dc, 0xe3f9e807, 0x0fdefc1f, 0xfdf90ecf, 0x22fa06ea, \
  0x01dbdb1a, 0xe0f2faed, 0xf5e41500, 0x00000000, 0x000000e8, 0xd3ba2625, 0xfe10b709, 0x21000000, \
  0x000000f1, 0xd0e10000, 0x50d98000, 0x00000083, 0x0708050c, 0x00ffd5d7, 0xc0061cfc, 0x0108e5cd, \
  0xd701000e, 0x0a0b06fe, 0x04efe81f, 0x3a0ff7f0, 0xf8f6fcfc, 0x0d040703, 0xfceac6f3, 0x0afafdd4, \
  0xec110105, 0x080302f5, 0x0a160001, 0xf3f7f9fe, 0xf6e0f910, 0x1205f700, 0x22f50704, 0xf90cfdf8, \
  0x1411fdf5, 0x05e6e5d6, 0xe70ff1ff, 0xeffdfe0c, 0x12f60fea, 0x080a1a0c, 0x16060103, 0xfa0407fc, \
  0xfa05fefc, 0xe7020c12, 0x06f9f61e, 0x0af30306, 0x101a1910, 0xfefdf5d3, 0xef1728fe, 0xf6f6fbfa, \
  0xeee7f203, 0x1009f6e2, 0xda1e1409, 0xfff1edee, 0x12021d11, 0x21261e17, 0x03071016, 0x0cfce8f4, \
  0x090af8fc, 0xe0dfe2d0, 0xebfaf600, 0x2018f701, 0xfdf80bf7, 0xeced06fb, 0x311c07f5, 0xe3022110, \
  0x2800e7db, 0xd4162112, 0x0aebf0e1, 0xe1fbfffe, 0xf7ebeede, 0xebfbd7e4, 0x01fff2f4, 0x1ee0eaf0, \
  0xf21bf2f6, 0xedfbfdfb, 0x04fcd8f1, 0x11fdfc02, 0xf1210913, 0x05efefd5, 0xe3f7fae5, 0xe4ef08f8, \
  0xe7e6ffe2, 0xf3f7f0ea, 0xfd030d03, 0xe6ccf912, 0xf5020906, 0x08070f0e, 0x01fa02e8, 0xfef101e2, \
  0xe7f8fff1, 0x020a04f1, 0xf7100a00, 0x000000e1, 0xf1ebfa03, 0x0910f10a, 0x02f408f8, 0xf6fd0bf5, \
  0xf4fbf107, 0xf3f804f8, 0x0508030b, 0x061a0803, 0xe8f10605, 0xfaf508ed, 0xf3f400eb, 0xeb03040c, \
  0x0104ff08, 0x1209e811, 0xfe03fe07, 0x0f0902f4, 0xecfe010a, 0x01fb0a05, 0x02ff14fd, 0xfa05f1ec, \
  0xf105ec04, 0x03fefbf2, 0x1df907f8, 0x0913cf1f, 0xf8ef0705, 0x0efb00f3, 0x07fdf809, 0x01f00611, \
  0x11fcf410, 0xf9f9030f, 0xfef614f5, 0xf9ffef0a, 0x0dfc0302, 0xee07fdf2, 0x08f90c0b, 0x08f70309, \
  0xf2ff00fb, 0xfaf803fb, 0x0c09f3f5, 0xff11fcf5, 0xfd12e9f1, 0xedf70c02, 0xe6030f01, 0xfa06efee, \
  0xea18fc13, 0xf10f09fc, 0x0bfd0df9, 0xec07eefd, 0x03000000, 0x000000f7, 0x00f60000, 0x50d980f0, \
  0x00000032, 0x09ef0cf6, 0xf6f50823, 0xf5040010, 0x090c0bf7, 0x0211fc02, 0xf01feefb, 0xff2403fe, \
  0x00f705f1, 0x22fef4ec, 0x07f6f808, 0xda16fc10, 0x0d10e9ee, 0x001702f4, 0xdf0a0dfd, 0x040403ff, \
  0xf90af8fd, 0xfb071206, 0xe2f41019, 0x0af6eee9, 0x18fff7ec, 0x151403f3, 0xfb0404e8, 0xf8f9f608, \
  0x061009f8, 0xe2f20816, 0x0be40012, 0x03091008, 0x251007ed, 0xea241901, 0xe70d16f7, 0x02fd0502, \
  0xf9f1ed0e, 0xecee0e1a, 0xf1f801f1, 0xf31718e5, 0xe32907fc, 0x06fffaf0, 0xeb0af7ea, 0xf80af10b, \
  0xf4f3f40e, 0x29f2faf6, 0x260d11ec, 0x062103f8, 0x15fb1ff3, 0xea0713ef, 0x12fb0613, 0x010a14e8, \
  0xf7000000, 0x000000e6, 0x1c070000, 0x50d98150, 0x00000017, 0x00eff511, 0xfce40228, 0xd7df07f6, \
  0x2c130aea, 0x15ef04f6, 0x0306dedd, 0x0acdf2f3, 0xe70af50c, 0x1ce02911, 0xe408fdd7, 0xf3db0bc6, \
  0x0df70614, 0xe6fc0406, 0xfddff401, 0x152ce1f2, 0x040e1d00, 0x00000000, 0x000000f8, 0xdad2130a, \
  0xde23161b, 0xca000000, 0x000000f8, 0xe8da0000, 0x50d9c000, 0x00000083, 0xfa00e604, 0x0318240f, \
  0xd20f0b0d, 0x06fef5f6, 0x07050206, 0x06f81809, 0x13c9e4fb, 0xf20112ff, 0x10dccde4, 0xf50122ee, \
  0xed0b06f5, 0x14f605ff, 0xf1fbf404, 0x03fecf02, 0xf5ec0603, 0x1b020afe, 0x0fe703f5, 0xf5d9e30e, \
  0x04010406, 0x05f7e3e7, 0xf0f11bcb, 0xf0d8f604, 0xe8cd090f, 0xfff3f9e4, 0x0f0221da, 0xefd3eee7, \
  0xc6d6fa09, 0x07e6fc0d, 0xf1eef9ed, 0x0a08fa06, 0x050fd707, 0x0cf1f4e7, 0xdffa1ff9, 0xe7befe09, \
  0xfed423e6, 0x0109fdf8, 0x1d00e8e6, 0xe4061c0e, 0x14ef0019, 0x200e02f1, 0x0cf106e3, 0xf00806ee, \
  0xedf0db00, 0x07e2e408, 0x27f5e804, 0xf81f030f, 0xe6f2d202, 0xe2c4f7ea, 0xec08f7f0, 0xfb090dfe, \
  0x0b0e0d14, 0xf10c1fe9, 0x02211525, 0xef0cfe0a, 0x06fb0719, 0x0df60404, 0xf71519fa, 0xdff7d6fb, \
  0xef011afb, 0x1301fbe9, 0xfefd12f6, 0x01feeffd, 0xff0a0bf3, 0xed0d01f7, 0xecfe0202, 0x080005e6, \
  0xeaf81408, 0xef07061d, 0xff0112f4, 0x0d120f0a, 0x16f50814, 0x15f502eb, 0xece6ed0a, 0x040e14e5, \
  0xdcfad40e, 0xde182bf4, 0x01f7fad7, 0xd7eaf616, 0x0418ea00, 0x000000e5, 0xe9ebf9e4, 0xfe031500, \
  0x12ebfff8, 0x08fb0ef8, 0x04ff05f8, 0xfcff01fa, 0x041903f4, 0xe40304fd, 0x0b01fe00, 0xfdf7f609, \
  0xf5fdf707, 0x0b13fe03, 0xf404f915, 0x0a00f8ee, 0xffeff811, 0x1a0ff502, 0xf2fc00fb, 0x02090606, \
  0x040718ef, 0xf701fcfd, 0xe8f8fffd, 0xe304ff0c, 0xf6fe0e00, 0x010bf30a, 0xff1407f0, 0xebf80007, \
  0x000602f4, 0xeefb0906, 0x15fbfef2, 0x09080306, 0xfe061c05, 0x18e50906, 0x15fe0904, 0xfe040201, \
  0xe9fdec05, 0xf410fd0b, 0x0b1604f9, 0xf6f90701, 0xfb05f4fe, 0x0602e7c9, 0x09f7f206, 0x09000205, \
  0x07feebee, 0x07f8e8fd, 0x060b031a, 0xfb180408, 0x05f60502, 0xf2040b0e, 0x14000000, 0x00000001, \
  0x15130000, 0x50d9c0f0, 0x00000032, 0xf30304eb, 0x100bf607, 0xfbe7ec14, 0x04fe0719, 0x14f80206, \
  0xfc02eafa, 0xf20908e4, 0xf1f7e807, 0x04fbf2fc, 0x02f3fe01, 0xfc0ef309, 0x15fae6f8, 0xfcfc1306, \
  0x03e80908, 0xfae4f113, 0x12ec0d1e, 0xd9fae312, 0x0ff7f6f2, 0x06fcefe1, 0xdcf5e3f3, 0x01fefafe, \
  0x08090c14, 0xfcebe9f8, 0x090d0d0a, 0xde11040f, 0xfb11f1f9, 0xedfd04ff, 0x0e0ef8f1, 0xfae10106, \
  0xe6e0d50a, 0xecf50df3, 0xfb05f7fe, 0x07f30205, 0x15f8fef3, 0xeb13ccca, 0x1104ee04, 0xf6edfbf3, \
  0xf905e4fc, 0x10f8fe05, 0x04e40ad3, 0xf606dd06, 0x0cf7ffeb, 0x0af5eaf6, 0xf2fa02b8, 0x070009eb, \
  0x0efbfa0c, 0xfd08e7f4, 0x0c000000, 0x000000f9, 0xf0f80000, 0x50d9c150, 0x00000017, 0xf30000e8, \
  0xd9f10b01, 0x0307f6fb, 0x1430f7f5, 0xd9f0e5fd, 0x2f13e61e, 0x13f1a91f, 0x1a090503, 0xf8f00823, \
  0xe2f508fa, 0x01f5ea15, 0x16faf802, 0x03eb0511, 0x25fbe327, 0xd3fd10f5, 0xfbe3f900, 0x00000000, \
  0x00000012, 0xd1dae52b, 0xe4f3cbed, 0xca000000, 0x00000038, 0xc5cb0000, 0x50da0000, 0x00000083, \
  0x08f1ff05, 0xf4eef0e4, 0xf2f121f8, 0x12fb10d2, 0xf10ef316, 0xe803ff0a, 0xf424f00b, 0xfed20fe0, \
  0xe7f2f608, 0xe5e5e806, 0xfbedf51b, 0xf2f8e50c, 0x0c070e0c, 0x05edfb03, 0xff0e0705, 0x17dcfbd2, \
  0xe7f31d14, 0x0606f502, 0x04c7e306, 0x0b1a1914, 0x14efe221, 0x0bf2e7ec, 0xfb03ea0a, 0x071f0310, \
  0xfc031c21, 0x02eff60b, 0xddd4fdf2, 0xec0b0504, 0x0efde803, 0xe4f01a07, 0x0314f0f4, 0x03e61103, \
  0x130e0816, 0xeae702f9, 0x000304f9, 0x08151813, 0xe227f5fc, 0xe3eafd12, 0xc7e6f628, 0x030a2124, \
  0xe8f0020d, 0xf9fb0a0b, 0x030df020, 0x01f40c09, 0x0902ff14, 0xfe09fe08, 0xf5ecdf24, 0xf637f219, \
  0x0bf42802, 0xe3efe5f7, 0xf9ed12ff, 0x1514fa03, 0xfc05ecf5, 0x0901edf5, 0xf5160d0a, 0x0b0bf725, \
  0x0f111706, 0x0a1607fa, 0x0f093c00, 0xe7151608, 0xf0f61302, 0x0308f5f8, 0x0414d8e7, 0x111afdfe, \
  0xfaec01ff, 0x08d724f6, 0xf6e119fc, 0x00fb0cfd, 0x08f82021, 0x10ebedeb, 0x16110bff, 0x00f51322, \
  0xe603fafb, 0x05e1fae8, 0x0bedfa0e, 0x19f9ec0c, 0x00f501fa, 0x0513f4fc, 0x01f3f000, 0x00000013, \
  0x1e0ef7f8, 0xf8fa130e, 0x06f0fcf2, 0xf2f4e3f2, 0xf7fbeaf8, 0xf90504fd, 0x00ef1a13, 0x0deff304, \
  0xfd1704eb, 0x10fc0004, 0xfb09f60d, 0xfb12f8ed, 0x050ef80a, 0x0bf622fe, 0x160200ea, 0x0206fcf5, \
  0x0cf104f6, 0x0409fa07, 0xf4ea0e16, 0x12e7f805, 0xf9f5f613, 0x07e20314, 0x040fdffd, 0xfb13fd0c, \
  0x061503fa, 0xed0a1007, 0x080a0ff2, 0x0c0ceafc, 0x0afa04fc, 0xff08e604, 0xfbf4fc12, 0x0cfe02fa, \
  0x080806f4, 0x00e7f1fe, 0x041f0816, 0x010feaec, 0x1010f9f4, 0x17f104f5, 0x06180af9, 0x07f0ed12, \
  0xde07f815, 0x0a020700, 0x020304fb, 0xfb0007fc, 0x05fbffff, 0x09efedf4, 0x03fbf614, 0xf9fdf907, \
  0x10000000, 0x000000fe, 0x0c0d0000, 0x50da00f0, 0x00000032, 0x0afd23d3, 0xf7fa060b, 0xd8dffafd, \
  0xfb170102, 0xe3d5f6fa, 0xfc01f20b, 0x0b0108e5, 0xfa020ce3, 0x1e1d0df1, 0x0afff806, 0xedf0e3f8, \
  0xf514faeb, 0x00f91e08, 0xe90a1105, 0x070b0cf8, 0xf2e50003, 0x1003170d, 0xf8cff4f4, 0x03e9f8de, \
  0xf50fe4f6, 0x041011f1, 0x1a10eff4, 0xf0f706ff, 0x0ff8f303, 0xe9f22112, 0xfa12ea13, 0x02f8f1f0, \
  0x160402fb, 0x1513040c, 0xf706ec09, 0x09f6ef10, 0xfae8f8ee, 0xf5efcae4, 0xf9f01ce5, 0x071c27e5, \
  0xea0d11f9, 0x0d03f906, 0x040a26ee, 0xef09090c, 0x220bff11, 0x06edfb05, 0x1107f90f, 0x020505fc, \
  0x0e040f0a, 0x0edc0f06, 0xf70d0afb, 0x03feda07, 0x16000000, 0x00000006, 0xdff90000, 0x50da0150, \
  0x00000017, 0x30fd04f2, 0x0dfef4ff, 0xe81b010d, 0x25ff18ed, 0x2513ef00, 0xf611ed0c, 0xe90ffd10, \
  0xf30cfed8, 0x1e190302, 0x0af72207, 0xfbf60ce7, 0x20cdfc23, 0xdbf92a0d, 0xf408f409, 0x1df90604, \
  0x12101200, 0x00000000, 0x00000005, 0xfbc8bbeb, 0xc9c3eace, 0xe6000000, 0x0000006e, 0x00c50000, \
  0x50da4000, 0x00000083, 0x15021205, 0x09042518, 0x1f28fee3, 0xf1050900, 0x0d110305, 0xfa130b15, \
  0xfbe1f722, 0xedf713fe, 0xe8f0e6e6, 0x12f7e904, 0xf4eaff06, 0xeccaf418, 0x051907fc, 0xf7f70917, \
  0xff0f010e, 0x1a0f070a, 0x350b29d9, 0xfbe50e1a, 0xcbe60c05, 0xfbfef9fc, 0xf2ec11f8, 0xd716fdfa, \
  0x00fc180d, 0x20fef401, 0xebe729ec, 0x0317dedd, 0xe0ec0425, 0x1c06fef7, 0xe6fd0329, 0xfe04ee04, \
  0x16f0e411, 0xdfe8f5eb, 0xdfe4f9c0, 0xf7211ef3, 0xfe23e1d8, 0xff11f1d9, 0xf8080b0c, 0xecf4f408, \
  0xf0f7e3d9, 0xe4edeb04, 0xebfd2a01, 0x0f030df4, 0xfb0802fd, 0xeae9e808, 0xecfffaf5, 0x05fef60d, \
  0xf3f409fc, 0xf3140209, 0xf4f0f3ee, 0xd2090415, 0xf408fcf1, 0xfaffefe9, 0x1101e6fb, 0x1306fc02, \
  0xfd0e030b, 0x16edff0e, 0x09010706, 0xcdff06ee, 0xdc0201e9, 0x18c8f509, 0xf00f15ed, 0xf1efebf3, \
  0xfff60b02, 0x12effa27, 0x0104fa0c, 0xf5e8000a, 0xf713f9fa, 0x071ef6ef, 0x060d1c18, 0x1408daf1, \
  0xf9231206, 0xddfcf5ff, 0xe7fdf5f6, 0x050402eb, 0xea08c7f9, 0xff001d05, 0x1505ff0b, 0x0ef7000c, \
  0x1bef0300, 0x000000ec, 0xf21bf4f7, 0x02f8f2ec, 0x07f5ee07, 0xef06f404, 0x0f03edf8, 0x07fd0212, \
  0x01faf918, 0x0728faed, 0x040c04fa, 0xe805fa01, 0x04fbff0c, 0xfcf703fe, 0x08f215f9, 0xf7041706, \
  0x0602ff08, 0xf5010705, 0x00fb0900, 0x04f9f8fa, 0x000ff4fb, 0xf70bff16, 0xf3061aff, 0x0405fefd, \
  0x010bfcf1, 0xed110bf0, 0xf6f8ff0c, 0xea1201fa, 0x030bfffb, 0x130112f4, 0xfdf40600, 0xfef5fe0c, \
  0xf0f6050e, 0x1a0bff10, 0xfef906f5, 0xf9f6e606, 0x18eee6f6, 0xe20eff09, 0x03ebe210, 0xf7f609ea, \
  0x0410f7f9, 0x010608ff, 0x0fe20401, 0x0608e61a, 0x0cf1fa21, 0x01fef400, 0x00f302f7, 0xf3fa07f7, \
  0xfe00fefd, 0xe209fbfd, 0x0a000000, 0x000000e7, 0x10130000, 0x50da40f0, 0x00000032, 0x00fedbf1, \
  0xfa000a15, 0xffe4071d, 0xfaf3eaf8, 0xfd130004, 0xebf70dfa, 0xec07fb01, 0x030415f3, 0x03de0e01, \
  0x0d030c0f, 0xe2df130c, 0xd3fb0704, 0x1a1be5e5, 0x150dfef7, 0xe10af7e2, 0xeff1212d, 0xe2d90b09, \
  0xf50604fd, 0x040cfef0, 0xfafaed02, 0x0bf61d03, 0x1b02fb18, 0x000edef3, 0xf204fd10, 0xfa00f6ee, \
  0x170afe02, 0x09eb0113, 0x19060905, 0x1d0407f4, 0x0f0209f7, 0xee0cfdfd, 0xe8f808fd, 0xecff040b, \
  0x10f1fbf2, 0x1ff606ea, 0xf503f403, 0xf7f307ec, 0x190cf2f1, 0xeef6e4fc, 0xf00000f2, 0xe408fefb, \
  0x0cfaebf4, 0x18f406dd, 0xf2fa140b, 0xebdfebfa, 0xeeef0d0f, 0xf804f108, 0xfe000000, 0x000000e5, \
  0x02050000, 0x50da4150, 0x00000017, 0x07db051b, 0x12ec0903, 0x140e0be9, 0x1b2ef9ec, 0xf5001cf3, \
  0xec0205ee, 0xf9f52504, 0xf1fa4919, 0x22fa24e0, 0xf82be80d, 0xfd060ffa, 0xeb35f61d, 0xefecd706, \
  0xdb040514, 0xf11d2b03, 0x0b081900, 0x00000000, 0x000000ff, 0xea2714f1, 0xe9cc1ed7, 0x00000000, \
  0x000000e9, 0xb6240000, 0x50da8000, 0x00000083, 0x12edf8f0, 0x13fa19ec, 0x01f91113, 0x13150600, \
  0xfc0ef90d, 0x29f812d6, 0x19e908f3, 0x090b11f9, 0x1117f0e6, 0xfe01f3ff, 0x0be6f1d9, 0xf31afa0f, \
  0x11f31705, 0x0109f0f1, 0xf9f503f1, 0x08f6f6d4, 0xd3ca161c, 0x0b0efcfe, 0xd8f2ff0a, 0x100d1cf6, \
  0x0015f9c6, 0x041408f4, 0xf51018f8, 0x09df0519, 0xf2f9ea09, 0xf1ff1809, 0x01061613, 0xf8f9f610, \
  0xe8fbf725, 0xf0eaeaec, 0x13f6250d, 0x08dc0f07, 0xf9191401, 0x0ce9cb12, 0xe10901f3, 0xf9f5fff1, \
  0x0ff7f50e, 0x0de60903, 0xfafdf4fa, 0xff12ece1, 0x1605cf17, 0x1f0d10fb, 0x190e0d0f, 0x06f1f4c4, \
  0xfbfefefc, 0x061d0a01, 0x06e70f0b, 0x0207f7d3, 0x04fefae3, 0xfdf9fb01, 0xfb0d0812, 0xf5fb0f0b, \
  0x2c13f5fd, 0x03f60906, 0xd6f5eb18, 0xf703d1d9, 0xf10bf401, 0xf4fb0efb, 0x110f0dc5, 0xfdfbf3f0, \
  0x0efaff02, 0x0b0efee0, 0xe3e5ffe9, 0xff090402, 0x13ba0e0d, 0x0115f71c, 0xfe17ecfc, 0x00faeffb, \
  0x0417e0f5, 0xf4d8fa16, 0x131b02f9, 0xfbfafbe4, 0x0e090a10, 0xdad0c9d3, 0xf802091e, 0xeef0e8f4, \
  0xf8161afc, 0xfff0f1f1, 0x0afc0500, 0x0000000e, 0x0fec0610, 0xfb10040d, 0xf5f7efee, 0xfd1002f3, \
  0xf3e9fbfb, 0xfef201fb, 0xfa12eef7, 0x1801fdf0, 0x0ff9f7f5, 0x03f202ff, 0x020efef5, 0x0c11effa, \
  0xfdfdfde1, 0x060efefd, 0x040ef9fe, 0x02f10b21, 0x0c15f202, 0xfbfbf001, 0xf6ec030c, 0xfa080efd, \
  0x1517f601, 0x00fcfdec, 0x12faf807, 0xe902eff9, 0x000917eb, 0xfe0df206, 0xf910f101, 0x00fdfaf5, \
  0x1308fc0f, 0x05faffff, 0xfcfbf909, 0x1109f702, 0xf0eb0413, 0xf1f6fdf4, 0x0bfb08f8, 0x03ff00ff, \
  0xf8f807f7, 0xecfd0f00, 0x0de4fefe, 0x06070c02, 0xfdfafff3, 0xf2001600, 0x05f41213, 0x0105fef9, \
  0x0a02020c, 0x04fbee01, 0xf2fdfeeb, 0x1315f704, 0x07000000, 0x00000003, 0xeffb0000, 0x50da80f0, \
  0x00000032, 0xefeb00ed, 0xfa060f0e, 0x07ea0e0b, 0xff0604eb, 0xf70ffd0b, 0xfdf8ecfc, 0x1ef0f707, \
  0xfc0cf21b, 0xfacf2319, 0x0c0a15e6, 0x0104fd09, 0xd122070f, 0xfc03ffe5, 0x17f90408, 0xed020116, \
  0xd7e4050f, 0xebf8eee1, 0xfb0e0011, 0x0ff2eaef, 0x05ffe503, 0x0d0f0301, 0xee07fd04, 0x0c0a1109, \
  0x1be9091b, 0xe8f9f510, 0x03e901f4, 0x12e6e30e, 0xf712fef6, 0x1a03f1ff, 0xedf9f705, 0xeff80013, \
  0xd00e0c14, 0x1106e9f1, 0xd1130fed, 0x030201fc, 0xf6041413, 0x19fdee08, 0x0014f40a, 0xf5fe0101, \
  0x0409f010, 0xe6efed01, 0x0df4090e, 0xf90501ec, 0xebf7f6fc, 0xf1ee0e08, 0x0f16fae2, 0x151cf00f, \
  0xf4000000, 0x000000f8, 0xf60a0000, 0x50da8150, 0x00000017, 0x1ef2efe1, 0x14fd19cb, 0x1801e1ee, \
  0xebf91904, 0x0c192710, 0x1217f8f8, 0x0c0b12ec, 0x08e907fb, 0x0919dbe4, 0x1b09011a, 0xddf30203, \
  0xe5f8ca04, 0xee061420, 0xf72a0dea, 0x08dd190b, 0x110bf600, 0x00000000, 0x00000002, 0xc2cbded9, \
  0xcfafe5e7, 0xcd000000, 0x0000006d, 0xb3150000, 0x50dac000, 0x00000083, 0xf90ef20e, 0xfc0ad8f1, \
  0xfcff23fc, 0xd802f6ff, 0x0dfa0617, 0xfaf503f9, 0x190f08e1, 0x0bf6eefa, 0xe5d801fa, 0xf2fff8f3, \
  0x020e03fb, 0xf1fd1809, 0xef02e715, 0x1cf4f30a, 0xf2f004e1, 0xff1ce9f5, 0x0011fefe, 0x05f508ff, \
  0x2b1811fa, 0xf3f2ef06, 0x10dadcda, 0x03e6c3dc, 0xd3180ff2, 0xf8eef815, 0x10dd1c0c, 0xfb11fbe9, \
  0xf90b0c0a, 0xf502f1f6, 0xfaf4fc19, 0xd7e3180a, 0x13ff1101, 0x08cde7e9, 0xf1f7f81d, 0xfe070bfa, \
  0xecf9ef0f, 0x11ecee0e, 0xfdf9f8fa, 0x0002f9fa, 0xf715fd09, 0x09f2f0f3, 0x18eeed05, 0x1a0e1beb, \
  0x07fbf4d1, 0xeded0d1e, 0x0dffecea, 0xf7e1190e, 0xec09fdf3, 0x0b131804, 0xedfb190b, 0x0ee4160b, \
  0x0d02d0d7, 0x10e3dc0a, 0x01f1f016, 0xf5f8eee9, 0x0e29fc05, 0x02f6090e, 0xfcede3e4, 0x0006230c, \
  0x0a0e18f2, 0xfd0bfff9, 0xd310de03, 0x0dfcf5fc, 0x08f521bb, 0x161205da, 0xd90700ee, 0xe6fdec1b, \
  0x06e9fd19, 0xf314ee04, 0xfe0de902, 0x121af804, 0xfae0eee4, 0xeb1d1ffb, 0xfa08110b, 0x0400df18, \
  0x15fe12f6, 0x11f70101, 0xf9ef1a02, 0x01f6110c, 0x2811eb00, 0x000000da, 0xe600fa26, 0x08e9eff6, \
  0xfa1b0cfd, 0x01020ff0, 0x05f5f70d, 0x00020505, 0x03f3f4f4, 0xf9f312fa, 0x0bf3fdf9, 0x06f8f50e, \
  0xf915f413, 0x12ec1000, 0x11f5f50d, 0xf705df03, 0x0604f9fe, 0x030f19fc, 0xfd0ff3f6, 0x04fcf7fe, \
  0x020efaea, 0x0b02e613, 0xf901f3fc, 0xf7fe0416, 0xf4f90b05, 0xfcfa09fd, 0x0a0dfa04, 0xf901020e, \
  0xeff3ea0a, 0xf3ee01fb, 0xfb110406, 0xf2da00fb, 0x15f8f8fa, 0xfb05f4fa, 0x07060af3, 0x07eff2e1, \
  0x04fdfaf8, 0xfd03fefa, 0xf9f9fc07, 0x0500f403, 0xfff20304, 0xf2f90103, 0x01e601f2, 0x1614fa1e, \
  0x04feffe3, 0xff040f07, 0xfdd4fc0e, 0xea030f06, 0xfef405f9, 0x06050408, 0xf4000000, 0x00000000, \
  0x07fe0000, 0x50dac0f0, 0x00000032, 0xfef4f9ee, 0x0cf2f40f, 0x11fe0007, 0xfe0d1cf3, 0xfefa10df, \
  0xeff6f015, 0xfde4e204, 0xf510e6ea, 0xeb05f8e8, 0x08f51ffb, 0x0efcee07, 0xf0f3ef04, 0xe6ea1615, \
  0x09fdddea, 0x26eff023, 0xf7f7f9fa, 0x0702fb0f, 0x030d09f8, 0x050e09ff, 0x03fefb01, 0x05f80908, \
  0x0ae50cfd, 0x0109fc06, 0x0e0c13f9, 0x1cfaec1c, 0x0af9e7eb, 0x010fe7f0, 0x030212e1, 0x05f80b02, \
  0xeeeaf508, 0xe0020602, 0x0906e811, 0x0f01f9ee, 0xd8f407fc, 0x0806f6fc, 0xfef3ec03, 0x091200f5, \
  0xea06000a, 0xf1eeff04, 0xeb0df90a, 0xfff6fe1d, 0xbffa0427, 0xfb0103e3, 0xfb0afc01, 0x0fef1337, \
  0xf9effaf3, 0x061af004, 0xf7000000, 0x000000f0, 0xe6110000, 0x50dac150, 0x00000017, 0xf4fd1411, \
  0xf810dd14, 0x0ff41301, 0xeb10d5e7, 0xe6f0e7f8, 0x01d8f41d, 0xfef4e419, 0x12e12e0a, 0x03e80727, \
  0x15041b02, 0xfd07efef, 0x1c0e18fc, 0x05f1faf7, 0xf6f6f819, 0xecce18f7, 0xf7e8f600, 0x00000000, \
  0x0000000f, 0x1eecee2c, 0xd02dd7f2, 0xed000000, 0x000000e7, 0xd80d0000, 0x50db0000, 0x00000083, \
  0x15ff0b1c, 0x0416dbfb, 0x09f414eb, 0x0315efe5, 0xfde41708, 0xf705f305, 0xf92beaea, 0xe8edf322, \
  0x2b090003, 0x1b14d200, 0xf8eb1df4, 0x11f5f009, 0xfb0f0b0d, 0xeddad5fb, 0xeff30707, 0xe0e20910, \
  0x030e290b, 0x25e71dff, 0x21fafa12, 0xfdf5ff06, 0x0e20ca1e, 0xf9e30808, 0xfd0400eb, 0xe923ec08, \
  0x03ea22e2, 0xf719eaf8, 0xe008ff0c, 0xfe181703, 0xe40f1a1f, 0xe4dcfe13, 0xe9d8d0ee, 0xf2e7f2f9, \
  0x0c070e26, 0x0cf0e90f, 0xe814f90c, 0xf8fceb00, 0x06f515ec, 0x010b0104, 0xf9e6dce6, 0x0af8eee9, \
  0xf9e6f800, 0x0c11f8f2, 0x00fd0f08, 0xf2e6e1dd, 0xfcd9fbfe, 0x0defebe5, 0x14260de2, 0xd917f412, \
  0x02d6f921, 0x171cfae6, 0xe2eecff2, 0xfd2defed, 0x010e0cf2, 0xf31914f9, 0x0501ed0f, 0xf405f8fa, \
  0xfbf7fcec, 0xfc07dfd3, 0xfd0a1711, 0xd705f50b, 0xf9eaf4e8, 0xe0e81302, 0xfc0b19eb, 0x1304fada, \
  0x2308edde, 0xd401da1c, 0x00f1020d, 0x09f6f4ec, 0x0bd7fbfe, 0xd2faeb06, 0x00eeffff, 0xdbf90814, \
  0x0c08effa, 0x11d91f15, 0xfd0906c8, 0x18e90aeb, 0xf9fd0110, 0x15021705, 0xef02d200, 0x000000fb, \
  0x081f0df9, 0xf403fd09, 0x1ef5ec01, 0xf40dffff, 0x0611edfc, 0xf1f60007, 0x020ae5eb, 0x09f71611, \
  0xfcf00f0b, 0xfdff0cf7, 0xfa0803f3, 0x02f8eb09, 0xfefcf60e, 0xf80afa08, 0xf90b06ee, 0x0304eefa, \
  0xfe1ff4f3, 0xf5011500, 0xff0011f4, 0xf4090304, 0xfb04eef1, 0x04020605, 0x130df9fd, 0x05f20905, \
  0xff070af5, 0x14f6f7fe, 0xfe060cf3, 0xeded1c0b, 0x0409fcfd, 0x05fd070b, 0x01ff0900, 0x0806db09, \
  0x09f70806, 0xfa1105fd, 0xf6060705, 0x0bf2e5fd, 0x020ce709, 0xf414f507, 0x37dcedef, 0xfcf80628, \
  0x0dfeef02, 0xfff20614, 0xf8fef40d, 0xf604030c, 0x01fffe07, 0xf7f1fc05, 0xfd0802f7, 0x0f0af907, \
  0xfb000000, 0x00000004, 0x06fc0000, 0x50db00f0, 0x00000032, 0x0f00f105, 0x0017140d, 0xfe1df105, \
  0xf2ff08ed, 0xea0c0000, 0x0104e80a, 0x0efcded4, 0xd9e9f7e6, 0xf41610ec, 0x0505ecfd, 0xfd08ffe4, \
  0x001809f9, 0xfc0cf70c, 0xf5df02f8, 0x09f403fc, 0x11fef819, 0xf7c8e412, 0xf5eefef2, 0xf609f7f9, \
  0x00f1f50f, 0xfeee0bf1, 0xfbf60c04, 0x0cf00002, 0xed10f701, 0xfaeee502, 0xea03f0f2, 0xd80a00f8, \
  0xf407ef09, 0x0dfff7d7, 0x03fced0c, 0xff0cf9fe, 0xf3f318f1, 0x00ea0d19, 0x0101ef0e, 0xf4ea05fe, \
  0x150cfdec, 0xf3ebec06, 0xdb0e09cb, 0xfdffea02, 0x0b06f616, 0x1907ed14, 0x06f41a02, 0xf209ce0e, \
  0x13fc0d0c, 0x08f6eef0, 0x1bff0aff, 0xfbe5fdee, 0xf9000000, 0x00000004, 0x08ec0000, 0x50db0150, \
  0x00000017, 0x290f01f0, 0x090c08e8, 0x051200eb, 0x0d0b0a0b, 0xef01f109, 0xf2e60cee, 0x1a161ad8, \
  0x1bf3fcfa, 0x1a0af633, 0x0721e000, 0x1608eb1b, 0x0104f41e, 0xf5290ed8, 0xfe1407f9, 0xf70b0706, \
  0xf009ee00, 0x00000000, 0x00000014, 0x0628efdb, 0xd2271be8, 0xf8000000, 0x000000e5, 0xdad00000, \
  0x50db4000, 0x00000083, 0x22f6f1eb, 0xddecd9d9, 0xeb0c03f6, 0xd7dce907, 0x052c1906, 0xf3ec0309, \
  0xf5f221e6, 0x01ece206, 0xfe02010d, 0x1600ed02, 0xff1ae605, 0x06fd0513, 0x0d25fbed, 0xe7fe02fb, \
  0xfc03f506, 0x0c05f5ea, 0xfe201c0f, 0x0fd5f409, 0x23f5f1ed, 0x0608f400, 0xfd08f8ce, 0xf4edebe6, \
  0x1809fbeb, 0x0711d70f, 0x13f5ebfd, 0xd00703ef, 0xff110718, 0x11edf9d9, 0xd7061f15, 0x04050c15, \
  0x12110a04, 0xf0fce6f3, 0x020d29ed, 0xf3f902f0, 0xf3eaf104, 0x040b0a0f, 0xdef61515, 0x02060706, \
  0x04ede8fd, 0x04edf821, 0xd8f3d404, 0xf4f7e6f9, 0xe3dde714, 0x150b170b, 0xdd0606de, 0x12f00602, \
  0xfae1d622, 0x0cf61610, 0x4b250af5, 0x0022ff0f, 0x09eeebf8, 0x03d70def, 0x050e00fc, 0x14021d1c, \
  0x05fd1500, 0x090b16fd, 0xf9f301f8, 0x072f28f4, 0xf3e81b0d, 0x08f8ef05, 0xf708ee00, 0xfc0defe5, \
  0x03f404ef, 0xe3f8fb14, 0xf70504fb, 0xfdf61611, 0x1cfb0d25, 0x1710fcfb, 0x100ef00f, 0x0f08e21d, \
  0x1bfdeb0e, 0x06050df6, 0xf2eeeef9, 0xfc14fc12, 0x270202ef, 0xfd24fe04, 0xfdf80df5, 0xf50d0bf0, \
  0xebdd0800, 0x00000026, 0x010103f6, 0x04fdf3f2, 0x040af5f6, 0xf7eefcfc, 0xfef108fe, 0x05fef706, \
  0xfe0eecfb, 0x05e601fa, 0xff0816f3, 0x0a09fcf0, 0xf3040a0e, 0xfbfbfe02, 0x070003fb, 0xebfafce9, \
  0x1e03f8f5, 0xfcf81401, 0x11fefdfd, 0xff02f705, 0x13e5ec16, 0x020f00ff, 0xffed0817, 0x00feeb0d, \
  0x14f7fef2, 0xf806f5ef, 0x01f1f610, 0x08050009, 0xfeff0706, 0xfce70404, 0x05020300, 0xf4ecebfc, \
  0x07fc0315, 0x00ea01fb, 0xf20b080a, 0x07f2fe06, 0xfc090a01, 0xf0f600f8, 0xf216f1fe, 0x020b06f6, \
  0xee010404, 0x03190bf7, 0xf6f416f7, 0xf007f5ea, 0xf314f60f, 0xfe21fe0e, 0xf3180a01, 0x020308ef, \
  0x01f6e00a, 0xf805fc0b, 0x05000000, 0x00000008, 0xf20e0000, 0x50db40f0, 0x00000032, 0xfd1eef0e, \
  0x03e00804, 0xfdfb1afe, 0x0c01f607, 0x0709ff16, 0xf003f5f4, 0xf909efee, 0x11fdf00e, 0xeff713ef, \
  0x0b0406f8, 0xf804071f, 0x0309f3fc, 0xffea13e8, 0xed01ecec, 0x12eee7fc, 0xf8051be0, 0xe1170bf3, \
  0x08e41cf6, 0x03e3e9ed, 0x0a010214, 0x0dfaecfb, 0xf6f3150b, 0x01fefb09, 0xf609fb07, 0x070a0d0a, \
  0x0bf5f0f5, 0x23f1f9fb, 0x06fef4f0, 0xfb0802f8, 0xf3110904, 0xff101826, 0xe9f917ff, 0xe4efeefa, \
  0xdb040002, 0xe5f9f4f5, 0x0c09f5ef, 0xf703fe05, 0xf8ec04fa, 0x120c0a17, 0xfffafbe8, 0x1c0f09f9, \
  0x0901080b, 0x16fbd6fa, 0xfafcf104, 0x0b08dbf0, 0xec0407fa, 0xff000410, 0x13000000, 0x00000003, \
  0x0cf80000, 0x50db4150, 0x00000017, 0xff06dbfd, 0xf9ef1cf2, 0x0e191bf7, 0xe4111ed5, 0xd1fb04fe, \
  0xfd0efadf, 0xfffeee04, 0xf2071201, 0x0ee908d9, 0xeb10d4fc, 0x2fe00011, 0x1b0c18dd, 0x1efefadd, \
  0x14f10f16, 0x0e0bfabe, 0x0e212100, 0x00000000, 0x000000fa, 0xb8eec6de, 0xe90ce21e, 0x03000000, \
  0x000000f2, 0xd5210000, 0x50db8000, 0x00000083, 0xeae00aed, 0xf00706e7, 0x0806cf0e, 0xdfe5eefc, \
  0xf0fb0bf9, 0xff09fc06, 0xe6f5080e, 0x2d0e05f1, 0xed01010a, 0xfcfcf3ef, 0x0b260fea, 0xe408f6ec, \
  0xe50904f8, 0xf704e30f, 0xfe0c19eb, 0xe917f504, 0x03ea07f8, 0x04fbf905, 0x0cea08f4, 0x0d21ffdf, \
  0x0d13fc00, 0xdf363be9, 0xe909fc0d, 0xf70a05fb, 0x16e709ef, 0x050bf8ff, 0x0600e0f4, 0xf1080fe5, \
  0x090ee5df, 0xf7f3000f, 0x1ef3e31d, 0x28060709, 0x091303d9, 0x030ce8e2, 0xff080617, 0x06ebdd11, \
  0xd6c2f108, 0x1d08f3f1, 0xcb1704f8, 0xf208e4d4, 0x1df01bfe, 0x270a07e0, 0x080907f2, 0xefdd072a, \
  0x0af40103, 0x090710f5, 0x2304d0f3, 0x02e7e521, 0xfbe9f6fe, 0x16fd08ed, 0x1f1100f0, 0xf90bff02, \
  0xf90603eb, 0xcbfefe05, 0xfdf90e07, 0xdaf7fb01, 0xfff702e8, 0x0007fef2, 0xe7eee7ff, 0x08f500e8, \
  0x011fe7f0, 0x030508fb, 0x001213fa, 0x14edf3ed, 0x160de5ea, 0xfcec15f3, 0xfc03f30f, 0x09f1fdf5, \
  0xedeafef1, 0x0b01f4e3, 0xf9f708f0, 0xefd9fd14, 0x131a19f5, 0x1601ebf2, 0xe7ed272b, 0xf3e3eae6, \
  0xf005efef, 0xf20d0414, 0xefefea00, 0x000000ec, 0xf50af013, 0xfe10ff02, 0x08010cf3, 0xfceb17f8, \
  0xf2dcf9f8, 0xfbf800fd, 0x01fbfffc, 0x07f50a00, 0x07ecfff1, 0xf8fcfa08, 0x0508fbff, 0x120a09e1, \
  0xfff7e0e1, 0x04faf0f3, 0xf1fe0008, 0xedf802fa, 0x06fce60a, 0x0ef51508, 0xfe060ff1, 0xf901fcf3, \
  0x12fdfbf0, 0xff14fce2, 0xf218f308, 0xf4e400f2, 0x000a0814, 0xfbf9e8f6, 0x0902f50d, 0x01f9040c, \
  0xf5fdf707, 0xf5fdf2f7, 0x0f0606f3, 0x09010f03, 0xfff60104, 0xf4000be7, 0xf01afbf6, 0x03f3fa08, \
  0x0c06f9ea, 0x07f1eb02, 0x0aef09fa, 0x0106ed04, 0xfdeefd11, 0x04f2ec03, 0xfdfd00f4, 0xfbf80af7, \
  0x150309fe, 0x09faf4f9, 0xfeec04f7, 0x01fff3e6, 0x04000000, 0x00000005, 0xff020000, 0x50db80f0, \
  0x00000032, 0xfee80211, 0xd0d50e0b, 0x0df6eff9, 0xf8f80105, 0x0009f8ee, 0xfffefae5, 0xfbeef700, \
  0x0a0312fc, 0xef2cf8d7, 0x10e8e402, 0xfc0af1fd, 0xffff0cf0, 0x08fce3fb, 0x1bf51303, 0xf617eff5, \
  0x05faf3ea, 0x0afdeee5, 0xefed0cfe, 0x02fb0002, 0xfdeaeae6, 0x04061be6, 0x20f5dc00, 0x01d808ed, \
  0xefe6f7f7, 0x1e071714, 0x00f9f8fa, 0x06fb0604, 0x0e020eff, 0xeff20005, 0x08fcec07, 0xecfedd06, \
  0xfafe12f5, 0xe301f3f5, 0x00f8e801, 0xf7f2fbde, 0xf00ae6d4, 0x23ff0bfc, 0xfcfefd06, 0x050bfaf7, \
  0x0bfdf80e, 0x02f80aeb, 0xfe1102fe, 0x0d09effd, 0xeac7f4f4, 0xf00c01e8, 0x03fefdfb, 0x0fe9f4ee, \
  0xf9000000, 0x00000017, 0x0adc0000, 0x50db8150, 0x00000017, 0x1908f6ea, 0x30f416d9, 0x061af5ea, \
  0xf50807fb, 0xf1efe70e, 0xe2ff0ce4, 0x0a0422de, 0x13f60b00, 0x11f5f81f, 0x0821e8fa, 0x02001212, \
  0xed16cd06, 0xf91bd40d, 0xe50cf7e8, 0xef1efbfc, 0x14f9fd00, 0x00000000, 0x000000f6, 0x1a03c7e9, \
  0xdb1c23ca, 0x12000000, 0x0000000d, 0xd1dc0000, 0x50dbc000, 0x00000083, 0xf0e31420, 0x1dd30411, \
  0xece01bfe, 0xfefcf706, 0xf5031c1f, 0x0c1a1d02, 0xfb0b04fe, 0x22e4070f, 0xf409faee, 0x1506f8e5, \
  0xdc1f1a1c, 0xfec01700, 0x0cffed05, 0xfcf8f4dd, 0xe51af6e7, 0xe5fede07, 0x00ff0c05, 0x13cee9f5, \
  0x05f7e706, 0x0af4fa1a, 0x2829f010, 0x0d19f111, 0x0a0d040f, 0x01e40404, 0x04cff5cf, 0xe50cf4e7, \
  0xfd0a0a0f, 0x0712fd02, 0xf907f9fc, 0x33fe0a15, 0xfedff30b, 0xf4f0f1e8, 0xd506e6db, 0xefffd9f3, \
  0x16eadb27, 0xfe11f0f6, 0x180805dd, 0xea0b0e13, 0xe9ee0e0e, 0x0f0a110e, 0x0ee6fbf4, 0xf207031d, \
  0xdfc4f30e, 0xedffe9fc, 0xdaeff7ed, 0xfdf4d5f1, 0xf30b14f2, 0xe726ec03, 0x0fecdaf3, 0x0c020bf2, \
  0xcfdef4fc, 0x0ae912e3, 0x10090812, 0x02fbe8ff, 0xfa19fd18, 0xf7112a10, 0xebe500fe, 0xe8fef0ff, \
  0x020be005, 0xdcd726e3, 0xeeec1a0b, 0x0bfcf3ee, 0xfbf5f024, 0x02f7070d, 0xdcf3f2ea, 0xec0e1701, \
  0xf7fbf1e4, 0xeff70400, 0xeffa0fcf, 0xcee2e908, 0x0dfd05fe, 0x020313f4, 0xdfddfafb, 0x1004e523, \
  0xf81b0819, 0xe2e4e407, 0xf0e8f7eb, 0x04fb161a, 0xf6f5ee00, 0x0000000e, 0xff03f604, 0x07f4f6fd, \
  0x03ff1602, 0xfd051d07, 0xedfa0a01, 0x0ce5fcf2, 0xf304f3fd, 0x11fd0a01, 0x08e9060b, 0x0af904f6, \
  0xea0c0ff9, 0xf40505f9, 0x19f0fb01, 0x1507f507, 0xfc00ee24, 0xfe0a02f4, 0xfbfcebf7, 0x1ff6fd0d, \
  0x0a02f7fb, 0x10f9f201, 0x07f8090a, 0xf4f502ed, 0xf210010a, 0x030f1110, 0xf6fdf309, 0x06f9fafa, \
  0x030103fd, 0xfd0afa06, 0x04f90a04, 0xf70010ed, 0x0aff0800, 0x0104ff0a, 0x0a0316f7, 0xee0df402, \
  0x0ff5100b, 0xff06ef13, 0xf80800f8, 0xf3d80003, 0xfee40b04, 0xebfa0b0c, 0x05030d01, 0x0ef917f9, \
  0x06f4f5fd, 0x1bf6e8e3, 0xee05f502, 0x050bef07, 0x17f60302, 0xfbf802dc, 0xf1000000, 0x00000000, \
  0x11070000, 0x50dbc0f0, 0x00000032, 0x02191101, 0x00070602, 0xe2e71b02, 0xedf203e8, 0x0cee06f2, \
  0x0ef7e706, 0x1501e719, 0x0ffaf706, 0x13200dd5, 0x010c09fb, 0x0a0ce80c, 0xf5f1f1f2, 0xf2f810d7, \
  0xf602faf2, 0xf8fdec17, 0x0d0ff5f0, 0xe5ff05e2, 0x08ee06f8, 0xf502fdf6, 0x08f41204, 0x030dfdef, \
  0xf8120c1e, 0x0615e8f9, 0x07021211, 0x1bf8060f, 0x1311eaf5, 0x1feefdf6, 0x0bf604fd, 0xfa02d808, \
  0xdb06ef0e, 0xfdf701ee, 0xfc02fb19, 0xfaf9080d, 0x1401f60a, 0x08f7f90a, 0x18df09ff, 0x11fadff7, \
  0x0114fdfa, 0x1ff3fd10, 0xfeeb0803, 0x01f2f9ff, 0xeff7e515, 0x09ff0dea, 0x040b1e14, 0xfa0adbf0, \
  0x2aeefbe7, 0xe81af709, 0x01000000, 0x0000001e, 0x0af70000, 0x50dbc150, 0x00000017, 0x0b09d10c, \
  0x100317d5, 0x2efa10fe, 0x0910f9dc, 0x0a062efa, 0x00f807ed, 0x10d50801, 0xfcf423f3, 0xcdfff300, \
  0x1307ed0c, 0x0bcff9ee, 0xdd16de06, 0xf2ef07fd, 0xd41d0bdc, 0x04f0f211, 0x01ea1e00, 0x00000000, \
  0x000000d4, 0x111eddbb, 0x14e3b40f, 0xfd000000, 0x000000f5, 0xe5f10000, 0x00000000 \
}
