time_ms,time_relative_ms,current_ua
18518.21,-193.84000000000015,21634.844
18518.22,-193.8299999999981,21442.066
18518.23,-193.8199999999997,21779.512
18518.24,-193.80999999999767,21731.279
18518.25,-193.79999999999927,21683.059
18518.26,-193.79000000000087,21345.729
18518.27,-193.77999999999884,21875.996
18518.28,-193.77000000000044,21586.637
18518.29,-193.7599999999984,21779.512
18518.3,-193.75,21779.512
18518.31,-193.73999999999796,21779.512
18518.32,-193.72999999999956,21827.75
18518.33,-193.71999999999753,21779.512
18518.34,-193.70999999999913,21683.059
18518.35,-193.70000000000073,21924.252
18518.36,-193.6899999999987,21634.844
18518.37,-193.6800000000003,21875.996
18518.38,-193.66999999999825,21297.57
18518.39,-193.65999999999985,21731.279
18518.4,-193.64999999999782,21538.439
18518.41,-193.63999999999942,21827.75
18518.42,-193.63000000000102,21634.844
18518.43,-193.61999999999898,21490.25
18518.44,-193.61000000000058,21538.439
18518.45,-193.59999999999854,21731.279
18518.46,-193.59000000000015,21779.512
18518.47,-193.5799999999981,22020.785
18518.48,-193.5699999999997,21972.514
18518.49,-193.55999999999767,21875.996
18518.5,-193.54999999999927,21779.512
18518.51,-193.54000000000087,21779.512
18518.52,-193.52999999999884,21586.637
18518.53,-193.52000000000044,21249.422
18518.54,-193.5099999999984,21683.059
18518.55,-193.5,21972.514
18518.56,-193.48999999999796,21779.512
18518.57,-193.47999999999956,21875.996
18518.58,-193.46999999999753,21875.996
18518.59,-193.45999999999913,21779.512
18518.6,-193.45000000000073,21683.059
18518.61,-193.4399999999987,21779.512
18518.62,-193.4300000000003,21683.059
18518.63,-193.41999999999825,21345.729
18518.64,-193.40999999999985,21779.512
18518.65,-193.39999999999782,21634.844
18518.66,-193.38999999999942,21731.279
18518.67,-193.38000000000102,21924.252
18518.68,-193.36999999999898,21924.252
18518.69,-193.36000000000058,21779.512
18518.7,-193.34999999999854,21490.25
18518.71,-193.34000000000015,21586.637
18518.72,-193.3299999999981,21538.439
18518.73,-193.3199999999997,21393.895
18518.74,-193.30999999999767,21538.439
18518.75,-193.29999999999927,21827.75
18518.76,-193.29000000000087,21634.844
18518.77,-193.27999999999884,22069.064
18518.78,-193.27000000000044,21972.514
18518.79,-193.2599999999984,22020.785
18518.8,-193.25,21538.439
18518.81,-193.23999999999796,21731.279
18518.82,-193.22999999999956,21683.059
18518.83,-193.21999999999753,21875.996
18518.84,-193.20999999999913,22117.352
18518.85,-193.20000000000073,22020.785
18518.86,-193.1899999999987,21779.512
18518.87,-193.1800000000003,21731.279
18518.88,-193.16999999999825,21538.439
18518.89,-193.15999999999985,21586.637
18518.9,-193.14999999999782,21731.279
18518.91,-193.13999999999942,21972.514
18518.92,-193.13000000000102,22117.352
18518.93,-193.11999999999898,22069.064
18518.94,-193.11000000000058,21875.996
18518.95,-193.09999999999854,21490.25
18518.96,-193.09000000000015,21586.637
18518.97,-193.0799999999981,21731.279
18518.98,-193.0699999999997,21683.059
18518.99,-193.05999999999767,21345.729
18519.0,-193.04999999999927,21153.146
18519.01,-193.04000000000087,21201.279
18519.02,-193.02999999999884,22117.352
18519.03,-193.02000000000044,21924.252
18519.04,-193.0099999999984,21442.066
18519.05,-193.0,21442.066
18519.06,-192.98999999999796,21393.895
18519.07,-192.97999999999956,21586.637
18519.08,-192.96999999999753,21297.57
18519.09,-192.95999999999913,21442.066
18519.1,-192.95000000000073,21490.25
18519.11,-192.9399999999987,21634.844
18519.12,-192.9300000000003,21490.25
18519.13,-192.91999999999825,21345.729
18519.14,-192.90999999999985,21538.439
18519.15,-192.89999999999782,21779.512
18519.16,-192.88999999999942,21490.25
18519.17,-192.88000000000102,21634.844
18519.18,-192.86999999999898,21345.729
18519.19,-192.86000000000058,21345.729
18519.2,-192.84999999999854,21586.637
18519.21,-192.84000000000015,21634.844
18519.22,-192.8299999999981,21490.25
18519.23,-192.8199999999997,21297.57
18519.24,-192.80999999999767,21538.439
18519.25,-192.79999999999927,21683.059
18519.26,-192.79000000000087,21201.279
18519.27,-192.77999999999884,21634.844
18519.28,-192.77000000000044,21442.066
18519.29,-192.7599999999984,21634.844
18519.3,-192.75,21393.895
18519.31,-192.73999999999796,21297.57
18519.32,-192.72999999999956,21393.895
18519.33,-192.71999999999753,21490.25
18519.34,-192.70999999999913,21538.439
18519.35,-192.70000000000073,21586.637
18519.36,-192.6899999999987,21105.021
18519.37,-192.6800000000003,21345.729
18519.38,-192.66999999999825,21442.066
18519.39,-192.65999999999985,21875.996
18519.4,-192.64999999999782,22069.064
18519.41,-192.63999999999942,21538.439
18519.42,-192.63000000000102,21249.422
18519.43,-192.61999999999898,21153.146
18519.44,-192.61000000000058,21297.57
18519.45,-192.59999999999854,21345.729
18519.46,-192.59000000000015,21393.895
18519.47,-192.5799999999981,21490.25
18519.48,-192.5699999999997,21345.729
18519.49,-192.55999999999767,21779.512
18519.5,-192.54999999999927,21683.059
18519.51,-192.54000000000087,21056.904
18519.52,-192.52999999999884,21105.021
18519.53,-192.52000000000044,21105.021
18519.54,-192.5099999999984,21249.422
18519.55,-192.5,21634.844
18519.56,-192.48999999999796,21586.637
18519.57,-192.47999999999956,21731.279
18519.58,-192.46999999999753,21972.514
18519.59,-192.45999999999913,21538.439
18519.6,-192.45000000000073,21586.637
18519.61,-192.4399999999987,21393.895
18519.62,-192.4300000000003,21201.279
18519.63,-192.41999999999825,21105.021
18519.64,-192.40999999999985,21586.637
18519.65,-192.39999999999782,21393.895
18519.66,-192.38999999999942,21538.439
18519.67,-192.38000000000102,21538.439
18519.68,-192.36999999999898,21442.066
18519.69,-192.36000000000058,21875.996
18519.7,-192.34999999999854,21442.066
18519.71,-192.34000000000015,21249.422
18519.72,-192.3299999999981,21249.422
18519.73,-192.3199999999997,21345.729
18519.74,-192.30999999999767,21442.066
18519.75,-192.29999999999927,21201.279
18519.76,-192.29000000000087,20912.604
18519.77,-192.27999999999884,21153.146
18519.78,-192.27000000000044,21442.066
18519.79,-192.2599999999984,21586.637
18519.8,-192.25,21634.844
18519.81,-192.23999999999796,21779.512
18519.82,-192.22999999999956,21683.059
18519.83,-192.21999999999753,21586.637
18519.84,-192.20999999999913,21345.729
18519.85,-192.20000000000073,21634.844
18519.86,-192.1899999999987,21490.25
18519.87,-192.1800000000003,21827.75
18519.88,-192.16999999999825,21153.146
18519.89,-192.15999999999985,21683.059
18519.9,-192.14999999999782,21442.066
18519.91,-192.13999999999942,21538.439
18519.92,-192.13000000000102,21538.439
18519.93,-192.11999999999898,21345.729
18519.94,-192.11000000000058,21731.279
18519.95,-192.09999999999854,21249.422
18519.96,-192.09000000000015,20960.695
18519.97,-192.0799999999981,21008.797
18519.98,-192.0699999999997,21538.439
18519.99,-192.05999999999767,21779.512
18520.0,-192.04999999999927,21779.512
18520.01,-192.04000000000087,21201.279
18520.02,-192.02999999999884,21297.57
18520.03,-192.02000000000044,21538.439
18520.04,-192.0099999999984,21442.066
18520.05,-192.0,21345.729
18520.06,-191.98999999999796,21683.059
18520.07,-191.97999999999956,21924.252
18520.08,-191.96999999999753,22020.785
18520.09,-191.95999999999913,22069.064
18520.1,-191.95000000000073,21779.512
18520.11,-191.9399999999987,21779.512
18520.12,-191.9300000000003,21634.844
18520.13,-191.91999999999825,21249.422
18520.14,-191.90999999999985,21634.844
18520.15,-191.89999999999782,21442.066
18520.16,-191.88999999999942,21345.729
18520.17,-191.88000000000102,21345.729
18520.18,-191.86999999999898,21924.252
18520.19,-191.86000000000058,22020.785
18520.2,-191.84999999999854,21779.512
18520.21,-191.84000000000015,21683.059
18520.22,-191.8299999999981,21634.844
18520.23,-191.8199999999997,21586.637
18520.24,-191.80999999999767,21634.844
18520.25,-191.79999999999927,21827.75
18520.26,-191.79000000000087,21442.066
18520.27,-191.77999999999884,21297.57
18520.28,-191.77000000000044,21297.57
18520.29,-191.7599999999984,21875.996
18520.3,-191.75,21875.996
18520.31,-191.73999999999796,21731.279
18520.32,-191.72999999999956,21827.75
18520.33,-191.71999999999753,21634.844
18520.34,-191.70999999999913,21779.512
18520.35,-191.70000000000073,21779.512
18520.36,-191.6899999999987,21779.512
18520.37,-191.6800000000003,21538.439
18520.38,-191.66999999999825,21393.895
18520.39,-191.65999999999985,21924.252
18520.4,-191.64999999999782,22069.064
18520.41,-191.63999999999942,21924.252
18520.42,-191.63000000000102,21827.75
18520.43,-191.61999999999898,21345.729
18520.44,-191.61000000000058,21538.439
18520.45,-191.59999999999854,21442.066
18520.46,-191.59000000000015,21345.729
18520.47,-191.5799999999981,21634.844
18520.48,-191.5699999999997,21875.996
18520.49,-191.55999999999767,21345.729
18520.5,-191.54999999999927,21393.895
18520.51,-191.54000000000087,21153.146
18520.52,-191.52999999999884,21634.844
18520.53,-191.52000000000044,21683.059
18520.54,-191.5099999999984,21779.512
18520.55,-191.5,21924.252
18520.56,-191.48999999999796,21972.514
18520.57,-191.47999999999956,21538.439
18520.58,-191.46999999999753,21538.439
18520.59,-191.45999999999913,21634.844
18520.6,-191.45000000000073,21490.25
18520.61,-191.4399999999987,21779.512
18520.62,-191.4300000000003,21924.252
18520.63,-191.41999999999825,21490.25
18520.64,-191.40999999999985,21538.439
18520.65,-191.39999999999782,21538.439
18520.66,-191.38999999999942,21731.279
18520.67,-191.38000000000102,21683.059
18520.68,-191.36999999999898,21875.996
18520.69,-191.36000000000058,21972.514
18520.7,-191.34999999999854,21972.514
18520.71,-191.34000000000015,21924.252
18520.72,-191.3299999999981,21538.439
18520.73,-191.3199999999997,21731.279
18520.74,-191.30999999999767,21538.439
18520.75,-191.29999999999927,21393.895
18520.76,-191.29000000000087,21393.895
18520.77,-191.27999999999884,21490.25
18520.78,-191.27000000000044,21731.279
18520.79,-191.2599999999984,21538.439
18520.8,-191.25,21634.844
18520.81,-191.23999999999796,21586.637
18520.82,-191.22999999999956,21779.512
18520.83,-191.21999999999753,21586.637
18520.84,-191.20999999999913,21634.844
18520.85,-191.20000000000073,21586.637
18520.86,-191.1899999999987,21105.021
18520.87,-191.1800000000003,21490.25
18520.88,-191.16999999999825,21490.25
18520.89,-191.15999999999985,21827.75
18520.9,-191.14999999999782,21827.75
18520.91,-191.13999999999942,21634.844
18520.92,-191.13000000000102,21779.512
18520.93,-191.11999999999898,21924.252
18520.94,-191.11000000000058,21972.514
18520.95,-191.09999999999854,21924.252
18520.96,-191.09000000000015,21683.059
18520.97,-191.0799999999981,21345.729
18520.98,-191.0699999999997,21490.25
18520.99,-191.05999999999767,21683.059
18521.0,-191.04999999999927,21779.512
18521.01,-191.04000000000087,21153.146
18521.02,-191.02999999999884,21249.422
18521.03,-191.02000000000044,21249.422
18521.04,-191.0099999999984,21538.439
18521.05,-191.0,21875.996
18521.06,-190.98999999999796,21683.059
18521.07,-190.97999999999956,21634.844
18521.08,-190.96999999999753,21538.439
18521.09,-190.95999999999913,21393.895
18521.1,-190.95000000000073,21731.279
18521.11,-190.9399999999987,21731.279
18521.12,-190.9300000000003,21538.439
18521.13,-190.91999999999825,21201.279
18521.14,-190.90999999999985,21490.25
18521.15,-190.89999999999782,21634.844
18521.16,-190.88999999999942,21586.637
18521.17,-190.88000000000102,21249.422
18521.18,-190.86999999999898,21731.279
18521.19,-190.86000000000058,21249.422
18521.2,-190.84999999999854,21153.146
18521.21,-190.84000000000015,21683.059
18521.22,-190.8299999999981,21779.512
18521.23,-190.8199999999997,21538.439
18521.24,-190.80999999999767,21393.895
18521.25,-190.79999999999927,21345.729
18521.26,-190.79000000000087,21490.25
18521.27,-190.77999999999884,21924.252
18521.28,-190.77000000000044,21538.439
18521.29,-190.7599999999984,21490.25
18521.3,-190.75,21586.637
18521.31,-190.73999999999796,21683.059
18521.32,-190.72999999999956,21538.439
18521.33,-190.71999999999753,21201.279
18521.34,-190.70999999999913,21345.729
18521.35,-190.70000000000073,21442.066
18521.36,-190.6899999999987,21345.729
18521.37,-190.6800000000003,21393.895
18521.38,-190.66999999999825,21442.066
18521.39,-190.65999999999985,21731.279
18521.4,-190.64999999999782,21393.895
18521.41,-190.63999999999942,21586.637
18521.42,-190.63000000000102,21731.279
18521.43,-190.61999999999898,21538.439
18521.44,-190.61000000000058,21490.25
18521.45,-190.59999999999854,21586.637
18521.46,-190.59000000000015,21490.25
18521.47,-190.5799999999981,21249.422
18521.48,-190.5699999999997,21201.279
18521.49,-190.55999999999767,21875.996
18521.5,-190.54999999999927,21827.75
18521.51,-190.54000000000087,21297.57
18521.52,-190.52999999999884,21586.637
18521.53,-190.52000000000044,21634.844
18521.54,-190.5099999999984,21345.729
18521.55,-190.5,21345.729
18521.56,-190.48999999999796,21538.439
18521.57,-190.47999999999956,21490.25
18521.58,-190.46999999999753,21586.637
18521.59,-190.45999999999913,21442.066
18521.6,-190.45000000000073,21586.637
18521.61,-190.4399999999987,21393.895
18521.62,-190.4300000000003,21442.066
18521.63,-190.41999999999825,21153.146
18521.64,-190.40999999999985,21731.279
18521.65,-190.39999999999782,21538.439
18521.66,-190.38999999999942,21972.514
18521.67,-190.38000000000102,21634.844
18521.68,-190.36999999999898,21875.996
18521.69,-190.36000000000058,21731.279
18521.7,-190.34999999999854,21586.637
18521.71,-190.34000000000015,21056.904
18521.72,-190.3299999999981,21153.146
18521.73,-190.3199999999997,21297.57
18521.74,-190.30999999999767,21056.904
18521.75,-190.29999999999927,21153.146
18521.76,-190.29000000000087,21201.279
18521.77,-190.27999999999884,21538.439
18521.78,-190.27000000000044,21779.512
18521.79,-190.2599999999984,21827.75
18521.8,-190.25,21731.279
18521.81,-190.23999999999796,21201.279
18521.82,-190.22999999999956,21249.422
18521.83,-190.21999999999753,21345.729
18521.84,-190.20999999999913,21634.844
18521.85,-190.20000000000073,21634.844
18521.86,-190.1899999999987,21586.637
18521.87,-190.1800000000003,21538.439
18521.88,-190.16999999999825,21345.729
18521.89,-190.15999999999985,21634.844
18521.9,-190.14999999999782,21249.422
18521.91,-190.13999999999942,21393.895
18521.92,-190.13000000000102,21345.729
18521.93,-190.11999999999898,21201.279
18521.94,-190.11000000000058,21586.637
18521.95,-190.09999999999854,21393.895
18521.96,-190.09000000000015,21683.059
18521.97,-190.0799999999981,21153.146
18521.98,-190.0699999999997,21490.25
18521.99,-190.05999999999767,21779.512
18522.0,-190.04999999999927,22117.352
18522.01,-190.04000000000087,21345.729
18522.02,-190.02999999999884,21201.279
18522.03,-190.02000000000044,21490.25
18522.04,-190.0099999999984,21779.512
18522.05,-190.0,21634.844
18522.06,-189.98999999999796,21153.146
18522.07,-189.97999999999956,21201.279
18522.08,-189.96999999999753,21490.25
18522.09,-189.95999999999913,21442.066
18522.1,-189.95000000000073,21779.512
18522.11,-189.9399999999987,21683.059
18522.12,-189.9300000000003,21731.279
18522.13,-189.91999999999825,21779.512
18522.14,-189.90999999999985,21683.059
18522.15,-189.89999999999782,21924.252
18522.16,-189.88999999999942,21779.512
18522.17,-189.88000000000102,21490.25
18522.18,-189.86999999999898,21731.279
18522.19,-189.86000000000058,21924.252
18522.2,-189.84999999999854,21924.252
18522.21,-189.84000000000015,21924.252
18522.22,-189.8299999999981,21875.996
18522.23,-189.8199999999997,21490.25
18522.24,-189.80999999999767,21201.279
18522.25,-189.79999999999927,21249.422
18522.26,-189.79000000000087,21008.797
18522.27,-189.77999999999884,21393.895
18522.28,-189.77000000000044,21827.75
18522.29,-189.7599999999984,21779.512
18522.3,-189.75,21586.637
18522.31,-189.73999999999796,21827.75
18522.32,-189.72999999999956,21779.512
18522.33,-189.71999999999753,21442.066
18522.34,-189.70999999999913,21634.844
18522.35,-189.70000000000073,21683.059
18522.36,-189.6899999999987,21683.059
18522.37,-189.6800000000003,21586.637
18522.38,-189.66999999999825,21056.904
18522.39,-189.65999999999985,21442.066
18522.4,-189.64999999999782,21683.059
18522.41,-189.63999999999942,21634.844
18522.42,-189.63000000000102,22165.648
18522.43,-189.61999999999898,21779.512
18522.44,-189.61000000000058,22020.785
18522.45,-189.59999999999854,21393.895
18522.46,-189.59000000000015,21393.895
18522.47,-189.5799999999981,21201.279
18522.48,-189.5699999999997,21442.066
18522.49,-189.55999999999767,21924.252
18522.5,-189.54999999999927,22020.785
18522.51,-189.54000000000087,21538.439
18522.52,-189.52999999999884,21827.75
18522.53,-189.52000000000044,21731.279
18522.54,-189.5099999999984,21490.25
18522.55,-189.5,21297.57
18522.56,-189.48999999999796,21683.059
18522.57,-189.47999999999956,21586.637
18522.58,-189.46999999999753,21634.844
18522.59,-189.45999999999913,21779.512
18522.6,-189.45000000000073,21731.279
18522.61,-189.4399999999987,21345.729
18522.62,-189.4300000000003,21586.637
18522.63,-189.41999999999825,21538.439
18522.64,-189.40999999999985,21972.514
18522.65,-189.39999999999782,21875.996
18522.66,-189.38999999999942,21731.279
18522.67,-189.38000000000102,21490.25
18522.68,-189.36999999999898,21634.844
18522.69,-189.36000000000058,21683.059
18522.7,-189.34999999999854,22069.064
18522.71,-189.34000000000015,21634.844
18522.72,-189.3299999999981,21538.439
18522.73,-189.3199999999997,21586.637
18522.74,-189.30999999999767,21538.439
18522.75,-189.29999999999927,21538.439
18522.76,-189.29000000000087,21634.844
18522.77,-189.27999999999884,22020.785
18522.78,-189.27000000000044,21827.75
18522.79,-189.2599999999984,21634.844
18522.8,-189.25,21538.439
18522.81,-189.23999999999796,21201.279
18522.82,-189.22999999999956,21345.729
18522.83,-189.21999999999753,21779.512
18522.84,-189.20999999999913,21634.844
18522.85,-189.20000000000073,21875.996
18522.86,-189.1899999999987,21827.75
18522.87,-189.1800000000003,21731.279
18522.88,-189.16999999999825,21345.729
18522.89,-189.15999999999985,21731.279
18522.9,-189.14999999999782,21731.279
18522.91,-189.13999999999942,21731.279
18522.92,-189.13000000000102,21827.75
18522.93,-189.11999999999898,21827.75
18522.94,-189.11000000000058,22069.064
18522.95,-189.09999999999854,21731.279
18522.96,-189.09000000000015,21345.729
18522.97,-189.0799999999981,21490.25
18522.98,-189.0699999999997,21731.279
18522.99,-189.05999999999767,21538.439
18523.0,-189.04999999999927,21731.279
18523.01,-189.04000000000087,21683.059
18523.02,-189.02999999999884,21731.279
18523.03,-189.02000000000044,21586.637
18523.04,-189.0099999999984,21442.066
18523.05,-189.0,21442.066
18523.06,-188.98999999999796,21538.439
18523.07,-188.97999999999956,21731.279
18523.08,-188.96999999999753,21683.059
18523.09,-188.95999999999913,21393.895
18523.1,-188.95000000000073,21008.797
18523.11,-188.9399999999987,21008.797
18523.12,-188.9300000000003,21586.637
18523.13,-188.91999999999825,21538.439
18523.14,-188.90999999999985,21827.75
18523.15,-188.89999999999782,21586.637
18523.16,-188.88999999999942,21393.895
18523.17,-188.88000000000102,21538.439
18523.18,-188.86999999999898,21297.57
18523.19,-188.86000000000058,21490.25
18523.2,-188.84999999999854,21490.25
18523.21,-188.84000000000015,21972.514
18523.22,-188.8299999999981,21586.637
18523.23,-188.8199999999997,21538.439
18523.24,-188.80999999999767,21393.895
18523.25,-188.79999999999927,21249.422
18523.26,-188.79000000000087,20912.604
18523.27,-188.77999999999884,21634.844
18523.28,-188.77000000000044,21490.25
18523.29,-188.7599999999984,21634.844
18523.3,-188.75,21634.844
18523.31,-188.73999999999796,21249.422
18523.32,-188.72999999999956,21297.57
18523.33,-188.71999999999753,21779.512
18523.34,-188.70999999999913,21683.059
18523.35,-188.70000000000073,21538.439
18523.36,-188.6899999999987,21345.729
18523.37,-188.6800000000003,21490.25
18523.38,-188.66999999999825,20768.375
18523.39,-188.65999999999985,21683.059
18523.4,-188.64999999999782,21779.512
18523.41,-188.63999999999942,21297.57
18523.42,-188.63000000000102,21538.439
18523.43,-188.61999999999898,21538.439
18523.44,-188.61000000000058,21634.844
18523.45,-188.59999999999854,21393.895
18523.46,-188.59000000000015,21442.066
18523.47,-188.5799999999981,21249.422
18523.48,-188.5699999999997,21442.066
18523.49,-188.55999999999767,21731.279
18523.5,-188.54999999999927,21779.512
18523.51,-188.54000000000087,21153.146
18523.52,-188.52999999999884,21393.895
18523.53,-188.52000000000044,21538.439
18523.54,-188.5099999999984,21345.729
18523.55,-188.5,21297.57
18523.56,-188.48999999999796,21345.729
18523.57,-188.47999999999956,21538.439
18523.58,-188.46999999999753,21731.279
18523.59,-188.45999999999913,21683.059
18523.6,-188.45000000000073,21731.279
18523.61,-188.4399999999987,21683.059
18523.62,-188.4300000000003,21538.439
18523.63,-188.41999999999825,21393.895
18523.64,-188.40999999999985,21731.279
18523.65,-188.39999999999782,21442.066
18523.66,-188.38999999999942,21008.797
18523.67,-188.38000000000102,21393.895
18523.68,-188.36999999999898,21153.146
18523.69,-188.36000000000058,21345.729
18523.7,-188.34999999999854,21249.422
18523.71,-188.34000000000015,21201.279
18523.72,-188.3299999999981,21105.021
18523.73,-188.3199999999997,21586.637
18523.74,-188.30999999999767,21924.252
18523.75,-188.29999999999927,22407.248
18523.76,-188.29000000000087,21538.439
18523.77,-188.27999999999884,21442.066
18523.78,-188.27000000000044,21683.059
18523.79,-188.2599999999984,21683.059
18523.8,-188.25,21779.512
18523.81,-188.23999999999796,21153.146
18523.82,-188.22999999999956,20816.443
18523.83,-188.21999999999753,21249.422
18523.84,-188.20999999999913,21490.25
18523.85,-188.20000000000073,21875.996
18523.86,-188.1899999999987,21924.252
18523.87,-188.1800000000003,21538.439
18523.88,-188.16999999999825,21008.797
18523.89,-188.15999999999985,21490.25
18523.9,-188.14999999999782,21490.25
18523.91,-188.13999999999942,21393.895
18523.92,-188.13000000000102,21153.146
18523.93,-188.11999999999898,21683.059
18523.94,-188.11000000000058,21924.252
18523.95,-188.09999999999854,21538.439
18523.96,-188.09000000000015,20960.695
18523.97,-188.0799999999981,21345.729
18523.98,-188.0699999999997,21153.146
18523.99,-188.05999999999767,21008.797
18524.0,-188.04999999999927,21345.729
18524.01,-188.04000000000087,21586.637
18524.02,-188.02999999999884,21924.252
18524.03,-188.02000000000044,21586.637
18524.04,-188.0099999999984,21490.25
18524.05,-188.0,21538.439
18524.06,-187.98999999999796,21634.844
18524.07,-187.97999999999956,21683.059
18524.08,-187.96999999999753,21972.514
18524.09,-187.95999999999913,21972.514
18524.1,-187.95000000000073,21731.279
18524.11,-187.9399999999987,21345.729
18524.12,-187.9300000000003,21490.25
18524.13,-187.91999999999825,21490.25
18524.14,-187.90999999999985,21586.637
18524.15,-187.89999999999782,21442.066
18524.16,-187.88999999999942,21586.637
18524.17,-187.88000000000102,21393.895
18524.18,-187.86999999999898,21393.895
18524.19,-187.86000000000058,21490.25
18524.2,-187.84999999999854,21442.066
18524.21,-187.84000000000015,21779.512
18524.22,-187.8299999999981,21538.439
18524.23,-187.8199999999997,21924.252
18524.24,-187.80999999999767,21875.996
18524.25,-187.79999999999927,21924.252
18524.26,-187.79000000000087,21442.066
18524.27,-187.77999999999884,22165.648
18524.28,-187.77000000000044,21393.895
18524.29,-187.7599999999984,21442.066
18524.3,-187.75,21634.844
18524.31,-187.73999999999796,21586.637
18524.32,-187.72999999999956,21875.996
18524.33,-187.71999999999753,21972.514
18524.34,-187.70999999999913,21586.637
18524.35,-187.70000000000073,21538.439
18524.36,-187.6899999999987,21731.279
18524.37,-187.6800000000003,21972.514
18524.38,-187.66999999999825,21827.75
18524.39,-187.65999999999985,21924.252
18524.4,-187.64999999999782,21731.279
18524.41,-187.63999999999942,21297.57
18524.42,-187.63000000000102,21490.25
18524.43,-187.61999999999898,21490.25
18524.44,-187.61000000000058,21442.066
18524.45,-187.59999999999854,21297.57
18524.46,-187.59000000000015,21731.279
18524.47,-187.5799999999981,21731.279
18524.48,-187.5699999999997,21490.25
18524.49,-187.55999999999767,21683.059
18524.5,-187.54999999999927,21924.252
18524.51,-187.54000000000087,21875.996
18524.52,-187.52999999999884,21924.252
18524.53,-187.52000000000044,21586.637
18524.54,-187.5099999999984,21683.059
18524.55,-187.5,21924.252
18524.56,-187.48999999999796,21538.439
18524.57,-187.47999999999956,21393.895
18524.58,-187.46999999999753,21297.57
18524.59,-187.45999999999913,21442.066
18524.6,-187.45000000000073,21393.895
18524.61,-187.4399999999987,22020.785
18524.62,-187.4300000000003,21924.252
18524.63,-187.41999999999825,21442.066
18524.64,-187.40999999999985,21586.637
18524.65,-187.39999999999782,21924.252
18524.66,-187.38999999999942,21779.512
18524.67,-187.38000000000102,21586.637
18524.68,-187.36999999999898,21731.279
18524.69,-187.36000000000058,21586.637
18524.7,-187.34999999999854,21731.279
18524.71,-187.34000000000015,21683.059
18524.72,-187.3299999999981,21538.439
18524.73,-187.3199999999997,21924.252
18524.74,-187.30999999999767,21731.279
18524.75,-187.29999999999927,21634.844
18524.76,-187.29000000000087,21442.066
18524.77,-187.27999999999884,21683.059
18524.78,-187.27000000000044,21731.279
18524.79,-187.2599999999984,21779.512
18524.8,-187.25,21875.996
18524.81,-187.23999999999796,22069.064
18524.82,-187.22999999999956,21538.439
18524.83,-187.21999999999753,21634.844
18524.84,-187.20999999999913,21345.729
18524.85,-187.20000000000073,21490.25
18524.86,-187.1899999999987,21345.729
18524.87,-187.1800000000003,21442.066
18524.88,-187.16999999999825,21393.895
18524.89,-187.15999999999985,21972.514
18524.9,-187.14999999999782,21779.512
18524.91,-187.13999999999942,21731.279
18524.92,-187.13000000000102,21779.512
18524.93,-187.11999999999898,21779.512
18524.94,-187.11000000000058,21586.637
18524.95,-187.09999999999854,21731.279
18524.96,-187.09000000000015,21827.75
18524.97,-187.0799999999981,21683.059
18524.98,-187.0699999999997,21731.279
18524.99,-187.05999999999767,21683.059
18525.0,-187.04999999999927,21827.75
18525.01,-187.04000000000087,21683.059
18525.02,-187.02999999999884,21924.252
18525.03,-187.02000000000044,21875.996
18525.04,-187.0099999999984,21683.059
18525.05,-187.0,21586.637
18525.06,-186.98999999999796,21442.066
18525.07,-186.97999999999956,21490.25
18525.08,-186.96999999999753,21249.422
18525.09,-186.95999999999913,21249.422
18525.1,-186.95000000000073,21393.895
18525.11,-186.9399999999987,21393.895
18525.12,-186.9300000000003,21875.996
18525.13,-186.91999999999825,21490.25
18525.14,-186.90999999999985,21731.279
18525.15,-186.89999999999782,21442.066
18525.16,-186.88999999999942,21538.439
18525.17,-186.88000000000102,21538.439
18525.18,-186.86999999999898,21393.895
18525.19,-186.86000000000058,21490.25
18525.2,-186.84999999999854,21345.729
18525.21,-186.84000000000015,21345.729
18525.22,-186.8299999999981,21442.066
18525.23,-186.8199999999997,21345.729
18525.24,-186.80999999999767,21393.895
18525.25,-186.79999999999927,21345.729
18525.26,-186.79000000000087,21153.146
18525.27,-186.77999999999884,21634.844
18525.28,-186.77000000000044,21442.066
18525.29,-186.7599999999984,21683.059
18525.3,-186.75,21393.895
18525.31,-186.73999999999796,21875.996
18525.32,-186.72999999999956,21683.059
18525.33,-186.71999999999753,21538.439
18525.34,-186.70999999999913,21875.996
18525.35,-186.70000000000073,21972.514
18525.36,-186.6899999999987,21634.844
18525.37,-186.6800000000003,21875.996
18525.38,-186.66999999999825,21153.146
18525.39,-186.65999999999985,21972.514
18525.4,-186.64999999999782,21779.512
18525.41,-186.63999999999942,21538.439
18525.42,-186.63000000000102,21490.25
18525.43,-186.61999999999898,21490.25
18525.44,-186.61000000000058,21345.729
18525.45,-186.59999999999854,21490.25
18525.46,-186.59000000000015,21442.066
18525.47,-186.5799999999981,21201.279
18525.48,-186.5699999999997,21538.439
18525.49,-186.55999999999767,21490.25
18525.5,-186.54999999999927,21586.637
18525.51,-186.54000000000087,21201.279
18525.52,-186.52999999999884,21779.512
18525.53,-186.52000000000044,21731.279
18525.54,-186.5099999999984,21586.637
18525.55,-186.5,21538.439
18525.56,-186.48999999999796,21538.439
18525.57,-186.47999999999956,21538.439
18525.58,-186.46999999999753,21586.637
18525.59,-186.45999999999913,22165.648
18525.6,-186.45000000000073,21924.252
18525.61,-186.4399999999987,21345.729
18525.62,-186.4300000000003,21490.25
18525.63,-186.41999999999825,21201.279
18525.64,-186.40999999999985,21972.514
18525.65,-186.39999999999782,22020.785
18525.66,-186.38999999999942,21393.895
18525.67,-186.38000000000102,21490.25
18525.68,-186.36999999999898,21393.895
18525.69,-186.36000000000058,21538.439
18525.7,-186.34999999999854,21827.75
18525.71,-186.34000000000015,21490.25
18525.72,-186.3299999999981,21586.637
18525.73,-186.3199999999997,21731.279
18525.74,-186.30999999999767,21490.25
18525.75,-186.29999999999927,21875.996
18525.76,-186.29000000000087,21393.895
18525.77,-186.27999999999884,21393.895
18525.78,-186.27000000000044,21538.439
18525.79,-186.2599999999984,21393.895
18525.8,-186.25,21153.146
18525.81,-186.23999999999796,21393.895
18525.82,-186.22999999999956,21875.996
18525.83,-186.21999999999753,22020.785
18525.84,-186.20999999999913,21586.637
18525.85,-186.20000000000073,21683.059
18525.86,-186.1899999999987,21393.895
18525.87,-186.1800000000003,21634.844
18525.88,-186.16999999999825,21442.066
18525.89,-186.15999999999985,21538.439
18525.9,-186.14999999999782,21297.57
18525.91,-186.13999999999942,21249.422
18525.92,-186.13000000000102,21249.422
18525.93,-186.11999999999898,21393.895
18525.94,-186.11000000000058,21779.512
18525.95,-186.09999999999854,21683.059
18525.96,-186.09000000000015,21634.844
18525.97,-186.0799999999981,21683.059
18525.98,-186.0699999999997,21779.512
18525.99,-186.05999999999767,21345.729
18526.0,-186.04999999999927,21538.439
18526.01,-186.04000000000087,21490.25
18526.02,-186.02999999999884,21779.512
18526.03,-186.02000000000044,21345.729
18526.04,-186.0099999999984,21490.25
18526.05,-186.0,21345.729
18526.06,-185.98999999999796,21634.844
18526.07,-185.97999999999956,21538.439
18526.08,-185.96999999999753,21490.25
18526.09,-185.95999999999913,21538.439
18526.1,-185.95000000000073,22069.064
18526.11,-185.9399999999987,21634.844
18526.12,-185.9300000000003,21924.252
18526.13,-185.91999999999825,21924.252
18526.14,-185.90999999999985,21634.844
18526.15,-185.89999999999782,21442.066
18526.16,-185.88999999999942,21586.637
18526.17,-185.88000000000102,21924.252
18526.18,-185.86999999999898,21827.75
18526.19,-185.86000000000058,21972.514
18526.2,-185.84999999999854,21972.514
18526.21,-185.84000000000015,21827.75
18526.22,-185.8299999999981,21731.279
18526.23,-185.8199999999997,21634.844
18526.24,-185.80999999999767,21731.279
18526.25,-185.79999999999927,21634.844
18526.26,-185.79000000000087,21297.57
18526.27,-185.77999999999884,21972.514
18526.28,-185.77000000000044,21683.059
18526.29,-185.7599999999984,21731.279
18526.3,-185.75,21538.439
18526.31,-185.73999999999796,21827.75
18526.32,-185.72999999999956,21972.514
18526.33,-185.71999999999753,21683.059
18526.34,-185.70999999999913,21538.439
18526.35,-185.70000000000073,21683.059
18526.36,-185.6899999999987,21779.512
18526.37,-185.6800000000003,21731.279
18526.38,-185.66999999999825,21490.25
18526.39,-185.65999999999985,21924.252
18526.4,-185.64999999999782,21586.637
18526.41,-185.63999999999942,21586.637
18526.42,-185.63000000000102,21297.57
18526.43,-185.61999999999898,21634.844
18526.44,-185.61000000000058,22020.785
18526.45,-185.59999999999854,21827.75
18526.46,-185.59000000000015,21924.252
18526.47,-185.5799999999981,22117.352
18526.48,-185.5699999999997,21875.996
18526.49,-185.55999999999767,21924.252
18526.5,-185.54999999999927,21731.279
18526.51,-185.54000000000087,21201.279
18526.52,-185.52999999999884,21490.25
18526.53,-185.52000000000044,21731.279
18526.54,-185.5099999999984,21586.637
18526.55,-185.5,21490.25
18526.56,-185.48999999999796,21731.279
18526.57,-185.47999999999956,21972.514
18526.58,-185.46999999999753,21972.514
18526.59,-185.45999999999913,21875.996
18526.6,-185.45000000000073,21442.066
18526.61,-185.4399999999987,21442.066
18526.62,-185.4300000000003,22213.951
18526.63,-185.41999999999825,21827.75
18526.64,-185.40999999999985,22455.592
18526.65,-185.39999999999782,21683.059
18526.66,-185.38999999999942,21875.996
18526.67,-185.38000000000102,21827.75
18526.68,-185.36999999999898,21731.279
18526.69,-185.36000000000058,21634.844
18526.7,-185.34999999999854,21779.512
18526.71,-185.34000000000015,21827.75
18526.72,-185.3299999999981,21875.996
18526.73,-185.3199999999997,21634.844
18526.74,-185.30999999999767,21634.844
18526.75,-185.29999999999927,21731.279
18526.76,-185.29000000000087,21393.895
18526.77,-185.27999999999884,21779.512
18526.78,-185.27000000000044,21827.75
18526.79,-185.2599999999984,21924.252
18526.8,-185.25,21490.25
18526.81,-185.23999999999796,21538.439
18526.82,-185.22999999999956,21634.844
18526.83,-185.21999999999753,21393.895
18526.84,-185.20999999999913,21779.512
18526.85,-185.20000000000073,21972.514
18526.86,-185.1899999999987,21779.512
18526.87,-185.1800000000003,21827.75
18526.88,-185.16999999999825,21393.895
18526.89,-185.15999999999985,21924.252
18526.9,-185.14999999999782,21779.512
18526.91,-185.13999999999942,22165.648
18526.92,-185.13000000000102,22213.951
18526.93,-185.11999999999898,22020.785
18526.94,-185.11000000000058,22117.352
18526.95,-185.09999999999854,21875.996
18526.96,-185.09000000000015,21586.637
18526.97,-185.0799999999981,21683.059
18526.98,-185.0699999999997,21683.059
18526.99,-185.05999999999767,21924.252
18527.0,-185.04999999999927,21779.512
18527.01,-185.04000000000087,21586.637
18527.02,-185.02999999999884,21490.25
18527.03,-185.02000000000044,21634.844
18527.04,-185.0099999999984,21538.439
18527.05,-185.0,21634.844
18527.06,-184.98999999999796,21249.422
18527.07,-184.97999999999956,21201.279
18527.08,-184.96999999999753,21442.066
18527.09,-184.95999999999913,21827.75
18527.1,-184.95000000000073,21731.279
18527.11,-184.9399999999987,21827.75
18527.12,-184.9300000000003,21972.514
18527.13,-184.91999999999825,21393.895
18527.14,-184.90999999999985,21393.895
18527.15,-184.89999999999782,20960.695
18527.16,-184.88999999999942,20864.52
18527.17,-184.88000000000102,21345.729
18527.18,-184.86999999999898,21586.637
18527.19,-184.86000000000058,21972.514
18527.2,-184.84999999999854,21634.844
18527.21,-184.84000000000015,21586.637
18527.22,-184.8299999999981,21153.146
18527.23,-184.8199999999997,21393.895
18527.24,-184.80999999999767,21297.57
18527.25,-184.79999999999927,21490.25
18527.26,-184.79000000000087,21490.25
18527.27,-184.77999999999884,21683.059
18527.28,-184.77000000000044,21056.904
18527.29,-184.7599999999984,21201.279
18527.3,-184.75,21249.422
18527.31,-184.73999999999796,21297.57
18527.32,-184.72999999999956,21393.895
18527.33,-184.71999999999753,21442.066
18527.34,-184.70999999999913,21538.439
18527.35,-184.70000000000073,21393.895
18527.36,-184.6899999999987,21442.066
18527.37,-184.6800000000003,21827.75
18527.38,-184.66999999999825,21586.637
18527.39,-184.65999999999985,22165.648
18527.4,-184.64999999999782,21586.637
18527.41,-184.63999999999942,21201.279
18527.42,-184.63000000000102,21297.57
18527.43,-184.61999999999898,21393.895
18527.44,-184.61000000000058,21586.637
18527.45,-184.59999999999854,21731.279
18527.46,-184.59000000000015,21490.25
18527.47,-184.5799999999981,21393.895
18527.48,-184.5699999999997,21201.279
18527.49,-184.55999999999767,21393.895
18527.5,-184.54999999999927,21490.25
18527.51,-184.54000000000087,21490.25
18527.52,-184.52999999999884,21393.895
18527.53,-184.52000000000044,21490.25
18527.54,-184.5099999999984,21442.066
18527.55,-184.5,21538.439
18527.56,-184.48999999999796,21634.844
18527.57,-184.47999999999956,21731.279
18527.58,-184.46999999999753,21490.25
18527.59,-184.45999999999913,21393.895
18527.6,-184.45000000000073,21442.066
18527.61,-184.4399999999987,21201.279
18527.62,-184.4300000000003,21297.57
18527.63,-184.41999999999825,21153.146
18527.64,-184.40999999999985,21393.895
18527.65,-184.39999999999782,21683.059
18527.66,-184.38999999999942,21924.252
18527.67,-184.38000000000102,21731.279
18527.68,-184.36999999999898,21779.512
18527.69,-184.36000000000058,21731.279
18527.7,-184.34999999999854,21490.25
18527.71,-184.34000000000015,21153.146
18527.72,-184.3299999999981,21345.729
18527.73,-184.3199999999997,21779.512
18527.74,-184.30999999999767,21827.75
18527.75,-184.29999999999927,21731.279
18527.76,-184.29000000000087,21393.895
18527.77,-184.27999999999884,21393.895
18527.78,-184.27000000000044,21297.57
18527.79,-184.2599999999984,21297.57
18527.8,-184.25,21345.729
18527.81,-184.23999999999796,21345.729
18527.82,-184.22999999999956,21490.25
18527.83,-184.21999999999753,21538.439
18527.84,-184.20999999999913,21683.059
18527.85,-184.20000000000073,21490.25
18527.86,-184.1899999999987,21249.422
18527.87,-184.1800000000003,21345.729
18527.88,-184.16999999999825,21153.146
18527.89,-184.15999999999985,21345.729
18527.9,-184.14999999999782,21249.422
18527.91,-184.13999999999942,21586.637
18527.92,-184.13000000000102,21731.279
18527.93,-184.11999999999898,21634.844
18527.94,-184.11000000000058,22069.064
18527.95,-184.09999999999854,21634.844
18527.96,-184.09000000000015,21345.729
18527.97,-184.0799999999981,21490.25
18527.98,-184.0699999999997,21538.439
18527.99,-184.05999999999767,21586.637
18528.0,-184.04999999999927,21345.729
18528.01,-184.04000000000087,21201.279
18528.02,-184.02999999999884,21345.729
18528.03,-184.02000000000044,21442.066
18528.04,-184.0099999999984,21538.439
18528.05,-184.0,21634.844
18528.06,-183.98999999999796,21731.279
18528.07,-183.97999999999956,21442.066
18528.08,-183.96999999999753,21297.57
18528.09,-183.95999999999913,21827.75
18528.1,-183.95000000000073,21875.996
18528.11,-183.9399999999987,21683.059
18528.12,-183.9300000000003,21779.512
18528.13,-183.91999999999825,21634.844
18528.14,-183.90999999999985,21779.512
18528.15,-183.89999999999782,21779.512
18528.16,-183.88999999999942,21731.279
18528.17,-183.88000000000102,21731.279
18528.18,-183.86999999999898,21538.439
18528.19,-183.86000000000058,21683.059
18528.2,-183.84999999999854,21393.895
18528.21,-183.84000000000015,21634.844
18528.22,-183.8299999999981,21538.439
18528.23,-183.8199999999997,21924.252
18528.24,-183.80999999999767,21779.512
18528.25,-183.79999999999927,21490.25
18528.26,-183.79000000000087,21153.146
18528.27,-183.77999999999884,21345.729
18528.28,-183.77000000000044,21779.512
18528.29,-183.7599999999984,21634.844
18528.3,-183.75,22069.064
18528.31,-183.73999999999796,22069.064
18528.32,-183.72999999999956,22117.352
18528.33,-183.71999999999753,21538.439
18528.34,-183.70999999999913,21393.895
18528.35,-183.70000000000073,21393.895
18528.36,-183.6899999999987,21634.844
18528.37,-183.6800000000003,21827.75
18528.38,-183.66999999999825,21731.279
18528.39,-183.65999999999985,21393.895
18528.4,-183.64999999999782,21538.439
18528.41,-183.63999999999942,21393.895
18528.42,-183.63000000000102,21586.637
18528.43,-183.61999999999898,21634.844
18528.44,-183.61000000000058,21634.844
18528.45,-183.59999999999854,21538.439
18528.46,-183.59000000000015,21779.512
18528.47,-183.5799999999981,21972.514
18528.48,-183.5699999999997,21924.252
18528.49,-183.55999999999767,21875.996
18528.5,-183.54999999999927,21875.996
18528.51,-183.54000000000087,21297.57
18528.52,-183.52999999999884,21297.57
18528.53,-183.52000000000044,21586.637
18528.54,-183.5099999999984,21875.996
18528.55,-183.5,21924.252
18528.56,-183.48999999999796,21731.279
18528.57,-183.47999999999956,21924.252
18528.58,-183.46999999999753,22117.352
18528.59,-183.45999999999913,21731.279
18528.6,-183.45000000000073,21634.844
18528.61,-183.4399999999987,21634.844
18528.62,-183.4300000000003,21538.439
18528.63,-183.41999999999825,21345.729
18528.64,-183.40999999999985,21393.895
18528.65,-183.39999999999782,21538.439
18528.66,-183.38999999999942,21683.059
18528.67,-183.38000000000102,21779.512
18528.68,-183.36999999999898,21924.252
18528.69,-183.36000000000058,21972.514
18528.7,-183.34999999999854,21924.252
18528.71,-183.34000000000015,21972.514
18528.72,-183.3299999999981,21827.75
18528.73,-183.3199999999997,21586.637
18528.74,-183.30999999999767,21779.512
18528.75,-183.29999999999927,21490.25
18528.76,-183.29000000000087,21297.57
18528.77,-183.27999999999884,21683.059
18528.78,-183.27000000000044,21827.75
18528.79,-183.2599999999984,21634.844
18528.8,-183.25,21538.439
18528.81,-183.23999999999796,21490.25
18528.82,-183.22999999999956,21538.439
18528.83,-183.21999999999753,22020.785
18528.84,-183.20999999999913,21683.059
18528.85,-183.20000000000073,21634.844
18528.86,-183.1899999999987,21249.422
18528.87,-183.1800000000003,21153.146
18528.88,-183.16999999999825,21586.637
18528.89,-183.15999999999985,22358.912
18528.9,-183.14999999999782,22503.943
18528.91,-183.13999999999942,22165.648
18528.92,-183.13000000000102,21490.25
18528.93,-183.11999999999898,21586.637
18528.94,-183.11000000000058,21442.066
18528.95,-183.09999999999854,21683.059
18528.96,-183.09000000000015,22020.785
18528.97,-183.0799999999981,22020.785
18528.98,-183.0699999999997,21634.844
18528.99,-183.05999999999767,21345.729
18529.0,-183.04999999999927,21345.729
18529.01,-183.04000000000087,20960.695
18529.02,-183.02999999999884,21731.279
18529.03,-183.02000000000044,21731.279
18529.04,-183.0099999999984,22020.785
18529.05,-183.0,21201.279
18529.06,-182.98999999999796,21345.729
18529.07,-182.97999999999956,21634.844
18529.08,-182.96999999999753,21538.439
18529.09,-182.95999999999913,21586.637
18529.1,-182.95000000000073,21490.25
18529.11,-182.9399999999987,21538.439
18529.12,-182.9300000000003,21393.895
18529.13,-182.91999999999825,20912.604
18529.14,-182.90999999999985,21345.729
18529.15,-182.89999999999782,21538.439
18529.16,-182.88999999999942,21779.512
18529.17,-182.88000000000102,21538.439
18529.18,-182.86999999999898,21586.637
18529.19,-182.86000000000058,21683.059
18529.2,-182.84999999999854,21779.512
18529.21,-182.84000000000015,21345.729
18529.22,-182.8299999999981,21538.439
18529.23,-182.8199999999997,21683.059
18529.24,-182.80999999999767,21297.57
18529.25,-182.79999999999927,21201.279
18529.26,-182.79000000000087,21249.422
18529.27,-182.77999999999884,21586.637
18529.28,-182.77000000000044,21586.637
18529.29,-182.7599999999984,21442.066
18529.3,-182.75,21297.57
18529.31,-182.73999999999796,21297.57
18529.32,-182.72999999999956,21249.422
18529.33,-182.71999999999753,21345.729
18529.34,-182.70999999999913,21875.996
18529.35,-182.70000000000073,21924.252
18529.36,-182.6899999999987,21924.252
18529.37,-182.6800000000003,21538.439
18529.38,-182.66999999999825,21345.729
18529.39,-182.65999999999985,21442.066
18529.4,-182.64999999999782,21779.512
18529.41,-182.63999999999942,21538.439
18529.42,-182.63000000000102,21442.066
18529.43,-182.61999999999898,21538.439
18529.44,-182.61000000000058,21586.637
18529.45,-182.59999999999854,21634.844
18529.46,-182.59000000000015,21634.844
18529.47,-182.5799999999981,21634.844
18529.48,-182.5699999999997,21345.729
18529.49,-182.55999999999767,21538.439
18529.5,-182.54999999999927,21393.895
18529.51,-182.54000000000087,21105.021
18529.52,-182.52999999999884,21105.021
18529.53,-182.52000000000044,21249.422
18529.54,-182.5099999999984,21586.637
18529.55,-182.5,21249.422
18529.56,-182.48999999999796,21779.512
18529.57,-182.47999999999956,22117.352
18529.58,-182.46999999999753,21924.252
18529.59,-182.45999999999913,21731.279
18529.6,-182.45000000000073,21538.439
18529.61,-182.4399999999987,21345.729
18529.62,-182.4300000000003,21634.844
18529.63,-182.41999999999825,21297.57
18529.64,-182.40999999999985,21634.844
18529.65,-182.39999999999782,21586.637
18529.66,-182.38999999999942,21586.637
18529.67,-182.38000000000102,21442.066
18529.68,-182.36999999999898,21538.439
18529.69,-182.36000000000058,21634.844
18529.7,-182.34999999999854,21586.637
18529.71,-182.34000000000015,21345.729
18529.72,-182.3299999999981,21538.439
18529.73,-182.3199999999997,21683.059
18529.74,-182.30999999999767,21442.066
18529.75,-182.29999999999927,21442.066
18529.76,-182.29000000000087,21297.57
18529.77,-182.27999999999884,21586.637
18529.78,-182.27000000000044,21538.439
18529.79,-182.2599999999984,21731.279
18529.8,-182.25,21153.146
18529.81,-182.23999999999796,21924.252
18529.82,-182.22999999999956,21683.059
18529.83,-182.21999999999753,21586.637
18529.84,-182.20999999999913,21056.904
18529.85,-182.20000000000073,21297.57
18529.86,-182.1899999999987,21345.729
18529.87,-182.1800000000003,21538.439
18529.88,-182.16999999999825,21056.904
18529.89,-182.15999999999985,21538.439
18529.9,-182.14999999999782,21345.729
18529.91,-182.13999999999942,21683.059
18529.92,-182.13000000000102,21827.75
18529.93,-182.11999999999898,21683.059
18529.94,-182.11000000000058,21779.512
18529.95,-182.09999999999854,21201.279
18529.96,-182.09000000000015,21538.439
18529.97,-182.0799999999981,21683.059
18529.98,-182.0699999999997,21972.514
18529.99,-182.05999999999767,21634.844
18530.0,-182.04999999999927,21731.279
18530.01,-182.04000000000087,21393.895
18530.02,-182.02999999999884,21105.021
18530.03,-182.02000000000044,21105.021
18530.04,-182.0099999999984,21538.439
18530.05,-182.0,21731.279
18530.06,-181.98999999999796,21490.25
18530.07,-181.97999999999956,21442.066
18530.08,-181.96999999999753,21779.512
18530.09,-181.95999999999913,21924.252
18530.1,-181.95000000000073,21875.996
18530.11,-181.9399999999987,21779.512
18530.12,-181.9300000000003,21586.637
18530.13,-181.91999999999825,21249.422
18530.14,-181.90999999999985,21634.844
18530.15,-181.89999999999782,21827.75
18530.16,-181.88999999999942,21924.252
18530.17,-181.88000000000102,22165.648
18530.18,-181.86999999999898,21924.252
18530.19,-181.86000000000058,21924.252
18530.2,-181.84999999999854,22165.648
18530.21,-181.84000000000015,21731.279
18530.22,-181.8299999999981,21634.844
18530.23,-181.8199999999997,21731.279
18530.24,-181.80999999999767,21875.996
18530.25,-181.79999999999927,21875.996
18530.26,-181.79000000000087,21731.279
18530.27,-181.77999999999884,21731.279
18530.28,-181.77000000000044,21393.895
18530.29,-181.7599999999984,21490.25
18530.3,-181.75,21875.996
18530.31,-181.73999999999796,21779.512
18530.32,-181.72999999999956,22020.785
18530.33,-181.71999999999753,21538.439
18530.34,-181.70999999999913,21924.252
18530.35,-181.70000000000073,21779.512
18530.36,-181.6899999999987,21538.439
18530.37,-181.6800000000003,21924.252
18530.38,-181.66999999999825,21779.512
18530.39,-181.65999999999985,22310.584
18530.4,-181.64999999999782,21779.512
18530.41,-181.63999999999942,21875.996
18530.42,-181.63000000000102,21924.252
18530.43,-181.61999999999898,21490.25
18530.44,-181.61000000000058,21345.729
18530.45,-181.59999999999854,21683.059
18530.46,-181.59000000000015,22117.352
18530.47,-181.5799999999981,21924.252
18530.48,-181.5699999999997,21875.996
18530.49,-181.55999999999767,21779.512
18530.5,-181.54999999999927,21586.637
18530.51,-181.54000000000087,21442.066
18530.52,-181.52999999999884,21827.75
18530.53,-181.52000000000044,21779.512
18530.54,-181.5099999999984,21875.996
18530.55,-181.5,21731.279
18530.56,-181.48999999999796,21538.439
18530.57,-181.47999999999956,21634.844
18530.58,-181.46999999999753,21827.75
18530.59,-181.45999999999913,21827.75
18530.6,-181.45000000000073,21972.514
18530.61,-181.4399999999987,21779.512
18530.62,-181.4300000000003,21634.844
18530.63,-181.41999999999825,21538.439
18530.64,-181.40999999999985,21731.279
18530.65,-181.39999999999782,21634.844
18530.66,-181.38999999999942,21538.439
18530.67,-181.38000000000102,21827.75
18530.68,-181.36999999999898,21683.059
18530.69,-181.36000000000058,22020.785
18530.7,-181.34999999999854,21634.844
18530.71,-181.34000000000015,21634.844
18530.72,-181.3299999999981,21345.729
18530.73,-181.3199999999997,21634.844
18530.74,-181.30999999999767,21779.512
18530.75,-181.29999999999927,21683.059
18530.76,-181.29000000000087,21586.637
18530.77,-181.27999999999884,21875.996
18530.78,-181.27000000000044,21875.996
18530.79,-181.2599999999984,21538.439
18530.8,-181.25,21393.895
18530.81,-181.23999999999796,21586.637
18530.82,-181.22999999999956,21538.439
18530.83,-181.21999999999753,21731.279
18530.84,-181.20999999999913,22069.064
18530.85,-181.20000000000073,21827.75
18530.86,-181.1899999999987,21827.75
18530.87,-181.1800000000003,21538.439
18530.88,-181.16999999999825,21538.439
18530.89,-181.15999999999985,22407.248
18530.9,-181.14999999999782,22165.648
18530.91,-181.13999999999942,21490.25
18530.92,-181.13000000000102,21393.895
18530.93,-181.11999999999898,21731.279
18530.94,-181.11000000000058,21779.512
18530.95,-181.09999999999854,22117.352
18530.96,-181.09000000000015,21683.059
18530.97,-181.0799999999981,22020.785
18530.98,-181.0699999999997,21442.066
18530.99,-181.05999999999767,21538.439
18531.0,-181.04999999999927,21827.75
18531.01,-181.04000000000087,21153.146
18531.02,-181.02999999999884,21586.637
18531.03,-181.02000000000044,21731.279
18531.04,-181.0099999999984,21779.512
18531.05,-181.0,21634.844
18531.06,-180.98999999999796,21586.637
18531.07,-180.97999999999956,21490.25
18531.08,-180.96999999999753,21538.439
18531.09,-180.95999999999913,21683.059
18531.1,-180.95000000000073,21731.279
18531.11,-180.9399999999987,21634.844
18531.12,-180.9300000000003,21586.637
18531.13,-180.91999999999825,21105.021
18531.14,-180.90999999999985,21634.844
18531.15,-180.89999999999782,21827.75
18531.16,-180.88999999999942,21779.512
18531.17,-180.88000000000102,21345.729
18531.18,-180.86999999999898,21393.895
18531.19,-180.86000000000058,21297.57
18531.2,-180.84999999999854,21297.57
18531.21,-180.84000000000015,21297.57
18531.22,-180.8299999999981,21153.146
18531.23,-180.8199999999997,21249.422
18531.24,-180.80999999999767,21249.422
18531.25,-180.79999999999927,21586.637
18531.26,-180.79000000000087,21634.844
18531.27,-180.77999999999884,21779.512
18531.28,-180.77000000000044,21538.439
18531.29,-180.7599999999984,21442.066
18531.3,-180.75,21779.512
18531.31,-180.73999999999796,21634.844
18531.32,-180.72999999999956,21586.637
18531.33,-180.71999999999753,21586.637
18531.34,-180.70999999999913,21634.844
18531.35,-180.70000000000073,21490.25
18531.36,-180.6899999999987,21249.422
18531.37,-180.6800000000003,21442.066
18531.38,-180.66999999999825,21105.021
18531.39,-180.65999999999985,21634.844
18531.4,-180.64999999999782,21731.279
18531.41,-180.63999999999942,21442.066
18531.42,-180.63000000000102,21153.146
18531.43,-180.61999999999898,21297.57
18531.44,-180.61000000000058,21490.25
18531.45,-180.59999999999854,21538.439
18531.46,-180.59000000000015,21731.279
18531.47,-180.5799999999981,21634.844
18531.48,-180.5699999999997,21490.25
18531.49,-180.55999999999767,20960.695
18531.5,-180.54999999999927,21586.637
18531.51,-180.54000000000087,21297.57
18531.52,-180.52999999999884,21634.844
18531.53,-180.52000000000044,21779.512
18531.54,-180.5099999999984,21731.279
18531.55,-180.5,21779.512
18531.56,-180.48999999999796,21393.895
18531.57,-180.47999999999956,21345.729
18531.58,-180.46999999999753,21201.279
18531.59,-180.45999999999913,21779.512
18531.6,-180.45000000000073,21779.512
18531.61,-180.4399999999987,21924.252
18531.62,-180.4300000000003,21538.439
18531.63,-180.41999999999825,21586.637
18531.64,-180.40999999999985,21924.252
18531.65,-180.39999999999782,21249.422
18531.66,-180.38999999999942,21490.25
18531.67,-180.38000000000102,21875.996
18531.68,-180.36999999999898,21442.066
18531.69,-180.36000000000058,21249.422
18531.7,-180.34999999999854,21153.146
18531.71,-180.34000000000015,21249.422
18531.72,-180.3299999999981,21297.57
18531.73,-180.3199999999997,21634.844
18531.74,-180.30999999999767,21683.059
18531.75,-180.29999999999927,21393.895
18531.76,-180.29000000000087,21056.904
18531.77,-180.27999999999884,21586.637
18531.78,-180.27000000000044,21779.512
18531.79,-180.2599999999984,21393.895
18531.8,-180.25,21201.279
18531.81,-180.23999999999796,21442.066
18531.82,-180.22999999999956,21586.637
18531.83,-180.21999999999753,21634.844
18531.84,-180.20999999999913,21586.637
18531.85,-180.20000000000073,21297.57
18531.86,-180.1899999999987,21393.895
18531.87,-180.1800000000003,21538.439
18531.88,-180.16999999999825,21345.729
18531.89,-180.15999999999985,21731.279
18531.9,-180.14999999999782,21779.512
18531.91,-180.13999999999942,21779.512
18531.92,-180.13000000000102,21634.844
18531.93,-180.11999999999898,21683.059
18531.94,-180.11000000000058,21683.059
18531.95,-180.09999999999854,21779.512
18531.96,-180.09000000000015,21634.844
18531.97,-180.0799999999981,21393.895
18531.98,-180.0699999999997,21345.729
18531.99,-180.05999999999767,21393.895
18532.0,-180.04999999999927,20864.52
18532.01,-180.04000000000087,21249.422
18532.02,-180.02999999999884,21538.439
18532.03,-180.02000000000044,21731.279
18532.04,-180.0099999999984,21538.439
18532.05,-180.0,21538.439
18532.06,-179.98999999999796,21538.439
18532.07,-179.97999999999956,21827.75
18532.08,-179.96999999999753,21538.439
18532.09,-179.95999999999913,21972.514
18532.1,-179.95000000000073,21827.75
18532.11,-179.9399999999987,21345.729
18532.12,-179.9300000000003,21490.25
18532.13,-179.91999999999825,21972.514
18532.14,-179.90999999999985,22213.951
18532.15,-179.89999999999782,22020.785
18532.16,-179.88999999999942,21731.279
18532.17,-179.88000000000102,21586.637
18532.18,-179.86999999999898,21442.066
18532.19,-179.86000000000058,21538.439
18532.2,-179.84999999999854,21924.252
18532.21,-179.84000000000015,21683.059
18532.22,-179.8299999999981,21538.439
18532.23,-179.8199999999997,21683.059
18532.24,-179.80999999999767,22020.785
18532.25,-179.79999999999927,21731.279
18532.26,-179.79000000000087,21393.895
18532.27,-179.77999999999884,21586.637
18532.28,-179.77000000000044,21634.844
18532.29,-179.7599999999984,22165.648
18532.3,-179.75,21875.996
18532.31,-179.73999999999796,21683.059
18532.32,-179.72999999999956,21538.439
18532.33,-179.71999999999753,21634.844
18532.34,-179.70999999999913,22020.785
18532.35,-179.70000000000073,22020.785
18532.36,-179.6899999999987,21731.279
18532.37,-179.6800000000003,21779.512
18532.38,-179.66999999999825,21249.422
18532.39,-179.65999999999985,22069.064
18532.4,-179.64999999999782,22020.785
18532.41,-179.63999999999942,21538.439
18532.42,-179.63000000000102,21731.279
18532.43,-179.61999999999898,21924.252
18532.44,-179.61000000000058,21490.25
18532.45,-179.59999999999854,21490.25
18532.46,-179.59000000000015,21827.75
18532.47,-179.5799999999981,21249.422
18532.48,-179.5699999999997,21538.439
18532.49,-179.55999999999767,21634.844
18532.5,-179.54999999999927,22213.951
18532.51,-179.54000000000087,21442.066
18532.52,-179.52999999999884,21731.279
18532.53,-179.52000000000044,21827.75
18532.54,-179.5099999999984,22165.648
18532.55,-179.5,21972.514
18532.56,-179.48999999999796,21779.512
18532.57,-179.47999999999956,21779.512
18532.58,-179.46999999999753,21875.996
18532.59,-179.45999999999913,21538.439
18532.6,-179.45000000000073,21779.512
18532.61,-179.4399999999987,21490.25
18532.62,-179.4300000000003,21393.895
18532.63,-179.41999999999825,21586.637
18532.64,-179.40999999999985,22117.352
18532.65,-179.39999999999782,21683.059
18532.66,-179.38999999999942,21779.512
18532.67,-179.38000000000102,21538.439
18532.68,-179.36999999999898,21442.066
18532.69,-179.36000000000058,21586.637
18532.7,-179.34999999999854,21490.25
18532.71,-179.34000000000015,21586.637
18532.72,-179.3299999999981,21538.439
18532.73,-179.3199999999997,21731.279
18532.74,-179.30999999999767,21731.279
18532.75,-179.29999999999927,21827.75
18532.76,-179.29000000000087,21249.422
18532.77,-179.27999999999884,21875.996
18532.78,-179.27000000000044,22020.785
18532.79,-179.2599999999984,22020.785
18532.8,-179.25,21731.279
18532.81,-179.23999999999796,21683.059
18532.82,-179.22999999999956,21731.279
18532.83,-179.21999999999753,21345.729
18532.84,-179.20999999999913,21779.512
18532.85,-179.20000000000073,22165.648
18532.86,-179.1899999999987,21538.439
18532.87,-179.1800000000003,21924.252
18532.88,-179.16999999999825,21683.059
18532.89,-179.15999999999985,21924.252
18532.9,-179.14999999999782,22117.352
18532.91,-179.13999999999942,21875.996
18532.92,-179.13000000000102,21490.25
18532.93,-179.11999999999898,21393.895
18532.94,-179.11000000000058,21586.637
18532.95,-179.09999999999854,21779.512
18532.96,-179.09000000000015,21779.512
18532.97,-179.0799999999981,21779.512
18532.98,-179.0699999999997,21634.844
18532.99,-179.05999999999767,21345.729
18533.0,-179.04999999999927,21731.279
18533.01,-179.04000000000087,21586.637
18533.02,-179.02999999999884,22020.785
18533.03,-179.02000000000044,22213.951
18533.04,-179.0099999999984,21972.514
18533.05,-179.0,21586.637
18533.06,-178.98999999999796,21586.637
18533.07,-178.97999999999956,21586.637
18533.08,-178.96999999999753,21393.895
18533.09,-178.95999999999913,21201.279
18533.1,-178.95000000000073,21105.021
18533.11,-178.9399999999987,21586.637
18533.12,-178.9300000000003,21538.439
18533.13,-178.91999999999825,21442.066
18533.14,-178.90999999999985,22165.648
18533.15,-178.89999999999782,22069.064
18533.16,-178.88999999999942,21779.512
18533.17,-178.88000000000102,21393.895
18533.18,-178.86999999999898,21393.895
18533.19,-178.86000000000058,21490.25
18533.2,-178.84999999999854,21008.797
18533.21,-178.84000000000015,21201.279
18533.22,-178.8299999999981,21586.637
18533.23,-178.8199999999997,21779.512
18533.24,-178.80999999999767,22069.064
18533.25,-178.79999999999927,21779.512
18533.26,-178.79000000000087,21538.439
18533.27,-178.77999999999884,21442.066
18533.28,-178.77000000000044,21201.279
18533.29,-178.7599999999984,21345.729
18533.3,-178.75,21345.729
18533.31,-178.73999999999796,21586.637
18533.32,-178.72999999999956,21345.729
18533.33,-178.71999999999753,21634.844
18533.34,-178.70999999999913,21924.252
18533.35,-178.70000000000073,21393.895
18533.36,-178.6899999999987,21345.729
18533.37,-178.6800000000003,21538.439
18533.38,-178.66999999999825,21442.066
18533.39,-178.65999999999985,21634.844
18533.4,-178.64999999999782,21153.146
18533.41,-178.63999999999942,21153.146
18533.42,-178.63000000000102,21345.729
18533.43,-178.61999999999898,21634.844
18533.44,-178.61000000000058,21490.25
18533.45,-178.59999999999854,21538.439
18533.46,-178.59000000000015,21634.844
18533.47,-178.5799999999981,21634.844
18533.48,-178.5699999999997,21297.57
18533.49,-178.55999999999767,21779.512
18533.5,-178.54999999999927,21490.25
18533.51,-178.54000000000087,21153.146
18533.52,-178.52999999999884,21538.439
18533.53,-178.52000000000044,21586.637
18533.54,-178.5099999999984,21249.422
18533.55,-178.5,21249.422
18533.56,-178.48999999999796,21442.066
18533.57,-178.47999999999956,21297.57
18533.58,-178.46999999999753,21538.439
18533.59,-178.45999999999913,21586.637
18533.6,-178.45000000000073,21683.059
18533.61,-178.4399999999987,21779.512
18533.62,-178.4300000000003,21731.279
18533.63,-178.41999999999825,21345.729
18533.64,-178.40999999999985,21683.059
18533.65,-178.39999999999782,21779.512
18533.66,-178.38999999999942,21731.279
18533.67,-178.38000000000102,21731.279
18533.68,-178.36999999999898,21779.512
18533.69,-178.36000000000058,21490.25
18533.7,-178.34999999999854,21442.066
18533.71,-178.34000000000015,21249.422
18533.72,-178.3299999999981,21249.422
18533.73,-178.3199999999997,21345.729
18533.74,-178.30999999999767,21056.904
18533.75,-178.29999999999927,21683.059
18533.76,-178.29000000000087,21393.895
18533.77,-178.27999999999884,21924.252
18533.78,-178.27000000000044,21201.279
18533.79,-178.2599999999984,21538.439
18533.8,-178.25,21731.279
18533.81,-178.23999999999796,21345.729
18533.82,-178.22999999999956,21634.844
18533.83,-178.21999999999753,21634.844
18533.84,-178.20999999999913,21683.059
18533.85,-178.20000000000073,21345.729
18533.86,-178.1899999999987,21442.066
18533.87,-178.1800000000003,21683.059
18533.88,-178.16999999999825,21586.637
18533.89,-178.15999999999985,21683.059
18533.9,-178.14999999999782,21683.059
18533.91,-178.13999999999942,21634.844
18533.92,-178.13000000000102,21249.422
18533.93,-178.11999999999898,21153.146
18533.94,-178.11000000000058,21731.279
18533.95,-178.09999999999854,21538.439
18533.96,-178.09000000000015,21490.25
18533.97,-178.0799999999981,21153.146
18533.98,-178.0699999999997,21297.57
18533.99,-178.05999999999767,21345.729
18534.0,-178.04999999999927,21634.844
18534.01,-178.04000000000087,21634.844
18534.02,-178.02999999999884,21779.512
18534.03,-178.02000000000044,21345.729
18534.04,-178.0099999999984,21827.75
18534.05,-178.0,21924.252
18534.06,-177.98999999999796,22020.785
18534.07,-177.97999999999956,21972.514
18534.08,-177.96999999999753,21827.75
18534.09,-177.95999999999913,21827.75
18534.1,-177.95000000000073,21634.844
18534.11,-177.9399999999987,21442.066
18534.12,-177.9300000000003,21731.279
18534.13,-177.91999999999825,21779.512
18534.14,-177.90999999999985,21875.996
18534.15,-177.89999999999782,21731.279
18534.16,-177.88999999999942,21779.512
18534.17,-177.88000000000102,21924.252
18534.18,-177.86999999999898,21875.996
18534.19,-177.86000000000058,21779.512
18534.2,-177.84999999999854,21538.439
18534.21,-177.84000000000015,21779.512
18534.22,-177.8299999999981,21924.252
18534.23,-177.8199999999997,21924.252
18534.24,-177.80999999999767,21634.844
18534.25,-177.79999999999927,21634.844
18534.26,-177.79000000000087,21249.422
18534.27,-177.77999999999884,21827.75
18534.28,-177.77000000000044,21924.252
18534.29,-177.7599999999984,21731.279
18534.3,-177.75,21827.75
18534.31,-177.73999999999796,21924.252
18534.32,-177.72999999999956,22020.785
18534.33,-177.71999999999753,21731.279
18534.34,-177.70999999999913,21731.279
18534.35,-177.70000000000073,21875.996
18534.36,-177.6899999999987,22020.785
18534.37,-177.6800000000003,21875.996
18534.38,-177.66999999999825,21297.57
18534.39,-177.65999999999985,21538.439
18534.4,-177.64999999999782,21731.279
18534.41,-177.63999999999942,21779.512
18534.42,-177.63000000000102,21972.514
18534.43,-177.61999999999898,22020.785
18534.44,-177.61000000000058,21586.637
18534.45,-177.59999999999854,21538.439
18534.46,-177.59000000000015,21586.637
18534.47,-177.5799999999981,21442.066
18534.48,-177.5699999999997,21538.439
18534.49,-177.55999999999767,21634.844
18534.5,-177.54999999999927,21731.279
18534.51,-177.54000000000087,21586.637
18534.52,-177.52999999999884,21827.75
18534.53,-177.52000000000044,22165.648
18534.54,-177.5099999999984,21924.252
18534.55,-177.5,21875.996
18534.56,-177.48999999999796,21875.996
18534.57,-177.47999999999956,21875.996
18534.58,-177.46999999999753,21538.439
18534.59,-177.45999999999913,21634.844
18534.6,-177.45000000000073,21538.439
18534.61,-177.4399999999987,21875.996
18534.62,-177.4300000000003,22165.648
18534.63,-177.41999999999825,21827.75
18534.64,-177.40999999999985,21924.252
18534.65,-177.39999999999782,21731.279
18534.66,-177.38999999999942,21683.059
18534.67,-177.38000000000102,21442.066
18534.68,-177.36999999999898,21538.439
18534.69,-177.36000000000058,21538.439
18534.7,-177.34999999999854,21779.512
18534.71,-177.34000000000015,22262.264
18534.72,-177.3299999999981,22020.785
18534.73,-177.3199999999997,21827.75
18534.74,-177.30999999999767,21634.844
18534.75,-177.29999999999927,21683.059
18534.76,-177.29000000000087,21683.059
18534.77,-177.27999999999884,21731.279
18534.78,-177.27000000000044,21490.25
18534.79,-177.2599999999984,21634.844
18534.8,-177.25,21683.059
18534.81,-177.23999999999796,21586.637
18534.82,-177.22999999999956,21779.512
18534.83,-177.21999999999753,21634.844
18534.84,-177.20999999999913,21827.75
18534.85,-177.20000000000073,21924.252
18534.86,-177.1899999999987,21490.25
18534.87,-177.1800000000003,21586.637
18534.88,-177.16999999999825,21345.729
18534.89,-177.15999999999985,21827.75
18534.9,-177.14999999999782,21634.844
18534.91,-177.13999999999942,22020.785
18534.92,-177.13000000000102,21731.279
18534.93,-177.11999999999898,22213.951
18534.94,-177.11000000000058,22020.785
18534.95,-177.09999999999854,21731.279
18534.96,-177.09000000000015,21586.637
18534.97,-177.0799999999981,21875.996
18534.98,-177.0699999999997,21924.252
18534.99,-177.05999999999767,21490.25
18535.0,-177.04999999999927,21538.439
18535.01,-177.04000000000087,21538.439
18535.02,-177.02999999999884,22069.064
18535.03,-177.02000000000044,21972.514
18535.04,-177.0099999999984,21875.996
18535.05,-177.0,21972.514
18535.06,-176.98999999999796,21875.996
18535.07,-176.97999999999956,21586.637
18535.08,-176.96999999999753,21056.904
18535.09,-176.95999999999913,21008.797
18535.1,-176.95000000000073,21153.146
18535.11,-176.9399999999987,21201.279
18535.12,-176.9300000000003,21586.637
18535.13,-176.91999999999825,21153.146
18535.14,-176.90999999999985,21490.25
18535.15,-176.89999999999782,21490.25
18535.16,-176.88999999999942,21538.439
18535.17,-176.88000000000102,21827.75
18535.18,-176.86999999999898,21490.25
18535.19,-176.86000000000058,21345.729
18535.2,-176.84999999999854,21393.895
18535.21,-176.84000000000015,21538.439
18535.22,-176.8299999999981,21538.439
18535.23,-176.8199999999997,21297.57
18535.24,-176.80999999999767,21779.512
18535.25,-176.79999999999927,21683.059
18535.26,-176.79000000000087,21683.059
18535.27,-176.77999999999884,21731.279
18535.28,-176.77000000000044,21538.439
18535.29,-176.7599999999984,21538.439
18535.3,-176.75,20912.604
18535.31,-176.73999999999796,20912.604
18535.32,-176.72999999999956,21297.57
18535.33,-176.71999999999753,21056.904
18535.34,-176.70999999999913,21249.422
18535.35,-176.70000000000073,21442.066
18535.36,-176.6899999999987,21345.729
18535.37,-176.6800000000003,21683.059
18535.38,-176.66999999999825,21345.729
18535.39,-176.65999999999985,21345.729
18535.4,-176.64999999999782,21586.637
18535.41,-176.63999999999942,21153.146
18535.42,-176.63000000000102,21297.57
18535.43,-176.61999999999898,21249.422
18535.44,-176.61000000000058,21538.439
18535.45,-176.59999999999854,21924.252
18535.46,-176.59000000000015,21586.637
18535.47,-176.5799999999981,21393.895
18535.48,-176.5699999999997,21153.146
18535.49,-176.55999999999767,21153.146
18535.5,-176.54999999999927,21393.895
18535.51,-176.54000000000087,21538.439
18535.52,-176.52999999999884,21586.637
18535.53,-176.52000000000044,21779.512
18535.54,-176.5099999999984,21779.512
18535.55,-176.5,21393.895
18535.56,-176.48999999999796,21056.904
18535.57,-176.47999999999956,20960.695
18535.58,-176.46999999999753,21297.57
18535.59,-176.45999999999913,21442.066
18535.6,-176.45000000000073,21442.066
18535.61,-176.4399999999987,21779.512
18535.62,-176.4300000000003,21779.512
18535.63,-176.41999999999825,21345.729
18535.64,-176.40999999999985,21393.895
18535.65,-176.39999999999782,21105.021
18535.66,-176.38999999999942,21249.422
18535.67,-176.38000000000102,21249.422
18535.68,-176.36999999999898,21538.439
18535.69,-176.36000000000058,21779.512
18535.7,-176.34999999999854,21634.844
18535.71,-176.34000000000015,21297.57
18535.72,-176.3299999999981,21586.637
18535.73,-176.3199999999997,21442.066
18535.74,-176.30999999999767,21297.57
18535.75,-176.29999999999927,21297.57
18535.76,-176.29000000000087,21249.422
18535.77,-176.27999999999884,21634.844
18535.78,-176.27000000000044,21345.729
18535.79,-176.2599999999984,21201.279
18535.8,-176.25,21249.422
18535.81,-176.23999999999796,21249.422
18535.82,-176.22999999999956,21490.25
18535.83,-176.21999999999753,21297.57
18535.84,-176.20999999999913,21345.729
18535.85,-176.20000000000073,21345.729
18535.86,-176.1899999999987,21731.279
18535.87,-176.1800000000003,21634.844
18535.88,-176.16999999999825,21393.895
18535.89,-176.15999999999985,21490.25
18535.9,-176.14999999999782,21538.439
18535.91,-176.13999999999942,21393.895
18535.92,-176.13000000000102,21393.895
18535.93,-176.11999999999898,21345.729
18535.94,-176.11000000000058,21249.422
18535.95,-176.09999999999854,21345.729
18535.96,-176.09000000000015,21056.904
18535.97,-176.0799999999981,21634.844
18535.98,-176.0699999999997,21683.059
18535.99,-176.05999999999767,21442.066
18536.0,-176.04999999999927,21538.439
18536.01,-176.04000000000087,21201.279
18536.02,-176.02999999999884,21297.57
18536.03,-176.02000000000044,21201.279
18536.04,-176.0099999999984,20768.375
18536.05,-176.0,21345.729
18536.06,-175.98999999999796,21345.729
18536.07,-175.97999999999956,21442.066
18536.08,-175.96999999999753,21683.059
18536.09,-175.95999999999913,21972.514
18536.1,-175.95000000000073,22310.584
18536.11,-175.9399999999987,21924.252
18536.12,-175.9300000000003,21586.637
18536.13,-175.91999999999825,21056.904
18536.14,-175.90999999999985,21538.439
18536.15,-175.89999999999782,21924.252
18536.16,-175.88999999999942,21490.25
18536.17,-175.88000000000102,21249.422
18536.18,-175.86999999999898,21586.637
18536.19,-175.86000000000058,21634.844
18536.2,-175.84999999999854,21345.729
18536.21,-175.84000000000015,21393.895
18536.22,-175.8299999999981,21249.422
18536.23,-175.8199999999997,21153.146
18536.24,-175.80999999999767,21442.066
18536.25,-175.79999999999927,21779.512
18536.26,-175.79000000000087,21586.637
18536.27,-175.77999999999884,21683.059
18536.28,-175.77000000000044,21345.729
18536.29,-175.7599999999984,21345.729
18536.3,-175.75,21683.059
18536.31,-175.73999999999796,21538.439
18536.32,-175.72999999999956,21153.146
18536.33,-175.71999999999753,21201.279
18536.34,-175.70999999999913,21393.895
18536.35,-175.70000000000073,21683.059
18536.36,-175.6899999999987,21924.252
18536.37,-175.6800000000003,21538.439
18536.38,-175.66999999999825,21586.637
18536.39,-175.65999999999985,22213.951
18536.4,-175.64999999999782,21779.512
18536.41,-175.63999999999942,21345.729
18536.42,-175.63000000000102,21345.729
18536.43,-175.61999999999898,21586.637
18536.44,-175.61000000000058,21297.57
18536.45,-175.59999999999854,21442.066
18536.46,-175.59000000000015,21490.25
18536.47,-175.5799999999981,21490.25
18536.48,-175.5699999999997,21201.279
18536.49,-175.55999999999767,21393.895
18536.5,-175.54999999999927,21731.279
18536.51,-175.54000000000087,21875.996
18536.52,-175.52999999999884,21827.75
18536.53,-175.52000000000044,21731.279
18536.54,-175.5099999999984,21634.844
18536.55,-175.5,21779.512
18536.56,-175.48999999999796,21634.844
18536.57,-175.47999999999956,21105.021
18536.58,-175.46999999999753,20768.375
18536.59,-175.45999999999913,21345.729
18536.6,-175.45000000000073,21442.066
18536.61,-175.4399999999987,21875.996
18536.62,-175.4300000000003,21731.279
18536.63,-175.41999999999825,21490.25
18536.64,-175.40999999999985,21731.279
18536.65,-175.39999999999782,21634.844
18536.66,-175.38999999999942,21924.252
18536.67,-175.38000000000102,21393.895
18536.68,-175.36999999999898,21393.895
18536.69,-175.36000000000058,21538.439
18536.7,-175.34999999999854,21345.729
18536.71,-175.34000000000015,21490.25
18536.72,-175.3299999999981,21924.252
18536.73,-175.3199999999997,21827.75
18536.74,-175.30999999999767,21634.844
18536.75,-175.29999999999927,21153.146
18536.76,-175.29000000000087,21056.904
18536.77,-175.27999999999884,21345.729
18536.78,-175.27000000000044,21683.059
18536.79,-175.2599999999984,21586.637
18536.8,-175.25,21683.059
18536.81,-175.23999999999796,21731.279
18536.82,-175.22999999999956,21490.25
18536.83,-175.21999999999753,21393.895
18536.84,-175.20999999999913,21538.439
18536.85,-175.20000000000073,21490.25
18536.86,-175.1899999999987,21490.25
18536.87,-175.1800000000003,21779.512
18536.88,-175.16999999999825,21442.066
18536.89,-175.15999999999985,21297.57
18536.9,-175.14999999999782,21345.729
18536.91,-175.13999999999942,21634.844
18536.92,-175.13000000000102,21586.637
18536.93,-175.11999999999898,21538.439
18536.94,-175.11000000000058,22069.064
18536.95,-175.09999999999854,21875.996
18536.96,-175.09000000000015,21586.637
18536.97,-175.0799999999981,21586.637
18536.98,-175.0699999999997,21731.279
18536.99,-175.05999999999767,21105.021
18537.0,-175.04999999999927,21105.021
18537.01,-175.04000000000087,21105.021
18537.02,-175.02999999999884,21393.895
18537.03,-175.02000000000044,21586.637
18537.04,-175.0099999999984,21586.637
18537.05,-175.0,21345.729
18537.06,-174.98999999999796,21586.637
18537.07,-174.97999999999956,21538.439
18537.08,-174.96999999999753,21538.439
18537.09,-174.95999999999913,21442.066
18537.1,-174.95000000000073,21442.066
18537.11,-174.9399999999987,21393.895
18537.12,-174.9300000000003,21875.996
18537.13,-174.91999999999825,21538.439
18537.14,-174.90999999999985,21297.57
18537.15,-174.89999999999782,21442.066
18537.16,-174.88999999999942,21586.637
18537.17,-174.88000000000102,21056.904
18537.18,-174.86999999999898,20960.695
18537.19,-174.86000000000058,21105.021
18537.2,-174.84999999999854,21297.57
18537.21,-174.84000000000015,21731.279
18537.22,-174.8299999999981,21393.895
18537.23,-174.8199999999997,21490.25
18537.24,-174.80999999999767,21634.844
18537.25,-174.79999999999927,21586.637
18537.26,-174.79000000000087,21249.422
18537.27,-174.77999999999884,21586.637
18537.28,-174.77000000000044,21297.57
18537.29,-174.7599999999984,21490.25
18537.3,-174.75,21490.25
18537.31,-174.73999999999796,21490.25
18537.32,-174.72999999999956,21586.637
18537.33,-174.71999999999753,21345.729
18537.34,-174.70999999999913,21442.066
18537.35,-174.70000000000073,21153.146
18537.36,-174.6899999999987,21972.514
18537.37,-174.6800000000003,21538.439
18537.38,-174.66999999999825,21153.146
18537.39,-174.65999999999985,21538.439
18537.4,-174.64999999999782,21490.25
18537.41,-174.63999999999942,21490.25
18537.42,-174.63000000000102,21490.25
18537.43,-174.61999999999898,21393.895
18537.44,-174.61000000000058,21490.25
18537.45,-174.59999999999854,21442.066
18537.46,-174.59000000000015,21393.895
18537.47,-174.5799999999981,21201.279
18537.48,-174.5699999999997,21201.279
18537.49,-174.55999999999767,21586.637
18537.5,-174.54999999999927,21731.279
18537.51,-174.54000000000087,21345.729
18537.52,-174.52999999999884,21731.279
18537.53,-174.52000000000044,21490.25
18537.54,-174.5099999999984,21153.146
18537.55,-174.5,21345.729
18537.56,-174.48999999999796,21442.066
18537.57,-174.47999999999956,21153.146
18537.58,-174.46999999999753,21442.066
18537.59,-174.45999999999913,21731.279
18537.6,-174.45000000000073,21924.252
18537.61,-174.4399999999987,21490.25
18537.62,-174.4300000000003,21393.895
18537.63,-174.41999999999825,20912.604
18537.64,-174.40999999999985,21249.422
18537.65,-174.39999999999782,21634.844
18537.66,-174.38999999999942,21345.729
18537.67,-174.38000000000102,21779.512
18537.68,-174.36999999999898,21779.512
18537.69,-174.36000000000058,21201.279
18537.7,-174.34999999999854,21683.059
18537.71,-174.34000000000015,21490.25
18537.72,-174.3299999999981,21153.146
18537.73,-174.3199999999997,21201.279
18537.74,-174.30999999999767,21393.895
18537.75,-174.29999999999927,21779.512
18537.76,-174.29000000000087,21538.439
18537.77,-174.27999999999884,21634.844
18537.78,-174.27000000000044,21683.059
18537.79,-174.2599999999984,21538.439
18537.8,-174.25,20768.375
18537.81,-174.23999999999796,21056.904
18537.82,-174.22999999999956,21731.279
18537.83,-174.21999999999753,21538.439
18537.84,-174.20999999999913,21634.844
18537.85,-174.20000000000073,21345.729
18537.86,-174.1899999999987,21008.797
18537.87,-174.1800000000003,21393.895
18537.88,-174.16999999999825,20960.695
18537.89,-174.15999999999985,21442.066
18537.9,-174.14999999999782,21345.729
18537.91,-174.13999999999942,21393.895
18537.92,-174.13000000000102,21634.844
18537.93,-174.11999999999898,21779.512
18537.94,-174.11000000000058,21490.25
18537.95,-174.09999999999854,21827.75
18537.96,-174.09000000000015,21827.75
18537.97,-174.0799999999981,21538.439
18537.98,-174.0699999999997,21056.904
18537.99,-174.05999999999767,20768.375
18538.0,-174.04999999999927,21153.146
18538.01,-174.04000000000087,21056.904
18538.02,-174.02999999999884,21538.439
18538.03,-174.02000000000044,21538.439
18538.04,-174.0099999999984,21442.066
18538.05,-174.0,21683.059
18538.06,-173.98999999999796,22020.785
18538.07,-173.97999999999956,21827.75
18538.08,-173.96999999999753,21538.439
18538.09,-173.95999999999913,21201.279
18538.1,-173.95000000000073,21393.895
18538.11,-173.9399999999987,21393.895
18538.12,-173.9300000000003,21490.25
18538.13,-173.91999999999825,21345.729
18538.14,-173.90999999999985,21586.637
18538.15,-173.89999999999782,21827.75
18538.16,-173.88999999999942,21490.25
18538.17,-173.88000000000102,21827.75
18538.18,-173.86999999999898,21779.512
18538.19,-173.86000000000058,21731.279
18538.2,-173.84999999999854,21586.637
18538.21,-173.84000000000015,21297.57
18538.22,-173.8299999999981,21586.637
18538.23,-173.8199999999997,21683.059
18538.24,-173.80999999999767,21538.439
18538.25,-173.79999999999927,21924.252
18538.26,-173.79000000000087,21586.637
18538.27,-173.77999999999884,21586.637
18538.28,-173.77000000000044,21634.844
18538.29,-173.7599999999984,21442.066
18538.3,-173.75,21345.729
18538.31,-173.73999999999796,21875.996
18538.32,-173.72999999999956,21731.279
18538.33,-173.71999999999753,21297.57
18538.34,-173.70999999999913,21393.895
18538.35,-173.70000000000073,21634.844
18538.36,-173.6899999999987,21875.996
18538.37,-173.6800000000003,21393.895
18538.38,-173.66999999999825,21153.146
18538.39,-173.65999999999985,21586.637
18538.4,-173.64999999999782,21779.512
18538.41,-173.63999999999942,21490.25
18538.42,-173.63000000000102,21586.637
18538.43,-173.61999999999898,21683.059
18538.44,-173.61000000000058,21345.729
18538.45,-173.59999999999854,21442.066
18538.46,-173.59000000000015,21779.512
18538.47,-173.5799999999981,21345.729
18538.48,-173.5699999999997,21345.729
18538.49,-173.55999999999767,21875.996
18538.5,-173.54999999999927,21634.844
18538.51,-173.54000000000087,21297.57
18538.52,-173.52999999999884,21779.512
18538.53,-173.52000000000044,21683.059
18538.54,-173.5099999999984,21490.25
18538.55,-173.5,21345.729
18538.56,-173.48999999999796,21442.066
18538.57,-173.47999999999956,21683.059
18538.58,-173.46999999999753,21538.439
18538.59,-173.45999999999913,21490.25
18538.6,-173.45000000000073,21731.279
18538.61,-173.4399999999987,21779.512
18538.62,-173.4300000000003,21393.895
18538.63,-173.41999999999825,21345.729
18538.64,-173.40999999999985,21875.996
18538.65,-173.39999999999782,22020.785
18538.66,-173.38999999999942,21972.514
18538.67,-173.38000000000102,21779.512
18538.68,-173.36999999999898,21683.059
18538.69,-173.36000000000058,21683.059
18538.7,-173.34999999999854,21345.729
18538.71,-173.34000000000015,21634.844
18538.72,-173.3299999999981,21538.439
18538.73,-173.3199999999997,21393.895
18538.74,-173.30999999999767,21297.57
18538.75,-173.29999999999927,21538.439
18538.76,-173.29000000000087,21442.066
18538.77,-173.27999999999884,21586.637
18538.78,-173.27000000000044,21201.279
18538.79,-173.2599999999984,21297.57
18538.8,-173.25,21586.637
18538.81,-173.23999999999796,21875.996
18538.82,-173.22999999999956,21538.439
18538.83,-173.21999999999753,21442.066
18538.84,-173.20999999999913,21249.422
18538.85,-173.20000000000073,21972.514
18538.86,-173.1899999999987,21924.252
18538.87,-173.1800000000003,21586.637
18538.88,-173.16999999999825,21345.729
18538.89,-173.15999999999985,21490.25
18538.9,-173.14999999999782,21731.279
18538.91,-173.13999999999942,21345.729
18538.92,-173.13000000000102,21779.512
18538.93,-173.11999999999898,21683.059
18538.94,-173.11000000000058,21393.895
18538.95,-173.09999999999854,21442.066
18538.96,-173.09000000000015,21634.844
18538.97,-173.0799999999981,21634.844
18538.98,-173.0699999999997,21779.512
18538.99,-173.05999999999767,21731.279
18539.0,-173.04999999999927,21779.512
18539.01,-173.04000000000087,21538.439
18539.02,-173.02999999999884,21875.996
18539.03,-173.02000000000044,21586.637
18539.04,-173.0099999999984,21490.25
18539.05,-173.0,21201.279
18539.06,-172.98999999999796,21634.844
18539.07,-172.97999999999956,21490.25
18539.08,-172.96999999999753,21538.439
18539.09,-172.95999999999913,21393.895
18539.1,-172.95000000000073,21201.279
18539.11,-172.9399999999987,21153.146
18539.12,-172.9300000000003,21345.729
18539.13,-172.91999999999825,21345.729
18539.14,-172.90999999999985,21731.279
18539.15,-172.89999999999782,21634.844
18539.16,-172.88999999999942,21393.895
18539.17,-172.88000000000102,21586.637
18539.18,-172.86999999999898,21538.439
18539.19,-172.86000000000058,21297.57
18539.2,-172.84999999999854,21297.57
18539.21,-172.84000000000015,21345.729
18539.22,-172.8299999999981,21393.895
18539.23,-172.8199999999997,21297.57
18539.24,-172.80999999999767,21634.844
18539.25,-172.79999999999927,21634.844
18539.26,-172.79000000000087,20960.695
18539.27,-172.77999999999884,21442.066
18539.28,-172.77000000000044,21345.729
18539.29,-172.7599999999984,21393.895
18539.3,-172.75,21731.279
18539.31,-172.73999999999796,21972.514
18539.32,-172.72999999999956,21827.75
18539.33,-172.71999999999753,21105.021
18539.34,-172.70999999999913,21056.904
18539.35,-172.70000000000073,21634.844
18539.36,-172.6899999999987,21683.059
18539.37,-172.6800000000003,21442.066
18539.38,-172.66999999999825,20960.695
18539.39,-172.65999999999985,21201.279
18539.4,-172.64999999999782,21634.844
18539.41,-172.63999999999942,21924.252
18539.42,-172.63000000000102,21731.279
18539.43,-172.61999999999898,21538.439
18539.44,-172.61000000000058,21249.422
18539.45,-172.59999999999854,21105.021
18539.46,-172.59000000000015,21153.146
18539.47,-172.5799999999981,21586.637
18539.48,-172.5699999999997,21297.57
18539.49,-172.55999999999767,21153.146
18539.5,-172.54999999999927,21393.895
18539.51,-172.54000000000087,21393.895
18539.52,-172.52999999999884,21683.059
18539.53,-172.52000000000044,21972.514
18539.54,-172.5099999999984,21586.637
18539.55,-172.5,21345.729
18539.56,-172.48999999999796,21201.279
18539.57,-172.47999999999956,21393.895
18539.58,-172.46999999999753,21586.637
18539.59,-172.45999999999913,21586.637
18539.6,-172.45000000000073,21538.439
18539.61,-172.4399999999987,21393.895
18539.62,-172.4300000000003,21393.895
18539.63,-172.41999999999825,21201.279
18539.64,-172.40999999999985,21731.279
18539.65,-172.39999999999782,21490.25
18539.66,-172.38999999999942,21345.729
18539.67,-172.38000000000102,21586.637
18539.68,-172.36999999999898,21924.252
18539.69,-172.36000000000058,21490.25
18539.7,-172.34999999999854,20960.695
18539.71,-172.34000000000015,21105.021
18539.72,-172.3299999999981,21490.25
18539.73,-172.3199999999997,21586.637
18539.74,-172.30999999999767,21875.996
18539.75,-172.29999999999927,21586.637
18539.76,-172.29000000000087,20960.695
18539.77,-172.27999999999884,21490.25
18539.78,-172.27000000000044,21297.57
18539.79,-172.2599999999984,21538.439
18539.8,-172.25,21442.066
18539.81,-172.23999999999796,21249.422
18539.82,-172.22999999999956,21490.25
18539.83,-172.21999999999753,21442.066
18539.84,-172.20999999999913,21586.637
18539.85,-172.20000000000073,21875.996
18539.86,-172.1899999999987,21345.729
18539.87,-172.1800000000003,21297.57
18539.88,-172.16999999999825,21538.439
18539.89,-172.15999999999985,21634.844
18539.9,-172.14999999999782,21490.25
18539.91,-172.13999999999942,21490.25
18539.92,-172.13000000000102,21153.146
18539.93,-172.11999999999898,20768.375
18539.94,-172.11000000000058,21249.422
18539.95,-172.09999999999854,21586.637
18539.96,-172.09000000000015,21586.637
18539.97,-172.0799999999981,21683.059
18539.98,-172.0699999999997,21538.439
18539.99,-172.05999999999767,21586.637
18540.0,-172.04999999999927,21249.422
18540.01,-172.04000000000087,20912.604
18540.02,-172.02999999999884,21442.066
18540.03,-172.02000000000044,21683.059
18540.04,-172.0099999999984,21586.637
18540.05,-172.0,21779.512
18540.06,-171.98999999999796,21683.059
18540.07,-171.97999999999956,21634.844
18540.08,-171.96999999999753,21490.25
18540.09,-171.95999999999913,21538.439
18540.1,-171.95000000000073,21586.637
18540.11,-171.9399999999987,21490.25
18540.12,-171.9300000000003,21827.75
18540.13,-171.91999999999825,21345.729
18540.14,-171.90999999999985,21586.637
18540.15,-171.89999999999782,21586.637
18540.16,-171.88999999999942,21683.059
18540.17,-171.88000000000102,21779.512
18540.18,-171.86999999999898,21972.514
18540.19,-171.86000000000058,21634.844
18540.2,-171.84999999999854,21538.439
18540.21,-171.84000000000015,21297.57
18540.22,-171.8299999999981,21442.066
18540.23,-171.8199999999997,21297.57
18540.24,-171.80999999999767,21586.637
18540.25,-171.79999999999927,21731.279
18540.26,-171.79000000000087,21538.439
18540.27,-171.77999999999884,21586.637
18540.28,-171.77000000000044,21345.729
18540.29,-171.7599999999984,21538.439
18540.3,-171.75,21634.844
18540.31,-171.73999999999796,21731.279
18540.32,-171.72999999999956,21538.439
18540.33,-171.71999999999753,21634.844
18540.34,-171.70999999999913,21683.059
18540.35,-171.70000000000073,21538.439
18540.36,-171.6899999999987,21538.439
18540.37,-171.6800000000003,21538.439
18540.38,-171.66999999999825,21345.729
18540.39,-171.65999999999985,21779.512
18540.4,-171.64999999999782,21586.637
18540.41,-171.63999999999942,21683.059
18540.42,-171.63000000000102,21634.844
18540.43,-171.61999999999898,21731.279
18540.44,-171.61000000000058,21634.844
18540.45,-171.59999999999854,21393.895
18540.46,-171.59000000000015,21201.279
18540.47,-171.5799999999981,21056.904
18540.48,-171.5699999999997,21393.895
18540.49,-171.55999999999767,21634.844
18540.5,-171.54999999999927,22020.785
18540.51,-171.54000000000087,21683.059
18540.52,-171.52999999999884,21924.252
18540.53,-171.52000000000044,21683.059
18540.54,-171.5099999999984,21538.439
18540.55,-171.5,21731.279
18540.56,-171.48999999999796,21538.439
18540.57,-171.47999999999956,21442.066
18540.58,-171.46999999999753,21683.059
18540.59,-171.45999999999913,21683.059
18540.6,-171.45000000000073,21490.25
18540.61,-171.4399999999987,21442.066
18540.62,-171.4300000000003,21779.512
18540.63,-171.41999999999825,21297.57
18540.64,-171.40999999999985,21442.066
18540.65,-171.39999999999782,21393.895
18540.66,-171.38999999999942,21827.75
18540.67,-171.38000000000102,21490.25
18540.68,-171.36999999999898,21490.25
18540.69,-171.36000000000058,21586.637
18540.7,-171.34999999999854,21634.844
18540.71,-171.34000000000015,22069.064
18540.72,-171.3299999999981,21297.57
18540.73,-171.3199999999997,21827.75
18540.74,-171.30999999999767,21683.059
18540.75,-171.29999999999927,21731.279
18540.76,-171.29000000000087,21008.797
18540.77,-171.27999999999884,21442.066
18540.78,-171.27000000000044,21731.279
18540.79,-171.2599999999984,21924.252
18540.8,-171.25,21490.25
18540.81,-171.23999999999796,21056.904
18540.82,-171.22999999999956,20960.695
18540.83,-171.21999999999753,21056.904
18540.84,-171.20999999999913,21972.514
18540.85,-171.20000000000073,21875.996
18540.86,-171.1899999999987,21731.279
18540.87,-171.1800000000003,21586.637
18540.88,-171.16999999999825,21393.895
18540.89,-171.15999999999985,21972.514
18540.9,-171.14999999999782,21875.996
18540.91,-171.13999999999942,21586.637
18540.92,-171.13000000000102,21442.066
18540.93,-171.11999999999898,21490.25
18540.94,-171.11000000000058,21490.25
18540.95,-171.09999999999854,21345.729
18540.96,-171.09000000000015,21538.439
18540.97,-171.0799999999981,21538.439
18540.98,-171.0699999999997,21827.75
18540.99,-171.05999999999767,21827.75
18541.0,-171.04999999999927,21393.895
18541.01,-171.04000000000087,21056.904
18541.02,-171.02999999999884,21538.439
18541.03,-171.02000000000044,22069.064
18541.04,-171.0099999999984,21924.252
18541.05,-171.0,21490.25
18541.06,-170.98999999999796,21297.57
18541.07,-170.97999999999956,20912.604
18541.08,-170.96999999999753,21442.066
18541.09,-170.95999999999913,21538.439
18541.1,-170.95000000000073,20960.695
18541.11,-170.9399999999987,21442.066
18541.12,-170.9300000000003,21249.422
18541.13,-170.91999999999825,21153.146
18541.14,-170.90999999999985,21538.439
18541.15,-170.89999999999782,21779.512
18541.16,-170.88999999999942,22165.648
18541.17,-170.88000000000102,21731.279
18541.18,-170.86999999999898,21538.439
18541.19,-170.86000000000058,21442.066
18541.2,-170.84999999999854,21634.844
18541.21,-170.84000000000015,21634.844
18541.22,-170.8299999999981,20960.695
18541.23,-170.8199999999997,21442.066
18541.24,-170.80999999999767,21972.514
18541.25,-170.79999999999927,21827.75
18541.26,-170.79000000000087,21153.146
18541.27,-170.77999999999884,21586.637
18541.28,-170.77000000000044,21538.439
18541.29,-170.7599999999984,21393.895
18541.3,-170.75,21490.25
18541.31,-170.73999999999796,21153.146
18541.32,-170.72999999999956,21056.904
18541.33,-170.71999999999753,21153.146
18541.34,-170.70999999999913,21634.844
18541.35,-170.70000000000073,21249.422
18541.36,-170.6899999999987,21249.422
18541.37,-170.6800000000003,21586.637
18541.38,-170.66999999999825,21153.146
18541.39,-170.65999999999985,21731.279
18541.4,-170.64999999999782,21249.422
18541.41,-170.63999999999942,21634.844
18541.42,-170.63000000000102,21586.637
18541.43,-170.61999999999898,21683.059
18541.44,-170.61000000000058,21490.25
18541.45,-170.59999999999854,21442.066
18541.46,-170.59000000000015,21393.895
18541.47,-170.5799999999981,21345.729
18541.48,-170.5699999999997,21683.059
18541.49,-170.55999999999767,21731.279
18541.5,-170.54999999999927,21586.637
18541.51,-170.54000000000087,21249.422
18541.52,-170.52999999999884,21153.146
18541.53,-170.52000000000044,21105.021
18541.54,-170.5099999999984,21490.25
18541.55,-170.5,21634.844
18541.56,-170.48999999999796,21538.439
18541.57,-170.47999999999956,21442.066
18541.58,-170.46999999999753,21345.729
18541.59,-170.45999999999913,21345.729
18541.6,-170.45000000000073,21201.279
18541.61,-170.4399999999987,21393.895
18541.62,-170.4300000000003,21683.059
18541.63,-170.41999999999825,21586.637
18541.64,-170.40999999999985,21779.512
18541.65,-170.39999999999782,21779.512
18541.66,-170.38999999999942,21538.439
18541.67,-170.38000000000102,21345.729
18541.68,-170.36999999999898,21201.279
18541.69,-170.36000000000058,21153.146
18541.7,-170.34999999999854,21683.059
18541.71,-170.34000000000015,21683.059
18541.72,-170.3299999999981,21393.895
18541.73,-170.3199999999997,21875.996
18541.74,-170.30999999999767,21586.637
18541.75,-170.29999999999927,21345.729
18541.76,-170.29000000000087,21249.422
18541.77,-170.27999999999884,21442.066
18541.78,-170.27000000000044,21105.021
18541.79,-170.2599999999984,21201.279
18541.8,-170.25,21731.279
18541.81,-170.23999999999796,21683.059
18541.82,-170.22999999999956,21393.895
18541.83,-170.21999999999753,21538.439
18541.84,-170.20999999999913,21779.512
18541.85,-170.20000000000073,21538.439
18541.86,-170.1899999999987,21345.729
18541.87,-170.1800000000003,21297.57
18541.88,-170.16999999999825,21393.895
18541.89,-170.15999999999985,21779.512
18541.9,-170.14999999999782,21731.279
18541.91,-170.13999999999942,21634.844
18541.92,-170.13000000000102,21393.895
18541.93,-170.11999999999898,21586.637
18541.94,-170.11000000000058,21634.844
18541.95,-170.09999999999854,21586.637
18541.96,-170.09000000000015,21634.844
18541.97,-170.0799999999981,21538.439
18541.98,-170.0699999999997,21393.895
18541.99,-170.05999999999767,21297.57
18542.0,-170.04999999999927,21008.797
18542.01,-170.04000000000087,21105.021
18542.02,-170.02999999999884,21153.146
18542.03,-170.02000000000044,21249.422
18542.04,-170.0099999999984,21345.729
18542.05,-170.0,21779.512
18542.06,-169.98999999999796,21731.279
18542.07,-169.97999999999956,21393.895
18542.08,-169.96999999999753,21586.637
18542.09,-169.95999999999913,21442.066
18542.1,-169.95000000000073,21393.895
18542.11,-169.9399999999987,21683.059
18542.12,-169.9300000000003,21779.512
18542.13,-169.91999999999825,21875.996
18542.14,-169.90999999999985,21924.252
18542.15,-169.89999999999782,21924.252
18542.16,-169.88999999999942,21972.514
18542.17,-169.88000000000102,21297.57
18542.18,-169.86999999999898,21345.729
18542.19,-169.86000000000058,21731.279
18542.2,-169.84999999999854,22020.785
18542.21,-169.84000000000015,22020.785
18542.22,-169.8299999999981,22358.912
18542.23,-169.8199999999997,22939.482
18542.24,-169.80999999999767,22987.916
18542.25,-169.79999999999927,22503.943
18542.26,-169.79000000000087,22503.943
18542.27,-169.77999999999884,23230.205
18542.28,-169.77000000000044,22697.436
18542.29,-169.7599999999984,22262.264
18542.3,-169.75,21972.514
18542.31,-169.73999999999796,21442.066
18542.32,-169.72999999999956,21442.066
18542.33,-169.71999999999753,21393.895
18542.34,-169.70999999999913,21201.279
18542.35,-169.70000000000073,21249.422
18542.36,-169.6899999999987,21442.066
18542.37,-169.6800000000003,21249.422
18542.38,-169.66999999999825,21345.729
18542.39,-169.65999999999985,21538.439
18542.4,-169.64999999999782,21586.637
18542.41,-169.63999999999942,21586.637
18542.42,-169.63000000000102,21731.279
18542.43,-169.61999999999898,21731.279
18542.44,-169.61000000000058,21586.637
18542.45,-169.59999999999854,21297.57
18542.46,-169.59000000000015,21297.57
18542.47,-169.5799999999981,21586.637
18542.48,-169.5699999999997,21345.729
18542.49,-169.55999999999767,21297.57
18542.5,-169.54999999999927,21586.637
18542.51,-169.54000000000087,21153.146
18542.52,-169.52999999999884,21249.422
18542.53,-169.52000000000044,21105.021
18542.54,-169.5099999999984,20960.695
18542.55,-169.5,21490.25
18542.56,-169.48999999999796,21249.422
18542.57,-169.47999999999956,21586.637
18542.58,-169.46999999999753,21827.75
18542.59,-169.45999999999913,21827.75
18542.6,-169.45000000000073,21490.25
18542.61,-169.4399999999987,20864.52
18542.62,-169.4300000000003,21393.895
18542.63,-169.41999999999825,21586.637
18542.64,-169.40999999999985,21779.512
18542.65,-169.39999999999782,21634.844
18542.66,-169.38999999999942,21779.512
18542.67,-169.38000000000102,21731.279
18542.68,-169.36999999999898,21249.422
18542.69,-169.36000000000058,20960.695
18542.7,-169.34999999999854,21249.422
18542.71,-169.34000000000015,21297.57
18542.72,-169.3299999999981,21153.146
18542.73,-169.3199999999997,21683.059
18542.74,-169.30999999999767,21875.996
18542.75,-169.29999999999927,21586.637
18542.76,-169.29000000000087,20960.695
18542.77,-169.27999999999884,21490.25
18542.78,-169.27000000000044,21249.422
18542.79,-169.2599999999984,21249.422
18542.8,-169.25,21105.021
18542.81,-169.23999999999796,21105.021
18542.82,-169.22999999999956,21538.439
18542.83,-169.21999999999753,21683.059
18542.84,-169.20999999999913,21683.059
18542.85,-169.20000000000073,21538.439
18542.86,-169.1899999999987,21490.25
18542.87,-169.1800000000003,21779.512
18542.88,-169.16999999999825,21586.637
18542.89,-169.15999999999985,21731.279
18542.9,-169.14999999999782,21297.57
18542.91,-169.13999999999942,21153.146
18542.92,-169.13000000000102,21345.729
18542.93,-169.11999999999898,21731.279
18542.94,-169.11000000000058,21731.279
18542.95,-169.09999999999854,21490.25
18542.96,-169.09000000000015,21393.895
18542.97,-169.0799999999981,21538.439
18542.98,-169.0699999999997,21201.279
18542.99,-169.05999999999767,21875.996
18543.0,-169.04999999999927,21586.637
18543.01,-169.04000000000087,21201.279
18543.02,-169.02999999999884,20960.695
18543.03,-169.02000000000044,21153.146
18543.04,-169.0099999999984,21201.279
18543.05,-169.0,21683.059
18543.06,-168.98999999999796,21490.25
18543.07,-168.97999999999956,21779.512
18543.08,-168.96999999999753,22117.352
18543.09,-168.95999999999913,21972.514
18543.1,-168.95000000000073,22069.064
18543.11,-168.9399999999987,22358.912
18543.12,-168.9300000000003,21875.996
18543.13,-168.91999999999825,21875.996
18543.14,-168.90999999999985,21924.252
18543.15,-168.89999999999782,22117.352
18543.16,-168.88999999999942,21683.059
18543.17,-168.88000000000102,21249.422
18543.18,-168.86999999999898,21442.066
18543.19,-168.86000000000058,21490.25
18543.2,-168.84999999999854,21972.514
18543.21,-168.84000000000015,21490.25
18543.22,-168.8299999999981,21393.895
18543.23,-168.8199999999997,21008.797
18543.24,-168.80999999999767,20336.127
18543.25,-168.79999999999927,20384.121
18543.26,-168.79000000000087,19569.311
18543.27,-168.77999999999884,19808.719
18543.28,-168.77000000000044,20240.162
18543.29,-168.7599999999984,19856.623
18543.3,-168.75,19617.176
18543.31,-168.73999999999796,19712.932
18543.32,-168.72999999999956,19617.176
18543.33,-168.71999999999753,19569.311
18543.34,-168.70999999999913,19904.537
18543.35,-168.70000000000073,19904.537
18543.36,-168.6899999999987,20144.229
18543.37,-168.6800000000003,20144.229
18543.38,-168.66999999999825,19665.049
18543.39,-168.65999999999985,20336.127
18543.4,-168.64999999999782,20240.162
18543.41,-168.63999999999942,20576.184
18543.42,-168.63000000000102,20432.125
18543.43,-168.61999999999898,20048.328
18543.44,-168.61000000000058,20480.137
18543.45,-168.59999999999854,20432.125
18543.46,-168.59000000000015,20624.219
18543.47,-168.5799999999981,20576.184
18543.48,-168.5699999999997,20432.125
18543.49,-168.55999999999767,21008.797
18543.5,-168.54999999999927,20816.443
18543.51,-168.54000000000087,19952.459
18543.52,-168.52999999999884,20096.273
18543.53,-168.52000000000044,20336.127
18543.54,-168.5099999999984,20480.137
18543.55,-168.5,20576.184
18543.56,-168.48999999999796,20768.375
18543.57,-168.47999999999956,20816.443
18543.58,-168.46999999999753,20720.314
18543.59,-168.45999999999913,20432.125
18543.6,-168.45000000000073,20720.314
18543.61,-168.4399999999987,20624.219
18543.62,-168.4300000000003,20192.191
18543.63,-168.41999999999825,19808.719
18543.64,-168.40999999999985,20336.127
18543.65,-168.39999999999782,19904.537
18543.66,-168.38999999999942,20048.328
18543.67,-168.38000000000102,19952.459
18543.68,-168.36999999999898,19808.719
18543.69,-168.36000000000058,20048.328
18543.7,-168.34999999999854,19808.719
18543.71,-168.34000000000015,20048.328
18543.72,-168.3299999999981,20048.328
18543.73,-168.3199999999997,20048.328
18543.74,-168.30999999999767,20096.273
18543.75,-168.29999999999927,19904.537
18543.76,-168.29000000000087,19617.176
18543.77,-168.27999999999884,20096.273
18543.78,-168.27000000000044,20048.328
18543.79,-168.2599999999984,20000.389
18543.8,-168.25,19186.684
18543.81,-168.23999999999796,19330.107
18543.82,-168.22999999999956,19138.891
18543.83,-168.21999999999753,19521.455
18543.84,-168.20999999999913,19425.766
18543.85,-168.20000000000073,19665.049
18543.86,-168.1899999999987,19138.891
18543.87,-168.1800000000003,18947.805
18543.88,-168.16999999999825,18422.988
18543.89,-168.15999999999985,18900.055
18543.9,-168.14999999999782,19473.605
18543.91,-168.13999999999942,19425.766
18543.92,-168.13000000000102,19617.176
18543.93,-168.11999999999898,19473.605
18543.94,-168.11000000000058,19282.291
18543.95,-168.09999999999854,18900.055
18543.96,-168.09000000000015,18852.311
18543.97,-168.0799999999981,19043.332
18543.98,-168.0699999999997,18804.576
18543.99,-168.05999999999767,18947.805
18544.0,-168.04999999999927,19043.332
18544.01,-168.04000000000087,18613.717
18544.02,-168.02999999999884,19043.332
18544.03,-168.02000000000044,18852.311
18544.04,-168.0099999999984,19330.107
18544.05,-168.0,19760.82
18544.06,-167.98999999999796,19569.311
18544.07,-167.97999999999956,19186.684
18544.08,-167.96999999999753,19043.332
18544.09,-167.95999999999913,18947.805
18544.1,-167.95000000000073,19330.107
18544.11,-167.9399999999987,19234.484
18544.12,-167.9300000000003,19473.605
18544.13,-167.91999999999825,18852.311
18544.14,-167.90999999999985,19091.107
18544.15,-167.89999999999782,19091.107
18544.16,-167.88999999999942,19569.311
18544.17,-167.88000000000102,20816.443
18544.18,-167.86999999999898,21490.25
18544.19,-167.86000000000058,21972.514
18544.2,-167.84999999999854,21875.996
18544.21,-167.84000000000015,21924.252
18544.22,-167.8299999999981,22117.352
18544.23,-167.8199999999997,22213.951
18544.24,-167.80999999999767,22165.648
18544.25,-167.79999999999927,22117.352
18544.26,-167.79000000000087,22165.648
18544.27,-167.77999999999884,23036.357
18544.28,-167.77000000000044,23084.807
18544.29,-167.7599999999984,23327.178
18544.3,-167.75,23036.357
18544.31,-167.73999999999796,22697.436
18544.32,-167.72999999999956,22794.229
18544.33,-167.71999999999753,23181.73
18544.34,-167.70999999999913,23521.223
18544.35,-167.70000000000073,23181.73
18544.36,-167.6899999999987,23133.266
18544.37,-167.6800000000003,22987.916
18544.38,-167.66999999999825,22697.436
18544.39,-167.65999999999985,23133.266
18544.4,-167.64999999999782,22987.916
18544.41,-167.63999999999942,22939.482
18544.42,-167.63000000000102,22503.943
18544.43,-167.61999999999898,22455.592
18544.44,-167.61000000000058,22165.648
18544.45,-167.59999999999854,22165.648
18544.46,-167.59000000000015,22117.352
18544.47,-167.5799999999981,22262.264
18544.48,-167.5699999999997,22455.592
18544.49,-167.55999999999767,22649.051
18544.5,-167.54999999999927,22649.051
18544.51,-167.54000000000087,22262.264
18544.52,-167.52999999999884,22262.264
18544.53,-167.52000000000044,22165.648
18544.54,-167.5099999999984,22310.584
18544.55,-167.5,22407.248
18544.56,-167.48999999999796,22358.912
18544.57,-167.47999999999956,22503.943
18544.58,-167.46999999999753,22310.584
18544.59,-167.45999999999913,22117.352
18544.6,-167.45000000000073,22213.951
18544.61,-167.4399999999987,22117.352
18544.62,-167.4300000000003,22310.584
18544.63,-167.41999999999825,21586.637
18544.64,-167.40999999999985,22117.352
18544.65,-167.39999999999782,21875.996
18544.66,-167.38999999999942,22165.648
18544.67,-167.38000000000102,22649.051
18544.68,-167.36999999999898,22310.584
18544.69,-167.36000000000058,22165.648
18544.7,-167.34999999999854,21827.75
18544.71,-167.34000000000015,22069.064
18544.72,-167.3299999999981,22020.785
18544.73,-167.3199999999997,22117.352
18544.74,-167.30999999999767,22697.436
18544.75,-167.29999999999927,22649.051
18544.76,-167.29000000000087,22213.951
18544.77,-167.27999999999884,22262.264
18544.78,-167.27000000000044,23084.807
18544.79,-167.2599999999984,22649.051
18544.8,-167.25,22213.951
18544.81,-167.23999999999796,21972.514
18544.82,-167.22999999999956,21924.252
18544.83,-167.21999999999753,22020.785
18544.84,-167.20999999999913,22213.951
18544.85,-167.20000000000073,22262.264
18544.86,-167.1899999999987,22213.951
18544.87,-167.1800000000003,21972.514
18544.88,-167.16999999999825,21972.514
18544.89,-167.15999999999985,22649.051
18544.9,-167.14999999999782,22552.305
18544.91,-167.13999999999942,22165.648
18544.92,-167.13000000000102,21972.514
18544.93,-167.11999999999898,21924.252
18544.94,-167.11000000000058,22310.584
18544.95,-167.09999999999854,22358.912
18544.96,-167.09000000000015,22262.264
18544.97,-167.0799999999981,22358.912
18544.98,-167.0699999999997,22358.912
18544.99,-167.05999999999767,21827.75
18545.0,-167.04999999999927,22020.785
18545.01,-167.04000000000087,21442.066
18545.02,-167.02999999999884,22117.352
18545.03,-167.02000000000044,22165.648
18545.04,-167.0099999999984,22358.912
18545.05,-167.0,22358.912
18545.06,-166.98999999999796,22649.051
18545.07,-166.97999999999956,21779.512
18545.08,-166.96999999999753,21827.75
18545.09,-166.95999999999913,22842.639
18545.1,-166.95000000000073,22842.639
18545.11,-166.9399999999987,22262.264
18545.12,-166.9300000000003,22407.248
18545.13,-166.91999999999825,21924.252
18545.14,-166.90999999999985,22117.352
18545.15,-166.89999999999782,22117.352
18545.16,-166.88999999999942,21972.514
18545.17,-166.88000000000102,21972.514
18545.18,-166.86999999999898,21827.75
18545.19,-166.86000000000058,21634.844
18545.2,-166.84999999999854,21586.637
18545.21,-166.84000000000015,21538.439
18545.22,-166.8299999999981,21683.059
18545.23,-166.8199999999997,22117.352
18545.24,-166.80999999999767,22117.352
18545.25,-166.79999999999927,22069.064
18545.26,-166.79000000000087,21972.514
18545.27,-166.77999999999884,21972.514
18545.28,-166.77000000000044,21393.895
18545.29,-166.7599999999984,21345.729
18545.3,-166.75,21827.75
18545.31,-166.73999999999796,21634.844
18545.32,-166.72999999999956,22262.264
18545.33,-166.71999999999753,22117.352
18545.34,-166.70999999999913,21586.637
18545.35,-166.70000000000073,21538.439
18545.36,-166.6899999999987,21779.512
18545.37,-166.6800000000003,21924.252
18545.38,-166.66999999999825,21634.844
18545.39,-166.65999999999985,21731.279
18545.4,-166.64999999999782,21731.279
18545.41,-166.63999999999942,21924.252
18545.42,-166.63000000000102,21827.75
18545.43,-166.61999999999898,21586.637
18545.44,-166.61000000000058,21779.512
18545.45,-166.59999999999854,22213.951
18545.46,-166.59000000000015,21634.844
18545.47,-166.5799999999981,21972.514
18545.48,-166.5699999999997,22165.648
18545.49,-166.55999999999767,21731.279
18545.5,-166.54999999999927,22165.648
18545.51,-166.54000000000087,21490.25
18545.52,-166.52999999999884,21924.252
18545.53,-166.52000000000044,21442.066
18545.54,-166.5099999999984,21442.066
18545.55,-166.5,21924.252
18545.56,-166.48999999999796,21875.996
18545.57,-166.47999999999956,21972.514
18545.58,-166.46999999999753,21924.252
18545.59,-166.45999999999913,22455.592
18545.6,-166.45000000000073,22407.248
18545.61,-166.4399999999987,22649.051
18545.62,-166.4300000000003,22503.943
18545.63,-166.41999999999825,22069.064
18545.64,-166.40999999999985,22891.057
18545.65,-166.39999999999782,23715.395
18545.66,-166.38999999999942,23666.84
18545.67,-166.38000000000102,23084.807
18545.68,-166.36999999999898,22891.057
18545.69,-166.36000000000058,23181.73
18545.7,-166.34999999999854,23763.959
18545.71,-166.34000000000015,23666.84
18545.72,-166.3299999999981,22891.057
18545.73,-166.3199999999997,23084.807
18545.74,-166.30999999999767,23278.688
18545.75,-166.29999999999927,23424.184
18545.76,-166.29000000000087,23472.699
18545.77,-166.27999999999884,23618.293
18545.78,-166.27000000000044,23375.678
18545.79,-166.2599999999984,23230.205
18545.8,-166.25,23569.752
18545.81,-166.23999999999796,23472.699
18545.82,-166.22999999999956,23084.807
18545.83,-166.21999999999753,23036.357
18545.84,-166.20999999999913,23424.184
18545.85,-166.20000000000073,23278.688
18545.86,-166.1899999999987,23424.184
18545.87,-166.1800000000003,23084.807
18545.88,-166.16999999999825,23084.807
18545.89,-166.15999999999985,23036.357
18545.9,-166.14999999999782,23133.266
18545.91,-166.13999999999942,23181.73
18545.92,-166.13000000000102,23424.184
18545.93,-166.11999999999898,23084.807
18545.94,-166.11000000000058,23181.73
18545.95,-166.09999999999854,23230.205
18545.96,-166.09000000000015,23084.807
18545.97,-166.0799999999981,23133.266
18545.98,-166.0699999999997,23181.73
18545.99,-166.05999999999767,23618.293
18546.0,-166.04999999999927,23472.699
18546.01,-166.04000000000087,23278.688
18546.02,-166.02999999999884,23133.266
18546.03,-166.02000000000044,22939.482
18546.04,-166.0099999999984,22697.436
18546.05,-166.0,23278.688
18546.06,-165.98999999999796,22987.916
18546.07,-165.97999999999956,23230.205
18546.08,-165.96999999999753,23084.807
18546.09,-165.95999999999913,23084.807
18546.1,-165.95000000000073,22987.916
18546.11,-165.9399999999987,23181.73
18546.12,-165.9300000000003,23181.73
18546.13,-165.91999999999825,23230.205
18546.14,-165.90999999999985,23569.752
18546.15,-165.89999999999782,23036.357
18546.16,-165.88999999999942,22745.828
18546.17,-165.88000000000102,22987.916
18546.18,-165.86999999999898,22939.482
18546.19,-165.86000000000058,22794.229
18546.2,-165.84999999999854,22552.305
18546.21,-165.84000000000015,22939.482
18546.22,-165.8299999999981,23375.678
18546.23,-165.8199999999997,22745.828
18546.24,-165.80999999999767,23084.807
18546.25,-165.79999999999927,23036.357
18546.26,-165.79000000000087,22552.305
18546.27,-165.77999999999884,23181.73
18546.28,-165.77000000000044,22987.916
18546.29,-165.7599999999984,23036.357
18546.3,-165.75,22407.248
18546.31,-165.73999999999796,22697.436
18546.32,-165.72999999999956,22842.639
18546.33,-165.71999999999753,22987.916
18546.34,-165.70999999999913,23327.178
18546.35,-165.70000000000073,23181.73
18546.36,-165.6899999999987,22794.229
18546.37,-165.6800000000003,22697.436
18546.38,-165.66999999999825,22503.943
18546.39,-165.65999999999985,22600.674
18546.4,-165.64999999999782,22455.592
18546.41,-165.63999999999942,22455.592
18546.42,-165.63000000000102,22020.785
18546.43,-165.61999999999898,21924.252
18546.44,-165.61000000000058,21634.844
18546.45,-165.59999999999854,21875.996
18546.46,-165.59000000000015,21924.252
18546.47,-165.5799999999981,22117.352
18546.48,-165.5699999999997,22020.785
18546.49,-165.55999999999767,21731.279
18546.5,-165.54999999999927,21634.844
18546.51,-165.54000000000087,22165.648
18546.52,-165.52999999999884,22310.584
18546.53,-165.52000000000044,22165.648
18546.54,-165.5099999999984,21731.279
18546.55,-165.5,22020.785
18546.56,-165.48999999999796,21972.514
18546.57,-165.47999999999956,22020.785
18546.58,-165.46999999999753,21924.252
18546.59,-165.45999999999913,21538.439
18546.6,-165.45000000000073,21586.637
18546.61,-165.4399999999987,21779.512
18546.62,-165.4300000000003,22069.064
18546.63,-165.41999999999825,21683.059
18546.64,-165.40999999999985,21924.252
18546.65,-165.39999999999782,22358.912
18546.66,-165.38999999999942,22069.064
18546.67,-165.38000000000102,22213.951
18546.68,-165.36999999999898,21490.25
18546.69,-165.36000000000058,21924.252
18546.7,-165.34999999999854,22020.785
18546.71,-165.34000000000015,21972.514
18546.72,-165.3299999999981,21875.996
18546.73,-165.3199999999997,21779.512
18546.74,-165.30999999999767,22165.648
18546.75,-165.29999999999927,21731.279
18546.76,-165.29000000000087,21538.439
18546.77,-165.27999999999884,21972.514
18546.78,-165.27000000000044,22069.064
18546.79,-165.2599999999984,22262.264
18546.8,-165.25,22020.785
18546.81,-165.23999999999796,21924.252
18546.82,-165.22999999999956,21442.066
18546.83,-165.21999999999753,21490.25
18546.84,-165.20999999999913,21924.252
18546.85,-165.20000000000073,21972.514
18546.86,-165.1899999999987,22358.912
18546.87,-165.1800000000003,22020.785
18546.88,-165.16999999999825,21442.066
18546.89,-165.15999999999985,21827.75
18546.9,-165.14999999999782,22117.352
18546.91,-165.13999999999942,22020.785
18546.92,-165.13000000000102,21779.512
18546.93,-165.11999999999898,21827.75
18546.94,-165.11000000000058,22165.648
18546.95,-165.09999999999854,22262.264
18546.96,-165.09000000000015,22262.264
18546.97,-165.0799999999981,21875.996
18546.98,-165.0699999999997,21972.514
18546.99,-165.05999999999767,21924.252
18547.0,-165.04999999999927,21683.059
18547.01,-165.04000000000087,21393.895
18547.02,-165.02999999999884,21972.514
18547.03,-165.02000000000044,22117.352
18547.04,-165.0099999999984,22503.943
18547.05,-165.0,22455.592
18547.06,-164.98999999999796,21827.75
18547.07,-164.97999999999956,21875.996
18547.08,-164.96999999999753,21924.252
18547.09,-164.95999999999913,21827.75
18547.1,-164.95000000000073,21972.514
18547.11,-164.9399999999987,21924.252
18547.12,-164.9300000000003,21779.512
18547.13,-164.91999999999825,21683.059
18547.14,-164.90999999999985,21827.75
18547.15,-164.89999999999782,22117.352
18547.16,-164.88999999999942,21875.996
18547.17,-164.88000000000102,22020.785
18547.18,-164.86999999999898,21731.279
18547.19,-164.86000000000058,21827.75
18547.2,-164.84999999999854,22358.912
18547.21,-164.84000000000015,21972.514
18547.22,-164.8299999999981,21924.252
18547.23,-164.8199999999997,22020.785
18547.24,-164.80999999999767,21924.252
18547.25,-164.79999999999927,21731.279
18547.26,-164.79000000000087,21490.25
18547.27,-164.77999999999884,22165.648
18547.28,-164.77000000000044,22310.584
18547.29,-164.7599999999984,22455.592
18547.3,-164.75,21875.996
18547.31,-164.73999999999796,21586.637
18547.32,-164.72999999999956,21490.25
18547.33,-164.71999999999753,21924.252
18547.34,-164.70999999999913,22455.592
18547.35,-164.70000000000073,22165.648
18547.36,-164.6899999999987,21779.512
18547.37,-164.6800000000003,21393.895
18547.38,-164.66999999999825,21490.25
18547.39,-164.65999999999985,22069.064
18547.4,-164.64999999999782,21924.252
18547.41,-164.63999999999942,22165.648
18547.42,-164.63000000000102,22117.352
18547.43,-164.61999999999898,22165.648
18547.44,-164.61000000000058,21972.514
18547.45,-164.59999999999854,21779.512
18547.46,-164.59000000000015,21779.512
18547.47,-164.5799999999981,21924.252
18547.48,-164.5699999999997,22020.785
18547.49,-164.55999999999767,22020.785
18547.5,-164.54999999999927,21827.75
18547.51,-164.54000000000087,22358.912
18547.52,-164.52999999999884,22600.674
18547.53,-164.52000000000044,22213.951
18547.54,-164.5099999999984,21779.512
18547.55,-164.5,21683.059
18547.56,-164.48999999999796,21827.75
18547.57,-164.47999999999956,21875.996
18547.58,-164.46999999999753,21538.439
18547.59,-164.45999999999913,21393.895
18547.6,-164.45000000000073,21827.75
18547.61,-164.4399999999987,22117.352
18547.62,-164.4300000000003,22069.064
18547.63,-164.41999999999825,22069.064
18547.64,-164.40999999999985,22165.648
18547.65,-164.39999999999782,21924.252
18547.66,-164.38999999999942,21779.512
18547.67,-164.38000000000102,21875.996
18547.68,-164.36999999999898,21972.514
18547.69,-164.36000000000058,21490.25
18547.7,-164.34999999999854,21586.637
18547.71,-164.34000000000015,21827.75
18547.72,-164.3299999999981,21827.75
18547.73,-164.3199999999997,22020.785
18547.74,-164.30999999999767,21731.279
18547.75,-164.29999999999927,22020.785
18547.76,-164.29000000000087,22020.785
18547.77,-164.27999999999884,22165.648
18547.78,-164.27000000000044,21779.512
18547.79,-164.2599999999984,22407.248
18547.8,-164.25,22020.785
18547.81,-164.23999999999796,21972.514
18547.82,-164.22999999999956,21779.512
18547.83,-164.21999999999753,21586.637
18547.84,-164.20999999999913,21875.996
18547.85,-164.20000000000073,21731.279
18547.86,-164.1899999999987,21924.252
18547.87,-164.1800000000003,22117.352
18547.88,-164.16999999999825,21972.514
18547.89,-164.15999999999985,22213.951
18547.9,-164.14999999999782,22262.264
18547.91,-164.13999999999942,22117.352
18547.92,-164.13000000000102,22117.352
18547.93,-164.11999999999898,21731.279
18547.94,-164.11000000000058,21731.279
18547.95,-164.09999999999854,21683.059
18547.96,-164.09000000000015,22165.648
18547.97,-164.0799999999981,22020.785
18547.98,-164.0699999999997,21827.75
18547.99,-164.05999999999767,21634.844
18548.0,-164.04999999999927,21972.514
18548.01,-164.04000000000087,21538.439
18548.02,-164.02999999999884,21345.729
18548.03,-164.02000000000044,21634.844
18548.04,-164.0099999999984,22020.785
18548.05,-164.0,22503.943
18548.06,-163.98999999999796,22358.912
18548.07,-163.97999999999956,21972.514
18548.08,-163.96999999999753,21731.279
18548.09,-163.95999999999913,21683.059
18548.1,-163.95000000000073,22020.785
18548.11,-163.9399999999987,22165.648
18548.12,-163.9300000000003,21972.514
18548.13,-163.91999999999825,21634.844
18548.14,-163.90999999999985,22020.785
18548.15,-163.89999999999782,22020.785
18548.16,-163.88999999999942,21972.514
18548.17,-163.88000000000102,21586.637
18548.18,-163.86999999999898,21586.637
18548.19,-163.86000000000058,22069.064
18548.2,-163.84999999999854,22165.648
18548.21,-163.84000000000015,22649.051
18548.22,-163.8299999999981,22407.248
18548.23,-163.8199999999997,22069.064
18548.24,-163.80999999999767,22069.064
18548.25,-163.79999999999927,22310.584
18548.26,-163.79000000000087,21875.996
18548.27,-163.77999999999884,21634.844
18548.28,-163.77000000000044,21201.279
18548.29,-163.7599999999984,20960.695
18548.3,-163.75,20816.443
18548.31,-163.73999999999796,20384.121
18548.32,-163.72999999999956,20480.137
18548.33,-163.71999999999753,20960.695
18548.34,-163.70999999999913,21586.637
18548.35,-163.70000000000073,21924.252
18548.36,-163.6899999999987,21972.514
18548.37,-163.6800000000003,21297.57
18548.38,-163.66999999999825,20672.262
18548.39,-163.65999999999985,21105.021
18548.4,-163.64999999999782,21153.146
18548.41,-163.63999999999942,20528.156
18548.42,-163.63000000000102,20624.219
18548.43,-163.61999999999898,20672.262
18548.44,-163.61000000000058,21008.797
18548.45,-163.59999999999854,21538.439
18548.46,-163.59000000000015,21972.514
18548.47,-163.5799999999981,21490.25
18548.48,-163.5699999999997,21105.021
18548.49,-163.55999999999767,20864.52
18548.5,-163.54999999999927,20384.121
18548.51,-163.54000000000087,19665.049
18548.52,-163.52999999999884,20720.314
18548.53,-163.52000000000044,20768.375
18548.54,-163.5099999999984,20912.604
18548.55,-163.5,21538.439
18548.56,-163.48999999999796,21924.252
18548.57,-163.47999999999956,22069.064
18548.58,-163.46999999999753,21297.57
18548.59,-163.45999999999913,20816.443
18548.6,-163.45000000000073,20816.443
18548.61,-163.4399999999987,20672.262
18548.62,-163.4300000000003,20816.443
18548.63,-163.41999999999825,20000.389
18548.64,-163.40999999999985,20864.52
18548.65,-163.39999999999782,21393.895
18548.66,-163.38999999999942,21683.059
18548.67,-163.38000000000102,21779.512
18548.68,-163.36999999999898,22213.951
18548.69,-163.36000000000058,21201.279
18548.7,-163.34999999999854,20384.121
18548.71,-163.34000000000015,20048.328
18548.72,-163.3299999999981,20288.141
18548.73,-163.3199999999997,20432.125
18548.74,-163.30999999999767,20672.262
18548.75,-163.29999999999927,21490.25
18548.76,-163.29000000000087,21538.439
18548.77,-163.27999999999884,22165.648
18548.78,-163.27000000000044,22020.785
18548.79,-163.2599999999984,21683.059
18548.8,-163.25,20864.52
18548.81,-163.23999999999796,20576.184
18548.82,-163.22999999999956,20672.262
18548.83,-163.21999999999753,20624.219
18548.84,-163.20999999999913,20384.121
18548.85,-163.20000000000073,20768.375
18548.86,-163.1899999999987,21345.729
18548.87,-163.1800000000003,21779.512
18548.88,-163.16999999999825,21249.422
18548.89,-163.15999999999985,21972.514
18548.9,-163.14999999999782,21634.844
18548.91,-163.13999999999942,21008.797
18548.92,-163.13000000000102,20384.121
18548.93,-163.11999999999898,20720.314
18548.94,-163.11000000000058,20336.127
18548.95,-163.09999999999854,20288.141
18548.96,-163.09000000000015,20960.695
18548.97,-163.0799999999981,21586.637
18548.98,-163.0699999999997,21924.252
18548.99,-163.05999999999767,22165.648
18549.0,-163.04999999999927,21442.066
18549.01,-163.04000000000087,20768.375
18549.02,-163.02999999999884,21008.797
18549.03,-163.02000000000044,20720.314
18549.04,-163.0099999999984,20720.314
18549.05,-163.0,20480.137
18549.06,-162.98999999999796,20672.262
18549.07,-162.97999999999956,21201.279
18549.08,-162.96999999999753,21538.439
18549.09,-162.95999999999913,21683.059
18549.1,-162.95000000000073,22213.951
18549.11,-162.9399999999987,21924.252
18549.12,-162.9300000000003,21442.066
18549.13,-162.91999999999825,20960.695
18549.14,-162.90999999999985,20768.375
18549.15,-162.89999999999782,20384.121
18549.16,-162.88999999999942,20432.125
18549.17,-162.88000000000102,21201.279
18549.18,-162.86999999999898,21779.512
18549.19,-162.86000000000058,21827.75
18549.2,-162.84999999999854,21731.279
18549.21,-162.84000000000015,21538.439
18549.22,-162.8299999999981,21105.021
18549.23,-162.8199999999997,20864.52
18549.24,-162.80999999999767,20864.52
18549.25,-162.79999999999927,21008.797
18549.26,-162.79000000000087,20384.121
18549.27,-162.77999999999884,21056.904
18549.28,-162.77000000000044,21972.514
18549.29,-162.7599999999984,22552.305
18549.3,-162.75,22503.943
18549.31,-162.73999999999796,22069.064
18549.32,-162.72999999999956,21586.637
18549.33,-162.71999999999753,21201.279
18549.34,-162.70999999999913,21297.57
18549.35,-162.70000000000073,20720.314
18549.36,-162.6899999999987,20816.443
18549.37,-162.6800000000003,21008.797
18549.38,-162.66999999999825,21875.996
18549.39,-162.65999999999985,22891.057
18549.4,-162.64999999999782,22891.057
18549.41,-162.63999999999942,23375.678
18549.42,-162.63000000000102,22987.916
18549.43,-162.61999999999898,21875.996
18549.44,-162.61000000000058,21297.57
18549.45,-162.59999999999854,21393.895
18549.46,-162.59000000000015,21105.021
18549.47,-162.5799999999981,20672.262
18549.48,-162.5699999999997,21249.422
18549.49,-162.55999999999767,22407.248
18549.5,-162.54999999999927,23084.807
18549.51,-162.54000000000087,22939.482
18549.52,-162.52999999999884,22891.057
18549.53,-162.52000000000044,22503.943
18549.54,-162.5099999999984,21345.729
18549.55,-162.5,21056.904
18549.56,-162.48999999999796,20864.52
18549.57,-162.47999999999956,20720.314
18549.58,-162.46999999999753,21249.422
18549.59,-162.45999999999913,22407.248
18549.6,-162.45000000000073,22600.674
18549.61,-162.4399999999987,23472.699
18549.62,-162.4300000000003,23666.84
18549.63,-162.41999999999825,22358.912
18549.64,-162.40999999999985,22020.785
18549.65,-162.39999999999782,21297.57
18549.66,-162.38999999999942,21345.729
18549.67,-162.38000000000102,21201.279
18549.68,-162.36999999999898,21008.797
18549.69,-162.36000000000058,21875.996
18549.7,-162.34999999999854,22262.264
18549.71,-162.34000000000015,22891.057
18549.72,-162.3299999999981,23327.178
18549.73,-162.3199999999997,23278.688
18549.74,-162.30999999999767,22069.064
18549.75,-162.29999999999927,21490.25
18549.76,-162.29000000000087,20720.314
18549.77,-162.27999999999884,21201.279
18549.78,-162.27000000000044,20672.262
18549.79,-162.2599999999984,20768.375
18549.8,-162.25,21683.059
18549.81,-162.23999999999796,22745.828
18549.82,-162.22999999999956,23666.84
18549.83,-162.21999999999753,23715.395
18549.84,-162.20999999999913,22552.305
18549.85,-162.20000000000073,21490.25
18549.86,-162.1899999999987,21201.279
18549.87,-162.1800000000003,20960.695
18549.88,-162.16999999999825,20768.375
18549.89,-162.15999999999985,20960.695
18549.9,-162.14999999999782,21875.996
18549.91,-162.13999999999942,22939.482
18549.92,-162.13000000000102,23424.184
18549.93,-162.11999999999898,23181.73
18549.94,-162.11000000000058,22552.305
18549.95,-162.09999999999854,21972.514
18549.96,-162.09000000000015,21345.729
18549.97,-162.0799999999981,21249.422
18549.98,-162.0699999999997,21056.904
18549.99,-162.05999999999767,21056.904
18550.0,-162.04999999999927,21056.904
18550.01,-162.04000000000087,21538.439
18550.02,-162.02999999999884,22794.229
18550.03,-162.02000000000044,23327.178
18550.04,-162.0099999999984,23715.395
18550.05,-162.0,22891.057
18550.06,-161.98999999999796,21731.279
18550.07,-161.97999999999956,21201.279
18550.08,-161.96999999999753,20720.314
18550.09,-161.95999999999913,20912.604
18550.1,-161.95000000000073,20768.375
18550.11,-161.9399999999987,21345.729
18550.12,-161.9300000000003,22407.248
18550.13,-161.91999999999825,22794.229
18550.14,-161.90999999999985,23278.688
18550.15,-161.89999999999782,22891.057
18550.16,-161.88999999999942,22117.352
18550.17,-161.88000000000102,21586.637
18550.18,-161.86999999999898,21490.25
18550.19,-161.86000000000058,21105.021
18550.2,-161.84999999999854,20864.52
18550.21,-161.84000000000015,21442.066
18550.22,-161.8299999999981,22358.912
18550.23,-161.8199999999997,22745.828
18550.24,-161.80999999999767,22987.916
18550.25,-161.79999999999927,23036.357
18550.26,-161.79000000000087,21683.059
18550.27,-161.77999999999884,21586.637
18550.28,-161.77000000000044,21201.279
18550.29,-161.7599999999984,21201.279
18550.3,-161.75,20576.184
18550.31,-161.73999999999796,20528.156
18550.32,-161.72999999999956,21683.059
18550.33,-161.71999999999753,22165.648
18550.34,-161.70999999999913,22939.482
18550.35,-161.70000000000073,23181.73
18550.36,-161.6899999999987,23084.807
18550.37,-161.6800000000003,21924.252
18550.38,-161.66999999999825,21008.797
18550.39,-161.65999999999985,21056.904
18550.4,-161.64999999999782,20912.604
18550.41,-161.63999999999942,21008.797
18550.42,-161.63000000000102,21297.57
18550.43,-161.61999999999898,21924.252
18550.44,-161.61000000000058,22262.264
18550.45,-161.59999999999854,22842.639
18550.46,-161.59000000000015,22891.057
18550.47,-161.5799999999981,22407.248
18550.48,-161.5699999999997,21442.066
18550.49,-161.55999999999767,20960.695
18550.5,-161.54999999999927,21490.25
18550.51,-161.54000000000087,20480.137
18550.52,-161.52999999999884,21056.904
18550.53,-161.52000000000044,21490.25
18550.54,-161.5099999999984,22165.648
18550.55,-161.5,22310.584
18550.56,-161.48999999999796,23036.357
18550.57,-161.47999999999956,22891.057
18550.58,-161.46999999999753,22358.912
18550.59,-161.45999999999913,21490.25
18550.6,-161.45000000000073,21056.904
18550.61,-161.4399999999987,20912.604
18550.62,-161.4300000000003,20768.375
18550.63,-161.41999999999825,20816.443
18550.64,-161.40999999999985,21731.279
18550.65,-161.39999999999782,22358.912
18550.66,-161.38999999999942,22891.057
18550.67,-161.38000000000102,22794.229
18550.68,-161.36999999999898,22117.352
18550.69,-161.36000000000058,21586.637
18550.7,-161.34999999999854,21056.904
18550.71,-161.34000000000015,20912.604
18550.72,-161.3299999999981,21056.904
18550.73,-161.3199999999997,20816.443
18550.74,-161.30999999999767,21249.422
18550.75,-161.29999999999927,22165.648
18550.76,-161.29000000000087,22310.584
18550.77,-161.27999999999884,22939.482
18550.78,-161.27000000000044,22358.912
18550.79,-161.2599999999984,22020.785
18550.8,-161.25,21249.422
18550.81,-161.23999999999796,20768.375
18550.82,-161.22999999999956,20432.125
18550.83,-161.21999999999753,20720.314
18550.84,-161.20999999999913,21731.279
18550.85,-161.20000000000073,22503.943
18550.86,-161.1899999999987,22552.305
18550.87,-161.1800000000003,22842.639
18550.88,-161.16999999999825,22552.305
18550.89,-161.15999999999985,22262.264
18550.9,-161.14999999999782,21683.059
18550.91,-161.13999999999942,21153.146
18550.92,-161.13000000000102,20912.604
18550.93,-161.11999999999898,20672.262
18550.94,-161.11000000000058,20816.443
18550.95,-161.09999999999854,21538.439
18550.96,-161.09000000000015,22069.064
18550.97,-161.0799999999981,22455.592
18550.98,-161.0699999999997,22697.436
18550.99,-161.05999999999767,22213.951
18551.0,-161.04999999999927,21779.512
18551.01,-161.04000000000087,20816.443
18551.02,-161.02999999999884,21297.57
18551.03,-161.02000000000044,20864.52
18551.04,-161.0099999999984,20624.219
18551.05,-161.0,20912.604
18551.06,-160.98999999999796,21297.57
18551.07,-160.97999999999956,21924.252
18551.08,-160.96999999999753,22407.248
18551.09,-160.95999999999913,22455.592
18551.1,-160.95000000000073,21586.637
18551.11,-160.9399999999987,20960.695
18551.12,-160.9300000000003,20960.695
18551.13,-160.91999999999825,20288.141
18551.14,-160.90999999999985,20672.262
18551.15,-160.89999999999782,20672.262
18551.16,-160.88999999999942,21008.797
18551.17,-160.88000000000102,21586.637
18551.18,-160.86999999999898,21538.439
18551.19,-160.86000000000058,22165.648
18551.2,-160.84999999999854,21634.844
18551.21,-160.84000000000015,21249.422
18551.22,-160.8299999999981,21056.904
18551.23,-160.8199999999997,21153.146
18551.24,-160.80999999999767,20816.443
18551.25,-160.79999999999927,20576.184
18551.26,-160.79000000000087,20816.443
18551.27,-160.77999999999884,21634.844
18551.28,-160.77000000000044,21779.512
18551.29,-160.7599999999984,22020.785
18551.3,-160.75,21827.75
18551.31,-160.73999999999796,21538.439
18551.32,-160.72999999999956,21249.422
18551.33,-160.71999999999753,21056.904
18551.34,-160.70999999999913,20960.695
18551.35,-160.70000000000073,21008.797
18551.36,-160.6899999999987,21008.797
18551.37,-160.6800000000003,21393.895
18551.38,-160.66999999999825,21683.059
18551.39,-160.65999999999985,22117.352
18551.4,-160.64999999999782,22165.648
18551.41,-160.63999999999942,21490.25
18551.42,-160.63000000000102,20864.52
18551.43,-160.61999999999898,20912.604
18551.44,-160.61000000000058,21105.021
18551.45,-160.59999999999854,20576.184
18551.46,-160.59000000000015,20240.162
18551.47,-160.5799999999981,20816.443
18551.48,-160.5699999999997,21442.066
18551.49,-160.55999999999767,22069.064
18551.5,-160.54999999999927,21779.512
18551.51,-160.54000000000087,21345.729
18551.52,-160.52999999999884,21827.75
18551.53,-160.52000000000044,21201.279
18551.54,-160.5099999999984,21105.021
18551.55,-160.5,20672.262
18551.56,-160.48999999999796,20912.604
18551.57,-160.47999999999956,20576.184
18551.58,-160.46999999999753,21297.57
18551.59,-160.45999999999913,21731.279
18551.6,-160.45000000000073,21586.637
18551.61,-160.4399999999987,21683.059
18551.62,-160.4300000000003,21586.637
18551.63,-160.41999999999825,21008.797
18551.64,-160.40999999999985,21153.146
18551.65,-160.39999999999782,21442.066
18551.66,-160.38999999999942,20672.262
18551.67,-160.38000000000102,20336.127
18551.68,-160.36999999999898,20672.262
18551.69,-160.36000000000058,21634.844
18551.7,-160.34999999999854,22165.648
18551.71,-160.34000000000015,22020.785
18551.72,-160.3299999999981,21731.279
18551.73,-160.3199999999997,21249.422
18551.74,-160.30999999999767,20864.52
18551.75,-160.29999999999927,21201.279
18551.76,-160.29000000000087,20624.219
18551.77,-160.27999999999884,20960.695
18551.78,-160.27000000000044,20960.695
18551.79,-160.2599999999984,21490.25
18551.8,-160.25,21683.059
18551.81,-160.23999999999796,21972.514
18551.82,-160.22999999999956,22552.305
18551.83,-160.21999999999753,21731.279
18551.84,-160.20999999999913,21153.146
18551.85,-160.20000000000073,20720.314
18551.86,-160.1899999999987,20720.314
18551.87,-160.1800000000003,20384.121
18551.88,-160.16999999999825,20384.121
18551.89,-160.15999999999985,21249.422
18551.9,-160.14999999999782,21538.439
18551.91,-160.13999999999942,21634.844
18551.92,-160.13000000000102,21972.514
18551.93,-160.11999999999898,21972.514
18551.94,-160.11000000000058,21201.279
18551.95,-160.09999999999854,21008.797
18551.96,-160.09000000000015,20624.219
18551.97,-160.0799999999981,20624.219
18551.98,-160.0699999999997,20864.52
18551.99,-160.05999999999767,21249.422
18552.0,-160.04999999999927,21586.637
18552.01,-160.04000000000087,21442.066
18552.02,-160.02999999999884,21442.066
18552.03,-160.02000000000044,21731.279
18552.04,-160.0099999999984,21924.252
18552.05,-160.0,21490.25
18552.06,-159.98999999999796,21153.146
18552.07,-159.97999999999956,20816.443
18552.08,-159.96999999999753,20912.604
18552.09,-159.95999999999913,20672.262
18552.1,-159.95000000000073,20816.443
18552.11,-159.9399999999987,21442.066
18552.12,-159.9300000000003,22310.584
18552.13,-159.91999999999825,21875.996
18552.14,-159.90999999999985,22165.648
18552.15,-159.89999999999782,21538.439
18552.16,-159.88999999999942,21153.146
18552.17,-159.88000000000102,20864.52
18552.18,-159.86999999999898,20912.604
18552.19,-159.86000000000058,20672.262
18552.2,-159.84999999999854,20480.137
18552.21,-159.84000000000015,21008.797
18552.22,-159.8299999999981,21538.439
18552.23,-159.8199999999997,21779.512
18552.24,-159.80999999999767,21683.059
18552.25,-159.79999999999927,21201.279
18552.26,-159.79000000000087,20672.262
18552.27,-159.77999999999884,21008.797
18552.28,-159.77000000000044,21008.797
18552.29,-159.7599999999984,20960.695
18552.3,-159.75,20960.695
18552.31,-159.73999999999796,21538.439
18552.32,-159.72999999999956,21875.996
18552.33,-159.71999999999753,21538.439
18552.34,-159.70999999999913,21875.996
18552.35,-159.70000000000073,21683.059
18552.36,-159.6899999999987,21345.729
18552.37,-159.6800000000003,20768.375
18552.38,-159.66999999999825,20576.184
18552.39,-159.65999999999985,21153.146
18552.4,-159.64999999999782,21201.279
18552.41,-159.63999999999942,21008.797
18552.42,-159.63000000000102,21249.422
18552.43,-159.61999999999898,21586.637
18552.44,-159.61000000000058,21538.439
18552.45,-159.59999999999854,21972.514
18552.46,-159.59000000000015,21731.279
18552.47,-159.5799999999981,21393.895
18552.48,-159.5699999999997,21056.904
18552.49,-159.55999999999767,20672.262
18552.5,-159.54999999999927,20864.52
18552.51,-159.54000000000087,20384.121
18552.52,-159.52999999999884,20912.604
18552.53,-159.52000000000044,21490.25
18552.54,-159.5099999999984,21779.512
18552.55,-159.5,21683.059
18552.56,-159.48999999999796,21538.439
18552.57,-159.47999999999956,21393.895
18552.58,-159.46999999999753,20912.604
18552.59,-159.45999999999913,20720.314
18552.6,-159.45000000000073,20624.219
18552.61,-159.4399999999987,20672.262
18552.62,-159.4300000000003,20864.52
18552.63,-159.41999999999825,21153.146
18552.64,-159.40999999999985,22262.264
18552.65,-159.39999999999782,22455.592
18552.66,-159.38999999999942,22455.592
18552.67,-159.38000000000102,21683.059
18552.68,-159.36999999999898,20864.52
18552.69,-159.36000000000058,20864.52
18552.7,-159.34999999999854,20768.375
18552.71,-159.34000000000015,20480.137
18552.72,-159.3299999999981,20576.184
18552.73,-159.3199999999997,21153.146
18552.74,-159.30999999999767,21393.895
18552.75,-159.29999999999927,21924.252
18552.76,-159.29000000000087,21634.844
18552.77,-159.27999999999884,21683.059
18552.78,-159.27000000000044,21393.895
18552.79,-159.2599999999984,21008.797
18552.8,-159.25,20864.52
18552.81,-159.23999999999796,20576.184
18552.82,-159.22999999999956,20576.184
18552.83,-159.21999999999753,20720.314
18552.84,-159.20999999999913,21008.797
18552.85,-159.20000000000073,21731.279
18552.86,-159.1899999999987,22069.064
18552.87,-159.1800000000003,22213.951
18552.88,-159.16999999999825,21586.637
18552.89,-159.15999999999985,21538.439
18552.9,-159.14999999999782,20960.695
18552.91,-159.13999999999942,20720.314
18552.92,-159.13000000000102,20336.127
18552.93,-159.11999999999898,20336.127
18552.94,-159.11000000000058,21393.895
18552.95,-159.09999999999854,22165.648
18552.96,-159.09000000000015,21924.252
18552.97,-159.0799999999981,21827.75
18552.98,-159.0699999999997,21538.439
18552.99,-159.05999999999767,21153.146
18553.0,-159.04999999999927,20432.125
18553.01,-159.04000000000087,20192.191
18553.02,-159.02999999999884,21008.797
18553.03,-159.02000000000044,20816.443
18553.04,-159.0099999999984,21105.021
18553.05,-159.0,21490.25
18553.06,-158.98999999999796,21731.279
18553.07,-158.97999999999956,21731.279
18553.08,-158.96999999999753,22165.648
18553.09,-158.95999999999913,21249.422
18553.1,-158.95000000000073,21153.146
18553.11,-158.9399999999987,21008.797
18553.12,-158.9300000000003,20768.375
18553.13,-158.91999999999825,20480.137
18553.14,-158.90999999999985,20528.156
18553.15,-158.89999999999782,21201.279
18553.16,-158.88999999999942,21634.844
18553.17,-158.88000000000102,22069.064
18553.18,-158.86999999999898,22213.951
18553.19,-158.86000000000058,21393.895
18553.2,-158.84999999999854,21393.895
18553.21,-158.84000000000015,20960.695
18553.22,-158.8299999999981,20816.443
18553.23,-158.8199999999997,20912.604
18553.24,-158.80999999999767,20768.375
18553.25,-158.79999999999927,20912.604
18553.26,-158.79000000000087,21249.422
18553.27,-158.77999999999884,21972.514
18553.28,-158.77000000000044,22552.305
18553.29,-158.7599999999984,22358.912
18553.3,-158.75,21201.279
18553.31,-158.73999999999796,20576.184
18553.32,-158.72999999999956,20720.314
18553.33,-158.71999999999753,20912.604
18553.34,-158.70999999999913,20864.52
18553.35,-158.70000000000073,20624.219
18553.36,-158.6899999999987,21153.146
18553.37,-158.6800000000003,21153.146
18553.38,-158.66999999999825,21153.146
18553.39,-158.65999999999985,21972.514
18553.4,-158.64999999999782,21827.75
18553.41,-158.63999999999942,21153.146
18553.42,-158.63000000000102,21008.797
18553.43,-158.61999999999898,20768.375
18553.44,-158.61000000000058,20768.375
18553.45,-158.59999999999854,21008.797
18553.46,-158.59000000000015,21249.422
18553.47,-158.5799999999981,21345.729
18553.48,-158.5699999999997,21779.512
18553.49,-158.55999999999767,21875.996
18553.5,-158.54999999999927,22069.064
18553.51,-158.54000000000087,21442.066
18553.52,-158.52999999999884,21345.729
18553.53,-158.52000000000044,20768.375
18553.54,-158.5099999999984,20624.219
18553.55,-158.5,21105.021
18553.56,-158.48999999999796,20576.184
18553.57,-158.47999999999956,20912.604
18553.58,-158.46999999999753,21153.146
18553.59,-158.45999999999913,21779.512
18553.6,-158.45000000000073,22262.264
18553.61,-158.4399999999987,22213.951
18553.62,-158.4300000000003,21249.422
18553.63,-158.41999999999825,21008.797
18553.64,-158.40999999999985,21201.279
18553.65,-158.39999999999782,20624.219
18553.66,-158.38999999999942,20384.121
18553.67,-158.38000000000102,20672.262
18553.68,-158.36999999999898,21297.57
18553.69,-158.36000000000058,21683.059
18553.7,-158.34999999999854,22020.785
18553.71,-158.34000000000015,21586.637
18553.72,-158.3299999999981,21008.797
18553.73,-158.3199999999997,21105.021
18553.74,-158.30999999999767,20864.52
18553.75,-158.29999999999927,21056.904
18553.76,-158.29000000000087,20816.443
18553.77,-158.27999999999884,20912.604
18553.78,-158.27000000000044,21393.895
18553.79,-158.2599999999984,21924.252
18553.8,-158.25,22020.785
18553.81,-158.23999999999796,21827.75
18553.82,-158.22999999999956,21345.729
18553.83,-158.21999999999753,21153.146
18553.84,-158.20999999999913,21008.797
18553.85,-158.20000000000073,20864.52
18553.86,-158.1899999999987,21105.021
18553.87,-158.1800000000003,21153.146
18553.88,-158.16999999999825,21008.797
18553.89,-158.15999999999985,21490.25
18553.9,-158.14999999999782,21683.059
18553.91,-158.13999999999942,21972.514
18553.92,-158.13000000000102,21924.252
18553.93,-158.11999999999898,21490.25
18553.94,-158.11000000000058,20720.314
18553.95,-158.09999999999854,20816.443
18553.96,-158.09000000000015,20816.443
18553.97,-158.0799999999981,20768.375
18553.98,-158.0699999999997,20720.314
18553.99,-158.05999999999767,21249.422
18554.0,-158.04999999999927,21538.439
18554.01,-158.04000000000087,21827.75
18554.02,-158.02999999999884,22213.951
18554.03,-158.02000000000044,21683.059
18554.04,-158.0099999999984,20960.695
18554.05,-158.0,20768.375
18554.06,-157.98999999999796,20960.695
18554.07,-157.97999999999956,20768.375
18554.08,-157.96999999999753,20768.375
18554.09,-157.95999999999913,21586.637
18554.1,-157.95000000000073,21586.637
18554.11,-157.9399999999987,21634.844
18554.12,-157.9300000000003,22020.785
18554.13,-157.91999999999825,21538.439
18554.14,-157.90999999999985,21297.57
18554.15,-157.89999999999782,21056.904
18554.16,-157.88999999999942,20816.443
18554.17,-157.88000000000102,20912.604
18554.18,-157.86999999999898,20768.375
18554.19,-157.86000000000058,20912.604
18554.2,-157.84999999999854,21201.279
18554.21,-157.84000000000015,21731.279
18554.22,-157.8299999999981,21924.252
18554.23,-157.8199999999997,22165.648
18554.24,-157.80999999999767,21538.439
18554.25,-157.79999999999927,20960.695
18554.26,-157.79000000000087,20624.219
18554.27,-157.77999999999884,20576.184
18554.28,-157.77000000000044,20576.184
18554.29,-157.7599999999984,20576.184
18554.3,-157.75,21201.279
18554.31,-157.73999999999796,21731.279
18554.32,-157.72999999999956,22069.064
18554.33,-157.71999999999753,21924.252
18554.34,-157.70999999999913,21779.512
18554.35,-157.70000000000073,21201.279
18554.36,-157.6899999999987,20768.375
18554.37,-157.6800000000003,20960.695
18554.38,-157.66999999999825,20624.219
18554.39,-157.65999999999985,20576.184
18554.4,-157.64999999999782,20624.219
18554.41,-157.63999999999942,21345.729
18554.42,-157.63000000000102,21683.059
18554.43,-157.61999999999898,21972.514
18554.44,-157.61000000000058,22117.352
18554.45,-157.59999999999854,21345.729
18554.46,-157.59000000000015,21201.279
18554.47,-157.5799999999981,20960.695
18554.48,-157.5699999999997,21008.797
18554.49,-157.55999999999767,20288.141
18554.5,-157.54999999999927,20672.262
18554.51,-157.54000000000087,21056.904
18554.52,-157.52999999999884,21634.844
18554.53,-157.52000000000044,22117.352
18554.54,-157.5099999999984,22262.264
18554.55,-157.5,21779.512
18554.56,-157.48999999999796,21201.279
18554.57,-157.47999999999956,20960.695
18554.58,-157.46999999999753,20576.184
18554.59,-157.45999999999913,20576.184
18554.6,-157.45000000000073,20432.125
18554.61,-157.4399999999987,20576.184
18554.62,-157.4300000000003,21008.797
18554.63,-157.41999999999825,21731.279
18554.64,-157.40999999999985,22165.648
18554.65,-157.39999999999782,22213.951
18554.66,-157.38999999999942,21779.512
18554.67,-157.38000000000102,21105.021
18554.68,-157.36999999999898,20912.604
18554.69,-157.36000000000058,20672.262
18554.7,-157.34999999999854,20432.125
18554.71,-157.34000000000015,20720.314
18554.72,-157.3299999999981,20960.695
18554.73,-157.3199999999997,21393.895
18554.74,-157.30999999999767,21634.844
18554.75,-157.29999999999927,22213.951
18554.76,-157.29000000000087,21924.252
18554.77,-157.27999999999884,21442.066
18554.78,-157.27000000000044,20912.604
18554.79,-157.2599999999984,20864.52
18554.8,-157.25,21105.021
18554.81,-157.23999999999796,20768.375
18554.82,-157.22999999999956,20432.125
18554.83,-157.21999999999753,20960.695
18554.84,-157.20999999999913,21538.439
18554.85,-157.20000000000073,21779.512
18554.86,-157.1899999999987,22165.648
18554.87,-157.1800000000003,21731.279
18554.88,-157.16999999999825,20720.314
18554.89,-157.15999999999985,20768.375
18554.9,-157.14999999999782,21056.904
18554.91,-157.13999999999942,20816.443
18554.92,-157.13000000000102,20768.375
18554.93,-157.11999999999898,21490.25
18554.94,-157.11000000000058,21297.57
18554.95,-157.09999999999854,21490.25
18554.96,-157.09000000000015,21924.252
18554.97,-157.0799999999981,22165.648
18554.98,-157.0699999999997,22310.584
18554.99,-157.05999999999767,21924.252
18555.0,-157.04999999999927,22020.785
18555.01,-157.04000000000087,21731.279
18555.02,-157.02999999999884,22165.648
18555.03,-157.02000000000044,21345.729
18555.04,-157.0099999999984,21297.57
18555.05,-157.0,21008.797
18555.06,-156.98999999999796,20816.443
18555.07,-156.97999999999956,20720.314
18555.08,-156.96999999999753,20864.52
18555.09,-156.95999999999913,21442.066
18555.1,-156.95000000000073,21924.252
18555.11,-156.9399999999987,21924.252
18555.12,-156.9300000000003,22697.436
18555.13,-156.91999999999825,21538.439
18555.14,-156.90999999999985,21538.439
18555.15,-156.89999999999782,20960.695
18555.16,-156.88999999999942,20864.52
18555.17,-156.88000000000102,20624.219
18555.18,-156.86999999999898,20384.121
18555.19,-156.86000000000058,20576.184
18555.2,-156.84999999999854,21153.146
18555.21,-156.84000000000015,21634.844
18555.22,-156.8299999999981,22020.785
18555.23,-156.8199999999997,22020.785
18555.24,-156.80999999999767,21972.514
18555.25,-156.79999999999927,21249.422
18555.26,-156.79000000000087,20528.156
18555.27,-156.77999999999884,20624.219
18555.28,-156.77000000000044,20384.121
18555.29,-156.7599999999984,20624.219
18555.3,-156.75,21201.279
18555.31,-156.73999999999796,22020.785
18555.32,-156.72999999999956,22600.674
18555.33,-156.71999999999753,22358.912
18555.34,-156.70999999999913,21586.637
18555.35,-156.70000000000073,21008.797
18555.36,-156.6899999999987,20720.314
18555.37,-156.6800000000003,20288.141
18555.38,-156.66999999999825,20528.156
18555.39,-156.65999999999985,20864.52
18555.4,-156.64999999999782,21586.637
18555.41,-156.63999999999942,21683.059
18555.42,-156.63000000000102,21731.279
18555.43,-156.61999999999898,21875.996
18555.44,-156.61000000000058,22020.785
18555.45,-156.59999999999854,21634.844
18555.46,-156.59000000000015,20960.695
18555.47,-156.5799999999981,21249.422
18555.48,-156.5699999999997,21105.021
18555.49,-156.55999999999767,20624.219
18555.5,-156.54999999999927,20672.262
18555.51,-156.54000000000087,21490.25
18555.52,-156.52999999999884,22310.584
18555.53,-156.52000000000044,22020.785
18555.54,-156.5099999999984,22069.064
18555.55,-156.5,21490.25
18555.56,-156.48999999999796,20864.52
18555.57,-156.47999999999956,21008.797
18555.58,-156.46999999999753,20720.314
18555.59,-156.45999999999913,20672.262
18555.6,-156.45000000000073,20768.375
18555.61,-156.4399999999987,21297.57
18555.62,-156.4300000000003,21924.252
18555.63,-156.41999999999825,21875.996
18555.64,-156.40999999999985,22165.648
18555.65,-156.39999999999782,21779.512
18555.66,-156.38999999999942,21153.146
18555.67,-156.38000000000102,20720.314
18555.68,-156.36999999999898,20576.184
18555.69,-156.36000000000058,20624.219
18555.7,-156.34999999999854,20480.137
18555.71,-156.34000000000015,20768.375
18555.72,-156.3299999999981,21297.57
18555.73,-156.3199999999997,21683.059
18555.74,-156.30999999999767,22358.912
18555.75,-156.29999999999927,22649.051
18555.76,-156.29000000000087,21731.279
18555.77,-156.27999999999884,21345.729
18555.78,-156.27000000000044,20624.219
18555.79,-156.2599999999984,20720.314
18555.8,-156.25,20480.137
18555.81,-156.23999999999796,20816.443
18555.82,-156.22999999999956,21538.439
18555.83,-156.21999999999753,21538.439
18555.84,-156.20999999999913,21683.059
18555.85,-156.20000000000073,22117.352
18555.86,-156.1899999999987,22069.064
18555.87,-156.1800000000003,21345.729
18555.88,-156.16999999999825,20912.604
18555.89,-156.15999999999985,21201.279
18555.9,-156.14999999999782,20768.375
18555.91,-156.13999999999942,20624.219
18555.92,-156.13000000000102,21056.904
18555.93,-156.11999999999898,21393.895
18555.94,-156.11000000000058,21731.279
18555.95,-156.09999999999854,21924.252
18555.96,-156.09000000000015,22117.352
18555.97,-156.0799999999981,21538.439
18555.98,-156.0699999999997,21490.25
18555.99,-156.05999999999767,20816.443
18556.0,-156.04999999999927,20384.121
18556.01,-156.04000000000087,20528.156
18556.02,-156.02999999999884,20816.443
18556.03,-156.02000000000044,21731.279
18556.04,-156.0099999999984,22310.584
18556.05,-156.0,22503.943
18556.06,-155.98999999999796,22891.057
18556.07,-155.97999999999956,22262.264
18556.08,-155.96999999999753,21683.059
18556.09,-155.95999999999913,21105.021
18556.1,-155.95000000000073,20864.52
18556.11,-155.9399999999987,20672.262
18556.12,-155.9300000000003,20672.262
18556.13,-155.91999999999825,20816.443
18556.14,-155.90999999999985,22503.943
18556.15,-155.89999999999782,22891.057
18556.16,-155.88999999999942,23424.184
18556.17,-155.88000000000102,23327.178
18556.18,-155.86999999999898,22407.248
18556.19,-155.86000000000058,21634.844
18556.2,-155.84999999999854,21105.021
18556.21,-155.84000000000015,21056.904
18556.22,-155.8299999999981,20576.184
18556.23,-155.8199999999997,20768.375
18556.24,-155.80999999999767,21924.252
18556.25,-155.79999999999927,22842.639
18556.26,-155.79000000000087,23327.178
18556.27,-155.77999999999884,24347.355
18556.28,-155.77000000000044,23230.205
18556.29,-155.7599999999984,21924.252
18556.3,-155.75,21345.729
18556.31,-155.73999999999796,21105.021
18556.32,-155.72999999999956,20768.375
18556.33,-155.71999999999753,20816.443
18556.34,-155.70999999999913,21393.895
18556.35,-155.70000000000073,22165.648
18556.36,-155.6899999999987,22987.916
18556.37,-155.6800000000003,23521.223
18556.38,-155.66999999999825,23375.678
18556.39,-155.65999999999985,23084.807
18556.4,-155.64999999999782,22020.785
18556.41,-155.63999999999942,21345.729
18556.42,-155.63000000000102,21008.797
18556.43,-155.61999999999898,20912.604
18556.44,-155.61000000000058,20864.52
18556.45,-155.59999999999854,21972.514
18556.46,-155.59000000000015,22745.828
18556.47,-155.5799999999981,23424.184
18556.48,-155.5699999999997,23618.293
18556.49,-155.55999999999767,22891.057
18556.5,-155.54999999999927,21924.252
18556.51,-155.54000000000087,21297.57
18556.52,-155.52999999999884,20912.604
18556.53,-155.52000000000044,20816.443
18556.54,-155.5099999999984,20768.375
18556.55,-155.5,21442.066
18556.56,-155.48999999999796,22165.648
18556.57,-155.47999999999956,22939.482
18556.58,-155.46999999999753,23472.699
18556.59,-155.45999999999913,23569.752
18556.6,-155.45000000000073,22358.912
18556.61,-155.4399999999987,21538.439
18556.62,-155.4300000000003,21297.57
18556.63,-155.41999999999825,20960.695
18556.64,-155.40999999999985,20960.695
18556.65,-155.39999999999782,20768.375
18556.66,-155.38999999999942,21875.996
18556.67,-155.38000000000102,22649.051
18556.68,-155.36999999999898,23715.395
18556.69,-155.36000000000058,24104.131
18556.7,-155.34999999999854,23181.73
18556.71,-155.34000000000015,22020.785
18556.72,-155.3299999999981,20960.695
18556.73,-155.3199999999997,20816.443
18556.74,-155.30999999999767,21008.797
18556.75,-155.29999999999927,21153.146
18556.76,-155.29000000000087,21153.146
18556.77,-155.27999999999884,22069.064
18556.78,-155.27000000000044,23084.807
18556.79,-155.2599999999984,23472.699
18556.8,-155.25,22794.229
18556.81,-155.23999999999796,21827.75
18556.82,-155.22999999999956,21538.439
18556.83,-155.21999999999753,21586.637
18556.84,-155.20999999999913,21056.904
18556.85,-155.20000000000073,21345.729
18556.86,-155.1899999999987,20864.52
18556.87,-155.1800000000003,21586.637
18556.88,-155.16999999999825,22503.943
18556.89,-155.15999999999985,23472.699
18556.9,-155.14999999999782,23181.73
18556.91,-155.13999999999942,22842.639
18556.92,-155.13000000000102,22165.648
18556.93,-155.11999999999898,20912.604
18556.94,-155.11000000000058,21105.021
18556.95,-155.09999999999854,21201.279
18556.96,-155.09000000000015,21056.904
18556.97,-155.0799999999981,21586.637
18556.98,-155.0699999999997,22213.951
18556.99,-155.05999999999767,22745.828
18557.0,-155.04999999999927,23278.688
18557.01,-155.04000000000087,22939.482
18557.02,-155.02999999999884,22262.264
18557.03,-155.02000000000044,21731.279
18557.04,-155.0099999999984,21393.895
18557.05,-155.0,21153.146
18557.06,-154.98999999999796,20864.52
18557.07,-154.97999999999956,21105.021
18557.08,-154.96999999999753,21972.514
18557.09,-154.95999999999913,22503.943
18557.1,-154.95000000000073,23375.678
18557.11,-154.9399999999987,23133.266
18557.12,-154.9300000000003,22407.248
18557.13,-154.91999999999825,21538.439
18557.14,-154.90999999999985,21297.57
18557.15,-154.89999999999782,20864.52
18557.16,-154.88999999999942,21056.904
18557.17,-154.88000000000102,20768.375
18557.18,-154.86999999999898,21105.021
18557.19,-154.86000000000058,22117.352
18557.2,-154.84999999999854,22649.051
18557.21,-154.84000000000015,23084.807
18557.22,-154.8299999999981,23084.807
18557.23,-154.8199999999997,22600.674
18557.24,-154.80999999999767,21393.895
18557.25,-154.79999999999927,20816.443
18557.26,-154.79000000000087,20768.375
18557.27,-154.77999999999884,20960.695
18557.28,-154.77000000000044,21249.422
18557.29,-154.7599999999984,21972.514
18557.3,-154.75,22455.592
18557.31,-154.73999999999796,23278.688
18557.32,-154.72999999999956,23084.807
18557.33,-154.71999999999753,22310.584
18557.34,-154.70999999999913,21393.895
18557.35,-154.70000000000073,20960.695
18557.36,-154.6899999999987,21201.279
18557.37,-154.6800000000003,20720.314
18557.38,-154.66999999999825,20576.184
18557.39,-154.65999999999985,21683.059
18557.4,-154.64999999999782,22358.912
18557.41,-154.63999999999942,22939.482
18557.42,-154.63000000000102,22939.482
18557.43,-154.61999999999898,22697.436
18557.44,-154.61000000000058,22117.352
18557.45,-154.59999999999854,21490.25
18557.46,-154.59000000000015,20816.443
18557.47,-154.5799999999981,20864.52
18557.48,-154.5699999999997,21393.895
18557.49,-154.55999999999767,21249.422
18557.5,-154.54999999999927,21779.512
18557.51,-154.54000000000087,22407.248
18557.52,-154.52999999999884,23036.357
18557.53,-154.52000000000044,22842.639
18557.54,-154.5099999999984,22117.352
18557.55,-154.5,21538.439
18557.56,-154.48999999999796,21201.279
18557.57,-154.47999999999956,20912.604
18557.58,-154.46999999999753,20864.52
18557.59,-154.45999999999913,20432.125
18557.6,-154.45000000000073,21490.25
18557.61,-154.4399999999987,22262.264
18557.62,-154.4300000000003,22939.482
18557.63,-154.41999999999825,22987.916
18557.64,-154.40999999999985,22745.828
18557.65,-154.39999999999782,21924.252
18557.66,-154.38999999999942,21297.57
18557.67,-154.38000000000102,21586.637
18557.68,-154.36999999999898,20768.375
18557.69,-154.36000000000058,20624.219
18557.7,-154.34999999999854,21345.729
18557.71,-154.34000000000015,21827.75
18557.72,-154.3299999999981,22262.264
18557.73,-154.3199999999997,22407.248
18557.74,-154.30999999999767,22794.229
18557.75,-154.29999999999927,22310.584
18557.76,-154.29000000000087,21249.422
18557.77,-154.27999999999884,21297.57
18557.78,-154.27000000000044,21297.57
18557.79,-154.2599999999984,20528.156
18557.8,-154.25,20720.314
18557.81,-154.23999999999796,21008.797
18557.82,-154.22999999999956,21442.066
18557.83,-154.21999999999753,21875.996
18557.84,-154.20999999999913,22117.352
18557.85,-154.20000000000073,22213.951
18557.86,-154.1899999999987,21393.895
18557.87,-154.1800000000003,20720.314
18557.88,-154.16999999999825,20624.219
18557.89,-154.15999999999985,20912.604
18557.9,-154.14999999999782,21056.904
18557.91,-154.13999999999942,21490.25
18557.92,-154.13000000000102,21345.729
18557.93,-154.11999999999898,21924.252
18557.94,-154.11000000000058,21779.512
18557.95,-154.09999999999854,21924.252
18557.96,-154.09000000000015,21442.066
18557.97,-154.0799999999981,21297.57
18557.98,-154.0699999999997,20960.695
18557.99,-154.05999999999767,21105.021
18558.0,-154.04999999999927,21008.797
18558.01,-154.04000000000087,20816.443
18558.02,-154.02999999999884,21297.57
18558.03,-154.02000000000044,21490.25
18558.04,-154.0099999999984,21827.75
18558.05,-154.0,22552.305
18558.06,-153.98999999999796,22069.064
18558.07,-153.97999999999956,21345.729
18558.08,-153.96999999999753,21153.146
18558.09,-153.95999999999913,21153.146
18558.1,-153.95000000000073,20768.375
18558.11,-153.9399999999987,20672.262
18558.12,-153.9300000000003,20576.184
18558.13,-153.91999999999825,21201.279
18558.14,-153.90999999999985,22020.785
18558.15,-153.89999999999782,22213.951
18558.16,-153.88999999999942,22020.785
18558.17,-153.88000000000102,21683.059
18558.18,-153.86999999999898,20864.52
18558.19,-153.86000000000058,20960.695
18558.2,-153.84999999999854,21008.797
18558.21,-153.84000000000015,20960.695
18558.22,-153.8299999999981,20672.262
18558.23,-153.8199999999997,21105.021
18558.24,-153.80999999999767,21490.25
18558.25,-153.79999999999927,21779.512
18558.26,-153.79000000000087,21875.996
18558.27,-153.77999999999884,22020.785
18558.28,-153.77000000000044,21297.57
18558.29,-153.7599999999984,21297.57
18558.3,-153.75,20768.375
18558.31,-153.73999999999796,20816.443
18558.32,-153.72999999999956,20528.156
18558.33,-153.71999999999753,20816.443
18558.34,-153.70999999999913,21249.422
18558.35,-153.70000000000073,21875.996
18558.36,-153.6899999999987,22069.064
18558.37,-153.6800000000003,21875.996
18558.38,-153.66999999999825,21393.895
18558.39,-153.65999999999985,21345.729
18558.4,-153.64999999999782,21153.146
18558.41,-153.63999999999942,20672.262
18558.42,-153.63000000000102,20576.184
18558.43,-153.61999999999898,20672.262
18558.44,-153.61000000000058,20960.695
18558.45,-153.59999999999854,21875.996
18558.46,-153.59000000000015,21924.252
18558.47,-153.5799999999981,22165.648
18558.48,-153.5699999999997,22165.648
18558.49,-153.55999999999767,21201.279
18558.5,-153.54999999999927,21105.021
18558.51,-153.54000000000087,20720.314
18558.52,-153.52999999999884,20912.604
18558.53,-153.52000000000044,20720.314
18558.54,-153.5099999999984,21008.797
18558.55,-153.5,21779.512
18558.56,-153.48999999999796,21972.514
18558.57,-153.47999999999956,22213.951
18558.58,-153.46999999999753,22020.785
18558.59,-153.45999999999913,21442.066
18558.6,-153.45000000000073,21056.904
18558.61,-153.4399999999987,20768.375
18558.62,-153.4300000000003,21201.279
18558.63,-153.41999999999825,20912.604
18558.64,-153.40999999999985,21105.021
18558.65,-153.39999999999782,21153.146
18558.66,-153.38999999999942,21393.895
18558.67,-153.38000000000102,21490.25
18558.68,-153.36999999999898,21972.514
18558.69,-153.36000000000058,21827.75
18558.7,-153.34999999999854,21153.146
18558.71,-153.34000000000015,20864.52
18558.72,-153.3299999999981,21008.797
18558.73,-153.3199999999997,20912.604
18558.74,-153.30999999999767,20528.156
18558.75,-153.29999999999927,20624.219
18558.76,-153.29000000000087,21153.146
18558.77,-153.27999999999884,21827.75
18558.78,-153.27000000000044,22020.785
18558.79,-153.2599999999984,22310.584
18558.8,-153.25,21393.895
18558.81,-153.23999999999796,20816.443
18558.82,-153.22999999999956,20528.156
18558.83,-153.21999999999753,20384.121
18558.84,-153.20999999999913,20624.219
18558.85,-153.20000000000073,20720.314
18558.86,-153.1899999999987,21393.895
18558.87,-153.1800000000003,22262.264
18558.88,-153.16999999999825,22020.785
18558.89,-153.15999999999985,21875.996
18558.9,-153.14999999999782,21875.996
18558.91,-153.13999999999942,21586.637
18558.92,-153.13000000000102,21056.904
18558.93,-153.11999999999898,20864.52
18558.94,-153.11000000000058,20960.695
18558.95,-153.09999999999854,20960.695
18558.96,-153.09000000000015,21297.57
18558.97,-153.0799999999981,21538.439
18558.98,-153.0699999999997,21875.996
18558.99,-153.05999999999767,21634.844
18559.0,-153.04999999999927,21538.439
18559.01,-153.04000000000087,20912.604
18559.02,-153.02999999999884,21105.021
18559.03,-153.02000000000044,21056.904
18559.04,-153.0099999999984,20912.604
18559.05,-153.0,20960.695
18559.06,-152.98999999999796,20768.375
18559.07,-152.97999999999956,21297.57
18559.08,-152.96999999999753,21924.252
18559.09,-152.95999999999913,21731.279
18559.1,-152.95000000000073,21538.439
18559.11,-152.9399999999987,21538.439
18559.12,-152.9300000000003,21345.729
18559.13,-152.91999999999825,20912.604
18559.14,-152.90999999999985,21008.797
18559.15,-152.89999999999782,20768.375
18559.16,-152.88999999999942,20912.604
18559.17,-152.88000000000102,21008.797
18559.18,-152.86999999999898,21490.25
18559.19,-152.86000000000058,21875.996
18559.2,-152.84999999999854,21875.996
18559.21,-152.84000000000015,21875.996
18559.22,-152.8299999999981,21538.439
18559.23,-152.8199999999997,21105.021
18559.24,-152.80999999999767,20912.604
18559.25,-152.79999999999927,20768.375
18559.26,-152.79000000000087,20192.191
18559.27,-152.77999999999884,20864.52
18559.28,-152.77000000000044,21538.439
18559.29,-152.7599999999984,21731.279
18559.3,-152.75,21490.25
18559.31,-152.73999999999796,21972.514
18559.32,-152.72999999999956,21442.066
18559.33,-152.71999999999753,21393.895
18559.34,-152.70999999999913,20960.695
18559.35,-152.70000000000073,20528.156
18559.36,-152.6899999999987,20480.137
18559.37,-152.6800000000003,20672.262
18559.38,-152.66999999999825,20960.695
18559.39,-152.65999999999985,22262.264
18559.4,-152.64999999999782,22503.943
18559.41,-152.63999999999942,21924.252
18559.42,-152.63000000000102,22117.352
18559.43,-152.61999999999898,21731.279
18559.44,-152.61000000000058,21008.797
18559.45,-152.59999999999854,20624.219
18559.46,-152.59000000000015,20432.125
18559.47,-152.5799999999981,20624.219
18559.48,-152.5699999999997,20192.191
18559.49,-152.55999999999767,21153.146
18559.5,-152.54999999999927,21683.059
18559.51,-152.54000000000087,21683.059
18559.52,-152.52999999999884,22310.584
18559.53,-152.52000000000044,21972.514
18559.54,-152.5099999999984,21249.422
18559.55,-152.5,21201.279
18559.56,-152.48999999999796,20768.375
18559.57,-152.47999999999956,20816.443
18559.58,-152.46999999999753,20816.443
18559.59,-152.45999999999913,20768.375
18559.6,-152.45000000000073,21538.439
18559.61,-152.4399999999987,21972.514
18559.62,-152.4300000000003,22213.951
18559.63,-152.41999999999825,21875.996
18559.64,-152.40999999999985,21201.279
18559.65,-152.39999999999782,21153.146
18559.66,-152.38999999999942,20816.443
18559.67,-152.38000000000102,20960.695
18559.68,-152.36999999999898,21056.904
18559.69,-152.36000000000058,21201.279
18559.7,-152.34999999999854,21683.059
18559.71,-152.34000000000015,21924.252
18559.72,-152.3299999999981,21972.514
18559.73,-152.3199999999997,21634.844
18559.74,-152.30999999999767,21201.279
18559.75,-152.29999999999927,21153.146
18559.76,-152.29000000000087,20816.443
18559.77,-152.27999999999884,21008.797
18559.78,-152.27000000000044,20960.695
18559.79,-152.2599999999984,20816.443
18559.8,-152.25,21056.904
18559.81,-152.23999999999796,21683.059
18559.82,-152.22999999999956,21827.75
18559.83,-152.21999999999753,22358.912
18559.84,-152.20999999999913,22165.648
18559.85,-152.20000000000073,21490.25
18559.86,-152.1899999999987,20912.604
18559.87,-152.1800000000003,20912.604
18559.88,-152.16999999999825,20816.443
18559.89,-152.15999999999985,20672.262
18559.9,-152.14999999999782,20528.156
18559.91,-152.13999999999942,21105.021
18559.92,-152.13000000000102,21634.844
18559.93,-152.11999999999898,21972.514
18559.94,-152.11000000000058,21875.996
18559.95,-152.09999999999854,21393.895
18559.96,-152.09000000000015,21153.146
18559.97,-152.0799999999981,20816.443
18559.98,-152.0699999999997,21345.729
18559.99,-152.05999999999767,21008.797
18560.0,-152.04999999999927,20624.219
18560.01,-152.04000000000087,20960.695
18560.02,-152.02999999999884,21731.279
18560.03,-152.02000000000044,22310.584
18560.04,-152.0099999999984,22455.592
18560.05,-152.0,22262.264
18560.06,-151.98999999999796,21201.279
18560.07,-151.97999999999956,20672.262
18560.08,-151.96999999999753,21008.797
18560.09,-151.95999999999913,20720.314
18560.1,-151.95000000000073,20624.219
18560.11,-151.9399999999987,20528.156
18560.12,-151.9300000000003,21201.279
18560.13,-151.91999999999825,21683.059
18560.14,-151.90999999999985,22407.248
18560.15,-151.89999999999782,22213.951
18560.16,-151.88999999999942,21827.75
18560.17,-151.88000000000102,21249.422
18560.18,-151.86999999999898,20624.219
18560.19,-151.86000000000058,20816.443
18560.2,-151.84999999999854,20768.375
18560.21,-151.84000000000015,20816.443
18560.22,-151.8299999999981,21056.904
18560.23,-151.8199999999997,21297.57
18560.24,-151.80999999999767,21586.637
18560.25,-151.79999999999927,21972.514
18560.26,-151.79000000000087,21875.996
18560.27,-151.77999999999884,21393.895
18560.28,-151.77000000000044,21297.57
18560.29,-151.7599999999984,20768.375
18560.3,-151.75,20528.156
18560.31,-151.73999999999796,20576.184
18560.32,-151.72999999999956,20384.121
18560.33,-151.71999999999753,21538.439
18560.34,-151.70999999999913,22020.785
18560.35,-151.70000000000073,22213.951
18560.36,-151.6899999999987,22069.064
18560.37,-151.6800000000003,21490.25
18560.38,-151.66999999999825,20864.52
18560.39,-151.65999999999985,20960.695
18560.4,-151.64999999999782,20816.443
18560.41,-151.63999999999942,20960.695
18560.42,-151.63000000000102,20672.262
18560.43,-151.61999999999898,20816.443
18560.44,-151.61000000000058,21634.844
18560.45,-151.59999999999854,21924.252
18560.46,-151.59000000000015,22165.648
18560.47,-151.5799999999981,21731.279
18560.48,-151.5699999999997,20768.375
18560.49,-151.55999999999767,20768.375
18560.5,-151.54999999999927,20816.443
18560.51,-151.54000000000087,20816.443
18560.52,-151.52999999999884,21056.904
18560.53,-151.52000000000044,20960.695
18560.54,-151.5099999999984,21345.729
18560.55,-151.5,21586.637
18560.56,-151.48999999999796,21731.279
18560.57,-151.47999999999956,21924.252
18560.58,-151.46999999999753,21924.252
18560.59,-151.45999999999913,21490.25
18560.6,-151.45000000000073,21105.021
18560.61,-151.4399999999987,20864.52
18560.62,-151.4300000000003,20816.443
18560.63,-151.41999999999825,20528.156
18560.64,-151.40999999999985,21249.422
18560.65,-151.39999999999782,21393.895
18560.66,-151.38999999999942,21875.996
18560.67,-151.38000000000102,22213.951
18560.68,-151.36999999999898,21779.512
18560.69,-151.36000000000058,21442.066
18560.7,-151.34999999999854,20624.219
18560.71,-151.34000000000015,20864.52
18560.72,-151.3299999999981,20624.219
18560.73,-151.3199999999997,21056.904
18560.74,-151.30999999999767,21105.021
18560.75,-151.29999999999927,21008.797
18560.76,-151.29000000000087,21153.146
18560.77,-151.27999999999884,22262.264
18560.78,-151.27000000000044,22262.264
18560.79,-151.2599999999984,21393.895
18560.8,-151.25,21056.904
18560.81,-151.23999999999796,20624.219
18560.82,-151.22999999999956,20816.443
18560.83,-151.21999999999753,21056.904
18560.84,-151.20999999999913,21393.895
18560.85,-151.20000000000073,21056.904
18560.86,-151.1899999999987,21393.895
18560.87,-151.1800000000003,21924.252
18560.88,-151.16999999999825,21972.514
18560.89,-151.15999999999985,22117.352
18560.9,-151.14999999999782,21490.25
18560.91,-151.13999999999942,20816.443
18560.92,-151.13000000000102,20672.262
18560.93,-151.11999999999898,20576.184
18560.94,-151.11000000000058,20672.262
18560.95,-151.09999999999854,21105.021
18560.96,-151.09000000000015,21634.844
18560.97,-151.0799999999981,22117.352
18560.98,-151.0699999999997,22069.064
18560.99,-151.05999999999767,21779.512
18561.0,-151.04999999999927,21153.146
18561.01,-151.04000000000087,20672.262
18561.02,-151.02999999999884,20960.695
18561.03,-151.02000000000044,21249.422
18561.04,-151.0099999999984,21105.021
18561.05,-151.0,20864.52
18561.06,-150.98999999999796,21201.279
18561.07,-150.97999999999956,21490.25
18561.08,-150.96999999999753,21827.75
18561.09,-150.95999999999913,21972.514
18561.1,-150.95000000000073,21827.75
18561.11,-150.9399999999987,21393.895
18561.12,-150.9300000000003,21442.066
18561.13,-150.91999999999825,20768.375
18561.14,-150.90999999999985,21345.729
18561.15,-150.89999999999782,20720.314
18561.16,-150.88999999999942,21008.797
18561.17,-150.88000000000102,21634.844
18561.18,-150.86999999999898,21345.729
18561.19,-150.86000000000058,21586.637
18561.2,-150.84999999999854,22117.352
18561.21,-150.84000000000015,21731.279
18561.22,-150.8299999999981,20912.604
18561.23,-150.8199999999997,21008.797
18561.24,-150.80999999999767,21153.146
18561.25,-150.79999999999927,20576.184
18561.26,-150.79000000000087,20336.127
18561.27,-150.77999999999884,21297.57
18561.28,-150.77000000000044,21972.514
18561.29,-150.7599999999984,22117.352
18561.3,-150.75,22213.951
18561.31,-150.73999999999796,22165.648
18561.32,-150.72999999999956,21297.57
18561.33,-150.71999999999753,20912.604
18561.34,-150.70999999999913,20624.219
18561.35,-150.70000000000073,20864.52
18561.36,-150.6899999999987,20432.125
18561.37,-150.6800000000003,20912.604
18561.38,-150.66999999999825,21249.422
18561.39,-150.65999999999985,22117.352
18561.4,-150.64999999999782,22455.592
18561.41,-150.63999999999942,22213.951
18561.42,-150.63000000000102,21345.729
18561.43,-150.61999999999898,20816.443
18561.44,-150.61000000000058,20576.184
18561.45,-150.59999999999854,20576.184
18561.46,-150.59000000000015,20816.443
18561.47,-150.5799999999981,21105.021
18561.48,-150.5699999999997,21586.637
18561.49,-150.55999999999767,21442.066
18561.5,-150.54999999999927,21538.439
18561.51,-150.54000000000087,21490.25
18561.52,-150.52999999999884,21490.25
18561.53,-150.52000000000044,21538.439
18561.54,-150.5099999999984,21105.021
18561.55,-150.5,21634.844
18561.56,-150.48999999999796,20960.695
18561.57,-150.47999999999956,20528.156
18561.58,-150.46999999999753,20816.443
18561.59,-150.45999999999913,21634.844
18561.6,-150.45000000000073,21875.996
18561.61,-150.4399999999987,22165.648
18561.62,-150.4300000000003,22069.064
18561.63,-150.41999999999825,21345.729
18561.64,-150.40999999999985,21249.422
18561.65,-150.39999999999782,20768.375
18561.66,-150.38999999999942,20432.125
18561.67,-150.38000000000102,20576.184
18561.68,-150.36999999999898,20576.184
18561.69,-150.36000000000058,21297.57
18561.7,-150.34999999999854,21827.75
18561.71,-150.34000000000015,22020.785
18561.72,-150.3299999999981,22165.648
18561.73,-150.3199999999997,21924.252
18561.74,-150.30999999999767,22358.912
18561.75,-150.29999999999927,22697.436
18561.76,-150.29000000000087,21827.75
18561.77,-150.27999999999884,22165.648
18561.78,-150.27000000000044,21779.512
18561.79,-150.2599999999984,21393.895
18561.8,-150.25,21153.146
18561.81,-150.23999999999796,21201.279
18561.82,-150.22999999999956,20768.375
18561.83,-150.21999999999753,20384.121
18561.84,-150.20999999999913,20432.125
18561.85,-150.20000000000073,21105.021
18561.86,-150.1899999999987,21731.279
18561.87,-150.1800000000003,22117.352
18561.88,-150.16999999999825,21779.512
18561.89,-150.15999999999985,21201.279
18561.9,-150.14999999999782,20624.219
18561.91,-150.13999999999942,20624.219
18561.92,-150.13000000000102,20576.184
18561.93,-150.11999999999898,20576.184
18561.94,-150.11000000000058,20384.121
18561.95,-150.09999999999854,20960.695
18561.96,-150.09000000000015,21297.57
18561.97,-150.0799999999981,22020.785
18561.98,-150.0699999999997,22165.648
18561.99,-150.05999999999767,21490.25
18562.0,-150.04999999999927,21056.904
18562.01,-150.04000000000087,20432.125
18562.02,-150.02999999999884,20624.219
18562.03,-150.02000000000044,20768.375
18562.04,-150.0099999999984,20432.125
18562.05,-150.0,20816.443
18562.06,-149.98999999999796,21731.279
18562.07,-149.97999999999956,21875.996
18562.08,-149.96999999999753,22358.912
18562.09,-149.95999999999913,22503.943
18562.1,-149.95000000000073,21634.844
18562.11,-149.9399999999987,20624.219
18562.12,-149.9300000000003,20480.137
18562.13,-149.91999999999825,20768.375
18562.14,-149.90999999999985,20720.314
18562.15,-149.89999999999782,20480.137
18562.16,-149.88999999999942,20960.695
18562.17,-149.88000000000102,21779.512
18562.18,-149.86999999999898,22117.352
18562.19,-149.86000000000058,22020.785
18562.2,-149.84999999999854,21875.996
18562.21,-149.84000000000015,21683.059
18562.22,-149.8299999999981,21249.422
18562.23,-149.8199999999997,21201.279
18562.24,-149.80999999999767,20816.443
18562.25,-149.79999999999927,20432.125
18562.26,-149.79000000000087,20576.184
18562.27,-149.77999999999884,21634.844
18562.28,-149.77000000000044,22069.064
18562.29,-149.7599999999984,22069.064
18562.3,-149.75,21875.996
18562.31,-149.73999999999796,20912.604
18562.32,-149.72999999999956,20672.262
18562.33,-149.71999999999753,20768.375
18562.34,-149.70999999999913,20816.443
18562.35,-149.70000000000073,20624.219
18562.36,-149.6899999999987,21008.797
18562.37,-149.6800000000003,21201.279
18562.38,-149.66999999999825,21779.512
18562.39,-149.65999999999985,22310.584
18562.4,-149.64999999999782,22262.264
18562.41,-149.63999999999942,22020.785
18562.42,-149.63000000000102,21201.279
18562.43,-149.61999999999898,20672.262
18562.44,-149.61000000000058,20672.262
18562.45,-149.59999999999854,20864.52
18562.46,-149.59000000000015,20720.314
18562.47,-149.5799999999981,20816.443
18562.48,-149.5699999999997,21586.637
18562.49,-149.55999999999767,22165.648
18562.5,-149.54999999999927,22358.912
18562.51,-149.54000000000087,22020.785
18562.52,-149.52999999999884,21249.422
18562.53,-149.52000000000044,20672.262
18562.54,-149.5099999999984,20384.121
18562.55,-149.5,20864.52
18562.56,-149.48999999999796,20720.314
18562.57,-149.47999999999956,21008.797
18562.58,-149.46999999999753,21345.729
18562.59,-149.45999999999913,21683.059
18562.6,-149.45000000000073,21827.75
18562.61,-149.4399999999987,21827.75
18562.62,-149.4300000000003,21538.439
18562.63,-149.41999999999825,21442.066
18562.64,-149.40999999999985,21249.422
18562.65,-149.39999999999782,20768.375
18562.66,-149.38999999999942,20576.184
18562.67,-149.38000000000102,20720.314
18562.68,-149.36999999999898,21105.021
18562.69,-149.36000000000058,21731.279
18562.7,-149.34999999999854,22069.064
18562.71,-149.34000000000015,21972.514
18562.72,-149.3299999999981,21731.279
18562.73,-149.3199999999997,21249.422
18562.74,-149.30999999999767,20768.375
18562.75,-149.29999999999927,20864.52
18562.76,-149.29000000000087,20768.375
18562.77,-149.27999999999884,21008.797
18562.78,-149.27000000000044,21153.146
18562.79,-149.2599999999984,21538.439
18562.8,-149.25,22310.584
18562.81,-149.23999999999796,22503.943
18562.82,-149.22999999999956,22842.639
18562.83,-149.21999999999753,21972.514
18562.84,-149.20999999999913,21442.066
18562.85,-149.20000000000073,21201.279
18562.86,-149.1899999999987,20960.695
18562.87,-149.1800000000003,20768.375
18562.88,-149.16999999999825,20816.443
18562.89,-149.15999999999985,21875.996
18562.9,-149.14999999999782,22600.674
18562.91,-149.13999999999942,23181.73
18562.92,-149.13000000000102,23278.688
18562.93,-149.11999999999898,22939.482
18562.94,-149.11000000000058,21924.252
18562.95,-149.09999999999854,21345.729
18562.96,-149.09000000000015,21201.279
18562.97,-149.0799999999981,20672.262
18562.98,-149.0699999999997,20672.262
18562.99,-149.05999999999767,21056.904
18563.0,-149.04999999999927,22310.584
18563.01,-149.04000000000087,22794.229
18563.02,-149.02999999999884,23375.678
18563.03,-149.02000000000044,23375.678
18563.04,-149.0099999999984,22407.248
18563.05,-149.0,21345.729
18563.06,-148.98999999999796,21490.25
18563.07,-148.97999999999956,21683.059
18563.08,-148.96999999999753,21153.146
18563.09,-148.95999999999913,20576.184
18563.1,-148.95000000000073,21393.895
18563.11,-148.9399999999987,22939.482
18563.12,-148.9300000000003,23958.295
18563.13,-148.91999999999825,23666.84
18563.14,-148.90999999999985,23424.184
18563.15,-148.89999999999782,22358.912
18563.16,-148.88999999999942,21249.422
18563.17,-148.88000000000102,20816.443
18563.18,-148.86999999999898,20720.314
18563.19,-148.86000000000058,20960.695
18563.2,-148.84999999999854,21153.146
18563.21,-148.84000000000015,22358.912
18563.22,-148.8299999999981,22697.436
18563.23,-148.8199999999997,23375.678
18563.24,-148.80999999999767,23715.395
18563.25,-148.79999999999927,22358.912
18563.26,-148.79000000000087,21393.895
18563.27,-148.77999999999884,21297.57
18563.28,-148.77000000000044,21345.729
18563.29,-148.7599999999984,21297.57
18563.3,-148.75,21056.904
18563.31,-148.73999999999796,21634.844
18563.32,-148.72999999999956,22891.057
18563.33,-148.71999999999753,23327.178
18563.34,-148.70999999999913,23472.699
18563.35,-148.70000000000073,23084.807
18563.36,-148.6899999999987,22213.951
18563.37,-148.6800000000003,21490.25
18563.38,-148.66999999999825,20912.604
18563.39,-148.65999999999985,20912.604
18563.4,-148.64999999999782,20960.695
18563.41,-148.63999999999942,21345.729
18563.42,-148.63000000000102,22213.951
18563.43,-148.61999999999898,22697.436
18563.44,-148.61000000000058,23327.178
18563.45,-148.59999999999854,23375.678
18563.46,-148.59000000000015,22697.436
18563.47,-148.5799999999981,21827.75
18563.48,-148.5699999999997,21393.895
18563.49,-148.55999999999767,21442.066
18563.5,-148.54999999999927,21393.895
18563.51,-148.54000000000087,20624.219
18563.52,-148.52999999999884,21683.059
18563.53,-148.52000000000044,22358.912
18563.54,-148.5099999999984,23084.807
18563.55,-148.5,23569.752
18563.56,-148.48999999999796,23036.357
18563.57,-148.47999999999956,22069.064
18563.58,-148.46999999999753,21056.904
18563.59,-148.45999999999913,20720.314
18563.6,-148.45000000000073,20864.52
18563.61,-148.4399999999987,20960.695
18563.62,-148.4300000000003,21153.146
18563.63,-148.41999999999825,21972.514
18563.64,-148.40999999999985,22987.916
18563.65,-148.39999999999782,23084.807
18563.66,-148.38999999999942,23569.752
18563.67,-148.38000000000102,22939.482
18563.68,-148.36999999999898,21586.637
18563.69,-148.36000000000058,21393.895
18563.7,-148.34999999999854,21153.146
18563.71,-148.34000000000015,20912.604
18563.72,-148.3299999999981,21008.797
18563.73,-148.3199999999997,22358.912
18563.74,-148.30999999999767,22407.248
18563.75,-148.29999999999927,22842.639
18563.76,-148.29000000000087,23084.807
18563.77,-148.27999999999884,22987.916
18563.78,-148.27000000000044,22117.352
18563.79,-148.2599999999984,21345.729
18563.8,-148.25,21008.797
18563.81,-148.23999999999796,20672.262
18563.82,-148.22999999999956,20816.443
18563.83,-148.21999999999753,21249.422
18563.84,-148.20999999999913,22358.912
18563.85,-148.20000000000073,22891.057
18563.86,-148.1899999999987,23036.357
18563.87,-148.1800000000003,22697.436
18563.88,-148.16999999999825,21972.514
18563.89,-148.15999999999985,21634.844
18563.9,-148.14999999999782,21297.57
18563.91,-148.13999999999942,21153.146
18563.92,-148.13000000000102,21153.146
18563.93,-148.11999999999898,21442.066
18563.94,-148.11000000000058,21634.844
18563.95,-148.09999999999854,22165.648
18563.96,-148.09000000000015,22649.051
18563.97,-148.0799999999981,22939.482
18563.98,-148.0699999999997,22455.592
18563.99,-148.05999999999767,21924.252
18564.0,-148.04999999999927,21538.439
18564.01,-148.04000000000087,20768.375
18564.02,-148.02999999999884,21249.422
18564.03,-148.02000000000044,21105.021
18564.04,-148.0099999999984,21201.279
18564.05,-148.0,21924.252
18564.06,-147.98999999999796,22939.482
18564.07,-147.97999999999956,22891.057
18564.08,-147.96999999999753,22697.436
18564.09,-147.95999999999913,22117.352
18564.1,-147.95000000000073,21634.844
18564.11,-147.9399999999987,21008.797
18564.12,-147.9300000000003,21008.797
18564.13,-147.91999999999825,20816.443
18564.14,-147.90999999999985,21105.021
18564.15,-147.89999999999782,21731.279
18564.16,-147.88999999999942,22600.674
18564.17,-147.88000000000102,22649.051
18564.18,-147.86999999999898,23036.357
18564.19,-147.86000000000058,22600.674
18564.2,-147.84999999999854,21731.279
18564.21,-147.84000000000015,21297.57
18564.22,-147.8299999999981,21393.895
18564.23,-147.8199999999997,20864.52
18564.24,-147.80999999999767,20720.314
18564.25,-147.79999999999927,21105.021
18564.26,-147.79000000000087,21634.844
18564.27,-147.77999999999884,22697.436
18564.28,-147.77000000000044,22649.051
18564.29,-147.7599999999984,22745.828
18564.3,-147.75,22310.584
18564.31,-147.73999999999796,21924.252
18564.32,-147.72999999999956,20864.52
18564.33,-147.71999999999753,21153.146
18564.34,-147.70999999999913,20768.375
18564.35,-147.70000000000073,20720.314
18564.36,-147.6899999999987,21442.066
18564.37,-147.6800000000003,22552.305
18564.38,-147.66999999999825,23036.357
18564.39,-147.65999999999985,23036.357
18564.4,-147.64999999999782,22503.943
18564.41,-147.63999999999942,21490.25
18564.42,-147.63000000000102,21153.146
18564.43,-147.61999999999898,20912.604
18564.44,-147.61000000000058,20816.443
18564.45,-147.59999999999854,20768.375
18564.46,-147.59000000000015,21297.57
18564.47,-147.5799999999981,21972.514
18564.48,-147.5699999999997,22503.943
18564.49,-147.55999999999767,22745.828
18564.5,-147.54999999999927,22697.436
18564.51,-147.54000000000087,21538.439
18564.52,-147.52999999999884,21345.729
18564.53,-147.52000000000044,21056.904
18564.54,-147.5099999999984,20960.695
18564.55,-147.5,20816.443
18564.56,-147.48999999999796,20720.314
18564.57,-147.47999999999956,21490.25
18564.58,-147.46999999999753,22020.785
18564.59,-147.45999999999913,22262.264
18564.6,-147.45000000000073,21779.512
18564.61,-147.4399999999987,21442.066
18564.62,-147.4300000000003,21153.146
18564.63,-147.41999999999825,20960.695
18564.64,-147.40999999999985,21056.904
18564.65,-147.39999999999782,20960.695
18564.66,-147.38999999999942,20720.314
18564.67,-147.38000000000102,20864.52
18564.68,-147.36999999999898,21442.066
18564.69,-147.36000000000058,22213.951
18564.7,-147.34999999999854,22213.951
18564.71,-147.34000000000015,22213.951
18564.72,-147.3299999999981,21490.25
18564.73,-147.3199999999997,20720.314
18564.74,-147.30999999999767,20864.52
18564.75,-147.29999999999927,20912.604
18564.76,-147.29000000000087,20336.127
18564.77,-147.27999999999884,20768.375
18564.78,-147.27000000000044,21393.895
18564.79,-147.2599999999984,22069.064
18564.8,-147.25,22117.352
18564.81,-147.23999999999796,21924.252
18564.82,-147.22999999999956,21586.637
18564.83,-147.21999999999753,20960.695
18564.84,-147.20999999999913,20912.604
18564.85,-147.20000000000073,20576.184
18564.86,-147.1899999999987,20672.262
18564.87,-147.1800000000003,20816.443
18564.88,-147.16999999999825,20768.375
18564.89,-147.15999999999985,21634.844
18564.9,-147.14999999999782,22213.951
18564.91,-147.13999999999942,22358.912
18564.92,-147.13000000000102,22020.785
18564.93,-147.11999999999898,21442.066
18564.94,-147.11000000000058,21008.797
18564.95,-147.09999999999854,20960.695
18564.96,-147.09000000000015,20864.52
18564.97,-147.0799999999981,20720.314
18564.98,-147.0699999999997,20480.137
18564.99,-147.05999999999767,20864.52
18565.0,-147.04999999999927,21779.512
18565.01,-147.04000000000087,21731.279
18565.02,-147.02999999999884,22213.951
18565.03,-147.02000000000044,21875.996
18565.04,-147.0099999999984,21345.729
18565.05,-147.0,21345.729
18565.06,-146.98999999999796,20768.375
18565.07,-146.97999999999956,20624.219
18565.08,-146.96999999999753,20672.262
18565.09,-146.95999999999913,20768.375
18565.1,-146.95000000000073,21345.729
18565.11,-146.9399999999987,21683.059
18565.12,-146.9300000000003,22165.648
18565.13,-146.91999999999825,21731.279
18565.14,-146.90999999999985,21538.439
18565.15,-146.89999999999782,21345.729
18565.16,-146.88999999999942,21153.146
18565.17,-146.88000000000102,20816.443
18565.18,-146.86999999999898,20336.127
18565.19,-146.86000000000058,20528.156
18565.2,-146.84999999999854,21008.797
18565.21,-146.84000000000015,21731.279
18565.22,-146.8299999999981,22358.912
18565.23,-146.8199999999997,22117.352
18565.24,-146.80999999999767,21538.439
18565.25,-146.79999999999927,21056.904
18565.26,-146.79000000000087,20864.52
18565.27,-146.77999999999884,21201.279
18565.28,-146.77000000000044,20960.695
18565.29,-146.7599999999984,20384.121
18565.3,-146.75,20624.219
18565.31,-146.73999999999796,21586.637
18565.32,-146.72999999999956,21924.252
18565.33,-146.71999999999753,21875.996
18565.34,-146.70999999999913,22020.785
18565.35,-146.70000000000073,21731.279
18565.36,-146.6899999999987,21008.797
18565.37,-146.6800000000003,20816.443
18565.38,-146.66999999999825,20624.219
18565.39,-146.65999999999985,20624.219
18565.4,-146.64999999999782,20816.443
18565.41,-146.63999999999942,21201.279
18565.42,-146.63000000000102,21683.059
18565.43,-146.61999999999898,21875.996
18565.44,-146.61000000000058,22020.785
18565.45,-146.59999999999854,21827.75
18565.46,-146.59000000000015,21490.25
18565.47,-146.5799999999981,20960.695
18565.48,-146.5699999999997,20672.262
18565.49,-146.55999999999767,20624.219
18565.5,-146.54999999999927,20336.127
18565.51,-146.54000000000087,20576.184
18565.52,-146.52999999999884,21634.844
18565.53,-146.52000000000044,21924.252
18565.54,-146.5099999999984,21924.252
18565.55,-146.5,21538.439
18565.56,-146.48999999999796,21008.797
18565.57,-146.47999999999956,21056.904
18565.58,-146.46999999999753,21201.279
18565.59,-146.45999999999913,20960.695
18565.6,-146.45000000000073,20720.314
18565.61,-146.4399999999987,20720.314
18565.62,-146.4300000000003,21393.895
18565.63,-146.41999999999825,21538.439
18565.64,-146.40999999999985,22165.648
18565.65,-146.39999999999782,22503.943
18565.66,-146.38999999999942,21827.75
18565.67,-146.38000000000102,21008.797
18565.68,-146.36999999999898,20768.375
18565.69,-146.36000000000058,20912.604
18565.7,-146.34999999999854,20720.314
18565.71,-146.34000000000015,20816.443
18565.72,-146.3299999999981,21297.57
18565.73,-146.3199999999997,21683.059
18565.74,-146.30999999999767,22165.648
18565.75,-146.29999999999927,22213.951
18565.76,-146.29000000000087,21393.895
18565.77,-146.27999999999884,20960.695
18565.78,-146.27000000000044,20768.375
18565.79,-146.2599999999984,20864.52
18565.8,-146.25,20432.125
18565.81,-146.23999999999796,20240.162
18565.82,-146.22999999999956,21105.021
18565.83,-146.21999999999753,21586.637
18565.84,-146.20999999999913,22117.352
18565.85,-146.20000000000073,22117.352
18565.86,-146.1899999999987,22262.264
18565.87,-146.1800000000003,21201.279
18565.88,-146.16999999999825,20624.219
18565.89,-146.15999999999985,20864.52
18565.9,-146.14999999999782,21249.422
18565.91,-146.13999999999942,21008.797
18565.92,-146.13000000000102,20288.141
18565.93,-146.11999999999898,20864.52
18565.94,-146.11000000000058,21827.75
18565.95,-146.09999999999854,21779.512
18565.96,-146.09000000000015,21875.996
18565.97,-146.0799999999981,21731.279
18565.98,-146.0699999999997,21393.895
18565.99,-146.05999999999767,21008.797
18566.0,-146.04999999999927,20864.52
18566.01,-146.04000000000087,20672.262
18566.02,-146.02999999999884,20816.443
18566.03,-146.02000000000044,21008.797
18566.04,-146.0099999999984,21538.439
18566.05,-146.0,22262.264
18566.06,-145.98999999999796,22407.248
18566.07,-145.97999999999956,21972.514
18566.08,-145.96999999999753,21586.637
18566.09,-145.95999999999913,21105.021
18566.1,-145.95000000000073,21056.904
18566.11,-145.9399999999987,20768.375
18566.12,-145.9300000000003,20720.314
18566.13,-145.91999999999825,20528.156
18566.14,-145.90999999999985,21393.895
18566.15,-145.89999999999782,21875.996
18566.16,-145.88999999999942,22310.584
18566.17,-145.88000000000102,22165.648
18566.18,-145.86999999999898,21683.059
18566.19,-145.86000000000058,21105.021
18566.2,-145.84999999999854,20720.314
18566.21,-145.84000000000015,20432.125
18566.22,-145.8299999999981,20768.375
18566.23,-145.8199999999997,20864.52
18566.24,-145.80999999999767,21249.422
18566.25,-145.79999999999927,21538.439
18566.26,-145.79000000000087,21827.75
18566.27,-145.77999999999884,22165.648
18566.28,-145.77000000000044,21924.252
18566.29,-145.7599999999984,21538.439
18566.3,-145.75,21201.279
18566.31,-145.73999999999796,20864.52
18566.32,-145.72999999999956,21056.904
18566.33,-145.71999999999753,20768.375
18566.34,-145.70999999999913,20288.141
18566.35,-145.70000000000073,21008.797
18566.36,-145.6899999999987,21779.512
18566.37,-145.6800000000003,21972.514
18566.38,-145.66999999999825,21683.059
18566.39,-145.65999999999985,22262.264
18566.4,-145.64999999999782,21731.279
18566.41,-145.63999999999942,20960.695
18566.42,-145.63000000000102,20864.52
18566.43,-145.61999999999898,20720.314
18566.44,-145.61000000000058,20480.137
18566.45,-145.59999999999854,21201.279
18566.46,-145.59000000000015,21345.729
18566.47,-145.5799999999981,21586.637
18566.48,-145.5699999999997,21779.512
18566.49,-145.55999999999767,22069.064
18566.5,-145.54999999999927,21634.844
18566.51,-145.54000000000087,20720.314
18566.52,-145.52999999999884,21105.021
18566.53,-145.52000000000044,21008.797
18566.54,-145.5099999999984,20816.443
18566.55,-145.5,20816.443
18566.56,-145.48999999999796,21393.895
18566.57,-145.47999999999956,21731.279
18566.58,-145.46999999999753,21924.252
18566.59,-145.45999999999913,22165.648
18566.6,-145.45000000000073,21972.514
18566.61,-145.4399999999987,20960.695
18566.62,-145.4300000000003,21201.279
18566.63,-145.41999999999825,21056.904
18566.64,-145.40999999999985,20864.52
18566.65,-145.39999999999782,20816.443
18566.66,-145.38999999999942,20816.443
18566.67,-145.38000000000102,21201.279
18566.68,-145.36999999999898,21779.512
18566.69,-145.36000000000058,21875.996
18566.7,-145.34999999999854,22213.951
18566.71,-145.34000000000015,21634.844
18566.72,-145.3299999999981,21153.146
18566.73,-145.3199999999997,20720.314
18566.74,-145.30999999999767,20576.184
18566.75,-145.29999999999927,20480.137
18566.76,-145.29000000000087,20672.262
18566.77,-145.27999999999884,21683.059
18566.78,-145.27000000000044,21972.514
18566.79,-145.2599999999984,22117.352
18566.8,-145.25,22020.785
18566.81,-145.23999999999796,21731.279
18566.82,-145.22999999999956,21442.066
18566.83,-145.21999999999753,20816.443
18566.84,-145.20999999999913,20576.184
18566.85,-145.20000000000073,20720.314
18566.86,-145.1899999999987,20576.184
18566.87,-145.1800000000003,20960.695
18566.88,-145.16999999999825,21490.25
18566.89,-145.15999999999985,22069.064
18566.9,-145.14999999999782,21827.75
18566.91,-145.13999999999942,21586.637
18566.92,-145.13000000000102,21153.146
18566.93,-145.11999999999898,21297.57
18566.94,-145.11000000000058,21393.895
18566.95,-145.09999999999854,21490.25
18566.96,-145.09000000000015,21153.146
18566.97,-145.0799999999981,20528.156
18566.98,-145.0699999999997,20960.695
18566.99,-145.05999999999767,21683.059
18567.0,-145.04999999999927,22069.064
18567.01,-145.04000000000087,21972.514
18567.02,-145.02999999999884,21634.844
18567.03,-145.02000000000044,21297.57
18567.04,-145.0099999999984,20912.604
18567.05,-145.0,20432.125
18567.06,-144.98999999999796,20432.125
18567.07,-144.97999999999956,20384.121
18567.08,-144.96999999999753,21345.729
18567.09,-144.95999999999913,21924.252
18567.1,-144.95000000000073,22117.352
18567.11,-144.9399999999987,22165.648
18567.12,-144.9300000000003,21972.514
18567.13,-144.91999999999825,21056.904
18567.14,-144.90999999999985,21105.021
18567.15,-144.89999999999782,20816.443
18567.16,-144.88999999999942,21201.279
18567.17,-144.88000000000102,21008.797
18567.18,-144.86999999999898,20816.443
18567.19,-144.86000000000058,21201.279
18567.2,-144.84999999999854,21393.895
18567.21,-144.84000000000015,21875.996
18567.22,-144.8299999999981,22020.785
18567.23,-144.8199999999997,22165.648
18567.24,-144.80999999999767,21490.25
18567.25,-144.79999999999927,21105.021
18567.26,-144.79000000000087,20432.125
18567.27,-144.77999999999884,20768.375
18567.28,-144.77000000000044,20480.137
18567.29,-144.7599999999984,20960.695
18567.3,-144.75,21875.996
18567.31,-144.73999999999796,22020.785
18567.32,-144.72999999999956,22069.064
18567.33,-144.71999999999753,21779.512
18567.34,-144.70999999999913,21105.021
18567.35,-144.70000000000073,21056.904
18567.36,-144.6899999999987,21153.146
18567.37,-144.6800000000003,21056.904
18567.38,-144.66999999999825,20720.314
18567.39,-144.65999999999985,21201.279
18567.4,-144.64999999999782,21779.512
18567.41,-144.63999999999942,21827.75
18567.42,-144.63000000000102,21731.279
18567.43,-144.61999999999898,21634.844
18567.44,-144.61000000000058,21490.25
18567.45,-144.59999999999854,21201.279
18567.46,-144.59000000000015,20960.695
18567.47,-144.5799999999981,21008.797
18567.48,-144.5699999999997,20672.262
18567.49,-144.55999999999767,20720.314
18567.5,-144.54999999999927,20912.604
18567.51,-144.54000000000087,21490.25
18567.52,-144.52999999999884,22358.912
18567.53,-144.52000000000044,22358.912
18567.54,-144.5099999999984,22020.785
18567.55,-144.5,21201.279
18567.56,-144.48999999999796,20672.262
18567.57,-144.47999999999956,20576.184
18567.58,-144.46999999999753,20720.314
18567.59,-144.45999999999913,20960.695
18567.6,-144.45000000000073,21105.021
18567.61,-144.4399999999987,21297.57
18567.62,-144.4300000000003,21779.512
18567.63,-144.41999999999825,22069.064
18567.64,-144.40999999999985,22020.785
18567.65,-144.39999999999782,21683.059
18567.66,-144.38999999999942,20768.375
18567.67,-144.38000000000102,20816.443
18567.68,-144.36999999999898,20864.52
18567.69,-144.36000000000058,21008.797
18567.7,-144.34999999999854,20624.219
18567.71,-144.34000000000015,20384.121
18567.72,-144.3299999999981,21683.059
18567.73,-144.3199999999997,21972.514
18567.74,-144.30999999999767,21779.512
18567.75,-144.29999999999927,21827.75
18567.76,-144.29000000000087,21249.422
18567.77,-144.27999999999884,21008.797
18567.78,-144.27000000000044,21153.146
18567.79,-144.2599999999984,21008.797
18567.8,-144.25,20816.443
18567.81,-144.23999999999796,20336.127
18567.82,-144.22999999999956,20960.695
18567.83,-144.21999999999753,22165.648
18567.84,-144.20999999999913,22262.264
18567.85,-144.20000000000073,22358.912
18567.86,-144.1899999999987,21827.75
18567.87,-144.1800000000003,21153.146
18567.88,-144.16999999999825,20576.184
18567.89,-144.15999999999985,20912.604
18567.9,-144.14999999999782,21008.797
18567.91,-144.13999999999942,20672.262
18567.92,-144.13000000000102,20960.695
18567.93,-144.11999999999898,21586.637
18567.94,-144.11000000000058,22020.785
18567.95,-144.09999999999854,21779.512
18567.96,-144.09000000000015,21827.75
18567.97,-144.0799999999981,21490.25
18567.98,-144.0699999999997,21105.021
18567.99,-144.05999999999767,21056.904
18568.0,-144.04999999999927,20816.443
18568.01,-144.04000000000087,20432.125
18568.02,-144.02999999999884,20768.375
18568.03,-144.02000000000044,21490.25
18568.04,-144.0099999999984,21972.514
18568.05,-144.0,22407.248
18568.06,-143.98999999999796,22069.064
18568.07,-143.97999999999956,21538.439
18568.08,-143.96999999999753,21105.021
18568.09,-143.95999999999913,20912.604
18568.1,-143.95000000000073,20912.604
18568.11,-143.9399999999987,20432.125
18568.12,-143.9300000000003,20864.52
18568.13,-143.91999999999825,20384.121
18568.14,-143.90999999999985,21490.25
18568.15,-143.89999999999782,22165.648
18568.16,-143.88999999999942,22020.785
18568.17,-143.88000000000102,21924.252
18568.18,-143.86999999999898,21538.439
18568.19,-143.86000000000058,21393.895
18568.2,-143.84999999999854,20912.604
18568.21,-143.84000000000015,20720.314
18568.22,-143.8299999999981,20720.314
18568.23,-143.8199999999997,20720.314
18568.24,-143.80999999999767,21490.25
18568.25,-143.79999999999927,21924.252
18568.26,-143.79000000000087,21779.512
18568.27,-143.77999999999884,21731.279
18568.28,-143.77000000000044,21586.637
18568.29,-143.7599999999984,21538.439
18568.3,-143.75,20816.443
18568.31,-143.73999999999796,20912.604
18568.32,-143.72999999999956,20624.219
18568.33,-143.71999999999753,20480.137
18568.34,-143.70999999999913,21105.021
18568.35,-143.70000000000073,21683.059
18568.36,-143.6899999999987,22020.785
18568.37,-143.6800000000003,22117.352
18568.38,-143.66999999999825,21779.512
18568.39,-143.65999999999985,21490.25
18568.4,-143.64999999999782,21105.021
18568.41,-143.63999999999942,20864.52
18568.42,-143.63000000000102,20720.314
18568.43,-143.61999999999898,20672.262
18568.44,-143.61000000000058,20576.184
18568.45,-143.59999999999854,21345.729
18568.46,-143.59000000000015,22020.785
18568.47,-143.5799999999981,22117.352
18568.48,-143.5699999999997,22262.264
18568.49,-143.55999999999767,22358.912
18568.5,-143.54999999999927,21875.996
18568.51,-143.54000000000087,21972.514
18568.52,-143.52999999999884,22455.592
18568.53,-143.52000000000044,22503.943
18568.54,-143.5099999999984,21924.252
18568.55,-143.5,20768.375
18568.56,-143.48999999999796,20384.121
18568.57,-143.47999999999956,20624.219
18568.58,-143.46999999999753,20432.125
18568.59,-143.45999999999913,20480.137
18568.6,-143.45000000000073,20768.375
18568.61,-143.4399999999987,21634.844
18568.62,-143.4300000000003,22020.785
18568.63,-143.41999999999825,22165.648
18568.64,-143.40999999999985,21924.252
18568.65,-143.39999999999782,21153.146
18568.66,-143.38999999999942,21008.797
18568.67,-143.38000000000102,20768.375
18568.68,-143.36999999999898,20672.262
18568.69,-143.36000000000058,20480.137
18568.7,-143.34999999999854,20288.141
18568.71,-143.34000000000015,20864.52
18568.72,-143.3299999999981,21490.25
18568.73,-143.3199999999997,21972.514
18568.74,-143.30999999999767,21875.996
18568.75,-143.29999999999927,21538.439
18568.76,-143.29000000000087,20720.314
18568.77,-143.27999999999884,21008.797
18568.78,-143.27000000000044,20672.262
18568.79,-143.2599999999984,20672.262
18568.8,-143.25,20048.328
18568.81,-143.23999999999796,20672.262
18568.82,-143.22999999999956,21538.439
18568.83,-143.21999999999753,21731.279
18568.84,-143.20999999999913,21827.75
18568.85,-143.20000000000073,22117.352
18568.86,-143.1899999999987,21490.25
18568.87,-143.1800000000003,20816.443
18568.88,-143.16999999999825,20288.141
18568.89,-143.15999999999985,20528.156
18568.9,-143.14999999999782,20192.191
18568.91,-143.13999999999942,20000.389
18568.92,-143.13000000000102,21056.904
18568.93,-143.11999999999898,21538.439
18568.94,-143.11000000000058,22310.584
18568.95,-143.09999999999854,22503.943
18568.96,-143.09000000000015,21634.844
18568.97,-143.0799999999981,21056.904
18568.98,-143.0699999999997,21249.422
18568.99,-143.05999999999767,20720.314
18569.0,-143.04999999999927,20192.191
18569.01,-143.04000000000087,20336.127
18569.02,-143.02999999999884,20336.127
18569.03,-143.02000000000044,21586.637
18569.04,-143.0099999999984,21779.512
18569.05,-143.0,21924.252
18569.06,-142.98999999999796,21731.279
18569.07,-142.97999999999956,21345.729
18569.08,-142.96999999999753,21153.146
18569.09,-142.95999999999913,20576.184
18569.1,-142.95000000000073,20720.314
18569.11,-142.9399999999987,20672.262
18569.12,-142.9300000000003,20768.375
18569.13,-142.91999999999825,21008.797
18569.14,-142.90999999999985,21393.895
18569.15,-142.89999999999782,21683.059
18569.16,-142.88999999999942,21731.279
18569.17,-142.88000000000102,21586.637
18569.18,-142.86999999999898,20864.52
18569.19,-142.86000000000058,20768.375
18569.2,-142.84999999999854,21153.146
18569.21,-142.84000000000015,20720.314
18569.22,-142.8299999999981,20672.262
18569.23,-142.8199999999997,20576.184
18569.24,-142.80999999999767,21008.797
18569.25,-142.79999999999927,21201.279
18569.26,-142.79000000000087,21731.279
18569.27,-142.77999999999884,22117.352
18569.28,-142.77000000000044,21586.637
18569.29,-142.7599999999984,21056.904
18569.3,-142.75,20624.219
18569.31,-142.73999999999796,20384.121
18569.32,-142.72999999999956,20384.121
18569.33,-142.71999999999753,20864.52
18569.34,-142.70999999999913,21153.146
18569.35,-142.70000000000073,21393.895
18569.36,-142.6899999999987,21490.25
18569.37,-142.6800000000003,21827.75
18569.38,-142.66999999999825,21634.844
18569.39,-142.65999999999985,21393.895
18569.4,-142.64999999999782,20816.443
18569.41,-142.63999999999942,20720.314
18569.42,-142.63000000000102,20432.125
18569.43,-142.61999999999898,20096.273
18569.44,-142.61000000000058,20624.219
18569.45,-142.59999999999854,21538.439
18569.46,-142.59000000000015,22069.064
18569.47,-142.5799999999981,22165.648
18569.48,-142.5699999999997,21875.996
18569.49,-142.55999999999767,21056.904
18569.5,-142.54999999999927,20528.156
18569.51,-142.54000000000087,20240.162
18569.52,-142.52999999999884,20384.121
18569.53,-142.52000000000044,20576.184
18569.54,-142.5099999999984,20960.695
18569.55,-142.5,21634.844
18569.56,-142.48999999999796,22262.264
18569.57,-142.47999999999956,22842.639
18569.58,-142.46999999999753,22842.639
18569.59,-142.45999999999913,21731.279
18569.6,-142.45000000000073,20912.604
18569.61,-142.4399999999987,20576.184
18569.62,-142.4300000000003,20864.52
18569.63,-142.41999999999825,20336.127
18569.64,-142.40999999999985,20624.219
18569.65,-142.39999999999782,21972.514
18569.66,-142.38999999999942,22697.436
18569.67,-142.38000000000102,22891.057
18569.68,-142.36999999999898,23230.205
18569.69,-142.36000000000058,22745.828
18569.7,-142.34999999999854,21586.637
18569.71,-142.34000000000015,20912.604
18569.72,-142.3299999999981,20480.137
18569.73,-142.3199999999997,20480.137
18569.74,-142.30999999999767,20624.219
18569.75,-142.29999999999927,20912.604
18569.76,-142.29000000000087,22165.648
18569.77,-142.27999999999884,23084.807
18569.78,-142.27000000000044,23618.293
18569.79,-142.2599999999984,23715.395
18569.8,-142.25,22165.648
18569.81,-142.23999999999796,21201.279
18569.82,-142.22999999999956,20864.52
18569.83,-142.21999999999753,20672.262
18569.84,-142.20999999999913,20720.314
18569.85,-142.20000000000073,20384.121
18569.86,-142.1899999999987,21586.637
18569.87,-142.1800000000003,22503.943
18569.88,-142.16999999999825,22842.639
18569.89,-142.15999999999985,23909.699
18569.9,-142.14999999999782,23084.807
18569.91,-142.13999999999942,22117.352
18569.92,-142.13000000000102,21297.57
18569.93,-142.11999999999898,21105.021
18569.94,-142.11000000000058,20816.443
18569.95,-142.09999999999854,20720.314
18569.96,-142.09000000000015,21201.279
18569.97,-142.0799999999981,22358.912
18569.98,-142.0699999999997,22939.482
18569.99,-142.05999999999767,23424.184
18570.0,-142.04999999999927,23521.223
18570.01,-142.04000000000087,22117.352
18570.02,-142.02999999999884,21731.279
18570.03,-142.02000000000044,21442.066
18570.04,-142.0099999999984,20768.375
18570.05,-142.0,20336.127
18570.06,-141.98999999999796,20528.156
18570.07,-141.97999999999956,21538.439
18570.08,-141.96999999999753,22794.229
18570.09,-141.95999999999913,22987.916
18570.1,-141.95000000000073,23715.395
18570.11,-141.9399999999987,22455.592
18570.12,-141.9300000000003,21393.895
18570.13,-141.91999999999825,20528.156
18570.14,-141.90999999999985,20816.443
18570.15,-141.89999999999782,20960.695
18570.16,-141.88999999999942,21249.422
18570.17,-141.88000000000102,21393.895
18570.18,-141.86999999999898,22600.674
18570.19,-141.86000000000058,22939.482
18570.2,-141.84999999999854,23327.178
18570.21,-141.84000000000015,23133.266
18570.22,-141.8299999999981,21972.514
18570.23,-141.8199999999997,21153.146
18570.24,-141.80999999999767,21153.146
18570.25,-141.79999999999927,20960.695
18570.26,-141.79000000000087,20192.191
18570.27,-141.77999999999884,20384.121
18570.28,-141.77000000000044,21731.279
18570.29,-141.7599999999984,22697.436
18570.3,-141.75,23278.688
18570.31,-141.73999999999796,23569.752
18570.32,-141.72999999999956,22794.229
18570.33,-141.71999999999753,22069.064
18570.34,-141.70999999999913,21297.57
18570.35,-141.70000000000073,20864.52
18570.36,-141.6899999999987,20576.184
18570.37,-141.6800000000003,20624.219
18570.38,-141.66999999999825,20912.604
18570.39,-141.65999999999985,22213.951
18570.4,-141.64999999999782,22939.482
18570.41,-141.63999999999942,23327.178
18570.42,-141.63000000000102,23278.688
18570.43,-141.61999999999898,22117.352
18570.44,-141.61000000000058,21201.279
18570.45,-141.59999999999854,20960.695
18570.46,-141.59000000000015,21105.021
18570.47,-141.5799999999981,20624.219
18570.48,-141.5699999999997,20864.52
18570.49,-141.55999999999767,21683.059
18570.5,-141.54999999999927,22745.828
18570.51,-141.54000000000087,22649.051
18570.52,-141.52999999999884,23327.178
18570.53,-141.52000000000044,22503.943
18570.54,-141.5099999999984,21731.279
18570.55,-141.5,20864.52
18570.56,-141.48999999999796,20384.121
18570.57,-141.47999999999956,20192.191
18570.58,-141.46999999999753,20624.219
18570.59,-141.45999999999913,21490.25
18570.6,-141.45000000000073,22407.248
18570.61,-141.4399999999987,23036.357
18570.62,-141.4300000000003,23230.205
18570.63,-141.41999999999825,22794.229
18570.64,-141.40999999999985,22165.648
18570.65,-141.39999999999782,21201.279
18570.66,-141.38999999999942,21008.797
18570.67,-141.38000000000102,20624.219
18570.68,-141.36999999999898,20576.184
18570.69,-141.36000000000058,20336.127
18570.7,-141.34999999999854,21442.066
18570.71,-141.34000000000015,22552.305
18570.72,-141.3299999999981,22794.229
18570.73,-141.3199999999997,22939.482
18570.74,-141.30999999999767,22310.584
18570.75,-141.29999999999927,21972.514
18570.76,-141.29000000000087,21105.021
18570.77,-141.27999999999884,20912.604
18570.78,-141.27000000000044,20672.262
18570.79,-141.2599999999984,20432.125
18570.8,-141.25,20912.604
18570.81,-141.23999999999796,21779.512
18570.82,-141.22999999999956,22939.482
18570.83,-141.21999999999753,23472.699
18570.84,-141.20999999999913,22745.828
18570.85,-141.20000000000073,21586.637
18570.86,-141.1899999999987,21056.904
18570.87,-141.1800000000003,21008.797
18570.88,-141.16999999999825,20864.52
18570.89,-141.15999999999985,20768.375
18570.9,-141.14999999999782,20720.314
18570.91,-141.13999999999942,21249.422
18570.92,-141.13000000000102,22117.352
18570.93,-141.11999999999898,22600.674
18570.94,-141.11000000000058,22697.436
18570.95,-141.09999999999854,22552.305
18570.96,-141.09000000000015,21924.252
18570.97,-141.0799999999981,21345.729
18570.98,-141.0699999999997,20960.695
18570.99,-141.05999999999767,20768.375
18571.0,-141.04999999999927,20480.137
18571.01,-141.04000000000087,20432.125
18571.02,-141.02999999999884,21442.066
18571.03,-141.02000000000044,22262.264
18571.04,-141.0099999999984,22552.305
18571.05,-141.0,22794.229
18571.06,-140.98999999999796,22310.584
18571.07,-140.97999999999956,21201.279
18571.08,-140.96999999999753,21105.021
18571.09,-140.95999999999913,21056.904
18571.1,-140.95000000000073,21008.797
18571.11,-140.9399999999987,21056.904
18571.12,-140.9300000000003,21972.514
18571.13,-140.91999999999825,22552.305
18571.14,-140.90999999999985,22891.057
18571.15,-140.89999999999782,22697.436
18571.16,-140.88999999999942,21875.996
18571.17,-140.88000000000102,21153.146
18571.18,-140.86999999999898,20912.604
18571.19,-140.86000000000058,20720.314
18571.2,-140.84999999999854,20816.443
18571.21,-140.84000000000015,20768.375
18571.22,-140.8299999999981,20864.52
18571.23,-140.8199999999997,21875.996
18571.24,-140.80999999999767,22262.264
18571.25,-140.79999999999927,22842.639
18571.26,-140.79000000000087,22552.305
18571.27,-140.77999999999884,21586.637
18571.28,-140.77000000000044,20768.375
18571.29,-140.7599999999984,20864.52
18571.3,-140.75,20816.443
18571.31,-140.73999999999796,20480.137
18571.32,-140.72999999999956,20816.443
18571.33,-140.71999999999753,21153.146
18571.34,-140.70999999999913,21634.844
18571.35,-140.70000000000073,21924.252
18571.36,-140.6899999999987,22165.648
18571.37,-140.6800000000003,21538.439
18571.38,-140.66999999999825,20960.695
18571.39,-140.65999999999985,21008.797
18571.4,-140.64999999999782,20624.219
18571.41,-140.63999999999942,20624.219
18571.42,-140.63000000000102,20336.127
18571.43,-140.61999999999898,20816.443
18571.44,-140.61000000000058,21345.729
18571.45,-140.59999999999854,21731.279
18571.46,-140.59000000000015,22165.648
18571.47,-140.5799999999981,21683.059
18571.48,-140.5699999999997,20864.52
18571.49,-140.55999999999767,20816.443
18571.5,-140.54999999999927,20864.52
18571.51,-140.54000000000087,20096.273
18571.52,-140.52999999999884,20480.137
18571.53,-140.52000000000044,20768.375
18571.54,-140.5099999999984,21345.729
18571.55,-140.5,21731.279
18571.56,-140.48999999999796,22069.064
18571.57,-140.47999999999956,22117.352
18571.58,-140.46999999999753,21779.512
18571.59,-140.45999999999913,21105.021
18571.6,-140.45000000000073,20624.219
18571.61,-140.4399999999987,20480.137
18571.62,-140.4300000000003,20384.121
18571.63,-140.41999999999825,20672.262
18571.64,-140.40999999999985,21249.422
18571.65,-140.39999999999782,21538.439
18571.66,-140.38999999999942,21972.514
18571.67,-140.38000000000102,22117.352
18571.68,-140.36999999999898,21731.279
18571.69,-140.36000000000058,21105.021
18571.7,-140.34999999999854,20720.314
18571.71,-140.34000000000015,20528.156
18571.72,-140.3299999999981,20480.137
18571.73,-140.3199999999997,20192.191
18571.74,-140.30999999999767,20480.137
18571.75,-140.29999999999927,21442.066
18571.76,-140.29000000000087,21875.996
18571.77,-140.27999999999884,22407.248
18571.78,-140.27000000000044,22262.264
18571.79,-140.2599999999984,21538.439
18571.8,-140.25,21153.146
18571.81,-140.23999999999796,20816.443
18571.82,-140.22999999999956,20672.262
18571.83,-140.21999999999753,20096.273
18571.84,-140.20999999999913,20048.328
18571.85,-140.20000000000073,20384.121
18571.86,-140.1899999999987,21393.895
18571.87,-140.1800000000003,22117.352
18571.88,-140.16999999999825,21924.252
18571.89,-140.15999999999985,21634.844
18571.9,-140.14999999999782,21201.279
18571.91,-140.13999999999942,20720.314
18571.92,-140.13000000000102,20624.219
18571.93,-140.11999999999898,20432.125
18571.94,-140.11000000000058,20624.219
18571.95,-140.09999999999854,21008.797
18571.96,-140.09000000000015,21153.146
18571.97,-140.0799999999981,21779.512
18571.98,-140.0699999999997,22020.785
18571.99,-140.05999999999767,22117.352
18572.0,-140.04999999999927,21731.279
18572.01,-140.04000000000087,20720.314
18572.02,-140.02999999999884,20048.328
18572.03,-140.02000000000044,20192.191
18572.04,-140.0099999999984,20384.121
18572.05,-140.0,20720.314
18572.06,-139.98999999999796,20912.604
18572.07,-139.97999999999956,21875.996
18572.08,-139.96999999999753,21875.996
18572.09,-139.95999999999913,21827.75
18572.1,-139.95000000000073,21731.279
18572.11,-139.9399999999987,21442.066
18572.12,-139.9300000000003,20768.375
18572.13,-139.91999999999825,20144.229
18572.14,-139.90999999999985,20384.121
18572.15,-139.89999999999782,20528.156
18572.16,-139.88999999999942,20768.375
18572.17,-139.88000000000102,21297.57
18572.18,-139.86999999999898,21875.996
18572.19,-139.86000000000058,21972.514
18572.2,-139.84999999999854,22117.352
18572.21,-139.84000000000015,21731.279
18572.22,-139.8299999999981,21008.797
18572.23,-139.8199999999997,20192.191
18572.24,-139.80999999999767,20384.121
18572.25,-139.79999999999927,20624.219
18572.26,-139.79000000000087,20240.162
18572.27,-139.77999999999884,20960.695
18572.28,-139.77000000000044,21586.637
18572.29,-139.7599999999984,21875.996
18572.3,-139.75,22503.943
18572.31,-139.73999999999796,21924.252
18572.32,-139.72999999999956,21008.797
18572.33,-139.71999999999753,20816.443
18572.34,-139.70999999999913,20528.156
18572.35,-139.70000000000073,20240.162
18572.36,-139.6899999999987,20336.127
18572.37,-139.6800000000003,20720.314
18572.38,-139.66999999999825,21008.797
18572.39,-139.65999999999985,22213.951
18572.4,-139.64999999999782,22552.305
18572.41,-139.63999999999942,22310.584
18572.42,-139.63000000000102,21345.729
18572.43,-139.61999999999898,20768.375
18572.44,-139.61000000000058,20096.273
18572.45,-139.59999999999854,20288.141
18572.46,-139.59000000000015,20384.121
18572.47,-139.5799999999981,20528.156
18572.48,-139.5699999999997,21105.021
18572.49,-139.55999999999767,21924.252
18572.5,-139.54999999999927,22117.352
18572.51,-139.54000000000087,21972.514
18572.52,-139.52999999999884,22213.951
18572.53,-139.52000000000044,21393.895
18572.54,-139.5099999999984,20864.52
18572.55,-139.5,20528.156
18572.56,-139.48999999999796,20288.141
18572.57,-139.47999999999956,20144.229
18572.58,-139.46999999999753,20912.604
18572.59,-139.45999999999913,21586.637
18572.6,-139.45000000000073,21827.75
18572.61,-139.4399999999987,21875.996
18572.62,-139.4300000000003,22069.064
18572.63,-139.41999999999825,20816.443
18572.64,-139.40999999999985,20720.314
18572.65,-139.39999999999782,20432.125
18572.66,-139.38999999999942,20624.219
18572.67,-139.38000000000102,20528.156
18572.68,-139.36999999999898,20384.121
18572.69,-139.36000000000058,21105.021
18572.7,-139.34999999999854,21875.996
18572.71,-139.34000000000015,21875.996
18572.72,-139.3299999999981,22213.951
18572.73,-139.3199999999997,21779.512
18572.74,-139.30999999999767,21008.797
18572.75,-139.29999999999927,20624.219
18572.76,-139.29000000000087,20192.191
18572.77,-139.27999999999884,20384.121
18572.78,-139.27000000000044,20192.191
18572.79,-139.2599999999984,20864.52
18572.8,-139.25,21634.844
18572.81,-139.23999999999796,21731.279
18572.82,-139.22999999999956,22165.648
18572.83,-139.21999999999753,21827.75
18572.84,-139.20999999999913,21201.279
18572.85,-139.20000000000073,20480.137
18572.86,-139.1899999999987,20624.219
18572.87,-139.1800000000003,20672.262
18572.88,-139.16999999999825,20816.443
18572.89,-139.15999999999985,20576.184
18572.9,-139.14999999999782,21297.57
18572.91,-139.13999999999942,21538.439
18572.92,-139.13000000000102,22069.064
18572.93,-139.11999999999898,21972.514
18572.94,-139.11000000000058,21393.895
18572.95,-139.09999999999854,21008.797
18572.96,-139.09000000000015,20768.375
18572.97,-139.0799999999981,20816.443
18572.98,-139.0699999999997,20720.314
18572.99,-139.05999999999767,20384.121
18573.0,-139.04999999999927,20816.443
18573.01,-139.04000000000087,21105.021
18573.02,-139.02999999999884,21875.996
18573.03,-139.02000000000044,22020.785
18573.04,-139.0099999999984,22165.648
18573.05,-139.0,21731.279
18573.06,-138.98999999999796,21153.146
18573.07,-138.97999999999956,20576.184
18573.08,-138.96999999999753,20528.156
18573.09,-138.95999999999913,20528.156
18573.1,-138.95000000000073,20480.137
18573.11,-138.9399999999987,20960.695
18573.12,-138.9300000000003,21634.844
18573.13,-138.91999999999825,21875.996
18573.14,-138.90999999999985,21924.252
18573.15,-138.89999999999782,21490.25
18573.16,-138.88999999999942,20912.604
18573.17,-138.88000000000102,20816.443
18573.18,-138.86999999999898,20864.52
18573.19,-138.86000000000058,21008.797
18573.2,-138.84999999999854,20864.52
18573.21,-138.84000000000015,20576.184
18573.22,-138.8299999999981,21393.895
18573.23,-138.8199999999997,21634.844
18573.24,-138.80999999999767,21875.996
18573.25,-138.79999999999927,21924.252
18573.26,-138.79000000000087,21201.279
18573.27,-138.77999999999884,20960.695
18573.28,-138.77000000000044,20624.219
18573.29,-138.7599999999984,20576.184
18573.3,-138.75,20576.184
18573.31,-138.73999999999796,20768.375
18573.32,-138.72999999999956,21297.57
18573.33,-138.71999999999753,21538.439
18573.34,-138.70999999999913,22020.785
18573.35,-138.70000000000073,22069.064
18573.36,-138.6899999999987,21586.637
18573.37,-138.6800000000003,21153.146
18573.38,-138.66999999999825,20336.127
18573.39,-138.65999999999985,20528.156
18573.4,-138.64999999999782,20576.184
18573.41,-138.63999999999942,20528.156
18573.42,-138.63000000000102,20336.127
18573.43,-138.61999999999898,21056.904
18573.44,-138.61000000000058,21634.844
18573.45,-138.59999999999854,21538.439
18573.46,-138.59000000000015,21924.252
18573.47,-138.5799999999981,21490.25
18573.48,-138.5699999999997,21105.021
18573.49,-138.55999999999767,20912.604
18573.5,-138.54999999999927,20720.314
18573.51,-138.54000000000087,20288.141
18573.52,-138.52999999999884,20336.127
18573.53,-138.52000000000044,20912.604
18573.54,-138.5099999999984,21538.439
18573.55,-138.5,21731.279
18573.56,-138.48999999999796,22117.352
18573.57,-138.47999999999956,21731.279
18573.58,-138.46999999999753,21201.279
18573.59,-138.45999999999913,20672.262
18573.6,-138.45000000000073,20576.184
18573.61,-138.4399999999987,20528.156
18573.62,-138.4300000000003,20384.121
18573.63,-138.41999999999825,20480.137
18573.64,-138.40999999999985,21297.57
18573.65,-138.39999999999782,22117.352
18573.66,-138.38999999999942,22165.648
18573.67,-138.38000000000102,22358.912
18573.68,-138.36999999999898,21393.895
18573.69,-138.36000000000058,20864.52
18573.7,-138.34999999999854,20624.219
18573.71,-138.34000000000015,20192.191
18573.72,-138.3299999999981,19904.537
18573.73,-138.3199999999997,20480.137
18573.74,-138.30999999999767,21490.25
18573.75,-138.29999999999927,21972.514
18573.76,-138.29000000000087,21586.637
18573.77,-138.27999999999884,22117.352
18573.78,-138.27000000000044,21634.844
18573.79,-138.2599999999984,20912.604
18573.8,-138.25,20336.127
18573.81,-138.23999999999796,20384.121
18573.82,-138.22999999999956,20432.125
18573.83,-138.21999999999753,20432.125
18573.84,-138.20999999999913,21201.279
18573.85,-138.20000000000073,21972.514
18573.86,-138.1899999999987,22020.785
18573.87,-138.1800000000003,22069.064
18573.88,-138.16999999999825,21731.279
18573.89,-138.15999999999985,21683.059
18573.9,-138.14999999999782,21105.021
18573.91,-138.13999999999942,20480.137
18573.92,-138.13000000000102,20096.273
18573.93,-138.11999999999898,20192.191
18573.94,-138.11000000000058,20336.127
18573.95,-138.09999999999854,21297.57
18573.96,-138.09000000000015,21779.512
18573.97,-138.0799999999981,21731.279
18573.98,-138.0699999999997,22310.584
18573.99,-138.05999999999767,21875.996
18574.0,-138.04999999999927,21105.021
18574.01,-138.04000000000087,20432.125
18574.02,-138.02999999999884,20672.262
18574.03,-138.02000000000044,20720.314
18574.04,-138.0099999999984,20384.121
18574.05,-138.0,20720.314
18574.06,-137.98999999999796,21442.066
18574.07,-137.97999999999956,21827.75
18574.08,-137.96999999999753,22069.064
18574.09,-137.95999999999913,21731.279
18574.1,-137.95000000000073,20768.375
18574.11,-137.9399999999987,20960.695
18574.12,-137.9300000000003,20816.443
18574.13,-137.91999999999825,20336.127
18574.14,-137.90999999999985,20432.125
18574.15,-137.89999999999782,20144.229
18574.16,-137.88999999999942,21056.904
18574.17,-137.88000000000102,22020.785
18574.18,-137.86999999999898,22020.785
18574.19,-137.86000000000058,22020.785
18574.2,-137.84999999999854,21538.439
18574.21,-137.84000000000015,21201.279
18574.22,-137.8299999999981,20720.314
18574.23,-137.8199999999997,20432.125
18574.24,-137.80999999999767,20432.125
18574.25,-137.79999999999927,20480.137
18574.26,-137.79000000000087,20384.121
18574.27,-137.77999999999884,21538.439
18574.28,-137.77000000000044,22117.352
18574.29,-137.7599999999984,22117.352
18574.3,-137.75,22165.648
18574.31,-137.73999999999796,21393.895
18574.32,-137.72999999999956,20720.314
18574.33,-137.71999999999753,20480.137
18574.34,-137.70999999999913,20624.219
18574.35,-137.70000000000073,20384.121
18574.36,-137.6899999999987,20384.121
18574.37,-137.6800000000003,21249.422
18574.38,-137.66999999999825,21634.844
18574.39,-137.65999999999985,21875.996
18574.4,-137.64999999999782,22165.648
18574.41,-137.63999999999942,21924.252
18574.42,-137.63000000000102,20960.695
18574.43,-137.61999999999898,20912.604
18574.44,-137.61000000000058,20672.262
18574.45,-137.59999999999854,20192.191
18574.46,-137.59000000000015,20336.127
18574.47,-137.5799999999981,20720.314
18574.48,-137.5699999999997,21683.059
18574.49,-137.55999999999767,21875.996
18574.5,-137.54999999999927,22165.648
18574.51,-137.54000000000087,21297.57
18574.52,-137.52999999999884,21393.895
18574.53,-137.52000000000044,20864.52
18574.54,-137.5099999999984,20336.127
18574.55,-137.5,20384.121
18574.56,-137.48999999999796,20528.156
18574.57,-137.47999999999956,21105.021
18574.58,-137.46999999999753,21538.439
18574.59,-137.45999999999913,21875.996
18574.6,-137.45000000000073,21779.512
18574.61,-137.4399999999987,22020.785
18574.62,-137.4300000000003,21490.25
18574.63,-137.41999999999825,20816.443
18574.64,-137.40999999999985,20384.121
18574.65,-137.39999999999782,20240.162
18574.66,-137.38999999999942,20720.314
18574.67,-137.38000000000102,20816.443
18574.68,-137.36999999999898,21153.146
18574.69,-137.36000000000058,21827.75
18574.7,-137.34999999999854,22165.648
18574.71,-137.34000000000015,22213.951
18574.72,-137.3299999999981,21731.279
18574.73,-137.3199999999997,20912.604
18574.74,-137.30999999999767,20624.219
18574.75,-137.29999999999927,20384.121
18574.76,-137.29000000000087,19952.459
18574.77,-137.27999999999884,20336.127
18574.78,-137.27000000000044,20768.375
18574.79,-137.2599999999984,21345.729
18574.8,-137.25,21827.75
18574.81,-137.23999999999796,21731.279
18574.82,-137.22999999999956,22262.264
18574.83,-137.21999999999753,21538.439
18574.84,-137.20999999999913,20624.219
18574.85,-137.20000000000073,20672.262
18574.86,-137.1899999999987,20624.219
18574.87,-137.1800000000003,20384.121
18574.88,-137.16999999999825,20576.184
18574.89,-137.15999999999985,21779.512
18574.9,-137.14999999999782,21827.75
18574.91,-137.13999999999942,21586.637
18574.92,-137.13000000000102,21827.75
18574.93,-137.11999999999898,21731.279
18574.94,-137.11000000000058,21105.021
18574.95,-137.09999999999854,20672.262
18574.96,-137.09000000000015,20864.52
18574.97,-137.0799999999981,20672.262
18574.98,-137.0699999999997,20384.121
18574.99,-137.05999999999767,20576.184
18575.0,-137.04999999999927,21153.146
18575.01,-137.04000000000087,21249.422
18575.02,-137.02999999999884,22165.648
18575.03,-137.02000000000044,22552.305
18575.04,-137.0099999999984,21442.066
18575.05,-137.0,20960.695
18575.06,-136.98999999999796,20720.314
18575.07,-136.97999999999956,20336.127
18575.08,-136.96999999999753,20192.191
18575.09,-136.95999999999913,20384.121
18575.1,-136.95000000000073,21153.146
18575.11,-136.9399999999987,21586.637
18575.12,-136.9300000000003,22358.912
18575.13,-136.91999999999825,22020.785
18575.14,-136.90999999999985,21779.512
18575.15,-136.89999999999782,21249.422
18575.16,-136.88999999999942,20720.314
18575.17,-136.88000000000102,20768.375
18575.18,-136.86999999999898,20336.127
18575.19,-136.86000000000058,20144.229
18575.2,-136.84999999999854,20384.121
18575.21,-136.84000000000015,21201.279
18575.22,-136.8299999999981,22020.785
18575.23,-136.8199999999997,22069.064
18575.24,-136.80999999999767,22262.264
18575.25,-136.79999999999927,22455.592
18575.26,-136.79000000000087,21779.512
18575.27,-136.77999999999884,21345.729
18575.28,-136.77000000000044,20768.375
18575.29,-136.7599999999984,20096.273
18575.3,-136.75,20240.162
18575.31,-136.73999999999796,20480.137
18575.32,-136.72999999999956,20480.137
18575.33,-136.71999999999753,20576.184
18575.34,-136.70999999999913,20384.121
18575.35,-136.70000000000073,20144.229
18575.36,-136.6899999999987,20144.229
18575.37,-136.6800000000003,20288.141
18575.38,-136.66999999999825,20096.273
18575.39,-136.65999999999985,20000.389
18575.4,-136.64999999999782,20000.389
18575.41,-136.63999999999942,20384.121
18575.42,-136.63000000000102,20144.229
18575.43,-136.61999999999898,20240.162
18575.44,-136.61000000000058,20192.191
18575.45,-136.59999999999854,20096.273
18575.46,-136.59000000000015,20192.191
18575.47,-136.5799999999981,20048.328
18575.48,-136.5699999999997,20000.389
18575.49,-136.55999999999767,20432.125
18575.5,-136.54999999999927,20528.156
18575.51,-136.54000000000087,20000.389
18575.52,-136.52999999999884,20480.137
18575.53,-136.52000000000044,20528.156
18575.54,-136.5099999999984,20624.219
18575.55,-136.5,20384.121
18575.56,-136.48999999999796,20480.137
18575.57,-136.47999999999956,20336.127
18575.58,-136.46999999999753,20192.191
18575.59,-136.45999999999913,20144.229
18575.6,-136.45000000000073,19952.459
18575.61,-136.4399999999987,20192.191
18575.62,-136.4300000000003,20336.127
18575.63,-136.41999999999825,19760.82
18575.64,-136.40999999999985,20288.141
18575.65,-136.39999999999782,20432.125
18575.66,-136.38999999999942,20048.328
18575.67,-136.38000000000102,20384.121
18575.68,-136.36999999999898,20240.162
18575.69,-136.36000000000058,20384.121
18575.7,-136.34999999999854,20384.121
18575.71,-136.34000000000015,20096.273
18575.72,-136.3299999999981,20192.191
18575.73,-136.3199999999997,20336.127
18575.74,-136.30999999999767,20480.137
18575.75,-136.29999999999927,20384.121
18575.76,-136.29000000000087,20048.328
18575.77,-136.27999999999884,20144.229
18575.78,-136.27000000000044,20192.191
18575.79,-136.2599999999984,20480.137
18575.8,-136.25,20480.137
18575.81,-136.23999999999796,20288.141
18575.82,-136.22999999999956,20336.127
18575.83,-136.21999999999753,20384.121
18575.84,-136.20999999999913,20528.156
18575.85,-136.20000000000073,20336.127
18575.86,-136.1899999999987,19856.623
18575.87,-136.1800000000003,20240.162
18575.88,-136.16999999999825,20192.191
18575.89,-136.15999999999985,20864.52
18575.9,-136.14999999999782,20576.184
18575.91,-136.13999999999942,20000.389
18575.92,-136.13000000000102,19952.459
18575.93,-136.11999999999898,20144.229
18575.94,-136.11000000000058,20336.127
18575.95,-136.09999999999854,20192.191
18575.96,-136.09000000000015,20336.127
18575.97,-136.0799999999981,20288.141
18575.98,-136.0699999999997,20288.141
18575.99,-136.05999999999767,20432.125
18576.0,-136.04999999999927,20240.162
18576.01,-136.04000000000087,20384.121
18576.02,-136.02999999999884,20480.137
18576.03,-136.02000000000044,20384.121
18576.04,-136.0099999999984,20336.127
18576.05,-136.0,20336.127
18576.06,-135.98999999999796,20624.219
18576.07,-135.97999999999956,20000.389
18576.08,-135.96999999999753,20000.389
18576.09,-135.95999999999913,20240.162
18576.1,-135.95000000000073,20144.229
18576.11,-135.9399999999987,20336.127
18576.12,-135.9300000000003,20192.191
18576.13,-135.91999999999825,20096.273
18576.14,-135.90999999999985,19904.537
18576.15,-135.89999999999782,20720.314
18576.16,-135.88999999999942,20768.375
18576.17,-135.88000000000102,20384.121
18576.18,-135.86999999999898,20480.137
18576.19,-135.86000000000058,20528.156
18576.2,-135.84999999999854,20384.121
18576.21,-135.84000000000015,20576.184
18576.22,-135.8299999999981,20336.127
18576.23,-135.8199999999997,20192.191
18576.24,-135.80999999999767,20144.229
18576.25,-135.79999999999927,20288.141
18576.26,-135.79000000000087,19856.623
18576.27,-135.77999999999884,20288.141
18576.28,-135.77000000000044,20384.121
18576.29,-135.7599999999984,20528.156
18576.3,-135.75,20144.229
18576.31,-135.73999999999796,20000.389
18576.32,-135.72999999999956,20000.389
18576.33,-135.71999999999753,20192.191
18576.34,-135.70999999999913,20336.127
18576.35,-135.70000000000073,20000.389
18576.36,-135.6899999999987,20192.191
18576.37,-135.6800000000003,19952.459
18576.38,-135.66999999999825,19808.719
18576.39,-135.65999999999985,20336.127
18576.4,-135.64999999999782,20144.229
18576.41,-135.63999999999942,20000.389
18576.42,-135.63000000000102,19952.459
18576.43,-135.61999999999898,19952.459
18576.44,-135.61000000000058,20192.191
18576.45,-135.59999999999854,20384.121
18576.46,-135.59000000000015,20432.125
18576.47,-135.5799999999981,20192.191
18576.48,-135.5699999999997,20096.273
18576.49,-135.55999999999767,20240.162
18576.5,-135.54999999999927,20096.273
18576.51,-135.54000000000087,20144.229
18576.52,-135.52999999999884,20576.184
18576.53,-135.52000000000044,20432.125
18576.54,-135.5099999999984,20384.121
18576.55,-135.5,20240.162
18576.56,-135.48999999999796,19760.82
18576.57,-135.47999999999956,19904.537
18576.58,-135.46999999999753,20192.191
18576.59,-135.45999999999913,19904.537
18576.6,-135.45000000000073,19665.049
18576.61,-135.4399999999987,20144.229
18576.62,-135.4300000000003,20288.141
18576.63,-135.41999999999825,20288.141
18576.64,-135.40999999999985,20000.389
18576.65,-135.39999999999782,20048.328
18576.66,-135.38999999999942,20144.229
18576.67,-135.38000000000102,20048.328
18576.68,-135.36999999999898,20192.191
18576.69,-135.36000000000058,20384.121
18576.7,-135.34999999999854,20480.137
18576.71,-135.34000000000015,20048.328
18576.72,-135.3299999999981,20192.191
18576.73,-135.3199999999997,20480.137
18576.74,-135.30999999999767,20624.219
18576.75,-135.29999999999927,20240.162
18576.76,-135.29000000000087,19665.049
18576.77,-135.27999999999884,20240.162
18576.78,-135.27000000000044,20336.127
18576.79,-135.2599999999984,20288.141
18576.8,-135.25,20336.127
18576.81,-135.23999999999796,20576.184
18576.82,-135.22999999999956,20288.141
18576.83,-135.21999999999753,20240.162
18576.84,-135.20999999999913,19712.932
18576.85,-135.20000000000073,19665.049
18576.86,-135.1899999999987,20096.273
18576.87,-135.1800000000003,20000.389
18576.88,-135.16999999999825,20384.121
18576.89,-135.15999999999985,20336.127
18576.9,-135.14999999999782,20000.389
18576.91,-135.13999999999942,20288.141
18576.92,-135.13000000000102,20336.127
18576.93,-135.11999999999898,20624.219
18576.94,-135.11000000000058,20672.262
18576.95,-135.09999999999854,20192.191
18576.96,-135.09000000000015,19904.537
18576.97,-135.0799999999981,20000.389
18576.98,-135.0699999999997,19808.719
18576.99,-135.05999999999767,19808.719
18577.0,-135.04999999999927,20144.229
18577.01,-135.04000000000087,20000.389
18577.02,-135.02999999999884,19952.459
18577.03,-135.02000000000044,19952.459
18577.04,-135.0099999999984,19952.459
18577.05,-135.0,20240.162
18577.06,-134.98999999999796,20096.273
18577.07,-134.97999999999956,20096.273
18577.08,-134.96999999999753,20576.184
18577.09,-134.95999999999913,20336.127
18577.1,-134.95000000000073,20096.273
18577.11,-134.9399999999987,19760.82
18577.12,-134.9300000000003,20144.229
18577.13,-134.91999999999825,19760.82
18577.14,-134.90999999999985,20096.273
18577.15,-134.89999999999782,20240.162
18577.16,-134.88999999999942,20288.141
18577.17,-134.88000000000102,19952.459
18577.18,-134.86999999999898,20960.695
18577.19,-134.86000000000058,21153.146
18577.2,-134.84999999999854,21297.57
18577.21,-134.84000000000015,21297.57
18577.22,-134.8299999999981,21538.439
18577.23,-134.8199999999997,22117.352
18577.24,-134.80999999999767,22069.064
18577.25,-134.79999999999927,21972.514
18577.26,-134.79000000000087,21586.637
18577.27,-134.77999999999884,21779.512
18577.28,-134.77000000000044,21924.252
18577.29,-134.7599999999984,22358.912
18577.3,-134.75,21875.996
18577.31,-134.73999999999796,21634.844
18577.32,-134.72999999999956,21345.729
18577.33,-134.71999999999753,21056.904
18577.34,-134.70999999999913,21538.439
18577.35,-134.70000000000073,22262.264
18577.36,-134.6899999999987,22020.785
18577.37,-134.6800000000003,22310.584
18577.38,-134.66999999999825,22069.064
18577.39,-134.65999999999985,21924.252
18577.4,-134.64999999999782,21731.279
18577.41,-134.63999999999942,22165.648
18577.42,-134.63000000000102,21875.996
18577.43,-134.61999999999898,21634.844
18577.44,-134.61000000000058,21875.996
18577.45,-134.59999999999854,21683.059
18577.46,-134.59000000000015,21586.637
18577.47,-134.5799999999981,21779.512
18577.48,-134.5699999999997,22117.352
18577.49,-134.55999999999767,22213.951
18577.5,-134.54999999999927,21875.996
18577.51,-134.54000000000087,21249.422
18577.52,-134.52999999999884,21924.252
18577.53,-134.52000000000044,21924.252
18577.54,-134.5099999999984,21924.252
18577.55,-134.5,21731.279
18577.56,-134.48999999999796,21731.279
18577.57,-134.47999999999956,22069.064
18577.58,-134.46999999999753,21538.439
18577.59,-134.45999999999913,21490.25
18577.6,-134.45000000000073,21731.279
18577.61,-134.4399999999987,21972.514
18577.62,-134.4300000000003,22020.785
18577.63,-134.41999999999825,21875.996
18577.64,-134.40999999999985,21924.252
18577.65,-134.39999999999782,21827.75
18577.66,-134.38999999999942,21924.252
18577.67,-134.38000000000102,22020.785
18577.68,-134.36999999999898,21779.512
18577.69,-134.36000000000058,21731.279
18577.7,-134.34999999999854,21924.252
18577.71,-134.34000000000015,21924.252
18577.72,-134.3299999999981,21731.279
18577.73,-134.3199999999997,21683.059
18577.74,-134.30999999999767,21779.512
18577.75,-134.29999999999927,21875.996
18577.76,-134.29000000000087,21634.844
18577.77,-134.27999999999884,22020.785
18577.78,-134.27000000000044,22020.785
18577.79,-134.2599999999984,21827.75
18577.8,-134.25,22020.785
18577.81,-134.23999999999796,22117.352
18577.82,-134.22999999999956,22117.352
18577.83,-134.21999999999753,21683.059
18577.84,-134.20999999999913,21490.25
18577.85,-134.20000000000073,21586.637
18577.86,-134.1899999999987,21586.637
18577.87,-134.1800000000003,22117.352
18577.88,-134.16999999999825,21779.512
18577.89,-134.15999999999985,21924.252
18577.9,-134.14999999999782,22262.264
18577.91,-134.13999999999942,22165.648
18577.92,-134.13000000000102,22117.352
18577.93,-134.11999999999898,22020.785
18577.94,-134.11000000000058,22165.648
18577.95,-134.09999999999854,21827.75
18577.96,-134.09000000000015,21634.844
18577.97,-134.0799999999981,21779.512
18577.98,-134.0699999999997,21875.996
18577.99,-134.05999999999767,21924.252
18578.0,-134.04999999999927,21827.75
18578.01,-134.04000000000087,21345.729
18578.02,-134.02999999999884,21827.75
18578.03,-134.02000000000044,21634.844
18578.04,-134.0099999999984,21731.279
18578.05,-134.0,21538.439
18578.06,-133.98999999999796,21924.252
18578.07,-133.97999999999956,21827.75
18578.08,-133.96999999999753,22020.785
18578.09,-133.95999999999913,21972.514
18578.1,-133.95000000000073,21875.996
18578.11,-133.9399999999987,21875.996
18578.12,-133.9300000000003,22262.264
18578.13,-133.91999999999825,21490.25
18578.14,-133.90999999999985,22213.951
18578.15,-133.89999999999782,23181.73
18578.16,-133.88999999999942,23375.678
18578.17,-133.88000000000102,23278.688
18578.18,-133.86999999999898,23278.688
18578.19,-133.86000000000058,23375.678
18578.2,-133.84999999999854,23861.109
18578.21,-133.84000000000015,23618.293
18578.22,-133.8299999999981,23278.688
18578.23,-133.8199999999997,23715.395
18578.24,-133.80999999999767,23521.223
18578.25,-133.79999999999927,23472.699
18578.26,-133.79000000000087,23133.266
18578.27,-133.77999999999884,22891.057
18578.28,-133.77000000000044,23278.688
18578.29,-133.7599999999984,23521.223
18578.3,-133.75,23521.223
18578.31,-133.73999999999796,23181.73
18578.32,-133.72999999999956,23278.688
18578.33,-133.71999999999753,22697.436
18578.34,-133.70999999999913,22697.436
18578.35,-133.70000000000073,23181.73
18578.36,-133.6899999999987,22794.229
18578.37,-133.6800000000003,22939.482
18578.38,-133.66999999999825,22745.828
18578.39,-133.65999999999985,22987.916
18578.4,-133.64999999999782,22745.828
18578.41,-133.63999999999942,23084.807
18578.42,-133.63000000000102,22891.057
18578.43,-133.61999999999898,23084.807
18578.44,-133.61000000000058,22503.943
18578.45,-133.59999999999854,22794.229
18578.46,-133.59000000000015,22939.482
18578.47,-133.5799999999981,22745.828
18578.48,-133.5699999999997,23036.357
18578.49,-133.55999999999767,23327.178
18578.5,-133.54999999999927,23036.357
18578.51,-133.54000000000087,22697.436
18578.52,-133.52999999999884,23084.807
18578.53,-133.52000000000044,22697.436
18578.54,-133.5099999999984,22745.828
18578.55,-133.5,23084.807
18578.56,-133.48999999999796,23084.807
18578.57,-133.47999999999956,22891.057
18578.58,-133.46999999999753,22939.482
18578.59,-133.45999999999913,22745.828
18578.6,-133.45000000000073,22794.229
18578.61,-133.4399999999987,22697.436
18578.62,-133.4300000000003,23036.357
18578.63,-133.41999999999825,23181.73
18578.64,-133.40999999999985,22842.639
18578.65,-133.39999999999782,22939.482
18578.66,-133.38999999999942,23036.357
18578.67,-133.38000000000102,23036.357
18578.68,-133.36999999999898,22552.305
18578.69,-133.36000000000058,23375.678
18578.7,-133.34999999999854,23812.531
18578.71,-133.34000000000015,23472.699
18578.72,-133.3299999999981,23375.678
18578.73,-133.3199999999997,23133.266
18578.74,-133.30999999999767,23278.688
18578.75,-133.29999999999927,23424.184
18578.76,-133.29000000000087,22987.916
18578.77,-133.27999999999884,23424.184
18578.78,-133.27000000000044,23278.688
18578.79,-133.2599999999984,23133.266
18578.8,-133.25,23424.184
18578.81,-133.23999999999796,23230.205
18578.82,-133.22999999999956,23424.184
18578.83,-133.21999999999753,23327.178
18578.84,-133.20999999999913,23424.184
18578.85,-133.20000000000073,23569.752
18578.86,-133.1899999999987,23278.688
18578.87,-133.1800000000003,23569.752
18578.88,-133.16999999999825,23472.699
18578.89,-133.15999999999985,23715.395
18578.9,-133.14999999999782,23618.293
18578.91,-133.13999999999942,23521.223
18578.92,-133.13000000000102,23084.807
18578.93,-133.11999999999898,23278.688
18578.94,-133.11000000000058,23084.807
18578.95,-133.09999999999854,21779.512
18578.96,-133.09000000000015,20576.184
18578.97,-133.0799999999981,19808.719
18578.98,-133.0699999999997,19856.623
18578.99,-133.05999999999767,19760.82
18579.0,-133.04999999999927,19712.932
18579.01,-133.04000000000087,19425.766
18579.02,-133.02999999999884,19425.766
18579.03,-133.02000000000044,19234.484
18579.04,-133.0099999999984,19617.176
18579.05,-133.0,19760.82
18579.06,-132.98999999999796,19665.049
18579.07,-132.97999999999956,20000.389
18579.08,-132.96999999999753,19904.537
18579.09,-132.95999999999913,19617.176
18579.1,-132.95000000000073,19569.311
18579.11,-132.9399999999987,19521.455
18579.12,-132.9300000000003,19665.049
18579.13,-132.91999999999825,19473.605
18579.14,-132.90999999999985,19425.766
18579.15,-132.89999999999782,19521.455
18579.16,-132.88999999999942,19665.049
18579.17,-132.88000000000102,19856.623
18579.18,-132.86999999999898,19808.719
18579.19,-132.86000000000058,19234.484
18579.2,-132.84999999999854,18852.311
18579.21,-132.84000000000015,19234.484
18579.22,-132.8299999999981,19665.049
18579.23,-132.8199999999997,19760.82
18579.24,-132.80999999999767,19760.82
18579.25,-132.79999999999927,19377.932
18579.26,-132.79000000000087,19138.891
18579.27,-132.77999999999884,19760.82
18579.28,-132.77000000000044,19473.605
18579.29,-132.7599999999984,19712.932
18579.3,-132.75,19617.176
18579.31,-132.73999999999796,19473.605
18579.32,-132.72999999999956,19377.932
18579.33,-132.71999999999753,19808.719
18579.34,-132.70999999999913,20240.162
18579.35,-132.70000000000073,19952.459
18579.36,-132.6899999999987,19760.82
18579.37,-132.6800000000003,19425.766
18579.38,-132.66999999999825,19425.766
18579.39,-132.65999999999985,19712.932
18579.4,-132.64999999999782,19904.537
18579.41,-132.63999999999942,19330.107
18579.42,-132.63000000000102,19521.455
18579.43,-132.61999999999898,19425.766
18579.44,-132.61000000000058,19330.107
18579.45,-132.59999999999854,19904.537
18579.46,-132.59000000000015,19569.311
18579.47,-132.5799999999981,19569.311
18579.48,-132.5699999999997,19904.537
18579.49,-132.55999999999767,19665.049
18579.5,-132.54999999999927,19569.311
18579.51,-132.54000000000087,19425.766
18579.52,-132.52999999999884,19712.932
18579.53,-132.52000000000044,19760.82
18579.54,-132.5099999999984,19425.766
18579.55,-132.5,19234.484
18579.56,-132.48999999999796,19425.766
18579.57,-132.47999999999956,19569.311
18579.58,-132.46999999999753,19425.766
18579.59,-132.45999999999913,19473.605
18579.6,-132.45000000000073,19952.459
18579.61,-132.4399999999987,20048.328
18579.62,-132.4300000000003,19952.459
18579.63,-132.41999999999825,19043.332
18579.64,-132.40999999999985,19377.932
18579.65,-132.39999999999782,19665.049
18579.66,-132.38999999999942,19760.82
18579.67,-132.38000000000102,19521.455
18579.68,-132.36999999999898,19473.605
18579.69,-132.36000000000058,19856.623
18579.7,-132.34999999999854,19712.932
18579.71,-132.34000000000015,19665.049
18579.72,-132.3299999999981,19473.605
18579.73,-132.3199999999997,19330.107
18579.74,-132.30999999999767,19712.932
18579.75,-132.29999999999927,19808.719
18579.76,-132.29000000000087,19234.484
18579.77,-132.27999999999884,19425.766
18579.78,-132.27000000000044,19569.311
18579.79,-132.2599999999984,19808.719
18579.8,-132.25,19856.623
18579.81,-132.23999999999796,19665.049
18579.82,-132.22999999999956,19425.766
18579.83,-132.21999999999753,19521.455
18579.84,-132.20999999999913,19425.766
18579.85,-132.20000000000073,19425.766
18579.86,-132.1899999999987,19282.291
18579.87,-132.1800000000003,19521.455
18579.88,-132.16999999999825,20096.273
18579.89,-132.15999999999985,19808.719
18579.9,-132.14999999999782,19952.459
18579.91,-132.13999999999942,19425.766
18579.92,-132.13000000000102,19617.176
18579.93,-132.11999999999898,19473.605
18579.94,-132.11000000000058,19186.684
18579.95,-132.09999999999854,19856.623
18579.96,-132.09000000000015,19760.82
18579.97,-132.0799999999981,19904.537
18579.98,-132.0699999999997,19521.455
18579.99,-132.05999999999767,19617.176
18580.0,-132.04999999999927,19760.82
18580.01,-132.04000000000087,19473.605
18580.02,-132.02999999999884,19665.049
18580.03,-132.02000000000044,19377.932
18580.04,-132.0099999999984,19521.455
18580.05,-132.0,19617.176
18580.06,-131.98999999999796,19617.176
18580.07,-131.97999999999956,19617.176
18580.08,-131.96999999999753,19760.82
18580.09,-131.95999999999913,19712.932
18580.1,-131.95000000000073,19712.932
18580.11,-131.9399999999987,19425.766
18580.12,-131.9300000000003,19521.455
18580.13,-131.91999999999825,19043.332
18580.14,-131.90999999999985,19760.82
18580.15,-131.89999999999782,19808.719
18580.16,-131.88999999999942,20000.389
18580.17,-131.88000000000102,19808.719
18580.18,-131.86999999999898,19521.455
18580.19,-131.86000000000058,19712.932
18580.2,-131.84999999999854,19665.049
18580.21,-131.84000000000015,19377.932
18580.22,-131.8299999999981,19186.684
18580.23,-131.8199999999997,19521.455
18580.24,-131.80999999999767,19808.719
18580.25,-131.79999999999927,19712.932
18580.26,-131.79000000000087,19330.107
18580.27,-131.77999999999884,19473.605
18580.28,-131.77000000000044,19665.049
18580.29,-131.7599999999984,19234.484
18580.3,-131.75,19569.311
18580.31,-131.73999999999796,19760.82
18580.32,-131.72999999999956,19808.719
18580.33,-131.71999999999753,19952.459
18580.34,-131.70999999999913,19904.537
18580.35,-131.70000000000073,19712.932
18580.36,-131.6899999999987,19425.766
18580.37,-131.6800000000003,19617.176
18580.38,-131.66999999999825,19617.176
18580.39,-131.65999999999985,20048.328
18580.4,-131.64999999999782,19521.455
18580.41,-131.63999999999942,19425.766
18580.42,-131.63000000000102,19473.605
18580.43,-131.61999999999898,19808.719
18580.44,-131.61000000000058,19856.623
18580.45,-131.59999999999854,19712.932
18580.46,-131.59000000000015,19856.623
18580.47,-131.5799999999981,19473.605
18580.48,-131.5699999999997,19521.455
18580.49,-131.55999999999767,19760.82
18580.5,-131.54999999999927,19617.176
18580.51,-131.54000000000087,19377.932
18580.52,-131.52999999999884,19569.311
18580.53,-131.52000000000044,19665.049
18580.54,-131.5099999999984,19569.311
18580.55,-131.5,19712.932
18580.56,-131.48999999999796,19617.176
18580.57,-131.47999999999956,19425.766
18580.58,-131.46999999999753,19712.932
18580.59,-131.45999999999913,19521.455
18580.6,-131.45000000000073,19617.176
18580.61,-131.4399999999987,19665.049
18580.62,-131.4300000000003,19856.623
18580.63,-131.41999999999825,19856.623
18580.64,-131.40999999999985,19952.459
18580.65,-131.39999999999782,19665.049
18580.66,-131.38999999999942,19521.455
18580.67,-131.38000000000102,19808.719
18580.68,-131.36999999999898,19904.537
18580.69,-131.36000000000058,19569.311
18580.7,-131.34999999999854,19856.623
18580.71,-131.34000000000015,19665.049
18580.72,-131.3299999999981,19569.311
18580.73,-131.3199999999997,19712.932
18580.74,-131.30999999999767,19760.82
18580.75,-131.29999999999927,19760.82
18580.76,-131.29000000000087,19234.484
18580.77,-131.27999999999884,19617.176
18580.78,-131.27000000000044,19282.291
18580.79,-131.2599999999984,19282.291
18580.8,-131.25,19473.605
18580.81,-131.23999999999796,19425.766
18580.82,-131.22999999999956,19330.107
18580.83,-131.21999999999753,19377.932
18580.84,-131.20999999999913,19808.719
18580.85,-131.20000000000073,19856.623
18580.86,-131.1899999999987,19712.932
18580.87,-131.1800000000003,19377.932
18580.88,-131.16999999999825,19043.332
18580.89,-131.15999999999985,19569.311
18580.9,-131.14999999999782,19760.82
18580.91,-131.13999999999942,19952.459
18580.92,-131.13000000000102,19425.766
18580.93,-131.11999999999898,19856.623
18580.94,-131.11000000000058,19569.311
18580.95,-131.09999999999854,19712.932
18580.96,-131.09000000000015,19665.049
18580.97,-131.0799999999981,19377.932
18580.98,-131.0699999999997,19808.719
18580.99,-131.05999999999767,19665.049
18581.0,-131.04999999999927,19569.311
18581.01,-131.04000000000087,19377.932
18581.02,-131.02999999999884,19808.719
18581.03,-131.02000000000044,20000.389
18581.04,-131.0099999999984,19904.537
18581.05,-131.0,19569.311
18581.06,-130.98999999999796,19473.605
18581.07,-130.97999999999956,19234.484
18581.08,-130.96999999999753,19521.455
18581.09,-130.95999999999913,19808.719
18581.1,-130.95000000000073,19904.537
18581.11,-130.9399999999987,19665.049
18581.12,-130.9300000000003,19617.176
18581.13,-130.91999999999825,19282.291
18581.14,-130.90999999999985,19617.176
18581.15,-130.89999999999782,19952.459
18581.16,-130.88999999999942,19856.623
18581.17,-130.88000000000102,19760.82
18581.18,-130.86999999999898,19665.049
18581.19,-130.86000000000058,19186.684
18581.2,-130.84999999999854,19617.176
18581.21,-130.84000000000015,19856.623
18581.22,-130.8299999999981,19473.605
18581.23,-130.8199999999997,19138.891
18581.24,-130.80999999999767,19377.932
18581.25,-130.79999999999927,19473.605
18581.26,-130.79000000000087,19473.605
18581.27,-130.77999999999884,19665.049
18581.28,-130.77000000000044,19617.176
18581.29,-130.7599999999984,19617.176
18581.3,-130.75,19377.932
18581.31,-130.73999999999796,19665.049
18581.32,-130.72999999999956,20048.328
18581.33,-130.71999999999753,20000.389
18581.34,-130.70999999999913,19712.932
18581.35,-130.70000000000073,19904.537
18581.36,-130.6899999999987,19617.176
18581.37,-130.6800000000003,19425.766
18581.38,-130.66999999999825,19377.932
18581.39,-130.65999999999985,19521.455
18581.4,-130.64999999999782,19521.455
18581.41,-130.63999999999942,19665.049
18581.42,-130.63000000000102,19904.537
18581.43,-130.61999999999898,19760.82
18581.44,-130.61000000000058,19952.459
18581.45,-130.59999999999854,19904.537
18581.46,-130.59000000000015,19569.311
18581.47,-130.5799999999981,19569.311
18581.48,-130.5699999999997,19617.176
18581.49,-130.55999999999767,19808.719
18581.5,-130.54999999999927,19617.176
18581.51,-130.54000000000087,19377.932
18581.52,-130.52999999999884,19904.537
18581.53,-130.52000000000044,19569.311
18581.54,-130.5099999999984,19760.82
18581.55,-130.5,19377.932
18581.56,-130.48999999999796,19569.311
18581.57,-130.47999999999956,19425.766
18581.58,-130.46999999999753,19425.766
18581.59,-130.45999999999913,19425.766
18581.6,-130.45000000000073,20048.328
18581.61,-130.4399999999987,19808.719
18581.62,-130.4300000000003,19521.455
18581.63,-130.41999999999825,18852.311
18581.64,-130.40999999999985,19473.605
18581.65,-130.39999999999782,19904.537
18581.66,-130.38999999999942,19856.623
18581.67,-130.38000000000102,19617.176
18581.68,-130.36999999999898,19617.176
18581.69,-130.36000000000058,19904.537
18581.7,-130.34999999999854,19617.176
18581.71,-130.34000000000015,19904.537
18581.72,-130.3299999999981,19665.049
18581.73,-130.3199999999997,19760.82
18581.74,-130.30999999999767,19425.766
18581.75,-130.29999999999927,19665.049
18581.76,-130.29000000000087,19569.311
18581.77,-130.27999999999884,20000.389
18581.78,-130.27000000000044,20096.273
18581.79,-130.2599999999984,20000.389
18581.8,-130.25,19569.311
18581.81,-130.23999999999796,19760.82
18581.82,-130.22999999999956,19617.176
18581.83,-130.21999999999753,19665.049
18581.84,-130.20999999999913,19569.311
18581.85,-130.20000000000073,19665.049
18581.86,-130.1899999999987,19425.766
18581.87,-130.1800000000003,19282.291
18581.88,-130.16999999999825,19425.766
18581.89,-130.15999999999985,19760.82
18581.9,-130.14999999999782,19760.82
18581.91,-130.13999999999942,19952.459
18581.92,-130.13000000000102,19856.623
18581.93,-130.11999999999898,19760.82
18581.94,-130.11000000000058,19521.455
18581.95,-130.09999999999854,19569.311
18581.96,-130.09000000000015,19569.311
18581.97,-130.0799999999981,19712.932
18581.98,-130.0699999999997,19856.623
18581.99,-130.05999999999767,19665.049
18582.0,-130.04999999999927,19712.932
18582.01,-130.04000000000087,19234.484
18582.02,-130.02999999999884,19808.719
18582.03,-130.02000000000044,19808.719
18582.04,-130.0099999999984,19808.719
18582.05,-130.0,19712.932
18582.06,-129.98999999999796,19569.311
18582.07,-129.97999999999956,19521.455
18582.08,-129.96999999999753,19377.932
18582.09,-129.95999999999913,19617.176
18582.1,-129.95000000000073,19521.455
18582.11,-129.9399999999987,19856.623
18582.12,-129.9300000000003,19712.932
18582.13,-129.91999999999825,19425.766
18582.14,-129.90999999999985,20240.162
18582.15,-129.89999999999782,19760.82
18582.16,-129.88999999999942,19665.049
18582.17,-129.88000000000102,19712.932
18582.18,-129.86999999999898,19904.537
18582.19,-129.86000000000058,19760.82
18582.2,-129.84999999999854,19808.719
18582.21,-129.84000000000015,19617.176
18582.22,-129.8299999999981,19856.623
18582.23,-129.8199999999997,19760.82
18582.24,-129.80999999999767,19377.932
18582.25,-129.79999999999927,19521.455
18582.26,-129.79000000000087,19425.766
18582.27,-129.77999999999884,19952.459
18582.28,-129.77000000000044,20144.229
18582.29,-129.7599999999984,20048.328
18582.3,-129.75,19665.049
18582.31,-129.73999999999796,19760.82
18582.32,-129.72999999999956,20000.389
18582.33,-129.71999999999753,19665.049
18582.34,-129.70999999999913,19760.82
18582.35,-129.70000000000073,20048.328
18582.36,-129.6899999999987,19665.049
18582.37,-129.6800000000003,19665.049
18582.38,-129.66999999999825,19569.311
18582.39,-129.65999999999985,19856.623
18582.4,-129.64999999999782,20096.273
18582.41,-129.63999999999942,19952.459
18582.42,-129.63000000000102,19808.719
18582.43,-129.61999999999898,19665.049
18582.44,-129.61000000000058,19521.455
18582.45,-129.59999999999854,20048.328
18582.46,-129.59000000000015,19904.537
18582.47,-129.5799999999981,20336.127
18582.48,-129.5699999999997,20096.273
18582.49,-129.55999999999767,20192.191
18582.5,-129.54999999999927,20240.162
18582.51,-129.54000000000087,19617.176
18582.52,-129.52999999999884,19808.719
18582.53,-129.52000000000044,19665.049
18582.54,-129.5099999999984,19473.605
18582.55,-129.5,20000.389
18582.56,-129.48999999999796,20288.141
18582.57,-129.47999999999956,20432.125
18582.58,-129.46999999999753,20192.191
18582.59,-129.45999999999913,19952.459
18582.6,-129.45000000000073,19712.932
18582.61,-129.4399999999987,20048.328
18582.62,-129.4300000000003,19856.623
18582.63,-129.41999999999825,19808.719
18582.64,-129.40999999999985,20432.125
18582.65,-129.39999999999782,20192.191
18582.66,-129.38999999999942,20144.229
18582.67,-129.38000000000102,20048.328
18582.68,-129.36999999999898,20096.273
18582.69,-129.36000000000058,20192.191
18582.7,-129.34999999999854,20048.328
18582.71,-129.34000000000015,20096.273
18582.72,-129.3299999999981,19952.459
18582.73,-129.3199999999997,20096.273
18582.74,-129.30999999999767,20240.162
18582.75,-129.29999999999927,20048.328
18582.76,-129.29000000000087,19521.455
18582.77,-129.27999999999884,20192.191
18582.78,-129.27000000000044,20000.389
18582.79,-129.2599999999984,20000.389
18582.8,-129.25,20192.191
18582.81,-129.23999999999796,20192.191
18582.82,-129.22999999999956,20240.162
18582.83,-129.21999999999753,20336.127
18582.84,-129.20999999999913,20288.141
18582.85,-129.20000000000073,20240.162
18582.86,-129.1899999999987,20048.328
18582.87,-129.1800000000003,20048.328
18582.88,-129.16999999999825,20048.328
18582.89,-129.15999999999985,20240.162
18582.9,-129.14999999999782,20048.328
18582.91,-129.13999999999942,20288.141
18582.92,-129.13000000000102,19952.459
18582.93,-129.11999999999898,19904.537
18582.94,-129.11000000000058,19569.311
18582.95,-129.09999999999854,19856.623
18582.96,-129.09000000000015,19904.537
18582.97,-129.0799999999981,20144.229
18582.98,-129.0699999999997,20192.191
18582.99,-129.05999999999767,19904.537
18583.0,-129.04999999999927,19856.623
18583.01,-129.04000000000087,19425.766
18583.02,-129.02999999999884,20048.328
18583.03,-129.02000000000044,20048.328
18583.04,-129.0099999999984,20528.156
18583.05,-129.0,20336.127
18583.06,-128.98999999999796,19904.537
18583.07,-128.97999999999956,19904.537
18583.08,-128.96999999999753,20048.328
18583.09,-128.95999999999913,19904.537
18583.1,-128.95000000000073,20336.127
18583.11,-128.9399999999987,20288.141
18583.12,-128.9300000000003,20336.127
18583.13,-128.91999999999825,19712.932
18583.14,-128.90999999999985,19952.459
18583.15,-128.89999999999782,20192.191
18583.16,-128.88999999999942,20192.191
18583.17,-128.88000000000102,20192.191
18583.18,-128.86999999999898,19808.719
18583.19,-128.86000000000058,20000.389
18583.2,-128.84999999999854,19952.459
18583.21,-128.84000000000015,20096.273
18583.22,-128.8299999999981,19808.719
18583.23,-128.8199999999997,19952.459
18583.24,-128.80999999999767,19952.459
18583.25,-128.79999999999927,19952.459
18583.26,-128.79000000000087,19808.719
18583.27,-128.77999999999884,20096.273
18583.28,-128.77000000000044,20192.191
18583.29,-128.7599999999984,20192.191
18583.3,-128.75,20096.273
18583.31,-128.73999999999796,19712.932
18583.32,-128.72999999999956,19952.459
18583.33,-128.71999999999753,19808.719
18583.34,-128.70999999999913,20048.328
18583.35,-128.70000000000073,20144.229
18583.36,-128.6899999999987,20288.141
18583.37,-128.6800000000003,19952.459
18583.38,-128.66999999999825,19521.455
18583.39,-128.65999999999985,20000.389
18583.4,-128.64999999999782,20096.273
18583.41,-128.63999999999942,20144.229
18583.42,-128.63000000000102,20096.273
18583.43,-128.61999999999898,20192.191
18583.44,-128.61000000000058,20336.127
18583.45,-128.59999999999854,20432.125
18583.46,-128.59000000000015,20048.328
18583.47,-128.5799999999981,19952.459
18583.48,-128.5699999999997,19856.623
18583.49,-128.55999999999767,20144.229
18583.5,-128.54999999999927,20096.273
18583.51,-128.54000000000087,19904.537
18583.52,-128.52999999999884,19952.459
18583.53,-128.52000000000044,19665.049
18583.54,-128.5099999999984,19856.623
18583.55,-128.5,19952.459
18583.56,-128.48999999999796,20336.127
18583.57,-128.47999999999956,20096.273
18583.58,-128.46999999999753,20096.273
18583.59,-128.45999999999913,20288.141
18583.6,-128.45000000000073,20048.328
18583.61,-128.4399999999987,20048.328
18583.62,-128.4300000000003,19856.623
18583.63,-128.41999999999825,19808.719
18583.64,-128.40999999999985,19952.459
18583.65,-128.39999999999782,19904.537
18583.66,-128.38999999999942,20048.328
18583.67,-128.38000000000102,20048.328
18583.68,-128.36999999999898,19808.719
18583.69,-128.36000000000058,20144.229
18583.7,-128.34999999999854,20288.141
18583.71,-128.34000000000015,20288.141
18583.72,-128.3299999999981,19856.623
18583.73,-128.3199999999997,19856.623
18583.74,-128.30999999999767,20048.328
18583.75,-128.29999999999927,20144.229
18583.76,-128.29000000000087,19569.311
18583.77,-128.27999999999884,20048.328
18583.78,-128.27000000000044,20096.273
18583.79,-128.2599999999984,20000.389
18583.8,-128.25,19952.459
18583.81,-128.23999999999796,19856.623
18583.82,-128.22999999999956,20096.273
18583.83,-128.21999999999753,20192.191
18583.84,-128.20999999999913,19952.459
18583.85,-128.20000000000073,19904.537
18583.86,-128.1899999999987,20144.229
18583.87,-128.1800000000003,20144.229
18583.88,-128.16999999999825,20144.229
18583.89,-128.15999999999985,20096.273
18583.9,-128.14999999999782,20144.229
18583.91,-128.13999999999942,20336.127
18583.92,-128.13000000000102,20048.328
18583.93,-128.11999999999898,19952.459
18583.94,-128.11000000000058,19808.719
18583.95,-128.09999999999854,19952.459
18583.96,-128.09000000000015,20096.273
18583.97,-128.0799999999981,20000.389
18583.98,-128.0699999999997,20144.229
18583.99,-128.05999999999767,19856.623
18584.0,-128.04999999999927,20240.162
18584.01,-128.04000000000087,19760.82
18584.02,-128.02999999999884,20192.191
18584.03,-128.02000000000044,20384.121
18584.04,-128.0099999999984,20240.162
18584.05,-128.0,19856.623
18584.06,-127.98999999999796,19904.537
18584.07,-127.97999999999956,20048.328
18584.08,-127.96999999999753,20144.229
18584.09,-127.95999999999913,20240.162
18584.1,-127.95000000000073,20000.389
18584.11,-127.93999999999869,19904.537
18584.12,-127.93000000000029,20048.328
18584.13,-127.91999999999825,19712.932
18584.14,-127.90999999999985,19760.82
18584.15,-127.89999999999782,20240.162
18584.16,-127.88999999999942,19712.932
18584.17,-127.88000000000102,19808.719
18584.18,-127.86999999999898,20144.229
18584.19,-127.86000000000058,19760.82
18584.2,-127.84999999999854,20000.389
18584.21,-127.84000000000015,19665.049
18584.22,-127.82999999999811,19569.311
18584.23,-127.81999999999971,20096.273
18584.24,-127.80999999999767,20384.121
18584.25,-127.79999999999927,20384.121
18584.26,-127.79000000000087,19856.623
18584.27,-127.77999999999884,20000.389
18584.28,-127.77000000000044,19808.719
18584.29,-127.7599999999984,20048.328
18584.3,-127.75,19904.537
18584.31,-127.73999999999796,20384.121
18584.32,-127.72999999999956,19760.82
18584.33,-127.71999999999753,19760.82
18584.34,-127.70999999999913,19904.537
18584.35,-127.70000000000073,19760.82
18584.36,-127.68999999999869,20048.328
18584.37,-127.68000000000029,20864.52
18584.38,-127.66999999999825,20384.121
18584.39,-127.65999999999985,20672.262
18584.4,-127.64999999999782,20144.229
18584.41,-127.63999999999942,20048.328
18584.42,-127.63000000000102,19856.623
18584.43,-127.61999999999898,20048.328
18584.44,-127.61000000000058,20288.141
18584.45,-127.59999999999854,20384.121
18584.46,-127.59000000000015,20336.127
18584.47,-127.57999999999811,20144.229
18584.48,-127.56999999999971,20048.328
18584.49,-127.55999999999767,19904.537
18584.5,-127.54999999999927,19856.623
18584.51,-127.54000000000087,19617.176
18584.52,-127.52999999999884,20192.191
18584.53,-127.52000000000044,20240.162
18584.54,-127.5099999999984,20240.162
18584.55,-127.5,20336.127
18584.56,-127.48999999999796,20192.191
18584.57,-127.47999999999956,19904.537
18584.58,-127.46999999999753,20432.125
18584.59,-127.45999999999913,19952.459
18584.6,-127.45000000000073,19952.459
18584.61,-127.43999999999869,20096.273
18584.62,-127.43000000000029,20144.229
18584.63,-127.41999999999825,19808.719
18584.64,-127.40999999999985,20048.328
18584.65,-127.39999999999782,19904.537
18584.66,-127.38999999999942,20288.141
18584.67,-127.38000000000102,20384.121
18584.68,-127.36999999999898,20240.162
18584.69,-127.36000000000058,20240.162
18584.7,-127.34999999999854,20288.141
18584.71,-127.34000000000015,20096.273
18584.72,-127.32999999999811,19952.459
18584.73,-127.31999999999971,19952.459
18584.74,-127.30999999999767,20288.141
18584.75,-127.29999999999927,20144.229
18584.76,-127.29000000000087,19856.623
18584.77,-127.27999999999884,20192.191
18584.78,-127.27000000000044,19904.537
18584.79,-127.2599999999984,20192.191
18584.8,-127.25,20144.229
18584.81,-127.23999999999796,19760.82
18584.82,-127.22999999999956,19904.537
18584.83,-127.21999999999753,20624.219
18584.84,-127.20999999999913,20576.184
18584.85,-127.20000000000073,20048.328
18584.86,-127.18999999999869,20240.162
18584.87,-127.18000000000029,19856.623
18584.88,-127.16999999999825,20048.328
18584.89,-127.15999999999985,20384.121
18584.9,-127.14999999999782,20288.141
18584.91,-127.13999999999942,20432.125
18584.92,-127.13000000000102,20144.229
18584.93,-127.11999999999898,20240.162
18584.94,-127.11000000000058,19952.459
18584.95,-127.09999999999854,19760.82
18584.96,-127.09000000000015,20096.273
18584.97,-127.07999999999811,20336.127
18584.98,-127.06999999999971,20336.127
18584.99,-127.05999999999767,20240.162
18585.0,-127.04999999999927,20144.229
18585.01,-127.04000000000087,19617.176
18585.02,-127.02999999999884,20096.273
18585.03,-127.02000000000044,20000.389
18585.04,-127.0099999999984,19904.537
18585.05,-127.0,19952.459
18585.06,-126.98999999999796,20192.191
18585.07,-126.97999999999956,19904.537
18585.08,-126.96999999999753,19856.623
18585.09,-126.95999999999913,19952.459
18585.1,-126.95000000000073,20144.229
18585.11,-126.93999999999869,20336.127
18585.12,-126.93000000000029,20000.389
18585.13,-126.91999999999825,19521.455
18585.14,-126.90999999999985,19904.537
18585.15,-126.89999999999782,20000.389
18585.16,-126.88999999999942,20528.156
18585.17,-126.88000000000102,20576.184
18585.18,-126.86999999999898,20096.273
18585.19,-126.86000000000058,20000.389
18585.2,-126.84999999999854,19808.719
18585.21,-126.84000000000015,20528.156
18585.22,-126.82999999999811,20384.121
18585.23,-126.81999999999971,20192.191
18585.24,-126.80999999999767,20384.121
18585.25,-126.79999999999927,20144.229
18585.26,-126.79000000000087,19569.311
18585.27,-126.77999999999884,20048.328
18585.28,-126.77000000000044,20144.229
18585.29,-126.7599999999984,20000.389
18585.3,-126.75,19617.176
18585.31,-126.73999999999796,19425.766
18585.32,-126.72999999999956,19856.623
18585.33,-126.71999999999753,20960.695
18585.34,-126.70999999999913,21297.57
18585.35,-126.70000000000073,22069.064
18585.36,-126.68999999999869,23569.752
18585.37,-126.68000000000029,24298.695
18585.38,-126.66999999999825,24104.131
18585.39,-126.65999999999985,23569.752
18585.4,-126.64999999999782,23084.807
18585.41,-126.63999999999942,23036.357
18585.42,-126.63000000000102,23084.807
18585.43,-126.61999999999898,23278.688
18585.44,-126.61000000000058,23278.688
18585.45,-126.59999999999854,23521.223
18585.46,-126.59000000000015,23424.184
18585.47,-126.57999999999811,23521.223
18585.48,-126.56999999999971,23472.699
18585.49,-126.55999999999767,23084.807
18585.5,-126.54999999999927,23133.266
18585.51,-126.54000000000087,22745.828
18585.52,-126.52999999999884,23084.807
18585.53,-126.52000000000044,23375.678
18585.54,-126.5099999999984,23278.688
18585.55,-126.5,23181.73
18585.56,-126.48999999999796,22891.057
18585.57,-126.47999999999956,23084.807
18585.58,-126.46999999999753,23424.184
18585.59,-126.45999999999913,23715.395
18585.6,-126.45000000000073,23181.73
18585.61,-126.43999999999869,22987.916
18585.62,-126.43000000000029,23036.357
18585.63,-126.41999999999825,23084.807
18585.64,-126.40999999999985,23133.266
18585.65,-126.39999999999782,23327.178
18585.66,-126.38999999999942,23375.678
18585.67,-126.38000000000102,23569.752
18585.68,-126.36999999999898,23472.699
18585.69,-126.36000000000058,23084.807
18585.7,-126.34999999999854,22891.057
18585.71,-126.34000000000015,22987.916
18585.72,-126.32999999999811,22939.482
18585.73,-126.31999999999971,23133.266
18585.74,-126.30999999999767,23036.357
18585.75,-126.29999999999927,23181.73
18585.76,-126.29000000000087,23181.73
18585.77,-126.27999999999884,23666.84
18585.78,-126.27000000000044,23181.73
18585.79,-126.2599999999984,23521.223
18585.8,-126.25,22939.482
18585.81,-126.23999999999796,23036.357
18585.82,-126.22999999999956,23036.357
18585.83,-126.21999999999753,23327.178
18585.84,-126.20999999999913,23278.688
18585.85,-126.20000000000073,23278.688
18585.86,-126.18999999999869,23715.395
18585.87,-126.18000000000029,23424.184
18585.88,-126.16999999999825,22794.229
18585.89,-126.15999999999985,22891.057
18585.9,-126.14999999999782,23327.178
18585.91,-126.13999999999942,23036.357
18585.92,-126.13000000000102,23084.807
18585.93,-126.11999999999898,23084.807
18585.94,-126.11000000000058,23327.178
18585.95,-126.09999999999854,23230.205
18585.96,-126.09000000000015,23084.807
18585.97,-126.07999999999811,23133.266
18585.98,-126.06999999999971,23036.357
18585.99,-126.05999999999767,23472.699
18586.0,-126.04999999999927,23715.395
18586.01,-126.04000000000087,23036.357
18586.02,-126.02999999999884,23375.678
18586.03,-126.02000000000044,23084.807
18586.04,-126.0099999999984,23084.807
18586.05,-126.0,22987.916
18586.06,-125.98999999999796,22939.482
18586.07,-125.97999999999956,23133.266
18586.08,-125.96999999999753,23181.73
18586.09,-125.95999999999913,23278.688
18586.1,-125.95000000000073,23472.699
18586.11,-125.93999999999869,23036.357
18586.12,-125.93000000000029,23181.73
18586.13,-125.91999999999825,22697.436
18586.14,-125.90999999999985,23424.184
18586.15,-125.89999999999782,23763.959
18586.16,-125.88999999999942,23375.678
18586.17,-125.88000000000102,22891.057
18586.18,-125.86999999999898,22842.639
18586.19,-125.86000000000058,23230.205
18586.2,-125.84999999999854,23084.807
18586.21,-125.84000000000015,23084.807
18586.22,-125.82999999999811,23230.205
18586.23,-125.81999999999971,22987.916
18586.24,-125.80999999999767,23230.205
18586.25,-125.79999999999927,23084.807
18586.26,-125.79000000000087,22552.305
18586.27,-125.77999999999884,23230.205
18586.28,-125.77000000000044,23230.205
18586.29,-125.7599999999984,23084.807
18586.3,-125.75,23278.688
18586.31,-125.73999999999796,23084.807
18586.32,-125.72999999999956,23084.807
18586.33,-125.71999999999753,22891.057
18586.34,-125.70999999999913,22939.482
18586.35,-125.70000000000073,23472.699
18586.36,-125.68999999999869,23472.699
18586.37,-125.68000000000029,23230.205
18586.38,-125.66999999999825,23230.205
18586.39,-125.65999999999985,23521.223
18586.4,-125.64999999999782,23424.184
18586.41,-125.63999999999942,23036.357
18586.42,-125.63000000000102,23133.266
18586.43,-125.61999999999898,23084.807
18586.44,-125.61000000000058,23181.73
18586.45,-125.59999999999854,23084.807
18586.46,-125.59000000000015,22987.916
18586.47,-125.57999999999811,22503.943
18586.48,-125.56999999999971,22891.057
18586.49,-125.55999999999767,23036.357
18586.5,-125.54999999999927,23618.293
18586.51,-125.54000000000087,23715.395
18586.52,-125.52999999999884,23763.959
18586.53,-125.52000000000044,23181.73
18586.54,-125.5099999999984,22842.639
18586.55,-125.5,22891.057
18586.56,-125.48999999999796,22745.828
18586.57,-125.47999999999956,22794.229
18586.58,-125.46999999999753,22891.057
18586.59,-125.45999999999913,22794.229
18586.6,-125.45000000000073,23278.688
18586.61,-125.43999999999869,23230.205
18586.62,-125.43000000000029,22600.674
18586.63,-125.41999999999825,22745.828
18586.64,-125.40999999999985,23327.178
18586.65,-125.39999999999782,23084.807
18586.66,-125.38999999999942,22600.674
18586.67,-125.38000000000102,22745.828
18586.68,-125.36999999999898,22842.639
18586.69,-125.36000000000058,23181.73
18586.7,-125.34999999999854,23375.678
18586.71,-125.34000000000015,22987.916
18586.72,-125.32999999999811,22987.916
18586.73,-125.31999999999971,22697.436
18586.74,-125.30999999999767,22600.674
18586.75,-125.29999999999927,22697.436
18586.76,-125.29000000000087,22697.436
18586.77,-125.27999999999884,23230.205
18586.78,-125.27000000000044,22745.828
18586.79,-125.2599999999984,22842.639
18586.8,-125.25,23036.357
18586.81,-125.23999999999796,23084.807
18586.82,-125.22999999999956,23036.357
18586.83,-125.21999999999753,22697.436
18586.84,-125.20999999999913,22891.057
18586.85,-125.20000000000073,23084.807
18586.86,-125.18999999999869,22794.229
18586.87,-125.18000000000029,22842.639
18586.88,-125.16999999999825,23036.357
18586.89,-125.15999999999985,23521.223
18586.9,-125.14999999999782,23278.688
18586.91,-125.13999999999942,22842.639
18586.92,-125.13000000000102,22745.828
18586.93,-125.11999999999898,22649.051
18586.94,-125.11000000000058,22455.592
18586.95,-125.09999999999854,22552.305
18586.96,-125.09000000000015,22649.051
18586.97,-125.07999999999811,22891.057
18586.98,-125.06999999999971,23569.752
18586.99,-125.05999999999767,23424.184
18587.0,-125.04999999999927,23278.688
18587.01,-125.04000000000087,22407.248
18587.02,-125.02999999999884,22600.674
18587.03,-125.02000000000044,22745.828
18587.04,-125.0099999999984,22842.639
18587.05,-125.0,23133.266
18587.06,-124.98999999999796,23036.357
18587.07,-124.97999999999956,22939.482
18587.08,-124.96999999999753,22794.229
18587.09,-124.95999999999913,22745.828
18587.1,-124.95000000000073,22891.057
18587.11,-124.93999999999869,22939.482
18587.12,-124.93000000000029,23036.357
18587.13,-124.91999999999825,22842.639
18587.14,-124.90999999999985,23084.807
18587.15,-124.89999999999782,23181.73
18587.16,-124.88999999999942,22987.916
18587.17,-124.88000000000102,23084.807
18587.18,-124.86999999999898,23133.266
18587.19,-124.86000000000058,22794.229
18587.2,-124.84999999999854,22358.912
18587.21,-124.84000000000015,22310.584
18587.22,-124.82999999999811,22649.051
18587.23,-124.81999999999971,23036.357
18587.24,-124.80999999999767,23084.807
18587.25,-124.79999999999927,22939.482
18587.26,-124.79000000000087,22503.943
18587.27,-124.77999999999884,22697.436
18587.28,-124.77000000000044,23036.357
18587.29,-124.7599999999984,23278.688
18587.3,-124.75,22939.482
18587.31,-124.73999999999796,22987.916
18587.32,-124.72999999999956,23327.178
18587.33,-124.71999999999753,23278.688
18587.34,-124.70999999999913,22600.674
18587.35,-124.70000000000073,22987.916
18587.36,-124.68999999999869,22503.943
18587.37,-124.68000000000029,22310.584
18587.38,-124.66999999999825,22310.584
18587.39,-124.65999999999985,23084.807
18587.4,-124.64999999999782,23472.699
18587.41,-124.63999999999942,23084.807
18587.42,-124.63000000000102,23181.73
18587.43,-124.61999999999898,22939.482
18587.44,-124.61000000000058,22794.229
18587.45,-124.59999999999854,22697.436
18587.46,-124.59000000000015,22600.674
18587.47,-124.57999999999811,22794.229
18587.48,-124.56999999999971,22842.639
18587.49,-124.55999999999767,23084.807
18587.5,-124.54999999999927,23278.688
18587.51,-124.54000000000087,22794.229
18587.52,-124.52999999999884,23181.73
18587.53,-124.52000000000044,23181.73
18587.54,-124.5099999999984,22939.482
18587.55,-124.5,22649.051
18587.56,-124.48999999999796,22697.436
18587.57,-124.47999999999956,22891.057
18587.58,-124.46999999999753,23133.266
18587.59,-124.45999999999913,22987.916
18587.6,-124.45000000000073,22891.057
18587.61,-124.43999999999869,22842.639
18587.62,-124.43000000000029,23133.266
18587.63,-124.41999999999825,22891.057
18587.64,-124.40999999999985,23618.293
18587.65,-124.39999999999782,23958.295
18587.66,-124.38999999999942,23958.295
18587.67,-124.38000000000102,23327.178
18587.68,-124.36999999999898,23084.807
18587.69,-124.36000000000058,23230.205
18587.7,-124.34999999999854,23715.395
18587.71,-124.34000000000015,23084.807
18587.72,-124.32999999999811,23133.266
18587.73,-124.31999999999971,22745.828
18587.74,-124.30999999999767,23133.266
18587.75,-124.29999999999927,23521.223
18587.76,-124.29000000000087,22842.639
18587.77,-124.27999999999884,23327.178
18587.78,-124.27000000000044,23375.678
18587.79,-124.2599999999984,23181.73
18587.8,-124.25,23521.223
18587.81,-124.23999999999796,23327.178
18587.82,-124.22999999999956,23618.293
18587.83,-124.21999999999753,23521.223
18587.84,-124.20999999999913,23521.223
18587.85,-124.20000000000073,23230.205
18587.86,-124.18999999999869,23084.807
18587.87,-124.18000000000029,23424.184
18587.88,-124.16999999999825,23327.178
18587.89,-124.15999999999985,23909.699
18587.9,-124.14999999999782,23618.293
18587.91,-124.13999999999942,23521.223
18587.92,-124.13000000000102,23278.688
18587.93,-124.11999999999898,23084.807
18587.94,-124.11000000000058,23084.807
18587.95,-124.09999999999854,23084.807
18587.96,-124.09000000000015,23181.73
18587.97,-124.07999999999811,23521.223
18587.98,-124.06999999999971,23715.395
18587.99,-124.05999999999767,23327.178
18588.0,-124.04999999999927,23327.178
18588.01,-124.04000000000087,22794.229
18588.02,-124.02999999999884,23424.184
18588.03,-124.02000000000044,23472.699
18588.04,-124.0099999999984,23230.205
18588.05,-124.0,23521.223
18588.06,-123.98999999999796,23278.688
18588.07,-123.97999999999956,23278.688
18588.08,-123.96999999999753,23036.357
18588.09,-123.95999999999913,23375.678
18588.1,-123.95000000000073,23521.223
18588.11,-123.93999999999869,23569.752
18588.12,-123.93000000000029,23763.959
18588.13,-123.91999999999825,23812.531
18588.14,-123.90999999999985,23521.223
18588.15,-123.89999999999782,23327.178
18588.16,-123.88999999999942,23133.266
18588.17,-123.88000000000102,23181.73
18588.18,-123.86999999999898,23424.184
18588.19,-123.86000000000058,24006.898
18588.2,-123.84999999999854,23715.395
18588.21,-123.84000000000015,23618.293
18588.22,-123.82999999999811,23133.266
18588.23,-123.81999999999971,23327.178
18588.24,-123.80999999999767,23569.752
18588.25,-123.79999999999927,23618.293
18588.26,-123.79000000000087,23521.223
18588.27,-123.77999999999884,23327.178
18588.28,-123.77000000000044,23472.699
18588.29,-123.7599999999984,23812.531
18588.3,-123.75,23375.678
18588.31,-123.73999999999796,23230.205
18588.32,-123.72999999999956,23472.699
18588.33,-123.71999999999753,23327.178
18588.34,-123.70999999999913,22987.916
18588.35,-123.70000000000073,23521.223
18588.36,-123.68999999999869,23278.688
18588.37,-123.68000000000029,22987.916
18588.38,-123.66999999999825,23036.357
18588.39,-123.65999999999985,23618.293
18588.4,-123.64999999999782,23521.223
18588.41,-123.63999999999942,23472.699
18588.42,-123.63000000000102,23521.223
18588.43,-123.61999999999898,23666.84
18588.44,-123.61000000000058,24006.898
18588.45,-123.59999999999854,24201.396
18588.46,-123.59000000000015,23812.531
18588.47,-123.57999999999811,23181.73
18588.48,-123.56999999999971,23424.184
18588.49,-123.55999999999767,23472.699
18588.5,-123.54999999999927,23327.178
18588.51,-123.54000000000087,22891.057
18588.52,-123.52999999999884,23375.678
18588.53,-123.52000000000044,23472.699
18588.54,-123.5099999999984,23909.699
18588.55,-123.5,23909.699
18588.56,-123.48999999999796,23230.205
18588.57,-123.47999999999956,23327.178
18588.58,-123.46999999999753,23424.184
18588.59,-123.45999999999913,23472.699
18588.6,-123.45000000000073,23763.959
18588.61,-123.43999999999869,23569.752
18588.62,-123.43000000000029,23133.266
18588.63,-123.41999999999825,23230.205
18588.64,-123.40999999999985,23327.178
18588.65,-123.39999999999782,23521.223
18588.66,-123.38999999999942,23618.293
18588.67,-123.38000000000102,23618.293
18588.68,-123.36999999999898,23424.184
18588.69,-123.36000000000058,23327.178
18588.7,-123.34999999999854,23521.223
18588.71,-123.34000000000015,23763.959
18588.72,-123.32999999999811,23327.178
18588.73,-123.31999999999971,23618.293
18588.74,-123.30999999999767,23666.84
18588.75,-123.29999999999927,23375.678
18588.76,-123.29000000000087,22842.639
18588.77,-123.27999999999884,23472.699
18588.78,-123.27000000000044,23812.531
18588.79,-123.2599999999984,23958.295
18588.8,-123.25,23618.293
18588.81,-123.23999999999796,23375.678
18588.82,-123.22999999999956,23618.293
18588.83,-123.21999999999753,22939.482
18588.84,-123.20999999999913,23375.678
18588.85,-123.20000000000073,23230.205
18588.86,-123.18999999999869,23424.184
18588.87,-123.18000000000029,23715.395
18588.88,-123.16999999999825,23084.807
18588.89,-123.15999999999985,23424.184
18588.9,-123.14999999999782,23375.678
18588.91,-123.13999999999942,23666.84
18588.92,-123.13000000000102,23230.205
18588.93,-123.11999999999898,23133.266
18588.94,-123.11000000000058,23327.178
18588.95,-123.09999999999854,23375.678
18588.96,-123.09000000000015,23181.73
18588.97,-123.07999999999811,23327.178
18588.98,-123.06999999999971,23666.84
18588.99,-123.05999999999767,23278.688
18589.0,-123.04999999999927,23472.699
18589.01,-123.04000000000087,22842.639
18589.02,-123.02999999999884,23084.807
18589.03,-123.02000000000044,23424.184
18589.04,-123.0099999999984,23666.84
18589.05,-123.0,23618.293
18589.06,-122.98999999999796,23618.293
18589.07,-122.97999999999956,23133.266
18589.08,-122.96999999999753,23472.699
18589.09,-122.95999999999913,23472.699
18589.1,-122.95000000000073,23230.205
18589.11,-122.93999999999869,23181.73
18589.12,-122.93000000000029,23375.678
18589.13,-122.91999999999825,22891.057
18589.14,-122.90999999999985,22939.482
18589.15,-122.89999999999782,23133.266
18589.16,-122.88999999999942,23230.205
18589.17,-122.88000000000102,23327.178
18589.18,-122.86999999999898,23958.295
18589.19,-122.86000000000058,23812.531
18589.2,-122.84999999999854,23666.84
18589.21,-122.84000000000015,23278.688
18589.22,-122.82999999999811,23036.357
18589.23,-122.81999999999971,23036.357
18589.24,-122.80999999999767,23084.807
18589.25,-122.79999999999927,23133.266
18589.26,-122.79000000000087,22939.482
18589.27,-122.77999999999884,23278.688
18589.28,-122.77000000000044,23666.84
18589.29,-122.7599999999984,23763.959
18589.3,-122.75,23618.293
18589.31,-122.73999999999796,23375.678
18589.32,-122.72999999999956,23084.807
18589.33,-122.71999999999753,22891.057
18589.34,-122.70999999999913,23278.688
18589.35,-122.70000000000073,23521.223
18589.36,-122.68999999999869,23375.678
18589.37,-122.68000000000029,23472.699
18589.38,-122.66999999999825,23375.678
18589.39,-122.65999999999985,23327.178
18589.4,-122.64999999999782,23375.678
18589.41,-122.63999999999942,23569.752
18589.42,-122.63000000000102,23424.184
18589.43,-122.61999999999898,23521.223
18589.44,-122.61000000000058,23472.699
18589.45,-122.59999999999854,23618.293
18589.46,-122.59000000000015,23521.223
18589.47,-122.57999999999811,23472.699
18589.48,-122.56999999999971,23327.178
18589.49,-122.55999999999767,23084.807
18589.5,-122.54999999999927,23278.688
18589.51,-122.54000000000087,23084.807
18589.52,-122.52999999999884,23375.678
18589.53,-122.52000000000044,23278.688
18589.54,-122.5099999999984,23133.266
18589.55,-122.5,22891.057
18589.56,-122.48999999999796,22794.229
18589.57,-122.47999999999956,23084.807
18589.58,-122.46999999999753,23375.678
18589.59,-122.45999999999913,23472.699
18589.6,-122.45000000000073,23618.293
18589.61,-122.43999999999869,23521.223
18589.62,-122.43000000000029,23327.178
18589.63,-122.41999999999825,23181.73
18589.64,-122.40999999999985,23424.184
18589.65,-122.39999999999782,23084.807
18589.66,-122.38999999999942,23424.184
18589.67,-122.38000000000102,23084.807
18589.68,-122.36999999999898,23909.699
18589.69,-122.36000000000058,23715.395
18589.7,-122.34999999999854,23569.752
18589.71,-122.34000000000015,23472.699
18589.72,-122.32999999999811,23424.184
18589.73,-122.31999999999971,23133.266
18589.74,-122.30999999999767,23424.184
18589.75,-122.29999999999927,23569.752
18589.76,-122.29000000000087,23327.178
18589.77,-122.27999999999884,23715.395
18589.78,-122.27000000000044,23861.109
18589.79,-122.2599999999984,23569.752
18589.8,-122.25,23084.807
18589.81,-122.23999999999796,22939.482
18589.82,-122.22999999999956,23133.266
18589.83,-122.21999999999753,23181.73
18589.84,-122.20999999999913,23375.678
18589.85,-122.20000000000073,23327.178
18589.86,-122.18999999999869,23133.266
18589.87,-122.18000000000029,23521.223
18589.88,-122.16999999999825,23327.178
18589.89,-122.15999999999985,23715.395
18589.9,-122.14999999999782,23521.223
18589.91,-122.13999999999942,23472.699
18589.92,-122.13000000000102,23327.178
18589.93,-122.11999999999898,23181.73
18589.94,-122.11000000000058,23327.178
18589.95,-122.09999999999854,23084.807
18589.96,-122.09000000000015,23327.178
18589.97,-122.07999999999811,23521.223
18589.98,-122.06999999999971,23715.395
18589.99,-122.05999999999767,23569.752
18590.0,-122.04999999999927,23084.807
18590.01,-122.04000000000087,22842.639
18590.02,-122.02999999999884,23230.205
18590.03,-122.02000000000044,23084.807
18590.04,-122.0099999999984,23375.678
18590.05,-122.0,23861.109
18590.06,-121.98999999999796,23812.531
18590.07,-121.97999999999956,23375.678
18590.08,-121.96999999999753,22891.057
18590.09,-121.95999999999913,23036.357
18590.1,-121.95000000000073,23084.807
18590.11,-121.93999999999869,23375.678
18590.12,-121.93000000000029,23763.959
18590.13,-121.91999999999825,23618.293
18590.14,-121.90999999999985,23715.395
18590.15,-121.89999999999782,23666.84
18590.16,-121.88999999999942,23569.752
18590.17,-121.88000000000102,23666.84
18590.18,-121.86999999999898,23181.73
18590.19,-121.86000000000058,22697.436
18590.2,-121.84999999999854,23084.807
18590.21,-121.84000000000015,23133.266
18590.22,-121.82999999999811,22987.916
18590.23,-121.81999999999971,23133.266
18590.24,-121.80999999999767,23327.178
18590.25,-121.79999999999927,23472.699
18590.26,-121.79000000000087,22939.482
18590.27,-121.77999999999884,23036.357
18590.28,-121.77000000000044,23036.357
18590.29,-121.7599999999984,23278.688
18590.3,-121.75,23569.752
18590.31,-121.73999999999796,23521.223
18590.32,-121.72999999999956,23181.73
18590.33,-121.71999999999753,23278.688
18590.34,-121.70999999999913,23278.688
18590.35,-121.70000000000073,23569.752
18590.36,-121.68999999999869,23472.699
18590.37,-121.68000000000029,23181.73
18590.38,-121.66999999999825,23278.688
18590.39,-121.65999999999985,23424.184
18590.4,-121.64999999999782,23327.178
18590.41,-121.63999999999942,23424.184
18590.42,-121.63000000000102,23521.223
18590.43,-121.61999999999898,23181.73
18590.44,-121.61000000000058,23036.357
18590.45,-121.59999999999854,23327.178
18590.46,-121.59000000000015,23181.73
18590.47,-121.57999999999811,23472.699
18590.48,-121.56999999999971,23618.293
18590.49,-121.55999999999767,23375.678
18590.5,-121.54999999999927,23375.678
18590.51,-121.54000000000087,23084.807
18590.52,-121.52999999999884,23521.223
18590.53,-121.52000000000044,23521.223
18590.54,-121.5099999999984,23278.688
18590.55,-121.5,23133.266
18590.56,-121.48999999999796,23424.184
18590.57,-121.47999999999956,23278.688
18590.58,-121.46999999999753,23084.807
18590.59,-121.45999999999913,23327.178
18590.6,-121.45000000000073,23278.688
18590.61,-121.43999999999869,22697.436
18590.62,-121.43000000000029,23133.266
18590.63,-121.41999999999825,23181.73
18590.64,-121.40999999999985,23569.752
18590.65,-121.39999999999782,23424.184
18590.66,-121.38999999999942,23424.184
18590.67,-121.38000000000102,23472.699
18590.68,-121.36999999999898,23424.184
18590.69,-121.36000000000058,22891.057
18590.7,-121.34999999999854,23036.357
18590.71,-121.34000000000015,23133.266
18590.72,-121.32999999999811,23278.688
18590.73,-121.31999999999971,23569.752
18590.74,-121.30999999999767,23666.84
18590.75,-121.29999999999927,23375.678
18590.76,-121.29000000000087,22697.436
18590.77,-121.27999999999884,22939.482
18590.78,-121.27000000000044,23133.266
18590.79,-121.2599999999984,23618.293
18590.8,-121.25,23327.178
18590.81,-121.23999999999796,23763.959
18590.82,-121.22999999999956,23715.395
18590.83,-121.21999999999753,23327.178
18590.84,-121.20999999999913,23521.223
18590.85,-121.20000000000073,23375.678
18590.86,-121.18999999999869,23424.184
18590.87,-121.18000000000029,23278.688
18590.88,-121.16999999999825,23036.357
18590.89,-121.15999999999985,22891.057
18590.9,-121.14999999999782,22987.916
18590.91,-121.13999999999942,23424.184
18590.92,-121.13000000000102,23569.752
18590.93,-121.11999999999898,23763.959
18590.94,-121.11000000000058,23375.678
18590.95,-121.09999999999854,23278.688
18590.96,-121.09000000000015,23278.688
18590.97,-121.07999999999811,23618.293
18590.98,-121.06999999999971,23084.807
18590.99,-121.05999999999767,23036.357
18591.0,-121.04999999999927,23036.357
18591.01,-121.04000000000087,23036.357
18591.02,-121.02999999999884,23618.293
18591.03,-121.02000000000044,23278.688
18591.04,-121.0099999999984,24055.512
18591.05,-121.0,23958.295
18591.06,-120.98999999999796,23569.752
18591.07,-120.97999999999956,23861.109
18591.08,-120.96999999999753,23666.84
18591.09,-120.95999999999913,23521.223
18591.1,-120.95000000000073,23424.184
18591.11,-120.93999999999869,22939.482
18591.12,-120.93000000000029,22891.057
18591.13,-120.91999999999825,22987.916
18591.14,-120.90999999999985,23715.395
18591.15,-120.89999999999782,23278.688
18591.16,-120.88999999999942,23084.807
18591.17,-120.88000000000102,23375.678
18591.18,-120.86999999999898,22987.916
18591.19,-120.86000000000058,23230.205
18591.2,-120.84999999999854,23618.293
18591.21,-120.84000000000015,23278.688
18591.22,-120.82999999999811,22891.057
18591.23,-120.81999999999971,23133.266
18591.24,-120.80999999999767,23181.73
18591.25,-120.79999999999927,22987.916
18591.26,-120.79000000000087,23084.807
18591.27,-120.77999999999884,23230.205
18591.28,-120.77000000000044,23181.73
18591.29,-120.7599999999984,23472.699
18591.3,-120.75,23715.395
18591.31,-120.73999999999796,23715.395
18591.32,-120.72999999999956,23909.699
18591.33,-120.71999999999753,23909.699
18591.34,-120.70999999999913,23569.752
18591.35,-120.70000000000073,23327.178
18591.36,-120.68999999999869,22794.229
18591.37,-120.68000000000029,22939.482
18591.38,-120.66999999999825,22407.248
18591.39,-120.65999999999985,23375.678
18591.4,-120.64999999999782,23618.293
18591.41,-120.63999999999942,23715.395
18591.42,-120.63000000000102,23375.678
18591.43,-120.61999999999898,23375.678
18591.44,-120.61000000000058,23569.752
18591.45,-120.59999999999854,23133.266
18591.46,-120.59000000000015,22891.057
18591.47,-120.57999999999811,22745.828
18591.48,-120.56999999999971,22794.229
18591.49,-120.55999999999767,23715.395
18591.5,-120.54999999999927,23958.295
18591.51,-120.54000000000087,23278.688
18591.52,-120.52999999999884,23375.678
18591.53,-120.52000000000044,22987.916
18591.54,-120.5099999999984,22891.057
18591.55,-120.5,23375.678
18591.56,-120.48999999999796,23424.184
18591.57,-120.47999999999956,23230.205
18591.58,-120.46999999999753,23569.752
18591.59,-120.45999999999913,23424.184
18591.6,-120.45000000000073,23084.807
18591.61,-120.43999999999869,23133.266
18591.62,-120.43000000000029,23424.184
18591.63,-120.41999999999825,23715.395
18591.64,-120.40999999999985,23618.293
18591.65,-120.39999999999782,23424.184
18591.66,-120.38999999999942,23472.699
18591.67,-120.38000000000102,23133.266
18591.68,-120.36999999999898,23230.205
18591.69,-120.36000000000058,23618.293
18591.7,-120.34999999999854,23424.184
18591.71,-120.34000000000015,23327.178
18591.72,-120.32999999999811,23084.807
18591.73,-120.31999999999971,22794.229
18591.74,-120.30999999999767,22987.916
18591.75,-120.29999999999927,23133.266
18591.76,-120.29000000000087,23278.688
18591.77,-120.27999999999884,23715.395
18591.78,-120.27000000000044,23521.223
18591.79,-120.2599999999984,23472.699
18591.8,-120.25,23133.266
18591.81,-120.23999999999796,23424.184
18591.82,-120.22999999999956,23084.807
18591.83,-120.21999999999753,23327.178
18591.84,-120.20999999999913,23569.752
18591.85,-120.20000000000073,23278.688
18591.86,-120.18999999999869,23472.699
18591.87,-120.18000000000029,23472.699
18591.88,-120.16999999999825,23375.678
18591.89,-120.15999999999985,23763.959
18591.9,-120.14999999999782,23472.699
18591.91,-120.13999999999942,23521.223
18591.92,-120.13000000000102,23521.223
18591.93,-120.11999999999898,23036.357
18591.94,-120.11000000000058,23181.73
18591.95,-120.09999999999854,23569.752
18591.96,-120.09000000000015,23375.678
18591.97,-120.07999999999811,23084.807
18591.98,-120.06999999999971,23181.73
18591.99,-120.05999999999767,23521.223
18592.0,-120.04999999999927,23521.223
18592.01,-120.04000000000087,23230.205
18592.02,-120.02999999999884,23424.184
18592.03,-120.02000000000044,23375.678
18592.04,-120.0099999999984,23569.752
18592.05,-120.0,23472.699
18592.06,-119.98999999999796,23327.178
18592.07,-119.97999999999956,23812.531
18592.08,-119.96999999999753,23472.699
18592.09,-119.95999999999913,23521.223
18592.1,-119.95000000000073,23278.688
18592.11,-119.93999999999869,22891.057
18592.12,-119.93000000000029,22939.482
18592.13,-119.91999999999825,22649.051
18592.14,-119.90999999999985,23084.807
18592.15,-119.89999999999782,23569.752
18592.16,-119.88999999999942,23521.223
18592.17,-119.88000000000102,23861.109
18592.18,-119.86999999999898,23472.699
18592.19,-119.86000000000058,23327.178
18592.2,-119.84999999999854,23618.293
18592.21,-119.84000000000015,23666.84
18592.22,-119.82999999999811,23715.395
18592.23,-119.81999999999971,23521.223
18592.24,-119.80999999999767,23375.678
18592.25,-119.79999999999927,23618.293
18592.26,-119.79000000000087,23424.184
18592.27,-119.77999999999884,23278.688
18592.28,-119.77000000000044,23278.688
18592.29,-119.7599999999984,23472.699
18592.3,-119.75,23327.178
18592.31,-119.73999999999796,23133.266
18592.32,-119.72999999999956,23230.205
18592.33,-119.71999999999753,23472.699
18592.34,-119.70999999999913,23084.807
18592.35,-119.70000000000073,22891.057
18592.36,-119.68999999999869,23084.807
18592.37,-119.68000000000029,23133.266
18592.38,-119.66999999999825,23230.205
18592.39,-119.65999999999985,23375.678
18592.4,-119.64999999999782,23472.699
18592.41,-119.63999999999942,23569.752
18592.42,-119.63000000000102,23472.699
18592.43,-119.61999999999898,23424.184
18592.44,-119.61000000000058,23327.178
18592.45,-119.59999999999854,23036.357
18592.46,-119.59000000000015,23036.357
18592.47,-119.57999999999811,23181.73
18592.48,-119.56999999999971,23084.807
18592.49,-119.55999999999767,23424.184
18592.5,-119.54999999999927,23763.959
18592.51,-119.54000000000087,23278.688
18592.52,-119.52999999999884,23278.688
18592.53,-119.52000000000044,23230.205
18592.54,-119.5099999999984,23278.688
18592.55,-119.5,23327.178
18592.56,-119.48999999999796,23181.73
18592.57,-119.47999999999956,23278.688
18592.58,-119.46999999999753,23278.688
18592.59,-119.45999999999913,23278.688
18592.6,-119.45000000000073,23521.223
18592.61,-119.43999999999869,22891.057
18592.62,-119.43000000000029,22842.639
18592.63,-119.41999999999825,22987.916
18592.64,-119.40999999999985,23569.752
18592.65,-119.39999999999782,23569.752
18592.66,-119.38999999999942,23958.295
18592.67,-119.38000000000102,23521.223
18592.68,-119.36999999999898,23278.688
18592.69,-119.36000000000058,23278.688
18592.7,-119.34999999999854,22842.639
18592.71,-119.34000000000015,22939.482
18592.72,-119.32999999999811,23327.178
18592.73,-119.31999999999971,23569.752
18592.74,-119.30999999999767,23327.178
18592.75,-119.29999999999927,23327.178
18592.76,-119.29000000000087,22697.436
18592.77,-119.27999999999884,23036.357
18592.78,-119.27000000000044,23569.752
18592.79,-119.2599999999984,23812.531
18592.8,-119.25,23763.959
18592.81,-119.23999999999796,23472.699
18592.82,-119.22999999999956,23084.807
18592.83,-119.21999999999753,23181.73
18592.84,-119.20999999999913,23521.223
18592.85,-119.20000000000073,23472.699
18592.86,-119.18999999999869,22987.916
18592.87,-119.18000000000029,22939.482
18592.88,-119.16999999999825,22987.916
18592.89,-119.15999999999985,23327.178
18592.9,-119.14999999999782,23666.84
18592.91,-119.13999999999942,23472.699
18592.92,-119.13000000000102,23424.184
18592.93,-119.11999999999898,23327.178
18592.94,-119.11000000000058,23181.73
18592.95,-119.09999999999854,23424.184
18592.96,-119.09000000000015,23327.178
18592.97,-119.07999999999811,23472.699
18592.98,-119.06999999999971,23084.807
18592.99,-119.05999999999767,23327.178
18593.0,-119.04999999999927,23230.205
18593.01,-119.04000000000087,23472.699
18593.02,-119.02999999999884,23424.184
18593.03,-119.02000000000044,23230.205
18593.04,-119.0099999999984,23133.266
18593.05,-119.0,23133.266
18593.06,-118.98999999999796,23230.205
18593.07,-118.97999999999956,23278.688
18593.08,-118.96999999999753,23521.223
18593.09,-118.95999999999913,23375.678
18593.1,-118.95000000000073,23084.807
18593.11,-118.93999999999869,23327.178
18593.12,-118.93000000000029,23472.699
18593.13,-118.91999999999825,23084.807
18593.14,-118.90999999999985,23424.184
18593.15,-118.89999999999782,23327.178
18593.16,-118.88999999999942,23666.84
18593.17,-118.88000000000102,24055.512
18593.18,-118.86999999999898,23569.752
18593.19,-118.86000000000058,23278.688
18593.2,-118.84999999999854,23521.223
18593.21,-118.84000000000015,23521.223
18593.22,-118.82999999999811,23521.223
18593.23,-118.81999999999971,23084.807
18593.24,-118.80999999999767,22987.916
18593.25,-118.79999999999927,22939.482
18593.26,-118.79000000000087,22987.916
18593.27,-118.77999999999884,23327.178
18593.28,-118.77000000000044,23375.678
18593.29,-118.7599999999984,23715.395
18593.3,-118.75,23715.395
18593.31,-118.73999999999796,23618.293
18593.32,-118.72999999999956,23133.266
18593.33,-118.71999999999753,22600.674
18593.34,-118.70999999999913,23424.184
18593.35,-118.70000000000073,23424.184
18593.36,-118.68999999999869,24152.76
18593.37,-118.68000000000029,24055.512
18593.38,-118.66999999999825,23036.357
18593.39,-118.65999999999985,23424.184
18593.4,-118.64999999999782,23472.699
18593.41,-118.63999999999942,23618.293
18593.42,-118.63000000000102,23472.699
18593.43,-118.61999999999898,23327.178
18593.44,-118.61000000000058,23084.807
18593.45,-118.59999999999854,23327.178
18593.46,-118.59000000000015,23472.699
18593.47,-118.57999999999811,22794.229
18593.48,-118.56999999999971,22987.916
18593.49,-118.55999999999767,23375.678
18593.5,-118.54999999999927,23327.178
18593.51,-118.54000000000087,22987.916
18593.52,-118.52999999999884,23812.531
18593.53,-118.52000000000044,23861.109
18593.54,-118.5099999999984,23618.293
18593.55,-118.5,23715.395
18593.56,-118.48999999999796,23181.73
18593.57,-118.47999999999956,23084.807
18593.58,-118.46999999999753,23472.699
18593.59,-118.45999999999913,23521.223
18593.6,-118.45000000000073,23375.678
18593.61,-118.43999999999869,23569.752
18593.62,-118.43000000000029,23569.752
18593.63,-118.41999999999825,23133.266
18593.64,-118.40999999999985,23084.807
18593.65,-118.39999999999782,23327.178
18593.66,-118.38999999999942,23327.178
18593.67,-118.38000000000102,23084.807
18593.68,-118.36999999999898,23375.678
18593.69,-118.36000000000058,23278.688
18593.7,-118.34999999999854,23715.395
18593.71,-118.34000000000015,23472.699
18593.72,-118.32999999999811,23812.531
18593.73,-118.31999999999971,23521.223
18593.74,-118.30999999999767,23084.807
18593.75,-118.29999999999927,23424.184
18593.76,-118.29000000000087,23084.807
18593.77,-118.27999999999884,23327.178
18593.78,-118.27000000000044,23424.184
18593.79,-118.2599999999984,23327.178
18593.8,-118.25,23327.178
18593.81,-118.23999999999796,23036.357
18593.82,-118.22999999999956,22939.482
18593.83,-118.21999999999753,23472.699
18593.84,-118.20999999999913,23472.699
18593.85,-118.20000000000073,23327.178
18593.86,-118.18999999999869,23424.184
18593.87,-118.18000000000029,23763.959
18593.88,-118.16999999999825,23375.678
18593.89,-118.15999999999985,23569.752
18593.9,-118.14999999999782,23181.73
18593.91,-118.13999999999942,22987.916
18593.92,-118.13000000000102,23278.688
18593.93,-118.11999999999898,23715.395
18593.94,-118.11000000000058,23666.84
18593.95,-118.09999999999854,23569.752
18593.96,-118.09000000000015,23084.807
18593.97,-118.07999999999811,23084.807
18593.98,-118.06999999999971,23084.807
18593.99,-118.05999999999767,23375.678
18594.0,-118.04999999999927,23375.678
18594.01,-118.04000000000087,22987.916
18594.02,-118.02999999999884,23230.205
18594.03,-118.02000000000044,23763.959
18594.04,-118.0099999999984,23521.223
18594.05,-118.0,23375.678
18594.06,-117.98999999999796,22987.916
18594.07,-117.97999999999956,23133.266
18594.08,-117.96999999999753,23375.678
18594.09,-117.95999999999913,23472.699
18594.1,-117.95000000000073,23327.178
18594.11,-117.93999999999869,23084.807
18594.12,-117.93000000000029,23521.223
18594.13,-117.91999999999825,23278.688
18594.14,-117.90999999999985,23278.688
18594.15,-117.89999999999782,23521.223
18594.16,-117.88999999999942,23569.752
18594.17,-117.88000000000102,23666.84
18594.18,-117.86999999999898,23763.959
18594.19,-117.86000000000058,23521.223
18594.2,-117.84999999999854,23230.205
18594.21,-117.84000000000015,23278.688
18594.22,-117.82999999999811,23521.223
18594.23,-117.81999999999971,23569.752
18594.24,-117.80999999999767,23230.205
18594.25,-117.79999999999927,23472.699
18594.26,-117.79000000000087,22987.916
18594.27,-117.77999999999884,23375.678
18594.28,-117.77000000000044,23375.678
18594.29,-117.7599999999984,23036.357
18594.3,-117.75,23472.699
18594.31,-117.73999999999796,23666.84
18594.32,-117.72999999999956,23812.531
18594.33,-117.71999999999753,22987.916
18594.34,-117.70999999999913,23278.688
18594.35,-117.70000000000073,23618.293
18594.36,-117.68999999999869,23521.223
18594.37,-117.68000000000029,23521.223
18594.38,-117.66999999999825,22842.639
18594.39,-117.65999999999985,23278.688
18594.4,-117.64999999999782,23327.178
18594.41,-117.63999999999942,23084.807
18594.42,-117.63000000000102,23715.395
18594.43,-117.61999999999898,23472.699
18594.44,-117.61000000000058,23472.699
18594.45,-117.59999999999854,23763.959
18594.46,-117.59000000000015,23569.752
18594.47,-117.57999999999811,23472.699
18594.48,-117.56999999999971,23472.699
18594.49,-117.55999999999767,23618.293
18594.5,-117.54999999999927,23569.752
18594.51,-117.54000000000087,22697.436
18594.52,-117.52999999999884,23181.73
18594.53,-117.52000000000044,23181.73
18594.54,-117.5099999999984,23084.807
18594.55,-117.5,22987.916
18594.56,-117.48999999999796,22842.639
18594.57,-117.47999999999956,22600.674
18594.58,-117.46999999999753,22939.482
18594.59,-117.45999999999913,22794.229
18594.6,-117.45000000000073,23084.807
18594.61,-117.43999999999869,23181.73
18594.62,-117.43000000000029,23230.205
18594.63,-117.41999999999825,22891.057
18594.64,-117.40999999999985,23472.699
18594.65,-117.39999999999782,23278.688
18594.66,-117.38999999999942,23278.688
18594.67,-117.38000000000102,23133.266
18594.68,-117.36999999999898,23375.678
18594.69,-117.36000000000058,23084.807
18594.7,-117.34999999999854,22503.943
18594.71,-117.34000000000015,22891.057
18594.72,-117.32999999999811,22503.943
18594.73,-117.31999999999971,22697.436
18594.74,-117.30999999999767,23133.266
18594.75,-117.29999999999927,23424.184
18594.76,-117.29000000000087,23375.678
18594.77,-117.27999999999884,23472.699
18594.78,-117.27000000000044,23036.357
18594.79,-117.2599999999984,23472.699
18594.8,-117.25,23666.84
18594.81,-117.23999999999796,23036.357
18594.82,-117.22999999999956,23133.266
18594.83,-117.21999999999753,22649.051
18594.84,-117.20999999999913,22842.639
18594.85,-117.20000000000073,22842.639
18594.86,-117.18999999999869,22891.057
18594.87,-117.18000000000029,23181.73
18594.88,-117.16999999999825,23036.357
18594.89,-117.15999999999985,23278.688
18594.9,-117.14999999999782,23327.178
18594.91,-117.13999999999942,22939.482
18594.92,-117.13000000000102,23036.357
18594.93,-117.11999999999898,23181.73
18594.94,-117.11000000000058,23472.699
18594.95,-117.09999999999854,23424.184
18594.96,-117.09000000000015,23084.807
18594.97,-117.07999999999811,23133.266
18594.98,-117.06999999999971,22987.916
18594.99,-117.05999999999767,22987.916
18595.0,-117.04999999999927,23133.266
18595.01,-117.04000000000087,22697.436
18595.02,-117.02999999999884,22987.916
18595.03,-117.02000000000044,23133.266
18595.04,-117.0099999999984,23472.699
18595.05,-117.0,23569.752
18595.06,-116.98999999999796,23472.699
18595.07,-116.97999999999956,23278.688
18595.08,-116.96999999999753,23375.678
18595.09,-116.95999999999913,23618.293
18595.1,-116.95000000000073,23569.752
18595.11,-116.93999999999869,23521.223
18595.12,-116.93000000000029,23763.959
18595.13,-116.91999999999825,23472.699
18595.14,-116.90999999999985,23472.699
18595.15,-116.89999999999782,23084.807
18595.16,-116.88999999999942,23375.678
18595.17,-116.88000000000102,23375.678
18595.18,-116.86999999999898,23084.807
18595.19,-116.86000000000058,23181.73
18595.2,-116.84999999999854,23084.807
18595.21,-116.84000000000015,23230.205
18595.22,-116.82999999999811,23278.688
18595.23,-116.81999999999971,23472.699
18595.24,-116.80999999999767,23715.395
18595.25,-116.79999999999927,23375.678
18595.26,-116.79000000000087,23133.266
18595.27,-116.77999999999884,23424.184
18595.28,-116.77000000000044,23618.293
18595.29,-116.7599999999984,23666.84
18595.3,-116.75,23084.807
18595.31,-116.73999999999796,22891.057
18595.32,-116.72999999999956,23230.205
18595.33,-116.71999999999753,23375.678
18595.34,-116.70999999999913,23230.205
18595.35,-116.70000000000073,23133.266
18595.36,-116.68999999999869,22939.482
18595.37,-116.68000000000029,23133.266
18595.38,-116.66999999999825,23327.178
18595.39,-116.65999999999985,23472.699
18595.4,-116.64999999999782,23861.109
18595.41,-116.63999999999942,24347.355
18595.42,-116.63000000000102,23812.531
18595.43,-116.61999999999898,23424.184
18595.44,-116.61000000000058,23230.205
18595.45,-116.59999999999854,22987.916
18595.46,-116.59000000000015,23133.266
18595.47,-116.57999999999811,23472.699
18595.48,-116.56999999999971,23909.699
18595.49,-116.55999999999767,23909.699
18595.5,-116.54999999999927,23084.807
18595.51,-116.54000000000087,23036.357
18595.52,-116.52999999999884,23472.699
18595.53,-116.52000000000044,23230.205
18595.54,-116.5099999999984,23084.807
18595.55,-116.5,23181.73
18595.56,-116.48999999999796,23230.205
18595.57,-116.47999999999956,23133.266
18595.58,-116.46999999999753,22987.916
18595.59,-116.45999999999913,23278.688
18595.6,-116.45000000000073,23327.178
18595.61,-116.43999999999869,23521.223
18595.62,-116.43000000000029,23666.84
18595.63,-116.41999999999825,23715.395
18595.64,-116.40999999999985,23666.84
18595.65,-116.39999999999782,23569.752
18595.66,-116.38999999999942,23375.678
18595.67,-116.38000000000102,23181.73
18595.68,-116.36999999999898,23084.807
18595.69,-116.36000000000058,23084.807
18595.7,-116.34999999999854,22939.482
18595.71,-116.34000000000015,22987.916
18595.72,-116.32999999999811,23084.807
18595.73,-116.31999999999971,23424.184
18595.74,-116.30999999999767,23278.688
18595.75,-116.29999999999927,23181.73
18595.76,-116.29000000000087,22745.828
18595.77,-116.27999999999884,23181.73
18595.78,-116.27000000000044,23181.73
18595.79,-116.2599999999984,23133.266
18595.8,-116.25,23472.699
18595.81,-116.23999999999796,23181.73
18595.82,-116.22999999999956,23230.205
18595.83,-116.21999999999753,22697.436
18595.84,-116.20999999999913,22891.057
18595.85,-116.20000000000073,23181.73
18595.86,-116.18999999999869,23084.807
18595.87,-116.18000000000029,22842.639
18595.88,-116.16999999999825,22794.229
18595.89,-116.15999999999985,23521.223
18595.9,-116.14999999999782,23472.699
18595.91,-116.13999999999942,23230.205
18595.92,-116.13000000000102,22891.057
18595.93,-116.11999999999898,22794.229
18595.94,-116.11000000000058,23133.266
18595.95,-116.09999999999854,23424.184
18595.96,-116.09000000000015,23181.73
18595.97,-116.07999999999811,22939.482
18595.98,-116.06999999999971,23230.205
18595.99,-116.05999999999767,22939.482
18596.0,-116.04999999999927,22987.916
18596.01,-116.04000000000087,22987.916
18596.02,-116.02999999999884,22697.436
18596.03,-116.02000000000044,23327.178
18596.04,-116.0099999999984,23181.73
18596.05,-116.0,23084.807
18596.06,-115.98999999999796,23181.73
18596.07,-115.97999999999956,23133.266
18596.08,-115.96999999999753,23230.205
18596.09,-115.95999999999913,23084.807
18596.1,-115.95000000000073,23424.184
18596.11,-115.93999999999869,23278.688
18596.12,-115.93000000000029,23327.178
18596.13,-115.91999999999825,22939.482
18596.14,-115.90999999999985,22842.639
18596.15,-115.89999999999782,23133.266
18596.16,-115.88999999999942,23230.205
18596.17,-115.88000000000102,23569.752
18596.18,-115.86999999999898,23181.73
18596.19,-115.86000000000058,23084.807
18596.2,-115.84999999999854,22939.482
18596.21,-115.84000000000015,23133.266
18596.22,-115.82999999999811,22794.229
18596.23,-115.81999999999971,22987.916
18596.24,-115.80999999999767,23521.223
18596.25,-115.79999999999927,23521.223
18596.26,-115.79000000000087,23133.266
18596.27,-115.77999999999884,23036.357
18596.28,-115.77000000000044,23133.266
18596.29,-115.7599999999984,23084.807
18596.3,-115.75,23181.73
18596.31,-115.73999999999796,23278.688
18596.32,-115.72999999999956,23424.184
18596.33,-115.71999999999753,23230.205
18596.34,-115.70999999999913,23424.184
18596.35,-115.70000000000073,23133.266
18596.36,-115.68999999999869,23036.357
18596.37,-115.68000000000029,23327.178
18596.38,-115.66999999999825,23181.73
18596.39,-115.65999999999985,23327.178
18596.4,-115.64999999999782,23084.807
18596.41,-115.63999999999942,22987.916
18596.42,-115.63000000000102,23084.807
18596.43,-115.61999999999898,23327.178
18596.44,-115.61000000000058,23036.357
18596.45,-115.59999999999854,22842.639
18596.46,-115.59000000000015,22891.057
18596.47,-115.57999999999811,22987.916
18596.48,-115.56999999999971,23084.807
18596.49,-115.55999999999767,22987.916
18596.5,-115.54999999999927,23230.205
18596.51,-115.54000000000087,22939.482
18596.52,-115.52999999999884,22794.229
18596.53,-115.52000000000044,23084.807
18596.54,-115.5099999999984,23084.807
18596.55,-115.5,23618.293
18596.56,-115.48999999999796,23327.178
18596.57,-115.47999999999956,23278.688
18596.58,-115.46999999999753,23278.688
18596.59,-115.45999999999913,23618.293
18596.6,-115.45000000000073,23278.688
18596.61,-115.43999999999869,22987.916
18596.62,-115.43000000000029,22745.828
18596.63,-115.41999999999825,22842.639
18596.64,-115.40999999999985,23375.678
18596.65,-115.39999999999782,23278.688
18596.66,-115.38999999999942,23375.678
18596.67,-115.38000000000102,23181.73
18596.68,-115.36999999999898,23424.184
18596.69,-115.36000000000058,23084.807
18596.7,-115.34999999999854,23084.807
18596.71,-115.34000000000015,22987.916
18596.72,-115.32999999999811,23133.266
18596.73,-115.31999999999971,22987.916
18596.74,-115.30999999999767,22891.057
18596.75,-115.29999999999927,22891.057
18596.76,-115.29000000000087,23230.205
18596.77,-115.27999999999884,23909.699
18596.78,-115.27000000000044,23618.293
18596.79,-115.2599999999984,23521.223
18596.8,-115.25,23569.752
18596.81,-115.23999999999796,23472.699
18596.82,-115.22999999999956,23424.184
18596.83,-115.21999999999753,22939.482
18596.84,-115.20999999999913,22891.057
18596.85,-115.20000000000073,23278.688
18596.86,-115.18999999999869,23521.223
18596.87,-115.18000000000029,23375.678
18596.88,-115.16999999999825,23133.266
18596.89,-115.15999999999985,23327.178
18596.9,-115.14999999999782,23472.699
18596.91,-115.13999999999942,23278.688
18596.92,-115.13000000000102,23666.84
18596.93,-115.11999999999898,23763.959
18596.94,-115.11000000000058,23472.699
18596.95,-115.09999999999854,23472.699
18596.96,-115.09000000000015,23327.178
18596.97,-115.07999999999811,23278.688
18596.98,-115.06999999999971,23327.178
18596.99,-115.05999999999767,23133.266
18597.0,-115.04999999999927,23181.73
18597.01,-115.04000000000087,23230.205
18597.02,-115.02999999999884,23375.678
18597.03,-115.02000000000044,23521.223
18597.04,-115.0099999999984,23569.752
18597.05,-115.0,23666.84
18597.06,-114.98999999999796,23618.293
18597.07,-114.97999999999956,23424.184
18597.08,-114.96999999999753,23133.266
18597.09,-114.95999999999913,23181.73
18597.1,-114.95000000000073,23763.959
18597.11,-114.93999999999869,23327.178
18597.12,-114.93000000000029,23084.807
18597.13,-114.91999999999825,22891.057
18597.14,-114.90999999999985,23278.688
18597.15,-114.89999999999782,23521.223
18597.16,-114.88999999999942,23230.205
18597.17,-114.88000000000102,23278.688
18597.18,-114.86999999999898,23278.688
18597.19,-114.86000000000058,23375.678
18597.2,-114.84999999999854,23472.699
18597.21,-114.84000000000015,23666.84
18597.22,-114.82999999999811,23230.205
18597.23,-114.81999999999971,23230.205
18597.24,-114.80999999999767,23278.688
18597.25,-114.79999999999927,23424.184
18597.26,-114.79000000000087,22697.436
18597.27,-114.77999999999884,23181.73
18597.28,-114.77000000000044,23472.699
18597.29,-114.7599999999984,23424.184
18597.3,-114.75,23521.223
18597.31,-114.73999999999796,23327.178
18597.32,-114.72999999999956,23278.688
18597.33,-114.71999999999753,23278.688
18597.34,-114.70999999999913,23084.807
18597.35,-114.70000000000073,23569.752
18597.36,-114.68999999999869,23666.84
18597.37,-114.68000000000029,23763.959
18597.38,-114.66999999999825,23181.73
18597.39,-114.65999999999985,23327.178
18597.4,-114.64999999999782,23278.688
18597.41,-114.63999999999942,23424.184
18597.42,-114.63000000000102,22987.916
18597.43,-114.61999999999898,23278.688
18597.44,-114.61000000000058,23181.73
18597.45,-114.59999999999854,23327.178
18597.46,-114.59000000000015,23278.688
18597.47,-114.57999999999811,23521.223
18597.48,-114.56999999999971,23278.688
18597.49,-114.55999999999767,23424.184
18597.5,-114.54999999999927,23424.184
18597.51,-114.54000000000087,23424.184
18597.52,-114.52999999999884,23472.699
18597.53,-114.52000000000044,23666.84
18597.54,-114.5099999999984,23424.184
18597.55,-114.5,23375.678
18597.56,-114.48999999999796,22987.916
18597.57,-114.47999999999956,23278.688
18597.58,-114.46999999999753,23424.184
18597.59,-114.45999999999913,23181.73
18597.6,-114.45000000000073,23521.223
18597.61,-114.43999999999869,23181.73
18597.62,-114.43000000000029,23181.73
18597.63,-114.41999999999825,22987.916
18597.64,-114.40999999999985,23278.688
18597.65,-114.39999999999782,23424.184
18597.66,-114.38999999999942,23084.807
18597.67,-114.38000000000102,23715.395
18597.68,-114.36999999999898,23861.109
18597.69,-114.36000000000058,23618.293
18597.7,-114.34999999999854,23327.178
18597.71,-114.34000000000015,23278.688
18597.72,-114.32999999999811,23133.266
18597.73,-114.31999999999971,23181.73
18597.74,-114.30999999999767,23327.178
18597.75,-114.29999999999927,23133.266
18597.76,-114.29000000000087,23230.205
18597.77,-114.27999999999884,23812.531
18597.78,-114.27000000000044,23909.699
18597.79,-114.2599999999984,23278.688
18597.8,-114.25,23327.178
18597.81,-114.23999999999796,23618.293
18597.82,-114.22999999999956,23278.688
18597.83,-114.21999999999753,23472.699
18597.84,-114.20999999999913,23472.699
18597.85,-114.20000000000073,23521.223
18597.86,-114.18999999999869,22939.482
18597.87,-114.18000000000029,22987.916
18597.88,-114.16999999999825,22891.057
18597.89,-114.15999999999985,23424.184
18597.9,-114.14999999999782,23618.293
18597.91,-114.13999999999942,23472.699
18597.92,-114.13000000000102,23715.395
18597.93,-114.11999999999898,23861.109
18597.94,-114.11000000000058,23618.293
18597.95,-114.09999999999854,23521.223
18597.96,-114.09000000000015,22939.482
18597.97,-114.07999999999811,23181.73
18597.98,-114.06999999999971,23278.688
18597.99,-114.05999999999767,23424.184
18598.0,-114.04999999999927,23472.699
18598.01,-114.04000000000087,22987.916
18598.02,-114.02999999999884,23424.184
18598.03,-114.02000000000044,23230.205
18598.04,-114.0099999999984,23909.699
18598.05,-114.0,23715.395
18598.06,-113.98999999999796,23278.688
18598.07,-113.97999999999956,22745.828
18598.08,-113.96999999999753,22987.916
18598.09,-113.95999999999913,23278.688
18598.1,-113.95000000000073,23424.184
18598.11,-113.93999999999869,23521.223
18598.12,-113.93000000000029,23472.699
18598.13,-113.91999999999825,23521.223
18598.14,-113.90999999999985,23812.531
18598.15,-113.89999999999782,23230.205
18598.16,-113.88999999999942,22987.916
18598.17,-113.88000000000102,23181.73
18598.18,-113.86999999999898,23472.699
18598.19,-113.86000000000058,23424.184
18598.2,-113.84999999999854,23084.807
18598.21,-113.84000000000015,23230.205
18598.22,-113.82999999999811,23327.178
18598.23,-113.81999999999971,23278.688
18598.24,-113.80999999999767,22987.916
18598.25,-113.79999999999927,23133.266
18598.26,-113.79000000000087,23036.357
18598.27,-113.77999999999884,23036.357
18598.28,-113.77000000000044,23278.688
18598.29,-113.7599999999984,23472.699
18598.3,-113.75,23521.223
18598.31,-113.73999999999796,23084.807
18598.32,-113.72999999999956,23472.699
18598.33,-113.71999999999753,23230.205
18598.34,-113.70999999999913,23278.688
18598.35,-113.70000000000073,23133.266
18598.36,-113.68999999999869,23618.293
18598.37,-113.68000000000029,23133.266
18598.38,-113.66999999999825,23424.184
18598.39,-113.65999999999985,23763.959
18598.4,-113.64999999999782,23521.223
18598.41,-113.63999999999942,23084.807
18598.42,-113.63000000000102,23181.73
18598.43,-113.61999999999898,23230.205
18598.44,-113.61000000000058,22891.057
18598.45,-113.59999999999854,23424.184
18598.46,-113.59000000000015,23181.73
18598.47,-113.57999999999811,23278.688
18598.48,-113.56999999999971,23375.678
18598.49,-113.55999999999767,23327.178
18598.5,-113.54999999999927,23472.699
18598.51,-113.54000000000087,23036.357
18598.52,-113.52999999999884,23715.395
18598.53,-113.52000000000044,23472.699
18598.54,-113.5099999999984,23424.184
18598.55,-113.5,23036.357
18598.56,-113.48999999999796,23424.184
18598.57,-113.47999999999956,23472.699
18598.58,-113.46999999999753,22891.057
18598.59,-113.45999999999913,23084.807
18598.6,-113.45000000000073,23181.73
18598.61,-113.43999999999869,23278.688
18598.62,-113.43000000000029,23569.752
18598.63,-113.41999999999825,23521.223
18598.64,-113.40999999999985,23278.688
18598.65,-113.39999999999782,23327.178
18598.66,-113.38999999999942,23181.73
18598.67,-113.38000000000102,23424.184
18598.68,-113.36999999999898,23715.395
18598.69,-113.36000000000058,23424.184
18598.7,-113.34999999999854,22939.482
18598.71,-113.34000000000015,23084.807
18598.72,-113.32999999999811,23133.266
18598.73,-113.31999999999971,23569.752
18598.74,-113.30999999999767,23472.699
18598.75,-113.29999999999927,23715.395
18598.76,-113.29000000000087,23230.205
18598.77,-113.27999999999884,23375.678
18598.78,-113.27000000000044,23424.184
18598.79,-113.2599999999984,23084.807
18598.8,-113.25,23036.357
18598.81,-113.23999999999796,23181.73
18598.82,-113.22999999999956,23327.178
18598.83,-113.21999999999753,23133.266
18598.84,-113.20999999999913,23472.699
18598.85,-113.20000000000073,23278.688
18598.86,-113.18999999999869,23375.678
18598.87,-113.18000000000029,23812.531
18598.88,-113.16999999999825,23521.223
18598.89,-113.15999999999985,23375.678
18598.9,-113.14999999999782,23230.205
18598.91,-113.13999999999942,23569.752
18598.92,-113.13000000000102,23472.699
18598.93,-113.11999999999898,23424.184
18598.94,-113.11000000000058,23715.395
18598.95,-113.09999999999854,23861.109
18598.96,-113.09000000000015,23181.73
18598.97,-113.07999999999811,22891.057
18598.98,-113.06999999999971,22987.916
18598.99,-113.05999999999767,23278.688
18599.0,-113.04999999999927,23084.807
18599.01,-113.04000000000087,22939.482
18599.02,-113.02999999999884,23133.266
18599.03,-113.02000000000044,23812.531
18599.04,-113.0099999999984,23958.295
18599.05,-113.0,23327.178
18599.06,-112.98999999999796,23424.184
18599.07,-112.97999999999956,23424.184
18599.08,-112.96999999999753,23521.223
18599.09,-112.95999999999913,22891.057
18599.1,-112.95000000000073,22939.482
18599.11,-112.93999999999869,23424.184
18599.12,-112.93000000000029,23327.178
18599.13,-112.91999999999825,22987.916
18599.14,-112.90999999999985,23472.699
18599.15,-112.89999999999782,23812.531
18599.16,-112.88999999999942,23278.688
18599.17,-112.88000000000102,23230.205
18599.18,-112.86999999999898,23133.266
18599.19,-112.86000000000058,23181.73
18599.2,-112.84999999999854,23375.678
18599.21,-112.84000000000015,23521.223
18599.22,-112.82999999999811,23472.699
18599.23,-112.81999999999971,23278.688
18599.24,-112.80999999999767,23084.807
18599.25,-112.79999999999927,23278.688
18599.26,-112.79000000000087,23327.178
18599.27,-112.77999999999884,23909.699
18599.28,-112.77000000000044,23715.395
18599.29,-112.7599999999984,23472.699
18599.3,-112.75,23424.184
18599.31,-112.73999999999796,23472.699
18599.32,-112.72999999999956,23666.84
18599.33,-112.71999999999753,23424.184
18599.34,-112.70999999999913,23181.73
18599.35,-112.70000000000073,23084.807
18599.36,-112.68999999999869,22987.916
18599.37,-112.68000000000029,22987.916
18599.38,-112.66999999999825,23278.688
18599.39,-112.65999999999985,23618.293
18599.4,-112.64999999999782,23472.699
18599.41,-112.63999999999942,23230.205
18599.42,-112.63000000000102,23084.807
18599.43,-112.61999999999898,23278.688
18599.44,-112.61000000000058,23666.84
18599.45,-112.59999999999854,23084.807
18599.46,-112.59000000000015,23084.807
18599.47,-112.57999999999811,23181.73
18599.48,-112.56999999999971,23278.688
18599.49,-112.55999999999767,23375.678
18599.5,-112.54999999999927,23230.205
18599.51,-112.54000000000087,23036.357
18599.52,-112.52999999999884,23424.184
18599.53,-112.52000000000044,23375.678
18599.54,-112.5099999999984,23521.223
18599.55,-112.5,23472.699
18599.56,-112.48999999999796,23472.699
18599.57,-112.47999999999956,23133.266
18599.58,-112.46999999999753,23084.807
18599.59,-112.45999999999913,23181.73
18599.6,-112.45000000000073,23278.688
18599.61,-112.43999999999869,23278.688
18599.62,-112.43000000000029,23472.699
18599.63,-112.41999999999825,23278.688
18599.64,-112.40999999999985,23327.178
18599.65,-112.39999999999782,23666.84
18599.66,-112.38999999999942,23861.109
18599.67,-112.38000000000102,23327.178
18599.68,-112.36999999999898,23084.807
18599.69,-112.36000000000058,23036.357
18599.7,-112.34999999999854,23036.357
18599.71,-112.34000000000015,23472.699
18599.72,-112.32999999999811,23472.699
18599.73,-112.31999999999971,23278.688
18599.74,-112.30999999999767,23133.266
18599.75,-112.29999999999927,23084.807
18599.76,-112.29000000000087,22939.482
18599.77,-112.27999999999884,23084.807
18599.78,-112.27000000000044,23472.699
18599.79,-112.2599999999984,23909.699
18599.8,-112.25,23763.959
18599.81,-112.23999999999796,23327.178
18599.82,-112.22999999999956,23327.178
18599.83,-112.21999999999753,23424.184
18599.84,-112.20999999999913,23181.73
18599.85,-112.20000000000073,23327.178
18599.86,-112.18999999999869,23084.807
18599.87,-112.18000000000029,23084.807
18599.88,-112.16999999999825,22842.639
18599.89,-112.15999999999985,23424.184
18599.9,-112.14999999999782,23521.223
18599.91,-112.13999999999942,23084.807
18599.92,-112.13000000000102,23230.205
18599.93,-112.11999999999898,23472.699
18599.94,-112.11000000000058,23521.223
18599.95,-112.09999999999854,23472.699
18599.96,-112.09000000000015,23763.959
18599.97,-112.07999999999811,23327.178
18599.98,-112.06999999999971,23278.688
18599.99,-112.05999999999767,23424.184
18600.0,-112.04999999999927,23327.178
18600.01,-112.04000000000087,22891.057
18600.02,-112.02999999999884,23521.223
18600.03,-112.02000000000044,23909.699
18600.04,-112.0099999999984,23375.678
18600.05,-112.0,23278.688
18600.06,-111.98999999999796,23472.699
18600.07,-111.97999999999956,23715.395
18600.08,-111.96999999999753,23327.178
18600.09,-111.95999999999913,23375.678
18600.1,-111.95000000000073,23181.73
18600.11,-111.93999999999869,23181.73
18600.12,-111.93000000000029,23909.699
18600.13,-111.91999999999825,23278.688
18600.14,-111.90999999999985,23084.807
18600.15,-111.89999999999782,22891.057
18600.16,-111.88999999999942,22939.482
18600.17,-111.88000000000102,23133.266
18600.18,-111.86999999999898,23424.184
18600.19,-111.86000000000058,23763.959
18600.2,-111.84999999999854,23472.699
18600.21,-111.84000000000015,23569.752
18600.22,-111.82999999999811,23569.752
18600.23,-111.81999999999971,23472.699
18600.24,-111.80999999999767,23569.752
18600.25,-111.79999999999927,23521.223
18600.26,-111.79000000000087,22987.916
18600.27,-111.77999999999884,22891.057
18600.28,-111.77000000000044,23036.357
18600.29,-111.7599999999984,23424.184
18600.3,-111.75,23472.699
18600.31,-111.73999999999796,23327.178
18600.32,-111.72999999999956,22987.916
18600.33,-111.71999999999753,23133.266
18600.34,-111.70999999999913,23327.178
18600.35,-111.70000000000073,23521.223
18600.36,-111.68999999999869,23958.295
18600.37,-111.68000000000029,23569.752
18600.38,-111.66999999999825,23521.223
18600.39,-111.65999999999985,23472.699
18600.4,-111.64999999999782,23230.205
18600.41,-111.63999999999942,23327.178
18600.42,-111.63000000000102,23521.223
18600.43,-111.61999999999898,22745.828
18600.44,-111.61000000000058,23084.807
18600.45,-111.59999999999854,23278.688
18600.46,-111.59000000000015,23424.184
18600.47,-111.57999999999811,23181.73
18600.48,-111.56999999999971,23569.752
18600.49,-111.55999999999767,23327.178
18600.5,-111.54999999999927,23424.184
18600.51,-111.54000000000087,22891.057
18600.52,-111.52999999999884,23278.688
18600.53,-111.52000000000044,23230.205
18600.54,-111.5099999999984,23181.73
18600.55,-111.5,23278.688
18600.56,-111.48999999999796,23278.688
18600.57,-111.47999999999956,23472.699
18600.58,-111.46999999999753,23084.807
18600.59,-111.45999999999913,23036.357
18600.6,-111.45000000000073,23181.73
18600.61,-111.43999999999869,22987.916
18600.62,-111.43000000000029,23084.807
18600.63,-111.41999999999825,23424.184
18600.64,-111.40999999999985,23084.807
18600.65,-111.39999999999782,22697.436
18600.66,-111.38999999999942,23375.678
18600.67,-111.38000000000102,23521.223
18600.68,-111.36999999999898,23521.223
18600.69,-111.36000000000058,22891.057
18600.7,-111.34999999999854,23133.266
18600.71,-111.34000000000015,23230.205
18600.72,-111.32999999999811,23715.395
18600.73,-111.31999999999971,23327.178
18600.74,-111.30999999999767,23133.266
18600.75,-111.29999999999927,23472.699
18600.76,-111.29000000000087,23472.699
18600.77,-111.27999999999884,23909.699
18600.78,-111.27000000000044,22891.057
18600.79,-111.2599999999984,22794.229
18600.8,-111.25,23375.678
18600.81,-111.23999999999796,23618.293
18600.82,-111.22999999999956,23084.807
18600.83,-111.21999999999753,23424.184
18600.84,-111.20999999999913,23424.184
18600.85,-111.20000000000073,23327.178
18600.86,-111.18999999999869,23424.184
18600.87,-111.18000000000029,23424.184
18600.88,-111.16999999999825,23181.73
18600.89,-111.15999999999985,23521.223
18600.9,-111.14999999999782,23521.223
18600.91,-111.13999999999942,23472.699
18600.92,-111.13000000000102,23472.699
18600.93,-111.11999999999898,23521.223
18600.94,-111.11000000000058,23084.807
18600.95,-111.09999999999854,22842.639
18600.96,-111.09000000000015,23084.807
18600.97,-111.07999999999811,23084.807
18600.98,-111.06999999999971,23084.807
18600.99,-111.05999999999767,23036.357
18601.0,-111.04999999999927,23230.205
18601.01,-111.04000000000087,23327.178
18601.02,-111.02999999999884,23278.688
18601.03,-111.02000000000044,23521.223
18601.04,-111.0099999999984,23472.699
18601.05,-111.0,23375.678
18601.06,-110.98999999999796,23715.395
18601.07,-110.97999999999956,23715.395
18601.08,-110.96999999999753,23327.178
18601.09,-110.95999999999913,23133.266
18601.1,-110.95000000000073,23181.73
18601.11,-110.93999999999869,23181.73
18601.12,-110.93000000000029,23375.678
18601.13,-110.91999999999825,23327.178
18601.14,-110.90999999999985,23521.223
18601.15,-110.89999999999782,23278.688
18601.16,-110.88999999999942,23375.678
18601.17,-110.88000000000102,23278.688
18601.18,-110.86999999999898,23327.178
18601.19,-110.86000000000058,23618.293
18601.2,-110.84999999999854,23472.699
18601.21,-110.84000000000015,23472.699
18601.22,-110.82999999999811,23278.688
18601.23,-110.81999999999971,23278.688
18601.24,-110.80999999999767,23036.357
18601.25,-110.79999999999927,22891.057
18601.26,-110.79000000000087,23133.266
18601.27,-110.77999999999884,23521.223
18601.28,-110.77000000000044,23327.178
18601.29,-110.7599999999984,23521.223
18601.3,-110.75,23327.178
18601.31,-110.73999999999796,23375.678
18601.32,-110.72999999999956,23958.295
18601.33,-110.71999999999753,23763.959
18601.34,-110.70999999999913,23472.699
18601.35,-110.70000000000073,23278.688
18601.36,-110.68999999999869,23133.266
18601.37,-110.68000000000029,23375.678
18601.38,-110.66999999999825,23375.678
18601.39,-110.65999999999985,23375.678
18601.4,-110.64999999999782,23278.688
18601.41,-110.63999999999942,23375.678
18601.42,-110.63000000000102,23521.223
18601.43,-110.61999999999898,23278.688
18601.44,-110.61000000000058,23715.395
18601.45,-110.59999999999854,23327.178
18601.46,-110.59000000000015,23181.73
18601.47,-110.57999999999811,23278.688
18601.48,-110.56999999999971,23715.395
18601.49,-110.55999999999767,23666.84
18601.5,-110.54999999999927,23278.688
18601.51,-110.54000000000087,22842.639
18601.52,-110.52999999999884,23230.205
18601.53,-110.52000000000044,23666.84
18601.54,-110.5099999999984,23230.205
18601.55,-110.5,23084.807
18601.56,-110.48999999999796,23278.688
18601.57,-110.47999999999956,23084.807
18601.58,-110.46999999999753,23472.699
18601.59,-110.45999999999913,23521.223
18601.6,-110.45000000000073,23375.678
18601.61,-110.43999999999869,23472.699
18601.62,-110.43000000000029,23424.184
18601.63,-110.41999999999825,22794.229
18601.64,-110.40999999999985,23036.357
18601.65,-110.39999999999782,23181.73
18601.66,-110.38999999999942,23084.807
18601.67,-110.38000000000102,23424.184
18601.68,-110.36999999999898,23375.678
18601.69,-110.36000000000058,23569.752
18601.7,-110.34999999999854,23327.178
18601.71,-110.34000000000015,23278.688
18601.72,-110.32999999999811,23133.266
18601.73,-110.31999999999971,22939.482
18601.74,-110.30999999999767,23133.266
18601.75,-110.29999999999927,23036.357
18601.76,-110.29000000000087,23327.178
18601.77,-110.27999999999884,23715.395
18601.78,-110.27000000000044,23569.752
18601.79,-110.2599999999984,23424.184
18601.8,-110.25,23036.357
18601.81,-110.23999999999796,23181.73
18601.82,-110.22999999999956,23424.184
18601.83,-110.21999999999753,23521.223
18601.84,-110.20999999999913,23569.752
18601.85,-110.20000000000073,23618.293
18601.86,-110.18999999999869,23715.395
18601.87,-110.18000000000029,23618.293
18601.88,-110.16999999999825,22939.482
18601.89,-110.15999999999985,23084.807
18601.9,-110.14999999999782,23472.699
18601.91,-110.13999999999942,23909.699
18601.92,-110.13000000000102,23278.688
18601.93,-110.11999999999898,23424.184
18601.94,-110.11000000000058,23133.266
18601.95,-110.09999999999854,23521.223
18601.96,-110.09000000000015,23327.178
18601.97,-110.07999999999811,23375.678
18601.98,-110.06999999999971,23278.688
18601.99,-110.05999999999767,23472.699
18602.0,-110.04999999999927,23472.699
18602.01,-110.04000000000087,22987.916
18602.02,-110.02999999999884,23521.223
18602.03,-110.02000000000044,23472.699
18602.04,-110.0099999999984,23375.678
18602.05,-110.0,23278.688
18602.06,-109.98999999999796,23666.84
18602.07,-109.97999999999956,23861.109
18602.08,-109.96999999999753,23472.699
18602.09,-109.95999999999913,23327.178
18602.1,-109.95000000000073,23618.293
18602.11,-109.93999999999869,23278.688
18602.12,-109.93000000000029,23133.266
18602.13,-109.91999999999825,23327.178
18602.14,-109.90999999999985,23618.293
18602.15,-109.89999999999782,23521.223
18602.16,-109.88999999999942,23278.688
18602.17,-109.88000000000102,23569.752
18602.18,-109.86999999999898,23521.223
18602.19,-109.86000000000058,23812.531
18602.2,-109.84999999999854,23569.752
18602.21,-109.84000000000015,23472.699
18602.22,-109.82999999999811,23327.178
18602.23,-109.81999999999971,22987.916
18602.24,-109.80999999999767,23084.807
18602.25,-109.79999999999927,23133.266
18602.26,-109.79000000000087,23181.73
18602.27,-109.77999999999884,23521.223
18602.28,-109.77000000000044,23861.109
18602.29,-109.7599999999984,23618.293
18602.3,-109.75,23230.205
18602.31,-109.73999999999796,23472.699
18602.32,-109.72999999999956,23181.73
18602.33,-109.71999999999753,23133.266
18602.34,-109.70999999999913,23133.266
18602.35,-109.70000000000073,23327.178
18602.36,-109.68999999999869,23472.699
18602.37,-109.68000000000029,23618.293
18602.38,-109.66999999999825,23375.678
18602.39,-109.65999999999985,23036.357
18602.4,-109.64999999999782,23230.205
18602.41,-109.63999999999942,23424.184
18602.42,-109.63000000000102,23278.688
18602.43,-109.61999999999898,23569.752
18602.44,-109.61000000000058,23666.84
18602.45,-109.59999999999854,23472.699
18602.46,-109.59000000000015,23375.678
18602.47,-109.57999999999811,23812.531
18602.48,-109.56999999999971,23472.699
18602.49,-109.55999999999767,23327.178
18602.5,-109.54999999999927,23424.184
18602.51,-109.54000000000087,23278.688
18602.52,-109.52999999999884,23424.184
18602.53,-109.52000000000044,23230.205
18602.54,-109.5099999999984,23472.699
18602.55,-109.5,23181.73
18602.56,-109.48999999999796,22987.916
18602.57,-109.47999999999956,23036.357
18602.58,-109.46999999999753,23424.184
18602.59,-109.45999999999913,23181.73
18602.6,-109.45000000000073,22794.229
18602.61,-109.43999999999869,22891.057
18602.62,-109.43000000000029,23472.699
18602.63,-109.41999999999825,23569.752
18602.64,-109.40999999999985,23909.699
18602.65,-109.39999999999782,23521.223
18602.66,-109.38999999999942,23472.699
18602.67,-109.38000000000102,23084.807
18602.68,-109.36999999999898,22987.916
18602.69,-109.36000000000058,22697.436
18602.7,-109.34999999999854,22600.674
18602.71,-109.34000000000015,22794.229
18602.72,-109.32999999999811,22891.057
18602.73,-109.31999999999971,23181.73
18602.74,-109.30999999999767,23036.357
18602.75,-109.29999999999927,23327.178
18602.76,-109.29000000000087,22891.057
18602.77,-109.27999999999884,23521.223
18602.78,-109.27000000000044,23278.688
18602.79,-109.2599999999984,23036.357
18602.8,-109.25,22939.482
18602.81,-109.23999999999796,23181.73
18602.82,-109.22999999999956,23569.752
18602.83,-109.21999999999753,23521.223
18602.84,-109.20999999999913,23278.688
18602.85,-109.20000000000073,23327.178
18602.86,-109.18999999999869,22987.916
18602.87,-109.18000000000029,22842.639
18602.88,-109.16999999999825,23230.205
18602.89,-109.15999999999985,23618.293
18602.9,-109.14999999999782,23569.752
18602.91,-109.13999999999942,23084.807
18602.92,-109.13000000000102,22939.482
18602.93,-109.11999999999898,23181.73
18602.94,-109.11000000000058,23084.807
18602.95,-109.09999999999854,23133.266
18602.96,-109.09000000000015,23230.205
18602.97,-109.07999999999811,23084.807
18602.98,-109.06999999999971,22891.057
18602.99,-109.05999999999767,22600.674
18603.0,-109.04999999999927,23327.178
18603.01,-109.04000000000087,23230.205
18603.02,-109.02999999999884,23763.959
18603.03,-109.02000000000044,23230.205
18603.04,-109.0099999999984,23327.178
18603.05,-109.0,23861.109
18603.06,-108.98999999999796,23715.395
18603.07,-108.97999999999956,23472.699
18603.08,-108.96999999999753,23472.699
18603.09,-108.95999999999913,23133.266
18603.1,-108.95000000000073,23084.807
18603.11,-108.93999999999869,23715.395
18603.12,-108.93000000000029,23715.395
18603.13,-108.91999999999825,23375.678
18603.14,-108.90999999999985,23618.293
18603.15,-108.89999999999782,23763.959
18603.16,-108.88999999999942,23521.223
18603.17,-108.88000000000102,23375.678
18603.18,-108.86999999999898,23472.699
18603.19,-108.86000000000058,23715.395
18603.2,-108.84999999999854,23666.84
18603.21,-108.84000000000015,23278.688
18603.22,-108.82999999999811,23327.178
18603.23,-108.81999999999971,23133.266
18603.24,-108.80999999999767,23472.699
18603.25,-108.79999999999927,23861.109
18603.26,-108.79000000000087,23133.266
18603.27,-108.77999999999884,23424.184
18603.28,-108.77000000000044,23424.184
18603.29,-108.7599999999984,23327.178
18603.3,-108.75,23375.678
18603.31,-108.73999999999796,23666.84
18603.32,-108.72999999999956,23472.699
18603.33,-108.71999999999753,23569.752
18603.34,-108.70999999999913,23763.959
18603.35,-108.70000000000073,23812.531
18603.36,-108.68999999999869,23715.395
18603.37,-108.68000000000029,23181.73
18603.38,-108.66999999999825,23278.688
18603.39,-108.65999999999985,23375.678
18603.4,-108.64999999999782,23472.699
18603.41,-108.63999999999942,23569.752
18603.42,-108.63000000000102,23666.84
18603.43,-108.61999999999898,23375.678
18603.44,-108.61000000000058,23472.699
18603.45,-108.59999999999854,23472.699
18603.46,-108.59000000000015,23472.699
18603.47,-108.57999999999811,23278.688
18603.48,-108.56999999999971,23181.73
18603.49,-108.55999999999767,23618.293
18603.5,-108.54999999999927,23521.223
18603.51,-108.54000000000087,23278.688
18603.52,-108.52999999999884,23861.109
18603.53,-108.52000000000044,23472.699
18603.54,-108.5099999999984,23278.688
18603.55,-108.5,23278.688
18603.56,-108.48999999999796,22987.916
18603.57,-108.47999999999956,23521.223
18603.58,-108.46999999999753,23569.752
18603.59,-108.45999999999913,23424.184
18603.6,-108.45000000000073,23812.531
18603.61,-108.43999999999869,23763.959
18603.62,-108.43000000000029,23278.688
18603.63,-108.41999999999825,22891.057
18603.64,-108.40999999999985,23181.73
18603.65,-108.39999999999782,23521.223
18603.66,-108.38999999999942,23327.178
18603.67,-108.38000000000102,23472.699
18603.68,-108.36999999999898,23375.678
18603.69,-108.36000000000058,23327.178
18603.7,-108.34999999999854,23036.357
18603.71,-108.34000000000015,23375.678
18603.72,-108.32999999999811,23181.73
18603.73,-108.31999999999971,23278.688
18603.74,-108.30999999999767,23327.178
18603.75,-108.29999999999927,23133.266
18603.76,-108.29000000000087,23133.266
18603.77,-108.27999999999884,23521.223
18603.78,-108.27000000000044,23618.293
18603.79,-108.2599999999984,23521.223
18603.8,-108.25,23230.205
18603.81,-108.23999999999796,23375.678
18603.82,-108.22999999999956,23472.699
18603.83,-108.21999999999753,23181.73
18603.84,-108.20999999999913,23230.205
18603.85,-108.20000000000073,23133.266
18603.86,-108.18999999999869,23278.688
18603.87,-108.18000000000029,23036.357
18603.88,-108.16999999999825,22842.639
18603.89,-108.15999999999985,23618.293
18603.9,-108.14999999999782,23327.178
18603.91,-108.13999999999942,23327.178
18603.92,-108.13000000000102,22987.916
18603.93,-108.11999999999898,23036.357
18603.94,-108.11000000000058,23278.688
18603.95,-108.09999999999854,23036.357
18603.96,-108.09000000000015,23278.688
18603.97,-108.07999999999811,23230.205
18603.98,-108.06999999999971,23084.807
18603.99,-108.05999999999767,23036.357
18604.0,-108.04999999999927,23084.807
18604.01,-108.04000000000087,22987.916
18604.02,-108.02999999999884,23084.807
18604.03,-108.02000000000044,23569.752
18604.04,-108.0099999999984,23521.223
18604.05,-108.0,23521.223
18604.06,-107.98999999999796,22891.057
18604.07,-107.97999999999956,22939.482
18604.08,-107.96999999999753,23375.678
18604.09,-107.95999999999913,23472.699
18604.1,-107.95000000000073,23909.699
18604.11,-107.93999999999869,23472.699
18604.12,-107.93000000000029,23327.178
18604.13,-107.91999999999825,23278.688
18604.14,-107.90999999999985,23327.178
18604.15,-107.89999999999782,23278.688
18604.16,-107.88999999999942,23375.678
18604.17,-107.88000000000102,23327.178
18604.18,-107.86999999999898,22987.916
18604.19,-107.86000000000058,23036.357
18604.2,-107.84999999999854,23327.178
18604.21,-107.84000000000015,23278.688
18604.22,-107.82999999999811,23375.678
18604.23,-107.81999999999971,23084.807
18604.24,-107.80999999999767,23036.357
18604.25,-107.79999999999927,23424.184
18604.26,-107.79000000000087,23036.357
18604.27,-107.77999999999884,23327.178
18604.28,-107.77000000000044,23084.807
18604.29,-107.7599999999984,23472.699
18604.3,-107.75,23084.807
18604.31,-107.73999999999796,23666.84
18604.32,-107.72999999999956,23375.678
18604.33,-107.71999999999753,23084.807
18604.34,-107.70999999999913,22891.057
18604.35,-107.70000000000073,23036.357
18604.36,-107.68999999999869,23278.688
18604.37,-107.68000000000029,23472.699
18604.38,-107.66999999999825,23230.205
18604.39,-107.65999999999985,23472.699
18604.4,-107.64999999999782,23569.752
18604.41,-107.63999999999942,23036.357
18604.42,-107.63000000000102,23181.73
18604.43,-107.61999999999898,23472.699
18604.44,-107.61000000000058,23084.807
18604.45,-107.59999999999854,23084.807
18604.46,-107.59000000000015,23521.223
18604.47,-107.57999999999811,22939.482
18604.48,-107.56999999999971,23327.178
18604.49,-107.55999999999767,23472.699
18604.5,-107.54999999999927,23424.184
18604.51,-107.54000000000087,22600.674
18604.52,-107.52999999999884,23084.807
18604.53,-107.52000000000044,23666.84
18604.54,-107.5099999999984,23472.699
18604.55,-107.5,23424.184
18604.56,-107.48999999999796,23084.807
18604.57,-107.47999999999956,23618.293
18604.58,-107.46999999999753,23521.223
18604.59,-107.45999999999913,23278.688
18604.6,-107.45000000000073,23666.84
18604.61,-107.43999999999869,23521.223
18604.62,-107.43000000000029,22842.639
18604.63,-107.41999999999825,22987.916
18604.64,-107.40999999999985,23278.688
18604.65,-107.39999999999782,23084.807
18604.66,-107.38999999999942,23036.357
18604.67,-107.38000000000102,23181.73
18604.68,-107.36999999999898,22891.057
18604.69,-107.36000000000058,23181.73
18604.7,-107.34999999999854,23278.688
18604.71,-107.34000000000015,23278.688
18604.72,-107.32999999999811,23133.266
18604.73,-107.31999999999971,23230.205
18604.74,-107.30999999999767,23812.531
18604.75,-107.29999999999927,24104.131
18604.76,-107.29000000000087,23133.266
18604.77,-107.27999999999884,23666.84
18604.78,-107.27000000000044,23715.395
18604.79,-107.2599999999984,23084.807
18604.8,-107.25,23133.266
18604.81,-107.23999999999796,23424.184
18604.82,-107.22999999999956,23278.688
18604.83,-107.21999999999753,23036.357
18604.84,-107.20999999999913,23133.266
18604.85,-107.20000000000073,23327.178
18604.86,-107.18999999999869,23084.807
18604.87,-107.18000000000029,23084.807
18604.88,-107.16999999999825,23181.73
18604.89,-107.15999999999985,23715.395
18604.9,-107.14999999999782,23569.752
18604.91,-107.13999999999942,23424.184
18604.92,-107.13000000000102,23521.223
18604.93,-107.11999999999898,23327.178
18604.94,-107.11000000000058,23133.266
18604.95,-107.09999999999854,22649.051
18604.96,-107.09000000000015,22745.828
18604.97,-107.07999999999811,22939.482
18604.98,-107.06999999999971,23521.223
18604.99,-107.05999999999767,23375.678
18605.0,-107.04999999999927,23036.357
18605.01,-107.04000000000087,23036.357
18605.02,-107.02999999999884,23424.184
18605.03,-107.02000000000044,23181.73
18605.04,-107.0099999999984,23472.699
18605.05,-107.0,23569.752
18605.06,-106.98999999999796,23327.178
18605.07,-106.97999999999956,23327.178
18605.08,-106.96999999999753,23327.178
18605.09,-106.95999999999913,23521.223
18605.1,-106.95000000000073,23278.688
18605.11,-106.93999999999869,23230.205
18605.12,-106.93000000000029,23375.678
18605.13,-106.91999999999825,23084.807
18605.14,-106.90999999999985,23278.688
18605.15,-106.89999999999782,23278.688
18605.16,-106.88999999999942,23181.73
18605.17,-106.88000000000102,23375.678
18605.18,-106.86999999999898,23084.807
18605.19,-106.86000000000058,23181.73
18605.2,-106.84999999999854,23424.184
18605.21,-106.84000000000015,23424.184
18605.22,-106.82999999999811,22987.916
18605.23,-106.81999999999971,22891.057
18605.24,-106.80999999999767,22939.482
18605.25,-106.79999999999927,23278.688
18605.26,-106.79000000000087,23084.807
18605.27,-106.77999999999884,23472.699
18605.28,-106.77000000000044,23569.752
18605.29,-106.7599999999984,23424.184
18605.3,-106.75,23375.678
18605.31,-106.73999999999796,23472.699
18605.32,-106.72999999999956,22939.482
18605.33,-106.71999999999753,23230.205
18605.34,-106.70999999999913,23666.84
18605.35,-106.70000000000073,23618.293
18605.36,-106.68999999999869,23569.752
18605.37,-106.68000000000029,23424.184
18605.38,-106.66999999999825,22987.916
18605.39,-106.65999999999985,23181.73
18605.4,-106.64999999999782,23327.178
18605.41,-106.63999999999942,22987.916
18605.42,-106.63000000000102,23278.688
18605.43,-106.61999999999898,23375.678
18605.44,-106.61000000000058,23424.184
18605.45,-106.59999999999854,23472.699
18605.46,-106.59000000000015,23521.223
18605.47,-106.57999999999811,23084.807
18605.48,-106.56999999999971,23181.73
18605.49,-106.55999999999767,23763.959
18605.5,-106.54999999999927,23327.178
18605.51,-106.54000000000087,22891.057
18605.52,-106.52999999999884,23375.678
18605.53,-106.52000000000044,23327.178
18605.54,-106.5099999999984,23133.266
18605.55,-106.5,23084.807
18605.56,-106.48999999999796,23084.807
18605.57,-106.47999999999956,23327.178
18605.58,-106.46999999999753,23424.184
18605.59,-106.45999999999913,23424.184
18605.6,-106.45000000000073,23472.699
18605.61,-106.43999999999869,23230.205
18605.62,-106.43000000000029,23327.178
18605.63,-106.41999999999825,23133.266
18605.64,-106.40999999999985,23375.678
18605.65,-106.39999999999782,23424.184
18605.66,-106.38999999999942,23181.73
18605.67,-106.38000000000102,23424.184
18605.68,-106.36999999999898,23521.223
18605.69,-106.36000000000058,23763.959
18605.7,-106.34999999999854,23375.678
18605.71,-106.34000000000015,23230.205
18605.72,-106.32999999999811,23424.184
18605.73,-106.31999999999971,23424.184
18605.74,-106.30999999999767,23327.178
18605.75,-106.29999999999927,23230.205
18605.76,-106.29000000000087,22745.828
18605.77,-106.27999999999884,23230.205
18605.78,-106.27000000000044,23472.699
18605.79,-106.2599999999984,23230.205
18605.8,-106.25,23084.807
18605.81,-106.23999999999796,23278.688
18605.82,-106.22999999999956,23618.293
18605.83,-106.21999999999753,23569.752
18605.84,-106.20999999999913,23036.357
18605.85,-106.20000000000073,22939.482
18605.86,-106.18999999999869,22939.482
18605.87,-106.18000000000029,23472.699
18605.88,-106.16999999999825,23715.395
18605.89,-106.15999999999985,23861.109
18605.9,-106.14999999999782,23909.699
18605.91,-106.13999999999942,23521.223
18605.92,-106.13000000000102,23327.178
18605.93,-106.11999999999898,23278.688
18605.94,-106.11000000000058,23424.184
18605.95,-106.09999999999854,23569.752
18605.96,-106.09000000000015,23327.178
18605.97,-106.07999999999811,23036.357
18605.98,-106.06999999999971,23181.73
18605.99,-106.05999999999767,23036.357
18606.0,-106.04999999999927,23278.688
18606.01,-106.04000000000087,22939.482
18606.02,-106.02999999999884,23812.531
18606.03,-106.02000000000044,23618.293
18606.04,-106.0099999999984,23327.178
18606.05,-106.0,23036.357
18606.06,-105.98999999999796,23715.395
18606.07,-105.97999999999956,23715.395
18606.08,-105.96999999999753,23618.293
18606.09,-105.95999999999913,23424.184
18606.1,-105.95000000000073,23084.807
18606.11,-105.93999999999869,23327.178
18606.12,-105.93000000000029,23327.178
18606.13,-105.91999999999825,23569.752
18606.14,-105.90999999999985,23666.84
18606.15,-105.89999999999782,23375.678
18606.16,-105.88999999999942,23181.73
18606.17,-105.88000000000102,22939.482
18606.18,-105.86999999999898,23230.205
18606.19,-105.86000000000058,23424.184
18606.2,-105.84999999999854,23424.184
18606.21,-105.84000000000015,23521.223
18606.22,-105.82999999999811,23278.688
18606.23,-105.81999999999971,23084.807
18606.24,-105.80999999999767,23181.73
18606.25,-105.79999999999927,23278.688
18606.26,-105.79000000000087,22987.916
18606.27,-105.77999999999884,23861.109
18606.28,-105.77000000000044,23569.752
18606.29,-105.7599999999984,23327.178
18606.3,-105.75,23133.266
18606.31,-105.73999999999796,23327.178
18606.32,-105.72999999999956,23375.678
18606.33,-105.71999999999753,23278.688
18606.34,-105.70999999999913,23133.266
18606.35,-105.70000000000073,23327.178
18606.36,-105.68999999999869,23230.205
18606.37,-105.68000000000029,23084.807
18606.38,-105.66999999999825,23036.357
18606.39,-105.65999999999985,23763.959
18606.4,-105.64999999999782,23763.959
18606.41,-105.63999999999942,23521.223
18606.42,-105.63000000000102,23278.688
18606.43,-105.61999999999898,22987.916
18606.44,-105.61000000000058,23375.678
18606.45,-105.59999999999854,23569.752
18606.46,-105.59000000000015,23472.699
18606.47,-105.57999999999811,23084.807
18606.48,-105.56999999999971,23327.178
18606.49,-105.55999999999767,23521.223
18606.5,-105.54999999999927,23036.357
18606.51,-105.54000000000087,22939.482
18606.52,-105.52999999999884,23569.752
18606.53,-105.52000000000044,23812.531
18606.54,-105.5099999999984,23763.959
18606.55,-105.5,23424.184
18606.56,-105.48999999999796,23521.223
18606.57,-105.47999999999956,23084.807
18606.58,-105.46999999999753,23084.807
18606.59,-105.45999999999913,23521.223
18606.6,-105.45000000000073,23472.699
18606.61,-105.43999999999869,23278.688
18606.62,-105.43000000000029,23715.395
18606.63,-105.41999999999825,23327.178
18606.64,-105.40999999999985,23763.959
18606.65,-105.39999999999782,23472.699
18606.66,-105.38999999999942,23230.205
18606.67,-105.38000000000102,23084.807
18606.68,-105.36999999999898,23521.223
18606.69,-105.36000000000058,23763.959
18606.7,-105.34999999999854,23666.84
18606.71,-105.34000000000015,23424.184
18606.72,-105.32999999999811,23327.178
18606.73,-105.31999999999971,23327.178
18606.74,-105.30999999999767,23181.73
18606.75,-105.29999999999927,23424.184
18606.76,-105.29000000000087,23181.73
18606.77,-105.27999999999884,23666.84
18606.78,-105.27000000000044,23521.223
18606.79,-105.2599999999984,23521.223
18606.8,-105.25,23327.178
18606.81,-105.23999999999796,23036.357
18606.82,-105.22999999999956,23084.807
18606.83,-105.21999999999753,23133.266
18606.84,-105.20999999999913,23861.109
18606.85,-105.20000000000073,23861.109
18606.86,-105.18999999999869,23181.73
18606.87,-105.18000000000029,23278.688
18606.88,-105.16999999999825,23278.688
18606.89,-105.15999999999985,23569.752
18606.9,-105.14999999999782,23521.223
18606.91,-105.13999999999942,23569.752
18606.92,-105.13000000000102,23472.699
18606.93,-105.11999999999898,23521.223
18606.94,-105.11000000000058,23472.699
18606.95,-105.09999999999854,23327.178
18606.96,-105.09000000000015,22891.057
18606.97,-105.07999999999811,23569.752
18606.98,-105.06999999999971,23666.84
18606.99,-105.05999999999767,23424.184
18607.0,-105.04999999999927,23569.752
18607.01,-105.04000000000087,23036.357
18607.02,-105.02999999999884,23666.84
18607.03,-105.02000000000044,23812.531
18607.04,-105.0099999999984,23424.184
18607.05,-105.0,23472.699
18607.06,-104.98999999999796,23375.678
18607.07,-104.97999999999956,23278.688
18607.08,-104.96999999999753,23472.699
18607.09,-104.95999999999913,23472.699
18607.1,-104.95000000000073,23618.293
18607.11,-104.93999999999869,23472.699
18607.12,-104.93000000000029,23327.178
18607.13,-104.91999999999825,23036.357
18607.14,-104.90999999999985,23521.223
18607.15,-104.89999999999782,23666.84
18607.16,-104.88999999999942,23472.699
18607.17,-104.88000000000102,23375.678
18607.18,-104.86999999999898,23375.678
18607.19,-104.86000000000058,23521.223
18607.2,-104.84999999999854,23472.699
18607.21,-104.84000000000015,23084.807
18607.22,-104.82999999999811,23133.266
18607.23,-104.81999999999971,22939.482
18607.24,-104.80999999999767,23036.357
18607.25,-104.79999999999927,22939.482
18607.26,-104.79000000000087,23084.807
18607.27,-104.77999999999884,23472.699
18607.28,-104.77000000000044,23666.84
18607.29,-104.7599999999984,23666.84
18607.3,-104.75,23812.531
18607.31,-104.73999999999796,23278.688
18607.32,-104.72999999999956,22600.674
18607.33,-104.71999999999753,22649.051
18607.34,-104.70999999999913,23036.357
18607.35,-104.70000000000073,23278.688
18607.36,-104.68999999999869,23327.178
18607.37,-104.68000000000029,23569.752
18607.38,-104.66999999999825,23618.293
18607.39,-104.65999999999985,23569.752
18607.4,-104.64999999999782,23909.699
18607.41,-104.63999999999942,23666.84
18607.42,-104.63000000000102,23278.688
18607.43,-104.61999999999898,22745.828
18607.44,-104.61000000000058,23133.266
18607.45,-104.59999999999854,23618.293
18607.46,-104.59000000000015,23472.699
18607.47,-104.57999999999811,22987.916
18607.48,-104.56999999999971,23327.178
18607.49,-104.55999999999767,23327.178
18607.5,-104.54999999999927,23230.205
18607.51,-104.54000000000087,22794.229
18607.52,-104.52999999999884,23472.699
18607.53,-104.52000000000044,23569.752
18607.54,-104.5099999999984,23472.699
18607.55,-104.5,23327.178
18607.56,-104.48999999999796,23278.688
18607.57,-104.47999999999956,23036.357
18607.58,-104.46999999999753,23181.73
18607.59,-104.45999999999913,23569.752
18607.6,-104.45000000000073,23521.223
18607.61,-104.43999999999869,23666.84
18607.62,-104.43000000000029,23569.752
18607.63,-104.41999999999825,23472.699
18607.64,-104.40999999999985,23569.752
18607.65,-104.39999999999782,23036.357
18607.66,-104.38999999999942,22697.436
18607.67,-104.38000000000102,23084.807
18607.68,-104.36999999999898,23521.223
18607.69,-104.36000000000058,23666.84
18607.7,-104.34999999999854,24055.512
18607.71,-104.34000000000015,23521.223
18607.72,-104.32999999999811,22987.916
18607.73,-104.31999999999971,22939.482
18607.74,-104.30999999999767,23375.678
18607.75,-104.29999999999927,23181.73
18607.76,-104.29000000000087,22794.229
18607.77,-104.27999999999884,23521.223
18607.78,-104.27000000000044,23472.699
18607.79,-104.2599999999984,23861.109
18607.8,-104.25,23569.752
18607.81,-104.23999999999796,23036.357
18607.82,-104.22999999999956,23084.807
18607.83,-104.21999999999753,23327.178
18607.84,-104.20999999999913,23569.752
18607.85,-104.20000000000073,23521.223
18607.86,-104.18999999999869,23133.266
18607.87,-104.18000000000029,23618.293
18607.88,-104.16999999999825,23472.699
18607.89,-104.15999999999985,23472.699
18607.9,-104.14999999999782,23424.184
18607.91,-104.13999999999942,23327.178
18607.92,-104.13000000000102,23084.807
18607.93,-104.11999999999898,23230.205
18607.94,-104.11000000000058,23375.678
18607.95,-104.09999999999854,23036.357
18607.96,-104.09000000000015,22939.482
18607.97,-104.07999999999811,23181.73
18607.98,-104.06999999999971,23861.109
18607.99,-104.05999999999767,23666.84
18608.0,-104.04999999999927,23375.678
18608.01,-104.04000000000087,22794.229
18608.02,-104.02999999999884,22794.229
18608.03,-104.02000000000044,23278.688
18608.04,-104.0099999999984,23715.395
18608.05,-104.0,23472.699
18608.06,-103.98999999999796,23909.699
18608.07,-103.97999999999956,23375.678
18608.08,-103.96999999999753,23472.699
18608.09,-103.95999999999913,23230.205
18608.1,-103.95000000000073,23181.73
18608.11,-103.93999999999869,23133.266
18608.12,-103.93000000000029,23327.178
18608.13,-103.91999999999825,23181.73
18608.14,-103.90999999999985,23424.184
18608.15,-103.89999999999782,23521.223
18608.16,-103.88999999999942,23763.959
18608.17,-103.88000000000102,23666.84
18608.18,-103.86999999999898,23521.223
18608.19,-103.86000000000058,23521.223
18608.2,-103.84999999999854,23278.688
18608.21,-103.84000000000015,23133.266
18608.22,-103.82999999999811,23230.205
18608.23,-103.81999999999971,23084.807
18608.24,-103.80999999999767,23084.807
18608.25,-103.79999999999927,23327.178
18608.26,-103.79000000000087,23230.205
18608.27,-103.77999999999884,23715.395
18608.28,-103.77000000000044,23181.73
18608.29,-103.7599999999984,23181.73
18608.3,-103.75,23375.678
18608.31,-103.73999999999796,23521.223
18608.32,-103.72999999999956,23375.678
18608.33,-103.71999999999753,22794.229
18608.34,-103.70999999999913,23036.357
18608.35,-103.70000000000073,23181.73
18608.36,-103.68999999999869,23181.73
18608.37,-103.68000000000029,23472.699
18608.38,-103.66999999999825,23763.959
18608.39,-103.65999999999985,23472.699
18608.4,-103.64999999999782,23521.223
18608.41,-103.63999999999942,23618.293
18608.42,-103.63000000000102,23666.84
18608.43,-103.61999999999898,23036.357
18608.44,-103.61000000000058,22939.482
18608.45,-103.59999999999854,22891.057
18608.46,-103.59000000000015,23327.178
18608.47,-103.57999999999811,23278.688
18608.48,-103.56999999999971,23278.688
18608.49,-103.55999999999767,23084.807
18608.5,-103.54999999999927,23181.73
18608.51,-103.54000000000087,23278.688
18608.52,-103.52999999999884,23472.699
18608.53,-103.52000000000044,23181.73
18608.54,-103.5099999999984,22745.828
18608.55,-103.5,23181.73
18608.56,-103.48999999999796,23375.678
18608.57,-103.47999999999956,23472.699
18608.58,-103.46999999999753,23230.205
18608.59,-103.45999999999913,23036.357
18608.6,-103.45000000000073,22891.057
18608.61,-103.43999999999869,23278.688
18608.62,-103.43000000000029,23521.223
18608.63,-103.41999999999825,23375.678
18608.64,-103.40999999999985,23424.184
18608.65,-103.39999999999782,23084.807
18608.66,-103.38999999999942,23278.688
18608.67,-103.38000000000102,23327.178
18608.68,-103.36999999999898,23521.223
18608.69,-103.36000000000058,23230.205
18608.7,-103.34999999999854,23181.73
18608.71,-103.34000000000015,22939.482
18608.72,-103.32999999999811,22987.916
18608.73,-103.31999999999971,23278.688
18608.74,-103.30999999999767,23472.699
18608.75,-103.29999999999927,23278.688
18608.76,-103.29000000000087,23036.357
18608.77,-103.27999999999884,23327.178
18608.78,-103.27000000000044,22939.482
18608.79,-103.2599999999984,23375.678
18608.8,-103.25,23618.293
18608.81,-103.23999999999796,23521.223
18608.82,-103.22999999999956,23230.205
18608.83,-103.21999999999753,23084.807
18608.84,-103.20999999999913,23230.205
18608.85,-103.20000000000073,23424.184
18608.86,-103.18999999999869,23036.357
18608.87,-103.18000000000029,23472.699
18608.88,-103.16999999999825,22745.828
18608.89,-103.15999999999985,22939.482
18608.9,-103.14999999999782,23181.73
18608.91,-103.13999999999942,23472.699
18608.92,-103.13000000000102,23521.223
18608.93,-103.11999999999898,23569.752
18608.94,-103.11000000000058,23084.807
18608.95,-103.09999999999854,23084.807
18608.96,-103.09000000000015,22745.828
18608.97,-103.07999999999811,23278.688
18608.98,-103.06999999999971,23763.959
18608.99,-103.05999999999767,24055.512
18609.0,-103.04999999999927,23327.178
18609.01,-103.04000000000087,23036.357
18609.02,-103.02999999999884,23133.266
18609.03,-103.02000000000044,23618.293
18609.04,-103.0099999999984,23569.752
18609.05,-103.0,23472.699
18609.06,-102.98999999999796,23278.688
18609.07,-102.97999999999956,23472.699
18609.08,-102.96999999999753,23230.205
18609.09,-102.95999999999913,22987.916
18609.1,-102.95000000000073,23036.357
18609.11,-102.93999999999869,23230.205
18609.12,-102.93000000000029,23375.678
18609.13,-102.91999999999825,23327.178
18609.14,-102.90999999999985,23861.109
18609.15,-102.89999999999782,23521.223
18609.16,-102.88999999999942,23521.223
18609.17,-102.88000000000102,23472.699
18609.18,-102.86999999999898,23521.223
18609.19,-102.86000000000058,23181.73
18609.2,-102.84999999999854,23084.807
18609.21,-102.84000000000015,23278.688
18609.22,-102.82999999999811,23230.205
18609.23,-102.81999999999971,22987.916
18609.24,-102.80999999999767,23133.266
18609.25,-102.79999999999927,23133.266
18609.26,-102.79000000000087,22407.248
18609.27,-102.77999999999884,22987.916
18609.28,-102.77000000000044,22939.482
18609.29,-102.7599999999984,23278.688
18609.3,-102.75,24055.512
18609.31,-102.73999999999796,24055.512
18609.32,-102.72999999999956,23424.184
18609.33,-102.71999999999753,23521.223
18609.34,-102.70999999999913,23036.357
18609.35,-102.70000000000073,23084.807
18609.36,-102.68999999999869,22891.057
18609.37,-102.68000000000029,23036.357
18609.38,-102.66999999999825,22649.051
18609.39,-102.65999999999985,22697.436
18609.4,-102.64999999999782,22842.639
18609.41,-102.63999999999942,23278.688
18609.42,-102.63000000000102,23327.178
18609.43,-102.61999999999898,23278.688
18609.44,-102.61000000000058,23230.205
18609.45,-102.59999999999854,22697.436
18609.46,-102.59000000000015,22987.916
18609.47,-102.57999999999811,23036.357
18609.48,-102.56999999999971,23084.807
18609.49,-102.55999999999767,23230.205
18609.5,-102.54999999999927,23181.73
18609.51,-102.54000000000087,22891.057
18609.52,-102.52999999999884,23133.266
18609.53,-102.52000000000044,22939.482
18609.54,-102.5099999999984,22794.229
18609.55,-102.5,22987.916
18609.56,-102.48999999999796,23327.178
18609.57,-102.47999999999956,23472.699
18609.58,-102.46999999999753,23036.357
18609.59,-102.45999999999913,22407.248
18609.6,-102.45000000000073,22697.436
18609.61,-102.43999999999869,22891.057
18609.62,-102.43000000000029,22649.051
18609.63,-102.41999999999825,23036.357
18609.64,-102.40999999999985,23472.699
18609.65,-102.39999999999782,23375.678
18609.66,-102.38999999999942,23230.205
18609.67,-102.38000000000102,23036.357
18609.68,-102.36999999999898,22939.482
18609.69,-102.36000000000058,23230.205
18609.7,-102.34999999999854,22987.916
18609.71,-102.34000000000015,22939.482
18609.72,-102.32999999999811,22794.229
18609.73,-102.31999999999971,22552.305
18609.74,-102.30999999999767,22939.482
18609.75,-102.29999999999927,23375.678
18609.76,-102.29000000000087,22987.916
18609.77,-102.27999999999884,23230.205
18609.78,-102.27000000000044,22842.639
18609.79,-102.2599999999984,22987.916
18609.8,-102.25,23036.357
18609.81,-102.23999999999796,22987.916
18609.82,-102.22999999999956,23181.73
18609.83,-102.21999999999753,22649.051
18609.84,-102.20999999999913,22891.057
18609.85,-102.20000000000073,23036.357
18609.86,-102.18999999999869,23521.223
18609.87,-102.18000000000029,23278.688
18609.88,-102.16999999999825,22794.229
18609.89,-102.15999999999985,23230.205
18609.9,-102.14999999999782,23133.266
18609.91,-102.13999999999942,23278.688
18609.92,-102.13000000000102,23133.266
18609.93,-102.11999999999898,22939.482
18609.94,-102.11000000000058,22407.248
18609.95,-102.09999999999854,22552.305
18609.96,-102.09000000000015,23133.266
18609.97,-102.07999999999811,23084.807
18609.98,-102.06999999999971,23278.688
18609.99,-102.05999999999767,23036.357
18610.0,-102.04999999999927,22987.916
18610.01,-102.04000000000087,22649.051
18610.02,-102.02999999999884,23327.178
18610.03,-102.02000000000044,23084.807
18610.04,-102.0099999999984,23133.266
18610.05,-102.0,22842.639
18610.06,-101.98999999999796,23230.205
18610.07,-101.97999999999956,23036.357
18610.08,-101.96999999999753,23084.807
18610.09,-101.95999999999913,23181.73
18610.1,-101.95000000000073,23036.357
18610.11,-101.93999999999869,23036.357
18610.12,-101.93000000000029,23230.205
18610.13,-101.91999999999825,22939.482
18610.14,-101.90999999999985,22987.916
18610.15,-101.89999999999782,23036.357
18610.16,-101.88999999999942,22842.639
18610.17,-101.88000000000102,22842.639
18610.18,-101.86999999999898,22987.916
18610.19,-101.86000000000058,22794.229
18610.2,-101.84999999999854,22891.057
18610.21,-101.84000000000015,23036.357
18610.22,-101.82999999999811,23812.531
18610.23,-101.81999999999971,23763.959
18610.24,-101.80999999999767,23036.357
18610.25,-101.79999999999927,22745.828
18610.26,-101.79000000000087,22503.943
18610.27,-101.77999999999884,23084.807
18610.28,-101.77000000000044,22697.436
18610.29,-101.7599999999984,23181.73
18610.3,-101.75,23230.205
18610.31,-101.73999999999796,23084.807
18610.32,-101.72999999999956,23036.357
18610.33,-101.71999999999753,23327.178
18610.34,-101.70999999999913,22794.229
18610.35,-101.70000000000073,22891.057
18610.36,-101.68999999999869,23036.357
18610.37,-101.68000000000029,23084.807
18610.38,-101.66999999999825,22697.436
18610.39,-101.65999999999985,22600.674
18610.4,-101.64999999999782,22503.943
18610.41,-101.63999999999942,22891.057
18610.42,-101.63000000000102,23278.688
18610.43,-101.61999999999898,23521.223
18610.44,-101.61000000000058,23812.531
18610.45,-101.59999999999854,23812.531
18610.46,-101.59000000000015,23715.395
18610.47,-101.57999999999811,23084.807
18610.48,-101.56999999999971,23084.807
18610.49,-101.55999999999767,23278.688
18610.5,-101.54999999999927,23036.357
18610.51,-101.54000000000087,23036.357
18610.52,-101.52999999999884,23424.184
18610.53,-101.52000000000044,23424.184
18610.54,-101.5099999999984,22939.482
18610.55,-101.5,23084.807
18610.56,-101.48999999999796,23472.699
18610.57,-101.47999999999956,23375.678
18610.58,-101.46999999999753,23278.688
18610.59,-101.45999999999913,23375.678
18610.6,-101.45000000000073,23230.205
18610.61,-101.43999999999869,23084.807
18610.62,-101.43000000000029,23230.205
18610.63,-101.41999999999825,23036.357
18610.64,-101.40999999999985,23230.205
18610.65,-101.39999999999782,23181.73
18610.66,-101.38999999999942,22987.916
18610.67,-101.38000000000102,23181.73
18610.68,-101.36999999999898,23327.178
18610.69,-101.36000000000058,23230.205
18610.7,-101.34999999999854,23424.184
18610.71,-101.34000000000015,23521.223
18610.72,-101.32999999999811,23521.223
18610.73,-101.31999999999971,23424.184
18610.74,-101.30999999999767,23618.293
18610.75,-101.29999999999927,23327.178
18610.76,-101.29000000000087,22891.057
18610.77,-101.27999999999884,22842.639
18610.78,-101.27000000000044,22649.051
18610.79,-101.2599999999984,23084.807
18610.8,-101.25,23666.84
18610.81,-101.23999999999796,23375.678
18610.82,-101.22999999999956,23036.357
18610.83,-101.21999999999753,23084.807
18610.84,-101.20999999999913,23521.223
18610.85,-101.20000000000073,23327.178
18610.86,-101.18999999999869,23084.807
18610.87,-101.18000000000029,23084.807
18610.88,-101.16999999999825,23133.266
18610.89,-101.15999999999985,23133.266
18610.9,-101.14999999999782,23084.807
18610.91,-101.13999999999942,23327.178
18610.92,-101.13000000000102,23084.807
18610.93,-101.11999999999898,23084.807
18610.94,-101.11000000000058,23618.293
18610.95,-101.09999999999854,23763.959
18610.96,-101.09000000000015,23375.678
18610.97,-101.07999999999811,23327.178
18610.98,-101.06999999999971,23084.807
18610.99,-101.05999999999767,23569.752
18611.0,-101.04999999999927,23521.223
18611.01,-101.04000000000087,22407.248
18611.02,-101.02999999999884,23036.357
18611.03,-101.02000000000044,23181.73
18611.04,-101.0099999999984,23521.223
18611.05,-101.0,23472.699
18611.06,-100.98999999999796,23715.395
18611.07,-100.97999999999956,23618.293
18611.08,-100.96999999999753,23278.688
18611.09,-100.95999999999913,22697.436
18611.1,-100.95000000000073,22842.639
18611.11,-100.93999999999869,23278.688
18611.12,-100.93000000000029,23472.699
18611.13,-100.91999999999825,23036.357
18611.14,-100.90999999999985,23472.699
18611.15,-100.89999999999782,23084.807
18611.16,-100.88999999999942,23424.184
18611.17,-100.88000000000102,23763.959
18611.18,-100.86999999999898,23861.109
18611.19,-100.86000000000058,23375.678
18611.2,-100.84999999999854,23133.266
18611.21,-100.84000000000015,23472.699
18611.22,-100.82999999999811,23424.184
18611.23,-100.81999999999971,23084.807
18611.24,-100.80999999999767,23230.205
18611.25,-100.79999999999927,23133.266
18611.26,-100.79000000000087,23084.807
18611.27,-100.77999999999884,23812.531
18611.28,-100.77000000000044,23472.699
18611.29,-100.7599999999984,23424.184
18611.3,-100.75,23036.357
18611.31,-100.73999999999796,23327.178
18611.32,-100.72999999999956,23521.223
18611.33,-100.71999999999753,23181.73
18611.34,-100.70999999999913,23521.223
18611.35,-100.70000000000073,23618.293
18611.36,-100.68999999999869,23424.184
18611.37,-100.68000000000029,23230.205
18611.38,-100.66999999999825,22891.057
18611.39,-100.65999999999985,23472.699
18611.4,-100.64999999999782,23569.752
18611.41,-100.63999999999942,23812.531
18611.42,-100.63000000000102,23521.223
18611.43,-100.61999999999898,23084.807
18611.44,-100.61000000000058,23133.266
18611.45,-100.59999999999854,23181.73
18611.46,-100.59000000000015,23278.688
18611.47,-100.57999999999811,23230.205
18611.48,-100.56999999999971,23230.205
18611.49,-100.55999999999767,23278.688
18611.5,-100.54999999999927,23472.699
18611.51,-100.54000000000087,22891.057
18611.52,-100.52999999999884,23618.293
18611.53,-100.52000000000044,23569.752
18611.54,-100.5099999999984,23084.807
18611.55,-100.5,23036.357
18611.56,-100.48999999999796,22939.482
18611.57,-100.47999999999956,23569.752
18611.58,-100.46999999999753,23812.531
18611.59,-100.45999999999913,23763.959
18611.6,-100.45000000000073,23521.223
18611.61,-100.43999999999869,23424.184
18611.62,-100.43000000000029,23278.688
18611.63,-100.41999999999825,23084.807
18611.64,-100.40999999999985,23084.807
18611.65,-100.39999999999782,23230.205
18611.66,-100.38999999999942,23036.357
18611.67,-100.38000000000102,23327.178
18611.68,-100.36999999999898,23181.73
18611.69,-100.36000000000058,22842.639
18611.7,-100.34999999999854,23036.357
18611.71,-100.34000000000015,23084.807
18611.72,-100.32999999999811,23230.205
18611.73,-100.31999999999971,23278.688
18611.74,-100.30999999999767,23521.223
18611.75,-100.29999999999927,23084.807
18611.76,-100.29000000000087,22600.674
18611.77,-100.27999999999884,23278.688
18611.78,-100.27000000000044,23812.531
18611.79,-100.2599999999984,23181.73
18611.8,-100.25,22794.229
18611.81,-100.23999999999796,22842.639
18611.82,-100.22999999999956,22891.057
18611.83,-100.21999999999753,23084.807
18611.84,-100.20999999999913,23569.752
18611.85,-100.20000000000073,23424.184
18611.86,-100.18999999999869,23230.205
18611.87,-100.18000000000029,23181.73
18611.88,-100.16999999999825,22842.639
18611.89,-100.15999999999985,23084.807
18611.9,-100.14999999999782,23036.357
18611.91,-100.13999999999942,23230.205
18611.92,-100.13000000000102,22745.828
18611.93,-100.11999999999898,23036.357
18611.94,-100.11000000000058,23084.807
18611.95,-100.09999999999854,23472.699
18611.96,-100.09000000000015,23618.293
18611.97,-100.07999999999811,23666.84
18611.98,-100.06999999999971,23521.223
18611.99,-100.05999999999767,23133.266
18612.0,-100.04999999999927,22697.436
18612.01,-100.04000000000087,22552.305
18612.02,-100.02999999999884,23036.357
18612.03,-100.02000000000044,23084.807
18612.04,-100.0099999999984,23181.73
18612.05,-100.0,23084.807
18612.06,-99.98999999999796,22987.916
18612.07,-99.97999999999956,23278.688
18612.08,-99.96999999999753,23472.699
18612.09,-99.95999999999913,23327.178
18612.1,-99.95000000000073,23084.807
18612.11,-99.93999999999869,23230.205
18612.12,-99.93000000000029,23278.688
18612.13,-99.91999999999825,22745.828
18612.14,-99.90999999999985,23084.807
18612.15,-99.89999999999782,23424.184
18612.16,-99.88999999999942,23181.73
18612.17,-99.88000000000102,22987.916
18612.18,-99.86999999999898,23327.178
18612.19,-99.86000000000058,23036.357
18612.2,-99.84999999999854,23036.357
18612.21,-99.84000000000015,22987.916
18612.22,-99.82999999999811,23230.205
18612.23,-99.81999999999971,23181.73
18612.24,-99.80999999999767,23133.266
18612.25,-99.79999999999927,23084.807
18612.26,-99.79000000000087,23036.357
18612.27,-99.77999999999884,22987.916
18612.28,-99.77000000000044,23084.807
18612.29,-99.7599999999984,23327.178
18612.3,-99.75,23278.688
18612.31,-99.73999999999796,23084.807
18612.32,-99.72999999999956,22987.916
18612.33,-99.71999999999753,22794.229
18612.34,-99.70999999999913,22891.057
18612.35,-99.70000000000073,23036.357
18612.36,-99.68999999999869,23181.73
18612.37,-99.68000000000029,23181.73
18612.38,-99.66999999999825,22891.057
18612.39,-99.65999999999985,23181.73
18612.4,-99.64999999999782,23036.357
18612.41,-99.63999999999942,23375.678
18612.42,-99.63000000000102,23424.184
18612.43,-99.61999999999898,23424.184
18612.44,-99.61000000000058,23084.807
18612.45,-99.59999999999854,23278.688
18612.46,-99.59000000000015,22939.482
18612.47,-99.57999999999811,22987.916
18612.48,-99.56999999999971,22891.057
18612.49,-99.55999999999767,22794.229
18612.5,-99.54999999999927,23036.357
18612.51,-99.54000000000087,23133.266
18612.52,-99.52999999999884,22891.057
18612.53,-99.52000000000044,23036.357
18612.54,-99.5099999999984,23327.178
18612.55,-99.5,23521.223
18612.56,-99.48999999999796,23375.678
18612.57,-99.47999999999956,23278.688
18612.58,-99.46999999999753,23084.807
18612.59,-99.45999999999913,22891.057
18612.6,-99.45000000000073,23181.73
18612.61,-99.43999999999869,23084.807
18612.62,-99.43000000000029,23278.688
18612.63,-99.41999999999825,23036.357
18612.64,-99.40999999999985,23181.73
18612.65,-99.39999999999782,23230.205
18612.66,-99.38999999999942,23036.357
18612.67,-99.38000000000102,23230.205
18612.68,-99.36999999999898,23230.205
18612.69,-99.36000000000058,23133.266
18612.7,-99.34999999999854,22939.482
18612.71,-99.34000000000015,23278.688
18612.72,-99.32999999999811,23861.109
18612.73,-99.31999999999971,23812.531
18612.74,-99.30999999999767,23521.223
18612.75,-99.29999999999927,23375.678
18612.76,-99.29000000000087,23133.266
18612.77,-99.27999999999884,23375.678
18612.78,-99.27000000000044,23569.752
18612.79,-99.2599999999984,23327.178
18612.8,-99.25,23666.84
18612.81,-99.23999999999796,23181.73
18612.82,-99.22999999999956,23424.184
18612.83,-99.21999999999753,23424.184
18612.84,-99.20999999999913,23181.73
18612.85,-99.20000000000073,23181.73
18612.86,-99.18999999999869,23472.699
18612.87,-99.18000000000029,23472.699
18612.88,-99.16999999999825,23230.205
18612.89,-99.15999999999985,23472.699
18612.9,-99.14999999999782,23278.688
18612.91,-99.13999999999942,22842.639
18612.92,-99.13000000000102,23084.807
18612.93,-99.11999999999898,23521.223
18612.94,-99.11000000000058,23666.84
18612.95,-99.09999999999854,23521.223
18612.96,-99.09000000000015,23278.688
18612.97,-99.07999999999811,23327.178
18612.98,-99.06999999999971,23521.223
18612.99,-99.05999999999767,23861.109
18613.0,-99.04999999999927,23618.293
18613.01,-99.04000000000087,22987.916
18613.02,-99.02999999999884,23084.807
18613.03,-99.02000000000044,23521.223
18613.04,-99.0099999999984,23812.531
18613.05,-99.0,23327.178
18613.06,-98.98999999999796,23230.205
18613.07,-98.97999999999956,22891.057
18613.08,-98.96999999999753,22939.482
18613.09,-98.95999999999913,23472.699
18613.1,-98.95000000000073,23472.699
18613.11,-98.93999999999869,23521.223
18613.12,-98.93000000000029,23424.184
18613.13,-98.91999999999825,22891.057
18613.14,-98.90999999999985,23472.699
18613.15,-98.89999999999782,23861.109
18613.16,-98.88999999999942,23472.699
18613.17,-98.88000000000102,23084.807
18613.18,-98.86999999999898,23084.807
18613.19,-98.86000000000058,23230.205
18613.2,-98.84999999999854,23181.73
18613.21,-98.84000000000015,23521.223
18613.22,-98.82999999999811,23472.699
18613.23,-98.81999999999971,23715.395
18613.24,-98.80999999999767,23375.678
18613.25,-98.79999999999927,23181.73
18613.26,-98.79000000000087,22745.828
18613.27,-98.77999999999884,22891.057
18613.28,-98.77000000000044,23036.357
18613.29,-98.7599999999984,23763.959
18613.3,-98.75,23424.184
18613.31,-98.73999999999796,23521.223
18613.32,-98.72999999999956,23424.184
18613.33,-98.71999999999753,22842.639
18613.34,-98.70999999999913,23375.678
18613.35,-98.70000000000073,23375.678
18613.36,-98.68999999999869,23472.699
18613.37,-98.68000000000029,23618.293
18613.38,-98.66999999999825,23909.699
18613.39,-98.65999999999985,23569.752
18613.4,-98.64999999999782,23133.266
18613.41,-98.63999999999942,23230.205
18613.42,-98.63000000000102,23472.699
18613.43,-98.61999999999898,23472.699
18613.44,-98.61000000000058,22794.229
18613.45,-98.59999999999854,22891.057
18613.46,-98.59000000000015,23278.688
18613.47,-98.57999999999811,23036.357
18613.48,-98.56999999999971,22891.057
18613.49,-98.55999999999767,23327.178
18613.5,-98.54999999999927,23666.84
18613.51,-98.54000000000087,23133.266
18613.52,-98.52999999999884,23472.699
18613.53,-98.52000000000044,23472.699
18613.54,-98.5099999999984,23861.109
18613.55,-98.5,23812.531
18613.56,-98.48999999999796,23084.807
18613.57,-98.47999999999956,22745.828
18613.58,-98.46999999999753,23327.178
18613.59,-98.45999999999913,23327.178
18613.6,-98.45000000000073,23569.752
18613.61,-98.43999999999869,23327.178
18613.62,-98.43000000000029,23375.678
18613.63,-98.41999999999825,23084.807
18613.64,-98.40999999999985,23424.184
18613.65,-98.39999999999782,23569.752
18613.66,-98.38999999999942,23666.84
18613.67,-98.38000000000102,23812.531
18613.68,-98.36999999999898,23521.223
18613.69,-98.36000000000058,23327.178
18613.7,-98.34999999999854,23181.73
18613.71,-98.34000000000015,23424.184
18613.72,-98.32999999999811,23375.678
18613.73,-98.31999999999971,23812.531
18613.74,-98.30999999999767,23230.205
18613.75,-98.29999999999927,23327.178
18613.76,-98.29000000000087,23084.807
18613.77,-98.27999999999884,23375.678
18613.78,-98.27000000000044,23472.699
18613.79,-98.2599999999984,23521.223
18613.8,-98.25,23181.73
18613.81,-98.23999999999796,23521.223
18613.82,-98.22999999999956,23569.752
18613.83,-98.21999999999753,23278.688
18613.84,-98.20999999999913,22891.057
18613.85,-98.20000000000073,23084.807
18613.86,-98.18999999999869,23472.699
18613.87,-98.18000000000029,23618.293
18613.88,-98.16999999999825,23424.184
18613.89,-98.15999999999985,23472.699
18613.9,-98.14999999999782,23424.184
18613.91,-98.13999999999942,23278.688
18613.92,-98.13000000000102,22939.482
18613.93,-98.11999999999898,23521.223
18613.94,-98.11000000000058,24055.512
18613.95,-98.09999999999854,23327.178
18613.96,-98.09000000000015,23133.266
18613.97,-98.07999999999811,23472.699
18613.98,-98.06999999999971,23763.959
18613.99,-98.05999999999767,23424.184
18614.0,-98.04999999999927,22939.482
18614.01,-98.04000000000087,22745.828
18614.02,-98.02999999999884,22745.828
18614.03,-98.02000000000044,23084.807
18614.04,-98.0099999999984,23569.752
18614.05,-98.0,23861.109
18614.06,-97.98999999999796,23521.223
18614.07,-97.97999999999956,23618.293
18614.08,-97.96999999999753,23375.678
18614.09,-97.95999999999913,23666.84
18614.1,-97.95000000000073,23472.699
18614.11,-97.93999999999869,23036.357
18614.12,-97.93000000000029,22891.057
18614.13,-97.91999999999825,22745.828
18614.14,-97.90999999999985,23230.205
18614.15,-97.89999999999782,23812.531
18614.16,-97.88999999999942,23472.699
18614.17,-97.88000000000102,23424.184
18614.18,-97.86999999999898,23278.688
18614.19,-97.86000000000058,23084.807
18614.2,-97.84999999999854,22939.482
18614.21,-97.84000000000015,23230.205
18614.22,-97.82999999999811,23278.688
18614.23,-97.81999999999971,23375.678
18614.24,-97.80999999999767,23763.959
18614.25,-97.79999999999927,23472.699
18614.26,-97.79000000000087,22939.482
18614.27,-97.77999999999884,23424.184
18614.28,-97.77000000000044,23618.293
18614.29,-97.7599999999984,23521.223
18614.3,-97.75,23278.688
18614.31,-97.73999999999796,22794.229
18614.32,-97.72999999999956,23375.678
18614.33,-97.71999999999753,23472.699
18614.34,-97.70999999999913,23327.178
18614.35,-97.70000000000073,23375.678
18614.36,-97.68999999999869,23375.678
18614.37,-97.68000000000029,23278.688
18614.38,-97.66999999999825,23036.357
18614.39,-97.65999999999985,23521.223
18614.4,-97.64999999999782,23424.184
18614.41,-97.63999999999942,23424.184
18614.42,-97.63000000000102,23230.205
18614.43,-97.61999999999898,23472.699
18614.44,-97.61000000000058,23424.184
18614.45,-97.59999999999854,23036.357
18614.46,-97.59000000000015,22891.057
18614.47,-97.57999999999811,23375.678
18614.48,-97.56999999999971,23666.84
18614.49,-97.55999999999767,23666.84
18614.5,-97.54999999999927,23618.293
18614.51,-97.54000000000087,23278.688
18614.52,-97.52999999999884,23278.688
18614.53,-97.52000000000044,23181.73
18614.54,-97.5099999999984,22939.482
18614.55,-97.5,23133.266
18614.56,-97.48999999999796,23666.84
18614.57,-97.47999999999956,23472.699
18614.58,-97.46999999999753,23375.678
18614.59,-97.45999999999913,22987.916
18614.6,-97.45000000000073,23084.807
18614.61,-97.43999999999869,23084.807
18614.62,-97.43000000000029,23569.752
18614.63,-97.41999999999825,23569.752
18614.64,-97.40999999999985,23472.699
18614.65,-97.39999999999782,22939.482
18614.66,-97.38999999999942,23327.178
18614.67,-97.38000000000102,23375.678
18614.68,-97.36999999999898,23618.293
18614.69,-97.36000000000058,23472.699
18614.7,-97.34999999999854,23375.678
18614.71,-97.34000000000015,23084.807
18614.72,-97.32999999999811,23084.807
18614.73,-97.31999999999971,23472.699
18614.74,-97.30999999999767,23327.178
18614.75,-97.29999999999927,22987.916
18614.76,-97.29000000000087,22794.229
18614.77,-97.27999999999884,23618.293
18614.78,-97.27000000000044,23521.223
18614.79,-97.2599999999984,23230.205
18614.8,-97.25,23375.678
18614.81,-97.23999999999796,23521.223
18614.82,-97.22999999999956,23909.699
18614.83,-97.21999999999753,23812.531
18614.84,-97.20999999999913,23521.223
18614.85,-97.20000000000073,23084.807
18614.86,-97.18999999999869,22939.482
18614.87,-97.18000000000029,23084.807
18614.88,-97.16999999999825,23327.178
18614.89,-97.15999999999985,23278.688
18614.9,-97.14999999999782,22987.916
18614.91,-97.13999999999942,23424.184
18614.92,-97.13000000000102,23521.223
18614.93,-97.11999999999898,23715.395
18614.94,-97.11000000000058,23424.184
18614.95,-97.09999999999854,23036.357
18614.96,-97.09000000000015,23327.178
18614.97,-97.07999999999811,23521.223
18614.98,-97.06999999999971,22891.057
18614.99,-97.05999999999767,23424.184
18615.0,-97.04999999999927,23472.699
18615.01,-97.04000000000087,23230.205
18615.02,-97.02999999999884,23375.678
18615.03,-97.02000000000044,23278.688
18615.04,-97.0099999999984,23569.752
18615.05,-97.0,23521.223
18615.06,-96.98999999999796,23375.678
18615.07,-96.97999999999956,23084.807
18615.08,-96.96999999999753,23278.688
18615.09,-96.95999999999913,23472.699
18615.1,-96.95000000000073,23472.699
18615.11,-96.93999999999869,22939.482
18615.12,-96.93000000000029,23133.266
18615.13,-96.91999999999825,22891.057
18615.14,-96.90999999999985,23327.178
18615.15,-96.89999999999782,23424.184
18615.16,-96.88999999999942,23472.699
18615.17,-96.88000000000102,23181.73
18615.18,-96.86999999999898,23230.205
18615.19,-96.86000000000058,23084.807
18615.2,-96.84999999999854,23327.178
18615.21,-96.84000000000015,23084.807
18615.22,-96.82999999999811,22842.639
18615.23,-96.81999999999971,23472.699
18615.24,-96.80999999999767,23861.109
18615.25,-96.79999999999927,23521.223
18615.26,-96.79000000000087,22891.057
18615.27,-96.77999999999884,23472.699
18615.28,-96.77000000000044,23618.293
18615.29,-96.7599999999984,23084.807
18615.3,-96.75,23230.205
18615.31,-96.73999999999796,22987.916
18615.32,-96.72999999999956,23133.266
18615.33,-96.71999999999753,23084.807
18615.34,-96.70999999999913,23133.266
18615.35,-96.70000000000073,23133.266
18615.36,-96.68999999999869,23036.357
18615.37,-96.68000000000029,22842.639
18615.38,-96.66999999999825,22794.229
18615.39,-96.65999999999985,23424.184
18615.4,-96.64999999999782,23472.699
18615.41,-96.63999999999942,23278.688
18615.42,-96.63000000000102,23375.678
18615.43,-96.61999999999898,23230.205
18615.44,-96.61000000000058,22842.639
18615.45,-96.59999999999854,23375.678
18615.46,-96.59000000000015,22939.482
18615.47,-96.57999999999811,22745.828
18615.48,-96.56999999999971,23084.807
18615.49,-96.55999999999767,22987.916
18615.5,-96.54999999999927,23084.807
18615.51,-96.54000000000087,22987.916
18615.52,-96.52999999999884,23715.395
18615.53,-96.52000000000044,23861.109
18615.54,-96.5099999999984,23666.84
18615.55,-96.5,23424.184
18615.56,-96.48999999999796,23230.205
18615.57,-96.47999999999956,23230.205
18615.58,-96.46999999999753,23084.807
18615.59,-96.45999999999913,23278.688
18615.6,-96.45000000000073,23327.178
18615.61,-96.43999999999869,23618.293
18615.62,-96.43000000000029,23472.699
18615.63,-96.41999999999825,22939.482
18615.64,-96.40999999999985,23181.73
18615.65,-96.39999999999782,23278.688
18615.66,-96.38999999999942,23133.266
18615.67,-96.38000000000102,23375.678
18615.68,-96.36999999999898,23278.688
18615.69,-96.36000000000058,23084.807
18615.7,-96.34999999999854,22939.482
18615.71,-96.34000000000015,22939.482
18615.72,-96.32999999999811,23181.73
18615.73,-96.31999999999971,23036.357
18615.74,-96.30999999999767,23424.184
18615.75,-96.29999999999927,23472.699
18615.76,-96.29000000000087,22939.482
18615.77,-96.27999999999884,22891.057
18615.78,-96.27000000000044,22794.229
18615.79,-96.2599999999984,23036.357
18615.8,-96.25,23666.84
18615.81,-96.23999999999796,23763.959
18615.82,-96.22999999999956,23327.178
18615.83,-96.21999999999753,23278.688
18615.84,-96.20999999999913,23472.699
18615.85,-96.20000000000073,22987.916
18615.86,-96.18999999999869,23375.678
18615.87,-96.18000000000029,23424.184
18615.88,-96.16999999999825,23278.688
18615.89,-96.15999999999985,23327.178
18615.9,-96.14999999999782,23278.688
18615.91,-96.13999999999942,23036.357
18615.92,-96.13000000000102,23084.807
18615.93,-96.11999999999898,23230.205
18615.94,-96.11000000000058,23084.807
18615.95,-96.09999999999854,23278.688
18615.96,-96.09000000000015,23424.184
18615.97,-96.07999999999811,23036.357
18615.98,-96.06999999999971,23472.699
18615.99,-96.05999999999767,23666.84
18616.0,-96.04999999999927,23472.699
18616.01,-96.04000000000087,23036.357
18616.02,-96.02999999999884,22891.057
18616.03,-96.02000000000044,23084.807
18616.04,-96.0099999999984,23084.807
18616.05,-96.0,23084.807
18616.06,-95.98999999999796,23327.178
18616.07,-95.97999999999956,23230.205
18616.08,-95.96999999999753,23327.178
18616.09,-95.95999999999913,23472.699
18616.1,-95.95000000000073,23715.395
18616.11,-95.93999999999869,23327.178
18616.12,-95.93000000000029,22891.057
18616.13,-95.91999999999825,23036.357
18616.14,-95.90999999999985,23569.752
18616.15,-95.89999999999782,23958.295
18616.16,-95.88999999999942,23618.293
18616.17,-95.88000000000102,23618.293
18616.18,-95.86999999999898,23278.688
18616.19,-95.86000000000058,23084.807
18616.2,-95.84999999999854,23036.357
18616.21,-95.84000000000015,23521.223
18616.22,-95.82999999999811,23278.688
18616.23,-95.81999999999971,23084.807
18616.24,-95.80999999999767,23084.807
18616.25,-95.79999999999927,23181.73
18616.26,-95.79000000000087,22987.916
18616.27,-95.77999999999884,23472.699
18616.28,-95.77000000000044,23666.84
18616.29,-95.7599999999984,23424.184
18616.3,-95.75,23084.807
18616.31,-95.73999999999796,22891.057
18616.32,-95.72999999999956,23133.266
18616.33,-95.71999999999753,23666.84
18616.34,-95.70999999999913,23424.184
18616.35,-95.70000000000073,23472.699
18616.36,-95.68999999999869,23472.699
18616.37,-95.68000000000029,23375.678
18616.38,-95.66999999999825,23036.357
18616.39,-95.65999999999985,23472.699
18616.4,-95.64999999999782,23084.807
18616.41,-95.63999999999942,23230.205
18616.42,-95.63000000000102,23375.678
18616.43,-95.61999999999898,22987.916
18616.44,-95.61000000000058,23327.178
18616.45,-95.59999999999854,22987.916
18616.46,-95.59000000000015,23084.807
18616.47,-95.57999999999811,23521.223
18616.48,-95.56999999999971,23521.223
18616.49,-95.55999999999767,23230.205
18616.5,-95.54999999999927,23084.807
18616.51,-95.54000000000087,23036.357
18616.52,-95.52999999999884,23230.205
18616.53,-95.52000000000044,23278.688
18616.54,-95.5099999999984,23472.699
18616.55,-95.5,23666.84
18616.56,-95.48999999999796,23375.678
18616.57,-95.47999999999956,23084.807
18616.58,-95.46999999999753,23084.807
18616.59,-95.45999999999913,23327.178
18616.6,-95.45000000000073,23278.688
18616.61,-95.43999999999869,23375.678
18616.62,-95.43000000000029,23375.678
18616.63,-95.41999999999825,22891.057
18616.64,-95.40999999999985,22939.482
18616.65,-95.39999999999782,23278.688
18616.66,-95.38999999999942,23181.73
18616.67,-95.38000000000102,23472.699
18616.68,-95.36999999999898,23521.223
18616.69,-95.36000000000058,23958.295
18616.7,-95.34999999999854,23569.752
18616.71,-95.34000000000015,23133.266
18616.72,-95.32999999999811,22842.639
18616.73,-95.31999999999971,22891.057
18616.74,-95.30999999999767,23084.807
18616.75,-95.29999999999927,23472.699
18616.76,-95.29000000000087,22939.482
18616.77,-95.27999999999884,23521.223
18616.78,-95.27000000000044,23812.531
18616.79,-95.2599999999984,23521.223
18616.8,-95.25,23278.688
18616.81,-95.23999999999796,23327.178
18616.82,-95.22999999999956,23084.807
18616.83,-95.21999999999753,23375.678
18616.84,-95.20999999999913,23666.84
18616.85,-95.20000000000073,23715.395
18616.86,-95.18999999999869,23375.678
18616.87,-95.18000000000029,23327.178
18616.88,-95.16999999999825,23278.688
18616.89,-95.15999999999985,23036.357
18616.9,-95.14999999999782,22697.436
18616.91,-95.13999999999942,23230.205
18616.92,-95.13000000000102,23133.266
18616.93,-95.11999999999898,23618.293
18616.94,-95.11000000000058,23666.84
18616.95,-95.09999999999854,23472.699
18616.96,-95.09000000000015,23036.357
18616.97,-95.07999999999811,23278.688
18616.98,-95.06999999999971,23472.699
18616.99,-95.05999999999767,23327.178
18617.0,-95.04999999999927,23036.357
18617.01,-95.04000000000087,22697.436
18617.02,-95.02999999999884,22987.916
18617.03,-95.02000000000044,23424.184
18617.04,-95.0099999999984,23278.688
18617.05,-95.0,23618.293
18617.06,-94.98999999999796,23084.807
18617.07,-94.97999999999956,23375.678
18617.08,-94.96999999999753,23618.293
18617.09,-94.95999999999913,23521.223
18617.1,-94.95000000000073,23278.688
18617.11,-94.93999999999869,22891.057
18617.12,-94.93000000000029,23036.357
18617.13,-94.91999999999825,23133.266
18617.14,-94.90999999999985,23472.699
18617.15,-94.89999999999782,23715.395
18617.16,-94.88999999999942,23036.357
18617.17,-94.88000000000102,23424.184
18617.18,-94.86999999999898,23521.223
18617.19,-94.86000000000058,23230.205
18617.2,-94.84999999999854,23327.178
18617.21,-94.84000000000015,23036.357
18617.22,-94.82999999999811,23230.205
18617.23,-94.81999999999971,22987.916
18617.24,-94.80999999999767,23133.266
18617.25,-94.79999999999927,23327.178
18617.26,-94.79000000000087,22987.916
18617.27,-94.77999999999884,23278.688
18617.28,-94.77000000000044,23909.699
18617.29,-94.7599999999984,23861.109
18617.3,-94.75,23327.178
18617.31,-94.73999999999796,23375.678
18617.32,-94.72999999999956,22939.482
18617.33,-94.71999999999753,22939.482
18617.34,-94.70999999999913,22842.639
18617.35,-94.70000000000073,22697.436
18617.36,-94.68999999999869,22310.584
18617.37,-94.68000000000029,22794.229
18617.38,-94.66999999999825,22745.828
18617.39,-94.65999999999985,22939.482
18617.4,-94.64999999999782,22891.057
18617.41,-94.63999999999942,23036.357
18617.42,-94.63000000000102,22842.639
18617.43,-94.61999999999898,22891.057
18617.44,-94.61000000000058,22891.057
18617.45,-94.59999999999854,22939.482
18617.46,-94.59000000000015,22697.436
18617.47,-94.57999999999811,22649.051
18617.48,-94.56999999999971,22987.916
18617.49,-94.55999999999767,23084.807
18617.5,-94.54999999999927,23278.688
18617.51,-94.54000000000087,22891.057
18617.52,-94.52999999999884,22987.916
18617.53,-94.52000000000044,23084.807
18617.54,-94.5099999999984,23278.688
18617.55,-94.5,23084.807
18617.56,-94.48999999999796,23424.184
18617.57,-94.47999999999956,22600.674
18617.58,-94.46999999999753,22503.943
18617.59,-94.45999999999913,22745.828
18617.6,-94.45000000000073,22794.229
18617.61,-94.43999999999869,23133.266
18617.62,-94.43000000000029,22987.916
18617.63,-94.41999999999825,22939.482
18617.64,-94.40999999999985,22987.916
18617.65,-94.39999999999782,22987.916
18617.66,-94.38999999999942,22697.436
18617.67,-94.38000000000102,22891.057
18617.68,-94.36999999999898,23036.357
18617.69,-94.36000000000058,22697.436
18617.7,-94.34999999999854,22455.592
18617.71,-94.34000000000015,22842.639
18617.72,-94.32999999999811,22891.057
18617.73,-94.31999999999971,23084.807
18617.74,-94.30999999999767,22987.916
18617.75,-94.29999999999927,23084.807
18617.76,-94.29000000000087,22649.051
18617.77,-94.27999999999884,23181.73
18617.78,-94.27000000000044,23278.688
18617.79,-94.2599999999984,23181.73
18617.8,-94.25,22455.592
18617.81,-94.23999999999796,22600.674
18617.82,-94.22999999999956,22842.639
18617.83,-94.21999999999753,22794.229
18617.84,-94.20999999999913,23084.807
18617.85,-94.20000000000073,23278.688
18617.86,-94.18999999999869,22939.482
18617.87,-94.18000000000029,23181.73
18617.88,-94.16999999999825,22503.943
18617.89,-94.15999999999985,22939.482
18617.9,-94.14999999999782,23084.807
18617.91,-94.13999999999942,23036.357
18617.92,-94.13000000000102,23084.807
18617.93,-94.11999999999898,22987.916
18617.94,-94.11000000000058,23327.178
18617.95,-94.09999999999854,23084.807
18617.96,-94.09000000000015,22794.229
18617.97,-94.07999999999811,23084.807
18617.98,-94.06999999999971,22891.057
18617.99,-94.05999999999767,23084.807
18618.0,-94.04999999999927,22987.916
18618.01,-94.04000000000087,22697.436
18618.02,-94.02999999999884,22600.674
18618.03,-94.02000000000044,22697.436
18618.04,-94.0099999999984,23036.357
18618.05,-94.0,22939.482
18618.06,-93.98999999999796,23133.266
18618.07,-93.97999999999956,23084.807
18618.08,-93.96999999999753,23084.807
18618.09,-93.95999999999913,22891.057
18618.1,-93.95000000000073,22697.436
18618.11,-93.93999999999869,22891.057
18618.12,-93.93000000000029,22697.436
18618.13,-93.91999999999825,22842.639
18618.14,-93.90999999999985,23230.205
18618.15,-93.89999999999782,23569.752
18618.16,-93.88999999999942,23424.184
18618.17,-93.88000000000102,23230.205
18618.18,-93.86999999999898,23375.678
18618.19,-93.86000000000058,23084.807
18618.2,-93.84999999999854,22987.916
18618.21,-93.84000000000015,22745.828
18618.22,-93.82999999999811,22939.482
18618.23,-93.81999999999971,23133.266
18618.24,-93.80999999999767,23327.178
18618.25,-93.79999999999927,22745.828
18618.26,-93.79000000000087,22455.592
18618.27,-93.77999999999884,22939.482
18618.28,-93.77000000000044,23036.357
18618.29,-93.7599999999984,23618.293
18618.3,-93.75,23181.73
18618.31,-93.73999999999796,22891.057
18618.32,-93.72999999999956,22697.436
18618.33,-93.71999999999753,22649.051
18618.34,-93.70999999999913,22745.828
18618.35,-93.70000000000073,22552.305
18618.36,-93.68999999999869,22552.305
18618.37,-93.68000000000029,22745.828
18618.38,-93.66999999999825,22745.828
18618.39,-93.65999999999985,23084.807
18618.4,-93.64999999999782,23230.205
18618.41,-93.63999999999942,23618.293
18618.42,-93.63000000000102,23666.84
18618.43,-93.61999999999898,23812.531
18618.44,-93.61000000000058,23521.223
18618.45,-93.59999999999854,23278.688
18618.46,-93.59000000000015,23133.266
18618.47,-93.57999999999811,22987.916
18618.48,-93.56999999999971,23278.688
18618.49,-93.55999999999767,23763.959
18618.5,-93.54999999999927,23861.109
18618.51,-93.54000000000087,23278.688
18618.52,-93.52999999999884,23375.678
18618.53,-93.52000000000044,22939.482
18618.54,-93.5099999999984,23230.205
18618.55,-93.5,23230.205
18618.56,-93.48999999999796,23181.73
18618.57,-93.47999999999956,23084.807
18618.58,-93.46999999999753,23521.223
18618.59,-93.45999999999913,23327.178
18618.6,-93.45000000000073,23666.84
18618.61,-93.43999999999869,23472.699
18618.62,-93.43000000000029,23715.395
18618.63,-93.41999999999825,23569.752
18618.64,-93.40999999999985,23424.184
18618.65,-93.39999999999782,23278.688
18618.66,-93.38999999999942,23424.184
18618.67,-93.38000000000102,23666.84
18618.68,-93.36999999999898,23715.395
18618.69,-93.36000000000058,23521.223
18618.7,-93.34999999999854,23715.395
18618.71,-93.34000000000015,23181.73
18618.72,-93.32999999999811,23084.807
18618.73,-93.31999999999971,23472.699
18618.74,-93.30999999999767,23327.178
18618.75,-93.29999999999927,23084.807
18618.76,-93.29000000000087,23375.678
18618.77,-93.27999999999884,23715.395
18618.78,-93.27000000000044,23424.184
18618.79,-93.2599999999984,23133.266
18618.8,-93.25,23036.357
18618.81,-93.23999999999796,23230.205
18618.82,-93.22999999999956,23618.293
18618.83,-93.21999999999753,23715.395
18618.84,-93.20999999999913,23278.688
18618.85,-93.20000000000073,23181.73
18618.86,-93.18999999999869,23375.678
18618.87,-93.18000000000029,23424.184
18618.88,-93.16999999999825,23036.357
18618.89,-93.15999999999985,23424.184
18618.9,-93.14999999999782,23472.699
18618.91,-93.13999999999942,23618.293
18618.92,-93.13000000000102,23133.266
18618.93,-93.11999999999898,23521.223
18618.94,-93.11000000000058,23472.699
18618.95,-93.09999999999854,23181.73
18618.96,-93.09000000000015,23472.699
18618.97,-93.07999999999811,23424.184
18618.98,-93.06999999999971,23812.531
18618.99,-93.05999999999767,23666.84
18619.0,-93.04999999999927,22987.916
18619.01,-93.04000000000087,22842.639
18619.02,-93.02999999999884,23327.178
18619.03,-93.02000000000044,23909.699
18619.04,-93.0099999999984,23715.395
18619.05,-93.0,23763.959
18619.06,-92.98999999999796,23424.184
18619.07,-92.97999999999956,23036.357
18619.08,-92.96999999999753,23133.266
18619.09,-92.95999999999913,23569.752
18619.1,-92.95000000000073,23424.184
18619.11,-92.93999999999869,23375.678
18619.12,-92.93000000000029,23424.184
18619.13,-92.91999999999825,23084.807
18619.14,-92.90999999999985,23812.531
18619.15,-92.89999999999782,23715.395
18619.16,-92.88999999999942,23375.678
18619.17,-92.88000000000102,23327.178
18619.18,-92.86999999999898,23618.293
18619.19,-92.86000000000058,23424.184
18619.2,-92.84999999999854,23278.688
18619.21,-92.84000000000015,23521.223
18619.22,-92.82999999999811,23424.184
18619.23,-92.81999999999971,23521.223
18619.24,-92.80999999999767,23666.84
18619.25,-92.79999999999927,23715.395
18619.26,-92.79000000000087,23375.678
18619.27,-92.77999999999884,23278.688
18619.28,-92.77000000000044,23084.807
18619.29,-92.7599999999984,23472.699
18619.3,-92.75,23521.223
18619.31,-92.73999999999796,23521.223
18619.32,-92.72999999999956,23521.223
18619.33,-92.71999999999753,23569.752
18619.34,-92.70999999999913,23278.688
18619.35,-92.70000000000073,23133.266
18619.36,-92.68999999999869,23472.699
18619.37,-92.68000000000029,23521.223
18619.38,-92.66999999999825,23521.223
18619.39,-92.65999999999985,24055.512
18619.4,-92.64999999999782,23909.699
18619.41,-92.63999999999942,23812.531
18619.42,-92.63000000000102,23909.699
18619.43,-92.61999999999898,23084.807
18619.44,-92.61000000000058,22939.482
18619.45,-92.59999999999854,23327.178
18619.46,-92.59000000000015,23472.699
18619.47,-92.57999999999811,23909.699
18619.48,-92.56999999999971,23375.678
18619.49,-92.55999999999767,23521.223
18619.5,-92.54999999999927,23715.395
18619.51,-92.54000000000087,23230.205
18619.52,-92.52999999999884,23375.678
18619.53,-92.52000000000044,23084.807
18619.54,-92.5099999999984,23230.205
18619.55,-92.5,23327.178
18619.56,-92.48999999999796,23812.531
18619.57,-92.47999999999956,24006.898
18619.58,-92.46999999999753,23861.109
18619.59,-92.45999999999913,23181.73
18619.6,-92.45000000000073,22794.229
18619.61,-92.43999999999869,22987.916
18619.62,-92.43000000000029,22649.051
18619.63,-92.41999999999825,23084.807
18619.64,-92.40999999999985,23666.84
18619.65,-92.39999999999782,23278.688
18619.66,-92.38999999999942,23715.395
18619.67,-92.38000000000102,23424.184
18619.68,-92.36999999999898,23521.223
18619.69,-92.36000000000058,23327.178
18619.7,-92.34999999999854,23375.678
18619.71,-92.34000000000015,22987.916
18619.72,-92.32999999999811,23472.699
18619.73,-92.31999999999971,23133.266
18619.74,-92.30999999999767,23327.178
18619.75,-92.29999999999927,23278.688
18619.76,-92.29000000000087,23230.205
18619.77,-92.27999999999884,23909.699
18619.78,-92.27000000000044,23569.752
18619.79,-92.2599999999984,23763.959
18619.8,-92.25,23133.266
18619.81,-92.23999999999796,22891.057
18619.82,-92.22999999999956,23133.266
18619.83,-92.21999999999753,22987.916
18619.84,-92.20999999999913,22987.916
18619.85,-92.20000000000073,23084.807
18619.86,-92.18999999999869,23472.699
18619.87,-92.18000000000029,23521.223
18619.88,-92.16999999999825,23230.205
18619.89,-92.15999999999985,23472.699
18619.9,-92.14999999999782,23812.531
18619.91,-92.13999999999942,23327.178
18619.92,-92.13000000000102,22891.057
18619.93,-92.11999999999898,22987.916
18619.94,-92.11000000000058,23327.178
18619.95,-92.09999999999854,23375.678
18619.96,-92.09000000000015,23278.688
18619.97,-92.07999999999811,23327.178
18619.98,-92.06999999999971,23278.688
18619.99,-92.05999999999767,23472.699
18620.0,-92.04999999999927,23375.678
18620.01,-92.04000000000087,23327.178
18620.02,-92.02999999999884,23327.178
18620.03,-92.02000000000044,23230.205
18620.04,-92.0099999999984,23375.678
18620.05,-92.0,23181.73
18620.06,-91.98999999999796,23230.205
18620.07,-91.97999999999956,23472.699
18620.08,-91.96999999999753,23715.395
18620.09,-91.95999999999913,23618.293
18620.1,-91.95000000000073,23278.688
18620.11,-91.93999999999869,23084.807
18620.12,-91.93000000000029,22891.057
18620.13,-91.91999999999825,23036.357
18620.14,-91.90999999999985,23569.752
18620.15,-91.89999999999782,23715.395
18620.16,-91.88999999999942,23666.84
18620.17,-91.88000000000102,23375.678
18620.18,-91.86999999999898,23278.688
18620.19,-91.86000000000058,23084.807
18620.2,-91.84999999999854,23084.807
18620.21,-91.84000000000015,23036.357
18620.22,-91.82999999999811,23036.357
18620.23,-91.81999999999971,23084.807
18620.24,-91.80999999999767,23569.752
18620.25,-91.79999999999927,23375.678
18620.26,-91.79000000000087,23036.357
18620.27,-91.77999999999884,23036.357
18620.28,-91.77000000000044,23133.266
18620.29,-91.7599999999984,23327.178
18620.3,-91.75,23230.205
18620.31,-91.73999999999796,23472.699
18620.32,-91.72999999999956,23569.752
18620.33,-91.71999999999753,23084.807
18620.34,-91.70999999999913,23084.807
18620.35,-91.70000000000073,23084.807
18620.36,-91.68999999999869,23521.223
18620.37,-91.68000000000029,23666.84
18620.38,-91.66999999999825,23278.688
18620.39,-91.65999999999985,23666.84
18620.4,-91.64999999999782,23375.678
18620.41,-91.63999999999942,23181.73
18620.42,-91.63000000000102,23181.73
18620.43,-91.61999999999898,23036.357
18620.44,-91.61000000000058,23036.357
18620.45,-91.59999999999854,23521.223
18620.46,-91.59000000000015,23569.752
18620.47,-91.57999999999811,23715.395
18620.48,-91.56999999999971,23763.959
18620.49,-91.55999999999767,23424.184
18620.5,-91.54999999999927,23230.205
18620.51,-91.54000000000087,22842.639
18620.52,-91.52999999999884,23375.678
18620.53,-91.52000000000044,23278.688
18620.54,-91.5099999999984,23181.73
18620.55,-91.5,23375.678
18620.56,-91.48999999999796,23327.178
18620.57,-91.47999999999956,23424.184
18620.58,-91.46999999999753,23230.205
18620.59,-91.45999999999913,23327.178
18620.6,-91.45000000000073,22939.482
18620.61,-91.43999999999869,23036.357
18620.62,-91.43000000000029,23472.699
18620.63,-91.41999999999825,23278.688
18620.64,-91.40999999999985,23181.73
18620.65,-91.39999999999782,23424.184
18620.66,-91.38999999999942,23278.688
18620.67,-91.38000000000102,22891.057
18620.68,-91.36999999999898,23133.266
18620.69,-91.36000000000058,23909.699
18620.7,-91.34999999999854,23958.295
18620.71,-91.34000000000015,23521.223
18620.72,-91.32999999999811,23327.178
18620.73,-91.31999999999971,23230.205
18620.74,-91.30999999999767,22987.916
18620.75,-91.29999999999927,22794.229
18620.76,-91.29000000000087,22697.436
18620.77,-91.27999999999884,23472.699
18620.78,-91.27000000000044,23472.699
18620.79,-91.2599999999984,23424.184
18620.8,-91.25,23278.688
18620.81,-91.23999999999796,23084.807
18620.82,-91.22999999999956,23084.807
18620.83,-91.21999999999753,23472.699
18620.84,-91.20999999999913,23133.266
18620.85,-91.20000000000073,22649.051
18620.86,-91.18999999999869,23036.357
18620.87,-91.18000000000029,23278.688
18620.88,-91.16999999999825,23375.678
18620.89,-91.15999999999985,23472.699
18620.9,-91.14999999999782,23278.688
18620.91,-91.13999999999942,23181.73
18620.92,-91.13000000000102,23375.678
18620.93,-91.11999999999898,23327.178
18620.94,-91.11000000000058,22891.057
18620.95,-91.09999999999854,23181.73
18620.96,-91.09000000000015,23036.357
18620.97,-91.07999999999811,22891.057
18620.98,-91.06999999999971,23084.807
18620.99,-91.05999999999767,23327.178
18621.0,-91.04999999999927,23278.688
18621.01,-91.04000000000087,22939.482
18621.02,-91.02999999999884,23278.688
18621.03,-91.02000000000044,22939.482
18621.04,-91.0099999999984,23133.266
18621.05,-91.0,23521.223
18621.06,-90.98999999999796,23424.184
18621.07,-90.97999999999956,23327.178
18621.08,-90.96999999999753,23424.184
18621.09,-90.95999999999913,23375.678
18621.1,-90.95000000000073,22939.482
18621.11,-90.93999999999869,23133.266
18621.12,-90.93000000000029,23327.178
18621.13,-90.91999999999825,22842.639
18621.14,-90.90999999999985,23133.266
18621.15,-90.89999999999782,23278.688
18621.16,-90.88999999999942,23230.205
18621.17,-90.88000000000102,23230.205
18621.18,-90.86999999999898,22891.057
18621.19,-90.86000000000058,22891.057
18621.2,-90.84999999999854,23084.807
18621.21,-90.84000000000015,23181.73
18621.22,-90.82999999999811,23521.223
18621.23,-90.81999999999971,23327.178
18621.24,-90.80999999999767,23472.699
18621.25,-90.79999999999927,23618.293
18621.26,-90.79000000000087,22939.482
18621.27,-90.77999999999884,23036.357
18621.28,-90.77000000000044,22842.639
18621.29,-90.7599999999984,23084.807
18621.3,-90.75,22891.057
18621.31,-90.73999999999796,23181.73
18621.32,-90.72999999999956,23715.395
18621.33,-90.71999999999753,23375.678
18621.34,-90.70999999999913,23036.357
18621.35,-90.70000000000073,23036.357
18621.36,-90.68999999999869,22891.057
18621.37,-90.68000000000029,23181.73
18621.38,-90.66999999999825,23181.73
18621.39,-90.65999999999985,23327.178
18621.4,-90.64999999999782,23424.184
18621.41,-90.63999999999942,23521.223
18621.42,-90.63000000000102,22939.482
18621.43,-90.61999999999898,23133.266
18621.44,-90.61000000000058,23084.807
18621.45,-90.59999999999854,23036.357
18621.46,-90.59000000000015,23521.223
18621.47,-90.57999999999811,23133.266
18621.48,-90.56999999999971,22891.057
18621.49,-90.55999999999767,22987.916
18621.5,-90.54999999999927,23084.807
18621.51,-90.54000000000087,22745.828
18621.52,-90.52999999999884,23133.266
18621.53,-90.52000000000044,23666.84
18621.54,-90.5099999999984,23181.73
18621.55,-90.5,23618.293
18621.56,-90.48999999999796,23084.807
18621.57,-90.47999999999956,23327.178
18621.58,-90.46999999999753,23084.807
18621.59,-90.45999999999913,23181.73
18621.6,-90.45000000000073,23472.699
18621.61,-90.43999999999869,23424.184
18621.62,-90.43000000000029,23278.688
18621.63,-90.41999999999825,23133.266
18621.64,-90.40999999999985,23278.688
18621.65,-90.39999999999782,23375.678
18621.66,-90.38999999999942,23278.688
18621.67,-90.38000000000102,23472.699
18621.68,-90.36999999999898,23084.807
18621.69,-90.36000000000058,23278.688
18621.7,-90.34999999999854,23327.178
18621.71,-90.34000000000015,23327.178
18621.72,-90.32999999999811,23375.678
18621.73,-90.31999999999971,22891.057
18621.74,-90.30999999999767,23133.266
18621.75,-90.29999999999927,23084.807
18621.76,-90.29000000000087,23133.266
18621.77,-90.27999999999884,23521.223
18621.78,-90.27000000000044,22987.916
18621.79,-90.2599999999984,23181.73
18621.8,-90.25,23521.223
18621.81,-90.23999999999796,23230.205
18621.82,-90.22999999999956,23133.266
18621.83,-90.21999999999753,23569.752
18621.84,-90.20999999999913,23909.699
18621.85,-90.20000000000073,23569.752
18621.86,-90.18999999999869,23424.184
18621.87,-90.18000000000029,23084.807
18621.88,-90.16999999999825,22987.916
18621.89,-90.15999999999985,23763.959
18621.9,-90.14999999999782,23472.699
18621.91,-90.13999999999942,23666.84
18621.92,-90.13000000000102,23715.395
18621.93,-90.11999999999898,23521.223
18621.94,-90.11000000000058,23181.73
18621.95,-90.09999999999854,22842.639
18621.96,-90.09000000000015,23133.266
18621.97,-90.07999999999811,23181.73
18621.98,-90.06999999999971,23230.205
18621.99,-90.05999999999767,23618.293
18622.0,-90.04999999999927,23181.73
18622.01,-90.04000000000087,23084.807
18622.02,-90.02999999999884,23327.178
18622.03,-90.02000000000044,23715.395
18622.04,-90.0099999999984,23715.395
18622.05,-90.0,23278.688
18622.06,-89.98999999999796,23278.688
18622.07,-89.97999999999956,23569.752
18622.08,-89.96999999999753,23327.178
18622.09,-89.95999999999913,23327.178
18622.1,-89.95000000000073,22987.916
18622.11,-89.93999999999869,23327.178
18622.12,-89.93000000000029,23715.395
18622.13,-89.91999999999825,23569.752
18622.14,-89.90999999999985,23666.84
18622.15,-89.89999999999782,23521.223
18622.16,-89.88999999999942,23327.178
18622.17,-89.88000000000102,23084.807
18622.18,-89.86999999999898,23424.184
18622.19,-89.86000000000058,23375.678
18622.2,-89.84999999999854,23230.205
18622.21,-89.84000000000015,23084.807
18622.22,-89.82999999999811,23230.205
18622.23,-89.81999999999971,23133.266
18622.24,-89.80999999999767,23521.223
18622.25,-89.79999999999927,23521.223
18622.26,-89.79000000000087,22939.482
18622.27,-89.77999999999884,23569.752
18622.28,-89.77000000000044,23569.752
18622.29,-89.7599999999984,23230.205
18622.3,-89.75,23036.357
18622.31,-89.73999999999796,23084.807
18622.32,-89.72999999999956,23424.184
18622.33,-89.71999999999753,23181.73
18622.34,-89.70999999999913,23521.223
18622.35,-89.70000000000073,23909.699
18622.36,-89.68999999999869,23278.688
18622.37,-89.68000000000029,23327.178
18622.38,-89.66999999999825,23327.178
18622.39,-89.65999999999985,23278.688
18622.4,-89.64999999999782,23278.688
18622.41,-89.63999999999942,23472.699
18622.42,-89.63000000000102,23424.184
18622.43,-89.61999999999898,23327.178
18622.44,-89.61000000000058,22891.057
18622.45,-89.59999999999854,23133.266
18622.46,-89.59000000000015,23521.223
18622.47,-89.57999999999811,23666.84
18622.48,-89.56999999999971,23521.223
18622.49,-89.55999999999767,23181.73
18622.5,-89.54999999999927,23375.678
18622.51,-89.54000000000087,22891.057
18622.52,-89.52999999999884,23278.688
18622.53,-89.52000000000044,23521.223
18622.54,-89.5099999999984,23327.178
18622.55,-89.5,23424.184
18622.56,-89.48999999999796,23375.678
18622.57,-89.47999999999956,23375.678
18622.58,-89.46999999999753,23181.73
18622.59,-89.45999999999913,23569.752
18622.6,-89.45000000000073,23763.959
18622.61,-89.43999999999869,23424.184
18622.62,-89.43000000000029,22745.828
18622.63,-89.41999999999825,22939.482
18622.64,-89.40999999999985,23084.807
18622.65,-89.39999999999782,23375.678
18622.66,-89.38999999999942,23666.84
18622.67,-89.38000000000102,23909.699
18622.68,-89.36999999999898,23278.688
18622.69,-89.36000000000058,23278.688
18622.7,-89.34999999999854,23278.688
18622.71,-89.34000000000015,23327.178
18622.72,-89.32999999999811,23472.699
18622.73,-89.31999999999971,23715.395
18622.74,-89.30999999999767,23861.109
18622.75,-89.29999999999927,23472.699
18622.76,-89.29000000000087,22987.916
18622.77,-89.27999999999884,23036.357
18622.78,-89.27000000000044,23278.688
18622.79,-89.2599999999984,23715.395
18622.8,-89.25,23424.184
18622.81,-89.23999999999796,23278.688
18622.82,-89.22999999999956,23278.688
18622.83,-89.21999999999753,23278.688
18622.84,-89.20999999999913,23472.699
18622.85,-89.20000000000073,23715.395
18622.86,-89.18999999999869,23569.752
18622.87,-89.18000000000029,23812.531
18622.88,-89.16999999999825,23084.807
18622.89,-89.15999999999985,23278.688
18622.9,-89.14999999999782,23036.357
18622.91,-89.13999999999942,23084.807
18622.92,-89.13000000000102,23278.688
18622.93,-89.11999999999898,23521.223
18622.94,-89.11000000000058,23521.223
18622.95,-89.09999999999854,23424.184
18622.96,-89.09000000000015,23278.688
18622.97,-89.07999999999811,23812.531
18622.98,-89.06999999999971,23763.959
18622.99,-89.05999999999767,23424.184
18623.0,-89.04999999999927,23181.73
18623.01,-89.04000000000087,23424.184
18623.02,-89.02999999999884,23666.84
18623.03,-89.02000000000044,23909.699
18623.04,-89.0099999999984,23521.223
18623.05,-89.0,23327.178
18623.06,-88.98999999999796,23084.807
18623.07,-88.97999999999956,22939.482
18623.08,-88.96999999999753,23133.266
18623.09,-88.95999999999913,23472.699
18623.1,-88.95000000000073,23521.223
18623.11,-88.93999999999869,23375.678
18623.12,-88.93000000000029,23278.688
18623.13,-88.91999999999825,23327.178
18623.14,-88.90999999999985,23278.688
18623.15,-88.89999999999782,23181.73
18623.16,-88.88999999999942,23715.395
18623.17,-88.88000000000102,23375.678
18623.18,-88.86999999999898,23521.223
18623.19,-88.86000000000058,23812.531
18623.2,-88.84999999999854,23909.699
18623.21,-88.84000000000015,23472.699
18623.22,-88.82999999999811,22987.916
18623.23,-88.81999999999971,22939.482
18623.24,-88.80999999999767,23424.184
18623.25,-88.79999999999927,23715.395
18623.26,-88.79000000000087,23230.205
18623.27,-88.77999999999884,23472.699
18623.28,-88.77000000000044,23472.699
18623.29,-88.7599999999984,23375.678
18623.3,-88.75,22987.916
18623.31,-88.73999999999796,23278.688
18623.32,-88.72999999999956,23181.73
18623.33,-88.71999999999753,23278.688
18623.34,-88.70999999999913,23763.959
18623.35,-88.70000000000073,23375.678
18623.36,-88.68999999999869,23375.678
18623.37,-88.68000000000029,23230.205
18623.38,-88.66999999999825,22939.482
18623.39,-88.65999999999985,23036.357
18623.4,-88.64999999999782,23375.678
18623.41,-88.63999999999942,23472.699
18623.42,-88.63000000000102,23618.293
18623.43,-88.61999999999898,23230.205
18623.44,-88.61000000000058,23472.699
18623.45,-88.59999999999854,23084.807
18623.46,-88.59000000000015,23036.357
18623.47,-88.57999999999811,23327.178
18623.48,-88.56999999999971,23424.184
18623.49,-88.55999999999767,23763.959
18623.5,-88.54999999999927,23861.109
18623.51,-88.54000000000087,23230.205
18623.52,-88.52999999999884,23715.395
18623.53,-88.52000000000044,23521.223
18623.54,-88.5099999999984,23133.266
18623.55,-88.5,23327.178
18623.56,-88.48999999999796,23084.807
18623.57,-88.47999999999956,23181.73
18623.58,-88.46999999999753,23812.531
18623.59,-88.45999999999913,23569.752
18623.6,-88.45000000000073,23375.678
18623.61,-88.43999999999869,23036.357
18623.62,-88.43000000000029,23569.752
18623.63,-88.41999999999825,23763.959
18623.64,-88.40999999999985,23569.752
18623.65,-88.39999999999782,23521.223
18623.66,-88.38999999999942,23230.205
18623.67,-88.38000000000102,23618.293
18623.68,-88.36999999999898,23424.184
18623.69,-88.36000000000058,23278.688
18623.7,-88.34999999999854,23618.293
18623.71,-88.34000000000015,23812.531
18623.72,-88.32999999999811,23618.293
18623.73,-88.31999999999971,23424.184
18623.74,-88.30999999999767,23375.678
18623.75,-88.29999999999927,23278.688
18623.76,-88.29000000000087,22987.916
18623.77,-88.27999999999884,23424.184
18623.78,-88.27000000000044,23036.357
18623.79,-88.2599999999984,23472.699
18623.8,-88.25,23618.293
18623.81,-88.23999999999796,23472.699
18623.82,-88.22999999999956,23472.699
18623.83,-88.21999999999753,23327.178
18623.84,-88.20999999999913,23084.807
18623.85,-88.20000000000073,22745.828
18623.86,-88.18999999999869,22939.482
18623.87,-88.18000000000029,23472.699
18623.88,-88.16999999999825,23424.184
18623.89,-88.15999999999985,23521.223
18623.9,-88.14999999999782,23666.84
18623.91,-88.13999999999942,23375.678
18623.92,-88.13000000000102,23569.752
18623.93,-88.11999999999898,23521.223
18623.94,-88.11000000000058,23569.752
18623.95,-88.09999999999854,23812.531
18623.96,-88.09000000000015,23472.699
18623.97,-88.07999999999811,23375.678
18623.98,-88.06999999999971,23084.807
18623.99,-88.05999999999767,23472.699
18624.0,-88.04999999999927,23036.357
18624.01,-88.04000000000087,22794.229
18624.02,-88.02999999999884,23618.293
18624.03,-88.02000000000044,23763.959
18624.04,-88.0099999999984,23715.395
18624.05,-88.0,23375.678
18624.06,-87.98999999999796,23521.223
18624.07,-87.97999999999956,23327.178
18624.08,-87.96999999999753,23327.178
18624.09,-87.95999999999913,23327.178
18624.1,-87.95000000000073,23618.293
18624.11,-87.93999999999869,23569.752
18624.12,-87.93000000000029,23666.84
18624.13,-87.91999999999825,23618.293
18624.14,-87.90999999999985,23812.531
18624.15,-87.89999999999782,23569.752
18624.16,-87.88999999999942,23424.184
18624.17,-87.88000000000102,23278.688
18624.18,-87.86999999999898,23569.752
18624.19,-87.86000000000058,23084.807
18624.2,-87.84999999999854,23375.678
18624.21,-87.84000000000015,23666.84
18624.22,-87.82999999999811,23569.752
18624.23,-87.81999999999971,23181.73
18624.24,-87.80999999999767,22987.916
18624.25,-87.79999999999927,23521.223
18624.26,-87.79000000000087,22842.639
18624.27,-87.77999999999884,23327.178
18624.28,-87.77000000000044,23375.678
18624.29,-87.7599999999984,23278.688
18624.3,-87.75,23327.178
18624.31,-87.73999999999796,23472.699
18624.32,-87.72999999999956,23569.752
18624.33,-87.71999999999753,23278.688
18624.34,-87.70999999999913,23327.178
18624.35,-87.70000000000073,23278.688
18624.36,-87.68999999999869,23084.807
18624.37,-87.68000000000029,23424.184
18624.38,-87.66999999999825,22939.482
18624.39,-87.65999999999985,23230.205
18624.4,-87.64999999999782,23181.73
18624.41,-87.63999999999942,23521.223
18624.42,-87.63000000000102,23521.223
18624.43,-87.61999999999898,23278.688
18624.44,-87.61000000000058,23036.357
18624.45,-87.59999999999854,23327.178
18624.46,-87.59000000000015,23666.84
18624.47,-87.57999999999811,23181.73
18624.48,-87.56999999999971,23375.678
18624.49,-87.55999999999767,23618.293
18624.5,-87.54999999999927,23666.84
18624.51,-87.54000000000087,23230.205
18624.52,-87.52999999999884,23472.699
18624.53,-87.52000000000044,23278.688
18624.54,-87.5099999999984,23424.184
18624.55,-87.5,23424.184
18624.56,-87.48999999999796,22891.057
18624.57,-87.47999999999956,22939.482
18624.58,-87.46999999999753,23133.266
18624.59,-87.45999999999913,22842.639
18624.6,-87.45000000000073,23472.699
18624.61,-87.43999999999869,23812.531
18624.62,-87.43000000000029,23666.84
18624.63,-87.41999999999825,22697.436
18624.64,-87.40999999999985,22745.828
18624.65,-87.39999999999782,23084.807
18624.66,-87.38999999999942,23375.678
18624.67,-87.38000000000102,23472.699
18624.68,-87.36999999999898,23375.678
18624.69,-87.36000000000058,22987.916
18624.7,-87.34999999999854,22697.436
18624.71,-87.34000000000015,23327.178
18624.72,-87.32999999999811,23521.223
18624.73,-87.31999999999971,23763.959
18624.74,-87.30999999999767,23715.395
18624.75,-87.29999999999927,23569.752
18624.76,-87.29000000000087,23036.357
18624.77,-87.27999999999884,23327.178
18624.78,-87.27000000000044,23521.223
18624.79,-87.2599999999984,23181.73
18624.8,-87.25,23181.73
18624.81,-87.23999999999796,23084.807
18624.82,-87.22999999999956,23181.73
18624.83,-87.21999999999753,23181.73
18624.84,-87.20999999999913,23278.688
18624.85,-87.20000000000073,23375.678
18624.86,-87.18999999999869,23133.266
18624.87,-87.18000000000029,22891.057
18624.88,-87.16999999999825,23278.688
18624.89,-87.15999999999985,23375.678
18624.9,-87.14999999999782,23424.184
18624.91,-87.13999999999942,23715.395
18624.92,-87.13000000000102,23715.395
18624.93,-87.11999999999898,23666.84
18624.94,-87.11000000000058,23763.959
18624.95,-87.09999999999854,23715.395
18624.96,-87.09000000000015,23569.752
18624.97,-87.07999999999811,23569.752
18624.98,-87.06999999999971,23327.178
18624.99,-87.05999999999767,23133.266
18625.0,-87.04999999999927,23036.357
18625.01,-87.04000000000087,22891.057
18625.02,-87.02999999999884,23375.678
18625.03,-87.02000000000044,23569.752
18625.04,-87.0099999999984,23715.395
18625.05,-87.0,23278.688
18625.06,-86.98999999999796,23181.73
18625.07,-86.97999999999956,23278.688
18625.08,-86.96999999999753,23715.395
18625.09,-86.95999999999913,23084.807
18625.1,-86.95000000000073,23181.73
18625.11,-86.93999999999869,23375.678
18625.12,-86.93000000000029,23375.678
18625.13,-86.91999999999825,22987.916
18625.14,-86.90999999999985,23763.959
18625.15,-86.89999999999782,23472.699
18625.16,-86.88999999999942,23327.178
18625.17,-86.88000000000102,23521.223
18625.18,-86.86999999999898,23569.752
18625.19,-86.86000000000058,23375.678
18625.2,-86.84999999999854,23181.73
18625.21,-86.84000000000015,23133.266
18625.22,-86.82999999999811,23181.73
18625.23,-86.81999999999971,23084.807
18625.24,-86.80999999999767,23424.184
18625.25,-86.79999999999927,23521.223
18625.26,-86.79000000000087,23521.223
18625.27,-86.77999999999884,23958.295
18625.28,-86.77000000000044,23812.531
18625.29,-86.7599999999984,23133.266
18625.3,-86.75,22987.916
18625.31,-86.73999999999796,22987.916
18625.32,-86.72999999999956,23133.266
18625.33,-86.71999999999753,23278.688
18625.34,-86.70999999999913,23278.688
18625.35,-86.70000000000073,23230.205
18625.36,-86.68999999999869,23084.807
18625.37,-86.68000000000029,23036.357
18625.38,-86.66999999999825,23424.184
18625.39,-86.65999999999985,23375.678
18625.4,-86.64999999999782,22891.057
18625.41,-86.63999999999942,23230.205
18625.42,-86.63000000000102,23424.184
18625.43,-86.61999999999898,23133.266
18625.44,-86.61000000000058,22745.828
18625.45,-86.59999999999854,22891.057
18625.46,-86.59000000000015,23036.357
18625.47,-86.57999999999811,23084.807
18625.48,-86.56999999999971,23278.688
18625.49,-86.55999999999767,23521.223
18625.5,-86.54999999999927,23375.678
18625.51,-86.54000000000087,22939.482
18625.52,-86.52999999999884,23521.223
18625.53,-86.52000000000044,23909.699
18625.54,-86.5099999999984,23521.223
18625.55,-86.5,23230.205
18625.56,-86.48999999999796,22987.916
18625.57,-86.47999999999956,22939.482
18625.58,-86.46999999999753,22891.057
18625.59,-86.45999999999913,23036.357
18625.6,-86.45000000000073,23375.678
18625.61,-86.43999999999869,23181.73
18625.62,-86.43000000000029,23327.178
18625.63,-86.41999999999825,22987.916
18625.64,-86.40999999999985,23084.807
18625.65,-86.39999999999782,23230.205
18625.66,-86.38999999999942,22987.916
18625.67,-86.38000000000102,22987.916
18625.68,-86.36999999999898,23472.699
18625.69,-86.36000000000058,23375.678
18625.7,-86.34999999999854,23278.688
18625.71,-86.34000000000015,23278.688
18625.72,-86.32999999999811,23181.73
18625.73,-86.31999999999971,22842.639
18625.74,-86.30999999999767,22891.057
18625.75,-86.29999999999927,23036.357
18625.76,-86.29000000000087,22697.436
18625.77,-86.27999999999884,23181.73
18625.78,-86.27000000000044,23472.699
18625.79,-86.2599999999984,23958.295
18625.8,-86.25,23861.109
18625.81,-86.23999999999796,23472.699
18625.82,-86.22999999999956,23084.807
18625.83,-86.21999999999753,23036.357
18625.84,-86.20999999999913,22939.482
18625.85,-86.20000000000073,23327.178
18625.86,-86.18999999999869,23327.178
18625.87,-86.18000000000029,23084.807
18625.88,-86.16999999999825,22939.482
18625.89,-86.15999999999985,23036.357
18625.9,-86.14999999999782,23375.678
18625.91,-86.13999999999942,23133.266
18625.92,-86.13000000000102,23278.688
18625.93,-86.11999999999898,22987.916
18625.94,-86.11000000000058,23036.357
18625.95,-86.09999999999854,23181.73
18625.96,-86.09000000000015,23084.807
18625.97,-86.07999999999811,23133.266
18625.98,-86.06999999999971,23375.678
18625.99,-86.05999999999767,23715.395
18626.0,-86.04999999999927,23618.293
18626.01,-86.04000000000087,22745.828
18626.02,-86.02999999999884,22939.482
18626.03,-86.02000000000044,22697.436
18626.04,-86.0099999999984,23084.807
18626.05,-86.0,23181.73
18626.06,-85.98999999999796,23472.699
18626.07,-85.97999999999956,23472.699
18626.08,-85.96999999999753,23472.699
18626.09,-85.95999999999913,23230.205
18626.1,-85.95000000000073,23181.73
18626.11,-85.93999999999869,23278.688
18626.12,-85.93000000000029,23521.223
18626.13,-85.91999999999825,22987.916
18626.14,-85.90999999999985,23278.688
18626.15,-85.89999999999782,22891.057
18626.16,-85.88999999999942,22891.057
18626.17,-85.88000000000102,23084.807
18626.18,-85.86999999999898,23278.688
18626.19,-85.86000000000058,23909.699
18626.2,-85.84999999999854,23278.688
18626.21,-85.84000000000015,22891.057
18626.22,-85.82999999999811,23375.678
18626.23,-85.81999999999971,23472.699
18626.24,-85.80999999999767,23375.678
18626.25,-85.79999999999927,23278.688
18626.26,-85.79000000000087,23084.807
18626.27,-85.77999999999884,23375.678
18626.28,-85.77000000000044,23472.699
18626.29,-85.7599999999984,23472.699
18626.3,-85.75,23036.357
18626.31,-85.73999999999796,22794.229
18626.32,-85.72999999999956,22697.436
18626.33,-85.71999999999753,22794.229
18626.34,-85.70999999999913,23181.73
18626.35,-85.70000000000073,23569.752
18626.36,-85.68999999999869,23230.205
18626.37,-85.68000000000029,23181.73
18626.38,-85.66999999999825,23278.688
18626.39,-85.65999999999985,23909.699
18626.4,-85.64999999999782,24006.898
18626.41,-85.63999999999942,23666.84
18626.42,-85.63000000000102,23763.959
18626.43,-85.61999999999898,23569.752
18626.44,-85.61000000000058,22939.482
18626.45,-85.59999999999854,22891.057
18626.46,-85.59000000000015,22939.482
18626.47,-85.57999999999811,23036.357
18626.48,-85.56999999999971,23278.688
18626.49,-85.55999999999767,23084.807
18626.5,-85.54999999999927,23230.205
18626.51,-85.54000000000087,23327.178
18626.52,-85.52999999999884,23521.223
18626.53,-85.52000000000044,23424.184
18626.54,-85.5099999999984,23278.688
18626.55,-85.5,23133.266
18626.56,-85.48999999999796,23036.357
18626.57,-85.47999999999956,22891.057
18626.58,-85.46999999999753,23181.73
18626.59,-85.45999999999913,23472.699
18626.6,-85.45000000000073,23278.688
18626.61,-85.43999999999869,23036.357
18626.62,-85.43000000000029,23084.807
18626.63,-85.41999999999825,23327.178
18626.64,-85.40999999999985,23472.699
18626.65,-85.39999999999782,23424.184
18626.66,-85.38999999999942,23084.807
18626.67,-85.38000000000102,23084.807
18626.68,-85.36999999999898,23472.699
18626.69,-85.36000000000058,23666.84
18626.7,-85.34999999999854,23472.699
18626.71,-85.34000000000015,23375.678
18626.72,-85.32999999999811,23133.266
18626.73,-85.31999999999971,22697.436
18626.74,-85.30999999999767,23036.357
18626.75,-85.29999999999927,23133.266
18626.76,-85.29000000000087,23036.357
18626.77,-85.27999999999884,23569.752
18626.78,-85.27000000000044,23375.678
18626.79,-85.2599999999984,23084.807
18626.8,-85.25,22552.305
18626.81,-85.23999999999796,22600.674
18626.82,-85.22999999999956,23084.807
18626.83,-85.21999999999753,23472.699
18626.84,-85.20999999999913,23424.184
18626.85,-85.20000000000073,23569.752
18626.86,-85.18999999999869,23812.531
18626.87,-85.18000000000029,23472.699
18626.88,-85.16999999999825,23278.688
18626.89,-85.15999999999985,23133.266
18626.9,-85.14999999999782,23181.73
18626.91,-85.13999999999942,23327.178
18626.92,-85.13000000000102,23375.678
18626.93,-85.11999999999898,22939.482
18626.94,-85.11000000000058,23327.178
18626.95,-85.09999999999854,23618.293
18626.96,-85.09000000000015,23569.752
18626.97,-85.07999999999811,23424.184
18626.98,-85.06999999999971,23278.688
18626.99,-85.05999999999767,23472.699
18627.0,-85.04999999999927,23084.807
18627.01,-85.04000000000087,23133.266
18627.02,-85.02999999999884,23569.752
18627.03,-85.02000000000044,23812.531
18627.04,-85.0099999999984,23569.752
18627.05,-85.0,22987.916
18627.06,-84.98999999999796,22649.051
18627.07,-84.97999999999956,23230.205
18627.08,-84.96999999999753,23278.688
18627.09,-84.95999999999913,23521.223
18627.1,-84.95000000000073,23763.959
18627.11,-84.93999999999869,23375.678
18627.12,-84.93000000000029,23133.266
18627.13,-84.91999999999825,23230.205
18627.14,-84.90999999999985,23278.688
18627.15,-84.89999999999782,23084.807
18627.16,-84.88999999999942,23230.205
18627.17,-84.88000000000102,23278.688
18627.18,-84.86999999999898,23424.184
18627.19,-84.86000000000058,23278.688
18627.2,-84.84999999999854,23133.266
18627.21,-84.84000000000015,23133.266
18627.22,-84.82999999999811,23278.688
18627.23,-84.81999999999971,23375.678
18627.24,-84.80999999999767,23472.699
18627.25,-84.79999999999927,23715.395
18627.26,-84.79000000000087,23424.184
18627.27,-84.77999999999884,23375.678
18627.28,-84.77000000000044,23181.73
18627.29,-84.7599999999984,23327.178
18627.3,-84.75,23327.178
18627.31,-84.73999999999796,23084.807
18627.32,-84.72999999999956,23181.73
18627.33,-84.71999999999753,22987.916
18627.34,-84.70999999999913,23424.184
18627.35,-84.70000000000073,23133.266
18627.36,-84.68999999999869,23278.688
18627.37,-84.68000000000029,23230.205
18627.38,-84.66999999999825,23327.178
18627.39,-84.65999999999985,23812.531
18627.4,-84.64999999999782,23472.699
18627.41,-84.63999999999942,23569.752
18627.42,-84.63000000000102,23375.678
18627.43,-84.61999999999898,23278.688
18627.44,-84.61000000000058,23084.807
18627.45,-84.59999999999854,23181.73
18627.46,-84.59000000000015,23472.699
18627.47,-84.57999999999811,23424.184
18627.48,-84.56999999999971,23278.688
18627.49,-84.55999999999767,23472.699
18627.5,-84.54999999999927,23569.752
18627.51,-84.54000000000087,22842.639
18627.52,-84.52999999999884,23084.807
18627.53,-84.52000000000044,23230.205
18627.54,-84.5099999999984,23569.752
18627.55,-84.5,23715.395
18627.56,-84.48999999999796,24006.898
18627.57,-84.47999999999956,23861.109
18627.58,-84.46999999999753,23618.293
18627.59,-84.45999999999913,23472.699
18627.6,-84.45000000000073,23424.184
18627.61,-84.43999999999869,23424.184
18627.62,-84.43000000000029,23036.357
18627.63,-84.41999999999825,23181.73
18627.64,-84.40999999999985,23230.205
18627.65,-84.39999999999782,23618.293
18627.66,-84.38999999999942,23618.293
18627.67,-84.38000000000102,23375.678
18627.68,-84.36999999999898,23521.223
18627.69,-84.36000000000058,23375.678
18627.7,-84.34999999999854,23278.688
18627.71,-84.34000000000015,23278.688
18627.72,-84.32999999999811,23666.84
18627.73,-84.31999999999971,23763.959
18627.74,-84.30999999999767,23666.84
18627.75,-84.29999999999927,23715.395
18627.76,-84.29000000000087,23715.395
18627.77,-84.27999999999884,23472.699
18627.78,-84.27000000000044,23230.205
18627.79,-84.2599999999984,23084.807
18627.8,-84.25,22987.916
18627.81,-84.23999999999796,23375.678
18627.82,-84.22999999999956,23909.699
18627.83,-84.21999999999753,23472.699
18627.84,-84.20999999999913,23472.699
18627.85,-84.20000000000073,23084.807
18627.86,-84.18999999999869,23375.678
18627.87,-84.18000000000029,23424.184
18627.88,-84.16999999999825,23133.266
18627.89,-84.15999999999985,23375.678
18627.9,-84.14999999999782,23569.752
18627.91,-84.13999999999942,23327.178
18627.92,-84.13000000000102,23375.678
18627.93,-84.11999999999898,23569.752
18627.94,-84.11000000000058,23763.959
18627.95,-84.09999999999854,23230.205
18627.96,-84.09000000000015,22842.639
18627.97,-84.07999999999811,23715.395
18627.98,-84.06999999999971,23472.699
18627.99,-84.05999999999767,23327.178
18628.0,-84.04999999999927,22987.916
18628.01,-84.04000000000087,22842.639
18628.02,-84.02999999999884,23375.678
18628.03,-84.02000000000044,23666.84
18628.04,-84.0099999999984,23861.109
18628.05,-84.0,23909.699
18628.06,-83.98999999999796,23812.531
18628.07,-83.97999999999956,23278.688
18628.08,-83.96999999999753,23133.266
18628.09,-83.95999999999913,23375.678
18628.1,-83.95000000000073,23424.184
18628.11,-83.93999999999869,23472.699
18628.12,-83.93000000000029,23618.293
18628.13,-83.91999999999825,23327.178
18628.14,-83.90999999999985,23472.699
18628.15,-83.89999999999782,23715.395
18628.16,-83.88999999999942,23472.699
18628.17,-83.88000000000102,23715.395
18628.18,-83.86999999999898,23666.84
18628.19,-83.86000000000058,23569.752
18628.2,-83.84999999999854,23084.807
18628.21,-83.84000000000015,23472.699
18628.22,-83.82999999999811,23472.699
18628.23,-83.81999999999971,23181.73
18628.24,-83.80999999999767,23327.178
18628.25,-83.79999999999927,23715.395
18628.26,-83.79000000000087,23375.678
18628.27,-83.77999999999884,23327.178
18628.28,-83.77000000000044,23424.184
18628.29,-83.7599999999984,23278.688
18628.3,-83.75,23569.752
18628.31,-83.73999999999796,23763.959
18628.32,-83.72999999999956,23472.699
18628.33,-83.71999999999753,23569.752
18628.34,-83.70999999999913,23618.293
18628.35,-83.70000000000073,23472.699
18628.36,-83.68999999999869,23375.678
18628.37,-83.68000000000029,23327.178
18628.38,-83.66999999999825,23133.266
18628.39,-83.65999999999985,23424.184
18628.4,-83.64999999999782,23812.531
18628.41,-83.63999999999942,23909.699
18628.42,-83.63000000000102,23812.531
18628.43,-83.61999999999898,23424.184
18628.44,-83.61000000000058,23327.178
18628.45,-83.59999999999854,23472.699
18628.46,-83.59000000000015,23521.223
18628.47,-83.57999999999811,23666.84
18628.48,-83.56999999999971,23569.752
18628.49,-83.55999999999767,23327.178
18628.5,-83.54999999999927,23230.205
18628.51,-83.54000000000087,23036.357
18628.52,-83.52999999999884,23618.293
18628.53,-83.52000000000044,23569.752
18628.54,-83.5099999999984,23666.84
18628.55,-83.5,23763.959
18628.56,-83.48999999999796,23472.699
18628.57,-83.47999999999956,23763.959
18628.58,-83.46999999999753,23327.178
18628.59,-83.45999999999913,23181.73
18628.6,-83.45000000000073,23618.293
18628.61,-83.43999999999869,23715.395
18628.62,-83.43000000000029,23327.178
18628.63,-83.41999999999825,23084.807
18628.64,-83.40999999999985,23424.184
18628.65,-83.39999999999782,23618.293
18628.66,-83.38999999999942,23715.395
18628.67,-83.38000000000102,24006.898
18628.68,-83.36999999999898,23958.295
18628.69,-83.36000000000058,23666.84
18628.7,-83.34999999999854,23278.688
18628.71,-83.34000000000015,23230.205
18628.72,-83.32999999999811,23181.73
18628.73,-83.31999999999971,23424.184
18628.74,-83.30999999999767,23181.73
18628.75,-83.29999999999927,23084.807
18628.76,-83.29000000000087,23133.266
18628.77,-83.27999999999884,23181.73
18628.78,-83.27000000000044,23327.178
18628.79,-83.2599999999984,23715.395
18628.8,-83.25,23569.752
18628.81,-83.23999999999796,23472.699
18628.82,-83.22999999999956,23521.223
18628.83,-83.21999999999753,23618.293
18628.84,-83.20999999999913,23375.678
18628.85,-83.20000000000073,23133.266
18628.86,-83.18999999999869,23230.205
18628.87,-83.18000000000029,23327.178
18628.88,-83.16999999999825,22939.482
18628.89,-83.15999999999985,23181.73
18628.9,-83.14999999999782,23424.184
18628.91,-83.13999999999942,23278.688
18628.92,-83.13000000000102,22697.436
18628.93,-83.11999999999898,22939.482
18628.94,-83.11000000000058,23521.223
18628.95,-83.09999999999854,23715.395
18628.96,-83.09000000000015,23472.699
18628.97,-83.07999999999811,23472.699
18628.98,-83.06999999999971,23278.688
18628.99,-83.05999999999767,23084.807
18629.0,-83.04999999999927,23375.678
18629.01,-83.04000000000087,23278.688
18629.02,-83.02999999999884,23715.395
18629.03,-83.02000000000044,23812.531
18629.04,-83.0099999999984,23666.84
18629.05,-83.0,23278.688
18629.06,-82.98999999999796,23278.688
18629.07,-82.97999999999956,23181.73
18629.08,-82.96999999999753,23230.205
18629.09,-82.95999999999913,22987.916
18629.1,-82.95000000000073,23036.357
18629.11,-82.93999999999869,23618.293
18629.12,-82.93000000000029,23472.699
18629.13,-82.91999999999825,23084.807
18629.14,-82.90999999999985,23472.699
18629.15,-82.89999999999782,23036.357
18629.16,-82.88999999999942,23278.688
18629.17,-82.88000000000102,23278.688
18629.18,-82.86999999999898,23909.699
18629.19,-82.86000000000058,23618.293
18629.2,-82.84999999999854,23424.184
18629.21,-82.84000000000015,23472.699
18629.22,-82.82999999999811,23084.807
18629.23,-82.81999999999971,23133.266
18629.24,-82.80999999999767,22987.916
18629.25,-82.79999999999927,23278.688
18629.26,-82.79000000000087,23084.807
18629.27,-82.77999999999884,23084.807
18629.28,-82.77000000000044,23133.266
18629.29,-82.7599999999984,23278.688
18629.3,-82.75,23424.184
18629.31,-82.73999999999796,23666.84
18629.32,-82.72999999999956,23569.752
18629.33,-82.71999999999753,23230.205
18629.34,-82.70999999999913,23084.807
18629.35,-82.70000000000073,22794.229
18629.36,-82.68999999999869,23084.807
18629.37,-82.68000000000029,23424.184
18629.38,-82.66999999999825,23375.678
18629.39,-82.65999999999985,23715.395
18629.4,-82.64999999999782,23424.184
18629.41,-82.63999999999942,23424.184
18629.42,-82.63000000000102,23569.752
18629.43,-82.61999999999898,23375.678
18629.44,-82.61000000000058,23278.688
18629.45,-82.59999999999854,22697.436
18629.46,-82.59000000000015,23278.688
18629.47,-82.57999999999811,23521.223
18629.48,-82.56999999999971,23569.752
18629.49,-82.55999999999767,23569.752
18629.5,-82.54999999999927,23715.395
18629.51,-82.54000000000087,23278.688
18629.52,-82.52999999999884,23521.223
18629.53,-82.52000000000044,23133.266
18629.54,-82.5099999999984,23036.357
18629.55,-82.5,22987.916
18629.56,-82.48999999999796,23036.357
18629.57,-82.47999999999956,23666.84
18629.58,-82.46999999999753,23618.293
18629.59,-82.45999999999913,23424.184
18629.6,-82.45000000000073,23278.688
18629.61,-82.43999999999869,23084.807
18629.62,-82.43000000000029,23084.807
18629.63,-82.41999999999825,23084.807
18629.64,-82.40999999999985,23036.357
18629.65,-82.39999999999782,23424.184
18629.66,-82.38999999999942,23424.184
18629.67,-82.38000000000102,23424.184
18629.68,-82.36999999999898,23521.223
18629.69,-82.36000000000058,23424.184
18629.7,-82.34999999999854,23230.205
18629.71,-82.34000000000015,23424.184
18629.72,-82.32999999999811,23521.223
18629.73,-82.31999999999971,23230.205
18629.74,-82.30999999999767,23472.699
18629.75,-82.29999999999927,23327.178
18629.76,-82.29000000000087,23133.266
18629.77,-82.27999999999884,23521.223
18629.78,-82.27000000000044,23472.699
18629.79,-82.2599999999984,23278.688
18629.8,-82.25,23084.807
18629.81,-82.23999999999796,23278.688
18629.82,-82.22999999999956,23472.699
18629.83,-82.21999999999753,23861.109
18629.84,-82.20999999999913,23715.395
18629.85,-82.20000000000073,23424.184
18629.86,-82.18999999999869,23230.205
18629.87,-82.18000000000029,23521.223
18629.88,-82.16999999999825,23521.223
18629.89,-82.15999999999985,23424.184
18629.9,-82.14999999999782,23569.752
18629.91,-82.13999999999942,23521.223
18629.92,-82.13000000000102,23666.84
18629.93,-82.11999999999898,23861.109
18629.94,-82.11000000000058,23472.699
18629.95,-82.09999999999854,23181.73
18629.96,-82.09000000000015,22745.828
18629.97,-82.07999999999811,22745.828
18629.98,-82.06999999999971,23327.178
18629.99,-82.05999999999767,23278.688
18630.0,-82.04999999999927,23036.357
18630.01,-82.04000000000087,22745.828
18630.02,-82.02999999999884,23569.752
18630.03,-82.02000000000044,24055.512
18630.04,-82.0099999999984,24006.898
18630.05,-82.0,23861.109
18630.06,-81.98999999999796,23472.699
18630.07,-81.97999999999956,23036.357
18630.08,-81.96999999999753,23424.184
18630.09,-81.95999999999913,23424.184
18630.1,-81.95000000000073,23618.293
18630.11,-81.93999999999869,23278.688
18630.12,-81.93000000000029,23327.178
18630.13,-81.91999999999825,22987.916
18630.14,-81.90999999999985,23618.293
18630.15,-81.89999999999782,23424.184
18630.16,-81.88999999999942,23424.184
18630.17,-81.88000000000102,23472.699
18630.18,-81.86999999999898,23618.293
18630.19,-81.86000000000058,23618.293
18630.2,-81.84999999999854,23230.205
18630.21,-81.84000000000015,23278.688
18630.22,-81.82999999999811,23424.184
18630.23,-81.81999999999971,23472.699
18630.24,-81.80999999999767,23521.223
18630.25,-81.79999999999927,22891.057
18630.26,-81.79000000000087,23230.205
18630.27,-81.77999999999884,23569.752
18630.28,-81.77000000000044,23861.109
18630.29,-81.7599999999984,23715.395
18630.3,-81.75,23715.395
18630.31,-81.73999999999796,23472.699
18630.32,-81.72999999999956,22891.057
18630.33,-81.71999999999753,23133.266
18630.34,-81.70999999999913,23278.688
18630.35,-81.70000000000073,23278.688
18630.36,-81.68999999999869,23278.688
18630.37,-81.68000000000029,23424.184
18630.38,-81.66999999999825,23181.73
18630.39,-81.65999999999985,23715.395
18630.4,-81.64999999999782,24006.898
18630.41,-81.63999999999942,23181.73
18630.42,-81.63000000000102,23327.178
18630.43,-81.61999999999898,23472.699
18630.44,-81.61000000000058,23181.73
18630.45,-81.59999999999854,23521.223
18630.46,-81.59000000000015,23861.109
18630.47,-81.57999999999811,23909.699
18630.48,-81.56999999999971,23472.699
18630.49,-81.55999999999767,23133.266
18630.5,-81.54999999999927,22891.057
18630.51,-81.54000000000087,22987.916
18630.52,-81.52999999999884,23424.184
18630.53,-81.52000000000044,23618.293
18630.54,-81.5099999999984,23375.678
18630.55,-81.5,23181.73
18630.56,-81.48999999999796,23084.807
18630.57,-81.47999999999956,23278.688
18630.58,-81.46999999999753,23424.184
18630.59,-81.45999999999913,23375.678
18630.6,-81.45000000000073,23861.109
18630.61,-81.43999999999869,23909.699
18630.62,-81.43000000000029,23327.178
18630.63,-81.41999999999825,22891.057
18630.64,-81.40999999999985,23375.678
18630.65,-81.39999999999782,23909.699
18630.66,-81.38999999999942,23763.959
18630.67,-81.38000000000102,23618.293
18630.68,-81.36999999999898,23327.178
18630.69,-81.36000000000058,23327.178
18630.7,-81.34999999999854,23424.184
18630.71,-81.34000000000015,23472.699
18630.72,-81.32999999999811,23569.752
18630.73,-81.31999999999971,23375.678
18630.74,-81.30999999999767,23472.699
18630.75,-81.29999999999927,23375.678
18630.76,-81.29000000000087,23036.357
18630.77,-81.27999999999884,23715.395
18630.78,-81.27000000000044,23909.699
18630.79,-81.2599999999984,23715.395
18630.8,-81.25,23327.178
18630.81,-81.23999999999796,23084.807
18630.82,-81.22999999999956,23327.178
18630.83,-81.21999999999753,23278.688
18630.84,-81.20999999999913,23424.184
18630.85,-81.20000000000073,23230.205
18630.86,-81.18999999999869,23278.688
18630.87,-81.18000000000029,23472.699
18630.88,-81.16999999999825,23569.752
18630.89,-81.15999999999985,23763.959
18630.9,-81.14999999999782,23521.223
18630.91,-81.13999999999942,23472.699
18630.92,-81.13000000000102,23472.699
18630.93,-81.11999999999898,23424.184
18630.94,-81.11000000000058,23084.807
18630.95,-81.09999999999854,23472.699
18630.96,-81.09000000000015,23909.699
18630.97,-81.07999999999811,23133.266
18630.98,-81.06999999999971,23375.678
18630.99,-81.05999999999767,23521.223
18631.0,-81.04999999999927,23230.205
18631.01,-81.04000000000087,23133.266
18631.02,-81.02999999999884,23327.178
18631.03,-81.02000000000044,23133.266
18631.04,-81.0099999999984,23472.699
18631.05,-81.0,23569.752
18631.06,-80.98999999999796,23278.688
18631.07,-80.97999999999956,23181.73
18631.08,-80.96999999999753,23084.807
18631.09,-80.95999999999913,23230.205
18631.1,-80.95000000000073,23181.73
18631.11,-80.93999999999869,23278.688
18631.12,-80.93000000000029,23133.266
18631.13,-80.91999999999825,22745.828
18631.14,-80.90999999999985,23327.178
18631.15,-80.89999999999782,23424.184
18631.16,-80.88999999999942,23424.184
18631.17,-80.88000000000102,23327.178
18631.18,-80.86999999999898,23472.699
18631.19,-80.86000000000058,23327.178
18631.2,-80.84999999999854,23133.266
18631.21,-80.84000000000015,23521.223
18631.22,-80.82999999999811,23472.699
18631.23,-80.81999999999971,23472.699
18631.24,-80.80999999999767,23472.699
18631.25,-80.79999999999927,23763.959
18631.26,-80.79000000000087,22891.057
18631.27,-80.77999999999884,23181.73
18631.28,-80.77000000000044,23084.807
18631.29,-80.7599999999984,22987.916
18631.3,-80.75,23036.357
18631.31,-80.73999999999796,23327.178
18631.32,-80.72999999999956,23327.178
18631.33,-80.71999999999753,23327.178
18631.34,-80.70999999999913,23084.807
18631.35,-80.70000000000073,23133.266
18631.36,-80.68999999999869,23327.178
18631.37,-80.68000000000029,23133.266
18631.38,-80.66999999999825,22503.943
18631.39,-80.65999999999985,22794.229
18631.4,-80.64999999999782,22939.482
18631.41,-80.63999999999942,23569.752
18631.42,-80.63000000000102,23278.688
18631.43,-80.61999999999898,23424.184
18631.44,-80.61000000000058,23278.688
18631.45,-80.59999999999854,23375.678
18631.46,-80.59000000000015,23036.357
18631.47,-80.57999999999811,23084.807
18631.48,-80.56999999999971,23036.357
18631.49,-80.55999999999767,23084.807
18631.5,-80.54999999999927,23084.807
18631.51,-80.54000000000087,23084.807
18631.52,-80.52999999999884,23084.807
18631.53,-80.52000000000044,23278.688
18631.54,-80.5099999999984,23230.205
18631.55,-80.5,23327.178
18631.56,-80.48999999999796,23181.73
18631.57,-80.47999999999956,23327.178
18631.58,-80.46999999999753,23472.699
18631.59,-80.45999999999913,23278.688
18631.6,-80.45000000000073,23181.73
18631.61,-80.43999999999869,23278.688
18631.62,-80.43000000000029,23084.807
18631.63,-80.41999999999825,23230.205
18631.64,-80.40999999999985,23084.807
18631.65,-80.39999999999782,23036.357
18631.66,-80.38999999999942,23472.699
18631.67,-80.38000000000102,23278.688
18631.68,-80.36999999999898,23181.73
18631.69,-80.36000000000058,23036.357
18631.7,-80.34999999999854,23472.699
18631.71,-80.34000000000015,23472.699
18631.72,-80.32999999999811,23424.184
18631.73,-80.31999999999971,23424.184
18631.74,-80.30999999999767,23230.205
18631.75,-80.29999999999927,23084.807
18631.76,-80.29000000000087,22891.057
18631.77,-80.27999999999884,22987.916
18631.78,-80.27000000000044,22987.916
18631.79,-80.2599999999984,23036.357
18631.8,-80.25,23181.73
18631.81,-80.23999999999796,23521.223
18631.82,-80.22999999999956,23327.178
18631.83,-80.21999999999753,22987.916
18631.84,-80.20999999999913,22987.916
18631.85,-80.20000000000073,23084.807
18631.86,-80.18999999999869,23036.357
18631.87,-80.18000000000029,23472.699
18631.88,-80.16999999999825,23278.688
18631.89,-80.15999999999985,23763.959
18631.9,-80.14999999999782,23472.699
18631.91,-80.13999999999942,23569.752
18631.92,-80.13000000000102,23327.178
18631.93,-80.11999999999898,23424.184
18631.94,-80.11000000000058,22891.057
18631.95,-80.09999999999854,23278.688
18631.96,-80.09000000000015,23327.178
18631.97,-80.07999999999811,23278.688
18631.98,-80.06999999999971,23036.357
18631.99,-80.05999999999767,22745.828
18632.0,-80.04999999999927,23181.73
18632.01,-80.04000000000087,23181.73
18632.02,-80.02999999999884,23036.357
18632.03,-80.02000000000044,22939.482
18632.04,-80.0099999999984,22987.916
18632.05,-80.0,23181.73
18632.06,-79.98999999999796,23812.531
18632.07,-79.97999999999956,23375.678
18632.08,-79.96999999999753,23181.73
18632.09,-79.95999999999913,23521.223
18632.1,-79.95000000000073,23666.84
18632.11,-79.93999999999869,23230.205
18632.12,-79.93000000000029,23327.178
18632.13,-79.91999999999825,23327.178
18632.14,-79.90999999999985,23812.531
18632.15,-79.89999999999782,23715.395
18632.16,-79.88999999999942,23278.688
18632.17,-79.88000000000102,23084.807
18632.18,-79.86999999999898,23521.223
18632.19,-79.86000000000058,23375.678
18632.2,-79.84999999999854,23327.178
18632.21,-79.84000000000015,23375.678
18632.22,-79.82999999999811,23230.205
18632.23,-79.81999999999971,23327.178
18632.24,-79.80999999999767,23181.73
18632.25,-79.79999999999927,23181.73
18632.26,-79.79000000000087,23084.807
18632.27,-79.77999999999884,23424.184
18632.28,-79.77000000000044,23521.223
18632.29,-79.7599999999984,23618.293
18632.3,-79.75,23618.293
18632.31,-79.73999999999796,23666.84
18632.32,-79.72999999999956,23472.699
18632.33,-79.71999999999753,22842.639
18632.34,-79.70999999999913,22794.229
18632.35,-79.70000000000073,23278.688
18632.36,-79.68999999999869,23375.678
18632.37,-79.68000000000029,23569.752
18632.38,-79.66999999999825,23278.688
18632.39,-79.65999999999985,23327.178
18632.4,-79.64999999999782,23424.184
18632.41,-79.63999999999942,23861.109
18632.42,-79.63000000000102,23909.699
18632.43,-79.61999999999898,23521.223
18632.44,-79.61000000000058,22987.916
18632.45,-79.59999999999854,23278.688
18632.46,-79.59000000000015,23521.223
18632.47,-79.57999999999811,23715.395
18632.48,-79.56999999999971,23472.699
18632.49,-79.55999999999767,23230.205
18632.5,-79.54999999999927,22891.057
18632.51,-79.54000000000087,22697.436
18632.52,-79.52999999999884,22794.229
18632.53,-79.52000000000044,23133.266
18632.54,-79.5099999999984,23569.752
18632.55,-79.5,23666.84
18632.56,-79.48999999999796,23424.184
18632.57,-79.47999999999956,23084.807
18632.58,-79.46999999999753,23181.73
18632.59,-79.45999999999913,23666.84
18632.6,-79.45000000000073,23666.84
18632.61,-79.43999999999869,23521.223
18632.62,-79.43000000000029,23278.688
18632.63,-79.41999999999825,23181.73
18632.64,-79.40999999999985,23181.73
18632.65,-79.39999999999782,23084.807
18632.66,-79.38999999999942,23375.678
18632.67,-79.38000000000102,23472.699
18632.68,-79.36999999999898,23618.293
18632.69,-79.36000000000058,23375.678
18632.7,-79.34999999999854,23133.266
18632.71,-79.34000000000015,23424.184
18632.72,-79.32999999999811,23715.395
18632.73,-79.31999999999971,23521.223
18632.74,-79.30999999999767,23181.73
18632.75,-79.29999999999927,23278.688
18632.76,-79.29000000000087,23036.357
18632.77,-79.27999999999884,23521.223
18632.78,-79.27000000000044,23521.223
18632.79,-79.2599999999984,23618.293
18632.8,-79.25,23666.84
18632.81,-79.23999999999796,22987.916
18632.82,-79.22999999999956,23084.807
18632.83,-79.21999999999753,23230.205
18632.84,-79.20999999999913,23521.223
18632.85,-79.20000000000073,23763.959
18632.86,-79.18999999999869,23133.266
18632.87,-79.18000000000029,22891.057
18632.88,-79.16999999999825,23521.223
18632.89,-79.15999999999985,23666.84
18632.9,-79.14999999999782,23666.84
18632.91,-79.13999999999942,23812.531
18632.92,-79.13000000000102,23278.688
18632.93,-79.11999999999898,23278.688
18632.94,-79.11000000000058,23278.688
18632.95,-79.09999999999854,23763.959
18632.96,-79.09000000000015,23861.109
18632.97,-79.07999999999811,23181.73
18632.98,-79.06999999999971,23036.357
18632.99,-79.05999999999767,23084.807
18633.0,-79.04999999999927,22891.057
18633.01,-79.04000000000087,22891.057
18633.02,-79.02999999999884,23230.205
18633.03,-79.02000000000044,23424.184
18633.04,-79.0099999999984,23618.293
18633.05,-79.0,23763.959
18633.06,-78.98999999999796,23909.699
18633.07,-78.97999999999956,23424.184
18633.08,-78.96999999999753,23327.178
18633.09,-78.95999999999913,23424.184
18633.1,-78.95000000000073,23278.688
18633.11,-78.93999999999869,23472.699
18633.12,-78.93000000000029,23666.84
18633.13,-78.91999999999825,23812.531
18633.14,-78.90999999999985,23715.395
18633.15,-78.89999999999782,23812.531
18633.16,-78.88999999999942,23472.699
18633.17,-78.88000000000102,23424.184
18633.18,-78.86999999999898,23666.84
18633.19,-78.86000000000058,23084.807
18633.2,-78.84999999999854,22891.057
18633.21,-78.84000000000015,23036.357
18633.22,-78.82999999999811,23327.178
18633.23,-78.81999999999971,23521.223
18633.24,-78.80999999999767,23521.223
18633.25,-78.79999999999927,23327.178
18633.26,-78.79000000000087,23036.357
18633.27,-78.77999999999884,23472.699
18633.28,-78.77000000000044,23278.688
18633.29,-78.7599999999984,23327.178
18633.3,-78.75,22842.639
18633.31,-78.73999999999796,23084.807
18633.32,-78.72999999999956,22987.916
18633.33,-78.71999999999753,22794.229
18633.34,-78.70999999999913,22503.943
18633.35,-78.70000000000073,22697.436
18633.36,-78.68999999999869,22745.828
18633.37,-78.68000000000029,22891.057
18633.38,-78.66999999999825,22745.828
18633.39,-78.65999999999985,23084.807
18633.4,-78.64999999999782,23133.266
18633.41,-78.63999999999942,23715.395
18633.42,-78.63000000000102,23715.395
18633.43,-78.61999999999898,23327.178
18633.44,-78.61000000000058,22891.057
18633.45,-78.59999999999854,23375.678
18633.46,-78.59000000000015,23230.205
18633.47,-78.57999999999811,23133.266
18633.48,-78.56999999999971,22939.482
18633.49,-78.55999999999767,23084.807
18633.5,-78.54999999999927,23472.699
18633.51,-78.54000000000087,23036.357
18633.52,-78.52999999999884,22939.482
18633.53,-78.52000000000044,22358.912
18633.54,-78.5099999999984,22503.943
18633.55,-78.5,22891.057
18633.56,-78.48999999999796,23327.178
18633.57,-78.47999999999956,23181.73
18633.58,-78.46999999999753,23084.807
18633.59,-78.45999999999913,23327.178
18633.6,-78.45000000000073,23084.807
18633.61,-78.43999999999869,22745.828
18633.62,-78.43000000000029,22891.057
18633.63,-78.41999999999825,22600.674
18633.64,-78.40999999999985,22891.057
18633.65,-78.39999999999782,22842.639
18633.66,-78.38999999999942,23036.357
18633.67,-78.38000000000102,23278.688
18633.68,-78.36999999999898,23084.807
18633.69,-78.36000000000058,23424.184
18633.7,-78.34999999999854,23181.73
18633.71,-78.34000000000015,22697.436
18633.72,-78.32999999999811,22891.057
18633.73,-78.31999999999971,22939.482
18633.74,-78.30999999999767,22503.943
18633.75,-78.29999999999927,23036.357
18633.76,-78.29000000000087,22745.828
18633.77,-78.27999999999884,23084.807
18633.78,-78.27000000000044,23278.688
18633.79,-78.2599999999984,23472.699
18633.8,-78.25,23230.205
18633.81,-78.23999999999796,22891.057
18633.82,-78.22999999999956,22697.436
18633.83,-78.21999999999753,23230.205
18633.84,-78.20999999999913,23278.688
18633.85,-78.20000000000073,23715.395
18633.86,-78.18999999999869,23084.807
18633.87,-78.18000000000029,22891.057
18633.88,-78.16999999999825,22358.912
18633.89,-78.15999999999985,22697.436
18633.9,-78.14999999999782,23084.807
18633.91,-78.13999999999942,22987.916
18633.92,-78.13000000000102,23084.807
18633.93,-78.11999999999898,22891.057
18633.94,-78.11000000000058,22794.229
18633.95,-78.09999999999854,22939.482
18633.96,-78.09000000000015,23375.678
18633.97,-78.07999999999811,23569.752
18633.98,-78.06999999999971,23084.807
18633.99,-78.05999999999767,22697.436
18634.0,-78.04999999999927,22745.828
18634.01,-78.04000000000087,22455.592
18634.02,-78.02999999999884,23327.178
18634.03,-78.02000000000044,23521.223
18634.04,-78.0099999999984,23472.699
18634.05,-78.0,23424.184
18634.06,-77.98999999999796,23133.266
18634.07,-77.97999999999956,23375.678
18634.08,-77.96999999999753,23278.688
18634.09,-77.95999999999913,23036.357
18634.1,-77.95000000000073,23230.205
18634.11,-77.93999999999869,22987.916
18634.12,-77.93000000000029,23327.178
18634.13,-77.91999999999825,23133.266
18634.14,-77.90999999999985,23569.752
18634.15,-77.89999999999782,23861.109
18634.16,-77.88999999999942,23618.293
18634.17,-77.88000000000102,23278.688
18634.18,-77.86999999999898,23472.699
18634.19,-77.86000000000058,23084.807
18634.2,-77.84999999999854,23278.688
18634.21,-77.84000000000015,23424.184
18634.22,-77.82999999999811,23472.699
18634.23,-77.81999999999971,23424.184
18634.24,-77.80999999999767,23181.73
18634.25,-77.79999999999927,23084.807
18634.26,-77.79000000000087,22842.639
18634.27,-77.77999999999884,23375.678
18634.28,-77.77000000000044,23424.184
18634.29,-77.7599999999984,23327.178
18634.3,-77.75,23084.807
18634.31,-77.73999999999796,23618.293
18634.32,-77.72999999999956,23084.807
18634.33,-77.71999999999753,22697.436
18634.34,-77.70999999999913,23327.178
18634.35,-77.70000000000073,23084.807
18634.36,-77.68999999999869,23278.688
18634.37,-77.68000000000029,24006.898
18634.38,-77.66999999999825,23812.531
18634.39,-77.65999999999985,23521.223
18634.4,-77.64999999999782,23327.178
18634.41,-77.63999999999942,23278.688
18634.42,-77.63000000000102,23569.752
18634.43,-77.61999999999898,23327.178
18634.44,-77.61000000000058,23327.178
18634.45,-77.59999999999854,23084.807
18634.46,-77.59000000000015,22987.916
18634.47,-77.57999999999811,23278.688
18634.48,-77.56999999999971,23569.752
18634.49,-77.55999999999767,23375.678
18634.5,-77.54999999999927,23230.205
18634.51,-77.54000000000087,22794.229
18634.52,-77.52999999999884,23472.699
18634.53,-77.52000000000044,23618.293
18634.54,-77.5099999999984,23521.223
18634.55,-77.5,23181.73
18634.56,-77.48999999999796,23618.293
18634.57,-77.47999999999956,23763.959
18634.58,-77.46999999999753,23472.699
18634.59,-77.45999999999913,23521.223
18634.6,-77.45000000000073,23569.752
18634.61,-77.43999999999869,23715.395
18634.62,-77.43000000000029,23763.959
18634.63,-77.41999999999825,23084.807
18634.64,-77.40999999999985,23084.807
18634.65,-77.39999999999782,23327.178
18634.66,-77.38999999999942,23424.184
18634.67,-77.38000000000102,23569.752
18634.68,-77.36999999999898,23036.357
18634.69,-77.36000000000058,23133.266
18634.7,-77.34999999999854,23521.223
18634.71,-77.34000000000015,23812.531
18634.72,-77.32999999999811,23472.699
18634.73,-77.31999999999971,23472.699
18634.74,-77.30999999999767,22891.057
18634.75,-77.29999999999927,22842.639
18634.76,-77.29000000000087,23133.266
18634.77,-77.27999999999884,23327.178
18634.78,-77.27000000000044,23375.678
18634.79,-77.2599999999984,23472.699
18634.8,-77.25,23521.223
18634.81,-77.23999999999796,23666.84
18634.82,-77.22999999999956,23327.178
18634.83,-77.21999999999753,22987.916
18634.84,-77.20999999999913,22891.057
18634.85,-77.20000000000073,23084.807
18634.86,-77.18999999999869,23278.688
18634.87,-77.18000000000029,23763.959
18634.88,-77.16999999999825,23715.395
18634.89,-77.15999999999985,23424.184
18634.9,-77.14999999999782,23278.688
18634.91,-77.13999999999942,23472.699
18634.92,-77.13000000000102,23521.223
18634.93,-77.11999999999898,23084.807
18634.94,-77.11000000000058,23521.223
18634.95,-77.09999999999854,23230.205
18634.96,-77.09000000000015,23230.205
18634.97,-77.07999999999811,23472.699
18634.98,-77.06999999999971,23278.688
18634.99,-77.05999999999767,23181.73
18635.0,-77.04999999999927,23472.699
18635.01,-77.04000000000087,23278.688
18635.02,-77.02999999999884,23472.699
18635.03,-77.02000000000044,23715.395
18635.04,-77.0099999999984,23812.531
18635.05,-77.0,23472.699
18635.06,-76.98999999999796,23181.73
18635.07,-76.97999999999956,22939.482
18635.08,-76.96999999999753,23181.73
18635.09,-76.95999999999913,23278.688
18635.1,-76.95000000000073,23424.184
18635.11,-76.93999999999869,23375.678
18635.12,-76.93000000000029,23472.699
18635.13,-76.91999999999825,23230.205
18635.14,-76.90999999999985,23278.688
18635.15,-76.89999999999782,23424.184
18635.16,-76.88999999999942,23666.84
18635.17,-76.88000000000102,23521.223
18635.18,-76.86999999999898,23375.678
18635.19,-76.86000000000058,23424.184
18635.2,-76.84999999999854,23278.688
18635.21,-76.84000000000015,23375.678
18635.22,-76.82999999999811,23521.223
18635.23,-76.81999999999971,23472.699
18635.24,-76.80999999999767,23133.266
18635.25,-76.79999999999927,23084.807
18635.26,-76.79000000000087,22697.436
18635.27,-76.77999999999884,23278.688
18635.28,-76.77000000000044,22987.916
18635.29,-76.7599999999984,23569.752
18635.3,-76.75,23763.959
18635.31,-76.73999999999796,23861.109
18635.32,-76.72999999999956,23861.109
18635.33,-76.71999999999753,23327.178
18635.34,-76.70999999999913,23230.205
18635.35,-76.70000000000073,23278.688
18635.36,-76.68999999999869,23375.678
18635.37,-76.68000000000029,23230.205
18635.38,-76.66999999999825,23521.223
18635.39,-76.65999999999985,23909.699
18635.4,-76.64999999999782,23861.109
18635.41,-76.63999999999942,23909.699
18635.42,-76.63000000000102,23084.807
18635.43,-76.61999999999898,23133.266
18635.44,-76.61000000000058,23521.223
18635.45,-76.59999999999854,23424.184
18635.46,-76.59000000000015,23618.293
18635.47,-76.57999999999811,23230.205
18635.48,-76.56999999999971,22987.916
18635.49,-76.55999999999767,22939.482
18635.5,-76.54999999999927,23036.357
18635.51,-76.54000000000087,22939.482
18635.52,-76.52999999999884,23812.531
18635.53,-76.52000000000044,23424.184
18635.54,-76.5099999999984,23278.688
18635.55,-76.5,23472.699
18635.56,-76.48999999999796,23424.184
18635.57,-76.47999999999956,23327.178
18635.58,-76.46999999999753,23084.807
18635.59,-76.45999999999913,23278.688
18635.6,-76.45000000000073,22891.057
18635.61,-76.43999999999869,23278.688
18635.62,-76.43000000000029,23424.184
18635.63,-76.41999999999825,23230.205
18635.64,-76.40999999999985,23521.223
18635.65,-76.39999999999782,23327.178
18635.66,-76.38999999999942,23569.752
18635.67,-76.38000000000102,23327.178
18635.68,-76.36999999999898,23230.205
18635.69,-76.36000000000058,23375.678
18635.7,-76.34999999999854,23375.678
18635.71,-76.34000000000015,23521.223
18635.72,-76.32999999999811,22842.639
18635.73,-76.31999999999971,23133.266
18635.74,-76.30999999999767,23327.178
18635.75,-76.29999999999927,23521.223
18635.76,-76.29000000000087,23181.73
18635.77,-76.27999999999884,23521.223
18635.78,-76.27000000000044,23327.178
18635.79,-76.2599999999984,23327.178
18635.8,-76.25,23327.178
18635.81,-76.23999999999796,23521.223
18635.82,-76.22999999999956,23424.184
18635.83,-76.21999999999753,23084.807
18635.84,-76.20999999999913,22939.482
18635.85,-76.20000000000073,23084.807
18635.86,-76.18999999999869,23472.699
18635.87,-76.18000000000029,23472.699
18635.88,-76.16999999999825,22987.916
18635.89,-76.15999999999985,23618.293
18635.9,-76.14999999999782,23230.205
18635.91,-76.13999999999942,23036.357
18635.92,-76.13000000000102,23424.184
18635.93,-76.11999999999898,23133.266
18635.94,-76.11000000000058,23084.807
18635.95,-76.09999999999854,23424.184
18635.96,-76.09000000000015,22939.482
18635.97,-76.07999999999811,23036.357
18635.98,-76.06999999999971,23084.807
18635.99,-76.05999999999767,23424.184
18636.0,-76.04999999999927,23327.178
18636.01,-76.04000000000087,22987.916
18636.02,-76.02999999999884,23424.184
18636.03,-76.02000000000044,23133.266
18636.04,-76.0099999999984,23133.266
18636.05,-76.0,23084.807
18636.06,-75.98999999999796,23084.807
18636.07,-75.97999999999956,23327.178
18636.08,-75.96999999999753,23278.688
18636.09,-75.95999999999913,23278.688
18636.1,-75.95000000000073,23327.178
18636.11,-75.93999999999869,23375.678
18636.12,-75.93000000000029,23861.109
18636.13,-75.91999999999825,23861.109
18636.14,-75.90999999999985,23521.223
18636.15,-75.89999999999782,23618.293
18636.16,-75.88999999999942,23181.73
18636.17,-75.88000000000102,22987.916
18636.18,-75.86999999999898,23327.178
18636.19,-75.86000000000058,23084.807
18636.2,-75.84999999999854,22987.916
18636.21,-75.84000000000015,23084.807
18636.22,-75.82999999999811,23327.178
18636.23,-75.81999999999971,23812.531
18636.24,-75.80999999999767,23763.959
18636.25,-75.79999999999927,22939.482
18636.26,-75.79000000000087,22503.943
18636.27,-75.77999999999884,23327.178
18636.28,-75.77000000000044,23036.357
18636.29,-75.7599999999984,23521.223
18636.3,-75.75,23472.699
18636.31,-75.73999999999796,23521.223
18636.32,-75.72999999999956,23181.73
18636.33,-75.71999999999753,23084.807
18636.34,-75.70999999999913,23278.688
18636.35,-75.70000000000073,23036.357
18636.36,-75.68999999999869,23036.357
18636.37,-75.68000000000029,23278.688
18636.38,-75.66999999999825,23424.184
18636.39,-75.65999999999985,23618.293
18636.4,-75.64999999999782,23666.84
18636.41,-75.63999999999942,23424.184
18636.42,-75.63000000000102,23181.73
18636.43,-75.61999999999898,23424.184
18636.44,-75.61000000000058,23472.699
18636.45,-75.59999999999854,23181.73
18636.46,-75.59000000000015,22939.482
18636.47,-75.57999999999811,23084.807
18636.48,-75.56999999999971,23278.688
18636.49,-75.55999999999767,23084.807
18636.5,-75.54999999999927,23278.688
18636.51,-75.54000000000087,23278.688
18636.52,-75.52999999999884,24104.131
18636.53,-75.52000000000044,23861.109
18636.54,-75.5099999999984,23424.184
18636.55,-75.5,23036.357
18636.56,-75.48999999999796,22987.916
18636.57,-75.47999999999956,22697.436
18636.58,-75.46999999999753,23375.678
18636.59,-75.45999999999913,23861.109
18636.6,-75.45000000000073,23569.752
18636.61,-75.43999999999869,23230.205
18636.62,-75.43000000000029,23278.688
18636.63,-75.41999999999825,23036.357
18636.64,-75.40999999999985,23666.84
18636.65,-75.39999999999782,23909.699
18636.66,-75.38999999999942,23909.699
18636.67,-75.38000000000102,23618.293
18636.68,-75.36999999999898,23084.807
18636.69,-75.36000000000058,23133.266
18636.7,-75.34999999999854,23084.807
18636.71,-75.34000000000015,22939.482
18636.72,-75.32999999999811,22649.051
18636.73,-75.31999999999971,22697.436
18636.74,-75.30999999999767,23230.205
18636.75,-75.29999999999927,23569.752
18636.76,-75.29000000000087,23278.688
18636.77,-75.27999999999884,23569.752
18636.78,-75.27000000000044,23569.752
18636.79,-75.2599999999984,22939.482
18636.8,-75.25,22891.057
18636.81,-75.23999999999796,22794.229
18636.82,-75.22999999999956,22939.482
18636.83,-75.21999999999753,23230.205
18636.84,-75.20999999999913,23375.678
18636.85,-75.20000000000073,23424.184
18636.86,-75.18999999999869,22842.639
18636.87,-75.18000000000029,23133.266
18636.88,-75.16999999999825,22939.482
18636.89,-75.15999999999985,23375.678
18636.9,-75.14999999999782,23278.688
18636.91,-75.13999999999942,23375.678
18636.92,-75.13000000000102,23569.752
18636.93,-75.11999999999898,23521.223
18636.94,-75.11000000000058,23666.84
18636.95,-75.09999999999854,23133.266
18636.96,-75.09000000000015,23327.178
18636.97,-75.07999999999811,23375.678
18636.98,-75.06999999999971,22794.229
18636.99,-75.05999999999767,23084.807
18637.0,-75.04999999999927,22745.828
18637.01,-75.04000000000087,22745.828
18637.02,-75.02999999999884,22649.051
18637.03,-75.02000000000044,23036.357
18637.04,-75.0099999999984,23472.699
18637.05,-75.0,23618.293
18637.06,-74.98999999999796,23424.184
18637.07,-74.97999999999956,23181.73
18637.08,-74.96999999999753,23084.807
18637.09,-74.95999999999913,23181.73
18637.1,-74.95000000000073,23375.678
18637.11,-74.93999999999869,23084.807
18637.12,-74.93000000000029,23327.178
18637.13,-74.91999999999825,23084.807
18637.14,-74.90999999999985,23181.73
18637.15,-74.89999999999782,23278.688
18637.16,-74.88999999999942,23375.678
18637.17,-74.88000000000102,23084.807
18637.18,-74.86999999999898,23327.178
18637.19,-74.86000000000058,23327.178
18637.2,-74.84999999999854,23133.266
18637.21,-74.84000000000015,23521.223
18637.22,-74.82999999999811,23521.223
18637.23,-74.81999999999971,23424.184
18637.24,-74.80999999999767,23036.357
18637.25,-74.79999999999927,23327.178
18637.26,-74.79000000000087,22842.639
18637.27,-74.77999999999884,23133.266
18637.28,-74.77000000000044,23666.84
18637.29,-74.7599999999984,23569.752
18637.3,-74.75,22939.482
18637.31,-74.73999999999796,23084.807
18637.32,-74.72999999999956,23327.178
18637.33,-74.71999999999753,22891.057
18637.34,-74.70999999999913,22745.828
18637.35,-74.70000000000073,23230.205
18637.36,-74.68999999999869,23084.807
18637.37,-74.68000000000029,23133.266
18637.38,-74.66999999999825,22939.482
18637.39,-74.65999999999985,23618.293
18637.4,-74.64999999999782,23181.73
18637.41,-74.63999999999942,23036.357
18637.42,-74.63000000000102,23278.688
18637.43,-74.61999999999898,23424.184
18637.44,-74.61000000000058,23084.807
18637.45,-74.59999999999854,23472.699
18637.46,-74.59000000000015,22939.482
18637.47,-74.57999999999811,22842.639
18637.48,-74.56999999999971,22987.916
18637.49,-74.55999999999767,23521.223
18637.5,-74.54999999999927,23230.205
18637.51,-74.54000000000087,23084.807
18637.52,-74.52999999999884,23327.178
18637.53,-74.52000000000044,23424.184
18637.54,-74.5099999999984,23472.699
18637.55,-74.5,23327.178
18637.56,-74.48999999999796,23424.184
18637.57,-74.47999999999956,23278.688
18637.58,-74.46999999999753,23084.807
18637.59,-74.45999999999913,23424.184
18637.6,-74.45000000000073,23472.699
18637.61,-74.43999999999869,22939.482
18637.62,-74.43000000000029,22697.436
18637.63,-74.41999999999825,22842.639
18637.64,-74.40999999999985,23375.678
18637.65,-74.39999999999782,23763.959
18637.66,-74.38999999999942,23521.223
18637.67,-74.38000000000102,22939.482
18637.68,-74.36999999999898,22939.482
18637.69,-74.36000000000058,23084.807
18637.7,-74.34999999999854,23230.205
18637.71,-74.34000000000015,22697.436
18637.72,-74.32999999999811,23327.178
18637.73,-74.31999999999971,23569.752
18637.74,-74.30999999999767,23278.688
18637.75,-74.29999999999927,23327.178
18637.76,-74.29000000000087,22939.482
18637.77,-74.27999999999884,23521.223
18637.78,-74.27000000000044,23181.73
18637.79,-74.2599999999984,23618.293
18637.8,-74.25,23715.395
18637.81,-74.23999999999796,23521.223
18637.82,-74.22999999999956,23181.73
18637.83,-74.21999999999753,23327.178
18637.84,-74.20999999999913,23375.678
18637.85,-74.20000000000073,23424.184
18637.86,-74.18999999999869,23278.688
18637.87,-74.18000000000029,23278.688
18637.88,-74.16999999999825,23618.293
18637.89,-74.15999999999985,23424.184
18637.9,-74.14999999999782,23278.688
18637.91,-74.13999999999942,23521.223
18637.92,-74.13000000000102,23424.184
18637.93,-74.11999999999898,23133.266
18637.94,-74.11000000000058,22987.916
18637.95,-74.09999999999854,23181.73
18637.96,-74.09000000000015,23375.678
18637.97,-74.07999999999811,23618.293
18637.98,-74.06999999999971,23618.293
18637.99,-74.05999999999767,23715.395
18638.0,-74.04999999999927,23472.699
18638.01,-74.04000000000087,23133.266
18638.02,-74.02999999999884,23715.395
18638.03,-74.02000000000044,23230.205
18638.04,-74.0099999999984,23472.699
18638.05,-74.0,23909.699
18638.06,-73.98999999999796,23666.84
18638.07,-73.97999999999956,23181.73
18638.08,-73.96999999999753,22794.229
18638.09,-73.95999999999913,23230.205
18638.1,-73.95000000000073,23230.205
18638.11,-73.93999999999869,22552.305
18638.12,-73.93000000000029,22939.482
18638.13,-73.91999999999825,23084.807
18638.14,-73.90999999999985,23666.84
18638.15,-73.89999999999782,23424.184
18638.16,-73.88999999999942,23181.73
18638.17,-73.88000000000102,23715.395
18638.18,-73.86999999999898,23424.184
18638.19,-73.86000000000058,23375.678
18638.2,-73.84999999999854,23569.752
18638.21,-73.84000000000015,23715.395
18638.22,-73.82999999999811,23715.395
18638.23,-73.81999999999971,23181.73
18638.24,-73.80999999999767,22891.057
18638.25,-73.79999999999927,23278.688
18638.26,-73.79000000000087,23230.205
18638.27,-73.77999999999884,23569.752
18638.28,-73.77000000000044,23181.73
18638.29,-73.7599999999984,23424.184
18638.3,-73.75,23472.699
18638.31,-73.73999999999796,23181.73
18638.32,-73.72999999999956,23084.807
18638.33,-73.71999999999753,23036.357
18638.34,-73.70999999999913,23375.678
18638.35,-73.70000000000073,23909.699
18638.36,-73.68999999999869,23618.293
18638.37,-73.68000000000029,23472.699
18638.38,-73.66999999999825,23133.266
18638.39,-73.65999999999985,23521.223
18638.4,-73.64999999999782,23375.678
18638.41,-73.63999999999942,23375.678
18638.42,-73.63000000000102,22987.916
18638.43,-73.61999999999898,23084.807
18638.44,-73.61000000000058,23521.223
18638.45,-73.59999999999854,23618.293
18638.46,-73.59000000000015,23278.688
18638.47,-73.57999999999811,22939.482
18638.48,-73.56999999999971,23036.357
18638.49,-73.55999999999767,22794.229
18638.5,-73.54999999999927,22891.057
18638.51,-73.54000000000087,23133.266
18638.52,-73.52999999999884,24104.131
18638.53,-73.52000000000044,23812.531
18638.54,-73.5099999999984,23327.178
18638.55,-73.5,23084.807
18638.56,-73.48999999999796,23424.184
18638.57,-73.47999999999956,23424.184
18638.58,-73.46999999999753,23715.395
18638.59,-73.45999999999913,23084.807
18638.6,-73.45000000000073,23230.205
18638.61,-73.43999999999869,23375.678
18638.62,-73.43000000000029,23618.293
18638.63,-73.41999999999825,23715.395
18638.64,-73.40999999999985,23472.699
18638.65,-73.39999999999782,22939.482
18638.66,-73.38999999999942,23084.807
18638.67,-73.38000000000102,23230.205
18638.68,-73.36999999999898,23618.293
18638.69,-73.36000000000058,23521.223
18638.7,-73.34999999999854,23375.678
18638.71,-73.34000000000015,23181.73
18638.72,-73.32999999999811,23133.266
18638.73,-73.31999999999971,23181.73
18638.74,-73.30999999999767,23181.73
18638.75,-73.29999999999927,23472.699
18638.76,-73.29000000000087,22987.916
18638.77,-73.27999999999884,23327.178
18638.78,-73.27000000000044,23327.178
18638.79,-73.2599999999984,23763.959
18638.8,-73.25,23569.752
18638.81,-73.23999999999796,23521.223
18638.82,-73.22999999999956,23472.699
18638.83,-73.21999999999753,23424.184
18638.84,-73.20999999999913,23278.688
18638.85,-73.20000000000073,22987.916
18638.86,-73.18999999999869,23424.184
18638.87,-73.18000000000029,22891.057
18638.88,-73.16999999999825,23084.807
18638.89,-73.15999999999985,23472.699
18638.9,-73.14999999999782,23618.293
18638.91,-73.13999999999942,23812.531
18638.92,-73.13000000000102,23666.84
18638.93,-73.11999999999898,23424.184
18638.94,-73.11000000000058,23666.84
18638.95,-73.09999999999854,23569.752
18638.96,-73.09000000000015,23715.395
18638.97,-73.07999999999811,23618.293
18638.98,-73.06999999999971,23181.73
18638.99,-73.05999999999767,22794.229
18639.0,-73.04999999999927,22939.482
18639.01,-73.04000000000087,23084.807
18639.02,-73.02999999999884,23278.688
18639.03,-73.02000000000044,23375.678
18639.04,-73.0099999999984,23327.178
18639.05,-73.0,23181.73
18639.06,-72.98999999999796,23036.357
18639.07,-72.97999999999956,22891.057
18639.08,-72.96999999999753,23278.688
18639.09,-72.95999999999913,22939.482
18639.1,-72.95000000000073,22891.057
18639.11,-72.93999999999869,23278.688
18639.12,-72.93000000000029,23472.699
18639.13,-72.91999999999825,23278.688
18639.14,-72.90999999999985,23084.807
18639.15,-72.89999999999782,22794.229
18639.16,-72.88999999999942,23278.688
18639.17,-72.88000000000102,23327.178
18639.18,-72.86999999999898,23327.178
18639.19,-72.86000000000058,23036.357
18639.2,-72.84999999999854,23084.807
18639.21,-72.84000000000015,23278.688
18639.22,-72.82999999999811,23472.699
18639.23,-72.81999999999971,23375.678
18639.24,-72.80999999999767,22745.828
18639.25,-72.79999999999927,22842.639
18639.26,-72.79000000000087,22939.482
18639.27,-72.77999999999884,23084.807
18639.28,-72.77000000000044,22842.639
18639.29,-72.7599999999984,23181.73
18639.3,-72.75,23181.73
18639.31,-72.73999999999796,22939.482
18639.32,-72.72999999999956,22939.482
18639.33,-72.71999999999753,22842.639
18639.34,-72.70999999999913,23666.84
18639.35,-72.70000000000073,23181.73
18639.36,-72.68999999999869,23521.223
18639.37,-72.68000000000029,23715.395
18639.38,-72.66999999999825,23569.752
18639.39,-72.65999999999985,23181.73
18639.4,-72.64999999999782,23181.73
18639.41,-72.63999999999942,23230.205
18639.42,-72.63000000000102,22987.916
18639.43,-72.61999999999898,22939.482
18639.44,-72.61000000000058,22552.305
18639.45,-72.59999999999854,23133.266
18639.46,-72.59000000000015,23424.184
18639.47,-72.57999999999811,23521.223
18639.48,-72.56999999999971,23278.688
18639.49,-72.55999999999767,23327.178
18639.5,-72.54999999999927,23424.184
18639.51,-72.54000000000087,23278.688
18639.52,-72.52999999999884,23375.678
18639.53,-72.52000000000044,23278.688
18639.54,-72.5099999999984,23278.688
18639.55,-72.5,23278.688
18639.56,-72.48999999999796,23375.678
18639.57,-72.47999999999956,24055.512
18639.58,-72.46999999999753,23618.293
18639.59,-72.45999999999913,22987.916
18639.6,-72.45000000000073,22552.305
18639.61,-72.43999999999869,22939.482
18639.62,-72.43000000000029,23036.357
18639.63,-72.41999999999825,23036.357
18639.64,-72.40999999999985,23230.205
18639.65,-72.39999999999782,22987.916
18639.66,-72.38999999999942,23133.266
18639.67,-72.38000000000102,23181.73
18639.68,-72.36999999999898,23327.178
18639.69,-72.36000000000058,23375.678
18639.7,-72.34999999999854,23327.178
18639.71,-72.34000000000015,23084.807
18639.72,-72.32999999999811,22842.639
18639.73,-72.31999999999971,22794.229
18639.74,-72.30999999999767,22939.482
18639.75,-72.29999999999927,23133.266
18639.76,-72.29000000000087,23133.266
18639.77,-72.27999999999884,23472.699
18639.78,-72.27000000000044,23327.178
18639.79,-72.2599999999984,23084.807
18639.8,-72.25,23084.807
18639.81,-72.23999999999796,23084.807
18639.82,-72.22999999999956,23278.688
18639.83,-72.21999999999753,23472.699
18639.84,-72.20999999999913,23278.688
18639.85,-72.20000000000073,23084.807
18639.86,-72.18999999999869,23327.178
18639.87,-72.18000000000029,23230.205
18639.88,-72.16999999999825,23084.807
18639.89,-72.15999999999985,23036.357
18639.9,-72.14999999999782,23618.293
18639.91,-72.13999999999942,23375.678
18639.92,-72.13000000000102,23181.73
18639.93,-72.11999999999898,23278.688
18639.94,-72.11000000000058,23666.84
18639.95,-72.09999999999854,23424.184
18639.96,-72.09000000000015,23521.223
18639.97,-72.07999999999811,23472.699
18639.98,-72.06999999999971,23230.205
18639.99,-72.05999999999767,22939.482
18640.0,-72.04999999999927,22697.436
18640.01,-72.04000000000087,22697.436
18640.02,-72.02999999999884,23084.807
18640.03,-72.02000000000044,23327.178
18640.04,-72.0099999999984,23618.293
18640.05,-72.0,22842.639
18640.06,-71.98999999999796,23084.807
18640.07,-71.97999999999956,22794.229
18640.08,-71.96999999999753,21779.512
18640.09,-71.95999999999913,21056.904
18640.1,-71.95000000000073,20720.314
18640.11,-71.93999999999869,20624.219
18640.12,-71.93000000000029,20384.121
18640.13,-71.91999999999825,20432.125
18640.14,-71.90999999999985,21008.797
18640.15,-71.89999999999782,20768.375
18640.16,-71.88999999999942,20576.184
18640.17,-71.88000000000102,20624.219
18640.18,-71.86999999999898,20576.184
18640.19,-71.86000000000058,20384.121
18640.2,-71.84999999999854,20384.121
18640.21,-71.84000000000015,20384.121
18640.22,-71.82999999999811,20432.125
18640.23,-71.81999999999971,20432.125
18640.24,-71.80999999999767,20432.125
18640.25,-71.79999999999927,20576.184
18640.26,-71.79000000000087,20336.127
18640.27,-71.77999999999884,20624.219
18640.28,-71.77000000000044,20576.184
18640.29,-71.7599999999984,20912.604
18640.3,-71.75,20432.125
18640.31,-71.73999999999796,20672.262
18640.32,-71.72999999999956,20624.219
18640.33,-71.71999999999753,20144.229
18640.34,-71.70999999999913,20000.389
18640.35,-71.70000000000073,20432.125
18640.36,-71.68999999999869,20720.314
18640.37,-71.68000000000029,20624.219
18640.38,-71.66999999999825,20336.127
18640.39,-71.65999999999985,20432.125
18640.4,-71.64999999999782,20576.184
18640.41,-71.63999999999942,20864.52
18640.42,-71.63000000000102,20528.156
18640.43,-71.61999999999898,20528.156
18640.44,-71.61000000000058,20960.695
18640.45,-71.59999999999854,20864.52
18640.46,-71.59000000000015,20672.262
18640.47,-71.57999999999811,20480.137
18640.48,-71.56999999999971,20384.121
18640.49,-71.55999999999767,20192.191
18640.5,-71.54999999999927,20384.121
18640.51,-71.54000000000087,19856.623
18640.52,-71.52999999999884,20336.127
18640.53,-71.52000000000044,20384.121
18640.54,-71.5099999999984,20096.273
18640.55,-71.5,20384.121
18640.56,-71.48999999999796,20672.262
18640.57,-71.47999999999956,20768.375
18640.58,-71.46999999999753,20624.219
18640.59,-71.45999999999913,20336.127
18640.6,-71.45000000000073,20336.127
18640.61,-71.43999999999869,20384.121
18640.62,-71.43000000000029,20720.314
18640.63,-71.41999999999825,20576.184
18640.64,-71.40999999999985,20912.604
18640.65,-71.39999999999782,20720.314
18640.66,-71.38999999999942,20576.184
18640.67,-71.38000000000102,20624.219
18640.68,-71.36999999999898,20240.162
18640.69,-71.36000000000058,20000.389
18640.7,-71.34999999999854,20336.127
18640.71,-71.34000000000015,20288.141
18640.72,-71.32999999999811,20720.314
18640.73,-71.31999999999971,20576.184
18640.74,-71.30999999999767,20336.127
18640.75,-71.29999999999927,20384.121
18640.76,-71.29000000000087,20432.125
18640.77,-71.27999999999884,20192.191
18640.78,-71.27000000000044,20432.125
18640.79,-71.2599999999984,20624.219
18640.8,-71.25,20720.314
18640.81,-71.23999999999796,20768.375
18640.82,-71.22999999999956,20336.127
18640.83,-71.21999999999753,19952.459
18640.84,-71.20999999999913,20288.141
18640.85,-71.20000000000073,20720.314
18640.86,-71.18999999999869,20480.137
18640.87,-71.18000000000029,20432.125
18640.88,-71.16999999999825,20720.314
18640.89,-71.15999999999985,20480.137
18640.9,-71.14999999999782,20816.443
18640.91,-71.13999999999942,20624.219
18640.92,-71.13000000000102,20480.137
18640.93,-71.11999999999898,20576.184
18640.94,-71.11000000000058,20240.162
18640.95,-71.09999999999854,20480.137
18640.96,-71.09000000000015,20192.191
18640.97,-71.07999999999811,20096.273
18640.98,-71.06999999999971,20384.121
18640.99,-71.05999999999767,20288.141
18641.0,-71.04999999999927,19904.537
18641.01,-71.04000000000087,19569.311
18641.02,-71.02999999999884,19952.459
18641.03,-71.02000000000044,19808.719
18641.04,-71.0099999999984,20096.273
18641.05,-71.0,20048.328
18641.06,-70.98999999999796,20192.191
18641.07,-70.97999999999956,19952.459
18641.08,-70.96999999999753,20144.229
18641.09,-70.95999999999913,20096.273
18641.1,-70.95000000000073,20240.162
18641.11,-70.93999999999869,20000.389
18641.12,-70.93000000000029,20048.328
18641.13,-70.91999999999825,19808.719
18641.14,-70.90999999999985,20384.121
18641.15,-70.89999999999782,20384.121
18641.16,-70.88999999999942,20384.121
18641.17,-70.88000000000102,19856.623
18641.18,-70.86999999999898,19665.049
18641.19,-70.86000000000058,19952.459
18641.2,-70.84999999999854,19808.719
18641.21,-70.84000000000015,19760.82
18641.22,-70.82999999999811,19904.537
18641.23,-70.81999999999971,19952.459
18641.24,-70.80999999999767,20240.162
18641.25,-70.79999999999927,20192.191
18641.26,-70.79000000000087,19712.932
18641.27,-70.77999999999884,19808.719
18641.28,-70.77000000000044,19617.176
18641.29,-70.7599999999984,19856.623
18641.3,-70.75,20288.141
18641.31,-70.73999999999796,20720.314
18641.32,-70.72999999999956,20480.137
18641.33,-70.71999999999753,20144.229
18641.34,-70.70999999999913,20096.273
18641.35,-70.70000000000073,19808.719
18641.36,-70.68999999999869,19904.537
18641.37,-70.68000000000029,19904.537
18641.38,-70.66999999999825,19712.932
18641.39,-70.65999999999985,20192.191
18641.4,-70.64999999999782,20432.125
18641.41,-70.63999999999942,20432.125
18641.42,-70.63000000000102,20192.191
18641.43,-70.61999999999898,19760.82
18641.44,-70.61000000000058,20096.273
18641.45,-70.59999999999854,20096.273
18641.46,-70.59000000000015,19856.623
18641.47,-70.57999999999811,19808.719
18641.48,-70.56999999999971,20192.191
18641.49,-70.55999999999767,20192.191
18641.5,-70.54999999999927,19617.176
18641.51,-70.54000000000087,19904.537
18641.52,-70.52999999999884,20432.125
18641.53,-70.52000000000044,20384.121
18641.54,-70.5099999999984,20000.389
18641.55,-70.5,19952.459
18641.56,-70.48999999999796,19712.932
18641.57,-70.47999999999956,20048.328
18641.58,-70.46999999999753,19808.719
18641.59,-70.45999999999913,20192.191
18641.6,-70.45000000000073,19904.537
18641.61,-70.43999999999869,20096.273
18641.62,-70.43000000000029,19904.537
18641.63,-70.41999999999825,20288.141
18641.64,-70.40999999999985,20384.121
18641.65,-70.39999999999782,19856.623
18641.66,-70.38999999999942,20096.273
18641.67,-70.38000000000102,20096.273
18641.68,-70.36999999999898,20000.389
18641.69,-70.36000000000058,20192.191
18641.7,-70.34999999999854,20192.191
18641.71,-70.34000000000015,19665.049
18641.72,-70.32999999999811,20096.273
18641.73,-70.31999999999971,20144.229
18641.74,-70.30999999999767,19760.82
18641.75,-70.29999999999927,19952.459
18641.76,-70.29000000000087,19665.049
18641.77,-70.27999999999884,20000.389
18641.78,-70.27000000000044,20384.121
18641.79,-70.2599999999984,20192.191
18641.8,-70.25,20144.229
18641.81,-70.23999999999796,20288.141
18641.82,-70.22999999999956,19808.719
18641.83,-70.21999999999753,20240.162
18641.84,-70.20999999999913,19808.719
18641.85,-70.20000000000073,20240.162
18641.86,-70.18999999999869,20288.141
18641.87,-70.18000000000029,19760.82
18641.88,-70.16999999999825,19569.311
18641.89,-70.15999999999985,20288.141
18641.9,-70.14999999999782,20816.443
18641.91,-70.13999999999942,21586.637
18641.92,-70.13000000000102,21875.996
18641.93,-70.11999999999898,21442.066
18641.94,-70.11000000000058,21490.25
18641.95,-70.09999999999854,21683.059
18641.96,-70.09000000000015,21875.996
18641.97,-70.07999999999811,21924.252
18641.98,-70.06999999999971,21731.279
18641.99,-70.05999999999767,21538.439
18642.0,-70.04999999999927,21442.066
18642.01,-70.04000000000087,21442.066
18642.02,-70.02999999999884,21731.279
18642.03,-70.02000000000044,21827.75
18642.04,-70.0099999999984,22117.352
18642.05,-70.0,21538.439
18642.06,-69.98999999999796,21779.512
18642.07,-69.97999999999956,21683.059
18642.08,-69.96999999999753,21538.439
18642.09,-69.95999999999913,21586.637
18642.1,-69.95000000000073,21779.512
18642.11,-69.93999999999869,21538.439
18642.12,-69.93000000000029,21586.637
18642.13,-69.91999999999825,21442.066
18642.14,-69.90999999999985,21827.75
18642.15,-69.89999999999782,21875.996
18642.16,-69.88999999999942,22020.785
18642.17,-69.88000000000102,21924.252
18642.18,-69.86999999999898,21827.75
18642.19,-69.86000000000058,21875.996
18642.2,-69.84999999999854,21779.512
18642.21,-69.84000000000015,21634.844
18642.22,-69.82999999999811,21634.844
18642.23,-69.81999999999971,21683.059
18642.24,-69.80999999999767,21875.996
18642.25,-69.79999999999927,21586.637
18642.26,-69.79000000000087,21201.279
18642.27,-69.77999999999884,22069.064
18642.28,-69.77000000000044,21924.252
18642.29,-69.7599999999984,21538.439
18642.3,-69.75,21393.895
18642.31,-69.73999999999796,21105.021
18642.32,-69.72999999999956,21827.75
18642.33,-69.71999999999753,21634.844
18642.34,-69.70999999999913,21731.279
18642.35,-69.70000000000073,21924.252
18642.36,-69.68999999999869,21731.279
18642.37,-69.68000000000029,21634.844
18642.38,-69.66999999999825,21683.059
18642.39,-69.65999999999985,21924.252
18642.4,-69.64999999999782,22165.648
18642.41,-69.63999999999942,21875.996
18642.42,-69.63000000000102,21683.059
18642.43,-69.61999999999898,21538.439
18642.44,-69.61000000000058,22069.064
18642.45,-69.59999999999854,22310.584
18642.46,-69.59000000000015,22069.064
18642.47,-69.57999999999811,21779.512
18642.48,-69.56999999999971,21538.439
18642.49,-69.55999999999767,21731.279
18642.5,-69.54999999999927,21345.729
18642.51,-69.54000000000087,21538.439
18642.52,-69.52999999999884,21924.252
18642.53,-69.52000000000044,22117.352
18642.54,-69.5099999999984,22310.584
18642.55,-69.5,22069.064
18642.56,-69.48999999999796,21538.439
18642.57,-69.47999999999956,21297.57
18642.58,-69.46999999999753,21634.844
18642.59,-69.45999999999913,21972.514
18642.6,-69.45000000000073,21538.439
18642.61,-69.43999999999869,22069.064
18642.62,-69.43000000000029,21779.512
18642.63,-69.41999999999825,21683.059
18642.64,-69.40999999999985,21586.637
18642.65,-69.39999999999782,21297.57
18642.66,-69.38999999999942,21779.512
18642.67,-69.38000000000102,21634.844
18642.68,-69.36999999999898,21538.439
18642.69,-69.36000000000058,21393.895
18642.7,-69.34999999999854,21153.146
18642.71,-69.34000000000015,21683.059
18642.72,-69.32999999999811,22165.648
18642.73,-69.31999999999971,22165.648
18642.74,-69.30999999999767,21779.512
18642.75,-69.29999999999927,21345.729
18642.76,-69.29000000000087,20912.604
18642.77,-69.27999999999884,21924.252
18642.78,-69.27000000000044,21827.75
18642.79,-69.2599999999984,21731.279
18642.8,-69.25,22455.592
18642.81,-69.23999999999796,22552.305
18642.82,-69.22999999999956,22987.916
18642.83,-69.21999999999753,22794.229
18642.84,-69.20999999999913,23084.807
18642.85,-69.20000000000073,23036.357
18642.86,-69.18999999999869,23181.73
18642.87,-69.18000000000029,23181.73
18642.88,-69.16999999999825,22891.057
18642.89,-69.15999999999985,23375.678
18642.9,-69.14999999999782,23521.223
18642.91,-69.13999999999942,23084.807
18642.92,-69.13000000000102,23133.266
18642.93,-69.11999999999898,23472.699
18642.94,-69.11000000000058,23618.293
18642.95,-69.09999999999854,22987.916
18642.96,-69.09000000000015,23521.223
18642.97,-69.07999999999811,22794.229
18642.98,-69.06999999999971,22407.248
18642.99,-69.05999999999767,22407.248
18643.0,-69.04999999999927,22939.482
18643.01,-69.04000000000087,22794.229
18643.02,-69.02999999999884,22503.943
18643.03,-69.02000000000044,22891.057
18643.04,-69.0099999999984,22794.229
18643.05,-69.0,22842.639
18643.06,-68.98999999999796,22745.828
18643.07,-68.97999999999956,22891.057
18643.08,-68.96999999999753,22842.639
18643.09,-68.95999999999913,23278.688
18643.1,-68.95000000000073,22891.057
18643.11,-68.93999999999869,23036.357
18643.12,-68.93000000000029,22697.436
18643.13,-68.91999999999825,22503.943
18643.14,-68.90999999999985,22891.057
18643.15,-68.89999999999782,22794.229
18643.16,-68.88999999999942,22745.828
18643.17,-68.88000000000102,22987.916
18643.18,-68.86999999999898,23521.223
18643.19,-68.86000000000058,22987.916
18643.2,-68.84999999999854,23036.357
18643.21,-68.84000000000015,22794.229
18643.22,-68.82999999999811,22939.482
18643.23,-68.81999999999971,22794.229
18643.24,-68.80999999999767,22600.674
18643.25,-68.79999999999927,23084.807
18643.26,-68.79000000000087,22745.828
18643.27,-68.77999999999884,22939.482
18643.28,-68.77000000000044,22649.051
18643.29,-68.7599999999984,22939.482
18643.3,-68.75,22939.482
18643.31,-68.73999999999796,22987.916
18643.32,-68.72999999999956,23327.178
18643.33,-68.71999999999753,23278.688
18643.34,-68.70999999999913,23036.357
18643.35,-68.70000000000073,22842.639
18643.36,-68.68999999999869,23084.807
18643.37,-68.68000000000029,22939.482
18643.38,-68.66999999999825,22891.057
18643.39,-68.65999999999985,23327.178
18643.4,-68.64999999999782,22939.482
18643.41,-68.63999999999942,23036.357
18643.42,-68.63000000000102,23084.807
18643.43,-68.61999999999898,23084.807
18643.44,-68.61000000000058,23084.807
18643.45,-68.59999999999854,23472.699
18643.46,-68.59000000000015,23375.678
18643.47,-68.57999999999811,23230.205
18643.48,-68.56999999999971,23133.266
18643.49,-68.55999999999767,23327.178
18643.5,-68.54999999999927,23472.699
18643.51,-68.54000000000087,23278.688
18643.52,-68.52999999999884,23472.699
18643.53,-68.52000000000044,23618.293
18643.54,-68.5099999999984,23278.688
18643.55,-68.5,23569.752
18643.56,-68.48999999999796,22310.584
18643.57,-68.47999999999956,21153.146
18643.58,-68.46999999999753,20480.137
18643.59,-68.45999999999913,19904.537
18643.6,-68.45000000000073,19521.455
18643.61,-68.43999999999869,19521.455
18643.62,-68.43000000000029,19569.311
18643.63,-68.41999999999825,19138.891
18643.64,-68.40999999999985,18852.311
18643.65,-68.39999999999782,19091.107
18643.66,-68.38999999999942,19138.891
18643.67,-68.38000000000102,19712.932
18643.68,-68.36999999999898,20240.162
18643.69,-68.36000000000058,20000.389
18643.7,-68.34999999999854,19617.176
18643.71,-68.34000000000015,19425.766
18643.72,-68.32999999999811,19473.605
18643.73,-68.31999999999971,19569.311
18643.74,-68.30999999999767,19521.455
18643.75,-68.29999999999927,19665.049
18643.76,-68.29000000000087,19377.932
18643.77,-68.27999999999884,19473.605
18643.78,-68.27000000000044,19665.049
18643.79,-68.2599999999984,19569.311
18643.8,-68.25,19091.107
18643.81,-68.23999999999796,19473.605
18643.82,-68.22999999999956,19569.311
18643.83,-68.21999999999753,19473.605
18643.84,-68.20999999999913,19521.455
18643.85,-68.20000000000073,19665.049
18643.86,-68.18999999999869,19282.291
18643.87,-68.18000000000029,19473.605
18643.88,-68.16999999999825,19425.766
18643.89,-68.15999999999985,19808.719
18643.9,-68.14999999999782,20192.191
18643.91,-68.13999999999942,19665.049
18643.92,-68.13000000000102,19425.766
18643.93,-68.11999999999898,19377.932
18643.94,-68.11000000000058,19521.455
18643.95,-68.09999999999854,19377.932
18643.96,-68.09000000000015,19282.291
18643.97,-68.07999999999811,19569.311
18643.98,-68.06999999999971,19425.766
18643.99,-68.05999999999767,19665.049
18644.0,-68.04999999999927,19665.049
18644.01,-68.04000000000087,19473.605
18644.02,-68.02999999999884,19808.719
18644.03,-68.02000000000044,19712.932
18644.04,-68.0099999999984,19952.459
18644.05,-68.0,20000.389
18644.06,-67.98999999999796,19904.537
18644.07,-67.97999999999956,19808.719
18644.08,-67.96999999999753,19569.311
18644.09,-67.95999999999913,19425.766
18644.1,-67.95000000000073,19282.291
18644.11,-67.93999999999869,19043.332
18644.12,-67.93000000000029,19377.932
18644.13,-67.91999999999825,19377.932
18644.14,-67.90999999999985,19521.455
18644.15,-67.89999999999782,19617.176
18644.16,-67.88999999999942,20000.389
18644.17,-67.88000000000102,19808.719
18644.18,-67.86999999999898,19665.049
18644.19,-67.86000000000058,19712.932
18644.2,-67.84999999999854,19712.932
18644.21,-67.84000000000015,19665.049
18644.22,-67.82999999999811,19234.484
18644.23,-67.81999999999971,19234.484
18644.24,-67.80999999999767,19138.891
18644.25,-67.79999999999927,19330.107
18644.26,-67.79000000000087,19760.82
18644.27,-67.77999999999884,19952.459
18644.28,-67.77000000000044,19617.176
18644.29,-67.7599999999984,19760.82
18644.3,-67.75,19856.623
18644.31,-67.73999999999796,19569.311
18644.32,-67.72999999999956,19665.049
18644.33,-67.71999999999753,19234.484
18644.34,-67.70999999999913,19138.891
18644.35,-67.70000000000073,19282.291
18644.36,-67.68999999999869,19760.82
18644.37,-67.68000000000029,19952.459
18644.38,-67.66999999999825,19425.766
18644.39,-67.65999999999985,19712.932
18644.4,-67.64999999999782,19234.484
18644.41,-67.63999999999942,19569.311
18644.42,-67.63000000000102,19808.719
18644.43,-67.61999999999898,19856.623
18644.44,-67.61000000000058,19760.82
18644.45,-67.59999999999854,19617.176
18644.46,-67.59000000000015,19425.766
18644.47,-67.57999999999811,19425.766
18644.48,-67.56999999999971,19665.049
18644.49,-67.55999999999767,19425.766
18644.5,-67.54999999999927,19473.605
18644.51,-67.54000000000087,19043.332
18644.52,-67.52999999999884,19473.605
18644.53,-67.52000000000044,19808.719
18644.54,-67.5099999999984,19617.176
18644.55,-67.5,19569.311
18644.56,-67.48999999999796,19425.766
18644.57,-67.47999999999956,19234.484
18644.58,-67.46999999999753,19234.484
18644.59,-67.45999999999913,19425.766
18644.6,-67.45000000000073,19856.623
18644.61,-67.43999999999869,19425.766
18644.62,-67.43000000000029,19617.176
18644.63,-67.41999999999825,19473.605
18644.64,-67.40999999999985,19521.455
18644.65,-67.39999999999782,19712.932
18644.66,-67.38999999999942,19760.82
18644.67,-67.38000000000102,20288.141
18644.68,-67.36999999999898,19856.623
18644.69,-67.36000000000058,19665.049
18644.7,-67.34999999999854,19425.766
18644.71,-67.34000000000015,19043.332
18644.72,-67.32999999999811,19282.291
18644.73,-67.31999999999971,19569.311
18644.74,-67.30999999999767,20144.229
18644.75,-67.29999999999927,20000.389
18644.76,-67.29000000000087,19473.605
18644.77,-67.27999999999884,19617.176
18644.78,-67.27000000000044,19473.605
18644.79,-67.2599999999984,19330.107
18644.8,-67.25,19377.932
18644.81,-67.23999999999796,19760.82
18644.82,-67.22999999999956,20096.273
18644.83,-67.21999999999753,20048.328
18644.84,-67.20999999999913,19665.049
18644.85,-67.20000000000073,19665.049
18644.86,-67.18999999999869,19425.766
18644.87,-67.18000000000029,19521.455
18644.88,-67.16999999999825,19521.455
18644.89,-67.15999999999985,19760.82
18644.9,-67.14999999999782,19617.176
18644.91,-67.13999999999942,19473.605
18644.92,-67.13000000000102,19808.719
18644.93,-67.11999999999898,19856.623
18644.94,-67.11000000000058,19282.291
18644.95,-67.09999999999854,19282.291
18644.96,-67.09000000000015,19617.176
18644.97,-67.07999999999811,19808.719
18644.98,-67.06999999999971,19808.719
18644.99,-67.05999999999767,19665.049
18645.0,-67.04999999999927,20144.229
18645.01,-67.04000000000087,19712.932
18645.02,-67.02999999999884,19760.82
18645.03,-67.02000000000044,19665.049
18645.04,-67.0099999999984,19760.82
18645.05,-67.0,19473.605
18645.06,-66.98999999999796,19425.766
18645.07,-66.97999999999956,19377.932
18645.08,-66.96999999999753,19330.107
18645.09,-66.95999999999913,19665.049
18645.1,-66.95000000000073,19617.176
18645.11,-66.93999999999869,19760.82
18645.12,-66.93000000000029,19760.82
18645.13,-66.91999999999825,19377.932
18645.14,-66.90999999999985,19760.82
18645.15,-66.89999999999782,19712.932
18645.16,-66.88999999999942,19425.766
18645.17,-66.88000000000102,19617.176
18645.18,-66.86999999999898,20048.328
18645.19,-66.86000000000058,20000.389
18645.2,-66.84999999999854,19904.537
18645.21,-66.84000000000015,19473.605
18645.22,-66.82999999999811,19425.766
18645.23,-66.81999999999971,19330.107
18645.24,-66.80999999999767,19377.932
18645.25,-66.79999999999927,19665.049
18645.26,-66.79000000000087,19138.891
18645.27,-66.77999999999884,19856.623
18645.28,-66.77000000000044,20048.328
18645.29,-66.7599999999984,19617.176
18645.3,-66.75,19617.176
18645.31,-66.73999999999796,19282.291
18645.32,-66.72999999999956,19473.605
18645.33,-66.71999999999753,19521.455
18645.34,-66.70999999999913,19473.605
18645.35,-66.70000000000073,19234.484
18645.36,-66.68999999999869,20096.273
18645.37,-66.68000000000029,19856.623
18645.38,-66.66999999999825,19377.932
18645.39,-66.65999999999985,19425.766
18645.4,-66.64999999999782,19712.932
18645.41,-66.63999999999942,19712.932
18645.42,-66.63000000000102,19330.107
18645.43,-66.61999999999898,19569.311
18645.44,-66.61000000000058,19665.049
18645.45,-66.59999999999854,19282.291
18645.46,-66.59000000000015,19330.107
18645.47,-66.57999999999811,19569.311
18645.48,-66.56999999999971,19617.176
18645.49,-66.55999999999767,19569.311
18645.5,-66.54999999999927,19808.719
18645.51,-66.54000000000087,19665.049
18645.52,-66.52999999999884,19760.82
18645.53,-66.52000000000044,19856.623
18645.54,-66.5099999999984,19569.311
18645.55,-66.5,19665.049
18645.56,-66.48999999999796,19808.719
18645.57,-66.47999999999956,19904.537
18645.58,-66.46999999999753,19856.623
18645.59,-66.45999999999913,19521.455
18645.6,-66.45000000000073,19617.176
18645.61,-66.43999999999869,19330.107
18645.62,-66.43000000000029,19665.049
18645.63,-66.41999999999825,19138.891
18645.64,-66.40999999999985,19521.455
18645.65,-66.39999999999782,19712.932
18645.66,-66.38999999999942,19856.623
18645.67,-66.38000000000102,20096.273
18645.68,-66.36999999999898,19856.623
18645.69,-66.36000000000058,19377.932
18645.7,-66.34999999999854,19282.291
18645.71,-66.34000000000015,19521.455
18645.72,-66.32999999999811,19569.311
18645.73,-66.31999999999971,19282.291
18645.74,-66.30999999999767,19712.932
18645.75,-66.29999999999927,19712.932
18645.76,-66.29000000000087,19377.932
18645.77,-66.27999999999884,19712.932
18645.78,-66.27000000000044,19617.176
18645.79,-66.2599999999984,19760.82
18645.8,-66.25,19808.719
18645.81,-66.23999999999796,19904.537
18645.82,-66.22999999999956,19760.82
18645.83,-66.21999999999753,19617.176
18645.84,-66.20999999999913,19425.766
18645.85,-66.20000000000073,19330.107
18645.86,-66.18999999999869,19234.484
18645.87,-66.18000000000029,19473.605
18645.88,-66.16999999999825,19952.459
18645.89,-66.15999999999985,19856.623
18645.9,-66.14999999999782,19569.311
18645.91,-66.13999999999942,19473.605
18645.92,-66.13000000000102,19569.311
18645.93,-66.11999999999898,20144.229
18645.94,-66.11000000000058,20240.162
18645.95,-66.09999999999854,19952.459
18645.96,-66.09000000000015,19617.176
18645.97,-66.07999999999811,19473.605
18645.98,-66.06999999999971,19473.605
18645.99,-66.05999999999767,19569.311
18646.0,-66.04999999999927,19617.176
18646.01,-66.04000000000087,19234.484
18646.02,-66.02999999999884,19569.311
18646.03,-66.02000000000044,19665.049
18646.04,-66.0099999999984,19712.932
18646.05,-66.0,19569.311
18646.06,-65.98999999999796,19473.605
18646.07,-65.97999999999956,19760.82
18646.08,-65.96999999999753,19569.311
18646.09,-65.95999999999913,19617.176
18646.1,-65.95000000000073,19952.459
18646.11,-65.93999999999869,19665.049
18646.12,-65.93000000000029,19760.82
18646.13,-65.91999999999825,19569.311
18646.14,-65.90999999999985,19760.82
18646.15,-65.89999999999782,19425.766
18646.16,-65.88999999999942,19808.719
18646.17,-65.88000000000102,19665.049
18646.18,-65.86999999999898,19425.766
18646.19,-65.86000000000058,19617.176
18646.2,-65.84999999999854,19665.049
18646.21,-65.84000000000015,19808.719
18646.22,-65.82999999999811,19808.719
18646.23,-65.81999999999971,19904.537
18646.24,-65.80999999999767,19473.605
18646.25,-65.79999999999927,19377.932
18646.26,-65.79000000000087,18995.564
18646.27,-65.77999999999884,19760.82
18646.28,-65.77000000000044,19904.537
18646.29,-65.7599999999984,19473.605
18646.3,-65.75,19521.455
18646.31,-65.73999999999796,19904.537
18646.32,-65.72999999999956,19665.049
18646.33,-65.71999999999753,20000.389
18646.34,-65.70999999999913,19712.932
18646.35,-65.70000000000073,19808.719
18646.36,-65.68999999999869,19377.932
18646.37,-65.68000000000029,19186.684
18646.38,-65.66999999999825,19377.932
18646.39,-65.65999999999985,20000.389
18646.4,-65.64999999999782,19952.459
18646.41,-65.63999999999942,20144.229
18646.42,-65.63000000000102,19712.932
18646.43,-65.61999999999898,19665.049
18646.44,-65.61000000000058,19760.82
18646.45,-65.59999999999854,19952.459
18646.46,-65.59000000000015,19665.049
18646.47,-65.57999999999811,19808.719
18646.48,-65.56999999999971,19760.82
18646.49,-65.55999999999767,19665.049
18646.5,-65.54999999999927,19473.605
18646.51,-65.54000000000087,19186.684
18646.52,-65.52999999999884,19617.176
18646.53,-65.52000000000044,19569.311
18646.54,-65.5099999999984,19665.049
18646.55,-65.5,19856.623
18646.56,-65.48999999999796,19904.537
18646.57,-65.47999999999956,20000.389
18646.58,-65.46999999999753,19521.455
18646.59,-65.45999999999913,19521.455
18646.6,-65.45000000000073,19569.311
18646.61,-65.43999999999869,19808.719
18646.62,-65.43000000000029,19904.537
18646.63,-65.41999999999825,19665.049
18646.64,-65.40999999999985,19952.459
18646.65,-65.39999999999782,19904.537
18646.66,-65.38999999999942,19904.537
18646.67,-65.38000000000102,19569.311
18646.68,-65.36999999999898,19617.176
18646.69,-65.36000000000058,20192.191
18646.7,-65.34999999999854,19712.932
18646.71,-65.34000000000015,19569.311
18646.72,-65.32999999999811,19665.049
18646.73,-65.31999999999971,19808.719
18646.74,-65.30999999999767,19712.932
18646.75,-65.29999999999927,19521.455
18646.76,-65.29000000000087,19425.766
18646.77,-65.27999999999884,19904.537
18646.78,-65.27000000000044,20192.191
18646.79,-65.2599999999984,19760.82
18646.8,-65.25,19473.605
18646.81,-65.23999999999796,19665.049
18646.82,-65.22999999999956,19473.605
18646.83,-65.21999999999753,19712.932
18646.84,-65.20999999999913,19665.049
18646.85,-65.20000000000073,19473.605
18646.86,-65.18999999999869,20240.162
18646.87,-65.18000000000029,20288.141
18646.88,-65.16999999999825,20048.328
18646.89,-65.15999999999985,20240.162
18646.9,-65.14999999999782,19904.537
18646.91,-65.13999999999942,19904.537
18646.92,-65.13000000000102,20144.229
18646.93,-65.11999999999898,20336.127
18646.94,-65.11000000000058,20240.162
18646.95,-65.09999999999854,20240.162
18646.96,-65.09000000000015,19904.537
18646.97,-65.07999999999811,20144.229
18646.98,-65.06999999999971,20288.141
18646.99,-65.05999999999767,19904.537
18647.0,-65.04999999999927,20048.328
18647.01,-65.04000000000087,20192.191
18647.02,-65.02999999999884,20336.127
18647.03,-65.02000000000044,20672.262
18647.04,-65.0099999999984,20528.156
18647.05,-65.0,20288.141
18647.06,-64.98999999999796,20096.273
18647.07,-64.97999999999956,20048.328
18647.08,-64.96999999999753,20000.389
18647.09,-64.95999999999913,19952.459
18647.1,-64.95000000000073,19665.049
18647.11,-64.93999999999869,20048.328
18647.12,-64.93000000000029,20432.125
18647.13,-64.91999999999825,20192.191
18647.14,-64.90999999999985,20000.389
18647.15,-64.89999999999782,19904.537
18647.16,-64.88999999999942,20096.273
18647.17,-64.88000000000102,20432.125
18647.18,-64.86999999999898,20288.141
18647.19,-64.86000000000058,20384.121
18647.2,-64.84999999999854,19760.82
18647.21,-64.84000000000015,19712.932
18647.22,-64.82999999999811,19904.537
18647.23,-64.81999999999971,20240.162
18647.24,-64.80999999999767,20384.121
18647.25,-64.79999999999927,19808.719
18647.26,-64.79000000000087,19856.623
18647.27,-64.77999999999884,19617.176
18647.28,-64.77000000000044,20048.328
18647.29,-64.7599999999984,20000.389
18647.3,-64.75,19665.049
18647.31,-64.73999999999796,20144.229
18647.32,-64.72999999999956,20288.141
18647.33,-64.71999999999753,20144.229
18647.34,-64.70999999999913,20480.137
18647.35,-64.70000000000073,20240.162
18647.36,-64.68999999999869,20336.127
18647.37,-64.68000000000029,19952.459
18647.38,-64.66999999999825,19521.455
18647.39,-64.65999999999985,19712.932
18647.4,-64.64999999999782,20288.141
18647.41,-64.63999999999942,20384.121
18647.42,-64.63000000000102,20048.328
18647.43,-64.61999999999898,19904.537
18647.44,-64.61000000000058,20096.273
18647.45,-64.59999999999854,20192.191
18647.46,-64.59000000000015,19952.459
18647.47,-64.57999999999811,19808.719
18647.48,-64.56999999999971,19665.049
18647.49,-64.55999999999767,19617.176
18647.5,-64.54999999999927,19856.623
18647.51,-64.54000000000087,19760.82
18647.52,-64.52999999999884,20240.162
18647.53,-64.52000000000044,20624.219
18647.54,-64.5099999999984,20432.125
18647.55,-64.5,20192.191
18647.56,-64.48999999999796,20048.328
18647.57,-64.47999999999956,20048.328
18647.58,-64.46999999999753,20336.127
18647.59,-64.45999999999913,20384.121
18647.6,-64.45000000000073,19712.932
18647.61,-64.43999999999869,20096.273
18647.62,-64.43000000000029,20096.273
18647.63,-64.41999999999825,19904.537
18647.64,-64.40999999999985,20048.328
18647.65,-64.39999999999782,20288.141
18647.66,-64.38999999999942,20480.137
18647.67,-64.38000000000102,19904.537
18647.68,-64.36999999999898,20000.389
18647.69,-64.36000000000058,20048.328
18647.7,-64.34999999999854,19569.311
18647.71,-64.34000000000015,20048.328
18647.72,-64.32999999999811,20096.273
18647.73,-64.31999999999971,20096.273
18647.74,-64.30999999999767,20192.191
18647.75,-64.29999999999927,20096.273
18647.76,-64.29000000000087,19904.537
18647.77,-64.27999999999884,20000.389
18647.78,-64.27000000000044,20096.273
18647.79,-64.2599999999984,20048.328
18647.8,-64.25,19856.623
18647.81,-64.23999999999796,19856.623
18647.82,-64.22999999999956,19952.459
18647.83,-64.21999999999753,20336.127
18647.84,-64.20999999999913,20096.273
18647.85,-64.20000000000073,20048.328
18647.86,-64.18999999999869,20240.162
18647.87,-64.18000000000029,20192.191
18647.88,-64.16999999999825,19856.623
18647.89,-64.15999999999985,20288.141
18647.9,-64.14999999999782,20288.141
18647.91,-64.13999999999942,20192.191
18647.92,-64.13000000000102,19808.719
18647.93,-64.11999999999898,19952.459
18647.94,-64.11000000000058,20048.328
18647.95,-64.09999999999854,20048.328
18647.96,-64.09000000000015,20240.162
18647.97,-64.07999999999811,20288.141
18647.98,-64.06999999999971,20432.125
18647.99,-64.05999999999767,20240.162
18648.0,-64.04999999999927,20144.229
18648.01,-64.04000000000087,19569.311
18648.02,-64.02999999999884,19760.82
18648.03,-64.02000000000044,19856.623
18648.04,-64.0099999999984,20000.389
18648.05,-64.0,20000.389
18648.06,-63.98999999999796,20000.389
18648.07,-63.97999999999956,20000.389
18648.08,-63.969999999997526,19808.719
18648.09,-63.95999999999913,19952.459
18648.1,-63.95000000000073,20000.389
18648.11,-63.93999999999869,20384.121
18648.12,-63.93000000000029,20192.191
18648.13,-63.919999999998254,20144.229
18648.14,-63.909999999999854,20240.162
18648.15,-63.89999999999782,20432.125
18648.16,-63.88999999999942,20096.273
18648.17,-63.88000000000102,20192.191
18648.18,-63.86999999999898,20144.229
18648.19,-63.86000000000058,20240.162
18648.2,-63.849999999998545,20192.191
18648.21,-63.840000000000146,20048.328
18648.22,-63.82999999999811,20144.229
18648.23,-63.81999999999971,20096.273
18648.24,-63.80999999999767,20144.229
18648.25,-63.79999999999927,20000.389
18648.26,-63.79000000000087,19617.176
18648.27,-63.779999999998836,20000.389
18648.28,-63.77000000000044,20432.125
18648.29,-63.7599999999984,20384.121
18648.3,-63.75,20528.156
18648.31,-63.73999999999796,20096.273
18648.32,-63.72999999999956,19712.932
18648.33,-63.719999999997526,19569.311
18648.34,-63.70999999999913,19760.82
18648.35,-63.70000000000073,19808.719
18648.36,-63.68999999999869,19904.537
18648.37,-63.68000000000029,19808.719
18648.38,-63.669999999998254,20000.389
18648.39,-63.659999999999854,20240.162
18648.4,-63.64999999999782,20384.121
18648.41,-63.63999999999942,20144.229
18648.42,-63.63000000000102,20240.162
18648.43,-63.61999999999898,20384.121
18648.44,-63.61000000000058,20240.162
18648.45,-63.599999999998545,19952.459
18648.46,-63.590000000000146,19617.176
18648.47,-63.57999999999811,19856.623
18648.48,-63.56999999999971,20048.328
18648.49,-63.55999999999767,20288.141
18648.5,-63.54999999999927,20096.273
18648.51,-63.54000000000087,19808.719
18648.52,-63.529999999998836,20096.273
18648.53,-63.52000000000044,20096.273
18648.54,-63.5099999999984,20384.121
18648.55,-63.5,20288.141
18648.56,-63.48999999999796,19904.537
18648.57,-63.47999999999956,20048.328
18648.58,-63.469999999997526,20192.191
18648.59,-63.45999999999913,20144.229
18648.6,-63.45000000000073,20192.191
18648.61,-63.43999999999869,19904.537
18648.62,-63.43000000000029,19952.459
18648.63,-63.419999999998254,19904.537
18648.64,-63.409999999999854,20240.162
18648.65,-63.39999999999782,19952.459
18648.66,-63.38999999999942,20048.328
18648.67,-63.38000000000102,20144.229
18648.68,-63.36999999999898,20432.125
18648.69,-63.36000000000058,20288.141
18648.7,-63.349999999998545,20096.273
18648.71,-63.340000000000146,20240.162
18648.72,-63.32999999999811,20192.191
18648.73,-63.31999999999971,20192.191
18648.74,-63.30999999999767,20240.162
18648.75,-63.29999999999927,20000.389
18648.76,-63.29000000000087,20048.328
18648.77,-63.279999999998836,20624.219
18648.78,-63.27000000000044,20288.141
18648.79,-63.2599999999984,20096.273
18648.8,-63.25,20000.389
18648.81,-63.23999999999796,20096.273
18648.82,-63.22999999999956,19569.311
18648.83,-63.219999999997526,19856.623
18648.84,-63.20999999999913,20384.121
18648.85,-63.20000000000073,20192.191
18648.86,-63.18999999999869,19856.623
18648.87,-63.18000000000029,20192.191
18648.88,-63.169999999998254,20096.273
18648.89,-63.159999999999854,20432.125
18648.9,-63.14999999999782,20288.141
18648.91,-63.13999999999942,20000.389
18648.92,-63.13000000000102,19808.719
18648.93,-63.11999999999898,19952.459
18648.94,-63.11000000000058,20048.328
18648.95,-63.099999999998545,20192.191
18648.96,-63.090000000000146,20048.328
18648.97,-63.07999999999811,20240.162
18648.98,-63.06999999999971,20384.121
18648.99,-63.05999999999767,20240.162
18649.0,-63.04999999999927,20048.328
18649.01,-63.04000000000087,20144.229
18649.02,-63.029999999998836,20480.137
18649.03,-63.02000000000044,20384.121
18649.04,-63.0099999999984,20048.328
18649.05,-63.0,19808.719
18649.06,-62.98999999999796,20048.328
18649.07,-62.97999999999956,20288.141
18649.08,-62.969999999997526,20384.121
18649.09,-62.95999999999913,20336.127
18649.1,-62.95000000000073,19952.459
18649.11,-62.93999999999869,19952.459
18649.12,-62.93000000000029,19856.623
18649.13,-62.919999999998254,20048.328
18649.14,-62.909999999999854,20336.127
18649.15,-62.89999999999782,20096.273
18649.16,-62.88999999999942,19808.719
18649.17,-62.88000000000102,20144.229
18649.18,-62.86999999999898,20240.162
18649.19,-62.86000000000058,20192.191
18649.2,-62.849999999998545,20384.121
18649.21,-62.840000000000146,20000.389
18649.22,-62.82999999999811,19760.82
18649.23,-62.81999999999971,19856.623
18649.24,-62.80999999999767,20240.162
18649.25,-62.79999999999927,20000.389
18649.26,-62.79000000000087,19569.311
18649.27,-62.779999999998836,19760.82
18649.28,-62.77000000000044,20144.229
18649.29,-62.7599999999984,20384.121
18649.3,-62.75,20000.389
18649.31,-62.73999999999796,19856.623
18649.32,-62.72999999999956,20096.273
18649.33,-62.719999999997526,19808.719
18649.34,-62.70999999999913,19569.311
18649.35,-62.70000000000073,20144.229
18649.36,-62.68999999999869,20384.121
18649.37,-62.68000000000029,19952.459
18649.38,-62.669999999998254,19760.82
18649.39,-62.659999999999854,20240.162
18649.4,-62.64999999999782,20240.162
18649.41,-62.63999999999942,20000.389
18649.42,-62.63000000000102,19904.537
18649.43,-62.61999999999898,19808.719
18649.44,-62.61000000000058,20000.389
18649.45,-62.599999999998545,20144.229
18649.46,-62.590000000000146,19952.459
18649.47,-62.57999999999811,20144.229
18649.48,-62.56999999999971,20192.191
18649.49,-62.55999999999767,20144.229
18649.5,-62.54999999999927,20336.127
18649.51,-62.54000000000087,19952.459
18649.52,-62.529999999998836,20384.121
18649.53,-62.52000000000044,20384.121
18649.54,-62.5099999999984,20240.162
18649.55,-62.5,19856.623
18649.56,-62.48999999999796,20000.389
18649.57,-62.47999999999956,19952.459
18649.58,-62.469999999997526,20096.273
18649.59,-62.45999999999913,20384.121
18649.6,-62.45000000000073,20720.314
18649.61,-62.43999999999869,20480.137
18649.62,-62.43000000000029,20384.121
18649.63,-62.419999999998254,20096.273
18649.64,-62.409999999999854,20192.191
18649.65,-62.39999999999782,20240.162
18649.66,-62.38999999999942,20144.229
18649.67,-62.38000000000102,20480.137
18649.68,-62.36999999999898,20192.191
18649.69,-62.36000000000058,20624.219
18649.7,-62.349999999998545,20624.219
18649.71,-62.340000000000146,20144.229
18649.72,-62.32999999999811,19617.176
18649.73,-62.31999999999971,19808.719
18649.74,-62.30999999999767,20432.125
18649.75,-62.29999999999927,20480.137
18649.76,-62.29000000000087,20384.121
18649.77,-62.279999999998836,20816.443
18649.78,-62.27000000000044,20384.121
18649.79,-62.2599999999984,19904.537
18649.8,-62.25,19952.459
18649.81,-62.23999999999796,20240.162
18649.82,-62.22999999999956,20576.184
18649.83,-62.219999999997526,20000.389
18649.84,-62.20999999999913,20288.141
18649.85,-62.20000000000073,20192.191
18649.86,-62.18999999999869,20624.219
18649.87,-62.18000000000029,20432.125
18649.88,-62.169999999998254,20240.162
18649.89,-62.159999999999854,20000.389
18649.9,-62.14999999999782,20288.141
18649.91,-62.13999999999942,20336.127
18649.92,-62.13000000000102,20192.191
18649.93,-62.11999999999898,19952.459
18649.94,-62.11000000000058,19712.932
18649.95,-62.099999999998545,20288.141
18649.96,-62.090000000000146,20384.121
18649.97,-62.07999999999811,20576.184
18649.98,-62.06999999999971,20240.162
18649.99,-62.05999999999767,20096.273
18650.0,-62.04999999999927,20192.191
18650.01,-62.04000000000087,19856.623
18650.02,-62.029999999998836,20192.191
18650.03,-62.02000000000044,20480.137
18650.04,-62.0099999999984,20240.162
18650.05,-62.0,20288.141
18650.06,-61.98999999999796,20624.219
18650.07,-61.97999999999956,20192.191
18650.08,-61.969999999997526,20768.375
18650.09,-61.95999999999913,20576.184
18650.1,-61.95000000000073,20048.328
18650.11,-61.93999999999869,20192.191
18650.12,-61.93000000000029,20288.141
18650.13,-61.919999999998254,20480.137
18650.14,-61.909999999999854,20336.127
18650.15,-61.89999999999782,20528.156
18650.16,-61.88999999999942,20432.125
18650.17,-61.88000000000102,20336.127
18650.18,-61.86999999999898,20480.137
18650.19,-61.86000000000058,20000.389
18650.2,-61.849999999998545,20048.328
18650.21,-61.840000000000146,19904.537
18650.22,-61.82999999999811,20096.273
18650.23,-61.81999999999971,20480.137
18650.24,-61.80999999999767,20384.121
18650.25,-61.79999999999927,20384.121
18650.26,-61.79000000000087,19665.049
18650.27,-61.779999999998836,20240.162
18650.28,-61.77000000000044,20672.262
18650.29,-61.7599999999984,20576.184
18650.3,-61.75,20432.125
18650.31,-61.73999999999796,20096.273
18650.32,-61.72999999999956,20048.328
18650.33,-61.719999999997526,19856.623
18650.34,-61.70999999999913,19904.537
18650.35,-61.70000000000073,20336.127
18650.36,-61.68999999999869,20816.443
18650.37,-61.68000000000029,20576.184
18650.38,-61.669999999998254,20384.121
18650.39,-61.659999999999854,20384.121
18650.4,-61.64999999999782,19760.82
18650.41,-61.63999999999942,19808.719
18650.42,-61.63000000000102,19665.049
18650.43,-61.61999999999898,20096.273
18650.44,-61.61000000000058,20624.219
18650.45,-61.599999999998545,20624.219
18650.46,-61.590000000000146,20480.137
18650.47,-61.57999999999811,20192.191
18650.48,-61.56999999999971,20144.229
18650.49,-61.55999999999767,20048.328
18650.5,-61.54999999999927,20528.156
18650.51,-61.54000000000087,19952.459
18650.52,-61.529999999998836,20528.156
18650.53,-61.52000000000044,20768.375
18650.54,-61.5099999999984,20528.156
18650.55,-61.5,20192.191
18650.56,-61.48999999999796,20048.328
18650.57,-61.47999999999956,19856.623
18650.58,-61.469999999997526,20000.389
18650.59,-61.45999999999913,20096.273
18650.6,-61.45000000000073,20288.141
18650.61,-61.43999999999869,20240.162
18650.62,-61.43000000000029,20192.191
18650.63,-61.419999999998254,20096.273
18650.64,-61.409999999999854,20384.121
18650.65,-61.39999999999782,20864.52
18650.66,-61.38999999999942,20720.314
18650.67,-61.38000000000102,20768.375
18650.68,-61.36999999999898,20384.121
18650.69,-61.36000000000058,20336.127
18650.7,-61.349999999998545,20000.389
18650.71,-61.340000000000146,19712.932
18650.72,-61.32999999999811,20336.127
18650.73,-61.31999999999971,20432.125
18650.74,-61.30999999999767,20384.121
18650.75,-61.29999999999927,20432.125
18650.76,-61.29000000000087,20000.389
18650.77,-61.279999999998836,20144.229
18650.78,-61.27000000000044,20096.273
18650.79,-61.2599999999984,20288.141
18650.8,-61.25,20384.121
18650.81,-61.23999999999796,20384.121
18650.82,-61.22999999999956,20048.328
18650.83,-61.219999999997526,20096.273
18650.84,-61.20999999999913,20384.121
18650.85,-61.20000000000073,20432.125
18650.86,-61.18999999999869,20576.184
18650.87,-61.18000000000029,20144.229
18650.88,-61.169999999998254,20192.191
18650.89,-61.159999999999854,20096.273
18650.9,-61.14999999999782,20288.141
18650.91,-61.13999999999942,20192.191
18650.92,-61.13000000000102,20480.137
18650.93,-61.11999999999898,20672.262
18650.94,-61.11000000000058,20672.262
18650.95,-61.099999999998545,20192.191
18650.96,-61.090000000000146,20000.389
18650.97,-61.07999999999811,20048.328
18650.98,-61.06999999999971,20288.141
18650.99,-61.05999999999767,20240.162
18651.0,-61.04999999999927,20576.184
18651.01,-61.04000000000087,20144.229
18651.02,-61.029999999998836,20432.125
18651.03,-61.02000000000044,20192.191
18651.04,-61.0099999999984,20336.127
18651.05,-61.0,20048.328
18651.06,-60.98999999999796,19856.623
18651.07,-60.97999999999956,20096.273
18651.08,-60.969999999997526,20720.314
18651.09,-60.95999999999913,20480.137
18651.1,-60.95000000000073,20336.127
18651.11,-60.93999999999869,20240.162
18651.12,-60.93000000000029,20528.156
18651.13,-60.919999999998254,20192.191
18651.14,-60.909999999999854,20048.328
18651.15,-60.89999999999782,20048.328
18651.16,-60.88999999999942,20288.141
18651.17,-60.88000000000102,20144.229
18651.18,-60.86999999999898,20336.127
18651.19,-60.86000000000058,20048.328
18651.2,-60.849999999998545,20384.121
18651.21,-60.840000000000146,20336.127
18651.22,-60.82999999999811,20432.125
18651.23,-60.81999999999971,20432.125
18651.24,-60.80999999999767,19904.537
18651.25,-60.79999999999927,20000.389
18651.26,-60.79000000000087,20000.389
18651.27,-60.779999999998836,20096.273
18651.28,-60.77000000000044,20384.121
18651.29,-60.7599999999984,20384.121
18651.3,-60.75,20576.184
18651.31,-60.73999999999796,20384.121
18651.32,-60.72999999999956,20240.162
18651.33,-60.719999999997526,19856.623
18651.34,-60.70999999999913,19904.537
18651.35,-60.70000000000073,20432.125
18651.36,-60.68999999999869,20432.125
18651.37,-60.68000000000029,20528.156
18651.38,-60.669999999998254,20288.141
18651.39,-60.659999999999854,20096.273
18651.4,-60.64999999999782,19712.932
18651.41,-60.63999999999942,19808.719
18651.42,-60.63000000000102,20720.314
18651.43,-60.61999999999898,20528.156
18651.44,-60.61000000000058,20768.375
18651.45,-60.599999999998545,20432.125
18651.46,-60.590000000000146,20432.125
18651.47,-60.57999999999811,20000.389
18651.48,-60.56999999999971,20144.229
18651.49,-60.55999999999767,20384.121
18651.5,-60.54999999999927,20192.191
18651.51,-60.54000000000087,20048.328
18651.52,-60.529999999998836,20960.695
18651.53,-60.52000000000044,21345.729
18651.54,-60.5099999999984,22117.352
18651.55,-60.5,23133.266
18651.56,-60.48999999999796,23618.293
18651.57,-60.47999999999956,23909.699
18651.58,-60.469999999997526,23909.699
18651.59,-60.45999999999913,23472.699
18651.6,-60.45000000000073,23327.178
18651.61,-60.43999999999869,23181.73
18651.62,-60.43000000000029,22939.482
18651.63,-60.419999999998254,23278.688
18651.64,-60.409999999999854,23521.223
18651.65,-60.39999999999782,23375.678
18651.66,-60.38999999999942,23084.807
18651.67,-60.38000000000102,23666.84
18651.68,-60.36999999999898,23472.699
18651.69,-60.36000000000058,23375.678
18651.7,-60.349999999998545,23424.184
18651.71,-60.340000000000146,23424.184
18651.72,-60.32999999999811,23521.223
18651.73,-60.31999999999971,23084.807
18651.74,-60.30999999999767,23424.184
18651.75,-60.29999999999927,23036.357
18651.76,-60.29000000000087,22987.916
18651.77,-60.279999999998836,23036.357
18651.78,-60.27000000000044,23036.357
18651.79,-60.2599999999984,22794.229
18651.8,-60.25,23181.73
18651.81,-60.23999999999796,23230.205
18651.82,-60.22999999999956,23375.678
18651.83,-60.219999999997526,23084.807
18651.84,-60.20999999999913,23278.688
18651.85,-60.20000000000073,23230.205
18651.86,-60.18999999999869,23763.959
18651.87,-60.18000000000029,23618.293
18651.88,-60.169999999998254,23472.699
18651.89,-60.159999999999854,23327.178
18651.9,-60.14999999999782,23375.678
18651.91,-60.13999999999942,23327.178
18651.92,-60.13000000000102,23181.73
18651.93,-60.11999999999898,23327.178
18651.94,-60.11000000000058,23278.688
18651.95,-60.099999999998545,23084.807
18651.96,-60.090000000000146,23036.357
18651.97,-60.07999999999811,22987.916
18651.98,-60.06999999999971,23569.752
18651.99,-60.05999999999767,23424.184
18652.0,-60.04999999999927,23084.807
18652.01,-60.04000000000087,22745.828
18652.02,-60.029999999998836,22987.916
18652.03,-60.02000000000044,23375.678
18652.04,-60.0099999999984,23861.109
18652.05,-60.0,23715.395
18652.06,-59.98999999999796,23618.293
18652.07,-59.97999999999956,23084.807
18652.08,-59.969999999997526,22794.229
18652.09,-59.95999999999913,23084.807
18652.1,-59.95000000000073,23666.84
18652.11,-59.93999999999869,23472.699
18652.12,-59.93000000000029,23327.178
18652.13,-59.919999999998254,23084.807
18652.14,-59.909999999999854,22891.057
18652.15,-59.89999999999782,23036.357
18652.16,-59.88999999999942,23278.688
18652.17,-59.88000000000102,23569.752
18652.18,-59.86999999999898,23327.178
18652.19,-59.86000000000058,23084.807
18652.2,-59.849999999998545,23618.293
18652.21,-59.840000000000146,23424.184
18652.22,-59.82999999999811,23327.178
18652.23,-59.81999999999971,23278.688
18652.24,-59.80999999999767,23084.807
18652.25,-59.79999999999927,22987.916
18652.26,-59.79000000000087,22842.639
18652.27,-59.779999999998836,23278.688
18652.28,-59.77000000000044,23181.73
18652.29,-59.7599999999984,23472.699
18652.3,-59.75,23375.678
18652.31,-59.73999999999796,23181.73
18652.32,-59.72999999999956,23472.699
18652.33,-59.719999999997526,23569.752
18652.34,-59.70999999999913,23375.678
18652.35,-59.70000000000073,23327.178
18652.36,-59.68999999999869,23084.807
18652.37,-59.68000000000029,23278.688
18652.38,-59.669999999998254,23036.357
18652.39,-59.659999999999854,22939.482
18652.4,-59.64999999999782,22987.916
18652.41,-59.63999999999942,23181.73
18652.42,-59.63000000000102,23521.223
18652.43,-59.61999999999898,23472.699
18652.44,-59.61000000000058,23424.184
18652.45,-59.599999999998545,23424.184
18652.46,-59.590000000000146,23181.73
18652.47,-59.57999999999811,23472.699
18652.48,-59.56999999999971,23036.357
18652.49,-59.55999999999767,22939.482
18652.5,-59.54999999999927,23521.223
18652.51,-59.54000000000087,23278.688
18652.52,-59.529999999998836,23666.84
18652.53,-59.52000000000044,23084.807
18652.54,-59.5099999999984,23133.266
18652.55,-59.5,23375.678
18652.56,-59.48999999999796,23618.293
18652.57,-59.47999999999956,23569.752
18652.58,-59.469999999997526,23375.678
18652.59,-59.45999999999913,23036.357
18652.6,-59.45000000000073,23084.807
18652.61,-59.43999999999869,23375.678
18652.62,-59.43000000000029,23230.205
18652.63,-59.419999999998254,23472.699
18652.64,-59.409999999999854,23618.293
18652.65,-59.39999999999782,23084.807
18652.66,-59.38999999999942,23618.293
18652.67,-59.38000000000102,23618.293
18652.68,-59.36999999999898,23424.184
18652.69,-59.36000000000058,23036.357
18652.7,-59.349999999998545,23084.807
18652.71,-59.340000000000146,23084.807
18652.72,-59.32999999999811,23036.357
18652.73,-59.31999999999971,23278.688
18652.74,-59.30999999999767,23133.266
18652.75,-59.29999999999927,23424.184
18652.76,-59.29000000000087,23036.357
18652.77,-59.279999999998836,22794.229
18652.78,-59.27000000000044,23084.807
18652.79,-59.2599999999984,22891.057
18652.8,-59.25,22939.482
18652.81,-59.23999999999796,23278.688
18652.82,-59.22999999999956,23424.184
18652.83,-59.219999999997526,23278.688
18652.84,-59.20999999999913,23424.184
18652.85,-59.20000000000073,23472.699
18652.86,-59.18999999999869,23133.266
18652.87,-59.18000000000029,23036.357
18652.88,-59.169999999998254,22649.051
18652.89,-59.159999999999854,23084.807
18652.9,-59.14999999999782,22987.916
18652.91,-59.13999999999942,23084.807
18652.92,-59.13000000000102,23278.688
18652.93,-59.11999999999898,23472.699
18652.94,-59.11000000000058,23084.807
18652.95,-59.099999999998545,22842.639
18652.96,-59.090000000000146,22649.051
18652.97,-59.07999999999811,23521.223
18652.98,-59.06999999999971,23084.807
18652.99,-59.05999999999767,22939.482
18653.0,-59.04999999999927,22987.916
18653.01,-59.04000000000087,22794.229
18653.02,-59.029999999998836,22987.916
18653.03,-59.02000000000044,23084.807
18653.04,-59.0099999999984,23327.178
18653.05,-59.0,23666.84
18653.06,-58.98999999999796,23666.84
18653.07,-58.97999999999956,23763.959
18653.08,-58.969999999997526,23472.699
18653.09,-58.95999999999913,23424.184
18653.1,-58.95000000000073,22939.482
18653.11,-58.93999999999869,23375.678
18653.12,-58.93000000000029,23375.678
18653.13,-58.919999999998254,23521.223
18653.14,-58.909999999999854,23569.752
18653.15,-58.89999999999782,23569.752
18653.16,-58.88999999999942,23618.293
18653.17,-58.88000000000102,23375.678
18653.18,-58.86999999999898,23084.807
18653.19,-58.86000000000058,23084.807
18653.2,-58.849999999998545,23666.84
18653.21,-58.840000000000146,23521.223
18653.22,-58.82999999999811,23278.688
18653.23,-58.81999999999971,23375.678
18653.24,-58.80999999999767,23618.293
18653.25,-58.79999999999927,23472.699
18653.26,-58.79000000000087,22987.916
18653.27,-58.779999999998836,22891.057
18653.28,-58.77000000000044,23036.357
18653.29,-58.7599999999984,23133.266
18653.3,-58.75,23278.688
18653.31,-58.73999999999796,23424.184
18653.32,-58.72999999999956,23521.223
18653.33,-58.719999999997526,23569.752
18653.34,-58.70999999999913,23618.293
18653.35,-58.70000000000073,23618.293
18653.36,-58.68999999999869,23278.688
18653.37,-58.68000000000029,23715.395
18653.38,-58.669999999998254,23472.699
18653.39,-58.659999999999854,23958.295
18653.4,-58.64999999999782,23084.807
18653.41,-58.63999999999942,23084.807
18653.42,-58.63000000000102,22891.057
18653.43,-58.61999999999898,23230.205
18653.44,-58.61000000000058,23133.266
18653.45,-58.599999999998545,23230.205
18653.46,-58.590000000000146,23084.807
18653.47,-58.57999999999811,23036.357
18653.48,-58.56999999999971,23278.688
18653.49,-58.55999999999767,23424.184
18653.5,-58.54999999999927,23472.699
18653.51,-58.54000000000087,23278.688
18653.52,-58.529999999998836,23327.178
18653.53,-58.52000000000044,23084.807
18653.54,-58.5099999999984,23375.678
18653.55,-58.5,23618.293
18653.56,-58.48999999999796,23861.109
18653.57,-58.47999999999956,23666.84
18653.58,-58.469999999997526,23521.223
18653.59,-58.45999999999913,23230.205
18653.6,-58.45000000000073,23521.223
18653.61,-58.43999999999869,23472.699
18653.62,-58.43000000000029,23521.223
18653.63,-58.419999999998254,23327.178
18653.64,-58.409999999999854,23084.807
18653.65,-58.39999999999782,23084.807
18653.66,-58.38999999999942,23278.688
18653.67,-58.38000000000102,23715.395
18653.68,-58.36999999999898,23958.295
18653.69,-58.36000000000058,23424.184
18653.7,-58.349999999998545,23084.807
18653.71,-58.340000000000146,23084.807
18653.72,-58.32999999999811,23424.184
18653.73,-58.31999999999971,23278.688
18653.74,-58.30999999999767,22745.828
18653.75,-58.29999999999927,23278.688
18653.76,-58.29000000000087,22987.916
18653.77,-58.279999999998836,23521.223
18653.78,-58.27000000000044,23666.84
18653.79,-58.2599999999984,23812.531
18653.8,-58.25,23230.205
18653.81,-58.23999999999796,22794.229
18653.82,-58.22999999999956,22891.057
18653.83,-58.219999999997526,23230.205
18653.84,-58.20999999999913,23278.688
18653.85,-58.20000000000073,22745.828
18653.86,-58.18999999999869,23230.205
18653.87,-58.18000000000029,23181.73
18653.88,-58.169999999998254,23424.184
18653.89,-58.159999999999854,22987.916
18653.9,-58.14999999999782,23278.688
18653.91,-58.13999999999942,23424.184
18653.92,-58.13000000000102,23084.807
18653.93,-58.11999999999898,23181.73
18653.94,-58.11000000000058,23084.807
18653.95,-58.099999999998545,23278.688
18653.96,-58.090000000000146,23375.678
18653.97,-58.07999999999811,23327.178
18653.98,-58.06999999999971,23472.699
18653.99,-58.05999999999767,23375.678
18654.0,-58.04999999999927,23230.205
18654.01,-58.04000000000087,23084.807
18654.02,-58.029999999998836,22842.639
18654.03,-58.02000000000044,23036.357
18654.04,-58.0099999999984,23521.223
18654.05,-58.0,23763.959
18654.06,-57.98999999999796,23472.699
18654.07,-57.97999999999956,23472.699
18654.08,-57.969999999997526,22842.639
18654.09,-57.95999999999913,23036.357
18654.1,-57.95000000000073,23133.266
18654.11,-57.93999999999869,22745.828
18654.12,-57.93000000000029,22891.057
18654.13,-57.919999999998254,22891.057
18654.14,-57.909999999999854,23036.357
18654.15,-57.89999999999782,23181.73
18654.16,-57.88999999999942,23278.688
18654.17,-57.88000000000102,22939.482
18654.18,-57.86999999999898,23278.688
18654.19,-57.86000000000058,23618.293
18654.2,-57.849999999998545,23618.293
18654.21,-57.840000000000146,23181.73
18654.22,-57.82999999999811,23181.73
18654.23,-57.81999999999971,22987.916
18654.24,-57.80999999999767,23133.266
18654.25,-57.79999999999927,23230.205
18654.26,-57.79000000000087,23230.205
18654.27,-57.779999999998836,23278.688
18654.28,-57.77000000000044,23133.266
18654.29,-57.7599999999984,23375.678
18654.3,-57.75,23763.959
18654.31,-57.73999999999796,23861.109
18654.32,-57.72999999999956,23472.699
18654.33,-57.719999999997526,23036.357
18654.34,-57.70999999999913,23278.688
18654.35,-57.70000000000073,23715.395
18654.36,-57.68999999999869,23666.84
18654.37,-57.68000000000029,23521.223
18654.38,-57.669999999998254,23181.73
18654.39,-57.659999999999854,23133.266
18654.4,-57.64999999999782,23036.357
18654.41,-57.63999999999942,23472.699
18654.42,-57.63000000000102,23569.752
18654.43,-57.61999999999898,23036.357
18654.44,-57.61000000000058,23084.807
18654.45,-57.599999999998545,23569.752
18654.46,-57.590000000000146,23327.178
18654.47,-57.57999999999811,23618.293
18654.48,-57.56999999999971,23472.699
18654.49,-57.55999999999767,23763.959
18654.5,-57.54999999999927,23424.184
18654.51,-57.54000000000087,23036.357
18654.52,-57.529999999998836,23278.688
18654.53,-57.52000000000044,23424.184
18654.54,-57.5099999999984,23084.807
18654.55,-57.5,23278.688
18654.56,-57.48999999999796,23472.699
18654.57,-57.47999999999956,23472.699
18654.58,-57.469999999997526,23230.205
18654.59,-57.45999999999913,23424.184
18654.6,-57.45000000000073,23812.531
18654.61,-57.43999999999869,23424.184
18654.62,-57.43000000000029,23230.205
18654.63,-57.419999999998254,23230.205
18654.64,-57.409999999999854,23327.178
18654.65,-57.39999999999782,23763.959
18654.66,-57.38999999999942,23569.752
18654.67,-57.38000000000102,23327.178
18654.68,-57.36999999999898,23230.205
18654.69,-57.36000000000058,22987.916
18654.7,-57.349999999998545,23181.73
18654.71,-57.340000000000146,23521.223
18654.72,-57.32999999999811,23618.293
18654.73,-57.31999999999971,23472.699
18654.74,-57.30999999999767,23133.266
18654.75,-57.29999999999927,23521.223
18654.76,-57.29000000000087,23133.266
18654.77,-57.279999999998836,23909.699
18654.78,-57.27000000000044,23472.699
18654.79,-57.2599999999984,23278.688
18654.8,-57.25,23472.699
18654.81,-57.23999999999796,23521.223
18654.82,-57.22999999999956,23424.184
18654.83,-57.219999999997526,23569.752
18654.84,-57.20999999999913,23569.752
18654.85,-57.20000000000073,23569.752
18654.86,-57.18999999999869,23569.752
18654.87,-57.18000000000029,23472.699
18654.88,-57.169999999998254,23084.807
18654.89,-57.159999999999854,23278.688
18654.9,-57.14999999999782,23472.699
18654.91,-57.13999999999942,23666.84
18654.92,-57.13000000000102,23230.205
18654.93,-57.11999999999898,23375.678
18654.94,-57.11000000000058,23375.678
18654.95,-57.099999999998545,23424.184
18654.96,-57.090000000000146,22987.916
18654.97,-57.07999999999811,22939.482
18654.98,-57.06999999999971,23327.178
18654.99,-57.05999999999767,23521.223
18655.0,-57.04999999999927,23472.699
18655.01,-57.04000000000087,23084.807
18655.02,-57.029999999998836,23424.184
18655.03,-57.02000000000044,23861.109
18655.04,-57.0099999999984,23424.184
18655.05,-57.0,23181.73
18655.06,-56.98999999999796,23181.73
18655.07,-56.97999999999956,23084.807
18655.08,-56.969999999997526,23278.688
18655.09,-56.95999999999913,22939.482
18655.1,-56.95000000000073,23084.807
18655.11,-56.93999999999869,23375.678
18655.12,-56.93000000000029,23181.73
18655.13,-56.919999999998254,22939.482
18655.14,-56.909999999999854,23230.205
18655.15,-56.89999999999782,23715.395
18655.16,-56.88999999999942,23715.395
18655.17,-56.88000000000102,23666.84
18655.18,-56.86999999999898,23181.73
18655.19,-56.86000000000058,22842.639
18655.2,-56.849999999998545,22987.916
18655.21,-56.840000000000146,23084.807
18655.22,-56.82999999999811,23181.73
18655.23,-56.81999999999971,23666.84
18655.24,-56.80999999999767,23666.84
18655.25,-56.79999999999927,23569.752
18655.26,-56.79000000000087,23230.205
18655.27,-56.779999999998836,23084.807
18655.28,-56.77000000000044,22745.828
18655.29,-56.7599999999984,23375.678
18655.3,-56.75,23327.178
18655.31,-56.73999999999796,23230.205
18655.32,-56.72999999999956,23424.184
18655.33,-56.719999999997526,23521.223
18655.34,-56.70999999999913,23472.699
18655.35,-56.70000000000073,23521.223
18655.36,-56.68999999999869,22987.916
18655.37,-56.68000000000029,23375.678
18655.38,-56.669999999998254,22987.916
18655.39,-56.659999999999854,23521.223
18655.4,-56.64999999999782,23715.395
18655.41,-56.63999999999942,23861.109
18655.42,-56.63000000000102,23618.293
18655.43,-56.61999999999898,22891.057
18655.44,-56.61000000000058,23036.357
18655.45,-56.599999999998545,23472.699
18655.46,-56.590000000000146,23472.699
18655.47,-56.57999999999811,23084.807
18655.48,-56.56999999999971,23181.73
18655.49,-56.55999999999767,23084.807
18655.5,-56.54999999999927,23278.688
18655.51,-56.54000000000087,22987.916
18655.52,-56.529999999998836,22842.639
18655.53,-56.52000000000044,22552.305
18655.54,-56.5099999999984,22697.436
18655.55,-56.5,23084.807
18655.56,-56.48999999999796,23618.293
18655.57,-56.47999999999956,23424.184
18655.58,-56.469999999997526,22745.828
18655.59,-56.45999999999913,22987.916
18655.6,-56.45000000000073,23278.688
18655.61,-56.43999999999869,23375.678
18655.62,-56.43000000000029,23472.699
18655.63,-56.419999999998254,22939.482
18655.64,-56.409999999999854,23133.266
18655.65,-56.39999999999782,23327.178
18655.66,-56.38999999999942,23084.807
18655.67,-56.38000000000102,23084.807
18655.68,-56.36999999999898,23084.807
18655.69,-56.36000000000058,23424.184
18655.7,-56.349999999998545,23424.184
18655.71,-56.340000000000146,23133.266
18655.72,-56.32999999999811,23375.678
18655.73,-56.31999999999971,23375.678
18655.74,-56.30999999999767,23375.678
18655.75,-56.29999999999927,23230.205
18655.76,-56.29000000000087,22745.828
18655.77,-56.279999999998836,23472.699
18655.78,-56.27000000000044,23375.678
18655.79,-56.2599999999984,23375.678
18655.8,-56.25,22891.057
18655.81,-56.23999999999796,22939.482
18655.82,-56.22999999999956,22987.916
18655.83,-56.219999999997526,23424.184
18655.84,-56.20999999999913,23230.205
18655.85,-56.20000000000073,23084.807
18655.86,-56.18999999999869,23230.205
18655.87,-56.18000000000029,23375.678
18655.88,-56.169999999998254,23133.266
18655.89,-56.159999999999854,23472.699
18655.9,-56.14999999999782,23375.678
18655.91,-56.13999999999942,23084.807
18655.92,-56.13000000000102,23084.807
18655.93,-56.11999999999898,22842.639
18655.94,-56.11000000000058,23036.357
18655.95,-56.099999999998545,23327.178
18655.96,-56.090000000000146,23472.699
18655.97,-56.07999999999811,23036.357
18655.98,-56.06999999999971,23084.807
18655.99,-56.05999999999767,22794.229
18656.0,-56.04999999999927,23181.73
18656.01,-56.04000000000087,22794.229
18656.02,-56.029999999998836,23472.699
18656.03,-56.02000000000044,23472.699
18656.04,-56.0099999999984,23812.531
18656.05,-56.0,23472.699
18656.06,-55.98999999999796,22987.916
18656.07,-55.97999999999956,22939.482
18656.08,-55.969999999997526,23327.178
18656.09,-55.95999999999913,23521.223
18656.1,-55.95000000000073,23569.752
18656.11,-55.93999999999869,23521.223
18656.12,-55.93000000000029,23230.205
18656.13,-55.919999999998254,23181.73
18656.14,-55.909999999999854,22939.482
18656.15,-55.89999999999782,23569.752
18656.16,-55.88999999999942,24006.898
18656.17,-55.88000000000102,23763.959
18656.18,-55.86999999999898,23909.699
18656.19,-55.86000000000058,23375.678
18656.2,-55.849999999998545,23424.184
18656.21,-55.840000000000146,23375.678
18656.22,-55.82999999999811,23084.807
18656.23,-55.81999999999971,22939.482
18656.24,-55.80999999999767,22697.436
18656.25,-55.79999999999927,23472.699
18656.26,-55.79000000000087,23472.699
18656.27,-55.779999999998836,23812.531
18656.28,-55.77000000000044,23472.699
18656.29,-55.7599999999984,23181.73
18656.3,-55.75,23278.688
18656.31,-55.73999999999796,23278.688
18656.32,-55.72999999999956,23715.395
18656.33,-55.719999999997526,23230.205
18656.34,-55.70999999999913,23181.73
18656.35,-55.70000000000073,23812.531
18656.36,-55.68999999999869,23666.84
18656.37,-55.68000000000029,23666.84
18656.38,-55.669999999998254,23036.357
18656.39,-55.659999999999854,23472.699
18656.4,-55.64999999999782,23375.678
18656.41,-55.63999999999942,23424.184
18656.42,-55.63000000000102,23375.678
18656.43,-55.61999999999898,23715.395
18656.44,-55.61000000000058,23375.678
18656.45,-55.599999999998545,23327.178
18656.46,-55.590000000000146,23084.807
18656.47,-55.57999999999811,23084.807
18656.48,-55.56999999999971,23521.223
18656.49,-55.55999999999767,23084.807
18656.5,-55.54999999999927,23472.699
18656.51,-55.54000000000087,23472.699
18656.52,-55.529999999998836,23424.184
18656.53,-55.52000000000044,23424.184
18656.54,-55.5099999999984,23375.678
18656.55,-55.5,23618.293
18656.56,-55.48999999999796,23569.752
18656.57,-55.47999999999956,23278.688
18656.58,-55.469999999997526,23036.357
18656.59,-55.45999999999913,23472.699
18656.6,-55.45000000000073,23327.178
18656.61,-55.43999999999869,23763.959
18656.62,-55.43000000000029,23666.84
18656.63,-55.419999999998254,23084.807
18656.64,-55.409999999999854,22745.828
18656.65,-55.39999999999782,23230.205
18656.66,-55.38999999999942,23763.959
18656.67,-55.38000000000102,23521.223
18656.68,-55.36999999999898,23181.73
18656.69,-55.36000000000058,23036.357
18656.7,-55.349999999998545,23230.205
18656.71,-55.340000000000146,23375.678
18656.72,-55.32999999999811,23569.752
18656.73,-55.31999999999971,23327.178
18656.74,-55.30999999999767,23084.807
18656.75,-55.29999999999927,23424.184
18656.76,-55.29000000000087,22842.639
18656.77,-55.279999999998836,23569.752
18656.78,-55.27000000000044,23230.205
18656.79,-55.2599999999984,23181.73
18656.8,-55.25,23230.205
18656.81,-55.23999999999796,23909.699
18656.82,-55.22999999999956,23327.178
18656.83,-55.219999999997526,23133.266
18656.84,-55.20999999999913,23084.807
18656.85,-55.20000000000073,23327.178
18656.86,-55.18999999999869,23521.223
18656.87,-55.18000000000029,23763.959
18656.88,-55.169999999998254,23424.184
18656.89,-55.159999999999854,23084.807
18656.9,-55.14999999999782,23230.205
18656.91,-55.13999999999942,23230.205
18656.92,-55.13000000000102,23181.73
18656.93,-55.11999999999898,23133.266
18656.94,-55.11000000000058,23230.205
18656.95,-55.099999999998545,23715.395
18656.96,-55.090000000000146,23327.178
18656.97,-55.07999999999811,23036.357
18656.98,-55.06999999999971,23424.184
18656.99,-55.05999999999767,23618.293
18657.0,-55.04999999999927,23569.752
18657.01,-55.04000000000087,23230.205
18657.02,-55.029999999998836,22939.482
18657.03,-55.02000000000044,23472.699
18657.04,-55.0099999999984,23715.395
18657.05,-55.0,23521.223
18657.06,-54.98999999999796,23472.699
18657.07,-54.97999999999956,23472.699
18657.08,-54.969999999997526,23521.223
18657.09,-54.95999999999913,23472.699
18657.1,-54.95000000000073,23424.184
18657.11,-54.93999999999869,23133.266
18657.12,-54.93000000000029,23084.807
18657.13,-54.919999999998254,23230.205
18657.14,-54.909999999999854,23763.959
18657.15,-54.89999999999782,23278.688
18657.16,-54.88999999999942,23181.73
18657.17,-54.88000000000102,23230.205
18657.18,-54.86999999999898,22891.057
18657.19,-54.86000000000058,23472.699
18657.2,-54.849999999998545,23230.205
18657.21,-54.840000000000146,23230.205
18657.22,-54.82999999999811,22891.057
18657.23,-54.81999999999971,23472.699
18657.24,-54.80999999999767,23472.699
18657.25,-54.79999999999927,23666.84
18657.26,-54.79000000000087,22842.639
18657.27,-54.779999999998836,23084.807
18657.28,-54.77000000000044,23375.678
18657.29,-54.7599999999984,23521.223
18657.3,-54.75,23278.688
18657.31,-54.73999999999796,23327.178
18657.32,-54.72999999999956,23230.205
18657.33,-54.719999999997526,23084.807
18657.34,-54.70999999999913,22891.057
18657.35,-54.70000000000073,23375.678
18657.36,-54.68999999999869,23472.699
18657.37,-54.68000000000029,23278.688
18657.38,-54.669999999998254,23375.678
18657.39,-54.659999999999854,23278.688
18657.4,-54.64999999999782,23424.184
18657.41,-54.63999999999942,23375.678
18657.42,-54.63000000000102,23278.688
18657.43,-54.61999999999898,23618.293
18657.44,-54.61000000000058,23569.752
18657.45,-54.599999999998545,23472.699
18657.46,-54.590000000000146,23181.73
18657.47,-54.57999999999811,23327.178
18657.48,-54.56999999999971,23084.807
18657.49,-54.55999999999767,23133.266
18657.5,-54.54999999999927,22794.229
18657.51,-54.54000000000087,22745.828
18657.52,-54.529999999998836,23375.678
18657.53,-54.52000000000044,23569.752
18657.54,-54.5099999999984,23521.223
18657.55,-54.5,23424.184
18657.56,-54.48999999999796,23084.807
18657.57,-54.47999999999956,23278.688
18657.58,-54.469999999997526,23327.178
18657.59,-54.45999999999913,23278.688
18657.6,-54.45000000000073,23521.223
18657.61,-54.43999999999869,23472.699
18657.62,-54.43000000000029,23472.699
18657.63,-54.419999999998254,23375.678
18657.64,-54.409999999999854,23569.752
18657.65,-54.39999999999782,23666.84
18657.66,-54.38999999999942,24006.898
18657.67,-54.38000000000102,24055.512
18657.68,-54.36999999999898,23909.699
18657.69,-54.36000000000058,23472.699
18657.7,-54.349999999998545,23424.184
18657.71,-54.340000000000146,23424.184
18657.72,-54.32999999999811,23472.699
18657.73,-54.31999999999971,23036.357
18657.74,-54.30999999999767,23084.807
18657.75,-54.29999999999927,23278.688
18657.76,-54.29000000000087,23230.205
18657.77,-54.279999999998836,24055.512
18657.78,-54.27000000000044,23909.699
18657.79,-54.2599999999984,23569.752
18657.8,-54.25,23569.752
18657.81,-54.23999999999796,23472.699
18657.82,-54.22999999999956,23812.531
18657.83,-54.219999999997526,23812.531
18657.84,-54.20999999999913,23521.223
18657.85,-54.20000000000073,23472.699
18657.86,-54.18999999999869,23763.959
18657.87,-54.18000000000029,23861.109
18657.88,-54.169999999998254,23424.184
18657.89,-54.159999999999854,23472.699
18657.9,-54.14999999999782,23278.688
18657.91,-54.13999999999942,23133.266
18657.92,-54.13000000000102,23618.293
18657.93,-54.11999999999898,23424.184
18657.94,-54.11000000000058,23521.223
18657.95,-54.099999999998545,23327.178
18657.96,-54.090000000000146,23569.752
18657.97,-54.07999999999811,23763.959
18657.98,-54.06999999999971,23861.109
18657.99,-54.05999999999767,23909.699
18658.0,-54.04999999999927,23521.223
18658.01,-54.04000000000087,23375.678
18658.02,-54.029999999998836,23278.688
18658.03,-54.02000000000044,23230.205
18658.04,-54.0099999999984,23133.266
18658.05,-54.0,23278.688
18658.06,-53.98999999999796,23666.84
18658.07,-53.97999999999956,24298.695
18658.08,-53.969999999997526,24006.898
18658.09,-53.95999999999913,23521.223
18658.1,-53.95000000000073,23618.293
18658.11,-53.93999999999869,23472.699
18658.12,-53.93000000000029,23909.699
18658.13,-53.919999999998254,23375.678
18658.14,-53.909999999999854,23327.178
18658.15,-53.89999999999782,23278.688
18658.16,-53.88999999999942,23715.395
18658.17,-53.88000000000102,23424.184
18658.18,-53.86999999999898,23084.807
18658.19,-53.86000000000058,23472.699
18658.2,-53.849999999998545,23569.752
18658.21,-53.840000000000146,23181.73
18658.22,-53.82999999999811,23375.678
18658.23,-53.81999999999971,22891.057
18658.24,-53.80999999999767,23375.678
18658.25,-53.79999999999927,23181.73
18658.26,-53.79000000000087,22939.482
18658.27,-53.779999999998836,22891.057
18658.28,-53.77000000000044,22697.436
18658.29,-53.7599999999984,22262.264
18658.3,-53.75,22262.264
18658.31,-53.73999999999796,23084.807
18658.32,-53.72999999999956,23424.184
18658.33,-53.719999999997526,23861.109
18658.34,-53.70999999999913,23618.293
18658.35,-53.70000000000073,23424.184
18658.36,-53.68999999999869,22939.482
18658.37,-53.68000000000029,23181.73
18658.38,-53.669999999998254,23084.807
18658.39,-53.659999999999854,23375.678
18658.4,-53.64999999999782,23230.205
18658.41,-53.63999999999942,23036.357
18658.42,-53.63000000000102,22939.482
18658.43,-53.61999999999898,22987.916
18658.44,-53.61000000000058,22939.482
18658.45,-53.599999999998545,22939.482
18658.46,-53.590000000000146,22891.057
18658.47,-53.57999999999811,22987.916
18658.48,-53.56999999999971,23327.178
18658.49,-53.55999999999767,23327.178
18658.5,-53.54999999999927,22987.916
18658.51,-53.54000000000087,22600.674
18658.52,-53.529999999998836,22939.482
18658.53,-53.52000000000044,23084.807
18658.54,-53.5099999999984,23375.678
18658.55,-53.5,23327.178
18658.56,-53.48999999999796,23036.357
18658.57,-53.47999999999956,22794.229
18658.58,-53.469999999997526,22891.057
18658.59,-53.45999999999913,23036.357
18658.6,-53.45000000000073,23472.699
18658.61,-53.43999999999869,23327.178
18658.62,-53.43000000000029,23133.266
18658.63,-53.419999999998254,22939.482
18658.64,-53.409999999999854,23133.266
18658.65,-53.39999999999782,23375.678
18658.66,-53.38999999999942,23375.678
18658.67,-53.38000000000102,22987.916
18658.68,-53.36999999999898,22891.057
18658.69,-53.36000000000058,23181.73
18658.7,-53.349999999998545,23618.293
18658.71,-53.340000000000146,23715.395
18658.72,-53.32999999999811,23666.84
18658.73,-53.31999999999971,23715.395
18658.74,-53.30999999999767,23472.699
18658.75,-53.29999999999927,23521.223
18658.76,-53.29000000000087,22891.057
18658.77,-53.279999999998836,23375.678
18658.78,-53.27000000000044,23715.395
18658.79,-53.2599999999984,23715.395
18658.8,-53.25,23812.531
18658.81,-53.23999999999796,23812.531
18658.82,-53.22999999999956,23861.109
18658.83,-53.219999999997526,23715.395
18658.84,-53.20999999999913,23424.184
18658.85,-53.20000000000073,23715.395
18658.86,-53.18999999999869,23375.678
18658.87,-53.18000000000029,23569.752
18658.88,-53.169999999998254,23084.807
18658.89,-53.159999999999854,23278.688
18658.9,-53.14999999999782,23327.178
18658.91,-53.13999999999942,23278.688
18658.92,-53.13000000000102,23375.678
18658.93,-53.11999999999898,23666.84
18658.94,-53.11000000000058,23278.688
18658.95,-53.099999999998545,23036.357
18658.96,-53.090000000000146,23424.184
18658.97,-53.07999999999811,23666.84
18658.98,-53.06999999999971,23618.293
18658.99,-53.05999999999767,23666.84
18659.0,-53.04999999999927,23424.184
18659.01,-53.04000000000087,23521.223
18659.02,-53.029999999998836,23666.84
18659.03,-53.02000000000044,23569.752
18659.04,-53.0099999999984,23278.688
18659.05,-53.0,23036.357
18659.06,-52.98999999999796,23133.266
18659.07,-52.97999999999956,23472.699
18659.08,-52.969999999997526,23715.395
18659.09,-52.95999999999913,23472.699
18659.1,-52.95000000000073,23715.395
18659.11,-52.93999999999869,23521.223
18659.12,-52.93000000000029,23909.699
18659.13,-52.919999999998254,23763.959
18659.14,-52.909999999999854,23569.752
18659.15,-52.89999999999782,23521.223
18659.16,-52.88999999999942,23424.184
18659.17,-52.88000000000102,23424.184
18659.18,-52.86999999999898,23618.293
18659.19,-52.86000000000058,23861.109
18659.2,-52.849999999998545,23569.752
18659.21,-52.840000000000146,23763.959
18659.22,-52.82999999999811,23230.205
18659.23,-52.81999999999971,22987.916
18659.24,-52.80999999999767,23133.266
18659.25,-52.79999999999927,23084.807
18659.26,-52.79000000000087,23375.678
18659.27,-52.779999999998836,23521.223
18659.28,-52.77000000000044,23472.699
18659.29,-52.7599999999984,23278.688
18659.3,-52.75,23569.752
18659.31,-52.73999999999796,23181.73
18659.32,-52.72999999999956,22600.674
18659.33,-52.719999999997526,22697.436
18659.34,-52.70999999999913,23084.807
18659.35,-52.70000000000073,23327.178
18659.36,-52.68999999999869,23375.678
18659.37,-52.68000000000029,23375.678
18659.38,-52.669999999998254,23715.395
18659.39,-52.659999999999854,23861.109
18659.4,-52.64999999999782,23133.266
18659.41,-52.63999999999942,23230.205
18659.42,-52.63000000000102,22987.916
18659.43,-52.61999999999898,22939.482
18659.44,-52.61000000000058,22939.482
18659.45,-52.599999999998545,22842.639
18659.46,-52.590000000000146,23181.73
18659.47,-52.57999999999811,23133.266
18659.48,-52.56999999999971,23084.807
18659.49,-52.55999999999767,23375.678
18659.5,-52.54999999999927,23375.678
18659.51,-52.54000000000087,23036.357
18659.52,-52.529999999998836,22987.916
18659.53,-52.52000000000044,23278.688
18659.54,-52.5099999999984,23181.73
18659.55,-52.5,23230.205
18659.56,-52.48999999999796,23036.357
18659.57,-52.47999999999956,22891.057
18659.58,-52.469999999997526,23327.178
18659.59,-52.45999999999913,23424.184
18659.6,-52.45000000000073,23666.84
18659.61,-52.43999999999869,23327.178
18659.62,-52.43000000000029,23375.678
18659.63,-52.419999999998254,23133.266
18659.64,-52.409999999999854,22939.482
18659.65,-52.39999999999782,22987.916
18659.66,-52.38999999999942,22697.436
18659.67,-52.38000000000102,23036.357
18659.68,-52.36999999999898,23036.357
18659.69,-52.36000000000058,23084.807
18659.7,-52.349999999998545,22842.639
18659.71,-52.340000000000146,22939.482
18659.72,-52.32999999999811,23472.699
18659.73,-52.31999999999971,23666.84
18659.74,-52.30999999999767,23521.223
18659.75,-52.29999999999927,23230.205
18659.76,-52.29000000000087,22794.229
18659.77,-52.279999999998836,23472.699
18659.78,-52.27000000000044,23424.184
18659.79,-52.2599999999984,23278.688
18659.8,-52.25,23084.807
18659.81,-52.23999999999796,23327.178
18659.82,-52.22999999999956,23618.293
18659.83,-52.219999999997526,23181.73
18659.84,-52.20999999999913,23375.678
18659.85,-52.20000000000073,23715.395
18659.86,-52.18999999999869,23472.699
18659.87,-52.18000000000029,23812.531
18659.88,-52.169999999998254,23715.395
18659.89,-52.159999999999854,23278.688
18659.9,-52.14999999999782,23181.73
18659.91,-52.13999999999942,23424.184
18659.92,-52.13000000000102,23230.205
18659.93,-52.11999999999898,23084.807
18659.94,-52.11000000000058,23181.73
18659.95,-52.099999999998545,23715.395
18659.96,-52.090000000000146,23909.699
18659.97,-52.07999999999811,23569.752
18659.98,-52.06999999999971,23327.178
18659.99,-52.05999999999767,23230.205
18660.0,-52.04999999999927,23230.205
18660.01,-52.04000000000087,23084.807
18660.02,-52.029999999998836,23230.205
18660.03,-52.02000000000044,23569.752
18660.04,-52.0099999999984,23763.959
18660.05,-52.0,23618.293
18660.06,-51.98999999999796,23084.807
18660.07,-51.97999999999956,23084.807
18660.08,-51.969999999997526,23230.205
18660.09,-51.95999999999913,23230.205
18660.1,-51.95000000000073,23521.223
18660.11,-51.93999999999869,23375.678
18660.12,-51.93000000000029,24006.898
18660.13,-51.919999999998254,23569.752
18660.14,-51.909999999999854,23763.959
18660.15,-51.89999999999782,23569.752
18660.16,-51.88999999999942,23181.73
18660.17,-51.88000000000102,23278.688
18660.18,-51.86999999999898,23375.678
18660.19,-51.86000000000058,23812.531
18660.2,-51.849999999998545,23715.395
18660.21,-51.840000000000146,23181.73
18660.22,-51.82999999999811,22939.482
18660.23,-51.81999999999971,23375.678
18660.24,-51.80999999999767,23569.752
18660.25,-51.79999999999927,23666.84
18660.26,-51.79000000000087,23424.184
18660.27,-51.779999999998836,23812.531
18660.28,-51.77000000000044,23569.752
18660.29,-51.7599999999984,23715.395
18660.3,-51.75,23569.752
18660.31,-51.73999999999796,23327.178
18660.32,-51.72999999999956,22987.916
18660.33,-51.719999999997526,23230.205
18660.34,-51.70999999999913,23472.699
18660.35,-51.70000000000073,23569.752
18660.36,-51.68999999999869,23812.531
18660.37,-51.68000000000029,23569.752
18660.38,-51.669999999998254,23375.678
18660.39,-51.659999999999854,23472.699
18660.4,-51.64999999999782,23133.266
18660.41,-51.63999999999942,23327.178
18660.42,-51.63000000000102,23618.293
18660.43,-51.61999999999898,23375.678
18660.44,-51.61000000000058,23569.752
18660.45,-51.599999999998545,23327.178
18660.46,-51.590000000000146,22939.482
18660.47,-51.57999999999811,23036.357
18660.48,-51.56999999999971,22987.916
18660.49,-51.55999999999767,23569.752
18660.5,-51.54999999999927,23763.959
18660.51,-51.54000000000087,22697.436
18660.52,-51.529999999998836,23133.266
18660.53,-51.52000000000044,23375.678
18660.54,-51.5099999999984,23036.357
18660.55,-51.5,23424.184
18660.56,-51.48999999999796,23375.678
18660.57,-51.47999999999956,23278.688
18660.58,-51.469999999997526,23472.699
18660.59,-51.45999999999913,22891.057
18660.6,-51.45000000000073,22987.916
18660.61,-51.43999999999869,23327.178
18660.62,-51.43000000000029,23181.73
18660.63,-51.419999999998254,23230.205
18660.64,-51.409999999999854,23084.807
18660.65,-51.39999999999782,23181.73
18660.66,-51.38999999999942,23084.807
18660.67,-51.38000000000102,23084.807
18660.68,-51.36999999999898,23327.178
18660.69,-51.36000000000058,23036.357
18660.7,-51.349999999998545,23375.678
18660.71,-51.340000000000146,23181.73
18660.72,-51.32999999999811,23569.752
18660.73,-51.31999999999971,23521.223
18660.74,-51.30999999999767,23327.178
18660.75,-51.29999999999927,23036.357
18660.76,-51.29000000000087,22794.229
18660.77,-51.279999999998836,23715.395
18660.78,-51.27000000000044,23618.293
18660.79,-51.2599999999984,23230.205
18660.8,-51.25,22939.482
18660.81,-51.23999999999796,23084.807
18660.82,-51.22999999999956,23230.205
18660.83,-51.219999999997526,23375.678
18660.84,-51.20999999999913,23327.178
18660.85,-51.20000000000073,23084.807
18660.86,-51.18999999999869,23327.178
18660.87,-51.18000000000029,23472.699
18660.88,-51.169999999998254,23278.688
18660.89,-51.159999999999854,23327.178
18660.9,-51.14999999999782,23181.73
18660.91,-51.13999999999942,23472.699
18660.92,-51.13000000000102,23715.395
18660.93,-51.11999999999898,23618.293
18660.94,-51.11000000000058,23375.678
18660.95,-51.099999999998545,23327.178
18660.96,-51.090000000000146,23084.807
18660.97,-51.07999999999811,23424.184
18660.98,-51.06999999999971,23375.678
18660.99,-51.05999999999767,23230.205
18661.0,-51.04999999999927,23084.807
18661.01,-51.04000000000087,23133.266
18661.02,-51.029999999998836,23666.84
18661.03,-51.02000000000044,23569.752
18661.04,-51.0099999999984,23472.699
18661.05,-51.0,23521.223
18661.06,-50.98999999999796,23424.184
18661.07,-50.97999999999956,22939.482
18661.08,-50.969999999997526,22987.916
18661.09,-50.95999999999913,23569.752
18661.1,-50.95000000000073,23133.266
18661.11,-50.93999999999869,23327.178
18661.12,-50.93000000000029,23375.678
18661.13,-50.919999999998254,23133.266
18661.14,-50.909999999999854,23521.223
18661.15,-50.89999999999782,23472.699
18661.16,-50.88999999999942,23375.678
18661.17,-50.88000000000102,23084.807
18661.18,-50.86999999999898,23472.699
18661.19,-50.86000000000058,23181.73
18661.2,-50.849999999998545,22987.916
18661.21,-50.840000000000146,23084.807
18661.22,-50.82999999999811,23181.73
18661.23,-50.81999999999971,23666.84
18661.24,-50.80999999999767,23715.395
18661.25,-50.79999999999927,23715.395
18661.26,-50.79000000000087,22987.916
18661.27,-50.779999999998836,23472.699
18661.28,-50.77000000000044,23133.266
18661.29,-50.7599999999984,23133.266
18661.3,-50.75,23084.807
18661.31,-50.73999999999796,23327.178
18661.32,-50.72999999999956,23133.266
18661.33,-50.719999999997526,22987.916
18661.34,-50.70999999999913,23084.807
18661.35,-50.70000000000073,23278.688
18661.36,-50.68999999999869,23084.807
18661.37,-50.68000000000029,23569.752
18661.38,-50.669999999998254,23327.178
18661.39,-50.659999999999854,23327.178
18661.4,-50.64999999999782,23424.184
18661.41,-50.63999999999942,23521.223
18661.42,-50.63000000000102,23569.752
18661.43,-50.61999999999898,23472.699
18661.44,-50.61000000000058,23618.293
18661.45,-50.599999999998545,23133.266
18661.46,-50.590000000000146,23424.184
18661.47,-50.57999999999811,23618.293
18661.48,-50.56999999999971,23569.752
18661.49,-50.55999999999767,23569.752
18661.5,-50.54999999999927,23521.223
18661.51,-50.54000000000087,23133.266
18661.52,-50.529999999998836,23278.688
18661.53,-50.52000000000044,23278.688
18661.54,-50.5099999999984,23327.178
18661.55,-50.5,23424.184
18661.56,-50.48999999999796,23424.184
18661.57,-50.47999999999956,23424.184
18661.58,-50.469999999997526,23327.178
18661.59,-50.45999999999913,22939.482
18661.6,-50.45000000000073,23278.688
18661.61,-50.43999999999869,23861.109
18661.62,-50.43000000000029,23278.688
18661.63,-50.419999999998254,23084.807
18661.64,-50.409999999999854,22697.436
18661.65,-50.39999999999782,22794.229
18661.66,-50.38999999999942,23327.178
18661.67,-50.38000000000102,23618.293
18661.68,-50.36999999999898,24006.898
18661.69,-50.36000000000058,23618.293
18661.7,-50.349999999998545,23472.699
18661.71,-50.340000000000146,23327.178
18661.72,-50.32999999999811,23375.678
18661.73,-50.31999999999971,22987.916
18661.74,-50.30999999999767,23133.266
18661.75,-50.29999999999927,23036.357
18661.76,-50.29000000000087,22310.584
18661.77,-50.279999999998836,23133.266
18661.78,-50.27000000000044,23715.395
18661.79,-50.2599999999984,23958.295
18661.8,-50.25,23618.293
18661.81,-50.23999999999796,23036.357
18661.82,-50.22999999999956,22891.057
18661.83,-50.219999999997526,23133.266
18661.84,-50.20999999999913,23375.678
18661.85,-50.20000000000073,23424.184
18661.86,-50.18999999999869,23812.531
18661.87,-50.18000000000029,23424.184
18661.88,-50.169999999998254,23036.357
18661.89,-50.159999999999854,23036.357
18661.9,-50.14999999999782,23181.73
18661.91,-50.13999999999942,23375.678
18661.92,-50.13000000000102,23133.266
18661.93,-50.11999999999898,23278.688
18661.94,-50.11000000000058,23327.178
18661.95,-50.099999999998545,23861.109
18661.96,-50.090000000000146,23569.752
18661.97,-50.07999999999811,23230.205
18661.98,-50.06999999999971,23036.357
18661.99,-50.05999999999767,23521.223
18662.0,-50.04999999999927,23472.699
18662.01,-50.04000000000087,23278.688
18662.02,-50.029999999998836,23424.184
18662.03,-50.02000000000044,23327.178
18662.04,-50.0099999999984,23861.109
18662.05,-50.0,24006.898
18662.06,-49.98999999999796,23861.109
18662.07,-49.97999999999956,23375.678
18662.08,-49.969999999997526,23133.266
18662.09,-49.95999999999913,23375.678
18662.1,-49.95000000000073,23278.688
18662.11,-49.93999999999869,23472.699
18662.12,-49.93000000000029,23472.699
18662.13,-49.919999999998254,23618.293
18662.14,-49.909999999999854,23812.531
18662.15,-49.89999999999782,23666.84
18662.16,-49.88999999999942,23618.293
18662.17,-49.88000000000102,23521.223
18662.18,-49.86999999999898,23278.688
18662.19,-49.86000000000058,23472.699
18662.2,-49.849999999998545,23327.178
18662.21,-49.840000000000146,23327.178
18662.22,-49.82999999999811,23472.699
18662.23,-49.81999999999971,23521.223
18662.24,-49.80999999999767,23521.223
18662.25,-49.79999999999927,23424.184
18662.26,-49.79000000000087,23472.699
18662.27,-49.779999999998836,23327.178
18662.28,-49.77000000000044,22987.916
18662.29,-49.7599999999984,22939.482
18662.3,-49.75,23327.178
18662.31,-49.73999999999796,23521.223
18662.32,-49.72999999999956,23812.531
18662.33,-49.719999999997526,23812.531
18662.34,-49.70999999999913,23569.752
18662.35,-49.70000000000073,23569.752
18662.36,-49.68999999999869,23084.807
18662.37,-49.68000000000029,23618.293
18662.38,-49.669999999998254,23181.73
18662.39,-49.659999999999854,23472.699
18662.4,-49.64999999999782,23472.699
18662.41,-49.63999999999942,23861.109
18662.42,-49.63000000000102,23618.293
18662.43,-49.61999999999898,23715.395
18662.44,-49.61000000000058,23861.109
18662.45,-49.599999999998545,23909.699
18662.46,-49.590000000000146,23472.699
18662.47,-49.57999999999811,23472.699
18662.48,-49.56999999999971,23569.752
18662.49,-49.55999999999767,23472.699
18662.5,-49.54999999999927,23278.688
18662.51,-49.54000000000087,22842.639
18662.52,-49.529999999998836,23278.688
18662.53,-49.52000000000044,23424.184
18662.54,-49.5099999999984,24104.131
18662.55,-49.5,23666.84
18662.56,-49.48999999999796,23181.73
18662.57,-49.47999999999956,23230.205
18662.58,-49.469999999997526,23230.205
18662.59,-49.45999999999913,23472.699
18662.6,-49.45000000000073,23084.807
18662.61,-49.43999999999869,23327.178
18662.62,-49.43000000000029,23230.205
18662.63,-49.419999999998254,23278.688
18662.64,-49.409999999999854,23424.184
18662.65,-49.39999999999782,23084.807
18662.66,-49.38999999999942,23036.357
18662.67,-49.38000000000102,23084.807
18662.68,-49.36999999999898,23472.699
18662.69,-49.36000000000058,22987.916
18662.7,-49.349999999998545,23084.807
18662.71,-49.340000000000146,23327.178
18662.72,-49.32999999999811,23424.184
18662.73,-49.31999999999971,23036.357
18662.74,-49.30999999999767,22939.482
18662.75,-49.29999999999927,23181.73
18662.76,-49.29000000000087,22697.436
18662.77,-49.279999999998836,23181.73
18662.78,-49.27000000000044,23521.223
18662.79,-49.2599999999984,23424.184
18662.8,-49.25,23230.205
18662.81,-49.23999999999796,23133.266
18662.82,-49.22999999999956,23036.357
18662.83,-49.219999999997526,22649.051
18662.84,-49.20999999999913,22649.051
18662.85,-49.20000000000073,23084.807
18662.86,-49.18999999999869,23424.184
18662.87,-49.18000000000029,23084.807
18662.88,-49.169999999998254,23230.205
18662.89,-49.159999999999854,23230.205
18662.9,-49.14999999999782,23278.688
18662.91,-49.13999999999942,23084.807
18662.92,-49.13000000000102,22987.916
18662.93,-49.11999999999898,23521.223
18662.94,-49.11000000000058,23569.752
18662.95,-49.099999999998545,23375.678
18662.96,-49.090000000000146,23278.688
18662.97,-49.07999999999811,23181.73
18662.98,-49.06999999999971,23036.357
18662.99,-49.05999999999767,23036.357
18663.0,-49.04999999999927,23424.184
18663.01,-49.04000000000087,22794.229
18663.02,-49.029999999998836,22697.436
18663.03,-49.02000000000044,23036.357
18663.04,-49.0099999999984,23181.73
18663.05,-49.0,23230.205
18663.06,-48.98999999999796,23278.688
18663.07,-48.97999999999956,23472.699
18663.08,-48.969999999997526,23327.178
18663.09,-48.95999999999913,23472.699
18663.1,-48.95000000000073,23424.184
18663.11,-48.93999999999869,22891.057
18663.12,-48.93000000000029,23521.223
18663.13,-48.919999999998254,23278.688
18663.14,-48.909999999999854,23278.688
18663.15,-48.89999999999782,23327.178
18663.16,-48.88999999999942,23327.178
18663.17,-48.88000000000102,23181.73
18663.18,-48.86999999999898,23424.184
18663.19,-48.86000000000058,23278.688
18663.2,-48.849999999998545,23424.184
18663.21,-48.840000000000146,23424.184
18663.22,-48.82999999999811,23084.807
18663.23,-48.81999999999971,23327.178
18663.24,-48.80999999999767,23036.357
18663.25,-48.79999999999927,23424.184
18663.26,-48.79000000000087,23084.807
18663.27,-48.779999999998836,23133.266
18663.28,-48.77000000000044,23084.807
18663.29,-48.7599999999984,23084.807
18663.3,-48.75,22939.482
18663.31,-48.73999999999796,23278.688
18663.32,-48.72999999999956,23618.293
18663.33,-48.719999999997526,23036.357
18663.34,-48.70999999999913,23472.699
18663.35,-48.70000000000073,23327.178
18663.36,-48.68999999999869,22987.916
18663.37,-48.68000000000029,22939.482
18663.38,-48.669999999998254,22552.305
18663.39,-48.659999999999854,23375.678
18663.4,-48.64999999999782,23521.223
18663.41,-48.63999999999942,23084.807
18663.42,-48.63000000000102,23230.205
18663.43,-48.61999999999898,23278.688
18663.44,-48.61000000000058,23278.688
18663.45,-48.599999999998545,23472.699
18663.46,-48.590000000000146,23084.807
18663.47,-48.57999999999811,23375.678
18663.48,-48.56999999999971,23424.184
18663.49,-48.55999999999767,23424.184
18663.5,-48.54999999999927,23327.178
18663.51,-48.54000000000087,23084.807
18663.52,-48.529999999998836,23278.688
18663.53,-48.52000000000044,23472.699
18663.54,-48.5099999999984,23472.699
18663.55,-48.5,23666.84
18663.56,-48.48999999999796,22891.057
18663.57,-48.47999999999956,22697.436
18663.58,-48.469999999997526,23230.205
18663.59,-48.45999999999913,23084.807
18663.6,-48.45000000000073,23230.205
18663.61,-48.43999999999869,23424.184
18663.62,-48.43000000000029,23278.688
18663.63,-48.419999999998254,23521.223
18663.64,-48.409999999999854,23375.678
18663.65,-48.39999999999782,22697.436
18663.66,-48.38999999999942,23181.73
18663.67,-48.38000000000102,23569.752
18663.68,-48.36999999999898,23666.84
18663.69,-48.36000000000058,23472.699
18663.7,-48.349999999998545,23230.205
18663.71,-48.340000000000146,23278.688
18663.72,-48.32999999999811,23763.959
18663.73,-48.31999999999971,23424.184
18663.74,-48.30999999999767,23618.293
18663.75,-48.29999999999927,23327.178
18663.76,-48.29000000000087,22794.229
18663.77,-48.279999999998836,23084.807
18663.78,-48.27000000000044,23230.205
18663.79,-48.2599999999984,23424.184
18663.8,-48.25,23424.184
18663.81,-48.23999999999796,23569.752
18663.82,-48.22999999999956,23909.699
18663.83,-48.219999999997526,23763.959
18663.84,-48.20999999999913,23472.699
18663.85,-48.20000000000073,22939.482
18663.86,-48.18999999999869,23327.178
18663.87,-48.18000000000029,23278.688
18663.88,-48.169999999998254,23084.807
18663.89,-48.159999999999854,22745.828
18663.9,-48.14999999999782,23521.223
18663.91,-48.13999999999942,23618.293
18663.92,-48.13000000000102,23812.531
18663.93,-48.11999999999898,23861.109
18663.94,-48.11000000000058,23521.223
18663.95,-48.099999999998545,23327.178
18663.96,-48.090000000000146,22987.916
18663.97,-48.07999999999811,23278.688
18663.98,-48.06999999999971,23472.699
18663.99,-48.05999999999767,23666.84
18664.0,-48.04999999999927,23327.178
18664.01,-48.04000000000087,23084.807
18664.02,-48.029999999998836,23521.223
18664.03,-48.02000000000044,23424.184
18664.04,-48.0099999999984,23375.678
18664.05,-48.0,23715.395
18664.06,-47.98999999999796,23618.293
18664.07,-47.97999999999956,23521.223
18664.08,-47.969999999997526,23521.223
18664.09,-47.95999999999913,23375.678
18664.1,-47.95000000000073,23909.699
18664.11,-47.93999999999869,23763.959
18664.12,-47.93000000000029,23375.678
18664.13,-47.919999999998254,23036.357
18664.14,-47.909999999999854,23278.688
18664.15,-47.89999999999782,23472.699
18664.16,-47.88999999999942,23812.531
18664.17,-47.88000000000102,23375.678
18664.18,-47.86999999999898,23861.109
18664.19,-47.86000000000058,24006.898
18664.2,-47.849999999998545,24006.898
18664.21,-47.840000000000146,23569.752
18664.22,-47.82999999999811,23375.678
18664.23,-47.81999999999971,23618.293
18664.24,-47.80999999999767,23909.699
18664.25,-47.79999999999927,23424.184
18664.26,-47.79000000000087,22794.229
18664.27,-47.779999999998836,23861.109
18664.28,-47.77000000000044,23569.752
18664.29,-47.7599999999984,23812.531
18664.3,-47.75,23763.959
18664.31,-47.73999999999796,23666.84
18664.32,-47.72999999999956,23036.357
18664.33,-47.719999999997526,23327.178
18664.34,-47.70999999999913,23715.395
18664.35,-47.70000000000073,23618.293
18664.36,-47.68999999999869,23715.395
18664.37,-47.68000000000029,23618.293
18664.38,-47.669999999998254,23084.807
18664.39,-47.659999999999854,23521.223
18664.4,-47.64999999999782,23375.678
18664.41,-47.63999999999942,23472.699
18664.42,-47.63000000000102,23958.295
18664.43,-47.61999999999898,23521.223
18664.44,-47.61000000000058,23909.699
18664.45,-47.599999999998545,23812.531
18664.46,-47.590000000000146,23472.699
18664.47,-47.57999999999811,23424.184
18664.48,-47.56999999999971,23375.678
18664.49,-47.55999999999767,23472.699
18664.5,-47.54999999999927,23521.223
18664.51,-47.54000000000087,23424.184
18664.52,-47.529999999998836,23569.752
18664.53,-47.52000000000044,24006.898
18664.54,-47.5099999999984,23424.184
18664.55,-47.5,23327.178
18664.56,-47.48999999999796,23472.699
18664.57,-47.47999999999956,23472.699
18664.58,-47.469999999997526,23569.752
18664.59,-47.45999999999913,23861.109
18664.6,-47.45000000000073,23472.699
18664.61,-47.43999999999869,23375.678
18664.62,-47.43000000000029,23715.395
18664.63,-47.419999999998254,23618.293
18664.64,-47.409999999999854,23230.205
18664.65,-47.39999999999782,23084.807
18664.66,-47.38999999999942,23861.109
18664.67,-47.38000000000102,24006.898
18664.68,-47.36999999999898,23618.293
18664.69,-47.36000000000058,23472.699
18664.7,-47.349999999998545,23569.752
18664.71,-47.340000000000146,23327.178
18664.72,-47.32999999999811,23472.699
18664.73,-47.31999999999971,23812.531
18664.74,-47.30999999999767,23861.109
18664.75,-47.29999999999927,23763.959
18664.76,-47.29000000000087,23181.73
18664.77,-47.279999999998836,23472.699
18664.78,-47.27000000000044,23375.678
18664.79,-47.2599999999984,23569.752
18664.8,-47.25,23569.752
18664.81,-47.23999999999796,23278.688
18664.82,-47.22999999999956,23230.205
18664.83,-47.219999999997526,23375.678
18664.84,-47.20999999999913,23521.223
18664.85,-47.20000000000073,23036.357
18664.86,-47.18999999999869,22891.057
18664.87,-47.18000000000029,22939.482
18664.88,-47.169999999998254,22987.916
18664.89,-47.159999999999854,23763.959
18664.9,-47.14999999999782,23861.109
18664.91,-47.13999999999942,23666.84
18664.92,-47.13000000000102,23618.293
18664.93,-47.11999999999898,23715.395
18664.94,-47.11000000000058,23327.178
18664.95,-47.099999999998545,23472.699
18664.96,-47.090000000000146,23521.223
18664.97,-47.07999999999811,23084.807
18664.98,-47.06999999999971,23230.205
18664.99,-47.05999999999767,23278.688
18665.0,-47.04999999999927,23521.223
18665.01,-47.04000000000087,23036.357
18665.02,-47.029999999998836,23424.184
18665.03,-47.02000000000044,23278.688
18665.04,-47.0099999999984,23521.223
18665.05,-47.0,23230.205
18665.06,-46.98999999999796,23181.73
18665.07,-46.97999999999956,23084.807
18665.08,-46.969999999997526,23521.223
18665.09,-46.95999999999913,23569.752
18665.1,-46.95000000000073,23569.752
18665.11,-46.93999999999869,23521.223
18665.12,-46.93000000000029,23375.678
18665.13,-46.919999999998254,23521.223
18665.14,-46.909999999999854,23569.752
18665.15,-46.89999999999782,23278.688
18665.16,-46.88999999999942,23327.178
18665.17,-46.88000000000102,23375.678
18665.18,-46.86999999999898,23618.293
18665.19,-46.86000000000058,23472.699
18665.2,-46.849999999998545,23472.699
18665.21,-46.840000000000146,23618.293
18665.22,-46.82999999999811,22987.916
18665.23,-46.81999999999971,23036.357
18665.24,-46.80999999999767,23375.678
18665.25,-46.79999999999927,23618.293
18665.26,-46.79000000000087,23084.807
18665.27,-46.779999999998836,23472.699
18665.28,-46.77000000000044,23036.357
18665.29,-46.7599999999984,23424.184
18665.3,-46.75,23666.84
18665.31,-46.73999999999796,23715.395
18665.32,-46.72999999999956,23424.184
18665.33,-46.719999999997526,23715.395
18665.34,-46.70999999999913,23715.395
18665.35,-46.70000000000073,23424.184
18665.36,-46.68999999999869,23327.178
18665.37,-46.68000000000029,23327.178
18665.38,-46.669999999998254,23424.184
18665.39,-46.659999999999854,23763.959
18665.4,-46.64999999999782,23521.223
18665.41,-46.63999999999942,22939.482
18665.42,-46.63000000000102,22891.057
18665.43,-46.61999999999898,23278.688
18665.44,-46.61000000000058,23424.184
18665.45,-46.599999999998545,23230.205
18665.46,-46.590000000000146,23472.699
18665.47,-46.57999999999811,23666.84
18665.48,-46.56999999999971,23715.395
18665.49,-46.55999999999767,23569.752
18665.5,-46.54999999999927,23521.223
18665.51,-46.54000000000087,22891.057
18665.52,-46.529999999998836,22939.482
18665.53,-46.52000000000044,23375.678
18665.54,-46.5099999999984,23181.73
18665.55,-46.5,23375.678
18665.56,-46.48999999999796,23278.688
18665.57,-46.47999999999956,23133.266
18665.58,-46.469999999997526,23084.807
18665.59,-46.45999999999913,22794.229
18665.6,-46.45000000000073,22939.482
18665.61,-46.43999999999869,22939.482
18665.62,-46.43000000000029,23278.688
18665.63,-46.419999999998254,23327.178
18665.64,-46.409999999999854,23715.395
18665.65,-46.39999999999782,23521.223
18665.66,-46.38999999999942,23472.699
18665.67,-46.38000000000102,23084.807
18665.68,-46.36999999999898,23521.223
18665.69,-46.36000000000058,23472.699
18665.7,-46.349999999998545,23569.752
18665.71,-46.340000000000146,23521.223
18665.72,-46.32999999999811,23278.688
18665.73,-46.31999999999971,22794.229
18665.74,-46.30999999999767,23084.807
18665.75,-46.29999999999927,23424.184
18665.76,-46.29000000000087,23133.266
18665.77,-46.279999999998836,23472.699
18665.78,-46.27000000000044,23472.699
18665.79,-46.2599999999984,23666.84
18665.8,-46.25,23278.688
18665.81,-46.23999999999796,23230.205
18665.82,-46.22999999999956,23278.688
18665.83,-46.219999999997526,23278.688
18665.84,-46.20999999999913,23181.73
18665.85,-46.20000000000073,23230.205
18665.86,-46.18999999999869,23521.223
18665.87,-46.18000000000029,23375.678
18665.88,-46.169999999998254,23861.109
18665.89,-46.159999999999854,23861.109
18665.9,-46.14999999999782,23278.688
18665.91,-46.13999999999942,23133.266
18665.92,-46.13000000000102,22697.436
18665.93,-46.11999999999898,23133.266
18665.94,-46.11000000000058,23472.699
18665.95,-46.099999999998545,23618.293
18665.96,-46.090000000000146,23230.205
18665.97,-46.07999999999811,23472.699
18665.98,-46.06999999999971,23424.184
18665.99,-46.05999999999767,23666.84
18666.0,-46.04999999999927,23424.184
18666.01,-46.04000000000087,23327.178
18666.02,-46.029999999998836,23181.73
18666.03,-46.02000000000044,23327.178
18666.04,-46.0099999999984,23472.699
18666.05,-46.0,23521.223
18666.06,-45.98999999999796,23569.752
18666.07,-45.97999999999956,23278.688
18666.08,-45.969999999997526,22939.482
18666.09,-45.95999999999913,23569.752
18666.1,-45.95000000000073,23181.73
18666.11,-45.93999999999869,23181.73
18666.12,-45.93000000000029,23084.807
18666.13,-45.919999999998254,23327.178
18666.14,-45.909999999999854,23424.184
18666.15,-45.89999999999782,23472.699
18666.16,-45.88999999999942,23618.293
18666.17,-45.88000000000102,23424.184
18666.18,-45.86999999999898,23569.752
18666.19,-45.86000000000058,23958.295
18666.2,-45.849999999998545,23278.688
18666.21,-45.840000000000146,23133.266
18666.22,-45.82999999999811,23084.807
18666.23,-45.81999999999971,23569.752
18666.24,-45.80999999999767,23472.699
18666.25,-45.79999999999927,23472.699
18666.26,-45.79000000000087,23278.688
18666.27,-45.779999999998836,23618.293
18666.28,-45.77000000000044,22891.057
18666.29,-45.7599999999984,22891.057
18666.3,-45.75,23375.678
18666.31,-45.73999999999796,23666.84
18666.32,-45.72999999999956,23715.395
18666.33,-45.719999999997526,23861.109
18666.34,-45.70999999999913,23424.184
18666.35,-45.70000000000073,23133.266
18666.36,-45.68999999999869,23472.699
18666.37,-45.68000000000029,23230.205
18666.38,-45.669999999998254,23036.357
18666.39,-45.659999999999854,23666.84
18666.4,-45.64999999999782,23521.223
18666.41,-45.63999999999942,23327.178
18666.42,-45.63000000000102,23472.699
18666.43,-45.61999999999898,23763.959
18666.44,-45.61000000000058,23521.223
18666.45,-45.599999999998545,23424.184
18666.46,-45.590000000000146,23715.395
18666.47,-45.57999999999811,23861.109
18666.48,-45.56999999999971,23569.752
18666.49,-45.55999999999767,23327.178
18666.5,-45.54999999999927,23036.357
18666.51,-45.54000000000087,23327.178
18666.52,-45.529999999998836,23666.84
18666.53,-45.52000000000044,23763.959
18666.54,-45.5099999999984,23569.752
18666.55,-45.5,23958.295
18666.56,-45.48999999999796,23472.699
18666.57,-45.47999999999956,23472.699
18666.58,-45.469999999997526,23715.395
18666.59,-45.45999999999913,23569.752
18666.6,-45.45000000000073,23181.73
18666.61,-45.43999999999869,23472.699
18666.62,-45.43000000000029,23569.752
18666.63,-45.419999999998254,23084.807
18666.64,-45.409999999999854,23375.678
18666.65,-45.39999999999782,23812.531
18666.66,-45.38999999999942,24055.512
18666.67,-45.38000000000102,24006.898
18666.68,-45.36999999999898,23763.959
18666.69,-45.36000000000058,23472.699
18666.7,-45.349999999998545,23181.73
18666.71,-45.340000000000146,23424.184
18666.72,-45.32999999999811,23327.178
18666.73,-45.31999999999971,23472.699
18666.74,-45.30999999999767,24152.76
18666.75,-45.29999999999927,23715.395
18666.76,-45.29000000000087,23230.205
18666.77,-45.279999999998836,23424.184
18666.78,-45.27000000000044,23715.395
18666.79,-45.2599999999984,23861.109
18666.8,-45.25,23472.699
18666.81,-45.23999999999796,23812.531
18666.82,-45.22999999999956,23812.531
18666.83,-45.219999999997526,22891.057
18666.84,-45.20999999999913,22987.916
18666.85,-45.20000000000073,23472.699
18666.86,-45.18999999999869,23861.109
18666.87,-45.18000000000029,23909.699
18666.88,-45.169999999998254,23909.699
18666.89,-45.159999999999854,24104.131
18666.9,-45.14999999999782,23861.109
18666.91,-45.13999999999942,23666.84
18666.92,-45.13000000000102,23666.84
18666.93,-45.11999999999898,23278.688
18666.94,-45.11000000000058,23472.699
18666.95,-45.099999999998545,23715.395
18666.96,-45.090000000000146,23472.699
18666.97,-45.07999999999811,23618.293
18666.98,-45.06999999999971,23472.699
18666.99,-45.05999999999767,23618.293
18667.0,-45.04999999999927,23084.807
18667.01,-45.04000000000087,23133.266
18667.02,-45.029999999998836,23230.205
18667.03,-45.02000000000044,23375.678
18667.04,-45.0099999999984,23521.223
18667.05,-45.0,23521.223
18667.06,-44.98999999999796,23036.357
18667.07,-44.97999999999956,22987.916
18667.08,-44.969999999997526,22939.482
18667.09,-44.95999999999913,22939.482
18667.1,-44.95000000000073,22891.057
18667.11,-44.93999999999869,23327.178
18667.12,-44.93000000000029,23327.178
18667.13,-44.919999999998254,23375.678
18667.14,-44.909999999999854,23521.223
18667.15,-44.89999999999782,23036.357
18667.16,-44.88999999999942,23278.688
18667.17,-44.88000000000102,23278.688
18667.18,-44.86999999999898,23084.807
18667.19,-44.86000000000058,23133.266
18667.2,-44.849999999998545,23278.688
18667.21,-44.840000000000146,23569.752
18667.22,-44.82999999999811,22842.639
18667.23,-44.81999999999971,22891.057
18667.24,-44.80999999999767,22794.229
18667.25,-44.79999999999927,22939.482
18667.26,-44.79000000000087,22503.943
18667.27,-44.779999999998836,23133.266
18667.28,-44.77000000000044,23181.73
18667.29,-44.7599999999984,23036.357
18667.3,-44.75,23133.266
18667.31,-44.73999999999796,23424.184
18667.32,-44.72999999999956,23278.688
18667.33,-44.719999999997526,23084.807
18667.34,-44.70999999999913,22987.916
18667.35,-44.70000000000073,22891.057
18667.36,-44.68999999999869,23278.688
18667.37,-44.68000000000029,23375.678
18667.38,-44.669999999998254,23278.688
18667.39,-44.659999999999854,23084.807
18667.4,-44.64999999999782,23278.688
18667.41,-44.63999999999942,23084.807
18667.42,-44.63000000000102,23375.678
18667.43,-44.61999999999898,23327.178
18667.44,-44.61000000000058,23084.807
18667.45,-44.599999999998545,23278.688
18667.46,-44.590000000000146,23424.184
18667.47,-44.57999999999811,23375.678
18667.48,-44.56999999999971,22842.639
18667.49,-44.55999999999767,22358.912
18667.5,-44.54999999999927,22600.674
18667.51,-44.54000000000087,22891.057
18667.52,-44.529999999998836,23424.184
18667.53,-44.52000000000044,23666.84
18667.54,-44.5099999999984,23666.84
18667.55,-44.5,23521.223
18667.56,-44.48999999999796,23424.184
18667.57,-44.47999999999956,23084.807
18667.58,-44.469999999997526,23424.184
18667.59,-44.45999999999913,23181.73
18667.6,-44.45000000000073,23036.357
18667.61,-44.43999999999869,22842.639
18667.62,-44.43000000000029,22939.482
18667.63,-44.419999999998254,23084.807
18667.64,-44.409999999999854,23666.84
18667.65,-44.39999999999782,23181.73
18667.66,-44.38999999999942,23181.73
18667.67,-44.38000000000102,23521.223
18667.68,-44.36999999999898,23472.699
18667.69,-44.36000000000058,22939.482
18667.7,-44.349999999998545,22794.229
18667.71,-44.340000000000146,23230.205
18667.72,-44.32999999999811,22939.482
18667.73,-44.31999999999971,22745.828
18667.74,-44.30999999999767,23084.807
18667.75,-44.29999999999927,23472.699
18667.76,-44.29000000000087,22794.229
18667.77,-44.279999999998836,23424.184
18667.78,-44.27000000000044,23569.752
18667.79,-44.2599999999984,23618.293
18667.8,-44.25,23133.266
18667.81,-44.23999999999796,22745.828
18667.82,-44.22999999999956,23084.807
18667.83,-44.219999999997526,22987.916
18667.84,-44.20999999999913,23181.73
18667.85,-44.20000000000073,23230.205
18667.86,-44.18999999999869,23375.678
18667.87,-44.18000000000029,23084.807
18667.88,-44.169999999998254,23084.807
18667.89,-44.159999999999854,23472.699
18667.9,-44.14999999999782,23715.395
18667.91,-44.13999999999942,23812.531
18667.92,-44.13000000000102,23375.678
18667.93,-44.11999999999898,23181.73
18667.94,-44.11000000000058,22891.057
18667.95,-44.099999999998545,22987.916
18667.96,-44.090000000000146,23230.205
18667.97,-44.07999999999811,22987.916
18667.98,-44.06999999999971,23084.807
18667.99,-44.05999999999767,22891.057
18668.0,-44.04999999999927,23230.205
18668.01,-44.04000000000087,23084.807
18668.02,-44.029999999998836,23278.688
18668.03,-44.02000000000044,23084.807
18668.04,-44.0099999999984,23278.688
18668.05,-44.0,23278.688
18668.06,-43.98999999999796,23715.395
18668.07,-43.97999999999956,24006.898
18668.08,-43.969999999997526,23278.688
18668.09,-43.95999999999913,23278.688
18668.1,-43.95000000000073,23278.688
18668.11,-43.93999999999869,23278.688
18668.12,-43.93000000000029,23472.699
18668.13,-43.919999999998254,23327.178
18668.14,-43.909999999999854,23472.699
18668.15,-43.89999999999782,23569.752
18668.16,-43.88999999999942,23812.531
18668.17,-43.88000000000102,23472.699
18668.18,-43.86999999999898,23812.531
18668.19,-43.86000000000058,23230.205
18668.2,-43.849999999998545,22503.943
18668.21,-43.840000000000146,23424.184
18668.22,-43.82999999999811,23569.752
18668.23,-43.81999999999971,23909.699
18668.24,-43.80999999999767,23618.293
18668.25,-43.79999999999927,22939.482
18668.26,-43.79000000000087,22697.436
18668.27,-43.779999999998836,23521.223
18668.28,-43.77000000000044,23424.184
18668.29,-43.7599999999984,23618.293
18668.3,-43.75,23181.73
18668.31,-43.73999999999796,23327.178
18668.32,-43.72999999999956,23278.688
18668.33,-43.719999999997526,23472.699
18668.34,-43.70999999999913,23424.184
18668.35,-43.70000000000073,23084.807
18668.36,-43.68999999999869,23569.752
18668.37,-43.68000000000029,23569.752
18668.38,-43.669999999998254,23327.178
18668.39,-43.659999999999854,23763.959
18668.4,-43.64999999999782,23472.699
18668.41,-43.63999999999942,23521.223
18668.42,-43.63000000000102,23084.807
18668.43,-43.61999999999898,23278.688
18668.44,-43.61000000000058,23666.84
18668.45,-43.599999999998545,23424.184
18668.46,-43.590000000000146,23521.223
18668.47,-43.57999999999811,23181.73
18668.48,-43.56999999999971,23472.699
18668.49,-43.55999999999767,23327.178
18668.5,-43.54999999999927,23084.807
18668.51,-43.54000000000087,23230.205
18668.52,-43.529999999998836,23472.699
18668.53,-43.52000000000044,23375.678
18668.54,-43.5099999999984,23327.178
18668.55,-43.5,23472.699
18668.56,-43.48999999999796,23424.184
18668.57,-43.47999999999956,23812.531
18668.58,-43.469999999997526,23521.223
18668.59,-43.45999999999913,23715.395
18668.6,-43.45000000000073,23521.223
18668.61,-43.43999999999869,23327.178
18668.62,-43.43000000000029,23230.205
18668.63,-43.419999999998254,23569.752
18668.64,-43.409999999999854,23715.395
18668.65,-43.39999999999782,23715.395
18668.66,-43.38999999999942,23472.699
18668.67,-43.38000000000102,23424.184
18668.68,-43.36999999999898,23618.293
18668.69,-43.36000000000058,23278.688
18668.7,-43.349999999998545,23181.73
18668.71,-43.340000000000146,23278.688
18668.72,-43.32999999999811,23133.266
18668.73,-43.31999999999971,23424.184
18668.74,-43.30999999999767,23715.395
18668.75,-43.29999999999927,23666.84
18668.76,-43.29000000000087,23084.807
18668.77,-43.279999999998836,23715.395
18668.78,-43.27000000000044,23472.699
18668.79,-43.2599999999984,23715.395
18668.8,-43.25,23327.178
18668.81,-43.23999999999796,23133.266
18668.82,-43.22999999999956,23569.752
18668.83,-43.219999999997526,23472.699
18668.84,-43.20999999999913,23715.395
18668.85,-43.20000000000073,23278.688
18668.86,-43.18999999999869,23569.752
18668.87,-43.18000000000029,23569.752
18668.88,-43.169999999998254,23424.184
18668.89,-43.159999999999854,23327.178
18668.9,-43.14999999999782,23472.699
18668.91,-43.13999999999942,23569.752
18668.92,-43.13000000000102,23521.223
18668.93,-43.11999999999898,23715.395
18668.94,-43.11000000000058,23909.699
18668.95,-43.099999999998545,23472.699
18668.96,-43.090000000000146,23521.223
18668.97,-43.07999999999811,23278.688
18668.98,-43.06999999999971,23327.178
18668.99,-43.05999999999767,23861.109
18669.0,-43.04999999999927,23569.752
18669.01,-43.04000000000087,23278.688
18669.02,-43.029999999998836,23618.293
18669.03,-43.02000000000044,23472.699
18669.04,-43.0099999999984,23036.357
18669.05,-43.0,23084.807
18669.06,-42.98999999999796,23472.699
18669.07,-42.97999999999956,23569.752
18669.08,-42.969999999997526,23909.699
18669.09,-42.95999999999913,23812.531
18669.1,-42.95000000000073,23472.699
18669.11,-42.93999999999869,23472.699
18669.12,-42.93000000000029,23375.678
18669.13,-42.919999999998254,23763.959
18669.14,-42.909999999999854,23909.699
18669.15,-42.89999999999782,23521.223
18669.16,-42.88999999999942,22939.482
18669.17,-42.88000000000102,23084.807
18669.18,-42.86999999999898,22891.057
18669.19,-42.86000000000058,22117.352
18669.2,-42.849999999998545,21297.57
18669.21,-42.840000000000146,21105.021
18669.22,-42.82999999999811,20768.375
18669.23,-42.81999999999971,20432.125
18669.24,-42.80999999999767,20384.121
18669.25,-42.79999999999927,20192.191
18669.26,-42.79000000000087,20528.156
18669.27,-42.779999999998836,20960.695
18669.28,-42.77000000000044,20720.314
18669.29,-42.7599999999984,20768.375
18669.3,-42.75,20672.262
18669.31,-42.73999999999796,20624.219
18669.32,-42.72999999999956,20336.127
18669.33,-42.719999999997526,20624.219
18669.34,-42.70999999999913,20720.314
18669.35,-42.70000000000073,20576.184
18669.36,-42.68999999999869,20720.314
18669.37,-42.68000000000029,20960.695
18669.38,-42.669999999998254,20480.137
18669.39,-42.659999999999854,20768.375
18669.4,-42.64999999999782,20720.314
18669.41,-42.63999999999942,20576.184
18669.42,-42.63000000000102,20720.314
18669.43,-42.61999999999898,20720.314
18669.44,-42.61000000000058,20720.314
18669.45,-42.599999999998545,20816.443
18669.46,-42.590000000000146,20768.375
18669.47,-42.57999999999811,21105.021
18669.48,-42.56999999999971,20720.314
18669.49,-42.55999999999767,20240.162
18669.5,-42.54999999999927,20096.273
18669.51,-42.54000000000087,19665.049
18669.52,-42.529999999998836,20000.389
18669.53,-42.52000000000044,20000.389
18669.54,-42.5099999999984,19569.311
18669.55,-42.5,19712.932
18669.56,-42.48999999999796,19808.719
18669.57,-42.47999999999956,20048.328
18669.58,-42.469999999997526,20192.191
18669.59,-42.45999999999913,19856.623
18669.6,-42.45000000000073,20192.191
18669.61,-42.43999999999869,19952.459
18669.62,-42.43000000000029,20048.328
18669.63,-42.419999999998254,19808.719
18669.64,-42.409999999999854,19665.049
18669.65,-42.39999999999782,19760.82
18669.66,-42.38999999999942,19856.623
18669.67,-42.38000000000102,19952.459
18669.68,-42.36999999999898,19569.311
18669.69,-42.36000000000058,19712.932
18669.7,-42.349999999998545,19904.537
18669.71,-42.340000000000146,19665.049
18669.72,-42.32999999999811,19712.932
18669.73,-42.31999999999971,20000.389
18669.74,-42.30999999999767,19856.623
18669.75,-42.29999999999927,19808.719
18669.76,-42.29000000000087,19521.455
18669.77,-42.279999999998836,19617.176
18669.78,-42.27000000000044,20000.389
18669.79,-42.2599999999984,20672.262
18669.8,-42.25,21153.146
18669.81,-42.23999999999796,21393.895
18669.82,-42.22999999999956,21924.252
18669.83,-42.219999999997526,21586.637
18669.84,-42.20999999999913,21683.059
18669.85,-42.20000000000073,21490.25
18669.86,-42.18999999999869,21249.422
18669.87,-42.18000000000029,21586.637
18669.88,-42.169999999998254,21249.422
18669.89,-42.159999999999854,21875.996
18669.9,-42.14999999999782,21731.279
18669.91,-42.13999999999942,21731.279
18669.92,-42.13000000000102,21586.637
18669.93,-42.11999999999898,21586.637
18669.94,-42.11000000000058,21393.895
18669.95,-42.099999999998545,21297.57
18669.96,-42.090000000000146,21731.279
18669.97,-42.07999999999811,21442.066
18669.98,-42.06999999999971,21345.729
18669.99,-42.05999999999767,21490.25
18670.0,-42.04999999999927,21634.844
18670.01,-42.04000000000087,21393.895
18670.02,-42.029999999998836,21490.25
18670.03,-42.02000000000044,21779.512
18670.04,-42.0099999999984,21586.637
18670.05,-42.0,21972.514
18670.06,-41.98999999999796,22165.648
18670.07,-41.97999999999956,21972.514
18670.08,-41.969999999997526,21731.279
18670.09,-41.95999999999913,21875.996
18670.1,-41.95000000000073,22020.785
18670.11,-41.93999999999869,22600.674
18670.12,-41.93000000000029,22649.051
18670.13,-41.919999999998254,22455.592
18670.14,-41.909999999999854,22891.057
18670.15,-41.89999999999782,23036.357
18670.16,-41.88999999999942,23230.205
18670.17,-41.88000000000102,22891.057
18670.18,-41.86999999999898,23278.688
18670.19,-41.86000000000058,23424.184
18670.2,-41.849999999998545,23327.178
18670.21,-41.840000000000146,22745.828
18670.22,-41.82999999999811,22939.482
18670.23,-41.81999999999971,22745.828
18670.24,-41.80999999999767,22842.639
18670.25,-41.79999999999927,22987.916
18670.26,-41.79000000000087,22697.436
18670.27,-41.779999999998836,22891.057
18670.28,-41.77000000000044,23327.178
18670.29,-41.7599999999984,23230.205
18670.3,-41.75,23036.357
18670.31,-41.73999999999796,22891.057
18670.32,-41.72999999999956,22939.482
18670.33,-41.719999999997526,22697.436
18670.34,-41.70999999999913,23036.357
18670.35,-41.70000000000073,22117.352
18670.36,-41.68999999999869,20768.375
18670.37,-41.68000000000029,19952.459
18670.38,-41.669999999998254,19760.82
18670.39,-41.659999999999854,20048.328
18670.4,-41.64999999999782,19521.455
18670.41,-41.63999999999942,19521.455
18670.42,-41.63000000000102,19425.766
18670.43,-41.61999999999898,19617.176
18670.44,-41.61000000000058,19856.623
18670.45,-41.599999999998545,19425.766
18670.46,-41.590000000000146,19617.176
18670.47,-41.57999999999811,19617.176
18670.48,-41.56999999999971,19904.537
18670.49,-41.55999999999767,19808.719
18670.5,-41.54999999999927,19856.623
18670.51,-41.54000000000087,19138.891
18670.52,-41.529999999998836,19521.455
18670.53,-41.52000000000044,19617.176
18670.54,-41.5099999999984,19569.311
18670.55,-41.5,19856.623
18670.56,-41.48999999999796,20192.191
18670.57,-41.47999999999956,19760.82
18670.58,-41.469999999997526,19234.484
18670.59,-41.45999999999913,19377.932
18670.6,-41.45000000000073,19617.176
18670.61,-41.43999999999869,19617.176
18670.62,-41.43000000000029,19330.107
18670.63,-41.419999999998254,19330.107
18670.64,-41.409999999999854,19617.176
18670.65,-41.39999999999782,19521.455
18670.66,-41.38999999999942,19521.455
18670.67,-41.38000000000102,19425.766
18670.68,-41.36999999999898,19569.311
18670.69,-41.36000000000058,19569.311
18670.7,-41.349999999998545,19808.719
18670.71,-41.340000000000146,19952.459
18670.72,-41.32999999999811,19521.455
18670.73,-41.31999999999971,19234.484
18670.74,-41.30999999999767,19521.455
18670.75,-41.29999999999927,19712.932
18670.76,-41.29000000000087,19282.291
18670.77,-41.279999999998836,19760.82
18670.78,-41.27000000000044,19856.623
18670.79,-41.2599999999984,19617.176
18670.8,-41.25,19617.176
18670.81,-41.23999999999796,19665.049
18670.82,-41.22999999999956,19856.623
18670.83,-41.219999999997526,19521.455
18670.84,-41.20999999999913,19282.291
18670.85,-41.20000000000073,19473.605
18670.86,-41.18999999999869,19760.82
18670.87,-41.18000000000029,19377.932
18670.88,-41.169999999998254,19425.766
18670.89,-41.159999999999854,19856.623
18670.9,-41.14999999999782,20192.191
18670.91,-41.13999999999942,20336.127
18670.92,-41.13000000000102,19425.766
18670.93,-41.11999999999898,19425.766
18670.94,-41.11000000000058,19377.932
18670.95,-41.099999999998545,19138.891
18670.96,-41.090000000000146,19521.455
18670.97,-41.07999999999811,19665.049
18670.98,-41.06999999999971,19617.176
18670.99,-41.05999999999767,19856.623
18671.0,-41.04999999999927,19665.049
18671.01,-41.04000000000087,19234.484
18671.02,-41.029999999998836,19330.107
18671.03,-41.02000000000044,19473.605
18671.04,-41.0099999999984,19712.932
18671.05,-41.0,19856.623
18671.06,-40.98999999999796,19760.82
18671.07,-40.97999999999956,19808.719
18671.08,-40.969999999997526,19665.049
18671.09,-40.95999999999913,19473.605
18671.1,-40.95000000000073,19473.605
18671.11,-40.93999999999869,19569.311
18671.12,-40.93000000000029,19425.766
18671.13,-40.919999999998254,19473.605
18671.14,-40.909999999999854,19808.719
18671.15,-40.89999999999782,19952.459
18671.16,-40.88999999999942,19665.049
18671.17,-40.88000000000102,19569.311
18671.18,-40.86999999999898,20048.328
18671.19,-40.86000000000058,19665.049
18671.2,-40.849999999998545,19617.176
18671.21,-40.840000000000146,19808.719
18671.22,-40.82999999999811,19569.311
18671.23,-40.81999999999971,19665.049
18671.24,-40.80999999999767,19760.82
18671.25,-40.79999999999927,19377.932
18671.26,-40.79000000000087,18947.805
18671.27,-40.779999999998836,19617.176
18671.28,-40.77000000000044,19712.932
18671.29,-40.7599999999984,19569.311
18671.3,-40.75,19569.311
18671.31,-40.73999999999796,19808.719
18671.32,-40.72999999999956,19952.459
18671.33,-40.719999999997526,19569.311
18671.34,-40.70999999999913,19569.311
18671.35,-40.70000000000073,19712.932
18671.36,-40.68999999999869,19760.82
18671.37,-40.68000000000029,20048.328
18671.38,-40.669999999998254,19569.311
18671.39,-40.659999999999854,19377.932
18671.4,-40.64999999999782,19425.766
18671.41,-40.63999999999942,19425.766
18671.42,-40.63000000000102,19569.311
18671.43,-40.61999999999898,19521.455
18671.44,-40.61000000000058,19521.455
18671.45,-40.599999999998545,19904.537
18671.46,-40.590000000000146,20240.162
18671.47,-40.57999999999811,20336.127
18671.48,-40.56999999999971,19760.82
18671.49,-40.55999999999767,19760.82
18671.5,-40.54999999999927,20000.389
18671.51,-40.54000000000087,19952.459
18671.52,-40.529999999998836,20144.229
18671.53,-40.52000000000044,19712.932
18671.54,-40.5099999999984,19425.766
18671.55,-40.5,20096.273
18671.56,-40.48999999999796,19952.459
18671.57,-40.47999999999956,20336.127
18671.58,-40.469999999997526,20384.121
18671.59,-40.45999999999913,20144.229
18671.6,-40.45000000000073,20000.389
18671.61,-40.43999999999869,19808.719
18671.62,-40.43000000000029,20048.328
18671.63,-40.419999999998254,20336.127
18671.64,-40.409999999999854,20288.141
18671.65,-40.39999999999782,20144.229
18671.66,-40.38999999999942,20000.389
18671.67,-40.38000000000102,19569.311
18671.68,-40.36999999999898,19760.82
18671.69,-40.36000000000058,20144.229
18671.7,-40.349999999998545,20144.229
18671.71,-40.340000000000146,20096.273
18671.72,-40.32999999999811,20048.328
18671.73,-40.31999999999971,20288.141
18671.74,-40.30999999999767,20288.141
18671.75,-40.29999999999927,20192.191
18671.76,-40.29000000000087,19760.82
18671.77,-40.279999999998836,19665.049
18671.78,-40.27000000000044,19712.932
18671.79,-40.2599999999984,19904.537
18671.8,-40.25,20144.229
18671.81,-40.23999999999796,20192.191
18671.82,-40.22999999999956,20000.389
18671.83,-40.219999999997526,20192.191
18671.84,-40.20999999999913,20048.328
18671.85,-40.20000000000073,19808.719
18671.86,-40.18999999999869,20000.389
18671.87,-40.18000000000029,20192.191
18671.88,-40.169999999998254,19856.623
18671.89,-40.159999999999854,20048.328
18671.9,-40.14999999999782,20192.191
18671.91,-40.13999999999942,20192.191
18671.92,-40.13000000000102,20288.141
18671.93,-40.11999999999898,20096.273
18671.94,-40.11000000000058,19904.537
18671.95,-40.099999999998545,20096.273
18671.96,-40.090000000000146,20048.328
18671.97,-40.07999999999811,20384.121
18671.98,-40.06999999999971,20192.191
18671.99,-40.05999999999767,19856.623
18672.0,-40.04999999999927,19856.623
18672.01,-40.04000000000087,19521.455
18672.02,-40.029999999998836,20240.162
18672.03,-40.02000000000044,20000.389
18672.04,-40.0099999999984,19904.537
18672.05,-40.0,20000.389
18672.06,-39.98999999999796,19952.459
18672.07,-39.97999999999956,20672.262
18672.08,-39.969999999997526,20576.184
18672.09,-39.95999999999913,20336.127
18672.1,-39.95000000000073,20096.273
18672.11,-39.93999999999869,20048.328
18672.12,-39.93000000000029,20144.229
18672.13,-39.919999999998254,20336.127
18672.14,-39.909999999999854,20096.273
18672.15,-39.89999999999782,19952.459
18672.16,-39.88999999999942,20000.389
18672.17,-39.88000000000102,20480.137
18672.18,-39.86999999999898,20576.184
18672.19,-39.86000000000058,19904.537
18672.2,-39.849999999998545,19712.932
18672.21,-39.840000000000146,19808.719
18672.22,-39.82999999999811,19904.537
18672.23,-39.81999999999971,19856.623
18672.24,-39.80999999999767,20000.389
18672.25,-39.79999999999927,19856.623
18672.26,-39.79000000000087,19425.766
18672.27,-39.779999999998836,19760.82
18672.28,-39.77000000000044,19760.82
18672.29,-39.7599999999984,20096.273
18672.3,-39.75,20096.273
18672.31,-39.73999999999796,20000.389
18672.32,-39.72999999999956,20480.137
18672.33,-39.719999999997526,20720.314
18672.34,-39.70999999999913,20192.191
18672.35,-39.70000000000073,19712.932
18672.36,-39.68999999999869,20000.389
18672.37,-39.68000000000029,20240.162
18672.38,-39.669999999998254,21008.797
18672.39,-39.659999999999854,22310.584
18672.4,-39.64999999999782,23181.73
18672.41,-39.63999999999942,23521.223
18672.42,-39.63000000000102,23424.184
18672.43,-39.61999999999898,23715.395
18672.44,-39.61000000000058,23618.293
18672.45,-39.599999999998545,23084.807
18672.46,-39.590000000000146,23036.357
18672.47,-39.57999999999811,23230.205
18672.48,-39.56999999999971,22939.482
18672.49,-39.55999999999767,22987.916
18672.5,-39.54999999999927,23230.205
18672.51,-39.54000000000087,22939.482
18672.52,-39.529999999998836,23181.73
18672.53,-39.52000000000044,23569.752
18672.54,-39.5099999999984,23327.178
18672.55,-39.5,23133.266
18672.56,-39.48999999999796,23133.266
18672.57,-39.47999999999956,23521.223
18672.58,-39.469999999997526,24006.898
18672.59,-39.45999999999913,23618.293
18672.6,-39.45000000000073,22987.916
18672.61,-39.43999999999869,22649.051
18672.62,-39.43000000000029,23133.266
18672.63,-39.419999999998254,23278.688
18672.64,-39.409999999999854,23424.184
18672.65,-39.39999999999782,23327.178
18672.66,-39.38999999999942,23278.688
18672.67,-39.38000000000102,23909.699
18672.68,-39.36999999999898,23472.699
18672.69,-39.36000000000058,23230.205
18672.7,-39.349999999998545,23424.184
18672.71,-39.340000000000146,23278.688
18672.72,-39.32999999999811,23569.752
18672.73,-39.31999999999971,23278.688
18672.74,-39.30999999999767,23230.205
18672.75,-39.29999999999927,23230.205
18672.76,-39.29000000000087,22842.639
18672.77,-39.279999999998836,23084.807
18672.78,-39.27000000000044,23327.178
18672.79,-39.2599999999984,23521.223
18672.8,-39.25,23909.699
18672.81,-39.23999999999796,23278.688
18672.82,-39.22999999999956,23327.178
18672.83,-39.219999999997526,23521.223
18672.84,-39.20999999999913,23812.531
18672.85,-39.20000000000073,23666.84
18672.86,-39.18999999999869,23327.178
18672.87,-39.18000000000029,23230.205
18672.88,-39.169999999998254,23036.357
18672.89,-39.159999999999854,23327.178
18672.9,-39.14999999999782,23278.688
18672.91,-39.13999999999942,23472.699
18672.92,-39.13000000000102,23763.959
18672.93,-39.11999999999898,23861.109
18672.94,-39.11000000000058,23375.678
18672.95,-39.099999999998545,23521.223
18672.96,-39.090000000000146,23472.699
18672.97,-39.07999999999811,23278.688
18672.98,-39.06999999999971,23327.178
18672.99,-39.05999999999767,23084.807
18673.0,-39.04999999999927,23084.807
18673.01,-39.04000000000087,22794.229
18673.02,-39.029999999998836,23472.699
18673.03,-39.02000000000044,23569.752
18673.04,-39.0099999999984,23327.178
18673.05,-39.0,22891.057
18673.06,-38.98999999999796,23084.807
18673.07,-38.97999999999956,23666.84
18673.08,-38.969999999997526,24104.131
18673.09,-38.95999999999913,23861.109
18673.1,-38.95000000000073,23181.73
18673.11,-38.93999999999869,22987.916
18673.12,-38.93000000000029,23375.678
18673.13,-38.919999999998254,23181.73
18673.14,-38.909999999999854,23084.807
18673.15,-38.89999999999782,23133.266
18673.16,-38.88999999999942,23763.959
18673.17,-38.88000000000102,23715.395
18673.18,-38.86999999999898,23375.678
18673.19,-38.86000000000058,22987.916
18673.2,-38.849999999998545,22600.674
18673.21,-38.840000000000146,22794.229
18673.22,-38.82999999999811,22891.057
18673.23,-38.81999999999971,23036.357
18673.24,-38.80999999999767,23230.205
18673.25,-38.79999999999927,23230.205
18673.26,-38.79000000000087,23084.807
18673.27,-38.779999999998836,23278.688
18673.28,-38.77000000000044,23278.688
18673.29,-38.7599999999984,23763.959
18673.3,-38.75,23375.678
18673.31,-38.73999999999796,23327.178
18673.32,-38.72999999999956,23133.266
18673.33,-38.719999999997526,23036.357
18673.34,-38.70999999999913,22939.482
18673.35,-38.70000000000073,22697.436
18673.36,-38.68999999999869,23084.807
18673.37,-38.68000000000029,23133.266
18673.38,-38.669999999998254,23084.807
18673.39,-38.659999999999854,23472.699
18673.4,-38.64999999999782,23521.223
18673.41,-38.63999999999942,23521.223
18673.42,-38.63000000000102,23133.266
18673.43,-38.61999999999898,23036.357
18673.44,-38.61000000000058,22891.057
18673.45,-38.599999999998545,22842.639
18673.46,-38.590000000000146,23036.357
18673.47,-38.57999999999811,22794.229
18673.48,-38.56999999999971,23084.807
18673.49,-38.55999999999767,23327.178
18673.5,-38.54999999999927,23375.678
18673.51,-38.54000000000087,23375.678
18673.52,-38.529999999998836,23472.699
18673.53,-38.52000000000044,23230.205
18673.54,-38.5099999999984,23424.184
18673.55,-38.5,23569.752
18673.56,-38.48999999999796,23472.699
18673.57,-38.47999999999956,23084.807
18673.58,-38.469999999997526,22891.057
18673.59,-38.45999999999913,23084.807
18673.6,-38.45000000000073,23278.688
18673.61,-38.43999999999869,23666.84
18673.62,-38.43000000000029,23375.678
18673.63,-38.419999999998254,23327.178
18673.64,-38.409999999999854,23763.959
18673.65,-38.39999999999782,23812.531
18673.66,-38.38999999999942,23472.699
18673.67,-38.38000000000102,23521.223
18673.68,-38.36999999999898,23424.184
18673.69,-38.36000000000058,23521.223
18673.7,-38.349999999998545,23181.73
18673.71,-38.340000000000146,23375.678
18673.72,-38.32999999999811,23715.395
18673.73,-38.31999999999971,23424.184
18673.74,-38.30999999999767,23278.688
18673.75,-38.29999999999927,23278.688
18673.76,-38.29000000000087,22649.051
18673.77,-38.279999999998836,23278.688
18673.78,-38.27000000000044,23424.184
18673.79,-38.2599999999984,23230.205
18673.8,-38.25,23375.678
18673.81,-38.23999999999796,23230.205
18673.82,-38.22999999999956,23569.752
18673.83,-38.219999999997526,23521.223
18673.84,-38.20999999999913,23715.395
18673.85,-38.20000000000073,23618.293
18673.86,-38.18999999999869,23230.205
18673.87,-38.18000000000029,23230.205
18673.88,-38.169999999998254,23278.688
18673.89,-38.159999999999854,23424.184
18673.9,-38.14999999999782,23763.959
18673.91,-38.13999999999942,23472.699
18673.92,-38.13000000000102,23424.184
18673.93,-38.11999999999898,23472.699
18673.94,-38.11000000000058,23618.293
18673.95,-38.099999999998545,23230.205
18673.96,-38.090000000000146,23181.73
18673.97,-38.07999999999811,23327.178
18673.98,-38.06999999999971,23181.73
18673.99,-38.05999999999767,23084.807
18674.0,-38.04999999999927,23278.688
18674.01,-38.04000000000087,22842.639
18674.02,-38.029999999998836,23327.178
18674.03,-38.02000000000044,23763.959
18674.04,-38.0099999999984,23618.293
18674.05,-38.0,23133.266
18674.06,-37.98999999999796,23036.357
18674.07,-37.97999999999956,23278.688
18674.08,-37.969999999997526,23521.223
18674.09,-37.95999999999913,23230.205
18674.1,-37.95000000000073,22891.057
18674.11,-37.93999999999869,22987.916
18674.12,-37.93000000000029,23084.807
18674.13,-37.919999999998254,23181.73
18674.14,-37.909999999999854,23278.688
18674.15,-37.89999999999782,23036.357
18674.16,-37.88999999999942,23278.688
18674.17,-37.88000000000102,23715.395
18674.18,-37.86999999999898,23230.205
18674.19,-37.86000000000058,23230.205
18674.2,-37.849999999998545,23084.807
18674.21,-37.840000000000146,23375.678
18674.22,-37.82999999999811,23327.178
18674.23,-37.81999999999971,23278.688
18674.24,-37.80999999999767,23278.688
18674.25,-37.79999999999927,23278.688
18674.26,-37.79000000000087,22697.436
18674.27,-37.779999999998836,23278.688
18674.28,-37.77000000000044,22987.916
18674.29,-37.7599999999984,23278.688
18674.3,-37.75,23666.84
18674.31,-37.73999999999796,23569.752
18674.32,-37.72999999999956,23569.752
18674.33,-37.719999999997526,23327.178
18674.34,-37.70999999999913,22987.916
18674.35,-37.70000000000073,23036.357
18674.36,-37.68999999999869,23084.807
18674.37,-37.68000000000029,23278.688
18674.38,-37.669999999998254,22891.057
18674.39,-37.659999999999854,22939.482
18674.4,-37.64999999999782,23327.178
18674.41,-37.63999999999942,23278.688
18674.42,-37.63000000000102,23181.73
18674.43,-37.61999999999898,23278.688
18674.44,-37.61000000000058,23327.178
18674.45,-37.599999999998545,23618.293
18674.46,-37.590000000000146,22842.639
18674.47,-37.57999999999811,22794.229
18674.48,-37.56999999999971,22745.828
18674.49,-37.55999999999767,23036.357
18674.5,-37.54999999999927,23133.266
18674.51,-37.54000000000087,23084.807
18674.52,-37.529999999998836,23521.223
18674.53,-37.52000000000044,23375.678
18674.54,-37.5099999999984,23375.678
18674.55,-37.5,23133.266
18674.56,-37.48999999999796,22891.057
18674.57,-37.47999999999956,23181.73
18674.58,-37.469999999997526,23036.357
18674.59,-37.45999999999913,23181.73
18674.6,-37.45000000000073,23181.73
18674.61,-37.43999999999869,22891.057
18674.62,-37.43000000000029,22939.482
18674.63,-37.419999999998254,23084.807
18674.64,-37.409999999999854,23036.357
18674.65,-37.39999999999782,22842.639
18674.66,-37.38999999999942,23230.205
18674.67,-37.38000000000102,23278.688
18674.68,-37.36999999999898,23472.699
18674.69,-37.36000000000058,23618.293
18674.7,-37.349999999998545,23472.699
18674.71,-37.340000000000146,23278.688
18674.72,-37.32999999999811,22794.229
18674.73,-37.31999999999971,22939.482
18674.74,-37.30999999999767,22794.229
18674.75,-37.29999999999927,23278.688
18674.76,-37.29000000000087,23327.178
18674.77,-37.279999999998836,23812.531
18674.78,-37.27000000000044,23278.688
18674.79,-37.2599999999984,23084.807
18674.8,-37.25,23375.678
18674.81,-37.23999999999796,23763.959
18674.82,-37.22999999999956,23375.678
18674.83,-37.219999999997526,23084.807
18674.84,-37.20999999999913,22939.482
18674.85,-37.20000000000073,23036.357
18674.86,-37.18999999999869,23230.205
18674.87,-37.18000000000029,23521.223
18674.88,-37.169999999998254,23327.178
18674.89,-37.159999999999854,23084.807
18674.9,-37.14999999999782,22794.229
18674.91,-37.13999999999942,23230.205
18674.92,-37.13000000000102,23278.688
18674.93,-37.11999999999898,23084.807
18674.94,-37.11000000000058,23278.688
18674.95,-37.099999999998545,23278.688
18674.96,-37.090000000000146,23084.807
18674.97,-37.07999999999811,23569.752
18674.98,-37.06999999999971,22939.482
18674.99,-37.05999999999767,22842.639
18675.0,-37.04999999999927,23230.205
18675.01,-37.04000000000087,22939.482
18675.02,-37.029999999998836,23036.357
18675.03,-37.02000000000044,23278.688
18675.04,-37.0099999999984,23763.959
18675.05,-37.0,23569.752
18675.06,-36.98999999999796,23133.266
18675.07,-36.97999999999956,23327.178
18675.08,-36.969999999997526,23472.699
18675.09,-36.95999999999913,23327.178
18675.1,-36.95000000000073,23472.699
18675.11,-36.93999999999869,23424.184
18675.12,-36.93000000000029,23327.178
18675.13,-36.919999999998254,22794.229
18675.14,-36.909999999999854,22794.229
18675.15,-36.89999999999782,23375.678
18675.16,-36.88999999999942,23618.293
18675.17,-36.88000000000102,23327.178
18675.18,-36.86999999999898,23278.688
18675.19,-36.86000000000058,23472.699
18675.2,-36.849999999998545,23472.699
18675.21,-36.840000000000146,23278.688
18675.22,-36.82999999999811,23472.699
18675.23,-36.81999999999971,23375.678
18675.24,-36.80999999999767,23181.73
18675.25,-36.79999999999927,23133.266
18675.26,-36.79000000000087,22649.051
18675.27,-36.779999999998836,23133.266
18675.28,-36.77000000000044,23230.205
18675.29,-36.7599999999984,23521.223
18675.3,-36.75,23569.752
18675.31,-36.73999999999796,23230.205
18675.32,-36.72999999999956,23181.73
18675.33,-36.719999999997526,23181.73
18675.34,-36.70999999999913,23181.73
18675.35,-36.70000000000073,23084.807
18675.36,-36.68999999999869,23133.266
18675.37,-36.68000000000029,23327.178
18675.38,-36.669999999998254,23230.205
18675.39,-36.659999999999854,23521.223
18675.4,-36.64999999999782,23133.266
18675.41,-36.63999999999942,23133.266
18675.42,-36.63000000000102,23181.73
18675.43,-36.61999999999898,23181.73
18675.44,-36.61000000000058,23327.178
18675.45,-36.599999999998545,23666.84
18675.46,-36.590000000000146,23666.84
18675.47,-36.57999999999811,23181.73
18675.48,-36.56999999999971,22987.916
18675.49,-36.55999999999767,23084.807
18675.5,-36.54999999999927,22987.916
18675.51,-36.54000000000087,22552.305
18675.52,-36.529999999998836,23036.357
18675.53,-36.52000000000044,22987.916
18675.54,-36.5099999999984,23036.357
18675.55,-36.5,23375.678
18675.56,-36.48999999999796,22891.057
18675.57,-36.47999999999956,22987.916
18675.58,-36.469999999997526,22745.828
18675.59,-36.45999999999913,22649.051
18675.6,-36.45000000000073,22745.828
18675.61,-36.43999999999869,23084.807
18675.62,-36.43000000000029,23181.73
18675.63,-36.419999999998254,22939.482
18675.64,-36.409999999999854,22842.639
18675.65,-36.39999999999782,22891.057
18675.66,-36.38999999999942,22794.229
18675.67,-36.38000000000102,23230.205
18675.68,-36.36999999999898,23036.357
18675.69,-36.36000000000058,22794.229
18675.7,-36.349999999998545,23036.357
18675.71,-36.340000000000146,22987.916
18675.72,-36.32999999999811,23181.73
18675.73,-36.31999999999971,22987.916
18675.74,-36.30999999999767,22891.057
18675.75,-36.29999999999927,23181.73
18675.76,-36.29000000000087,22697.436
18675.77,-36.279999999998836,23133.266
18675.78,-36.27000000000044,22939.482
18675.79,-36.2599999999984,23036.357
18675.8,-36.25,22987.916
18675.81,-36.23999999999796,22794.229
18675.82,-36.22999999999956,22939.482
18675.83,-36.219999999997526,23472.699
18675.84,-36.20999999999913,23618.293
18675.85,-36.20000000000073,23278.688
18675.86,-36.18999999999869,23472.699
18675.87,-36.18000000000029,23181.73
18675.88,-36.169999999998254,23521.223
18675.89,-36.159999999999854,23278.688
18675.9,-36.14999999999782,23715.395
18675.91,-36.13999999999942,23618.293
18675.92,-36.13000000000102,23327.178
18675.93,-36.11999999999898,23278.688
18675.94,-36.11000000000058,23472.699
18675.95,-36.099999999998545,23230.205
18675.96,-36.090000000000146,23327.178
18675.97,-36.07999999999811,23618.293
18675.98,-36.06999999999971,23909.699
18675.99,-36.05999999999767,23715.395
18676.0,-36.04999999999927,23375.678
18676.01,-36.04000000000087,22794.229
18676.02,-36.029999999998836,23181.73
18676.03,-36.02000000000044,23472.699
18676.04,-36.0099999999984,23181.73
18676.05,-36.0,23036.357
18676.06,-35.98999999999796,23472.699
18676.07,-35.97999999999956,23424.184
18676.08,-35.969999999997526,23084.807
18676.09,-35.95999999999913,23327.178
18676.1,-35.95000000000073,23424.184
18676.11,-35.93999999999869,22987.916
18676.12,-35.93000000000029,23375.678
18676.13,-35.919999999998254,23618.293
18676.14,-35.909999999999854,23715.395
18676.15,-35.89999999999782,22987.916
18676.16,-35.88999999999942,23278.688
18676.17,-35.88000000000102,23472.699
18676.18,-35.86999999999898,23230.205
18676.19,-35.86000000000058,23133.266
18676.2,-35.849999999998545,23230.205
18676.21,-35.840000000000146,23424.184
18676.22,-35.82999999999811,23424.184
18676.23,-35.81999999999971,23375.678
18676.24,-35.80999999999767,23763.959
18676.25,-35.79999999999927,23618.293
18676.26,-35.79000000000087,22987.916
18676.27,-35.779999999998836,23278.688
18676.28,-35.77000000000044,22987.916
18676.29,-35.7599999999984,23472.699
18676.3,-35.75,23521.223
18676.31,-35.73999999999796,23230.205
18676.32,-35.72999999999956,23327.178
18676.33,-35.719999999997526,23084.807
18676.34,-35.70999999999913,23472.699
18676.35,-35.70000000000073,23084.807
18676.36,-35.68999999999869,22891.057
18676.37,-35.68000000000029,23230.205
18676.38,-35.669999999998254,22987.916
18676.39,-35.659999999999854,23715.395
18676.4,-35.64999999999782,23569.752
18676.41,-35.63999999999942,23036.357
18676.42,-35.63000000000102,22697.436
18676.43,-35.61999999999898,23084.807
18676.44,-35.61000000000058,22987.916
18676.45,-35.599999999998545,23521.223
18676.46,-35.590000000000146,23375.678
18676.47,-35.57999999999811,23521.223
18676.48,-35.56999999999971,23375.678
18676.49,-35.55999999999767,23181.73
18676.5,-35.54999999999927,23230.205
18676.51,-35.54000000000087,22552.305
18676.52,-35.529999999998836,23472.699
18676.53,-35.52000000000044,23375.678
18676.54,-35.5099999999984,23084.807
18676.55,-35.5,23133.266
18676.56,-35.48999999999796,23084.807
18676.57,-35.47999999999956,23084.807
18676.58,-35.469999999997526,22939.482
18676.59,-35.45999999999913,23181.73
18676.6,-35.45000000000073,23666.84
18676.61,-35.43999999999869,23424.184
18676.62,-35.43000000000029,23084.807
18676.63,-35.419999999998254,22745.828
18676.64,-35.409999999999854,23472.699
18676.65,-35.39999999999782,23375.678
18676.66,-35.38999999999942,23472.699
18676.67,-35.38000000000102,23424.184
18676.68,-35.36999999999898,23327.178
18676.69,-35.36000000000058,23375.678
18676.7,-35.349999999998545,23230.205
18676.71,-35.340000000000146,23521.223
18676.72,-35.32999999999811,23181.73
18676.73,-35.31999999999971,23521.223
18676.74,-35.30999999999767,23569.752
18676.75,-35.29999999999927,23278.688
18676.76,-35.29000000000087,23133.266
18676.77,-35.279999999998836,23424.184
18676.78,-35.27000000000044,23569.752
18676.79,-35.2599999999984,22987.916
18676.8,-35.25,22745.828
18676.81,-35.23999999999796,23230.205
18676.82,-35.22999999999956,23230.205
18676.83,-35.219999999997526,23472.699
18676.84,-35.20999999999913,23424.184
18676.85,-35.20000000000073,23327.178
18676.86,-35.18999999999869,23278.688
18676.87,-35.18000000000029,22939.482
18676.88,-35.169999999998254,23278.688
18676.89,-35.159999999999854,23569.752
18676.9,-35.14999999999782,23327.178
18676.91,-35.13999999999942,23036.357
18676.92,-35.13000000000102,23327.178
18676.93,-35.11999999999898,23375.678
18676.94,-35.11000000000058,23424.184
18676.95,-35.099999999998545,23618.293
18676.96,-35.090000000000146,23472.699
18676.97,-35.07999999999811,23375.678
18676.98,-35.06999999999971,23181.73
18676.99,-35.05999999999767,23133.266
18677.0,-35.04999999999927,23133.266
18677.01,-35.04000000000087,22987.916
18677.02,-35.029999999998836,24104.131
18677.03,-35.02000000000044,23424.184
18677.04,-35.0099999999984,23133.266
18677.05,-35.0,23084.807
18677.06,-34.98999999999796,22842.639
18677.07,-34.97999999999956,22358.912
18677.08,-34.969999999997526,22600.674
18677.09,-34.95999999999913,23181.73
18677.1,-34.95000000000073,23327.178
18677.11,-34.93999999999869,23084.807
18677.12,-34.93000000000029,23230.205
18677.13,-34.919999999998254,23230.205
18677.14,-34.909999999999854,23521.223
18677.15,-34.89999999999782,23472.699
18677.16,-34.88999999999942,23181.73
18677.17,-34.88000000000102,23230.205
18677.18,-34.86999999999898,22939.482
18677.19,-34.86000000000058,22697.436
18677.2,-34.849999999998545,22794.229
18677.21,-34.840000000000146,23036.357
18677.22,-34.82999999999811,22939.482
18677.23,-34.81999999999971,23133.266
18677.24,-34.80999999999767,23084.807
18677.25,-34.79999999999927,23133.266
18677.26,-34.79000000000087,22649.051
18677.27,-34.779999999998836,23278.688
18677.28,-34.77000000000044,23472.699
18677.29,-34.7599999999984,23181.73
18677.3,-34.75,22939.482
18677.31,-34.73999999999796,23327.178
18677.32,-34.72999999999956,23327.178
18677.33,-34.719999999997526,22842.639
18677.34,-34.70999999999913,22503.943
18677.35,-34.70000000000073,23230.205
18677.36,-34.68999999999869,23715.395
18677.37,-34.68000000000029,23763.959
18677.38,-34.669999999998254,23278.688
18677.39,-34.659999999999854,23230.205
18677.4,-34.64999999999782,23278.688
18677.41,-34.63999999999942,23424.184
18677.42,-34.63000000000102,23278.688
18677.43,-34.61999999999898,23036.357
18677.44,-34.61000000000058,23375.678
18677.45,-34.599999999998545,23521.223
18677.46,-34.590000000000146,23133.266
18677.47,-34.57999999999811,23084.807
18677.48,-34.56999999999971,23084.807
18677.49,-34.55999999999767,23569.752
18677.5,-34.54999999999927,23084.807
18677.51,-34.54000000000087,23181.73
18677.52,-34.529999999998836,23715.395
18677.53,-34.52000000000044,23472.699
18677.54,-34.5099999999984,23521.223
18677.55,-34.5,23278.688
18677.56,-34.48999999999796,23424.184
18677.57,-34.47999999999956,23133.266
18677.58,-34.469999999997526,22649.051
18677.59,-34.45999999999913,22939.482
18677.6,-34.45000000000073,23278.688
18677.61,-34.43999999999869,23861.109
18677.62,-34.43000000000029,23375.678
18677.63,-34.419999999998254,23230.205
18677.64,-34.409999999999854,23472.699
18677.65,-34.39999999999782,23327.178
18677.66,-34.38999999999942,23278.688
18677.67,-34.38000000000102,23472.699
18677.68,-34.36999999999898,23424.184
18677.69,-34.36000000000058,23278.688
18677.7,-34.349999999998545,23181.73
18677.71,-34.340000000000146,23618.293
18677.72,-34.32999999999811,23424.184
18677.73,-34.31999999999971,23084.807
18677.74,-34.30999999999767,23230.205
18677.75,-34.29999999999927,23278.688
18677.76,-34.29000000000087,22069.064
18677.77,-34.279999999998836,22891.057
18677.78,-34.27000000000044,22987.916
18677.79,-34.2599999999984,23278.688
18677.8,-34.25,23375.678
18677.81,-34.23999999999796,23278.688
18677.82,-34.22999999999956,22987.916
18677.83,-34.219999999997526,22745.828
18677.84,-34.20999999999913,22987.916
18677.85,-34.20000000000073,23278.688
18677.86,-34.18999999999869,22842.639
18677.87,-34.18000000000029,22745.828
18677.88,-34.169999999998254,23375.678
18677.89,-34.159999999999854,23521.223
18677.9,-34.14999999999782,23036.357
18677.91,-34.13999999999942,22697.436
18677.92,-34.13000000000102,22697.436
18677.93,-34.11999999999898,22842.639
18677.94,-34.11000000000058,23036.357
18677.95,-34.099999999998545,23230.205
18677.96,-34.090000000000146,23181.73
18677.97,-34.07999999999811,23084.807
18677.98,-34.06999999999971,22697.436
18677.99,-34.05999999999767,23133.266
18678.0,-34.04999999999927,23133.266
18678.01,-34.04000000000087,23084.807
18678.02,-34.029999999998836,22987.916
18678.03,-34.02000000000044,22600.674
18678.04,-34.0099999999984,22794.229
18678.05,-34.0,22939.482
18678.06,-33.98999999999796,23084.807
18678.07,-33.97999999999956,23327.178
18678.08,-33.969999999997526,23133.266
18678.09,-33.95999999999913,23278.688
18678.1,-33.95000000000073,23084.807
18678.11,-33.93999999999869,22745.828
18678.12,-33.93000000000029,23036.357
18678.13,-33.919999999998254,23230.205
18678.14,-33.909999999999854,23181.73
18678.15,-33.89999999999782,23181.73
18678.16,-33.88999999999942,23278.688
18678.17,-33.88000000000102,23424.184
18678.18,-33.86999999999898,23812.531
18678.19,-33.86000000000058,23375.678
18678.2,-33.849999999998545,23230.205
18678.21,-33.840000000000146,23521.223
18678.22,-33.82999999999811,23278.688
18678.23,-33.81999999999971,23327.178
18678.24,-33.80999999999767,23861.109
18678.25,-33.79999999999927,23521.223
18678.26,-33.79000000000087,23084.807
18678.27,-33.779999999998836,23666.84
18678.28,-33.77000000000044,23472.699
18678.29,-33.7599999999984,23375.678
18678.3,-33.75,23278.688
18678.31,-33.73999999999796,23424.184
18678.32,-33.72999999999956,23036.357
18678.33,-33.719999999997526,22600.674
18678.34,-33.70999999999913,23084.807
18678.35,-33.70000000000073,23618.293
18678.36,-33.68999999999869,23569.752
18678.37,-33.68000000000029,23861.109
18678.38,-33.669999999998254,23569.752
18678.39,-33.659999999999854,23084.807
18678.4,-33.64999999999782,23133.266
18678.41,-33.63999999999942,23424.184
18678.42,-33.63000000000102,23715.395
18678.43,-33.61999999999898,23424.184
18678.44,-33.61000000000058,23472.699
18678.45,-33.599999999998545,23472.699
18678.46,-33.590000000000146,23036.357
18678.47,-33.57999999999811,23036.357
18678.48,-33.56999999999971,23472.699
18678.49,-33.55999999999767,23763.959
18678.5,-33.54999999999927,23472.699
18678.51,-33.54000000000087,23569.752
18678.52,-33.529999999998836,23715.395
18678.53,-33.52000000000044,23472.699
18678.54,-33.5099999999984,22987.916
18678.55,-33.5,22891.057
18678.56,-33.48999999999796,22842.639
18678.57,-33.47999999999956,22842.639
18678.58,-33.469999999997526,22842.639
18678.59,-33.45999999999913,22939.482
18678.6,-33.45000000000073,22891.057
18678.61,-33.43999999999869,22987.916
18678.62,-33.43000000000029,23036.357
18678.63,-33.419999999998254,22794.229
18678.64,-33.409999999999854,23278.688
18678.65,-33.39999999999782,23084.807
18678.66,-33.38999999999942,22697.436
18678.67,-33.38000000000102,22939.482
18678.68,-33.36999999999898,23181.73
18678.69,-33.36000000000058,23181.73
18678.7,-33.349999999998545,23230.205
18678.71,-33.340000000000146,23327.178
18678.72,-33.32999999999811,22891.057
18678.73,-33.31999999999971,22794.229
18678.74,-33.30999999999767,22842.639
18678.75,-33.29999999999927,22939.482
18678.76,-33.29000000000087,22503.943
18678.77,-33.279999999998836,22842.639
18678.78,-33.27000000000044,23084.807
18678.79,-33.2599999999984,23230.205
18678.8,-33.25,23278.688
18678.81,-33.23999999999796,23278.688
18678.82,-33.22999999999956,22891.057
18678.83,-33.219999999997526,22939.482
18678.84,-33.20999999999913,22745.828
18678.85,-33.20000000000073,22649.051
18678.86,-33.18999999999869,23036.357
18678.87,-33.18000000000029,23036.357
18678.88,-33.169999999998254,22891.057
18678.89,-33.159999999999854,23375.678
18678.9,-33.14999999999782,23472.699
18678.91,-33.13999999999942,23375.678
18678.92,-33.13000000000102,23084.807
18678.93,-33.11999999999898,23521.223
18678.94,-33.11000000000058,23278.688
18678.95,-33.099999999998545,23181.73
18678.96,-33.090000000000146,23181.73
18678.97,-33.07999999999811,23569.752
18678.98,-33.06999999999971,23327.178
18678.99,-33.05999999999767,23084.807
18679.0,-33.04999999999927,23084.807
18679.01,-33.04000000000087,23084.807
18679.02,-33.029999999998836,23327.178
18679.03,-33.02000000000044,23278.688
18679.04,-33.0099999999984,23278.688
18679.05,-33.0,23424.184
18679.06,-32.98999999999796,23763.959
18679.07,-32.97999999999956,23521.223
18679.08,-32.969999999997526,23424.184
18679.09,-32.95999999999913,23133.266
18679.1,-32.95000000000073,23327.178
18679.11,-32.93999999999869,23181.73
18679.12,-32.93000000000029,23375.678
18679.13,-32.919999999998254,23181.73
18679.14,-32.909999999999854,23181.73
18679.15,-32.89999999999782,22842.639
18679.16,-32.88999999999942,22987.916
18679.17,-32.88000000000102,23618.293
18679.18,-32.86999999999898,23424.184
18679.19,-32.86000000000058,23036.357
18679.2,-32.849999999998545,23472.699
18679.21,-32.840000000000146,23618.293
18679.22,-32.82999999999811,23230.205
18679.23,-32.81999999999971,23375.678
18679.24,-32.80999999999767,23375.678
18679.25,-32.79999999999927,23036.357
18679.26,-32.79000000000087,23278.688
18679.27,-32.779999999998836,23666.84
18679.28,-32.77000000000044,23715.395
18679.29,-32.7599999999984,23375.678
18679.3,-32.75,23133.266
18679.31,-32.73999999999796,23424.184
18679.32,-32.72999999999956,23424.184
18679.33,-32.719999999997526,22987.916
18679.34,-32.70999999999913,22891.057
18679.35,-32.70000000000073,23084.807
18679.36,-32.68999999999869,23278.688
18679.37,-32.68000000000029,23230.205
18679.38,-32.669999999998254,23230.205
18679.39,-32.659999999999854,23424.184
18679.4,-32.64999999999782,23375.678
18679.41,-32.63999999999942,23084.807
18679.42,-32.63000000000102,23181.73
18679.43,-32.61999999999898,23230.205
18679.44,-32.61000000000058,22939.482
18679.45,-32.599999999998545,22939.482
18679.46,-32.590000000000146,22891.057
18679.47,-32.57999999999811,23521.223
18679.48,-32.56999999999971,23230.205
18679.49,-32.55999999999767,23327.178
18679.5,-32.54999999999927,23424.184
18679.51,-32.54000000000087,23230.205
18679.52,-32.529999999998836,23230.205
18679.53,-32.52000000000044,23036.357
18679.54,-32.5099999999984,22987.916
18679.55,-32.5,23278.688
18679.56,-32.48999999999796,22891.057
18679.57,-32.47999999999956,22745.828
18679.58,-32.469999999997526,23327.178
18679.59,-32.45999999999913,23375.678
18679.6,-32.45000000000073,23230.205
18679.61,-32.43999999999869,23278.688
18679.62,-32.43000000000029,23278.688
18679.63,-32.419999999998254,23521.223
18679.64,-32.409999999999854,23375.678
18679.65,-32.39999999999782,23472.699
18679.66,-32.38999999999942,23424.184
18679.67,-32.38000000000102,23181.73
18679.68,-32.36999999999898,23084.807
18679.69,-32.36000000000058,23569.752
18679.7,-32.349999999998545,23327.178
18679.71,-32.340000000000146,23278.688
18679.72,-32.32999999999811,23278.688
18679.73,-32.31999999999971,23375.678
18679.74,-32.30999999999767,23133.266
18679.75,-32.29999999999927,23375.678
18679.76,-32.29000000000087,23278.688
18679.77,-32.279999999998836,23472.699
18679.78,-32.27000000000044,23084.807
18679.79,-32.2599999999984,23181.73
18679.8,-32.25,23278.688
18679.81,-32.23999999999796,23569.752
18679.82,-32.22999999999956,23521.223
18679.83,-32.219999999997526,23327.178
18679.84,-32.20999999999913,23424.184
18679.85,-32.20000000000073,23278.688
18679.86,-32.18999999999869,23084.807
18679.87,-32.18000000000029,23230.205
18679.88,-32.169999999998254,23278.688
18679.89,-32.159999999999854,23909.699
18679.9,-32.14999999999782,23909.699
18679.91,-32.13999999999942,23084.807
18679.92,-32.13000000000102,22745.828
18679.93,-32.11999999999898,22745.828
18679.94,-32.11000000000058,23036.357
18679.95,-32.099999999998545,23084.807
18679.96,-32.090000000000146,23569.752
18679.97,-32.07999999999811,23666.84
18679.98,-32.06999999999971,23666.84
18679.99,-32.05999999999767,23036.357
18680.0,-32.04999999999927,23133.266
18680.01,-32.04000000000087,23230.205
18680.02,-32.029999999998836,23181.73
18680.03,-32.02000000000044,22987.916
18680.04,-32.0099999999984,23230.205
18680.05,-32.0,23472.699
18680.06,-31.989999999997963,23472.699
18680.07,-31.979999999999563,23472.699
18680.08,-31.969999999997526,22987.916
18680.09,-31.959999999999127,22745.828
18680.1,-31.950000000000728,22745.828
18680.11,-31.93999999999869,22745.828
18680.12,-31.93000000000029,22891.057
18680.13,-31.919999999998254,22697.436
18680.14,-31.909999999999854,23327.178
18680.15,-31.899999999997817,23472.699
18680.16,-31.889999999999418,23424.184
18680.17,-31.88000000000102,23521.223
18680.18,-31.86999999999898,23424.184
18680.19,-31.860000000000582,22794.229
18680.2,-31.849999999998545,23133.266
18680.21,-31.840000000000146,22939.482
18680.22,-31.82999999999811,22455.592
18680.23,-31.81999999999971,22891.057
18680.24,-31.80999999999767,23472.699
18680.25,-31.799999999999272,23375.678
18680.26,-31.790000000000873,22939.482
18680.27,-31.779999999998836,22842.639
18680.28,-31.770000000000437,22358.912
18680.29,-31.7599999999984,22891.057
18680.3,-31.75,22794.229
18680.31,-31.739999999997963,22891.057
18680.32,-31.729999999999563,23084.807
18680.33,-31.719999999997526,23181.73
18680.34,-31.709999999999127,22987.916
18680.35,-31.700000000000728,23327.178
18680.36,-31.68999999999869,23375.678
18680.37,-31.68000000000029,23424.184
18680.38,-31.669999999998254,23036.357
18680.39,-31.659999999999854,23084.807
18680.4,-31.649999999997817,23230.205
18680.41,-31.639999999999418,22987.916
18680.42,-31.63000000000102,23181.73
18680.43,-31.61999999999898,23181.73
18680.44,-31.610000000000582,23327.178
18680.45,-31.599999999998545,23521.223
18680.46,-31.590000000000146,23424.184
18680.47,-31.57999999999811,23133.266
18680.48,-31.56999999999971,23569.752
18680.49,-31.55999999999767,23472.699
18680.5,-31.549999999999272,23084.807
18680.51,-31.540000000000873,23181.73
18680.52,-31.529999999998836,23181.73
18680.53,-31.520000000000437,23036.357
18680.54,-31.5099999999984,23036.357
18680.55,-31.5,23181.73
18680.56,-31.489999999997963,23230.205
18680.57,-31.479999999999563,23521.223
18680.58,-31.469999999997526,23278.688
18680.59,-31.459999999999127,23133.266
18680.6,-31.450000000000728,23133.266
18680.61,-31.43999999999869,23036.357
18680.62,-31.43000000000029,23036.357
18680.63,-31.419999999998254,23861.109
18680.64,-31.409999999999854,23618.293
18680.65,-31.399999999997817,23230.205
18680.66,-31.389999999999418,23472.699
18680.67,-31.38000000000102,23472.699
18680.68,-31.36999999999898,23521.223
18680.69,-31.360000000000582,23521.223
18680.7,-31.349999999998545,23278.688
18680.71,-31.340000000000146,23424.184
18680.72,-31.32999999999811,23036.357
18680.73,-31.31999999999971,22939.482
18680.74,-31.30999999999767,23084.807
18680.75,-31.299999999999272,23375.678
18680.76,-31.290000000000873,22503.943
18680.77,-31.279999999998836,23084.807
18680.78,-31.270000000000437,23472.699
18680.79,-31.2599999999984,23763.959
18680.8,-31.25,23278.688
18680.81,-31.239999999997963,23424.184
18680.82,-31.229999999999563,23569.752
18680.83,-31.219999999997526,23327.178
18680.84,-31.209999999999127,22939.482
18680.85,-31.200000000000728,22745.828
18680.86,-31.18999999999869,22745.828
18680.87,-31.18000000000029,22891.057
18680.88,-31.169999999998254,23521.223
18680.89,-31.159999999999854,23472.699
18680.9,-31.149999999997817,23666.84
18680.91,-31.139999999999418,23278.688
18680.92,-31.13000000000102,22987.916
18680.93,-31.11999999999898,23084.807
18680.94,-31.110000000000582,22987.916
18680.95,-31.099999999998545,22987.916
18680.96,-31.090000000000146,23084.807
18680.97,-31.07999999999811,23133.266
18680.98,-31.06999999999971,22987.916
18680.99,-31.05999999999767,23230.205
18681.0,-31.049999999999272,23375.678
18681.01,-31.040000000000873,22987.916
18681.02,-31.029999999998836,23278.688
18681.03,-31.020000000000437,23181.73
18681.04,-31.0099999999984,22891.057
18681.05,-31.0,23133.266
18681.06,-30.989999999997963,23036.357
18681.07,-30.979999999999563,23133.266
18681.08,-30.969999999997526,23133.266
18681.09,-30.959999999999127,23036.357
18681.1,-30.950000000000728,23230.205
18681.11,-30.93999999999869,23084.807
18681.12,-30.93000000000029,22939.482
18681.13,-30.919999999998254,22891.057
18681.14,-30.909999999999854,23618.293
18681.15,-30.899999999997817,23472.699
18681.16,-30.889999999999418,23521.223
18681.17,-30.88000000000102,22939.482
18681.18,-30.86999999999898,23230.205
18681.19,-30.860000000000582,23327.178
18681.2,-30.849999999998545,23278.688
18681.21,-30.840000000000146,23424.184
18681.22,-30.82999999999811,23472.699
18681.23,-30.81999999999971,23133.266
18681.24,-30.80999999999767,23084.807
18681.25,-30.799999999999272,23327.178
18681.26,-30.790000000000873,22697.436
18681.27,-30.779999999998836,23181.73
18681.28,-30.770000000000437,23230.205
18681.29,-30.7599999999984,23424.184
18681.3,-30.75,23715.395
18681.31,-30.739999999997963,23909.699
18681.32,-30.729999999999563,24347.355
18681.33,-30.719999999997526,23521.223
18681.34,-30.709999999999127,23278.688
18681.35,-30.700000000000728,23278.688
18681.36,-30.68999999999869,22745.828
18681.37,-30.68000000000029,22697.436
18681.38,-30.669999999998254,23036.357
18681.39,-30.659999999999854,23278.688
18681.4,-30.649999999997817,23569.752
18681.41,-30.639999999999418,23666.84
18681.42,-30.63000000000102,23472.699
18681.43,-30.61999999999898,23084.807
18681.44,-30.610000000000582,23181.73
18681.45,-30.599999999998545,23084.807
18681.46,-30.590000000000146,23133.266
18681.47,-30.57999999999811,22987.916
18681.48,-30.56999999999971,22939.482
18681.49,-30.55999999999767,23424.184
18681.5,-30.549999999999272,23424.184
18681.51,-30.540000000000873,23375.678
18681.52,-30.529999999998836,23521.223
18681.53,-30.520000000000437,23230.205
18681.54,-30.5099999999984,23181.73
18681.55,-30.5,23375.678
18681.56,-30.489999999997963,23327.178
18681.57,-30.479999999999563,22117.352
18681.58,-30.469999999997526,21393.895
18681.59,-30.459999999999127,20768.375
18681.6,-30.450000000000728,20336.127
18681.61,-30.43999999999869,20336.127
18681.62,-30.43000000000029,20528.156
18681.63,-30.419999999998254,20336.127
18681.64,-30.409999999999854,20864.52
18681.65,-30.399999999997817,20960.695
18681.66,-30.389999999999418,20864.52
18681.67,-30.38000000000102,21056.904
18681.68,-30.36999999999898,20768.375
18681.69,-30.360000000000582,20816.443
18681.7,-30.349999999998545,20384.121
18681.71,-30.340000000000146,20720.314
18681.72,-30.32999999999811,20336.127
18681.73,-30.31999999999971,20528.156
18681.74,-30.30999999999767,20960.695
18681.75,-30.299999999999272,21249.422
18681.76,-30.290000000000873,20768.375
18681.77,-30.279999999998836,20624.219
18681.78,-30.270000000000437,20624.219
18681.79,-30.2599999999984,20192.191
18681.8,-30.25,20144.229
18681.81,-30.239999999997963,19952.459
18681.82,-30.229999999999563,20096.273
18681.83,-30.219999999997526,20192.191
18681.84,-30.209999999999127,19808.719
18681.85,-30.200000000000728,20144.229
18681.86,-30.18999999999869,20288.141
18681.87,-30.18000000000029,20192.191
18681.88,-30.169999999998254,19856.623
18681.89,-30.159999999999854,19904.537
18681.9,-30.149999999997817,20192.191
18681.91,-30.139999999999418,20144.229
18681.92,-30.13000000000102,19856.623
18681.93,-30.11999999999898,19952.459
18681.94,-30.110000000000582,20000.389
18681.95,-30.099999999998545,19521.455
18681.96,-30.090000000000146,19808.719
18681.97,-30.07999999999811,20288.141
18681.98,-30.06999999999971,20240.162
18681.99,-30.05999999999767,20240.162
18682.0,-30.049999999999272,20480.137
18682.01,-30.040000000000873,20576.184
18682.02,-30.029999999998836,21345.729
18682.03,-30.020000000000437,21490.25
18682.04,-30.0099999999984,22069.064
18682.05,-30.0,22069.064
18682.06,-29.989999999997963,21731.279
18682.07,-29.979999999999563,21924.252
18682.08,-29.969999999997526,21731.279
18682.09,-29.959999999999127,22069.064
18682.1,-29.950000000000728,22069.064
18682.11,-29.93999999999869,22503.943
18682.12,-29.93000000000029,22407.248
18682.13,-29.919999999998254,22117.352
18682.14,-29.909999999999854,22262.264
18682.15,-29.899999999997817,22842.639
18682.16,-29.889999999999418,22697.436
18682.17,-29.88000000000102,22310.584
18682.18,-29.86999999999898,22020.785
18682.19,-29.860000000000582,21972.514
18682.2,-29.849999999998545,21924.252
18682.21,-29.840000000000146,21586.637
18682.22,-29.82999999999811,22213.951
18682.23,-29.81999999999971,22649.051
18682.24,-29.80999999999767,22987.916
18682.25,-29.799999999999272,22407.248
18682.26,-29.790000000000873,22020.785
18682.27,-29.779999999998836,22745.828
18682.28,-29.770000000000437,23327.178
18682.29,-29.7599999999984,23278.688
18682.3,-29.75,23230.205
18682.31,-29.739999999997963,22697.436
18682.32,-29.729999999999563,22939.482
18682.33,-29.719999999997526,22745.828
18682.34,-29.709999999999127,23084.807
18682.35,-29.700000000000728,23084.807
18682.36,-29.68999999999869,23084.807
18682.37,-29.68000000000029,22891.057
18682.38,-29.669999999998254,23036.357
18682.39,-29.659999999999854,22697.436
18682.4,-29.649999999997817,22745.828
18682.41,-29.639999999999418,22745.828
18682.42,-29.63000000000102,21972.514
18682.43,-29.61999999999898,21008.797
18682.44,-29.610000000000582,20096.273
18682.45,-29.599999999998545,19425.766
18682.46,-29.590000000000146,19425.766
18682.47,-29.57999999999811,19617.176
18682.48,-29.56999999999971,19282.291
18682.49,-29.55999999999767,19377.932
18682.5,-29.549999999999272,19856.623
18682.51,-29.540000000000873,19665.049
18682.52,-29.529999999998836,19808.719
18682.53,-29.520000000000437,19521.455
18682.54,-29.5099999999984,19569.311
18682.55,-29.5,19712.932
18682.56,-29.489999999997963,19569.311
18682.57,-29.479999999999563,19617.176
18682.58,-29.469999999997526,19665.049
18682.59,-29.459999999999127,19617.176
18682.6,-29.450000000000728,19856.623
18682.61,-29.43999999999869,19760.82
18682.62,-29.43000000000029,19665.049
18682.63,-29.419999999998254,19665.049
18682.64,-29.409999999999854,19808.719
18682.65,-29.399999999997817,19856.623
18682.66,-29.389999999999418,19186.684
18682.67,-29.38000000000102,19760.82
18682.68,-29.36999999999898,19665.049
18682.69,-29.360000000000582,19712.932
18682.7,-29.349999999998545,20240.162
18682.71,-29.340000000000146,19760.82
18682.72,-29.32999999999811,19665.049
18682.73,-29.31999999999971,19473.605
18682.74,-29.30999999999767,19425.766
18682.75,-29.299999999999272,19808.719
18682.76,-29.290000000000873,19617.176
18682.77,-29.279999999998836,20096.273
18682.78,-29.270000000000437,19665.049
18682.79,-29.2599999999984,19808.719
18682.8,-29.25,19712.932
18682.81,-29.239999999997963,19186.684
18682.82,-29.229999999999563,19234.484
18682.83,-29.219999999997526,19904.537
18682.84,-29.209999999999127,19856.623
18682.85,-29.200000000000728,19617.176
18682.86,-29.18999999999869,19617.176
18682.87,-29.18000000000029,19617.176
18682.88,-29.169999999998254,19617.176
18682.89,-29.159999999999854,20144.229
18682.9,-29.149999999997817,19856.623
18682.91,-29.139999999999418,19521.455
18682.92,-29.13000000000102,19425.766
18682.93,-29.11999999999898,19569.311
18682.94,-29.110000000000582,19617.176
18682.95,-29.099999999998545,19712.932
18682.96,-29.090000000000146,19617.176
18682.97,-29.07999999999811,19425.766
18682.98,-29.06999999999971,19377.932
18682.99,-29.05999999999767,19425.766
18683.0,-29.049999999999272,19282.291
18683.01,-29.040000000000873,19712.932
18683.02,-29.029999999998836,20240.162
18683.03,-29.020000000000437,20240.162
18683.04,-29.0099999999984,20000.389
18683.05,-29.0,19808.719
18683.06,-28.989999999997963,19377.932
18683.07,-28.979999999999563,19473.605
18683.08,-28.969999999997526,19473.605
18683.09,-28.959999999999127,19569.311
18683.1,-28.950000000000728,19569.311
18683.11,-28.93999999999869,19473.605
18683.12,-28.93000000000029,19808.719
18683.13,-28.919999999998254,19904.537
18683.14,-28.909999999999854,20096.273
18683.15,-28.899999999997817,20048.328
18683.16,-28.889999999999418,19665.049
18683.17,-28.88000000000102,19808.719
18683.18,-28.86999999999898,19856.623
18683.19,-28.860000000000582,19808.719
18683.2,-28.849999999998545,19856.623
18683.21,-28.840000000000146,19808.719
18683.22,-28.82999999999811,19473.605
18683.23,-28.81999999999971,19712.932
18683.24,-28.80999999999767,20432.125
18683.25,-28.799999999999272,20384.121
18683.26,-28.790000000000873,19665.049
18683.27,-28.779999999998836,20144.229
18683.28,-28.770000000000437,20000.389
18683.29,-28.7599999999984,20240.162
18683.3,-28.75,20144.229
18683.31,-28.739999999997963,20432.125
18683.32,-28.729999999999563,20336.127
18683.33,-28.719999999997526,20048.328
18683.34,-28.709999999999127,20192.191
18683.35,-28.700000000000728,20336.127
18683.36,-28.68999999999869,20288.141
18683.37,-28.68000000000029,20288.141
18683.38,-28.669999999998254,19856.623
18683.39,-28.659999999999854,19808.719
18683.4,-28.649999999997817,20192.191
18683.41,-28.639999999999418,20384.121
18683.42,-28.63000000000102,20384.121
18683.43,-28.61999999999898,20048.328
18683.44,-28.610000000000582,20240.162
18683.45,-28.599999999998545,20384.121
18683.46,-28.590000000000146,20480.137
18683.47,-28.57999999999811,20384.121
18683.48,-28.56999999999971,20432.125
18683.49,-28.55999999999767,20288.141
18683.5,-28.549999999999272,20240.162
18683.51,-28.540000000000873,19808.719
18683.52,-28.529999999998836,20384.121
18683.53,-28.520000000000437,20144.229
18683.54,-28.5099999999984,19712.932
18683.55,-28.5,19904.537
18683.56,-28.489999999997963,20096.273
18683.57,-28.479999999999563,19904.537
18683.58,-28.469999999997526,19808.719
18683.59,-28.459999999999127,20000.389
18683.6,-28.450000000000728,20048.328
18683.61,-28.43999999999869,20336.127
18683.62,-28.43000000000029,20192.191
18683.63,-28.419999999998254,20432.125
18683.64,-28.409999999999854,20864.52
18683.65,-28.399999999997817,20576.184
18683.66,-28.389999999999418,20144.229
18683.67,-28.38000000000102,20192.191
18683.68,-28.36999999999898,20192.191
18683.69,-28.360000000000582,20048.328
18683.7,-28.349999999998545,19856.623
18683.71,-28.340000000000146,19617.176
18683.72,-28.32999999999811,19712.932
18683.73,-28.31999999999971,19952.459
18683.74,-28.30999999999767,20336.127
18683.75,-28.299999999999272,20192.191
18683.76,-28.290000000000873,20000.389
18683.77,-28.279999999998836,20720.314
18683.78,-28.270000000000437,20048.328
18683.79,-28.2599999999984,20048.328
18683.8,-28.25,20096.273
18683.81,-28.239999999997963,20000.389
18683.82,-28.229999999999563,20144.229
18683.83,-28.219999999997526,20288.141
18683.84,-28.209999999999127,20192.191
18683.85,-28.200000000000728,20000.389
18683.86,-28.18999999999869,20000.389
18683.87,-28.18000000000029,20384.121
18683.88,-28.169999999998254,20432.125
18683.89,-28.159999999999854,20672.262
18683.9,-28.149999999997817,20864.52
18683.91,-28.139999999999418,20720.314
18683.92,-28.13000000000102,20432.125
18683.93,-28.11999999999898,20096.273
18683.94,-28.110000000000582,20000.389
18683.95,-28.099999999998545,20240.162
18683.96,-28.090000000000146,20192.191
18683.97,-28.07999999999811,20528.156
18683.98,-28.06999999999971,20624.219
18683.99,-28.05999999999767,20336.127
18684.0,-28.049999999999272,20336.127
18684.01,-28.040000000000873,20144.229
18684.02,-28.029999999998836,20528.156
18684.03,-28.020000000000437,20720.314
18684.04,-28.0099999999984,20384.121
18684.05,-28.0,20240.162
18684.06,-27.989999999997963,19425.766
18684.07,-27.979999999999563,19808.719
18684.08,-27.969999999997526,20336.127
18684.09,-27.959999999999127,20288.141
18684.1,-27.950000000000728,20624.219
18684.11,-27.93999999999869,20432.125
18684.12,-27.93000000000029,20528.156
18684.13,-27.919999999998254,19760.82
18684.14,-27.909999999999854,20336.127
18684.15,-27.899999999997817,20432.125
18684.16,-27.889999999999418,20336.127
18684.17,-27.88000000000102,20336.127
18684.18,-27.86999999999898,20576.184
18684.19,-27.860000000000582,20384.121
18684.2,-27.849999999998545,20192.191
18684.21,-27.840000000000146,20336.127
18684.22,-27.82999999999811,20384.121
18684.23,-27.81999999999971,20144.229
18684.24,-27.80999999999767,19808.719
18684.25,-27.799999999999272,20048.328
18684.26,-27.790000000000873,20384.121
18684.27,-27.779999999998836,20288.141
18684.28,-27.770000000000437,20192.191
18684.29,-27.7599999999984,20288.141
18684.3,-27.75,20240.162
18684.31,-27.739999999997963,20336.127
18684.32,-27.729999999999563,20624.219
18684.33,-27.719999999997526,20624.219
18684.34,-27.709999999999127,20816.443
18684.35,-27.700000000000728,20384.121
18684.36,-27.68999999999869,20096.273
18684.37,-27.68000000000029,20768.375
18684.38,-27.669999999998254,21153.146
18684.39,-27.659999999999854,22262.264
18684.4,-27.649999999997817,23424.184
18684.41,-27.639999999999418,23424.184
18684.42,-27.63000000000102,22987.916
18684.43,-27.61999999999898,22455.592
18684.44,-27.610000000000582,22745.828
18684.45,-27.599999999998545,23084.807
18684.46,-27.590000000000146,23327.178
18684.47,-27.57999999999811,22891.057
18684.48,-27.56999999999971,23133.266
18684.49,-27.55999999999767,23278.688
18684.5,-27.549999999999272,23278.688
18684.51,-27.540000000000873,22939.482
18684.52,-27.529999999998836,22891.057
18684.53,-27.520000000000437,23036.357
18684.54,-27.5099999999984,22794.229
18684.55,-27.5,23133.266
18684.56,-27.489999999997963,23278.688
18684.57,-27.479999999999563,23278.688
18684.58,-27.469999999997526,23084.807
18684.59,-27.459999999999127,23084.807
18684.6,-27.450000000000728,23036.357
18684.61,-27.43999999999869,23230.205
18684.62,-27.43000000000029,23036.357
18684.63,-27.419999999998254,22503.943
18684.64,-27.409999999999854,23230.205
18684.65,-27.399999999997817,23278.688
18684.66,-27.389999999999418,23133.266
18684.67,-27.38000000000102,23278.688
18684.68,-27.36999999999898,23181.73
18684.69,-27.360000000000582,23181.73
18684.7,-27.349999999998545,23084.807
18684.71,-27.340000000000146,23327.178
18684.72,-27.32999999999811,23278.688
18684.73,-27.31999999999971,22794.229
18684.74,-27.30999999999767,23084.807
18684.75,-27.299999999999272,22939.482
18684.76,-27.290000000000873,22552.305
18684.77,-27.279999999998836,23278.688
18684.78,-27.270000000000437,23278.688
18684.79,-27.2599999999984,23084.807
18684.8,-27.25,23036.357
18684.81,-27.239999999997963,22939.482
18684.82,-27.229999999999563,22842.639
18684.83,-27.219999999997526,23327.178
18684.84,-27.209999999999127,23812.531
18684.85,-27.200000000000728,23375.678
18684.86,-27.18999999999869,23084.807
18684.87,-27.18000000000029,23278.688
18684.88,-27.169999999998254,23036.357
18684.89,-27.159999999999854,23084.807
18684.9,-27.149999999997817,23278.688
18684.91,-27.139999999999418,23327.178
18684.92,-27.13000000000102,22891.057
18684.93,-27.11999999999898,22891.057
18684.94,-27.110000000000582,22987.916
18684.95,-27.099999999998545,23084.807
18684.96,-27.090000000000146,22842.639
18684.97,-27.07999999999811,23084.807
18684.98,-27.06999999999971,22842.639
18684.99,-27.05999999999767,23036.357
18685.0,-27.049999999999272,22987.916
18685.01,-27.040000000000873,22794.229
18685.02,-27.029999999998836,23521.223
18685.03,-27.020000000000437,23715.395
18685.04,-27.0099999999984,23036.357
18685.05,-27.0,23084.807
18685.06,-26.989999999997963,23084.807
18685.07,-26.979999999999563,22697.436
18685.08,-26.969999999997526,23181.73
18685.09,-26.959999999999127,23181.73
18685.1,-26.950000000000728,23084.807
18685.11,-26.93999999999869,22939.482
18685.12,-26.93000000000029,23084.807
18685.13,-26.919999999998254,22987.916
18685.14,-26.909999999999854,23424.184
18685.15,-26.899999999997817,23278.688
18685.16,-26.889999999999418,23084.807
18685.17,-26.88000000000102,23424.184
18685.18,-26.86999999999898,23327.178
18685.19,-26.860000000000582,23036.357
18685.2,-26.849999999998545,23327.178
18685.21,-26.840000000000146,23036.357
18685.22,-26.82999999999811,23521.223
18685.23,-26.81999999999971,23424.184
18685.24,-26.80999999999767,23375.678
18685.25,-26.799999999999272,23327.178
18685.26,-26.790000000000873,22745.828
18685.27,-26.779999999998836,23327.178
18685.28,-26.770000000000437,22891.057
18685.29,-26.7599999999984,23278.688
18685.3,-26.75,23181.73
18685.31,-26.739999999997963,23181.73
18685.32,-26.729999999999563,23230.205
18685.33,-26.719999999997526,23327.178
18685.34,-26.709999999999127,23278.688
18685.35,-26.700000000000728,23133.266
18685.36,-26.68999999999869,22842.639
18685.37,-26.68000000000029,22600.674
18685.38,-26.669999999998254,22939.482
18685.39,-26.659999999999854,22987.916
18685.4,-26.649999999997817,23375.678
18685.41,-26.639999999999418,22697.436
18685.42,-26.63000000000102,22649.051
18685.43,-26.61999999999898,22600.674
18685.44,-26.610000000000582,22939.482
18685.45,-26.599999999998545,23181.73
18685.46,-26.590000000000146,23084.807
18685.47,-26.57999999999811,22987.916
18685.48,-26.56999999999971,23084.807
18685.49,-26.55999999999767,23424.184
18685.5,-26.549999999999272,23424.184
18685.51,-26.540000000000873,22745.828
18685.52,-26.529999999998836,23181.73
18685.53,-26.520000000000437,23181.73
18685.54,-26.5099999999984,22842.639
18685.55,-26.5,23521.223
18685.56,-26.489999999997963,23375.678
18685.57,-26.479999999999563,23375.678
18685.58,-26.469999999997526,23278.688
18685.59,-26.459999999999127,23666.84
18685.6,-26.450000000000728,23666.84
18685.61,-26.43999999999869,23133.266
18685.62,-26.43000000000029,22794.229
18685.63,-26.419999999998254,22600.674
18685.64,-26.409999999999854,23230.205
18685.65,-26.399999999997817,23472.699
18685.66,-26.389999999999418,23618.293
18685.67,-26.38000000000102,23472.699
18685.68,-26.36999999999898,23424.184
18685.69,-26.360000000000582,23084.807
18685.7,-26.349999999998545,22794.229
18685.71,-26.340000000000146,22503.943
18685.72,-26.32999999999811,22891.057
18685.73,-26.31999999999971,23666.84
18685.74,-26.30999999999767,23084.807
18685.75,-26.299999999999272,23084.807
18685.76,-26.290000000000873,22745.828
18685.77,-26.279999999998836,23181.73
18685.78,-26.270000000000437,23133.266
18685.79,-26.2599999999984,22649.051
18685.8,-26.25,22891.057
18685.81,-26.239999999997963,23278.688
18685.82,-26.229999999999563,23472.699
18685.83,-26.219999999997526,23424.184
18685.84,-26.209999999999127,23084.807
18685.85,-26.200000000000728,23133.266
18685.86,-26.18999999999869,23424.184
18685.87,-26.18000000000029,23424.184
18685.88,-26.169999999998254,23424.184
18685.89,-26.159999999999854,22794.229
18685.9,-26.149999999997817,23133.266
18685.91,-26.139999999999418,23521.223
18685.92,-26.13000000000102,23278.688
18685.93,-26.11999999999898,23133.266
18685.94,-26.110000000000582,23278.688
18685.95,-26.099999999998545,23327.178
18685.96,-26.090000000000146,23375.678
18685.97,-26.07999999999811,23375.678
18685.98,-26.06999999999971,23327.178
18685.99,-26.05999999999767,22939.482
18686.0,-26.049999999999272,22552.305
18686.01,-26.040000000000873,22600.674
18686.02,-26.029999999998836,22697.436
18686.03,-26.020000000000437,23133.266
18686.04,-26.0099999999984,23278.688
18686.05,-26.0,23084.807
18686.06,-25.989999999997963,23084.807
18686.07,-25.979999999999563,23036.357
18686.08,-25.969999999997526,22697.436
18686.09,-25.959999999999127,22891.057
18686.1,-25.950000000000728,23375.678
18686.11,-25.93999999999869,23375.678
18686.12,-25.93000000000029,23424.184
18686.13,-25.919999999998254,22939.482
18686.14,-25.909999999999854,23472.699
18686.15,-25.899999999997817,23327.178
18686.16,-25.889999999999418,22939.482
18686.17,-25.88000000000102,23424.184
18686.18,-25.86999999999898,23133.266
18686.19,-25.860000000000582,23521.223
18686.2,-25.849999999998545,23569.752
18686.21,-25.840000000000146,23278.688
18686.22,-25.82999999999811,23278.688
18686.23,-25.81999999999971,23327.178
18686.24,-25.80999999999767,23036.357
18686.25,-25.799999999999272,23278.688
18686.26,-25.790000000000873,22745.828
18686.27,-25.779999999998836,23375.678
18686.28,-25.770000000000437,23084.807
18686.29,-25.7599999999984,23036.357
18686.3,-25.75,23084.807
18686.31,-25.739999999997963,23084.807
18686.32,-25.729999999999563,22842.639
18686.33,-25.719999999997526,23133.266
18686.34,-25.709999999999127,23133.266
18686.35,-25.700000000000728,23084.807
18686.36,-25.68999999999869,23181.73
18686.37,-25.68000000000029,22842.639
18686.38,-25.669999999998254,22794.229
18686.39,-25.659999999999854,22794.229
18686.4,-25.649999999997817,22794.229
18686.41,-25.639999999999418,22697.436
18686.42,-25.63000000000102,23424.184
18686.43,-25.61999999999898,23327.178
18686.44,-25.610000000000582,23181.73
18686.45,-25.599999999998545,23278.688
18686.46,-25.590000000000146,23278.688
18686.47,-25.57999999999811,23278.688
18686.48,-25.56999999999971,23327.178
18686.49,-25.55999999999767,23278.688
18686.5,-25.549999999999272,23327.178
18686.51,-25.540000000000873,22891.057
18686.52,-25.529999999998836,23521.223
18686.53,-25.520000000000437,23084.807
18686.54,-25.5099999999984,23327.178
18686.55,-25.5,23181.73
18686.56,-25.489999999997963,23084.807
18686.57,-25.479999999999563,23618.293
18686.58,-25.469999999997526,23327.178
18686.59,-25.459999999999127,23133.266
18686.6,-25.450000000000728,23327.178
18686.61,-25.43999999999869,23424.184
18686.62,-25.43000000000029,22891.057
18686.63,-25.419999999998254,22891.057
18686.64,-25.409999999999854,22987.916
18686.65,-25.399999999997817,23424.184
18686.66,-25.389999999999418,23084.807
18686.67,-25.38000000000102,22987.916
18686.68,-25.36999999999898,23133.266
18686.69,-25.360000000000582,23230.205
18686.7,-25.349999999998545,23375.678
18686.71,-25.340000000000146,23569.752
18686.72,-25.32999999999811,22842.639
18686.73,-25.31999999999971,23375.678
18686.74,-25.30999999999767,23230.205
18686.75,-25.299999999999272,23521.223
18686.76,-25.290000000000873,23084.807
18686.77,-25.279999999998836,23472.699
18686.78,-25.270000000000437,23618.293
18686.79,-25.2599999999984,23521.223
18686.8,-25.25,23084.807
18686.81,-25.239999999997963,23230.205
18686.82,-25.229999999999563,23521.223
18686.83,-25.219999999997526,23375.678
18686.84,-25.209999999999127,23036.357
18686.85,-25.200000000000728,23375.678
18686.86,-25.18999999999869,23327.178
18686.87,-25.18000000000029,23618.293
18686.88,-25.169999999998254,23278.688
18686.89,-25.159999999999854,23230.205
18686.9,-25.149999999997817,23327.178
18686.91,-25.139999999999418,23181.73
18686.92,-25.13000000000102,22649.051
18686.93,-25.11999999999898,22939.482
18686.94,-25.110000000000582,23084.807
18686.95,-25.099999999998545,23472.699
18686.96,-25.090000000000146,23084.807
18686.97,-25.07999999999811,22891.057
18686.98,-25.06999999999971,22697.436
18686.99,-25.05999999999767,22794.229
18687.0,-25.049999999999272,23133.266
18687.01,-25.040000000000873,22600.674
18687.02,-25.029999999998836,22987.916
18687.03,-25.020000000000437,23036.357
18687.04,-25.0099999999984,23278.688
18687.05,-25.0,23327.178
18687.06,-24.989999999997963,23084.807
18687.07,-24.979999999999563,23181.73
18687.08,-24.969999999997526,22987.916
18687.09,-24.959999999999127,22939.482
18687.1,-24.950000000000728,22794.229
18687.11,-24.93999999999869,22939.482
18687.12,-24.93000000000029,23424.184
18687.13,-24.919999999998254,22987.916
18687.14,-24.909999999999854,22649.051
18687.15,-24.899999999997817,22213.951
18687.16,-24.889999999999418,22552.305
18687.17,-24.88000000000102,22503.943
18687.18,-24.86999999999898,22649.051
18687.19,-24.860000000000582,23133.266
18687.2,-24.849999999998545,23666.84
18687.21,-24.840000000000146,23715.395
18687.22,-24.82999999999811,23521.223
18687.23,-24.81999999999971,23521.223
18687.24,-24.80999999999767,22939.482
18687.25,-24.799999999999272,23327.178
18687.26,-24.790000000000873,22939.482
18687.27,-24.779999999998836,22987.916
18687.28,-24.770000000000437,23133.266
18687.29,-24.7599999999984,23230.205
18687.3,-24.75,23278.688
18687.31,-24.739999999997963,23133.266
18687.32,-24.729999999999563,22842.639
18687.33,-24.719999999997526,22939.482
18687.34,-24.709999999999127,23278.688
18687.35,-24.700000000000728,23230.205
18687.36,-24.68999999999869,23327.178
18687.37,-24.68000000000029,23327.178
18687.38,-24.669999999998254,23181.73
18687.39,-24.659999999999854,23715.395
18687.4,-24.649999999997817,23521.223
18687.41,-24.639999999999418,23521.223
18687.42,-24.63000000000102,23084.807
18687.43,-24.61999999999898,23230.205
18687.44,-24.610000000000582,23569.752
18687.45,-24.599999999998545,23036.357
18687.46,-24.590000000000146,23084.807
18687.47,-24.57999999999811,23424.184
18687.48,-24.56999999999971,23472.699
18687.49,-24.55999999999767,23375.678
18687.5,-24.549999999999272,23618.293
18687.51,-24.540000000000873,22987.916
18687.52,-24.529999999998836,23424.184
18687.53,-24.520000000000437,23084.807
18687.54,-24.5099999999984,23133.266
18687.55,-24.5,22891.057
18687.56,-24.489999999997963,23036.357
18687.57,-24.479999999999563,22794.229
18687.58,-24.469999999997526,22745.828
18687.59,-24.459999999999127,22552.305
18687.6,-24.450000000000728,22794.229
18687.61,-24.43999999999869,22987.916
18687.62,-24.43000000000029,22891.057
18687.63,-24.419999999998254,22697.436
18687.64,-24.409999999999854,23181.73
18687.65,-24.399999999997817,23084.807
18687.66,-24.389999999999418,22939.482
18687.67,-24.38000000000102,23715.395
18687.68,-24.36999999999898,23375.678
18687.69,-24.360000000000582,23181.73
18687.7,-24.349999999998545,23327.178
18687.71,-24.340000000000146,23521.223
18687.72,-24.32999999999811,23278.688
18687.73,-24.31999999999971,23084.807
18687.74,-24.30999999999767,23521.223
18687.75,-24.299999999999272,23424.184
18687.76,-24.290000000000873,23084.807
18687.77,-24.279999999998836,23715.395
18687.78,-24.270000000000437,23424.184
18687.79,-24.2599999999984,23715.395
18687.8,-24.25,22939.482
18687.81,-24.239999999997963,22987.916
18687.82,-24.229999999999563,22939.482
18687.83,-24.219999999997526,23084.807
18687.84,-24.209999999999127,23327.178
18687.85,-24.200000000000728,23521.223
18687.86,-24.18999999999869,23521.223
18687.87,-24.18000000000029,23424.184
18687.88,-24.169999999998254,23763.959
18687.89,-24.159999999999854,23618.293
18687.9,-24.149999999997817,23569.752
18687.91,-24.139999999999418,22649.051
18687.92,-24.13000000000102,22503.943
18687.93,-24.11999999999898,22891.057
18687.94,-24.110000000000582,23084.807
18687.95,-24.099999999998545,22987.916
18687.96,-24.090000000000146,23036.357
18687.97,-24.07999999999811,23521.223
18687.98,-24.06999999999971,23278.688
18687.99,-24.05999999999767,23230.205
18688.0,-24.049999999999272,23230.205
18688.01,-24.040000000000873,23327.178
18688.02,-24.029999999998836,23424.184
18688.03,-24.020000000000437,23812.531
18688.04,-24.0099999999984,23715.395
18688.05,-24.0,23666.84
18688.06,-23.989999999997963,23569.752
18688.07,-23.979999999999563,23230.205
18688.08,-23.969999999997526,23230.205
18688.09,-23.959999999999127,23521.223
18688.1,-23.950000000000728,23375.678
18688.11,-23.93999999999869,23375.678
18688.12,-23.93000000000029,23618.293
18688.13,-23.919999999998254,22987.916
18688.14,-23.909999999999854,23472.699
18688.15,-23.899999999997817,23715.395
18688.16,-23.889999999999418,23327.178
18688.17,-23.88000000000102,22745.828
18688.18,-23.86999999999898,22358.912
18688.19,-23.860000000000582,22310.584
18688.2,-23.849999999998545,22649.051
18688.21,-23.840000000000146,23036.357
18688.22,-23.82999999999811,22891.057
18688.23,-23.81999999999971,22891.057
18688.24,-23.80999999999767,23278.688
18688.25,-23.799999999999272,22939.482
18688.26,-23.790000000000873,22697.436
18688.27,-23.779999999998836,22987.916
18688.28,-23.770000000000437,22842.639
18688.29,-23.7599999999984,23036.357
18688.3,-23.75,22745.828
18688.31,-23.739999999997963,22987.916
18688.32,-23.729999999999563,22987.916
18688.33,-23.719999999997526,23084.807
18688.34,-23.709999999999127,23666.84
18688.35,-23.700000000000728,23521.223
18688.36,-23.68999999999869,23278.688
18688.37,-23.68000000000029,23763.959
18688.38,-23.669999999998254,23472.699
18688.39,-23.659999999999854,23278.688
18688.4,-23.649999999997817,23084.807
18688.41,-23.639999999999418,23133.266
18688.42,-23.63000000000102,23715.395
18688.43,-23.61999999999898,23424.184
18688.44,-23.610000000000582,23472.699
18688.45,-23.599999999998545,23230.205
18688.46,-23.590000000000146,22794.229
18688.47,-23.57999999999811,22939.482
18688.48,-23.56999999999971,23036.357
18688.49,-23.55999999999767,23084.807
18688.5,-23.549999999999272,23084.807
18688.51,-23.540000000000873,22891.057
18688.52,-23.529999999998836,23375.678
18688.53,-23.520000000000437,22939.482
18688.54,-23.5099999999984,23133.266
18688.55,-23.5,23327.178
18688.56,-23.489999999997963,23133.266
18688.57,-23.479999999999563,23084.807
18688.58,-23.469999999997526,22891.057
18688.59,-23.459999999999127,23181.73
18688.6,-23.450000000000728,23230.205
18688.61,-23.43999999999869,23424.184
18688.62,-23.43000000000029,23666.84
18688.63,-23.419999999998254,23472.699
18688.64,-23.409999999999854,23521.223
18688.65,-23.399999999997817,23424.184
18688.66,-23.389999999999418,23424.184
18688.67,-23.38000000000102,23715.395
18688.68,-23.36999999999898,23375.678
18688.69,-23.360000000000582,23278.688
18688.7,-23.349999999998545,23521.223
18688.71,-23.340000000000146,23181.73
18688.72,-23.32999999999811,23327.178
18688.73,-23.31999999999971,23230.205
18688.74,-23.30999999999767,22987.916
18688.75,-23.299999999999272,23181.73
18688.76,-23.290000000000873,22987.916
18688.77,-23.279999999998836,23230.205
18688.78,-23.270000000000437,23424.184
18688.79,-23.2599999999984,23278.688
18688.8,-23.25,22939.482
18688.81,-23.239999999997963,22891.057
18688.82,-23.229999999999563,23084.807
18688.83,-23.219999999997526,23084.807
18688.84,-23.209999999999127,22891.057
18688.85,-23.200000000000728,22503.943
18688.86,-23.18999999999869,22745.828
18688.87,-23.18000000000029,22987.916
18688.88,-23.169999999998254,22552.305
18688.89,-23.159999999999854,22697.436
18688.9,-23.149999999997817,22891.057
18688.91,-23.139999999999418,23133.266
18688.92,-23.13000000000102,23618.293
18688.93,-23.11999999999898,23084.807
18688.94,-23.110000000000582,22891.057
18688.95,-23.099999999998545,23084.807
18688.96,-23.090000000000146,23618.293
18688.97,-23.07999999999811,23472.699
18688.98,-23.06999999999971,23521.223
18688.99,-23.05999999999767,23424.184
18689.0,-23.049999999999272,23472.699
18689.01,-23.040000000000873,22891.057
18689.02,-23.029999999998836,23036.357
18689.03,-23.020000000000437,23375.678
18689.04,-23.0099999999984,23715.395
18689.05,-23.0,23666.84
18689.06,-22.989999999997963,23133.266
18689.07,-22.979999999999563,23521.223
18689.08,-22.969999999997526,23569.752
18689.09,-22.959999999999127,23375.678
18689.1,-22.950000000000728,23036.357
18689.11,-22.93999999999869,23036.357
18689.12,-22.93000000000029,23133.266
18689.13,-22.919999999998254,23084.807
18689.14,-22.909999999999854,23521.223
18689.15,-22.899999999997817,23375.678
18689.16,-22.889999999999418,23181.73
18689.17,-22.88000000000102,22939.482
18689.18,-22.86999999999898,23133.266
18689.19,-22.860000000000582,23230.205
18689.2,-22.849999999998545,23327.178
18689.21,-22.840000000000146,22891.057
18689.22,-22.82999999999811,22987.916
18689.23,-22.81999999999971,23327.178
18689.24,-22.80999999999767,23278.688
18689.25,-22.799999999999272,22987.916
18689.26,-22.790000000000873,22407.248
18689.27,-22.779999999998836,22987.916
18689.28,-22.770000000000437,23181.73
18689.29,-22.7599999999984,22987.916
18689.3,-22.75,23424.184
18689.31,-22.739999999997963,23424.184
18689.32,-22.729999999999563,22745.828
18689.33,-22.719999999997526,22794.229
18689.34,-22.709999999999127,22987.916
18689.35,-22.700000000000728,22697.436
18689.36,-22.68999999999869,22939.482
18689.37,-22.68000000000029,23084.807
18689.38,-22.669999999998254,23036.357
18689.39,-22.659999999999854,22310.584
18689.4,-22.649999999997817,21249.422
18689.41,-22.639999999999418,21538.439
18689.42,-22.63000000000102,21056.904
18689.43,-22.61999999999898,20576.184
18689.44,-22.610000000000582,20624.219
18689.45,-22.599999999998545,20480.137
18689.46,-22.590000000000146,20480.137
18689.47,-22.57999999999811,20240.162
18689.48,-22.56999999999971,20384.121
18689.49,-22.55999999999767,20576.184
18689.5,-22.549999999999272,20240.162
18689.51,-22.540000000000873,20000.389
18689.52,-22.529999999998836,20672.262
18689.53,-22.520000000000437,20576.184
18689.54,-22.5099999999984,20384.121
18689.55,-22.5,20240.162
18689.56,-22.489999999997963,19473.605
18689.57,-22.479999999999563,19712.932
18689.58,-22.469999999997526,20336.127
18689.59,-22.459999999999127,19712.932
18689.6,-22.450000000000728,19952.459
18689.61,-22.43999999999869,19856.623
18689.62,-22.43000000000029,20048.328
18689.63,-22.419999999998254,19856.623
18689.64,-22.409999999999854,19760.82
18689.65,-22.399999999997817,19665.049
18689.66,-22.389999999999418,19712.932
18689.67,-22.38000000000102,19808.719
18689.68,-22.36999999999898,20192.191
18689.69,-22.360000000000582,20912.604
18689.7,-22.349999999998545,21683.059
18689.71,-22.340000000000146,21924.252
18689.72,-22.32999999999811,21683.059
18689.73,-22.31999999999971,21586.637
18689.74,-22.30999999999767,21683.059
18689.75,-22.299999999999272,21779.512
18689.76,-22.290000000000873,21297.57
18689.77,-22.279999999998836,21442.066
18689.78,-22.270000000000437,21972.514
18689.79,-22.2599999999984,21875.996
18689.8,-22.25,21683.059
18689.81,-22.239999999997963,21634.844
18689.82,-22.229999999999563,21683.059
18689.83,-22.219999999997526,22503.943
18689.84,-22.209999999999127,22794.229
18689.85,-22.200000000000728,22552.305
18689.86,-22.18999999999869,22745.828
18689.87,-22.18000000000029,22939.482
18689.88,-22.169999999998254,22745.828
18689.89,-22.159999999999854,22891.057
18689.9,-22.149999999997817,23036.357
18689.91,-22.139999999999418,23133.266
18689.92,-22.13000000000102,23084.807
18689.93,-22.11999999999898,22842.639
18689.94,-22.110000000000582,22745.828
18689.95,-22.099999999998545,22310.584
18689.96,-22.090000000000146,21249.422
18689.97,-22.07999999999811,20576.184
18689.98,-22.06999999999971,20240.162
18689.99,-22.05999999999767,19617.176
18690.0,-22.049999999999272,19521.455
18690.01,-22.040000000000873,19186.684
18690.02,-22.029999999998836,19091.107
18690.03,-22.020000000000437,19043.332
18690.04,-22.0099999999984,19234.484
18690.05,-22.0,20048.328
18690.06,-21.989999999997963,19952.459
18690.07,-21.979999999999563,19760.82
18690.08,-21.969999999997526,19856.623
18690.09,-21.959999999999127,20048.328
18690.1,-21.950000000000728,19952.459
18690.11,-21.93999999999869,20048.328
18690.12,-21.93000000000029,19760.82
18690.13,-21.919999999998254,19569.311
18690.14,-21.909999999999854,19808.719
18690.15,-21.899999999997817,20480.137
18690.16,-21.889999999999418,19856.623
18690.17,-21.88000000000102,19904.537
18690.18,-21.86999999999898,20096.273
18690.19,-21.860000000000582,19952.459
18690.2,-21.849999999998545,20000.389
18690.21,-21.840000000000146,20144.229
18690.22,-21.82999999999811,19904.537
18690.23,-21.81999999999971,19425.766
18690.24,-21.80999999999767,19904.537
18690.25,-21.799999999999272,19856.623
18690.26,-21.790000000000873,19330.107
18690.27,-21.779999999998836,19569.311
18690.28,-21.770000000000437,19904.537
18690.29,-21.7599999999984,20000.389
18690.3,-21.75,20048.328
18690.31,-21.739999999997963,19808.719
18690.32,-21.729999999999563,19856.623
18690.33,-21.719999999997526,19856.623
18690.34,-21.709999999999127,20192.191
18690.35,-21.700000000000728,19760.82
18690.36,-21.68999999999869,19712.932
18690.37,-21.68000000000029,19952.459
18690.38,-21.669999999998254,19952.459
18690.39,-21.659999999999854,20144.229
18690.4,-21.649999999997817,20048.328
18690.41,-21.639999999999418,20192.191
18690.42,-21.63000000000102,19952.459
18690.43,-21.61999999999898,20048.328
18690.44,-21.610000000000582,19856.623
18690.45,-21.599999999998545,20048.328
18690.46,-21.590000000000146,19665.049
18690.47,-21.57999999999811,19282.291
18690.48,-21.56999999999971,19665.049
18690.49,-21.55999999999767,20240.162
18690.5,-21.549999999999272,20096.273
18690.51,-21.540000000000873,19952.459
18690.52,-21.529999999998836,20480.137
18690.53,-21.520000000000437,20336.127
18690.54,-21.5099999999984,20336.127
18690.55,-21.5,20048.328
18690.56,-21.489999999997963,19808.719
18690.57,-21.479999999999563,20000.389
18690.58,-21.469999999997526,20288.141
18690.59,-21.459999999999127,20528.156
18690.6,-21.450000000000728,20432.125
18690.61,-21.43999999999869,20000.389
18690.62,-21.43000000000029,20048.328
18690.63,-21.419999999998254,20096.273
18690.64,-21.409999999999854,20096.273
18690.65,-21.399999999997817,20336.127
18690.66,-21.389999999999418,20384.121
18690.67,-21.38000000000102,20192.191
18690.68,-21.36999999999898,20096.273
18690.69,-21.360000000000582,19617.176
18690.7,-21.349999999998545,19856.623
18690.71,-21.340000000000146,19904.537
18690.72,-21.32999999999811,20000.389
18690.73,-21.31999999999971,20288.141
18690.74,-21.30999999999767,20048.328
18690.75,-21.299999999999272,20528.156
18690.76,-21.290000000000873,20336.127
18690.77,-21.279999999998836,20480.137
18690.78,-21.270000000000437,20240.162
18690.79,-21.2599999999984,20336.127
18690.8,-21.25,20000.389
18690.81,-21.239999999997963,20240.162
18690.82,-21.229999999999563,20240.162
18690.83,-21.219999999997526,20192.191
18690.84,-21.209999999999127,19904.537
18690.85,-21.200000000000728,19856.623
18690.86,-21.18999999999869,20336.127
18690.87,-21.18000000000029,20240.162
18690.88,-21.169999999998254,20000.389
18690.89,-21.159999999999854,20240.162
18690.9,-21.149999999997817,20288.141
18690.91,-21.139999999999418,20192.191
18690.92,-21.13000000000102,20720.314
18690.93,-21.11999999999898,20864.52
18690.94,-21.110000000000582,21972.514
18690.95,-21.099999999998545,22891.057
18690.96,-21.090000000000146,23084.807
18690.97,-21.07999999999811,23327.178
18690.98,-21.06999999999971,23084.807
18690.99,-21.05999999999767,23036.357
18691.0,-21.049999999999272,23084.807
18691.01,-21.040000000000873,23133.266
18691.02,-21.029999999998836,23521.223
18691.03,-21.020000000000437,22891.057
18691.04,-21.0099999999984,22987.916
18691.05,-21.0,23084.807
18691.06,-20.989999999997963,23472.699
18691.07,-20.979999999999563,23230.205
18691.08,-20.969999999997526,23424.184
18691.09,-20.959999999999127,23133.266
18691.1,-20.950000000000728,23666.84
18691.11,-20.93999999999869,23424.184
18691.12,-20.93000000000029,23084.807
18691.13,-20.919999999998254,22697.436
18691.14,-20.909999999999854,23181.73
18691.15,-20.899999999997817,23909.699
18691.16,-20.889999999999418,23812.531
18691.17,-20.88000000000102,23375.678
18691.18,-20.86999999999898,23424.184
18691.19,-20.860000000000582,23618.293
18691.2,-20.849999999998545,23084.807
18691.21,-20.840000000000146,23084.807
18691.22,-20.82999999999811,22939.482
18691.23,-20.81999999999971,22745.828
18691.24,-20.80999999999767,23181.73
18691.25,-20.799999999999272,23521.223
18691.26,-20.790000000000873,23133.266
18691.27,-20.779999999998836,23424.184
18691.28,-20.770000000000437,23230.205
18691.29,-20.7599999999984,23521.223
18691.3,-20.75,23424.184
18691.31,-20.739999999997963,23618.293
18691.32,-20.729999999999563,23181.73
18691.33,-20.719999999997526,22891.057
18691.34,-20.709999999999127,22939.482
18691.35,-20.700000000000728,23084.807
18691.36,-20.68999999999869,23424.184
18691.37,-20.68000000000029,23084.807
18691.38,-20.669999999998254,22939.482
18691.39,-20.659999999999854,22891.057
18691.4,-20.649999999997817,22891.057
18691.41,-20.639999999999418,23327.178
18691.42,-20.63000000000102,23715.395
18691.43,-20.61999999999898,22939.482
18691.44,-20.610000000000582,22891.057
18691.45,-20.599999999998545,23278.688
18691.46,-20.590000000000146,23278.688
18691.47,-20.57999999999811,23327.178
18691.48,-20.56999999999971,22939.482
18691.49,-20.55999999999767,23181.73
18691.5,-20.549999999999272,23036.357
18691.51,-20.540000000000873,23084.807
18691.52,-20.529999999998836,23861.109
18691.53,-20.520000000000437,23666.84
18691.54,-20.5099999999984,23521.223
18691.55,-20.5,23327.178
18691.56,-20.489999999997963,23278.688
18691.57,-20.479999999999563,23181.73
18691.58,-20.469999999997526,23861.109
18691.59,-20.459999999999127,23909.699
18691.6,-20.450000000000728,23472.699
18691.61,-20.43999999999869,23375.678
18691.62,-20.43000000000029,23327.178
18691.63,-20.419999999998254,23181.73
18691.64,-20.409999999999854,23133.266
18691.65,-20.399999999997817,23036.357
18691.66,-20.389999999999418,23181.73
18691.67,-20.38000000000102,23327.178
18691.68,-20.36999999999898,23424.184
18691.69,-20.360000000000582,23278.688
18691.7,-20.349999999998545,23181.73
18691.71,-20.340000000000146,23084.807
18691.72,-20.32999999999811,23181.73
18691.73,-20.31999999999971,23278.688
18691.74,-20.30999999999767,23084.807
18691.75,-20.299999999999272,23181.73
18691.76,-20.290000000000873,22503.943
18691.77,-20.279999999998836,22987.916
18691.78,-20.270000000000437,22891.057
18691.79,-20.2599999999984,22987.916
18691.8,-20.25,22600.674
18691.81,-20.239999999997963,22842.639
18691.82,-20.229999999999563,23133.266
18691.83,-20.219999999997526,23084.807
18691.84,-20.209999999999127,23230.205
18691.85,-20.200000000000728,23133.266
18691.86,-20.18999999999869,23472.699
18691.87,-20.18000000000029,23569.752
18691.88,-20.169999999998254,23618.293
18691.89,-20.159999999999854,23666.84
18691.9,-20.149999999997817,23569.752
18691.91,-20.139999999999418,23424.184
18691.92,-20.13000000000102,23133.266
18691.93,-20.11999999999898,23569.752
18691.94,-20.110000000000582,23812.531
18691.95,-20.099999999998545,23715.395
18691.96,-20.090000000000146,23327.178
18691.97,-20.07999999999811,23084.807
18691.98,-20.06999999999971,23181.73
18691.99,-20.05999999999767,23230.205
18692.0,-20.049999999999272,23375.678
18692.01,-20.040000000000873,23133.266
18692.02,-20.029999999998836,23666.84
18692.03,-20.020000000000437,23666.84
18692.04,-20.0099999999984,23472.699
18692.05,-20.0,23521.223
18692.06,-19.989999999997963,23084.807
18692.07,-19.979999999999563,22891.057
18692.08,-19.969999999997526,23181.73
18692.09,-19.959999999999127,23424.184
18692.1,-19.950000000000728,23521.223
18692.11,-19.93999999999869,23230.205
18692.12,-19.93000000000029,22987.916
18692.13,-19.919999999998254,22891.057
18692.14,-19.909999999999854,23084.807
18692.15,-19.899999999997817,23084.807
18692.16,-19.889999999999418,22842.639
18692.17,-19.88000000000102,22939.482
18692.18,-19.86999999999898,22891.057
18692.19,-19.860000000000582,22649.051
18692.2,-19.849999999998545,22939.482
18692.21,-19.840000000000146,23036.357
18692.22,-19.82999999999811,23327.178
18692.23,-19.81999999999971,24152.76
18692.24,-19.80999999999767,23909.699
18692.25,-19.799999999999272,23472.699
18692.26,-19.790000000000873,22987.916
18692.27,-19.779999999998836,23424.184
18692.28,-19.770000000000437,23521.223
18692.29,-19.7599999999984,23327.178
18692.3,-19.75,23424.184
18692.31,-19.739999999997963,23084.807
18692.32,-19.729999999999563,23278.688
18692.33,-19.719999999997526,23133.266
18692.34,-19.709999999999127,23424.184
18692.35,-19.700000000000728,23084.807
18692.36,-19.68999999999869,23375.678
18692.37,-19.68000000000029,23084.807
18692.38,-19.669999999998254,23133.266
18692.39,-19.659999999999854,23375.678
18692.4,-19.649999999997817,23861.109
18692.41,-19.639999999999418,24055.512
18692.42,-19.63000000000102,23666.84
18692.43,-19.61999999999898,23084.807
18692.44,-19.610000000000582,22939.482
18692.45,-19.599999999998545,23181.73
18692.46,-19.590000000000146,23084.807
18692.47,-19.57999999999811,22842.639
18692.48,-19.56999999999971,22794.229
18692.49,-19.55999999999767,23084.807
18692.5,-19.549999999999272,23375.678
18692.51,-19.540000000000873,23327.178
18692.52,-19.529999999998836,23084.807
18692.53,-19.520000000000437,23084.807
18692.54,-19.5099999999984,22891.057
18692.55,-19.5,23133.266
18692.56,-19.489999999997963,23133.266
18692.57,-19.479999999999563,23230.205
18692.58,-19.469999999997526,23181.73
18692.59,-19.459999999999127,23278.688
18692.6,-19.450000000000728,23521.223
18692.61,-19.43999999999869,23278.688
18692.62,-19.43000000000029,22987.916
18692.63,-19.419999999998254,22794.229
18692.64,-19.409999999999854,23036.357
18692.65,-19.399999999997817,23715.395
18692.66,-19.389999999999418,23521.223
18692.67,-19.38000000000102,23472.699
18692.68,-19.36999999999898,23472.699
18692.69,-19.360000000000582,22891.057
18692.7,-19.349999999998545,22987.916
18692.71,-19.340000000000146,23230.205
18692.72,-19.32999999999811,23278.688
18692.73,-19.31999999999971,22842.639
18692.74,-19.30999999999767,22939.482
18692.75,-19.299999999999272,22794.229
18692.76,-19.290000000000873,23036.357
18692.77,-19.279999999998836,23666.84
18692.78,-19.270000000000437,23763.959
18692.79,-19.2599999999984,23472.699
18692.8,-19.25,23472.699
18692.81,-19.239999999997963,23278.688
18692.82,-19.229999999999563,23375.678
18692.83,-19.219999999997526,23424.184
18692.84,-19.209999999999127,23084.807
18692.85,-19.200000000000728,22891.057
18692.86,-19.18999999999869,22794.229
18692.87,-19.18000000000029,23084.807
18692.88,-19.169999999998254,23133.266
18692.89,-19.159999999999854,23521.223
18692.9,-19.149999999997817,23569.752
18692.91,-19.139999999999418,23424.184
18692.92,-19.13000000000102,23230.205
18692.93,-19.11999999999898,23181.73
18692.94,-19.110000000000582,23278.688
18692.95,-19.099999999998545,23084.807
18692.96,-19.090000000000146,22891.057
18692.97,-19.07999999999811,23084.807
18692.98,-19.06999999999971,23375.678
18692.99,-19.05999999999767,23424.184
18693.0,-19.049999999999272,23327.178
18693.01,-19.040000000000873,22987.916
18693.02,-19.029999999998836,23230.205
18693.03,-19.020000000000437,23084.807
18693.04,-19.0099999999984,22987.916
18693.05,-19.0,23472.699
18693.06,-18.989999999997963,23472.699
18693.07,-18.979999999999563,23569.752
18693.08,-18.969999999997526,23715.395
18693.09,-18.959999999999127,23763.959
18693.1,-18.950000000000728,24006.898
18693.11,-18.93999999999869,23666.84
18693.12,-18.93000000000029,23424.184
18693.13,-18.919999999998254,23181.73
18693.14,-18.909999999999854,23327.178
18693.15,-18.899999999997817,23618.293
18693.16,-18.889999999999418,23424.184
18693.17,-18.88000000000102,23327.178
18693.18,-18.86999999999898,23327.178
18693.19,-18.860000000000582,23036.357
18693.2,-18.849999999998545,23375.678
18693.21,-18.840000000000146,23230.205
18693.22,-18.82999999999811,23327.178
18693.23,-18.81999999999971,22842.639
18693.24,-18.80999999999767,23036.357
18693.25,-18.799999999999272,22939.482
18693.26,-18.790000000000873,22891.057
18693.27,-18.779999999998836,23521.223
18693.28,-18.770000000000437,23424.184
18693.29,-18.7599999999984,23278.688
18693.3,-18.75,23327.178
18693.31,-18.739999999997963,23133.266
18693.32,-18.729999999999563,23375.678
18693.33,-18.719999999997526,23521.223
18693.34,-18.709999999999127,23230.205
18693.35,-18.700000000000728,23375.678
18693.36,-18.68999999999869,23424.184
18693.37,-18.68000000000029,23327.178
18693.38,-18.669999999998254,23521.223
18693.39,-18.659999999999854,23472.699
18693.4,-18.649999999997817,23375.678
18693.41,-18.639999999999418,23278.688
18693.42,-18.63000000000102,23472.699
18693.43,-18.61999999999898,23327.178
18693.44,-18.610000000000582,23424.184
18693.45,-18.599999999998545,23278.688
18693.46,-18.590000000000146,22842.639
18693.47,-18.57999999999811,22939.482
18693.48,-18.56999999999971,23472.699
18693.49,-18.55999999999767,23327.178
18693.5,-18.549999999999272,22891.057
18693.51,-18.540000000000873,23036.357
18693.52,-18.529999999998836,23521.223
18693.53,-18.520000000000437,23133.266
18693.54,-18.5099999999984,23327.178
18693.55,-18.5,23181.73
18693.56,-18.489999999997963,23424.184
18693.57,-18.479999999999563,23181.73
18693.58,-18.469999999997526,23424.184
18693.59,-18.459999999999127,23230.205
18693.6,-18.450000000000728,23521.223
18693.61,-18.43999999999869,23084.807
18693.62,-18.43000000000029,22891.057
18693.63,-18.419999999998254,22745.828
18693.64,-18.409999999999854,23036.357
18693.65,-18.399999999997817,23278.688
18693.66,-18.389999999999418,23278.688
18693.67,-18.38000000000102,22891.057
18693.68,-18.36999999999898,22794.229
18693.69,-18.360000000000582,22987.916
18693.7,-18.349999999998545,23472.699
18693.71,-18.340000000000146,23861.109
18693.72,-18.32999999999811,24006.898
18693.73,-18.31999999999971,23812.531
18693.74,-18.30999999999767,23618.293
18693.75,-18.299999999999272,23133.266
18693.76,-18.290000000000873,22697.436
18693.77,-18.279999999998836,23278.688
18693.78,-18.270000000000437,23569.752
18693.79,-18.2599999999984,23424.184
18693.8,-18.25,23521.223
18693.81,-18.239999999997963,23424.184
18693.82,-18.229999999999563,23181.73
18693.83,-18.219999999997526,23424.184
18693.84,-18.209999999999127,23861.109
18693.85,-18.200000000000728,23715.395
18693.86,-18.18999999999869,23472.699
18693.87,-18.18000000000029,23715.395
18693.88,-18.169999999998254,23569.752
18693.89,-18.159999999999854,23424.184
18693.9,-18.149999999997817,23133.266
18693.91,-18.139999999999418,23375.678
18693.92,-18.13000000000102,23278.688
18693.93,-18.11999999999898,23278.688
18693.94,-18.110000000000582,22987.916
18693.95,-18.099999999998545,23084.807
18693.96,-18.090000000000146,23569.752
18693.97,-18.07999999999811,23472.699
18693.98,-18.06999999999971,23715.395
18693.99,-18.05999999999767,23666.84
18694.0,-18.049999999999272,23084.807
18694.01,-18.040000000000873,22745.828
18694.02,-18.029999999998836,22987.916
18694.03,-18.020000000000437,23230.205
18694.04,-18.0099999999984,23715.395
18694.05,-18.0,24055.512
18694.06,-17.989999999997963,23861.109
18694.07,-17.979999999999563,23327.178
18694.08,-17.969999999997526,22987.916
18694.09,-17.959999999999127,23278.688
18694.1,-17.950000000000728,23472.699
18694.11,-17.93999999999869,23375.678
18694.12,-17.93000000000029,23278.688
18694.13,-17.919999999998254,22891.057
18694.14,-17.909999999999854,23084.807
18694.15,-17.899999999997817,23036.357
18694.16,-17.889999999999418,23424.184
18694.17,-17.88000000000102,23521.223
18694.18,-17.86999999999898,23375.678
18694.19,-17.860000000000582,23472.699
18694.2,-17.849999999998545,23181.73
18694.21,-17.840000000000146,23424.184
18694.22,-17.82999999999811,23618.293
18694.23,-17.81999999999971,23569.752
18694.24,-17.80999999999767,23327.178
18694.25,-17.799999999999272,23472.699
18694.26,-17.790000000000873,23084.807
18694.27,-17.779999999998836,23084.807
18694.28,-17.770000000000437,22697.436
18694.29,-17.7599999999984,22939.482
18694.3,-17.75,22987.916
18694.31,-17.739999999997963,23230.205
18694.32,-17.729999999999563,23424.184
18694.33,-17.719999999997526,23278.688
18694.34,-17.709999999999127,22842.639
18694.35,-17.700000000000728,22939.482
18694.36,-17.68999999999869,23230.205
18694.37,-17.68000000000029,23084.807
18694.38,-17.669999999998254,23230.205
18694.39,-17.659999999999854,23278.688
18694.4,-17.649999999997817,23375.678
18694.41,-17.639999999999418,23133.266
18694.42,-17.63000000000102,23327.178
18694.43,-17.61999999999898,23424.184
18694.44,-17.610000000000582,23521.223
18694.45,-17.599999999998545,23327.178
18694.46,-17.590000000000146,23521.223
18694.47,-17.57999999999811,23472.699
18694.48,-17.56999999999971,23084.807
18694.49,-17.55999999999767,22987.916
18694.5,-17.549999999999272,23230.205
18694.51,-17.540000000000873,23036.357
18694.52,-17.529999999998836,23181.73
18694.53,-17.520000000000437,23278.688
18694.54,-17.5099999999984,23278.688
18694.55,-17.5,23521.223
18694.56,-17.489999999997963,23569.752
18694.57,-17.479999999999563,23036.357
18694.58,-17.469999999997526,22697.436
18694.59,-17.459999999999127,22455.592
18694.6,-17.450000000000728,23472.699
18694.61,-17.43999999999869,23327.178
18694.62,-17.43000000000029,23230.205
18694.63,-17.419999999998254,23230.205
18694.64,-17.409999999999854,23181.73
18694.65,-17.399999999997817,23084.807
18694.66,-17.389999999999418,23084.807
18694.67,-17.38000000000102,22697.436
18694.68,-17.36999999999898,22842.639
18694.69,-17.360000000000582,22891.057
18694.7,-17.349999999998545,23181.73
18694.71,-17.340000000000146,23327.178
18694.72,-17.32999999999811,23036.357
18694.73,-17.31999999999971,22842.639
18694.74,-17.30999999999767,22503.943
18694.75,-17.299999999999272,22649.051
18694.76,-17.290000000000873,23036.357
18694.77,-17.279999999998836,23230.205
18694.78,-17.270000000000437,23181.73
18694.79,-17.2599999999984,23472.699
18694.8,-17.25,23812.531
18694.81,-17.239999999997963,23763.959
18694.82,-17.229999999999563,23181.73
18694.83,-17.219999999997526,23521.223
18694.84,-17.209999999999127,23472.699
18694.85,-17.200000000000728,23278.688
18694.86,-17.18999999999869,22939.482
18694.87,-17.18000000000029,23278.688
18694.88,-17.169999999998254,23327.178
18694.89,-17.159999999999854,23327.178
18694.9,-17.149999999997817,22987.916
18694.91,-17.139999999999418,23569.752
18694.92,-17.13000000000102,22939.482
18694.93,-17.11999999999898,23084.807
18694.94,-17.110000000000582,23327.178
18694.95,-17.099999999998545,23424.184
18694.96,-17.090000000000146,23715.395
18694.97,-17.07999999999811,23909.699
18694.98,-17.06999999999971,23521.223
18694.99,-17.05999999999767,23084.807
18695.0,-17.049999999999272,22939.482
18695.01,-17.040000000000873,22939.482
18695.02,-17.029999999998836,22939.482
18695.03,-17.020000000000437,23084.807
18695.04,-17.0099999999984,23181.73
18695.05,-17.0,23472.699
18695.06,-16.989999999997963,23424.184
18695.07,-16.979999999999563,23424.184
18695.08,-16.969999999997526,23472.699
18695.09,-16.959999999999127,23084.807
18695.1,-16.950000000000728,23084.807
18695.11,-16.93999999999869,23084.807
18695.12,-16.93000000000029,23666.84
18695.13,-16.919999999998254,23472.699
18695.14,-16.909999999999854,23375.678
18695.15,-16.899999999997817,23327.178
18695.16,-16.889999999999418,23521.223
18695.17,-16.88000000000102,23133.266
18695.18,-16.86999999999898,23375.678
18695.19,-16.860000000000582,23715.395
18695.2,-16.849999999998545,23230.205
18695.21,-16.840000000000146,23036.357
18695.22,-16.82999999999811,22649.051
18695.23,-16.81999999999971,23084.807
18695.24,-16.80999999999767,23375.678
18695.25,-16.799999999999272,23521.223
18695.26,-16.790000000000873,22842.639
18695.27,-16.779999999998836,23278.688
18695.28,-16.770000000000437,23666.84
18695.29,-16.7599999999984,23424.184
18695.3,-16.75,23472.699
18695.31,-16.739999999997963,23375.678
18695.32,-16.729999999999563,23278.688
18695.33,-16.719999999997526,23812.531
18695.34,-16.709999999999127,23715.395
18695.35,-16.700000000000728,23133.266
18695.36,-16.68999999999869,23472.699
18695.37,-16.68000000000029,23521.223
18695.38,-16.669999999998254,22939.482
18695.39,-16.659999999999854,22794.229
18695.4,-16.649999999997817,22891.057
18695.41,-16.639999999999418,22794.229
18695.42,-16.63000000000102,22697.436
18695.43,-16.61999999999898,22600.674
18695.44,-16.610000000000582,22939.482
18695.45,-16.599999999998545,23424.184
18695.46,-16.590000000000146,23230.205
18695.47,-16.57999999999811,22697.436
18695.48,-16.56999999999971,23084.807
18695.49,-16.55999999999767,23084.807
18695.5,-16.549999999999272,23327.178
18695.51,-16.540000000000873,22987.916
18695.52,-16.529999999998836,23424.184
18695.53,-16.520000000000437,23278.688
18695.54,-16.5099999999984,23084.807
18695.55,-16.5,23230.205
18695.56,-16.489999999997963,23230.205
18695.57,-16.479999999999563,22842.639
18695.58,-16.469999999997526,23084.807
18695.59,-16.459999999999127,23666.84
18695.6,-16.450000000000728,23666.84
18695.61,-16.43999999999869,23569.752
18695.62,-16.43000000000029,23181.73
18695.63,-16.419999999998254,23181.73
18695.64,-16.409999999999854,23133.266
18695.65,-16.399999999997817,23472.699
18695.66,-16.389999999999418,23084.807
18695.67,-16.38000000000102,23278.688
18695.68,-16.36999999999898,23812.531
18695.69,-16.360000000000582,23424.184
18695.7,-16.349999999998545,23036.357
18695.71,-16.340000000000146,23084.807
18695.72,-16.32999999999811,23521.223
18695.73,-16.31999999999971,23618.293
18695.74,-16.30999999999767,23909.699
18695.75,-16.299999999999272,23424.184
18695.76,-16.290000000000873,22987.916
18695.77,-16.279999999998836,23036.357
18695.78,-16.270000000000437,22891.057
18695.79,-16.2599999999984,23133.266
18695.8,-16.25,23230.205
18695.81,-16.239999999997963,22987.916
18695.82,-16.229999999999563,22503.943
18695.83,-16.219999999997526,22939.482
18695.84,-16.209999999999127,22697.436
18695.85,-16.200000000000728,23181.73
18695.86,-16.18999999999869,23278.688
18695.87,-16.18000000000029,23424.184
18695.88,-16.169999999998254,23472.699
18695.89,-16.159999999999854,23472.699
18695.9,-16.149999999997817,23812.531
18695.91,-16.139999999999418,23618.293
18695.92,-16.13000000000102,23424.184
18695.93,-16.11999999999898,23036.357
18695.94,-16.110000000000582,22939.482
18695.95,-16.099999999998545,23084.807
18695.96,-16.090000000000146,23230.205
18695.97,-16.07999999999811,23569.752
18695.98,-16.06999999999971,23666.84
18695.99,-16.05999999999767,23812.531
18696.0,-16.049999999999272,23763.959
18696.01,-16.040000000000873,23181.73
18696.02,-16.029999999998836,23424.184
18696.03,-16.020000000000437,23133.266
18696.04,-16.0099999999984,23084.807
18696.05,-16.0,23424.184
18696.06,-15.989999999997963,23569.752
18696.07,-15.979999999999563,23472.699
18696.08,-15.969999999997526,23521.223
18696.09,-15.959999999999127,23181.73
18696.1,-15.950000000000728,22891.057
18696.11,-15.93999999999869,23084.807
18696.12,-15.930000000000291,23230.205
18696.13,-15.919999999998254,23133.266
18696.14,-15.909999999999854,23084.807
18696.15,-15.899999999997817,23084.807
18696.16,-15.889999999999418,22891.057
18696.17,-15.880000000001019,23036.357
18696.18,-15.869999999998981,23181.73
18696.19,-15.860000000000582,23327.178
18696.2,-15.849999999998545,23036.357
18696.21,-15.840000000000146,22891.057
18696.22,-15.829999999998108,23036.357
18696.23,-15.819999999999709,23084.807
18696.24,-15.809999999997672,23472.699
18696.25,-15.799999999999272,23375.678
18696.26,-15.790000000000873,23084.807
18696.27,-15.779999999998836,23472.699
18696.28,-15.770000000000437,23569.752
18696.29,-15.7599999999984,23327.178
18696.3,-15.75,23181.73
18696.31,-15.739999999997963,23084.807
18696.32,-15.729999999999563,23472.699
18696.33,-15.719999999997526,23618.293
18696.34,-15.709999999999127,23472.699
18696.35,-15.700000000000728,23472.699
18696.36,-15.68999999999869,23521.223
18696.37,-15.680000000000291,23036.357
18696.38,-15.669999999998254,22939.482
18696.39,-15.659999999999854,23472.699
18696.4,-15.649999999997817,23521.223
18696.41,-15.639999999999418,23424.184
18696.42,-15.630000000001019,23521.223
18696.43,-15.619999999998981,23666.84
18696.44,-15.610000000000582,23472.699
18696.45,-15.599999999998545,23084.807
18696.46,-15.590000000000146,23230.205
18696.47,-15.579999999998108,23036.357
18696.48,-15.569999999999709,23036.357
18696.49,-15.559999999997672,23084.807
18696.5,-15.549999999999272,22939.482
18696.51,-15.540000000000873,22552.305
18696.52,-15.529999999998836,23230.205
18696.53,-15.520000000000437,23181.73
18696.54,-15.5099999999984,23181.73
18696.55,-15.5,23375.678
18696.56,-15.489999999997963,23036.357
18696.57,-15.479999999999563,23666.84
18696.58,-15.469999999997526,23327.178
18696.59,-15.459999999999127,23084.807
18696.6,-15.450000000000728,23036.357
18696.61,-15.43999999999869,23327.178
18696.62,-15.430000000000291,23327.178
18696.63,-15.419999999998254,23084.807
18696.64,-15.409999999999854,23278.688
18696.65,-15.399999999997817,23472.699
18696.66,-15.389999999999418,23327.178
18696.67,-15.380000000001019,22939.482
18696.68,-15.369999999998981,22407.248
18696.69,-15.360000000000582,22745.828
18696.7,-15.349999999998545,23278.688
18696.71,-15.340000000000146,23327.178
18696.72,-15.329999999998108,23424.184
18696.73,-15.319999999999709,23084.807
18696.74,-15.309999999997672,23084.807
18696.75,-15.299999999999272,22794.229
18696.76,-15.290000000000873,22745.828
18696.77,-15.279999999998836,23327.178
18696.78,-15.270000000000437,23278.688
18696.79,-15.2599999999984,23278.688
18696.8,-15.25,23375.678
18696.81,-15.239999999997963,23424.184
18696.82,-15.229999999999563,22745.828
18696.83,-15.219999999997526,23133.266
18696.84,-15.209999999999127,23036.357
18696.85,-15.200000000000728,22842.639
18696.86,-15.18999999999869,23036.357
18696.87,-15.180000000000291,23715.395
18696.88,-15.169999999998254,23763.959
18696.89,-15.159999999999854,23521.223
18696.9,-15.149999999997817,22987.916
18696.91,-15.139999999999418,22939.482
18696.92,-15.130000000001019,22794.229
18696.93,-15.119999999998981,23084.807
18696.94,-15.110000000000582,23036.357
18696.95,-15.099999999998545,23424.184
18696.96,-15.090000000000146,22842.639
18696.97,-15.079999999998108,22745.828
18696.98,-15.069999999999709,23133.266
18696.99,-15.059999999997672,23375.678
18697.0,-15.049999999999272,23618.293
18697.01,-15.040000000000873,23036.357
18697.02,-15.029999999998836,23084.807
18697.03,-15.020000000000437,22939.482
18697.04,-15.0099999999984,23327.178
18697.05,-15.0,23327.178
18697.06,-14.989999999997963,23424.184
18697.07,-14.979999999999563,23521.223
18697.08,-14.969999999997526,23278.688
18697.09,-14.959999999999127,23327.178
18697.1,-14.950000000000728,23424.184
18697.11,-14.93999999999869,23327.178
18697.12,-14.930000000000291,23521.223
18697.13,-14.919999999998254,23278.688
18697.14,-14.909999999999854,23375.678
18697.15,-14.899999999997817,23036.357
18697.16,-14.889999999999418,23230.205
18697.17,-14.880000000001019,23230.205
18697.18,-14.869999999998981,23181.73
18697.19,-14.860000000000582,23327.178
18697.2,-14.849999999998545,23472.699
18697.21,-14.840000000000146,23424.184
18697.22,-14.829999999998108,23424.184
18697.23,-14.819999999999709,23424.184
18697.24,-14.809999999997672,23327.178
18697.25,-14.799999999999272,23181.73
18697.26,-14.790000000000873,22842.639
18697.27,-14.779999999998836,23084.807
18697.28,-14.770000000000437,23424.184
18697.29,-14.7599999999984,23375.678
18697.3,-14.75,23327.178
18697.31,-14.739999999997963,23327.178
18697.32,-14.729999999999563,22987.916
18697.33,-14.719999999997526,22891.057
18697.34,-14.709999999999127,23569.752
18697.35,-14.700000000000728,23375.678
18697.36,-14.68999999999869,23375.678
18697.37,-14.680000000000291,23375.678
18697.38,-14.669999999998254,22939.482
18697.39,-14.659999999999854,23230.205
18697.4,-14.649999999997817,23521.223
18697.41,-14.639999999999418,23084.807
18697.42,-14.630000000001019,23084.807
18697.43,-14.619999999998981,23133.266
18697.44,-14.610000000000582,23278.688
18697.45,-14.599999999998545,23424.184
18697.46,-14.590000000000146,23472.699
18697.47,-14.579999999998108,23666.84
18697.48,-14.569999999999709,23230.205
18697.49,-14.559999999997672,23036.357
18697.5,-14.549999999999272,22939.482
18697.51,-14.540000000000873,23084.807
18697.52,-14.529999999998836,23666.84
18697.53,-14.520000000000437,23424.184
18697.54,-14.5099999999984,23424.184
18697.55,-14.5,23763.959
18697.56,-14.489999999997963,23569.752
18697.57,-14.479999999999563,23424.184
18697.58,-14.469999999997526,23133.266
18697.59,-14.459999999999127,22987.916
18697.6,-14.450000000000728,22794.229
18697.61,-14.43999999999869,22842.639
18697.62,-14.430000000000291,23278.688
18697.63,-14.419999999998254,23084.807
18697.64,-14.409999999999854,23424.184
18697.65,-14.399999999997817,23230.205
18697.66,-14.389999999999418,23036.357
18697.67,-14.380000000001019,23327.178
18697.68,-14.369999999998981,23763.959
18697.69,-14.360000000000582,23715.395
18697.7,-14.349999999998545,23569.752
18697.71,-14.340000000000146,23521.223
18697.72,-14.329999999998108,23278.688
18697.73,-14.319999999999709,22939.482
18697.74,-14.309999999997672,22745.828
18697.75,-14.299999999999272,23472.699
18697.76,-14.290000000000873,23084.807
18697.77,-14.279999999998836,23230.205
18697.78,-14.270000000000437,23375.678
18697.79,-14.2599999999984,23327.178
18697.8,-14.25,23084.807
18697.81,-14.239999999997963,23278.688
18697.82,-14.229999999999563,23375.678
18697.83,-14.219999999997526,23715.395
18697.84,-14.209999999999127,23472.699
18697.85,-14.200000000000728,23424.184
18697.86,-14.18999999999869,23084.807
18697.87,-14.180000000000291,22697.436
18697.88,-14.169999999998254,23230.205
18697.89,-14.159999999999854,23618.293
18697.9,-14.149999999997817,23666.84
18697.91,-14.139999999999418,23230.205
18697.92,-14.130000000001019,22891.057
18697.93,-14.119999999998981,22794.229
18697.94,-14.110000000000582,23278.688
18697.95,-14.099999999998545,23327.178
18697.96,-14.090000000000146,23036.357
18697.97,-14.079999999998108,23133.266
18697.98,-14.069999999999709,23084.807
18697.99,-14.059999999997672,23375.678
18698.0,-14.049999999999272,23327.178
18698.01,-14.040000000000873,22939.482
18698.02,-14.029999999998836,22842.639
18698.03,-14.020000000000437,22987.916
18698.04,-14.0099999999984,22697.436
18698.05,-14.0,22987.916
18698.06,-13.989999999997963,22891.057
18698.07,-13.979999999999563,23084.807
18698.08,-13.969999999997526,23521.223
18698.09,-13.959999999999127,23715.395
18698.1,-13.950000000000728,23715.395
18698.11,-13.93999999999869,23666.84
18698.12,-13.930000000000291,23472.699
18698.13,-13.919999999998254,23133.266
18698.14,-13.909999999999854,22939.482
18698.15,-13.899999999997817,23327.178
18698.16,-13.889999999999418,23472.699
18698.17,-13.880000000001019,23424.184
18698.18,-13.869999999998981,23715.395
18698.19,-13.860000000000582,23618.293
18698.2,-13.849999999998545,23715.395
18698.21,-13.840000000000146,23375.678
18698.22,-13.829999999998108,23375.678
18698.23,-13.819999999999709,23472.699
18698.24,-13.809999999997672,23569.752
18698.25,-13.799999999999272,23569.752
18698.26,-13.790000000000873,23084.807
18698.27,-13.779999999998836,23278.688
18698.28,-13.770000000000437,23715.395
18698.29,-13.7599999999984,23424.184
18698.3,-13.75,23036.357
18698.31,-13.739999999997963,23084.807
18698.32,-13.729999999999563,23278.688
18698.33,-13.719999999997526,22891.057
18698.34,-13.709999999999127,22891.057
18698.35,-13.700000000000728,23133.266
18698.36,-13.68999999999869,23375.678
18698.37,-13.680000000000291,23424.184
18698.38,-13.669999999998254,23181.73
18698.39,-13.659999999999854,23181.73
18698.4,-13.649999999997817,22745.828
18698.41,-13.639999999999418,23084.807
18698.42,-13.630000000001019,23036.357
18698.43,-13.619999999998981,23036.357
18698.44,-13.610000000000582,23278.688
18698.45,-13.599999999998545,23327.178
18698.46,-13.590000000000146,23472.699
18698.47,-13.579999999998108,23084.807
18698.48,-13.569999999999709,23230.205
18698.49,-13.559999999997672,23521.223
18698.5,-13.549999999999272,23521.223
18698.51,-13.540000000000873,22939.482
18698.52,-13.529999999998836,23327.178
18698.53,-13.520000000000437,23084.807
18698.54,-13.5099999999984,22794.229
18698.55,-13.5,22891.057
18698.56,-13.489999999997963,23230.205
18698.57,-13.479999999999563,23278.688
18698.58,-13.469999999997526,23084.807
18698.59,-13.459999999999127,23230.205
18698.6,-13.450000000000728,23084.807
18698.61,-13.43999999999869,23084.807
18698.62,-13.430000000000291,23375.678
18698.63,-13.419999999998254,23133.266
18698.64,-13.409999999999854,23181.73
18698.65,-13.399999999997817,23569.752
18698.66,-13.389999999999418,23424.184
18698.67,-13.380000000001019,23036.357
18698.68,-13.369999999998981,23036.357
18698.69,-13.360000000000582,22745.828
18698.7,-13.349999999998545,22842.639
18698.71,-13.340000000000146,23181.73
18698.72,-13.329999999998108,23133.266
18698.73,-13.319999999999709,23375.678
18698.74,-13.309999999997672,22891.057
18698.75,-13.299999999999272,23278.688
18698.76,-13.290000000000873,22697.436
18698.77,-13.279999999998836,23278.688
18698.78,-13.270000000000437,23327.178
18698.79,-13.2599999999984,23084.807
18698.8,-13.25,23375.678
18698.81,-13.239999999997963,23424.184
18698.82,-13.229999999999563,23278.688
18698.83,-13.219999999997526,23181.73
18698.84,-13.209999999999127,23521.223
18698.85,-13.200000000000728,23569.752
18698.86,-13.18999999999869,23424.184
18698.87,-13.180000000000291,23133.266
18698.88,-13.169999999998254,23230.205
18698.89,-13.159999999999854,23230.205
18698.9,-13.149999999997817,23327.178
18698.91,-13.139999999999418,23424.184
18698.92,-13.130000000001019,23375.678
18698.93,-13.119999999998981,23230.205
18698.94,-13.110000000000582,23472.699
18698.95,-13.099999999998545,23569.752
18698.96,-13.090000000000146,23521.223
18698.97,-13.079999999998108,23424.184
18698.98,-13.069999999999709,23278.688
18698.99,-13.059999999997672,23715.395
18699.0,-13.049999999999272,23521.223
18699.01,-13.040000000000873,23084.807
18699.02,-13.029999999998836,23181.73
18699.03,-13.020000000000437,23375.678
18699.04,-13.0099999999984,23375.678
18699.05,-13.0,23375.678
18699.06,-12.989999999997963,23278.688
18699.07,-12.979999999999563,23327.178
18699.08,-12.969999999997526,22987.916
18699.09,-12.959999999999127,23133.266
18699.1,-12.950000000000728,23327.178
18699.11,-12.93999999999869,23521.223
18699.12,-12.930000000000291,23278.688
18699.13,-12.919999999998254,23084.807
18699.14,-12.909999999999854,23424.184
18699.15,-12.899999999997817,23618.293
18699.16,-12.889999999999418,23569.752
18699.17,-12.880000000001019,23569.752
18699.18,-12.869999999998981,23763.959
18699.19,-12.860000000000582,23909.699
18699.2,-12.849999999998545,23181.73
18699.21,-12.840000000000146,23424.184
18699.22,-12.829999999998108,23084.807
18699.23,-12.819999999999709,23036.357
18699.24,-12.809999999997672,23375.678
18699.25,-12.799999999999272,23230.205
18699.26,-12.790000000000873,22987.916
18699.27,-12.779999999998836,23278.688
18699.28,-12.770000000000437,23375.678
18699.29,-12.7599999999984,23230.205
18699.3,-12.75,23278.688
18699.31,-12.739999999997963,23133.266
18699.32,-12.729999999999563,23618.293
18699.33,-12.719999999997526,23618.293
18699.34,-12.709999999999127,23472.699
18699.35,-12.700000000000728,23861.109
18699.36,-12.68999999999869,23424.184
18699.37,-12.680000000000291,23084.807
18699.38,-12.669999999998254,22697.436
18699.39,-12.659999999999854,23036.357
18699.4,-12.649999999997817,23181.73
18699.41,-12.639999999999418,22842.639
18699.42,-12.630000000001019,22939.482
18699.43,-12.619999999998981,22745.828
18699.44,-12.610000000000582,22939.482
18699.45,-12.599999999998545,23084.807
18699.46,-12.590000000000146,23084.807
18699.47,-12.579999999998108,23133.266
18699.48,-12.569999999999709,22987.916
18699.49,-12.559999999997672,22697.436
18699.5,-12.549999999999272,22987.916
18699.51,-12.540000000000873,22891.057
18699.52,-12.529999999998836,23618.293
18699.53,-12.520000000000437,23472.699
18699.54,-12.5099999999984,23036.357
18699.55,-12.5,23084.807
18699.56,-12.489999999997963,23278.688
18699.57,-12.479999999999563,23715.395
18699.58,-12.469999999997526,23569.752
18699.59,-12.459999999999127,23327.178
18699.6,-12.450000000000728,23084.807
18699.61,-12.43999999999869,23278.688
18699.62,-12.430000000000291,23181.73
18699.63,-12.419999999998254,23521.223
18699.64,-12.409999999999854,23618.293
18699.65,-12.399999999997817,23424.184
18699.66,-12.389999999999418,23133.266
18699.67,-12.380000000001019,23472.699
18699.68,-12.369999999998981,23375.678
18699.69,-12.360000000000582,23084.807
18699.7,-12.349999999998545,23278.688
18699.71,-12.340000000000146,23618.293
18699.72,-12.329999999998108,23084.807
18699.73,-12.319999999999709,21779.512
18699.74,-12.309999999997672,21008.797
18699.75,-12.299999999999272,20480.137
18699.76,-12.290000000000873,19617.176
18699.77,-12.279999999998836,20480.137
18699.78,-12.270000000000437,20816.443
18699.79,-12.2599999999984,20960.695
18699.8,-12.25,20864.52
18699.81,-12.239999999997963,20624.219
18699.82,-12.229999999999563,20192.191
18699.83,-12.219999999997526,20336.127
18699.84,-12.209999999999127,20384.121
18699.85,-12.200000000000728,20576.184
18699.86,-12.18999999999869,20576.184
18699.87,-12.180000000000291,20576.184
18699.88,-12.169999999998254,20432.125
18699.89,-12.159999999999854,20480.137
18699.9,-12.149999999997817,20576.184
18699.91,-12.139999999999418,20576.184
18699.92,-12.130000000001019,20816.443
18699.93,-12.119999999998981,20336.127
18699.94,-12.110000000000582,20144.229
18699.95,-12.099999999998545,20096.273
18699.96,-12.090000000000146,20000.389
18699.97,-12.079999999998108,19856.623
18699.98,-12.069999999999709,20000.389
18699.99,-12.059999999997672,20096.273
18700.0,-12.049999999999272,19856.623
18700.01,-12.040000000000873,19330.107
18700.02,-12.029999999998836,19665.049
18700.03,-12.020000000000437,19952.459
18700.04,-12.0099999999984,20000.389
18700.05,-12.0,20288.141
18700.06,-11.989999999997963,20144.229
18700.07,-11.979999999999563,20048.328
18700.08,-11.969999999997526,19856.623
18700.09,-11.959999999999127,19904.537
18700.1,-11.950000000000728,20000.389
18700.11,-11.93999999999869,19856.623
18700.12,-11.930000000000291,20096.273
18700.13,-11.919999999998254,20528.156
18700.14,-11.909999999999854,21105.021
18700.15,-11.899999999997817,21731.279
18700.16,-11.889999999999418,21779.512
18700.17,-11.880000000001019,21683.059
18700.18,-11.869999999998981,21924.252
18700.19,-11.860000000000582,21827.75
18700.2,-11.849999999998545,21924.252
18700.21,-11.840000000000146,21827.75
18700.22,-11.829999999998108,21779.512
18700.23,-11.819999999999709,21683.059
18700.24,-11.809999999997672,21731.279
18700.25,-11.799999999999272,21875.996
18700.26,-11.790000000000873,21538.439
18700.27,-11.779999999998836,21731.279
18700.28,-11.770000000000437,21972.514
18700.29,-11.7599999999984,21490.25
18700.3,-11.75,21201.279
18700.31,-11.739999999997963,20864.52
18700.32,-11.729999999999563,21345.729
18700.33,-11.719999999997526,21827.75
18700.34,-11.709999999999127,22987.916
18700.35,-11.700000000000728,23084.807
18700.36,-11.68999999999869,22987.916
18700.37,-11.680000000000291,22794.229
18700.38,-11.669999999998254,23036.357
18700.39,-11.659999999999854,22939.482
18700.4,-11.649999999997817,23084.807
18700.41,-11.639999999999418,23375.678
18700.42,-11.630000000001019,23084.807
18700.43,-11.619999999998981,22697.436
18700.44,-11.610000000000582,22842.639
18700.45,-11.599999999998545,22697.436
18700.46,-11.590000000000146,23036.357
18700.47,-11.579999999998108,23521.223
18700.48,-11.569999999999709,23278.688
18700.49,-11.559999999997672,23181.73
18700.5,-11.549999999999272,22939.482
18700.51,-11.540000000000873,21153.146
18700.52,-11.529999999998836,20240.162
18700.53,-11.520000000000437,19569.311
18700.54,-11.5099999999984,19521.455
18700.55,-11.5,19665.049
18700.56,-11.489999999997963,19473.605
18700.57,-11.479999999999563,19330.107
18700.58,-11.469999999997526,19425.766
18700.59,-11.459999999999127,19473.605
18700.6,-11.450000000000728,19617.176
18700.61,-11.43999999999869,19712.932
18700.62,-11.430000000000291,19617.176
18700.63,-11.419999999998254,19282.291
18700.64,-11.409999999999854,19138.891
18700.65,-11.399999999997817,18947.805
18700.66,-11.389999999999418,19138.891
18700.67,-11.380000000001019,19808.719
18700.68,-11.369999999998981,19760.82
18700.69,-11.360000000000582,19425.766
18700.7,-11.349999999998545,19617.176
18700.71,-11.340000000000146,19617.176
18700.72,-11.329999999998108,19234.484
18700.73,-11.319999999999709,19521.455
18700.74,-11.309999999997672,19473.605
18700.75,-11.299999999999272,19473.605
18700.76,-11.290000000000873,18995.564
18700.77,-11.279999999998836,19760.82
18700.78,-11.270000000000437,19569.311
18700.79,-11.2599999999984,19617.176
18700.8,-11.25,19712.932
18700.81,-11.239999999997963,19569.311
18700.82,-11.229999999999563,19808.719
18700.83,-11.219999999997526,19617.176
18700.84,-11.209999999999127,19904.537
18700.85,-11.200000000000728,19617.176
18700.86,-11.18999999999869,19377.932
18700.87,-11.180000000000291,19234.484
18700.88,-11.169999999998254,19282.291
18700.89,-11.159999999999854,19425.766
18700.9,-11.149999999997817,19569.311
18700.91,-11.139999999999418,19712.932
18700.92,-11.130000000001019,19904.537
18700.93,-11.119999999998981,19617.176
18700.94,-11.110000000000582,19473.605
18700.95,-11.099999999998545,19712.932
18700.96,-11.090000000000146,19569.311
18700.97,-11.079999999998108,19665.049
18700.98,-11.069999999999709,19330.107
18700.99,-11.059999999997672,19330.107
18701.0,-11.049999999999272,19617.176
18701.01,-11.040000000000873,19377.932
18701.02,-11.029999999998836,19712.932
18701.03,-11.020000000000437,19521.455
18701.04,-11.0099999999984,19473.605
18701.05,-11.0,19473.605
18701.06,-10.989999999997963,19856.623
18701.07,-10.979999999999563,20240.162
18701.08,-10.969999999997526,20144.229
18701.09,-10.959999999999127,19186.684
18701.1,-10.950000000000728,18947.805
18701.11,-10.93999999999869,19569.311
18701.12,-10.930000000000291,19521.455
18701.13,-10.919999999998254,19473.605
18701.14,-10.909999999999854,19234.484
18701.15,-10.899999999997817,19425.766
18701.16,-10.889999999999418,19330.107
18701.17,-10.880000000001019,19425.766
18701.18,-10.869999999998981,19665.049
18701.19,-10.860000000000582,19282.291
18701.2,-10.849999999998545,19473.605
18701.21,-10.840000000000146,20048.328
18701.22,-10.829999999998108,19952.459
18701.23,-10.819999999999709,19808.719
18701.24,-10.809999999997672,19904.537
18701.25,-10.799999999999272,19760.82
18701.26,-10.790000000000873,19330.107
18701.27,-10.779999999998836,20096.273
18701.28,-10.770000000000437,20096.273
18701.29,-10.7599999999984,20144.229
18701.3,-10.75,20192.191
18701.31,-10.739999999997963,19952.459
18701.32,-10.729999999999563,20000.389
18701.33,-10.719999999997526,19952.459
18701.34,-10.709999999999127,20192.191
18701.35,-10.700000000000728,20336.127
18701.36,-10.68999999999869,20000.389
18701.37,-10.680000000000291,20000.389
18701.38,-10.669999999998254,19856.623
18701.39,-10.659999999999854,20240.162
18701.4,-10.649999999997817,20192.191
18701.41,-10.639999999999418,20288.141
18701.42,-10.630000000001019,20576.184
18701.43,-10.619999999998981,20144.229
18701.44,-10.610000000000582,20048.328
18701.45,-10.599999999998545,20144.229
18701.46,-10.590000000000146,20096.273
18701.47,-10.579999999998108,19617.176
18701.48,-10.569999999999709,19521.455
18701.49,-10.559999999997672,19760.82
18701.5,-10.549999999999272,20288.141
18701.51,-10.540000000000873,20192.191
18701.52,-10.529999999998836,20288.141
18701.53,-10.520000000000437,19808.719
18701.54,-10.5099999999984,20192.191
18701.55,-10.5,20672.262
18701.56,-10.489999999997963,20240.162
18701.57,-10.479999999999563,20048.328
18701.58,-10.469999999997526,19952.459
18701.59,-10.459999999999127,19856.623
18701.6,-10.450000000000728,20384.121
18701.61,-10.43999999999869,20192.191
18701.62,-10.430000000000291,19617.176
18701.63,-10.419999999998254,19904.537
18701.64,-10.409999999999854,20528.156
18701.65,-10.399999999997817,20816.443
18701.66,-10.389999999999418,20672.262
18701.67,-10.380000000001019,20384.121
18701.68,-10.369999999998981,19952.459
18701.69,-10.360000000000582,19617.176
18701.7,-10.349999999998545,19712.932
18701.71,-10.340000000000146,20240.162
18701.72,-10.329999999998108,20432.125
18701.73,-10.319999999999709,19712.932
18701.74,-10.309999999997672,20096.273
18701.75,-10.299999999999272,20480.137
18701.76,-10.290000000000873,19712.932
18701.77,-10.279999999998836,20192.191
18701.78,-10.270000000000437,20336.127
18701.79,-10.2599999999984,20384.121
18701.8,-10.25,20000.389
18701.81,-10.239999999997963,20240.162
18701.82,-10.229999999999563,20192.191
18701.83,-10.219999999997526,20192.191
18701.84,-10.209999999999127,20288.141
18701.85,-10.200000000000728,20912.604
18701.86,-10.18999999999869,20096.273
18701.87,-10.180000000000291,19760.82
18701.88,-10.169999999998254,19760.82
18701.89,-10.159999999999854,19760.82
18701.9,-10.149999999997817,19904.537
18701.91,-10.139999999999418,20336.127
18701.92,-10.130000000001019,20048.328
18701.93,-10.119999999998981,20336.127
18701.94,-10.110000000000582,19808.719
18701.95,-10.099999999998545,20432.125
18701.96,-10.090000000000146,20240.162
18701.97,-10.079999999998108,20048.328
18701.98,-10.069999999999709,19808.719
18701.99,-10.059999999997672,20192.191
18702.0,-10.049999999999272,20048.328
18702.01,-10.040000000000873,19665.049
18702.02,-10.029999999998836,19760.82
18702.03,-10.020000000000437,19856.623
18702.04,-10.0099999999984,19617.176
18702.05,-10.0,19808.719
18702.06,-9.989999999997963,20240.162
18702.07,-9.979999999999563,20192.191
18702.08,-9.969999999997526,20000.389
18702.09,-9.959999999999127,20096.273
18702.1,-9.950000000000728,20000.389
18702.11,-9.93999999999869,19808.719
18702.12,-9.930000000000291,19712.932
18702.13,-9.919999999998254,19760.82
18702.14,-9.909999999999854,19904.537
18702.15,-9.899999999997817,20288.141
18702.16,-9.889999999999418,20144.229
18702.17,-9.880000000001019,20096.273
18702.18,-9.869999999998981,20000.389
18702.19,-9.860000000000582,19856.623
18702.2,-9.849999999998545,19904.537
18702.21,-9.840000000000146,20192.191
18702.22,-9.829999999998108,19856.623
18702.23,-9.819999999999709,19569.311
18702.24,-9.809999999997672,19712.932
18702.25,-9.799999999999272,19856.623
18702.26,-9.790000000000873,19665.049
18702.27,-9.779999999998836,19904.537
18702.28,-9.770000000000437,20048.328
18702.29,-9.7599999999984,20240.162
18702.3,-9.75,20144.229
18702.31,-9.739999999997963,20000.389
18702.32,-9.729999999999563,20048.328
18702.33,-9.719999999997526,19617.176
18702.34,-9.709999999999127,19808.719
18702.35,-9.700000000000728,19904.537
18702.36,-9.68999999999869,20048.328
18702.37,-9.680000000000291,19904.537
18702.38,-9.669999999998254,19808.719
18702.39,-9.659999999999854,19904.537
18702.4,-9.649999999997817,20240.162
18702.41,-9.639999999999418,20000.389
18702.42,-9.630000000001019,20144.229
18702.43,-9.619999999998981,20240.162
18702.44,-9.610000000000582,20000.389
18702.45,-9.599999999998545,20096.273
18702.46,-9.590000000000146,20624.219
18702.47,-9.579999999998108,20384.121
18702.48,-9.569999999999709,20192.191
18702.49,-9.559999999997672,20240.162
18702.5,-9.549999999999272,19856.623
18702.51,-9.540000000000873,19617.176
18702.52,-9.529999999998836,20432.125
18702.53,-9.520000000000437,20768.375
18702.54,-9.5099999999984,21442.066
18702.55,-9.5,21634.844
18702.56,-9.489999999997963,21634.844
18702.57,-9.479999999999563,21875.996
18702.58,-9.469999999997526,21875.996
18702.59,-9.459999999999127,22213.951
18702.6,-9.450000000000728,22407.248
18702.61,-9.43999999999869,21779.512
18702.62,-9.430000000000291,21924.252
18702.63,-9.419999999998254,22649.051
18702.64,-9.409999999999854,23327.178
18702.65,-9.399999999997817,23278.688
18702.66,-9.389999999999418,22987.916
18702.67,-9.380000000001019,23569.752
18702.68,-9.369999999998981,23812.531
18702.69,-9.360000000000582,23715.395
18702.7,-9.349999999998545,23666.84
18702.71,-9.340000000000146,23133.266
18702.72,-9.329999999998108,21875.996
18702.73,-9.319999999999709,20528.156
18702.74,-9.309999999997672,19617.176
18702.75,-9.299999999999272,19473.605
18702.76,-9.290000000000873,19043.332
18702.77,-9.279999999998836,19521.455
18702.78,-9.270000000000437,19665.049
18702.79,-9.2599999999984,20000.389
18702.8,-9.25,19808.719
18702.81,-9.239999999997963,19425.766
18702.82,-9.229999999999563,19712.932
18702.83,-9.219999999997526,19377.932
18702.84,-9.209999999999127,19569.311
18702.85,-9.200000000000728,19856.623
18702.86,-9.18999999999869,19856.623
18702.87,-9.180000000000291,19617.176
18702.88,-9.169999999998254,19330.107
18702.89,-9.159999999999854,19760.82
18702.9,-9.149999999997817,19617.176
18702.91,-9.139999999999418,19856.623
18702.92,-9.130000000001019,19904.537
18702.93,-9.119999999998981,19856.623
18702.94,-9.110000000000582,19617.176
18702.95,-9.099999999998545,19377.932
18702.96,-9.090000000000146,19425.766
18702.97,-9.079999999998108,19856.623
18702.98,-9.069999999999709,19665.049
18702.99,-9.059999999997672,19617.176
18703.0,-9.049999999999272,19617.176
18703.01,-9.040000000000873,19234.484
18703.02,-9.029999999998836,19425.766
18703.03,-9.020000000000437,19617.176
18703.04,-9.0099999999984,20096.273
18703.05,-9.0,19952.459
18703.06,-8.989999999997963,19856.623
18703.07,-8.979999999999563,20192.191
18703.08,-8.969999999997526,19856.623
18703.09,-8.959999999999127,20096.273
18703.1,-8.950000000000728,20048.328
18703.11,-8.93999999999869,20240.162
18703.12,-8.930000000000291,20000.389
18703.13,-8.919999999998254,20096.273
18703.14,-8.909999999999854,20240.162
18703.15,-8.899999999997817,20528.156
18703.16,-8.889999999999418,20384.121
18703.17,-8.880000000001019,19952.459
18703.18,-8.869999999998981,19856.623
18703.19,-8.860000000000582,20192.191
18703.2,-8.849999999998545,20192.191
18703.21,-8.840000000000146,20048.328
18703.22,-8.829999999998108,20480.137
18703.23,-8.819999999999709,20096.273
18703.24,-8.809999999997672,20000.389
18703.25,-8.799999999999272,20048.328
18703.26,-8.790000000000873,20048.328
18703.27,-8.779999999998836,20480.137
18703.28,-8.770000000000437,20384.121
18703.29,-8.7599999999984,20768.375
18703.3,-8.75,20576.184
18703.31,-8.739999999997963,21056.904
18703.32,-8.729999999999563,21345.729
18703.33,-8.719999999997526,22262.264
18703.34,-8.709999999999127,23424.184
18703.35,-8.700000000000728,23763.959
18703.36,-8.68999999999869,23763.959
18703.37,-8.680000000000291,23763.959
18703.38,-8.669999999998254,23472.699
18703.39,-8.659999999999854,23666.84
18703.4,-8.649999999997817,23763.959
18703.41,-8.639999999999418,23424.184
18703.42,-8.630000000001019,23424.184
18703.43,-8.619999999998981,23278.688
18703.44,-8.610000000000582,23521.223
18703.45,-8.599999999998545,23763.959
18703.46,-8.590000000000146,23958.295
18703.47,-8.579999999998108,23958.295
18703.48,-8.569999999999709,23909.699
18703.49,-8.559999999997672,23763.959
18703.5,-8.549999999999272,23763.959
18703.51,-8.540000000000873,23472.699
18703.52,-8.529999999998836,23521.223
18703.53,-8.520000000000437,23569.752
18703.54,-8.5099999999984,23424.184
18703.55,-8.5,23861.109
18703.56,-8.489999999997963,23909.699
18703.57,-8.479999999999563,23715.395
18703.58,-8.469999999997526,23812.531
18703.59,-8.459999999999127,23521.223
18703.6,-8.450000000000728,23424.184
18703.61,-8.43999999999869,23909.699
18703.62,-8.430000000000291,23909.699
18703.63,-8.419999999998254,23666.84
18703.64,-8.409999999999854,23521.223
18703.65,-8.399999999997817,23133.266
18703.66,-8.389999999999418,23181.73
18703.67,-8.380000000001019,23278.688
18703.68,-8.369999999998981,23375.678
18703.69,-8.360000000000582,23424.184
18703.7,-8.349999999998545,23278.688
18703.71,-8.340000000000146,23230.205
18703.72,-8.329999999998108,23133.266
18703.73,-8.319999999999709,22939.482
18703.74,-8.309999999997672,23521.223
18703.75,-8.299999999999272,23618.293
18703.76,-8.290000000000873,23521.223
18703.77,-8.279999999998836,23618.293
18703.78,-8.270000000000437,23569.752
18703.79,-8.2599999999984,23618.293
18703.8,-8.25,24055.512
18703.81,-8.239999999997963,23812.531
18703.82,-8.229999999999563,23278.688
18703.83,-8.219999999997526,23958.295
18703.84,-8.209999999999127,24104.131
18703.85,-8.200000000000728,23715.395
18703.86,-8.18999999999869,23375.678
18703.87,-8.180000000000291,23666.84
18703.88,-8.169999999998254,23618.293
18703.89,-8.159999999999854,23327.178
18703.9,-8.149999999997817,23278.688
18703.91,-8.139999999999418,23472.699
18703.92,-8.130000000001019,23424.184
18703.93,-8.119999999998981,23036.357
18703.94,-8.110000000000582,23084.807
18703.95,-8.099999999998545,23278.688
18703.96,-8.090000000000146,23472.699
18703.97,-8.079999999998108,23327.178
18703.98,-8.069999999999709,23181.73
18703.99,-8.059999999997672,23133.266
18704.0,-8.049999999999272,22697.436
18704.01,-8.040000000000873,22939.482
18704.02,-8.029999999998836,23327.178
18704.03,-8.020000000000437,24055.512
18704.04,-8.0099999999984,24542.082
18704.05,-8.0,24298.695
18704.06,-7.989999999997963,23812.531
18704.07,-7.979999999999563,23569.752
18704.08,-7.969999999997526,23472.699
18704.09,-7.959999999999127,23472.699
18704.1,-7.950000000000728,23327.178
18704.11,-7.93999999999869,23618.293
18704.12,-7.930000000000291,23036.357
18704.13,-7.919999999998254,23036.357
18704.14,-7.9099999999998545,23133.266
18704.15,-7.899999999997817,23521.223
18704.16,-7.889999999999418,23812.531
18704.17,-7.880000000001019,23958.295
18704.18,-7.869999999998981,23715.395
18704.19,-7.860000000000582,23715.395
18704.2,-7.849999999998545,23278.688
18704.21,-7.8400000000001455,23181.73
18704.22,-7.829999999998108,23521.223
18704.23,-7.819999999999709,23375.678
18704.24,-7.809999999997672,23084.807
18704.25,-7.799999999999272,23084.807
18704.26,-7.790000000000873,23084.807
18704.27,-7.779999999998836,23472.699
18704.28,-7.770000000000437,23230.205
18704.29,-7.759999999998399,23084.807
18704.3,-7.75,23181.73
18704.31,-7.739999999997963,23909.699
18704.32,-7.729999999999563,23666.84
18704.33,-7.719999999997526,23424.184
18704.34,-7.709999999999127,23812.531
18704.35,-7.700000000000728,23666.84
18704.36,-7.68999999999869,23569.752
18704.37,-7.680000000000291,23424.184
18704.38,-7.669999999998254,22697.436
18704.39,-7.6599999999998545,22987.916
18704.4,-7.649999999997817,23424.184
18704.41,-7.639999999999418,23569.752
18704.42,-7.630000000001019,23327.178
18704.43,-7.619999999998981,23278.688
18704.44,-7.610000000000582,23666.84
18704.45,-7.599999999998545,24055.512
18704.46,-7.5900000000001455,24055.512
18704.47,-7.579999999998108,23472.699
18704.48,-7.569999999999709,22939.482
18704.49,-7.559999999997672,22842.639
18704.5,-7.549999999999272,22939.482
18704.51,-7.540000000000873,22842.639
18704.52,-7.529999999998836,23424.184
18704.53,-7.520000000000437,23084.807
18704.54,-7.509999999998399,22842.639
18704.55,-7.5,23133.266
18704.56,-7.489999999997963,23036.357
18704.57,-7.479999999999563,23036.357
18704.58,-7.469999999997526,23472.699
18704.59,-7.459999999999127,23958.295
18704.6,-7.450000000000728,23861.109
18704.61,-7.43999999999869,23521.223
18704.62,-7.430000000000291,23278.688
18704.63,-7.419999999998254,22697.436
18704.64,-7.4099999999998545,23084.807
18704.65,-7.399999999997817,23472.699
18704.66,-7.389999999999418,23133.266
18704.67,-7.380000000001019,23230.205
18704.68,-7.369999999998981,23036.357
18704.69,-7.360000000000582,23036.357
18704.7,-7.349999999998545,22794.229
18704.71,-7.3400000000001455,23036.357
18704.72,-7.329999999998108,23521.223
18704.73,-7.319999999999709,23569.752
18704.74,-7.309999999997672,23327.178
18704.75,-7.299999999999272,23230.205
18704.76,-7.290000000000873,23036.357
18704.77,-7.279999999998836,23569.752
18704.78,-7.270000000000437,23327.178
18704.79,-7.259999999998399,23278.688
18704.8,-7.25,23278.688
18704.81,-7.239999999997963,23036.357
18704.82,-7.229999999999563,22745.828
18704.83,-7.219999999997526,22939.482
18704.84,-7.209999999999127,23133.266
18704.85,-7.200000000000728,23424.184
18704.86,-7.18999999999869,23909.699
18704.87,-7.180000000000291,23569.752
18704.88,-7.169999999998254,23521.223
18704.89,-7.1599999999998545,23812.531
18704.9,-7.149999999997817,24104.131
18704.91,-7.139999999999418,24006.898
18704.92,-7.130000000001019,23666.84
18704.93,-7.119999999998981,23327.178
18704.94,-7.110000000000582,23278.688
18704.95,-7.099999999998545,23375.678
18704.96,-7.0900000000001455,23036.357
18704.97,-7.079999999998108,23084.807
18704.98,-7.069999999999709,23472.699
18704.99,-7.059999999997672,23763.959
18705.0,-7.049999999999272,24055.512
18705.01,-7.040000000000873,23278.688
18705.02,-7.029999999998836,23084.807
18705.03,-7.020000000000437,23763.959
18705.04,-7.009999999998399,23618.293
18705.05,-7.0,22987.916
18705.06,-6.989999999997963,23084.807
18705.07,-6.979999999999563,23278.688
18705.08,-6.969999999997526,23666.84
18705.09,-6.959999999999127,24055.512
18705.1,-6.950000000000728,23666.84
18705.11,-6.93999999999869,23424.184
18705.12,-6.930000000000291,23666.84
18705.13,-6.919999999998254,23230.205
18705.14,-6.9099999999998545,23375.678
18705.15,-6.899999999997817,23521.223
18705.16,-6.889999999999418,23375.678
18705.17,-6.880000000001019,23424.184
18705.18,-6.869999999998981,23666.84
18705.19,-6.860000000000582,24006.898
18705.2,-6.849999999998545,23472.699
18705.21,-6.8400000000001455,23375.678
18705.22,-6.829999999998108,23181.73
18705.23,-6.819999999999709,23084.807
18705.24,-6.809999999997672,23569.752
18705.25,-6.799999999999272,23812.531
18705.26,-6.790000000000873,23472.699
18705.27,-6.779999999998836,23861.109
18705.28,-6.770000000000437,23812.531
18705.29,-6.759999999998399,23763.959
18705.3,-6.75,23569.752
18705.31,-6.739999999997963,23036.357
18705.32,-6.729999999999563,23181.73
18705.33,-6.719999999997526,23084.807
18705.34,-6.709999999999127,23036.357
18705.35,-6.700000000000728,23327.178
18705.36,-6.68999999999869,23472.699
18705.37,-6.680000000000291,23666.84
18705.38,-6.669999999998254,23375.678
18705.39,-6.6599999999998545,23278.688
18705.4,-6.649999999997817,23230.205
18705.41,-6.639999999999418,23618.293
18705.42,-6.630000000001019,23618.293
18705.43,-6.619999999998981,23666.84
18705.44,-6.610000000000582,23472.699
18705.45,-6.599999999998545,23666.84
18705.46,-6.5900000000001455,23569.752
18705.47,-6.579999999998108,23715.395
18705.48,-6.569999999999709,23084.807
18705.49,-6.559999999997672,23521.223
18705.5,-6.549999999999272,23715.395
18705.51,-6.540000000000873,23424.184
18705.52,-6.529999999998836,23618.293
18705.53,-6.520000000000437,23763.959
18705.54,-6.509999999998399,23763.959
18705.55,-6.5,23715.395
18705.56,-6.489999999997963,23278.688
18705.57,-6.479999999999563,23375.678
18705.58,-6.469999999997526,23327.178
18705.59,-6.459999999999127,23084.807
18705.6,-6.450000000000728,23084.807
18705.61,-6.43999999999869,23036.357
18705.62,-6.430000000000291,22891.057
18705.63,-6.419999999998254,22697.436
18705.64,-6.4099999999998545,22745.828
18705.65,-6.399999999997817,22891.057
18705.66,-6.389999999999418,23327.178
18705.67,-6.380000000001019,23424.184
18705.68,-6.369999999998981,23763.959
18705.69,-6.360000000000582,24201.396
18705.7,-6.349999999998545,24055.512
18705.71,-6.3400000000001455,23521.223
18705.72,-6.329999999998108,23278.688
18705.73,-6.319999999999709,23375.678
18705.74,-6.309999999997672,23715.395
18705.75,-6.299999999999272,23861.109
18705.76,-6.290000000000873,23278.688
18705.77,-6.279999999998836,23666.84
18705.78,-6.270000000000437,23715.395
18705.79,-6.259999999998399,23472.699
18705.8,-6.25,23084.807
18705.81,-6.239999999997963,23278.688
18705.82,-6.229999999999563,23618.293
18705.83,-6.219999999997526,23715.395
18705.84,-6.209999999999127,23424.184
18705.85,-6.200000000000728,23278.688
18705.86,-6.18999999999869,23181.73
18705.87,-6.180000000000291,23133.266
18705.88,-6.169999999998254,23036.357
18705.89,-6.1599999999998545,23084.807
18705.9,-6.149999999997817,22987.916
18705.91,-6.139999999999418,23327.178
18705.92,-6.130000000001019,23472.699
18705.93,-6.119999999998981,23569.752
18705.94,-6.110000000000582,23424.184
18705.95,-6.099999999998545,23278.688
18705.96,-6.0900000000001455,23327.178
18705.97,-6.079999999998108,23569.752
18705.98,-6.069999999999709,23666.84
18705.99,-6.059999999997672,23278.688
18706.0,-6.049999999999272,23618.293
18706.01,-6.040000000000873,22939.482
18706.02,-6.029999999998836,23472.699
18706.03,-6.020000000000437,23618.293
18706.04,-6.009999999998399,23472.699
18706.05,-6.0,23715.395
18706.06,-5.989999999997963,23763.959
18706.07,-5.979999999999563,23909.699
18706.08,-5.969999999997526,23278.688
18706.09,-5.959999999999127,23181.73
18706.1,-5.950000000000728,23715.395
18706.11,-5.93999999999869,23569.752
18706.12,-5.930000000000291,23424.184
18706.13,-5.919999999998254,23327.178
18706.14,-5.9099999999998545,23133.266
18706.15,-5.899999999997817,23133.266
18706.16,-5.889999999999418,22552.305
18706.17,-5.880000000001019,23084.807
18706.18,-5.869999999998981,23569.752
18706.19,-5.860000000000582,23472.699
18706.2,-5.849999999998545,23181.73
18706.21,-5.8400000000001455,23230.205
18706.22,-5.829999999998108,23084.807
18706.23,-5.819999999999709,23084.807
18706.24,-5.809999999997672,23958.295
18706.25,-5.799999999999272,24250.041
18706.26,-5.790000000000873,23715.395
18706.27,-5.779999999998836,23763.959
18706.28,-5.770000000000437,23278.688
18706.29,-5.759999999998399,23278.688
18706.3,-5.75,23327.178
18706.31,-5.739999999997963,23472.699
18706.32,-5.729999999999563,23424.184
18706.33,-5.719999999997526,23666.84
18706.34,-5.709999999999127,23521.223
18706.35,-5.700000000000728,23715.395
18706.36,-5.68999999999869,23472.699
18706.37,-5.680000000000291,23666.84
18706.38,-5.669999999998254,23278.688
18706.39,-5.6599999999998545,23569.752
18706.4,-5.649999999997817,23424.184
18706.41,-5.639999999999418,23133.266
18706.42,-5.630000000001019,23521.223
18706.43,-5.619999999998981,23278.688
18706.44,-5.610000000000582,23278.688
18706.45,-5.599999999998545,23472.699
18706.46,-5.5900000000001455,23230.205
18706.47,-5.579999999998108,23230.205
18706.48,-5.569999999999709,22987.916
18706.49,-5.559999999997672,22794.229
18706.5,-5.549999999999272,23133.266
18706.51,-5.540000000000873,22987.916
18706.52,-5.529999999998836,23763.959
18706.53,-5.520000000000437,23327.178
18706.54,-5.509999999998399,23424.184
18706.55,-5.5,23472.699
18706.56,-5.489999999997963,23084.807
18706.57,-5.479999999999563,23181.73
18706.58,-5.469999999997526,22697.436
18706.59,-5.459999999999127,23084.807
18706.6,-5.450000000000728,23084.807
18706.61,-5.43999999999869,23521.223
18706.62,-5.430000000000291,23472.699
18706.63,-5.419999999998254,23181.73
18706.64,-5.4099999999998545,23666.84
18706.65,-5.399999999997817,23861.109
18706.66,-5.389999999999418,23666.84
18706.67,-5.380000000001019,23472.699
18706.68,-5.369999999998981,23278.688
18706.69,-5.360000000000582,22987.916
18706.7,-5.349999999998545,23230.205
18706.71,-5.3400000000001455,22891.057
18706.72,-5.329999999998108,22891.057
18706.73,-5.319999999999709,22987.916
18706.74,-5.309999999997672,23375.678
18706.75,-5.299999999999272,23278.688
18706.76,-5.290000000000873,22745.828
18706.77,-5.279999999998836,23230.205
18706.78,-5.270000000000437,23666.84
18706.79,-5.259999999998399,23812.531
18706.8,-5.25,23909.699
18706.81,-5.239999999997963,23618.293
18706.82,-5.229999999999563,23715.395
18706.83,-5.219999999997526,23763.959
18706.84,-5.209999999999127,23472.699
18706.85,-5.200000000000728,23230.205
18706.86,-5.18999999999869,23278.688
18706.87,-5.180000000000291,23715.395
18706.88,-5.169999999998254,23618.293
18706.89,-5.1599999999998545,23375.678
18706.9,-5.149999999997817,23230.205
18706.91,-5.139999999999418,23375.678
18706.92,-5.130000000001019,23521.223
18706.93,-5.119999999998981,23909.699
18706.94,-5.110000000000582,23278.688
18706.95,-5.099999999998545,23278.688
18706.96,-5.0900000000001455,23666.84
18706.97,-5.079999999998108,23375.678
18706.98,-5.069999999999709,23472.699
18706.99,-5.059999999997672,23084.807
18707.0,-5.049999999999272,22745.828
18707.01,-5.040000000000873,22697.436
18707.02,-5.029999999998836,23181.73
18707.03,-5.020000000000437,23230.205
18707.04,-5.009999999998399,23084.807
18707.05,-5.0,23375.678
18707.06,-4.989999999997963,23181.73
18707.07,-4.979999999999563,23375.678
18707.08,-4.969999999997526,23861.109
18707.09,-4.959999999999127,23909.699
18707.1,-4.950000000000728,23812.531
18707.11,-4.93999999999869,23861.109
18707.12,-4.930000000000291,23666.84
18707.13,-4.919999999998254,23375.678
18707.14,-4.9099999999998545,23812.531
18707.15,-4.899999999997817,23812.531
18707.16,-4.889999999999418,23521.223
18707.17,-4.880000000001019,23812.531
18707.18,-4.869999999998981,23812.531
18707.19,-4.860000000000582,23763.959
18707.2,-4.849999999998545,23666.84
18707.21,-4.8400000000001455,23715.395
18707.22,-4.829999999998108,23472.699
18707.23,-4.819999999999709,23278.688
18707.24,-4.809999999997672,23278.688
18707.25,-4.799999999999272,23181.73
18707.26,-4.790000000000873,23036.357
18707.27,-4.779999999998836,23424.184
18707.28,-4.770000000000437,23521.223
18707.29,-4.759999999998399,22891.057
18707.3,-4.75,23327.178
18707.31,-4.739999999997963,23424.184
18707.32,-4.729999999999563,23230.205
18707.33,-4.719999999997526,23472.699
18707.34,-4.709999999999127,23861.109
18707.35,-4.700000000000728,23569.752
18707.36,-4.68999999999869,23569.752
18707.37,-4.680000000000291,23763.959
18707.38,-4.669999999998254,23375.678
18707.39,-4.6599999999998545,23763.959
18707.4,-4.649999999997817,23715.395
18707.41,-4.639999999999418,23424.184
18707.42,-4.630000000001019,23424.184
18707.43,-4.619999999998981,23909.699
18707.44,-4.610000000000582,23618.293
18707.45,-4.599999999998545,23812.531
18707.46,-4.5900000000001455,23375.678
18707.47,-4.579999999998108,23278.688
18707.48,-4.569999999999709,23812.531
18707.49,-4.559999999997672,23715.395
18707.5,-4.549999999999272,23424.184
18707.51,-4.540000000000873,22794.229
18707.52,-4.529999999998836,23181.73
18707.53,-4.520000000000437,23424.184
18707.54,-4.509999999998399,23278.688
18707.55,-4.5,23230.205
18707.56,-4.489999999997963,23327.178
18707.57,-4.479999999999563,23521.223
18707.58,-4.469999999997526,23278.688
18707.59,-4.459999999999127,23424.184
18707.6,-4.450000000000728,23618.293
18707.61,-4.43999999999869,23278.688
18707.62,-4.430000000000291,22939.482
18707.63,-4.419999999998254,23278.688
18707.64,-4.4099999999998545,23715.395
18707.65,-4.399999999997817,24104.131
18707.66,-4.389999999999418,24055.512
18707.67,-4.380000000001019,24055.512
18707.68,-4.369999999998981,23472.699
18707.69,-4.360000000000582,23278.688
18707.7,-4.349999999998545,23375.678
18707.71,-4.3400000000001455,23424.184
18707.72,-4.329999999998108,23618.293
18707.73,-4.319999999999709,23278.688
18707.74,-4.309999999997672,23569.752
18707.75,-4.299999999999272,24250.041
18707.76,-4.290000000000873,23715.395
18707.77,-4.279999999998836,23618.293
18707.78,-4.270000000000437,23424.184
18707.79,-4.259999999998399,23569.752
18707.8,-4.25,23666.84
18707.81,-4.239999999997963,23472.699
18707.82,-4.229999999999563,23424.184
18707.83,-4.219999999997526,23424.184
18707.84,-4.209999999999127,23230.205
18707.85,-4.200000000000728,23133.266
18707.86,-4.18999999999869,23472.699
18707.87,-4.180000000000291,23715.395
18707.88,-4.169999999998254,23472.699
18707.89,-4.1599999999998545,23763.959
18707.9,-4.149999999997817,23715.395
18707.91,-4.139999999999418,23715.395
18707.92,-4.130000000001019,23666.84
18707.93,-4.119999999998981,23715.395
18707.94,-4.110000000000582,23812.531
18707.95,-4.099999999998545,23569.752
18707.96,-4.0900000000001455,23763.959
18707.97,-4.079999999998108,23327.178
18707.98,-4.069999999999709,23569.752
18707.99,-4.059999999997672,23278.688
18708.0,-4.049999999999272,23327.178
18708.01,-4.040000000000873,23472.699
18708.02,-4.029999999998836,23861.109
18708.03,-4.020000000000437,23715.395
18708.04,-4.009999999998399,24055.512
18708.05,-4.0,23812.531
18708.06,-3.9899999999979627,23181.73
18708.07,-3.9799999999995634,23472.699
18708.08,-3.969999999997526,23666.84
18708.09,-3.959999999999127,23715.395
18708.1,-3.9500000000007276,23715.395
18708.11,-3.9399999999986903,23812.531
18708.12,-3.930000000000291,23521.223
18708.13,-3.9199999999982538,22745.828
18708.14,-3.9099999999998545,23036.357
18708.15,-3.899999999997817,23763.959
18708.16,-3.889999999999418,24104.131
18708.17,-3.8800000000010186,24201.396
18708.18,-3.8699999999989814,23715.395
18708.19,-3.860000000000582,23569.752
18708.2,-3.849999999998545,23666.84
18708.21,-3.8400000000001455,23861.109
18708.22,-3.8299999999981083,23666.84
18708.23,-3.819999999999709,23375.678
18708.24,-3.8099999999976717,23375.678
18708.25,-3.7999999999992724,23569.752
18708.26,-3.790000000000873,23230.205
18708.27,-3.779999999998836,23861.109
18708.28,-3.7700000000004366,23666.84
18708.29,-3.7599999999983993,24152.76
18708.3,-3.75,24104.131
18708.31,-3.7399999999979627,23618.293
18708.32,-3.7299999999995634,23278.688
18708.33,-3.719999999997526,23278.688
18708.34,-3.709999999999127,23521.223
18708.35,-3.7000000000007276,23763.959
18708.36,-3.6899999999986903,22939.482
18708.37,-3.680000000000291,22552.305
18708.38,-3.6699999999982538,23084.807
18708.39,-3.6599999999998545,23812.531
18708.4,-3.649999999997817,23763.959
18708.41,-3.639999999999418,23812.531
18708.42,-3.6300000000010186,23375.678
18708.43,-3.6199999999989814,23424.184
18708.44,-3.610000000000582,23715.395
18708.45,-3.599999999998545,23618.293
18708.46,-3.5900000000001455,23133.266
18708.47,-3.5799999999981083,23230.205
18708.48,-3.569999999999709,23084.807
18708.49,-3.5599999999976717,23812.531
18708.5,-3.5499999999992724,23472.699
18708.51,-3.540000000000873,23084.807
18708.52,-3.529999999998836,23375.678
18708.53,-3.5200000000004366,23084.807
18708.54,-3.5099999999983993,22891.057
18708.55,-3.5,22939.482
18708.56,-3.4899999999979627,23036.357
18708.57,-3.4799999999995634,23230.205
18708.58,-3.469999999997526,23569.752
18708.59,-3.459999999999127,23715.395
18708.6,-3.4500000000007276,23958.295
18708.61,-3.4399999999986903,24006.898
18708.62,-3.430000000000291,23763.959
18708.63,-3.4199999999982538,23424.184
18708.64,-3.4099999999998545,23133.266
18708.65,-3.399999999997817,23036.357
18708.66,-3.389999999999418,23084.807
18708.67,-3.3800000000010186,23133.266
18708.68,-3.3699999999989814,23375.678
18708.69,-3.360000000000582,23424.184
18708.7,-3.349999999998545,23230.205
18708.71,-3.3400000000001455,23521.223
18708.72,-3.3299999999981083,23812.531
18708.73,-3.319999999999709,23812.531
18708.74,-3.3099999999976717,23521.223
18708.75,-3.2999999999992724,23812.531
18708.76,-3.290000000000873,23715.395
18708.77,-3.279999999998836,23763.959
18708.78,-3.2700000000004366,23715.395
18708.79,-3.2599999999983993,23715.395
18708.8,-3.25,23327.178
18708.81,-3.2399999999979627,23084.807
18708.82,-3.2299999999995634,23133.266
18708.83,-3.219999999997526,23375.678
18708.84,-3.209999999999127,23715.395
18708.85,-3.2000000000007276,23715.395
18708.86,-3.1899999999986903,23569.752
18708.87,-3.180000000000291,23327.178
18708.88,-3.1699999999982538,23521.223
18708.89,-3.1599999999998545,23424.184
18708.9,-3.149999999997817,23424.184
18708.91,-3.139999999999418,23424.184
18708.92,-3.1300000000010186,23278.688
18708.93,-3.1199999999989814,23084.807
18708.94,-3.110000000000582,22987.916
18708.95,-3.099999999998545,23133.266
18708.96,-3.0900000000001455,23181.73
18708.97,-3.0799999999981083,23521.223
18708.98,-3.069999999999709,23618.293
18708.99,-3.0599999999976717,23133.266
18709.0,-3.0499999999992724,23472.699
18709.01,-3.040000000000873,23521.223
18709.02,-3.029999999998836,23958.295
18709.03,-3.0200000000004366,23763.959
18709.04,-3.0099999999983993,23424.184
18709.05,-3.0,23084.807
18709.06,-2.9899999999979627,23472.699
18709.07,-2.9799999999995634,23472.699
18709.08,-2.969999999997526,23327.178
18709.09,-2.959999999999127,23666.84
18709.1,-2.9500000000007276,23472.699
18709.11,-2.9399999999986903,23375.678
18709.12,-2.930000000000291,23569.752
18709.13,-2.9199999999982538,23521.223
18709.14,-2.9099999999998545,23424.184
18709.15,-2.899999999997817,23230.205
18709.16,-2.889999999999418,23666.84
18709.17,-2.8800000000010186,23618.293
18709.18,-2.8699999999989814,23666.84
18709.19,-2.860000000000582,23472.699
18709.2,-2.849999999998545,23181.73
18709.21,-2.8400000000001455,23375.678
18709.22,-2.8299999999981083,23618.293
18709.23,-2.819999999999709,23375.678
18709.24,-2.8099999999976717,22891.057
18709.25,-2.7999999999992724,23424.184
18709.26,-2.790000000000873,23084.807
18709.27,-2.779999999998836,23763.959
18709.28,-2.7700000000004366,23666.84
18709.29,-2.7599999999983993,23715.395
18709.3,-2.75,23569.752
18709.31,-2.7399999999979627,23812.531
18709.32,-2.7299999999995634,23181.73
18709.33,-2.719999999997526,23763.959
18709.34,-2.709999999999127,23715.395
18709.35,-2.7000000000007276,23521.223
18709.36,-2.6899999999986903,23084.807
18709.37,-2.680000000000291,23036.357
18709.38,-2.6699999999982538,23472.699
18709.39,-2.6599999999998545,23909.699
18709.4,-2.649999999997817,24201.396
18709.41,-2.639999999999418,23958.295
18709.42,-2.6300000000010186,23327.178
18709.43,-2.6199999999989814,23084.807
18709.44,-2.610000000000582,23618.293
18709.45,-2.599999999998545,23278.688
18709.46,-2.5900000000001455,23036.357
18709.47,-2.5799999999981083,23084.807
18709.48,-2.569999999999709,23618.293
18709.49,-2.5599999999976717,23133.266
18709.5,-2.5499999999992724,23084.807
18709.51,-2.540000000000873,22697.436
18709.52,-2.529999999998836,23327.178
18709.53,-2.5200000000004366,23424.184
18709.54,-2.5099999999983993,23909.699
18709.55,-2.5,23909.699
18709.56,-2.4899999999979627,23521.223
18709.57,-2.4799999999995634,23715.395
18709.58,-2.469999999997526,23812.531
18709.59,-2.459999999999127,23861.109
18709.6,-2.4500000000007276,23715.395
18709.61,-2.4399999999986903,23909.699
18709.62,-2.430000000000291,23521.223
18709.63,-2.4199999999982538,23230.205
18709.64,-2.4099999999998545,23861.109
18709.65,-2.399999999997817,23666.84
18709.66,-2.389999999999418,23521.223
18709.67,-2.3800000000010186,23133.266
18709.68,-2.3699999999989814,23472.699
18709.69,-2.360000000000582,23230.205
18709.7,-2.349999999998545,23424.184
18709.71,-2.3400000000001455,23278.688
18709.72,-2.3299999999981083,23472.699
18709.73,-2.319999999999709,23909.699
18709.74,-2.3099999999976717,23861.109
18709.75,-2.2999999999992724,23327.178
18709.76,-2.290000000000873,23036.357
18709.77,-2.279999999998836,23278.688
18709.78,-2.2700000000004366,23472.699
18709.79,-2.2599999999983993,23715.395
18709.8,-2.25,23666.84
18709.81,-2.2399999999979627,23521.223
18709.82,-2.2299999999995634,24055.512
18709.83,-2.219999999997526,23958.295
18709.84,-2.209999999999127,23618.293
18709.85,-2.2000000000007276,23472.699
18709.86,-2.1899999999986903,23812.531
18709.87,-2.180000000000291,23715.395
18709.88,-2.1699999999982538,23327.178
18709.89,-2.1599999999998545,23278.688
18709.9,-2.149999999997817,23521.223
18709.91,-2.139999999999418,23763.959
18709.92,-2.1300000000010186,23327.178
18709.93,-2.1199999999989814,23569.752
18709.94,-2.110000000000582,23424.184
18709.95,-2.099999999998545,23230.205
18709.96,-2.0900000000001455,23472.699
18709.97,-2.0799999999981083,23472.699
18709.98,-2.069999999999709,23666.84
18709.99,-2.0599999999976717,23618.293
18710.0,-2.0499999999992724,23278.688
18710.01,-2.040000000000873,22939.482
18710.02,-2.029999999998836,23133.266
18710.03,-2.0200000000004366,23327.178
18710.04,-2.0099999999983993,23958.295
18710.05,-2.0,23715.395
18710.06,-1.9899999999979627,23472.699
18710.07,-1.9799999999995634,23521.223
18710.08,-1.9699999999975262,23521.223
18710.09,-1.9599999999991269,24152.76
18710.1,-1.9500000000007276,23666.84
18710.11,-1.9399999999986903,23569.752
18710.12,-1.930000000000291,23666.84
18710.13,-1.9199999999982538,23666.84
18710.14,-1.9099999999998545,23812.531
18710.15,-1.8999999999978172,23909.699
18710.16,-1.889999999999418,23666.84
18710.17,-1.8800000000010186,23472.699
18710.18,-1.8699999999989814,23278.688
18710.19,-1.860000000000582,23278.688
18710.2,-1.8499999999985448,23521.223
18710.21,-1.8400000000001455,23861.109
18710.22,-1.8299999999981083,23958.295
18710.23,-1.819999999999709,22794.229
18710.24,-1.8099999999976717,21586.637
18710.25,-1.7999999999992724,21153.146
18710.26,-1.7900000000008731,20288.141
18710.27,-1.7799999999988358,20816.443
18710.28,-1.7700000000004366,20384.121
18710.29,-1.7599999999983993,20288.141
18710.3,-1.75,20768.375
18710.31,-1.7399999999979627,21201.279
18710.32,-1.7299999999995634,21056.904
18710.33,-1.7199999999975262,21008.797
18710.34,-1.7099999999991269,20144.229
18710.35,-1.7000000000007276,19760.82
18710.36,-1.6899999999986903,19952.459
18710.37,-1.680000000000291,19569.311
18710.38,-1.6699999999982538,19330.107
18710.39,-1.6599999999998545,20048.328
18710.4,-1.6499999999978172,20432.125
18710.41,-1.639999999999418,20144.229
18710.42,-1.6300000000010186,20336.127
18710.43,-1.6199999999989814,20144.229
18710.44,-1.610000000000582,19952.459
18710.45,-1.5999999999985448,20624.219
18710.46,-1.5900000000001455,20960.695
18710.47,-1.5799999999981083,21345.729
18710.48,-1.569999999999709,21586.637
18710.49,-1.5599999999976717,21731.279
18710.5,-1.5499999999992724,21538.439
18710.51,-1.5400000000008731,21490.25
18710.52,-1.5299999999988358,21731.279
18710.53,-1.5200000000004366,21538.439
18710.54,-1.5099999999983993,21249.422
18710.55,-1.5,22600.674
18710.56,-1.4899999999979627,22891.057
18710.57,-1.4799999999995634,23181.73
18710.58,-1.4699999999975262,23327.178
18710.59,-1.4599999999991269,23715.395
18710.6,-1.4500000000007276,23472.699
18710.61,-1.4399999999986903,23278.688
18710.62,-1.430000000000291,23375.678
18710.63,-1.4199999999982538,23424.184
18710.64,-1.4099999999998545,22503.943
18710.65,-1.3999999999978172,21393.895
18710.66,-1.389999999999418,20384.121
18710.67,-1.3800000000010186,19712.932
18710.68,-1.3699999999989814,19569.311
18710.69,-1.360000000000582,19138.891
18710.7,-1.3499999999985448,19330.107
18710.71,-1.3400000000001455,19569.311
18710.72,-1.3299999999981083,19617.176
18710.73,-1.319999999999709,19425.766
18710.74,-1.3099999999976717,19569.311
18710.75,-1.2999999999992724,20048.328
18710.76,-1.2900000000008731,19808.719
18710.77,-1.2799999999988358,20096.273
18710.78,-1.2700000000004366,19904.537
18710.79,-1.2599999999983993,19521.455
18710.8,-1.25,19138.891
18710.81,-1.2399999999979627,19330.107
18710.82,-1.2299999999995634,19665.049
18710.83,-1.2199999999975262,19808.719
18710.84,-1.2099999999991269,19712.932
18710.85,-1.2000000000007276,20048.328
18710.86,-1.1899999999986903,20048.328
18710.87,-1.180000000000291,19952.459
18710.88,-1.1699999999982538,19569.311
18710.89,-1.1599999999998545,19760.82
18710.9,-1.1499999999978172,19330.107
18710.91,-1.139999999999418,19282.291
18710.92,-1.1300000000010186,19330.107
18710.93,-1.1199999999989814,19760.82
18710.94,-1.110000000000582,19808.719
18710.95,-1.0999999999985448,19952.459
18710.96,-1.0900000000001455,20240.162
18710.97,-1.0799999999981083,20144.229
18710.98,-1.069999999999709,19569.311
18710.99,-1.0599999999976717,19617.176
18711.0,-1.0499999999992724,19091.107
18711.01,-1.0400000000008731,18852.311
18711.02,-1.0299999999988358,19473.605
18711.03,-1.0200000000004366,20336.127
18711.04,-1.0099999999983993,20336.127
18711.05,-1.0,20192.191
18711.06,-0.9899999999979627,20096.273
18711.07,-0.9799999999995634,20096.273
18711.08,-0.9699999999975262,20144.229
18711.09,-0.9599999999991269,20048.328
18711.1,-0.9500000000007276,19952.459
18711.11,-0.9399999999986903,20144.229
18711.12,-0.930000000000291,20528.156
18711.13,-0.9199999999982538,20144.229
18711.14,-0.9099999999998545,20096.273
18711.15,-0.8999999999978172,20096.273
18711.16,-0.8899999999994179,20192.191
18711.17,-0.8800000000010186,20384.121
18711.18,-0.8699999999989814,20480.137
18711.19,-0.8600000000005821,20576.184
18711.2,-0.8499999999985448,20000.389
18711.21,-0.8400000000001455,19856.623
18711.22,-0.8299999999981083,19712.932
18711.23,-0.819999999999709,20144.229
18711.24,-0.8099999999976717,20288.141
18711.25,-0.7999999999992724,20528.156
18711.26,-0.7900000000008731,20048.328
18711.27,-0.7799999999988358,20096.273
18711.28,-0.7700000000004366,20336.127
18711.29,-0.7599999999983993,20240.162
18711.3,-0.75,19808.719
18711.31,-0.7399999999979627,19952.459
18711.32,-0.7299999999995634,19856.623
18711.33,-0.7199999999975262,19952.459
18711.34,-0.7099999999991269,20576.184
18711.35,-0.7000000000007276,21345.729
18711.36,-0.6899999999986903,21153.146
18711.37,-0.680000000000291,20768.375
18711.38,-0.6699999999982538,20192.191
18711.39,-0.6599999999998545,20192.191
18711.4,-0.6499999999978172,20000.389
18711.41,-0.6399999999994179,20384.121
18711.42,-0.6300000000010186,20288.141
18711.43,-0.6199999999989814,20336.127
18711.44,-0.6100000000005821,20384.121
18711.45,-0.5999999999985448,20384.121
18711.46,-0.5900000000001455,20432.125
18711.47,-0.5799999999981083,20192.191
18711.48,-0.569999999999709,20240.162
18711.49,-0.5599999999976717,20144.229
18711.5,-0.5499999999992724,20528.156
18711.51,-0.5400000000008731,20432.125
18711.52,-0.5299999999988358,20672.262
18711.53,-0.5200000000004366,20288.141
18711.54,-0.5099999999983993,19808.719
18711.55,-0.5,20288.141
18711.56,-0.48999999999796273,21008.797
18711.57,-0.47999999999956344,21297.57
18711.58,-0.4699999999975262,21105.021
18711.59,-0.4599999999991269,22745.828
18711.6,-0.4500000000007276,23666.84
18711.61,-0.4399999999986903,24444.703
18711.62,-0.43000000000029104,24347.355
18711.63,-0.41999999999825377,23424.184
18711.64,-0.4099999999998545,23133.266
18711.65,-0.3999999999978172,22697.436
18711.66,-0.3899999999994179,23424.184
18711.67,-0.38000000000101863,23618.293
18711.68,-0.36999999999898137,23278.688
18711.69,-0.3600000000005821,23084.807
18711.7,-0.3499999999985448,23812.531
18711.71,-0.3400000000001455,23909.699
18711.72,-0.32999999999810825,23909.699
18711.73,-0.31999999999970896,23812.531
18711.74,-0.3099999999976717,23424.184
18711.75,-0.2999999999992724,23424.184
18711.76,-0.2900000000008731,23230.205
18711.77,-0.27999999999883585,23181.73
18711.78,-0.27000000000043656,23181.73
18711.79,-0.2599999999983993,23375.678
18711.8,-0.25,23327.178
18711.81,-0.23999999999796273,23763.959
18711.82,-0.22999999999956344,24201.396
18711.83,-0.21999999999752617,24152.76
18711.84,-0.20999999999912689,24055.512
18711.85,-0.2000000000007276,23521.223
18711.86,-0.18999999999869033,23424.184
18711.87,-0.18000000000029104,23521.223
18711.88,-0.16999999999825377,23278.688
18711.89,-0.15999999999985448,23375.678
18711.9,-0.1499999999978172,23327.178
18711.91,-0.13999999999941792,23230.205
18711.92,-0.13000000000101863,23278.688
18711.93,-0.11999999999898137,23278.688
18711.94,-0.11000000000058208,23763.959
18711.95,-0.09999999999854481,23958.295
18711.96,-0.09000000000014552,23521.223
18711.97,-0.07999999999810825,23424.184
18711.98,-0.06999999999970896,23666.84
18711.99,-0.059999999997671694,23327.178
18712.0,-0.049999999999272404,23424.184
18712.01,-0.040000000000873115,22891.057
18712.02,-0.029999999998835847,23521.223
18712.03,-0.020000000000436557,24055.512
18712.04,-0.00999999999839929,24493.389
18712.05,0.0,24639.492
18712.06,0.010000000002037268,23763.959
18712.07,0.020000000000436557,23084.807
18712.08,0.030000000002473826,22503.943
18712.09,0.040000000000873115,22891.057
18712.1,0.049999999999272404,23084.807
18712.11,0.06000000000130967,23327.178
18712.12,0.06999999999970896,23181.73
18712.13,0.08000000000174623,23424.184
18712.14,0.09000000000014552,23666.84
18712.15,0.10000000000218279,24104.131
18712.16,0.11000000000058208,23958.295
18712.17,0.11999999999898137,23133.266
18712.18,0.13000000000101863,23569.752
18712.19,0.13999999999941792,23424.184
18712.2,0.1500000000014552,22794.229
18712.21,0.15999999999985448,23181.73
18712.22,0.17000000000189175,23812.531
18712.23,0.18000000000029104,23181.73
18712.24,0.1900000000023283,23521.223
18712.25,0.2000000000007276,24104.131
18712.26,0.20999999999912689,23909.699
18712.27,0.22000000000116415,24250.041
18712.28,0.22999999999956344,24250.041
18712.29,0.2400000000016007,23909.699
18712.3,0.25,22794.229
18712.31,0.26000000000203727,22310.584
18712.32,0.27000000000043656,22794.229
18712.33,0.2800000000024738,22697.436
18712.34,0.2900000000008731,22987.916
18712.35,0.2999999999992724,23084.807
18712.36,0.3100000000013097,23909.699
18712.37,0.31999999999970896,24152.76
18712.38,0.33000000000174623,23812.531
18712.39,0.3400000000001455,23666.84
18712.4,0.3500000000021828,23618.293
18712.41,0.3600000000005821,23424.184
18712.42,0.36999999999898137,22987.916
18712.43,0.38000000000101863,22842.639
18712.44,0.3899999999994179,23084.807
18712.45,0.4000000000014552,23763.959
18712.46,0.4099999999998545,23958.295
18712.47,0.42000000000189175,23909.699
18712.48,0.43000000000029104,23472.699
18712.49,0.4400000000023283,23084.807
18712.5,0.4500000000007276,23424.184
18712.51,0.4599999999991269,23327.178
18712.52,0.47000000000116415,23327.178
18712.53,0.47999999999956344,23084.807
18712.54,0.4900000000016007,22794.229
18712.55,0.5,23472.699
18712.56,0.5100000000020373,23715.395
18712.57,0.5200000000004366,24006.898
18712.58,0.5300000000024738,24104.131
18712.59,0.5400000000008731,23763.959
18712.6,0.5499999999992724,23618.293
18712.61,0.5600000000013097,23327.178
18712.62,0.569999999999709,23521.223
18712.63,0.5800000000017462,23181.73
18712.64,0.5900000000001455,23715.395
18712.65,0.6000000000021828,23715.395
18712.66,0.6100000000005821,23424.184
18712.67,0.6199999999989814,23812.531
18712.68,0.6300000000010186,23909.699
18712.69,0.6399999999994179,23715.395
18712.7,0.6500000000014552,24055.512
18712.71,0.6599999999998545,23618.293
18712.72,0.6700000000018917,23763.959
18712.73,0.680000000000291,23472.699
18712.74,0.6900000000023283,23084.807
18712.75,0.7000000000007276,22939.482
18712.76,0.7099999999991269,23278.688
18712.77,0.7200000000011642,23424.184
18712.78,0.7299999999995634,23666.84
18712.79,0.7400000000016007,23958.295
18712.8,0.75,24055.512
18712.81,0.7600000000020373,24055.512
18712.82,0.7700000000004366,23472.699
18712.83,0.7800000000024738,23230.205
18712.84,0.7900000000008731,23084.807
18712.85,0.7999999999992724,22939.482
18712.86,0.8100000000013097,23036.357
18712.87,0.819999999999709,23084.807
18712.88,0.8300000000017462,23278.688
18712.89,0.8400000000001455,24055.512
18712.9,0.8500000000021828,24298.695
18712.91,0.8600000000005821,23909.699
18712.92,0.8699999999989814,23763.959
18712.93,0.8800000000010186,23521.223
18712.94,0.8899999999994179,23084.807
18712.95,0.9000000000014552,22987.916
18712.96,0.9099999999998545,23230.205
18712.97,0.9200000000018917,23715.395
18712.98,0.930000000000291,23278.688
18712.99,0.9400000000023283,23375.678
18713.0,0.9500000000007276,23909.699
18713.01,0.9599999999991269,23472.699
18713.02,0.9700000000011642,23569.752
18713.03,0.9799999999995634,23569.752
18713.04,0.9900000000016007,23763.959
18713.05,1.0,23763.959
18713.06,1.0100000000020373,23424.184
18713.07,1.0200000000004366,23472.699
18713.08,1.0300000000024738,23569.752
18713.09,1.0400000000008731,23763.959
18713.1,1.0499999999992724,23569.752
18713.11,1.0600000000013097,23909.699
18713.12,1.069999999999709,23812.531
18713.13,1.0800000000017462,23958.295
18713.14,1.0900000000001455,23812.531
18713.15,1.1000000000021828,23909.699
18713.16,1.110000000000582,23230.205
18713.17,1.1199999999989814,23375.678
18713.18,1.1300000000010186,23181.73
18713.19,1.139999999999418,22794.229
18713.2,1.1500000000014552,23181.73
18713.21,1.1599999999998545,23666.84
18713.22,1.1700000000018917,23618.293
18713.23,1.180000000000291,23861.109
18713.24,1.1900000000023283,23861.109
18713.25,1.2000000000007276,23812.531
18713.26,1.2099999999991269,23472.699
18713.27,1.2200000000011642,23618.293
18713.28,1.2299999999995634,23424.184
18713.29,1.2400000000016007,23327.178
18713.3,1.25,23521.223
18713.31,1.2600000000020373,23715.395
18713.32,1.2700000000004366,24055.512
18713.33,1.2800000000024738,24055.512
18713.34,1.2900000000008731,23958.295
18713.35,1.2999999999992724,23715.395
18713.36,1.3100000000013097,23278.688
18713.37,1.319999999999709,23424.184
18713.38,1.3300000000017462,23084.807
18713.39,1.3400000000001455,23278.688
18713.4,1.3500000000021828,23036.357
18713.41,1.360000000000582,23084.807
18713.42,1.3699999999989814,23327.178
18713.43,1.3800000000010186,23424.184
18713.44,1.389999999999418,23812.531
18713.45,1.4000000000014552,23861.109
18713.46,1.4099999999998545,23618.293
18713.47,1.4200000000018917,23666.84
18713.48,1.430000000000291,23618.293
18713.49,1.4400000000023283,23084.807
18713.5,1.4500000000007276,23181.73
18713.51,1.4599999999991269,22503.943
18713.52,1.4700000000011642,22842.639
18713.53,1.4799999999995634,23181.73
18713.54,1.4900000000016007,23861.109
18713.55,1.5,23763.959
18713.56,1.5100000000020373,24006.898
18713.57,1.5200000000004366,23715.395
18713.58,1.5300000000024738,23230.205
18713.59,1.5400000000008731,23327.178
18713.6,1.5499999999992724,23036.357
18713.61,1.5600000000013097,23133.266
18713.62,1.569999999999709,22891.057
18713.63,1.5800000000017462,22842.639
18713.64,1.5900000000001455,23666.84
18713.65,1.6000000000021828,24104.131
18713.66,1.610000000000582,24347.355
18713.67,1.6199999999989814,23909.699
18713.68,1.6300000000010186,23424.184
18713.69,1.639999999999418,23278.688
18713.7,1.6500000000014552,23181.73
18713.71,1.6599999999998545,23084.807
18713.72,1.6700000000018917,23278.688
18713.73,1.680000000000291,23327.178
18713.74,1.6900000000023283,23812.531
18713.75,1.7000000000007276,24201.396
18713.76,1.7099999999991269,23472.699
18713.77,1.7200000000011642,24055.512
18713.78,1.7299999999995634,23812.531
18713.79,1.7400000000016007,23472.699
18713.8,1.75,23278.688
18713.81,1.7600000000020373,23084.807
18713.82,1.7700000000004366,22697.436
18713.83,1.7800000000024738,22939.482
18713.84,1.7900000000008731,23084.807
18713.85,1.7999999999992724,23424.184
18713.86,1.8100000000013097,23861.109
18713.87,1.819999999999709,24152.76
18713.88,1.8300000000017462,23812.531
18713.89,1.8400000000001455,23618.293
18713.9,1.8500000000021828,23812.531
18713.91,1.860000000000582,23666.84
18713.92,1.8699999999989814,23424.184
18713.93,1.8800000000010186,23230.205
18713.94,1.889999999999418,23036.357
18713.95,1.9000000000014552,22891.057
18713.96,1.9099999999998545,23812.531
18713.97,1.9200000000018917,23909.699
18713.98,1.930000000000291,23958.295
18713.99,1.9400000000023283,23958.295
18714.0,1.9500000000007276,23715.395
18714.01,1.9599999999991269,22987.916
18714.02,1.9700000000011642,23472.699
18714.03,1.9799999999995634,23230.205
18714.04,1.9900000000016007,23424.184
18714.05,2.0,23763.959
18714.06,2.0100000000020373,23763.959
18714.07,2.0200000000004366,23909.699
18714.08,2.030000000002474,24006.898
18714.09,2.040000000000873,23861.109
18714.1,2.0499999999992724,23958.295
18714.11,2.0600000000013097,23569.752
18714.12,2.069999999999709,23472.699
18714.13,2.0800000000017462,23521.223
18714.14,2.0900000000001455,23424.184
18714.15,2.100000000002183,23084.807
18714.16,2.110000000000582,23181.73
18714.17,2.1199999999989814,23618.293
18714.18,2.1300000000010186,23666.84
18714.19,2.139999999999418,24104.131
18714.2,2.150000000001455,24152.76
18714.21,2.1599999999998545,24104.131
18714.22,2.1700000000018917,23812.531
18714.23,2.180000000000291,23133.266
18714.24,2.1900000000023283,23036.357
18714.25,2.2000000000007276,23278.688
18714.26,2.209999999999127,23084.807
18714.27,2.220000000001164,23521.223
18714.28,2.2299999999995634,23569.752
18714.29,2.2400000000016007,23472.699
18714.3,2.25,23958.295
18714.31,2.2600000000020373,23861.109
18714.32,2.2700000000004366,23958.295
18714.33,2.280000000002474,23569.752
18714.34,2.290000000000873,23715.395
18714.35,2.2999999999992724,23181.73
18714.36,2.3100000000013097,23375.678
18714.37,2.319999999999709,23521.223
18714.38,2.3300000000017462,23230.205
18714.39,2.3400000000001455,23521.223
18714.4,2.350000000002183,23861.109
18714.41,2.360000000000582,23763.959
18714.42,2.3699999999989814,24152.76
18714.43,2.3800000000010186,23861.109
18714.44,2.389999999999418,22939.482
18714.45,2.400000000001455,22939.482
18714.46,2.4099999999998545,22842.639
18714.47,2.4200000000018917,23036.357
18714.48,2.430000000000291,23424.184
18714.49,2.4400000000023283,22891.057
18714.5,2.4500000000007276,23424.184
18714.51,2.459999999999127,23375.678
18714.52,2.470000000001164,23812.531
18714.53,2.4799999999995634,23861.109
18714.54,2.4900000000016007,23278.688
18714.55,2.5,23133.266
18714.56,2.5100000000020373,22987.916
18714.57,2.5200000000004366,22939.482
18714.58,2.530000000002474,23084.807
18714.59,2.540000000000873,22891.057
18714.6,2.5499999999992724,23327.178
18714.61,2.5600000000013097,23715.395
18714.62,2.569999999999709,23958.295
18714.63,2.5800000000017462,23958.295
18714.64,2.5900000000001455,23472.699
18714.65,2.600000000002183,23472.699
18714.66,2.610000000000582,23569.752
18714.67,2.6199999999989814,24006.898
18714.68,2.6300000000010186,23763.959
18714.69,2.639999999999418,23569.752
18714.7,2.650000000001455,23181.73
18714.71,2.6599999999998545,23375.678
18714.72,2.6700000000018917,23327.178
18714.73,2.680000000000291,23715.395
18714.74,2.6900000000023283,23861.109
18714.75,2.7000000000007276,23715.395
18714.76,2.709999999999127,22987.916
18714.77,2.720000000001164,23666.84
18714.78,2.7299999999995634,23569.752
18714.79,2.7400000000016007,23521.223
18714.8,2.75,23569.752
18714.81,2.7600000000020373,23181.73
18714.82,2.7700000000004366,23278.688
18714.83,2.780000000002474,23666.84
18714.84,2.790000000000873,24152.76
18714.85,2.7999999999992724,24104.131
18714.86,2.8100000000013097,23861.109
18714.87,2.819999999999709,23812.531
18714.88,2.8300000000017462,23181.73
18714.89,2.8400000000001455,23278.688
18714.9,2.850000000002183,22891.057
18714.91,2.860000000000582,23133.266
18714.92,2.8699999999989814,23375.678
18714.93,2.8800000000010186,23763.959
18714.94,2.889999999999418,23909.699
18714.95,2.900000000001455,24201.396
18714.96,2.9099999999998545,24006.898
18714.97,2.9200000000018917,23763.959
18714.98,2.930000000000291,23084.807
18714.99,2.9400000000023283,22891.057
18715.0,2.9500000000007276,22891.057
18715.01,2.959999999999127,22310.584
18715.02,2.970000000001164,22842.639
18715.03,2.9799999999995634,23521.223
18715.04,2.9900000000016007,23084.807
18715.05,3.0,22358.912
18715.06,3.0100000000020373,21393.895
18715.07,3.0200000000004366,20336.127
18715.08,3.030000000002474,20096.273
18715.09,3.040000000000873,20912.604
18715.1,3.0499999999992724,21683.059
18715.11,3.0600000000013097,22407.248
18715.12,3.069999999999709,22794.229
18715.13,3.0800000000017462,21490.25
18715.14,3.0900000000001455,20816.443
18715.15,3.100000000002183,20528.156
18715.16,3.110000000000582,20192.191
18715.17,3.1199999999989814,19712.932
18715.18,3.1300000000010186,19425.766
18715.19,3.139999999999418,19473.605
18715.2,3.150000000001455,19760.82
18715.21,3.1599999999998545,20000.389
18715.22,3.1700000000018917,20192.191
18715.23,3.180000000000291,20048.328
18715.24,3.1900000000023283,20336.127
18715.25,3.2000000000007276,20144.229
18715.26,3.209999999999127,20288.141
18715.27,3.220000000001164,20768.375
18715.28,3.2299999999995634,20816.443
18715.29,3.2400000000016007,21008.797
18715.3,3.25,20816.443
18715.31,3.2600000000020373,20480.137
18715.32,3.2700000000004366,20576.184
18715.33,3.280000000002474,20480.137
18715.34,3.290000000000873,20432.125
18715.35,3.2999999999992724,20672.262
18715.36,3.3100000000013097,21201.279
18715.37,3.319999999999709,20816.443
18715.38,3.3300000000017462,20480.137
18715.39,3.3400000000001455,20480.137
18715.4,3.350000000002183,20576.184
18715.41,3.360000000000582,21249.422
18715.42,3.3699999999989814,21731.279
18715.43,3.3800000000010186,21779.512
18715.44,3.389999999999418,21924.252
18715.45,3.400000000001455,22165.648
18715.46,3.4099999999998545,21538.439
18715.47,3.4200000000018917,21875.996
18715.48,3.430000000000291,21875.996
18715.49,3.4400000000023283,21972.514
18715.5,3.4500000000007276,21827.75
18715.51,3.459999999999127,21731.279
18715.52,3.470000000001164,22020.785
18715.53,3.4799999999995634,22310.584
18715.54,3.4900000000016007,21827.75
18715.55,3.5,21345.729
18715.56,3.5100000000020373,21249.422
18715.57,3.5200000000004366,21249.422
18715.58,3.530000000002474,21393.895
18715.59,3.540000000000873,20240.162
18715.6,3.5499999999992724,18900.055
18715.61,3.5600000000013097,17899.152
18715.62,3.569999999999709,17518.799
18715.63,3.5800000000017462,17518.799
18715.64,3.5900000000001455,17566.314
18715.65,3.600000000002183,17233.875
18715.66,3.610000000000582,17186.416
18715.67,3.6199999999989814,17281.342
18715.68,3.6300000000010186,17708.91
18715.69,3.639999999999418,17423.793
18715.7,3.650000000001455,17518.799
18715.71,3.6599999999998545,17804.016
18715.72,3.6700000000018917,17756.459
18715.73,3.680000000000291,17851.58
18715.74,3.6900000000023283,17613.838
18715.75,3.7000000000007276,17661.371
18715.76,3.709999999999127,19138.891
18715.77,3.720000000001164,20192.191
18715.78,3.7299999999995634,19665.049
18715.79,3.7400000000016007,18756.848
18715.8,3.75,18232.389
18715.81,3.7600000000020373,17661.371
18715.82,3.7700000000004366,17376.301
18715.83,3.780000000002474,17281.342
18715.84,3.790000000000873,17566.314
18715.85,3.7999999999992724,17613.838
18715.86,3.8100000000013097,17613.838
18715.87,3.819999999999709,17661.371
18715.88,3.8300000000017462,17708.91
18715.89,3.8400000000001455,17376.301
18715.9,3.850000000002183,17518.799
18715.91,3.860000000000582,17518.799
18715.92,3.8699999999989814,17566.314
18715.93,3.8800000000010186,17471.291
18715.94,3.889999999999418,17756.459
18715.95,3.900000000001455,17328.816
18715.96,3.9099999999998545,17804.016
18715.97,3.9200000000018917,17851.58
18715.98,3.930000000000291,18041.92
18715.99,3.9400000000023283,17328.816
18716.0,3.9500000000007276,17138.965
18716.01,3.959999999999127,17091.523
18716.02,3.970000000001164,16949.244
18716.03,3.9799999999995634,17566.314
18716.04,3.9900000000016007,17804.016
18716.05,4.0,17566.314
18716.06,4.010000000002037,17661.371
18716.07,4.020000000000437,17471.291
18716.08,4.030000000002474,17233.875
18716.09,4.040000000000873,17138.965
18716.1,4.049999999999272,17946.732
18716.11,4.06000000000131,17708.91
18716.12,4.069999999999709,17899.152
18716.13,4.080000000001746,17423.793
18716.14,4.0900000000001455,17376.301
18716.15,4.100000000002183,17376.301
18716.16,4.110000000000582,17851.58
18716.17,4.119999999998981,17423.793
18716.18,4.130000000001019,17518.799
18716.19,4.139999999999418,17471.291
18716.2,4.150000000001455,17661.371
18716.21,4.1599999999998545,17708.91
18716.22,4.170000000001892,17566.314
18716.23,4.180000000000291,17566.314
18716.24,4.190000000002328,17518.799
18716.25,4.200000000000728,17423.793
18716.26,4.209999999999127,16901.834
18716.27,4.220000000001164,17281.342
18716.28,4.229999999999563,17471.291
18716.29,4.240000000001601,17613.838
18716.3,4.25,17899.152
18716.31,4.260000000002037,17708.91
18716.32,4.270000000000437,17946.732
18716.33,4.280000000002474,17613.838
18716.34,4.290000000000873,17471.291
18716.35,4.299999999999272,17328.816
18716.36,4.31000000000131,17376.301
18716.37,4.319999999999709,17281.342
18716.38,4.330000000001746,17233.875
18716.39,4.3400000000001455,17423.793
18716.4,4.350000000002183,17851.58
18716.41,4.360000000000582,17613.838
18716.42,4.369999999998981,17708.91
18716.43,4.380000000001019,17518.799
18716.44,4.389999999999418,17661.371
18716.45,4.400000000001455,17946.732
18716.46,4.4099999999998545,17851.58
18716.47,4.420000000001892,17471.291
18716.48,4.430000000000291,17281.342
18716.49,4.440000000002328,17376.301
18716.5,4.450000000000728,17566.314
18716.51,4.459999999999127,17518.799
18716.52,4.470000000001164,17518.799
18716.53,4.479999999999563,17233.875
18716.54,4.490000000001601,17566.314
18716.55,4.5,17518.799
18716.56,4.510000000002037,17423.793
18716.57,4.520000000000437,17423.793
18716.58,4.530000000002474,17044.088
18716.59,4.540000000000873,17281.342
18716.6,4.549999999999272,17804.016
18716.61,4.56000000000131,17899.152
18716.62,4.569999999999709,17566.314
18716.63,4.580000000001746,17708.91
18716.64,4.5900000000001455,17471.291
18716.65,4.600000000002183,18089.523
18716.66,4.610000000000582,17851.58
18716.67,4.619999999998981,17518.799
18716.68,4.630000000001019,17661.371
18716.69,4.639999999999418,17328.816
18716.7,4.650000000001455,16759.652
18716.71,4.6599999999998545,17138.965
18716.72,4.670000000001892,17756.459
18716.73,4.680000000000291,18089.523
18716.74,4.690000000002328,17613.838
18716.75,4.700000000000728,17566.314
18716.76,4.709999999999127,17756.459
18716.77,4.720000000001164,17423.793
18716.78,4.729999999999563,17328.816
18716.79,4.740000000001601,18137.137
18716.8,4.75,17566.314
18716.81,4.760000000002037,17423.793
18716.82,4.770000000000437,17186.416
18716.83,4.780000000002474,17328.816
18716.84,4.790000000000873,17138.965
18716.85,4.799999999999272,17518.799
18716.86,4.81000000000131,17328.816
18716.87,4.819999999999709,17518.799
18716.88,4.830000000001746,17518.799
18716.89,4.8400000000001455,17281.342
18716.9,4.850000000002183,17804.016
18716.91,4.860000000000582,17138.965
18716.92,4.869999999998981,17661.371
18716.93,4.880000000001019,17518.799
18716.94,4.889999999999418,17613.838
18716.95,4.900000000001455,17661.371
18716.96,4.9099999999998545,17661.371
18716.97,4.920000000001892,17756.459
18716.98,4.930000000000291,17756.459
18716.99,4.940000000002328,17756.459
18717.0,4.950000000000728,17994.322
18717.01,4.959999999999127,17566.314
18717.02,4.970000000001164,17566.314
18717.03,4.979999999999563,17708.91
18717.04,4.990000000001601,17613.838
18717.05,5.0,16996.662
18717.06,5.010000000002037,17328.816
18717.07,5.020000000000437,16949.244
18717.08,5.030000000002474,17471.291
18717.09,5.040000000000873,17756.459
18717.1,5.049999999999272,17756.459
18717.11,5.06000000000131,17851.58
18717.12,5.069999999999709,17661.371
18717.13,5.080000000001746,17661.371
18717.14,5.0900000000001455,17328.816
18717.15,5.100000000002183,17328.816
18717.16,5.110000000000582,17708.91
18717.17,5.119999999998981,18137.137
18717.18,5.130000000001019,17804.016
18717.19,5.139999999999418,17708.91
18717.2,5.150000000001455,17566.314
18717.21,5.1599999999998545,17376.301
18717.22,5.170000000001892,17661.371
18717.23,5.180000000000291,17661.371
18717.24,5.190000000002328,17518.799
18717.25,5.200000000000728,17708.91
18717.26,5.209999999999127,17471.291
18717.27,5.220000000001164,17376.301
18717.28,5.229999999999563,17661.371
18717.29,5.240000000001601,17328.816
18717.3,5.25,17518.799
18717.31,5.260000000002037,17566.314
18717.32,5.270000000000437,17376.301
18717.33,5.280000000002474,17138.965
18717.34,5.290000000000873,17328.816
18717.35,5.299999999999272,17756.459
18717.36,5.31000000000131,17756.459
18717.37,5.319999999999709,17708.91
18717.38,5.330000000001746,17804.016
18717.39,5.3400000000001455,17518.799
18717.4,5.350000000002183,17138.965
18717.41,5.360000000000582,16854.432
18717.42,5.369999999998981,17661.371
18717.43,5.380000000001019,17804.016
18717.44,5.389999999999418,17566.314
18717.45,5.400000000001455,17756.459
18717.46,5.4099999999998545,17518.799
18717.47,5.420000000001892,17613.838
18717.48,5.430000000000291,17661.371
18717.49,5.440000000002328,17613.838
18717.5,5.450000000000728,17518.799
18717.51,5.459999999999127,17186.416
18717.52,5.470000000001164,16949.244
18717.53,5.479999999999563,17186.416
18717.54,5.490000000001601,17661.371
18717.55,5.5,17804.016
18717.56,5.510000000002037,17518.799
18717.57,5.520000000000437,17613.838
18717.58,5.530000000002474,17613.838
18717.59,5.540000000000873,17566.314
18717.6,5.549999999999272,17708.91
18717.61,5.56000000000131,17851.58
18717.62,5.569999999999709,17661.371
18717.63,5.580000000001746,17328.816
18717.64,5.5900000000001455,17471.291
18717.65,5.600000000002183,17851.58
18717.66,5.610000000000582,16854.432
18717.67,5.619999999998981,17328.816
18717.68,5.630000000001019,17756.459
18717.69,5.639999999999418,17518.799
18717.7,5.650000000001455,17946.732
18717.71,5.6599999999998545,17661.371
18717.72,5.670000000001892,17138.965
18717.73,5.680000000000291,17471.291
18717.74,5.690000000002328,17423.793
18717.75,5.700000000000728,17423.793
18717.76,5.709999999999127,16901.834
18717.77,5.720000000001164,17376.301
18717.78,5.729999999999563,17708.91
18717.79,5.740000000001601,17613.838
18717.8,5.75,17471.291
18717.81,5.760000000002037,17708.91
18717.82,5.770000000000437,17518.799
18717.83,5.780000000002474,17661.371
18717.84,5.790000000000873,17233.875
18717.85,5.799999999999272,17138.965
18717.86,5.81000000000131,17566.314
18717.87,5.819999999999709,17851.58
18717.88,5.830000000001746,17471.291
18717.89,5.8400000000001455,17376.301
18717.9,5.850000000002183,17661.371
18717.91,5.860000000000582,17708.91
18717.92,5.869999999998981,17708.91
18717.93,5.880000000001019,17756.459
18717.94,5.889999999999418,17518.799
18717.95,5.900000000001455,17661.371
18717.96,5.9099999999998545,17613.838
18717.97,5.920000000001892,17613.838
18717.98,5.930000000000291,17756.459
18717.99,5.940000000002328,17471.291
18718.0,5.950000000000728,17518.799
18718.01,5.959999999999127,17328.816
18718.02,5.970000000001164,17138.965
18718.03,5.979999999999563,17566.314
18718.04,5.990000000001601,17518.799
18718.05,6.0,17851.58
18718.06,6.010000000002037,17518.799
18718.07,6.020000000000437,17804.016
18718.08,6.030000000002474,17566.314
18718.09,6.040000000000873,17186.416
18718.1,6.049999999999272,17708.91
18718.11,6.06000000000131,17756.459
18718.12,6.069999999999709,18089.523
18718.13,6.080000000001746,17566.314
18718.14,6.0900000000001455,17138.965
18718.15,6.100000000002183,17281.342
18718.16,6.110000000000582,17376.301
18718.17,6.119999999998981,17138.965
18718.18,6.130000000001019,17851.58
18718.19,6.139999999999418,17804.016
18718.2,6.150000000001455,17851.58
18718.21,6.1599999999998545,17756.459
18718.22,6.170000000001892,17328.816
18718.23,6.180000000000291,17091.523
18718.24,6.190000000002328,17518.799
18718.25,6.200000000000728,17661.371
18718.26,6.209999999999127,17566.314
18718.27,6.220000000001164,17471.291
18718.28,6.229999999999563,17518.799
18718.29,6.240000000001601,17804.016
18718.3,6.25,17756.459
18718.31,6.260000000002037,17423.793
18718.32,6.270000000000437,17423.793
18718.33,6.280000000002474,17661.371
18718.34,6.290000000000873,17471.291
18718.35,6.299999999999272,17756.459
18718.36,6.31000000000131,17661.371
18718.37,6.319999999999709,17899.152
18718.38,6.330000000001746,17899.152
18718.39,6.3400000000001455,17328.816
18718.4,6.350000000002183,17186.416
18718.41,6.360000000000582,16996.662
18718.42,6.369999999998981,17566.314
18718.43,6.380000000001019,17851.58
18718.44,6.389999999999418,17613.838
18718.45,6.400000000001455,17328.816
18718.46,6.4099999999998545,17138.965
18718.47,6.420000000001892,17328.816
18718.48,6.430000000000291,17471.291
18718.49,6.440000000002328,17613.838
18718.5,6.450000000000728,17804.016
18718.51,6.459999999999127,17233.875
18718.52,6.470000000001164,17661.371
18718.53,6.479999999999563,17946.732
18718.54,6.490000000001601,17566.314
18718.55,6.5,17708.91
18718.56,6.510000000002037,17804.016
18718.57,6.520000000000437,17804.016
18718.58,6.530000000002474,17281.342
18718.59,6.540000000000873,17044.088
18718.6,6.549999999999272,17376.301
18718.61,6.56000000000131,17281.342
18718.62,6.569999999999709,17756.459
18718.63,6.580000000001746,17518.799
18718.64,6.5900000000001455,17708.91
18718.65,6.600000000002183,17708.91
18718.66,6.610000000000582,17044.088
18718.67,6.619999999998981,17946.732
18718.68,6.630000000001019,17708.91
18718.69,6.639999999999418,17708.91
18718.7,6.650000000001455,17661.371
18718.71,6.6599999999998545,17661.371
18718.72,6.670000000001892,17566.314
18718.73,6.680000000000291,17661.371
18718.74,6.690000000002328,17518.799
18718.75,6.700000000000728,17138.965
18718.76,6.709999999999127,16949.244
18718.77,6.720000000001164,17138.965
18718.78,6.729999999999563,17376.301
18718.79,6.740000000001601,17138.965
18718.8,6.75,17708.91
18718.81,6.760000000002037,17566.314
18718.82,6.770000000000437,17756.459
18718.83,6.780000000002474,17661.371
18718.84,6.790000000000873,17613.838
18718.85,6.799999999999272,17756.459
18718.86,6.81000000000131,17708.91
18718.87,6.819999999999709,17281.342
18718.88,6.830000000001746,16901.834
18718.89,6.8400000000001455,16617.543
18718.9,6.850000000002183,18900.055
18718.91,6.860000000000582,20480.137
18718.92,6.869999999998981,21056.904
18718.93,6.880000000001019,20192.191
18718.94,6.889999999999418,18995.564
18718.95,6.900000000001455,18280.025
18718.96,6.9099999999998545,17756.459
18718.97,6.920000000001892,17471.291
18718.98,6.930000000000291,17471.291
18718.99,6.940000000002328,17281.342
18719.0,6.950000000000728,17233.875
18719.01,6.959999999999127,17281.342
18719.02,6.970000000001164,17281.342
18719.03,6.979999999999563,17566.314
18719.04,6.990000000001601,17851.58
18719.05,7.0,17708.91
18719.06,7.010000000002037,17804.016
18719.07,7.020000000000437,17708.91
18719.08,7.030000000002474,17566.314
18719.09,7.040000000000873,17471.291
18719.1,7.049999999999272,17566.314
18719.11,7.06000000000131,17756.459
18719.12,7.069999999999709,17756.459
18719.13,7.080000000001746,17091.523
18719.14,7.0900000000001455,16759.652
18719.15,7.100000000002183,17518.799
18719.16,7.110000000000582,17328.816
18719.17,7.119999999998981,17899.152
18719.18,7.130000000001019,17756.459
18719.19,7.139999999999418,17708.91
18719.2,7.150000000001455,17566.314
18719.21,7.1599999999998545,17613.838
18719.22,7.170000000001892,17613.838
18719.23,7.180000000000291,17518.799
18719.24,7.190000000002328,17661.371
18719.25,7.200000000000728,17661.371
18719.26,7.209999999999127,17376.301
18719.27,7.220000000001164,17328.816
18719.28,7.229999999999563,17328.816
18719.29,7.240000000001601,17708.91
18719.3,7.25,18041.92
18719.31,7.260000000002037,17994.322
18719.32,7.270000000000437,17708.91
18719.33,7.280000000002474,17518.799
18719.34,7.290000000000873,17138.965
18719.35,7.299999999999272,17044.088
18719.36,7.31000000000131,17471.291
18719.37,7.319999999999709,17233.875
18719.38,7.330000000001746,17518.799
18719.39,7.3400000000001455,17328.816
18719.4,7.350000000002183,17471.291
18719.41,7.360000000000582,17851.58
18719.42,7.369999999998981,17423.793
18719.43,7.380000000001019,17566.314
18719.44,7.389999999999418,17471.291
18719.45,7.400000000001455,17518.799
18719.46,7.4099999999998545,17328.816
18719.47,7.420000000001892,17756.459
18719.48,7.430000000000291,17708.91
18719.49,7.440000000002328,17756.459
18719.5,7.450000000000728,17376.301
18719.51,7.459999999999127,17044.088
18719.52,7.470000000001164,17376.301
18719.53,7.479999999999563,17899.152
18719.54,7.490000000001601,17994.322
18719.55,7.5,17899.152
18719.56,7.510000000002037,17708.91
18719.57,7.520000000000437,17518.799
18719.58,7.530000000002474,17518.799
18719.59,7.540000000000873,17518.799
18719.6,7.549999999999272,17233.875
18719.61,7.56000000000131,17376.301
18719.62,7.569999999999709,17518.799
18719.63,7.580000000001746,17138.965
18719.64,7.5900000000001455,16949.244
18719.65,7.600000000002183,17328.816
18719.66,7.610000000000582,17566.314
18719.67,7.619999999998981,18137.137
18719.68,7.630000000001019,17804.016
18719.69,7.639999999999418,17756.459
18719.7,7.650000000001455,17756.459
18719.71,7.6599999999998545,17281.342
18719.72,7.670000000001892,17613.838
18719.73,7.680000000000291,17661.371
18719.74,7.690000000002328,17756.459
18719.75,7.700000000000728,17613.838
18719.76,7.709999999999127,16949.244
18719.77,7.720000000001164,17328.816
18719.78,7.729999999999563,17233.875
18719.79,7.740000000001601,17708.91
18719.8,7.75,17661.371
18719.81,7.760000000002037,17661.371
18719.82,7.770000000000437,17756.459
18719.83,7.780000000002474,17899.152
18719.84,7.790000000000873,18041.92
18719.85,7.799999999999272,17708.91
18719.86,7.81000000000131,16807.037
18719.87,7.819999999999709,16949.244
18719.88,7.830000000001746,16949.244
18719.89,7.8400000000001455,17044.088
18719.9,7.850000000002183,17851.58
18719.91,7.860000000000582,17518.799
18719.92,7.869999999998981,17756.459
18719.93,7.880000000001019,17946.732
18719.94,7.889999999999418,17708.91
18719.95,7.900000000001455,17423.793
18719.96,7.9099999999998545,17756.459
18719.97,7.920000000001892,17899.152
18719.98,7.930000000000291,17804.016
18719.99,7.940000000002328,17471.291
18720.0,7.950000000000728,17423.793
18720.01,7.959999999999127,16854.432
18720.02,7.970000000001164,16949.244
18720.03,7.979999999999563,17756.459
18720.04,7.990000000001601,18041.92
18720.05,8.0,17661.371
18720.06,8.010000000002037,17804.016
18720.07,8.020000000000437,17708.91
18720.08,8.030000000002474,17756.459
18720.09,8.040000000000873,17661.371
18720.1,8.049999999999272,17328.816
18720.11,8.06000000000131,17233.875
18720.12,8.069999999999709,17471.291
18720.13,8.080000000001746,17091.523
18720.14,8.090000000000146,17138.965
18720.15,8.100000000002183,17566.314
18720.16,8.110000000000582,18041.92
18720.17,8.119999999998981,17899.152
18720.18,8.130000000001019,17661.371
18720.19,8.139999999999418,17851.58
18720.2,8.150000000001455,17566.314
18720.21,8.159999999999854,17661.371
18720.22,8.170000000001892,17708.91
18720.23,8.180000000000291,17376.301
18720.24,8.190000000002328,17281.342
18720.25,8.200000000000728,17281.342
18720.26,8.209999999999127,17138.965
18720.27,8.220000000001164,17471.291
18720.28,8.229999999999563,17566.314
18720.29,8.2400000000016,17708.91
18720.3,8.25,17804.016
18720.31,8.260000000002037,17804.016
18720.32,8.270000000000437,17804.016
18720.33,8.280000000002474,17708.91
18720.34,8.290000000000873,17376.301
18720.35,8.299999999999272,17328.816
18720.36,8.31000000000131,17804.016
18720.37,8.319999999999709,17946.732
18720.38,8.330000000001746,17376.301
18720.39,8.340000000000146,17233.875
18720.4,8.350000000002183,17851.58
18720.41,8.360000000000582,17518.799
18720.42,8.369999999998981,17946.732
18720.43,8.380000000001019,17708.91
18720.44,8.389999999999418,17328.816
18720.45,8.400000000001455,17566.314
18720.46,8.409999999999854,17756.459
18720.47,8.420000000001892,17613.838
18720.48,8.430000000000291,17613.838
18720.49,8.440000000002328,17613.838
18720.5,8.450000000000728,17376.301
18720.51,8.459999999999127,16901.834
18720.52,8.470000000001164,17138.965
18720.53,8.479999999999563,17566.314
18720.54,8.4900000000016,17708.91
18720.55,8.5,17946.732
18720.56,8.510000000002037,17471.291
18720.57,8.520000000000437,17328.816
18720.58,8.530000000002474,17328.816
18720.59,8.540000000000873,17471.291
18720.6,8.549999999999272,17804.016
18720.61,8.56000000000131,17708.91
18720.62,8.569999999999709,17756.459
18720.63,8.580000000001746,17566.314
18720.64,8.590000000000146,17376.301
18720.65,8.600000000002183,17661.371
18720.66,8.610000000000582,17613.838
18720.67,8.619999999998981,17471.291
18720.68,8.630000000001019,17899.152
18720.69,8.639999999999418,17851.58
18720.7,8.650000000001455,17613.838
18720.71,8.659999999999854,17613.838
18720.72,8.670000000001892,17328.816
18720.73,8.680000000000291,17328.816
18720.74,8.690000000002328,17518.799
18720.75,8.700000000000728,17518.799
18720.76,8.709999999999127,17518.799
18720.77,8.720000000001164,17376.301
18720.78,8.729999999999563,17613.838
18720.79,8.7400000000016,17756.459
18720.8,8.75,17708.91
18720.81,8.760000000002037,17566.314
18720.82,8.770000000000437,17471.291
18720.83,8.780000000002474,17566.314
18720.84,8.790000000000873,17518.799
18720.85,8.799999999999272,17138.965
18720.86,8.81000000000131,17328.816
18720.87,8.819999999999709,17328.816
18720.88,8.830000000001746,17518.799
18720.89,8.840000000000146,17566.314
18720.9,8.850000000002183,17518.799
18720.91,8.860000000000582,17186.416
18720.92,8.869999999998981,18137.137
18720.93,8.880000000001019,17899.152
18720.94,8.889999999999418,17946.732
18720.95,8.900000000001455,17804.016
18720.96,8.909999999999854,17518.799
18720.97,8.920000000001892,17566.314
18720.98,8.930000000000291,17233.875
18720.99,8.940000000002328,17661.371
18721.0,8.950000000000728,17613.838
18721.01,8.959999999999127,17471.291
18721.02,8.970000000001164,17471.291
18721.03,8.979999999999563,17708.91
18721.04,8.9900000000016,17376.301
18721.05,9.0,17091.523
18721.06,9.010000000002037,17328.816
18721.07,9.020000000000437,17138.965
18721.08,9.030000000002474,17661.371
18721.09,9.040000000000873,17613.838
18721.1,9.049999999999272,17518.799
18721.11,9.06000000000131,17518.799
18721.12,9.069999999999709,17518.799
18721.13,9.080000000001746,17518.799
18721.14,9.090000000000146,17518.799
18721.15,9.100000000002183,17518.799
18721.16,9.110000000000582,17994.322
18721.17,9.119999999998981,17661.371
18721.18,9.130000000001019,17566.314
18721.19,9.139999999999418,17804.016
18721.2,9.150000000001455,17376.301
18721.21,9.159999999999854,17281.342
18721.22,9.170000000001892,17376.301
18721.23,9.180000000000291,17328.816
18721.24,9.190000000002328,17423.793
18721.25,9.200000000000728,17756.459
18721.26,9.209999999999127,17471.291
18721.27,9.220000000001164,17376.301
18721.28,9.229999999999563,17138.965
18721.29,9.2400000000016,17851.58
18721.3,9.25,17708.91
18721.31,9.260000000002037,17708.91
18721.32,9.270000000000437,17708.91
18721.33,9.280000000002474,17518.799
18721.34,9.290000000000873,17328.816
18721.35,9.299999999999272,17328.816
18721.36,9.31000000000131,17328.816
18721.37,9.319999999999709,17471.291
18721.38,9.330000000001746,17091.523
18721.39,9.340000000000146,17091.523
18721.4,9.350000000002183,17566.314
18721.41,9.360000000000582,17518.799
18721.42,9.369999999998981,17994.322
18721.43,9.380000000001019,17899.152
18721.44,9.389999999999418,17708.91
18721.45,9.400000000001455,17328.816
18721.46,9.409999999999854,17661.371
18721.47,9.420000000001892,17566.314
18721.48,9.430000000000291,17423.793
18721.49,9.440000000002328,17566.314
18721.5,9.450000000000728,17423.793
18721.51,9.459999999999127,17233.875
18721.52,9.470000000001164,17091.523
18721.53,9.479999999999563,17518.799
18721.54,9.4900000000016,17661.371
18721.55,9.5,17518.799
18721.56,9.510000000002037,17518.799
18721.57,9.520000000000437,17613.838
18721.58,9.530000000002474,17851.58
18721.59,9.540000000000873,18089.523
18721.6,9.549999999999272,17899.152
18721.61,9.56000000000131,17518.799
18721.62,9.569999999999709,17661.371
18721.63,9.580000000001746,17281.342
18721.64,9.590000000000146,16854.432
18721.65,9.600000000002183,17566.314
18721.66,9.610000000000582,17613.838
18721.67,9.619999999998981,17376.301
18721.68,9.630000000001019,17613.838
18721.69,9.639999999999418,17566.314
18721.7,9.650000000001455,17566.314
18721.71,9.659999999999854,17566.314
18721.72,9.670000000001892,17899.152
18721.73,9.680000000000291,17566.314
18721.74,9.690000000002328,17613.838
18721.75,9.700000000000728,17661.371
18721.76,9.709999999999127,17423.793
18721.77,9.720000000001164,17518.799
18721.78,9.729999999999563,17471.291
18721.79,9.7400000000016,16996.662
18721.8,9.75,17518.799
18721.81,9.760000000002037,17423.793
18721.82,9.770000000000437,17899.152
18721.83,9.780000000002474,17613.838
18721.84,9.790000000000873,17328.816
18721.85,9.799999999999272,17423.793
18721.86,9.81000000000131,17518.799
18721.87,9.819999999999709,17661.371
18721.88,9.830000000001746,17518.799
18721.89,9.840000000000146,17376.301
18721.9,9.850000000002183,17566.314
18721.91,9.860000000000582,17091.523
18721.92,9.869999999998981,17566.314
18721.93,9.880000000001019,17708.91
18721.94,9.889999999999418,17613.838
18721.95,9.900000000001455,17851.58
18721.96,9.909999999999854,17899.152
18721.97,9.920000000001892,17946.732
18721.98,9.930000000000291,17899.152
18721.99,9.940000000002328,17281.342
18722.0,9.950000000000728,17233.875
18722.01,9.959999999999127,16996.662
18722.02,9.970000000001164,16854.432
18722.03,9.979999999999563,17566.314
18722.04,9.9900000000016,17566.314
18722.05,10.0,17281.342
18722.06,10.010000000002037,17566.314
18722.07,10.020000000000437,17708.91
18722.08,10.030000000002474,17708.91
18722.09,10.040000000000873,17328.816
18722.1,10.049999999999272,17281.342
18722.11,10.06000000000131,17471.291
18722.12,10.069999999999709,17566.314
18722.13,10.080000000001746,17708.91
18722.14,10.090000000000146,17138.965
18722.15,10.100000000002183,17328.816
18722.16,10.110000000000582,17708.91
18722.17,10.119999999998981,17946.732
18722.18,10.130000000001019,17708.91
18722.19,10.139999999999418,17328.816
18722.2,10.150000000001455,17613.838
18722.21,10.159999999999854,17471.291
18722.22,10.170000000001892,17756.459
18722.23,10.180000000000291,17708.91
18722.24,10.190000000002328,17613.838
18722.25,10.200000000000728,17804.016
18722.26,10.209999999999127,17281.342
18722.27,10.220000000001164,17328.816
18722.28,10.229999999999563,17091.523
18722.29,10.2400000000016,17661.371
18722.3,10.25,17471.291
18722.31,10.260000000002037,17756.459
18722.32,10.270000000000437,17756.459
18722.33,10.280000000002474,17566.314
18722.34,10.290000000000873,17708.91
18722.35,10.299999999999272,17899.152
18722.36,10.31000000000131,17423.793
18722.37,10.319999999999709,17233.875
18722.38,10.330000000001746,17186.416
18722.39,10.340000000000146,17044.088
18722.4,10.350000000002183,17708.91
18722.41,10.360000000000582,17756.459
18722.42,10.369999999998981,18089.523
18722.43,10.380000000001019,17851.58
18722.44,10.389999999999418,17518.799
18722.45,10.400000000001455,17281.342
18722.46,10.409999999999854,17518.799
18722.47,10.420000000001892,17756.459
18722.48,10.430000000000291,17233.875
18722.49,10.440000000002328,17233.875
18722.5,10.450000000000728,17423.793
18722.51,10.459999999999127,16996.662
18722.52,10.470000000001164,17091.523
18722.53,10.479999999999563,17233.875
18722.54,10.4900000000016,17804.016
18722.55,10.5,17804.016
18722.56,10.510000000002037,17946.732
18722.57,10.520000000000437,17566.314
18722.58,10.530000000002474,17804.016
18722.59,10.540000000000873,17851.58
18722.6,10.549999999999272,17899.152
18722.61,10.56000000000131,17471.291
18722.62,10.569999999999709,17756.459
18722.63,10.580000000001746,17423.793
18722.64,10.590000000000146,17091.523
18722.65,10.600000000002183,17423.793
18722.66,10.610000000000582,17233.875
18722.67,10.619999999998981,17423.793
18722.68,10.630000000001019,17804.016
18722.69,10.639999999999418,17613.838
18722.7,10.650000000001455,17661.371
18722.71,10.659999999999854,17661.371
18722.72,10.670000000001892,17376.301
18722.73,10.680000000000291,17328.816
18722.74,10.690000000002328,17566.314
18722.75,10.700000000000728,17518.799
18722.76,10.709999999999127,17376.301
18722.77,10.720000000001164,17376.301
18722.78,10.729999999999563,17518.799
18722.79,10.7400000000016,17471.291
18722.8,10.75,17328.816
18722.81,10.760000000002037,17708.91
18722.82,10.770000000000437,17946.732
18722.83,10.780000000002474,17804.016
18722.84,10.790000000000873,17423.793
18722.85,10.799999999999272,17566.314
18722.86,10.81000000000131,17328.816
18722.87,10.819999999999709,17946.732
18722.88,10.830000000001746,17328.816
18722.89,10.840000000000146,17044.088
18722.9,10.850000000002183,17423.793
18722.91,10.860000000000582,17328.816
18722.92,10.869999999998981,17613.838
18722.93,10.880000000001019,17899.152
18722.94,10.889999999999418,17851.58
18722.95,10.900000000001455,17518.799
18722.96,10.909999999999854,17328.816
18722.97,10.920000000001892,17328.816
18722.98,10.930000000000291,17091.523
18722.99,10.940000000002328,17423.793
18723.0,10.950000000000728,17328.816
18723.01,10.959999999999127,17281.342
18723.02,10.970000000001164,17471.291
18723.03,10.979999999999563,17946.732
18723.04,10.9900000000016,17566.314
18723.05,11.0,17946.732
18723.06,11.010000000002037,17899.152
18723.07,11.020000000000437,17376.301
18723.08,11.030000000002474,17328.816
18723.09,11.040000000000873,17804.016
18723.1,11.049999999999272,18661.42
18723.11,11.06000000000131,18089.523
18723.12,11.069999999999709,18137.137
18723.13,11.080000000001746,17613.838
18723.14,11.090000000000146,17091.523
18723.15,11.100000000002183,17566.314
18723.16,11.110000000000582,17613.838
18723.17,11.119999999998981,17376.301
18723.18,11.130000000001019,17186.416
18723.19,11.139999999999418,17708.91
18723.2,11.150000000001455,17566.314
18723.21,11.159999999999854,17708.91
18723.22,11.170000000001892,17756.459
18723.23,11.180000000000291,17756.459
18723.24,11.190000000002328,17566.314
18723.25,11.200000000000728,17328.816
18723.26,11.209999999999127,17186.416
18723.27,11.220000000001164,17518.799
18723.28,11.229999999999563,17376.301
18723.29,11.2400000000016,18232.389
18723.3,11.25,17756.459
18723.31,11.260000000002037,17518.799
18723.32,11.270000000000437,17708.91
18723.33,11.280000000002474,17708.91
18723.34,11.290000000000873,17566.314
18723.35,11.299999999999272,17661.371
18723.36,11.31000000000131,17756.459
18723.37,11.319999999999709,17661.371
18723.38,11.330000000001746,17423.793
18723.39,11.340000000000146,17044.088
18723.4,11.350000000002183,17328.816
18723.41,11.360000000000582,16807.037
18723.42,11.369999999998981,17281.342
18723.43,11.380000000001019,17376.301
18723.44,11.389999999999418,17708.91
18723.45,11.400000000001455,18137.137
18723.46,11.409999999999854,18041.92
18723.47,11.420000000001892,17899.152
18723.48,11.430000000000291,17661.371
18723.49,11.440000000002328,17613.838
18723.5,11.450000000000728,17661.371
18723.51,11.459999999999127,17233.875
18723.52,11.470000000001164,17328.816
18723.53,11.479999999999563,17518.799
18723.54,11.4900000000016,17186.416
18723.55,11.5,17518.799
18723.56,11.510000000002037,17423.793
18723.57,11.520000000000437,17518.799
18723.58,11.530000000002474,17471.291
18723.59,11.540000000000873,17518.799
18723.6,11.549999999999272,17423.793
18723.61,11.56000000000131,17281.342
18723.62,11.569999999999709,17376.301
18723.63,11.580000000001746,17138.965
18723.64,11.590000000000146,17423.793
18723.65,11.600000000002183,17804.016
18723.66,11.610000000000582,17376.301
18723.67,11.619999999998981,17566.314
18723.68,11.630000000001019,17138.965
18723.69,11.639999999999418,17044.088
18723.7,11.650000000001455,17328.816
18723.71,11.659999999999854,18422.988
18723.72,11.670000000001892,20192.191
18723.73,11.680000000000291,20864.52
18723.74,11.690000000002328,20384.121
18723.75,11.700000000000728,19043.332
18723.76,11.709999999999127,17804.016
18723.77,11.720000000001164,17566.314
18723.78,11.729999999999563,17994.322
18723.79,11.7400000000016,17376.301
18723.8,11.75,17804.016
18723.81,11.760000000002037,17661.371
18723.82,11.770000000000437,17899.152
18723.83,11.780000000002474,17851.58
18723.84,11.790000000000873,17566.314
18723.85,11.799999999999272,17566.314
18723.86,11.81000000000131,17518.799
18723.87,11.819999999999709,17281.342
18723.88,11.830000000001746,17186.416
18723.89,11.840000000000146,17044.088
18723.9,11.850000000002183,17376.301
18723.91,11.860000000000582,17281.342
18723.92,11.869999999998981,17471.291
18723.93,11.880000000001019,17566.314
18723.94,11.889999999999418,17566.314
18723.95,11.900000000001455,17566.314
18723.96,11.909999999999854,17233.875
18723.97,11.920000000001892,17566.314
18723.98,11.930000000000291,17328.816
18723.99,11.940000000002328,17328.816
18724.0,11.950000000000728,17756.459
18724.01,11.959999999999127,17091.523
18724.02,11.970000000001164,17376.301
18724.03,11.979999999999563,17708.91
18724.04,11.9900000000016,17946.732
18724.05,12.0,17708.91
18724.06,12.010000000002037,17661.371
18724.07,12.020000000000437,17138.965
18724.08,12.030000000002474,17518.799
18724.09,12.040000000000873,18184.76
18724.1,12.049999999999272,18089.523
18724.11,12.06000000000131,17946.732
18724.12,12.069999999999709,17946.732
18724.13,12.080000000001746,17328.816
18724.14,12.090000000000146,16949.244
18724.15,12.100000000002183,17518.799
18724.16,12.110000000000582,17471.291
18724.17,12.119999999998981,17471.291
18724.18,12.130000000001019,17376.301
18724.19,12.139999999999418,17946.732
18724.2,12.150000000001455,17851.58
18724.21,12.159999999999854,17946.732
18724.22,12.170000000001892,17566.314
18724.23,12.180000000000291,16949.244
18724.24,12.190000000002328,16949.244
18724.25,12.200000000000728,17661.371
18724.26,12.209999999999127,17423.793
18724.27,12.220000000001164,17566.314
18724.28,12.229999999999563,17661.371
18724.29,12.2400000000016,17804.016
18724.3,12.25,17471.291
18724.31,12.260000000002037,17471.291
18724.32,12.270000000000437,17423.793
18724.33,12.280000000002474,17471.291
18724.34,12.290000000000873,17471.291
18724.35,12.299999999999272,17471.291
18724.36,12.31000000000131,17661.371
18724.37,12.319999999999709,17851.58
18724.38,12.330000000001746,17613.838
18724.39,12.340000000000146,16949.244
18724.4,12.350000000002183,17376.301
18724.41,12.360000000000582,17518.799
18724.42,12.369999999998981,16949.244
18724.43,12.380000000001019,17756.459
18724.44,12.389999999999418,17566.314
18724.45,12.400000000001455,17946.732
18724.46,12.409999999999854,17661.371
18724.47,12.420000000001892,17471.291
18724.48,12.430000000000291,17281.342
18724.49,12.440000000002328,17328.816
18724.5,12.450000000000728,17804.016
18724.51,12.459999999999127,17376.301
18724.52,12.470000000001164,17471.291
18724.53,12.479999999999563,17518.799
18724.54,12.4900000000016,17851.58
18724.55,12.5,17756.459
18724.56,12.510000000002037,17756.459
18724.57,12.520000000000437,17138.965
18724.58,12.530000000002474,16996.662
18724.59,12.540000000000873,17566.314
18724.6,12.549999999999272,17566.314
18724.61,12.56000000000131,17756.459
18724.62,12.569999999999709,17566.314
18724.63,12.580000000001746,17328.816
18724.64,12.590000000000146,17328.816
18724.65,12.600000000002183,17708.91
18724.66,12.610000000000582,17328.816
18724.67,12.619999999998981,17376.301
18724.68,12.630000000001019,17518.799
18724.69,12.639999999999418,17613.838
18724.7,12.650000000001455,17661.371
18724.71,12.659999999999854,17518.799
18724.72,12.670000000001892,17613.838
18724.73,12.680000000000291,17851.58
18724.74,12.690000000002328,17851.58
18724.75,12.700000000000728,17851.58
18724.76,12.709999999999127,17471.291
18724.77,12.720000000001164,16901.834
18724.78,12.729999999999563,16901.834
18724.79,12.7400000000016,17708.91
18724.8,12.75,17756.459
18724.81,12.760000000002037,17756.459
18724.82,12.770000000000437,17566.314
18724.83,12.780000000002474,17471.291
18724.84,12.790000000000873,17328.816
18724.85,12.799999999999272,17233.875
18724.86,12.81000000000131,16996.662
18724.87,12.819999999999709,17233.875
18724.88,12.830000000001746,17423.793
18724.89,12.840000000000146,17518.799
18724.9,12.850000000002183,18089.523
18724.91,12.860000000000582,17661.371
18724.92,12.869999999998981,18089.523
18724.93,12.880000000001019,17708.91
18724.94,12.889999999999418,17518.799
18724.95,12.900000000001455,17281.342
18724.96,12.909999999999854,17566.314
18724.97,12.920000000001892,17471.291
18724.98,12.930000000000291,17376.301
18724.99,12.940000000002328,17471.291
18725.0,12.950000000000728,17471.291
18725.01,12.959999999999127,17328.816
18725.02,12.970000000001164,17091.523
18725.03,12.979999999999563,17138.965
18725.04,12.9900000000016,17566.314
18725.05,13.0,17708.91
18725.06,13.010000000002037,17851.58
18725.07,13.020000000000437,17804.016
18725.08,13.030000000002474,18137.137
18725.09,13.040000000000873,17899.152
18725.1,13.049999999999272,17518.799
18725.11,13.06000000000131,17518.799
18725.12,13.069999999999709,17328.816
18725.13,13.080000000001746,17328.816
18725.14,13.090000000000146,17044.088
18725.15,13.100000000002183,17091.523
18725.16,13.110000000000582,17899.152
18725.17,13.119999999998981,17661.371
18725.18,13.130000000001019,17708.91
18725.19,13.139999999999418,17661.371
18725.2,13.150000000001455,17661.371
18725.21,13.159999999999854,17376.301
18725.22,13.170000000001892,17138.965
18725.23,13.180000000000291,17376.301
18725.24,13.190000000002328,17328.816
18725.25,13.200000000000728,17471.291
18725.26,13.209999999999127,17423.793
18725.27,13.220000000001164,17613.838
18725.28,13.229999999999563,17328.816
18725.29,13.2400000000016,17804.016
18725.3,13.25,17613.838
18725.31,13.260000000002037,17328.816
18725.32,13.270000000000437,17233.875
18725.33,13.280000000002474,17518.799
18725.34,13.290000000000873,17186.416
18725.35,13.299999999999272,17091.523
18725.36,13.31000000000131,17328.816
18725.37,13.319999999999709,17566.314
18725.38,13.330000000001746,17661.371
18725.39,13.340000000000146,17566.314
18725.4,13.350000000002183,17661.371
18725.41,13.360000000000582,17328.816
18725.42,13.369999999998981,17566.314
18725.43,13.380000000001019,17613.838
18725.44,13.389999999999418,17756.459
18725.45,13.400000000001455,17851.58
18725.46,13.409999999999854,17566.314
18725.47,13.420000000001892,17613.838
18725.48,13.430000000000291,18995.564
18725.49,13.440000000002328,20336.127
18725.5,13.450000000000728,21008.797
18725.51,13.459999999999127,19617.176
18725.52,13.470000000001164,18280.025
18725.53,13.479999999999563,18137.137
18725.54,13.4900000000016,18041.92
18725.55,13.5,17756.459
18725.56,13.510000000002037,17471.291
18725.57,13.520000000000437,17518.799
18725.58,13.530000000002474,17376.301
18725.59,13.540000000000873,17471.291
18725.6,13.549999999999272,17471.291
18725.61,13.56000000000131,17566.314
18725.62,13.569999999999709,17708.91
18725.63,13.580000000001746,17566.314
18725.64,13.590000000000146,17138.965
18725.65,13.600000000002183,17423.793
18725.66,13.610000000000582,17471.291
18725.67,13.619999999998981,17186.416
18725.68,13.630000000001019,17994.322
18725.69,13.639999999999418,17756.459
18725.7,13.650000000001455,17613.838
18725.71,13.659999999999854,17708.91
18725.72,13.670000000001892,17613.838
18725.73,13.680000000000291,17804.016
18725.74,13.690000000002328,17233.875
18725.75,13.700000000000728,17376.301
18725.76,13.709999999999127,17186.416
18725.77,13.720000000001164,17518.799
18725.78,13.729999999999563,17518.799
18725.79,13.7400000000016,17138.965
18725.8,13.75,17804.016
18725.81,13.760000000002037,17851.58
18725.82,13.770000000000437,17613.838
18725.83,13.780000000002474,17471.291
18725.84,13.790000000000873,17091.523
18725.85,13.799999999999272,17328.816
18725.86,13.81000000000131,17518.799
18725.87,13.819999999999709,17756.459
18725.88,13.830000000001746,17708.91
18725.89,13.840000000000146,17423.793
18725.9,13.850000000002183,17851.58
18725.91,13.860000000000582,17281.342
18725.92,13.869999999998981,17518.799
18725.93,13.880000000001019,17518.799
18725.94,13.889999999999418,17851.58
18725.95,13.900000000001455,17756.459
18725.96,13.909999999999854,17328.816
18725.97,13.920000000001892,17613.838
18725.98,13.930000000000291,17423.793
18725.99,13.940000000002328,17138.965
18726.0,13.950000000000728,17471.291
18726.01,13.959999999999127,17233.875
18726.02,13.970000000001164,17376.301
18726.03,13.979999999999563,17566.314
18726.04,13.9900000000016,17946.732
18726.05,14.0,17613.838
18726.06,14.010000000002037,17851.58
18726.07,14.020000000000437,17804.016
18726.08,14.030000000002474,17328.816
18726.09,14.040000000000873,17423.793
18726.1,14.049999999999272,17851.58
18726.11,14.06000000000131,17661.371
18726.12,14.069999999999709,17708.91
18726.13,14.080000000001746,17281.342
18726.14,14.090000000000146,17471.291
18726.15,14.100000000002183,17708.91
18726.16,14.110000000000582,17233.875
18726.17,14.119999999998981,17661.371
18726.18,14.130000000001019,17091.523
18726.19,14.139999999999418,17233.875
18726.2,14.150000000001455,17708.91
18726.21,14.159999999999854,17613.838
18726.22,14.170000000001892,17756.459
18726.23,14.180000000000291,17518.799
18726.24,14.190000000002328,17708.91
18726.25,14.200000000000728,17851.58
18726.26,14.209999999999127,17328.816
18726.27,14.220000000001164,17138.965
18726.28,14.229999999999563,17471.291
18726.29,14.2400000000016,17376.301
18726.3,14.25,17708.91
18726.31,14.260000000002037,17708.91
18726.32,14.270000000000437,17946.732
18726.33,14.280000000002474,17566.314
18726.34,14.290000000000873,17566.314
18726.35,14.299999999999272,17376.301
18726.36,14.31000000000131,17138.965
18726.37,14.319999999999709,17376.301
18726.38,14.330000000001746,17186.416
18726.39,14.340000000000146,16996.662
18726.4,14.350000000002183,17566.314
18726.41,14.360000000000582,17566.314
18726.42,14.369999999998981,17994.322
18726.43,14.380000000001019,17946.732
18726.44,14.389999999999418,17661.371
18726.45,14.400000000001455,17756.459
18726.46,14.409999999999854,17899.152
18726.47,14.420000000001892,17899.152
18726.48,14.430000000000291,17661.371
18726.49,14.440000000002328,17613.838
18726.5,14.450000000000728,17804.016
18726.51,14.459999999999127,17376.301
18726.52,14.470000000001164,17376.301
18726.53,14.479999999999563,17376.301
18726.54,14.4900000000016,17661.371
18726.55,14.5,17423.793
18726.56,14.510000000002037,17328.816
18726.57,14.520000000000437,17708.91
18726.58,14.530000000002474,17899.152
18726.59,14.540000000000873,17756.459
18726.6,14.549999999999272,17328.816
18726.61,14.56000000000131,17471.291
18726.62,14.569999999999709,17613.838
18726.63,14.580000000001746,16996.662
18726.64,14.590000000000146,16854.432
18726.65,14.600000000002183,17804.016
18726.66,14.610000000000582,17566.314
18726.67,14.619999999998981,17566.314
18726.68,14.630000000001019,17804.016
18726.69,14.639999999999418,17613.838
18726.7,14.650000000001455,17613.838
18726.71,14.659999999999854,17661.371
18726.72,14.670000000001892,17851.58
18726.73,14.680000000000291,17994.322
18726.74,14.690000000002328,17661.371
18726.75,14.700000000000728,17328.816
18726.76,14.709999999999127,16996.662
18726.77,14.720000000001164,16996.662
18726.78,14.729999999999563,17423.793
18726.79,14.7400000000016,17946.732
18726.8,14.75,17661.371
18726.81,14.760000000002037,17613.838
18726.82,14.770000000000437,17661.371
18726.83,14.780000000002474,17661.371
18726.84,14.790000000000873,17851.58
18726.85,14.799999999999272,17708.91
18726.86,14.81000000000131,17423.793
18726.87,14.819999999999709,17566.314
18726.88,14.830000000001746,17756.459
18726.89,14.840000000000146,17044.088
18726.9,14.850000000002183,17471.291
18726.91,14.860000000000582,16949.244
18726.92,14.869999999998981,17708.91
18726.93,14.880000000001019,17708.91
18726.94,14.889999999999418,17661.371
18726.95,14.900000000001455,17518.799
18726.96,14.909999999999854,17566.314
18726.97,14.920000000001892,17423.793
18726.98,14.930000000000291,17471.291
18726.99,14.940000000002328,17471.291
18727.0,14.950000000000728,17756.459
18727.01,14.959999999999127,17281.342
18727.02,14.970000000001164,17138.965
18727.03,14.979999999999563,17946.732
18727.04,14.9900000000016,17899.152
18727.05,15.0,17423.793
18727.06,15.010000000002037,17138.965
18727.07,15.020000000000437,17708.91
18727.08,15.030000000002474,17804.016
18727.09,15.040000000000873,17281.342
18727.1,15.049999999999272,16854.432
18727.11,15.06000000000131,17138.965
18727.12,15.069999999999709,17471.291
18727.13,15.080000000001746,17091.523
18727.14,15.090000000000146,17091.523
18727.15,15.100000000002183,17328.816
18727.16,15.110000000000582,19282.291
18727.17,15.119999999998981,20768.375
18727.18,15.130000000001019,21827.75
18727.19,15.139999999999418,20144.229
18727.2,15.150000000001455,18709.129
18727.21,15.159999999999854,17899.152
18727.22,15.170000000001892,17376.301
18727.23,15.180000000000291,17328.816
18727.24,15.190000000002328,17186.416
18727.25,15.200000000000728,17186.416
18727.26,15.209999999999127,17044.088
18727.27,15.220000000001164,17566.314
18727.28,15.229999999999563,17851.58
18727.29,15.2400000000016,17851.58
18727.3,15.25,17804.016
18727.31,15.260000000002037,17423.793
18727.32,15.270000000000437,17328.816
18727.33,15.280000000002474,17756.459
18727.34,15.290000000000873,17566.314
18727.35,15.299999999999272,17566.314
18727.36,15.31000000000131,17708.91
18727.37,15.319999999999709,17661.371
18727.38,15.330000000001746,17376.301
18727.39,15.340000000000146,17044.088
18727.4,15.350000000002183,17376.301
18727.41,15.360000000000582,17091.523
18727.42,15.369999999998981,17708.91
18727.43,15.380000000001019,17566.314
18727.44,15.389999999999418,17708.91
18727.45,15.400000000001455,18041.92
18727.46,15.409999999999854,17661.371
18727.47,15.420000000001892,17708.91
18727.48,15.430000000000291,17471.291
18727.49,15.440000000002328,17376.301
18727.5,15.450000000000728,17566.314
18727.51,15.459999999999127,17044.088
18727.52,15.470000000001164,17091.523
18727.53,15.479999999999563,17851.58
18727.54,15.4900000000016,17804.016
18727.55,15.5,17994.322
18727.56,15.510000000002037,17661.371
18727.57,15.520000000000437,17708.91
18727.58,15.530000000002474,17328.816
18727.59,15.540000000000873,17186.416
18727.6,15.549999999999272,17471.291
18727.61,15.56000000000131,17756.459
18727.62,15.569999999999709,17518.799
18727.63,15.580000000001746,17423.793
18727.64,15.590000000000146,17138.965
18727.65,15.600000000002183,17851.58
18727.66,15.610000000000582,17804.016
18727.67,15.619999999998981,17281.342
18727.68,15.630000000001019,17756.459
18727.69,15.639999999999418,17423.793
18727.7,15.650000000001455,17566.314
18727.71,15.659999999999854,17899.152
18727.72,15.670000000001892,17804.016
18727.73,15.680000000000291,17613.838
18727.74,15.690000000002328,17423.793
18727.75,15.700000000000728,17613.838
18727.76,15.709999999999127,17281.342
18727.77,15.720000000001164,17376.301
18727.78,15.729999999999563,17423.793
18727.79,15.7400000000016,17471.291
18727.8,15.75,17423.793
18727.81,15.760000000002037,17661.371
18727.82,15.770000000000437,17851.58
18727.83,15.780000000002474,17471.291
18727.84,15.790000000000873,17613.838
18727.85,15.799999999999272,17804.016
18727.86,15.81000000000131,17186.416
18727.87,15.819999999999709,17186.416
18727.88,15.830000000001746,17376.301
18727.89,15.840000000000146,16949.244
18727.9,15.850000000002183,17566.314
18727.91,15.860000000000582,17518.799
18727.92,15.869999999998981,17899.152
18727.93,15.880000000001019,17946.732
18727.94,15.889999999999418,17423.793
18727.95,15.900000000001455,17566.314
18727.96,15.909999999999854,17851.58
18727.97,15.920000000001892,17804.016
18727.98,15.930000000000291,17708.91
18727.99,15.940000000002328,17566.314
18728.0,15.950000000000728,17423.793
18728.01,15.959999999999127,17233.875
18728.02,15.970000000001164,16996.662
18728.03,15.979999999999563,17518.799
18728.04,15.9900000000016,17281.342
18728.05,16.0,17518.799
18728.06,16.010000000002037,17281.342
18728.07,16.020000000000437,17233.875
18728.08,16.030000000002474,17613.838
18728.09,16.040000000000873,17661.371
18728.1,16.049999999999272,17566.314
18728.11,16.06000000000131,17804.016
18728.12,16.06999999999971,17756.459
18728.13,16.080000000001746,17423.793
18728.14,16.090000000000146,17281.342
18728.15,16.100000000002183,17613.838
18728.16,16.110000000000582,18089.523
18728.17,16.11999999999898,17423.793
18728.18,16.13000000000102,17613.838
18728.19,16.139999999999418,17756.459
18728.2,16.150000000001455,17376.301
18728.21,16.159999999999854,17471.291
18728.22,16.17000000000189,17423.793
18728.23,16.18000000000029,17661.371
18728.24,16.19000000000233,17566.314
18728.25,16.200000000000728,17661.371
18728.26,16.209999999999127,17233.875
18728.27,16.220000000001164,16901.834
18728.28,16.229999999999563,17186.416
18728.29,16.2400000000016,17946.732
18728.3,16.25,17946.732
18728.31,16.260000000002037,17613.838
18728.32,16.270000000000437,17661.371
18728.33,16.280000000002474,17613.838
18728.34,16.290000000000873,17566.314
18728.35,16.299999999999272,17423.793
18728.36,16.31000000000131,17328.816
18728.37,16.31999999999971,17423.793
18728.38,16.330000000001746,17946.732
18728.39,16.340000000000146,17708.91
18728.4,16.350000000002183,17708.91
18728.41,16.360000000000582,17566.314
18728.42,16.36999999999898,17518.799
18728.43,16.38000000000102,17471.291
18728.44,16.389999999999418,17756.459
18728.45,16.400000000001455,17946.732
18728.46,16.409999999999854,17281.342
18728.47,16.42000000000189,17138.965
18728.48,16.43000000000029,16949.244
18728.49,16.44000000000233,17423.793
18728.5,16.450000000000728,17423.793
18728.51,16.459999999999127,17376.301
18728.52,16.470000000001164,17518.799
18728.53,16.479999999999563,17756.459
18728.54,16.4900000000016,17756.459
18728.55,16.5,17518.799
18728.56,16.510000000002037,17471.291
18728.57,16.520000000000437,17756.459
18728.58,16.530000000002474,17708.91
18728.59,16.540000000000873,16901.834
18728.6,16.549999999999272,17186.416
18728.61,16.56000000000131,17566.314
18728.62,16.56999999999971,17708.91
18728.63,16.580000000001746,17756.459
18728.64,16.590000000000146,17518.799
18728.65,16.600000000002183,17899.152
18728.66,16.610000000000582,17281.342
18728.67,16.61999999999898,17423.793
18728.68,16.63000000000102,17756.459
18728.69,16.639999999999418,17328.816
18728.7,16.650000000001455,17423.793
18728.71,16.659999999999854,17899.152
18728.72,16.67000000000189,17471.291
18728.73,16.68000000000029,17756.459
18728.74,16.69000000000233,17423.793
18728.75,16.700000000000728,17566.314
18728.76,16.709999999999127,17376.301
18728.77,16.720000000001164,17138.965
18728.78,16.729999999999563,17804.016
18728.79,16.7400000000016,17518.799
18728.8,16.75,17518.799
18728.81,16.760000000002037,17328.816
18728.82,16.770000000000437,17423.793
18728.83,16.780000000002474,17804.016
18728.84,16.790000000000873,19234.484
18728.85,16.799999999999272,20144.229
18728.86,16.81000000000131,20816.443
18728.87,16.81999999999971,19569.311
18728.88,16.830000000001746,18518.336
18728.89,16.840000000000146,17994.322
18728.9,16.850000000002183,18041.92
18728.91,16.860000000000582,17899.152
18728.92,16.86999999999898,17423.793
18728.93,16.88000000000102,17518.799
18728.94,16.889999999999418,17471.291
18728.95,16.900000000001455,17423.793
18728.96,16.909999999999854,17804.016
18728.97,16.92000000000189,17518.799
18728.98,16.93000000000029,17566.314
18728.99,16.94000000000233,17804.016
18729.0,16.950000000000728,17708.91
18729.01,16.959999999999127,16949.244
18729.02,16.970000000001164,17091.523
18729.03,16.979999999999563,17471.291
18729.04,16.9900000000016,17804.016
18729.05,17.0,17708.91
18729.06,17.010000000002037,17899.152
18729.07,17.020000000000437,17281.342
18729.08,17.030000000002474,17756.459
18729.09,17.040000000000873,17471.291
18729.1,17.049999999999272,17423.793
18729.11,17.06000000000131,17281.342
18729.12,17.06999999999971,17328.816
18729.13,17.080000000001746,17233.875
18729.14,17.090000000000146,17233.875
18729.15,17.100000000002183,17708.91
18729.16,17.110000000000582,17851.58
18729.17,17.11999999999898,18089.523
18729.18,17.13000000000102,18232.389
18729.19,17.139999999999418,17851.58
18729.2,17.150000000001455,17566.314
18729.21,17.159999999999854,17566.314
18729.22,17.17000000000189,17044.088
18729.23,17.18000000000029,17186.416
18729.24,17.19000000000233,17518.799
18729.25,17.200000000000728,17899.152
18729.26,17.209999999999127,17328.816
18729.27,17.220000000001164,17281.342
18729.28,17.229999999999563,17613.838
18729.29,17.2400000000016,17518.799
18729.3,17.25,18089.523
18729.31,17.260000000002037,17756.459
18729.32,17.270000000000437,17661.371
18729.33,17.280000000002474,17138.965
18729.34,17.290000000000873,17566.314
18729.35,17.299999999999272,17471.291
18729.36,17.31000000000131,17708.91
18729.37,17.31999999999971,17376.301
18729.38,17.330000000001746,17708.91
18729.39,17.340000000000146,17138.965
18729.4,17.350000000002183,17661.371
18729.41,17.360000000000582,17518.799
18729.42,17.36999999999898,17804.016
18729.43,17.38000000000102,17756.459
18729.44,17.389999999999418,17566.314
18729.45,17.400000000001455,17613.838
18729.46,17.409999999999854,17613.838
18729.47,17.42000000000189,17708.91
18729.48,17.43000000000029,17756.459
18729.49,17.44000000000233,17613.838
18729.5,17.450000000000728,17566.314
18729.51,17.459999999999127,17138.965
18729.52,17.470000000001164,17566.314
18729.53,17.479999999999563,17899.152
18729.54,17.4900000000016,17708.91
18729.55,17.5,16949.244
18729.56,17.510000000002037,17471.291
18729.57,17.520000000000437,17804.016
18729.58,17.530000000002474,17756.459
18729.59,17.540000000000873,17756.459
18729.6,17.549999999999272,17328.816
18729.61,17.56000000000131,17138.965
18729.62,17.56999999999971,17186.416
18729.63,17.580000000001746,17233.875
18729.64,17.590000000000146,17328.816
18729.65,17.600000000002183,17708.91
18729.66,17.610000000000582,17661.371
18729.67,17.61999999999898,17708.91
18729.68,17.63000000000102,17186.416
18729.69,17.639999999999418,17661.371
18729.7,17.650000000001455,17851.58
18729.71,17.659999999999854,17851.58
18729.72,17.67000000000189,17756.459
18729.73,17.68000000000029,17661.371
18729.74,17.69000000000233,17804.016
18729.75,17.700000000000728,17708.91
18729.76,17.709999999999127,16901.834
18729.77,17.720000000001164,16949.244
18729.78,17.729999999999563,17423.793
18729.79,17.7400000000016,17708.91
18729.8,17.75,17946.732
18729.81,17.760000000002037,17423.793
18729.82,17.770000000000437,17708.91
18729.83,17.780000000002474,17376.301
18729.84,17.790000000000873,17518.799
18729.85,17.799999999999272,17946.732
18729.86,17.81000000000131,17946.732
18729.87,17.81999999999971,17281.342
18729.88,17.830000000001746,17186.416
18729.89,17.840000000000146,17138.965
18729.9,17.850000000002183,17661.371
18729.91,17.860000000000582,17994.322
18729.92,17.86999999999898,17756.459
18729.93,17.88000000000102,17804.016
18729.94,17.889999999999418,17423.793
18729.95,17.900000000001455,17376.301
18729.96,17.909999999999854,17566.314
18729.97,17.92000000000189,17613.838
18729.98,17.93000000000029,17186.416
18729.99,17.94000000000233,17281.342
18730.0,17.950000000000728,17566.314
18730.01,17.959999999999127,17661.371
18730.02,17.970000000001164,17661.371
18730.03,17.979999999999563,17566.314
18730.04,17.9900000000016,18041.92
18730.05,18.0,17756.459
18730.06,18.010000000002037,17471.291
18730.07,18.020000000000437,17376.301
18730.08,18.030000000002474,17233.875
18730.09,18.040000000000873,17138.965
18730.1,18.049999999999272,17518.799
18730.11,18.06000000000131,17756.459
18730.12,18.06999999999971,17899.152
18730.13,18.080000000001746,17566.314
18730.14,18.090000000000146,17044.088
18730.15,18.100000000002183,17281.342
18730.16,18.110000000000582,17186.416
18730.17,18.11999999999898,17756.459
18730.18,18.13000000000102,17756.459
18730.19,18.139999999999418,17756.459
18730.2,18.150000000001455,17708.91
18730.21,18.159999999999854,17423.793
18730.22,18.17000000000189,17566.314
18730.23,18.18000000000029,17471.291
18730.24,18.19000000000233,17186.416
18730.25,18.200000000000728,17518.799
18730.26,18.209999999999127,17328.816
18730.27,18.220000000001164,17423.793
18730.28,18.229999999999563,17756.459
18730.29,18.2400000000016,17566.314
18730.3,18.25,17613.838
18730.31,18.260000000002037,17376.301
18730.32,18.270000000000437,17376.301
18730.33,18.280000000002474,17471.291
18730.34,18.290000000000873,17566.314
18730.35,18.299999999999272,17756.459
18730.36,18.31000000000131,17518.799
18730.37,18.31999999999971,17328.816
18730.38,18.330000000001746,17423.793
18730.39,18.340000000000146,17328.816
18730.4,18.350000000002183,17423.793
18730.41,18.360000000000582,17518.799
18730.42,18.36999999999898,17566.314
18730.43,18.38000000000102,17851.58
18730.44,18.389999999999418,17756.459
18730.45,18.400000000001455,17423.793
18730.46,18.409999999999854,17376.301
18730.47,18.42000000000189,17471.291
18730.48,18.43000000000029,17756.459
18730.49,18.44000000000233,17613.838
18730.5,18.450000000000728,17613.838
18730.51,18.459999999999127,16996.662
18730.52,18.470000000001164,18518.336
18730.53,18.479999999999563,20192.191
18730.54,18.4900000000016,20624.219
18730.55,18.5,20000.389
18730.56,18.510000000002037,18566.021
18730.57,18.520000000000437,17994.322
18730.58,18.530000000002474,17804.016
18730.59,18.540000000000873,17518.799
18730.6,18.549999999999272,17471.291
18730.61,18.56000000000131,17091.523
18730.62,18.56999999999971,17708.91
18730.63,18.580000000001746,17756.459
18730.64,18.590000000000146,17376.301
18730.65,18.600000000002183,17756.459
18730.66,18.610000000000582,17613.838
18730.67,18.61999999999898,17613.838
18730.68,18.63000000000102,17328.816
18730.69,18.639999999999418,17946.732
18730.7,18.650000000001455,17804.016
18730.71,18.659999999999854,17328.816
18730.72,18.67000000000189,17281.342
18730.73,18.68000000000029,16901.834
18730.74,18.69000000000233,16996.662
18730.75,18.700000000000728,17613.838
18730.76,18.709999999999127,17518.799
18730.77,18.720000000001164,17423.793
18730.78,18.729999999999563,17756.459
18730.79,18.7400000000016,17756.459
18730.8,18.75,17899.152
18730.81,18.760000000002037,17376.301
18730.82,18.770000000000437,17328.816
18730.83,18.780000000002474,17518.799
18730.84,18.790000000000873,17994.322
18730.85,18.799999999999272,17804.016
18730.86,18.81000000000131,17566.314
18730.87,18.81999999999971,17423.793
18730.88,18.830000000001746,17138.965
18730.89,18.840000000000146,16901.834
18730.9,18.850000000002183,17376.301
18730.91,18.860000000000582,17613.838
18730.92,18.86999999999898,17756.459
18730.93,18.88000000000102,17281.342
18730.94,18.889999999999418,17233.875
18730.95,18.900000000001455,17376.301
18730.96,18.909999999999854,17566.314
18730.97,18.92000000000189,17518.799
18730.98,18.93000000000029,17946.732
18730.99,18.94000000000233,17994.322
18731.0,18.950000000000728,17899.152
18731.01,18.959999999999127,17233.875
18731.02,18.970000000001164,17328.816
18731.03,18.979999999999563,17423.793
18731.04,18.9900000000016,17376.301
18731.05,19.0,17138.965
18731.06,19.010000000002037,17518.799
18731.07,19.020000000000437,17423.793
18731.08,19.030000000002474,17471.291
18731.09,19.040000000000873,17804.016
18731.1,19.049999999999272,17708.91
18731.11,19.06000000000131,17518.799
18731.12,19.06999999999971,17804.016
18731.13,19.080000000001746,17281.342
18731.14,19.090000000000146,16996.662
18731.15,19.100000000002183,17186.416
18731.16,19.110000000000582,17708.91
18731.17,19.11999999999898,17946.732
18731.18,19.13000000000102,17566.314
18731.19,19.139999999999418,17994.322
18731.2,19.150000000001455,17328.816
18731.21,19.159999999999854,17328.816
18731.22,19.17000000000189,17566.314
18731.23,19.18000000000029,17376.301
18731.24,19.19000000000233,17186.416
18731.25,19.200000000000728,17281.342
18731.26,19.209999999999127,17376.301
18731.27,19.220000000001164,17328.816
18731.28,19.229999999999563,17328.816
18731.29,19.2400000000016,17518.799
18731.3,19.25,17376.301
18731.31,19.260000000002037,17138.965
18731.32,19.270000000000437,17566.314
18731.33,19.280000000002474,17566.314
18731.34,19.290000000000873,17613.838
18731.35,19.299999999999272,17661.371
18731.36,19.31000000000131,17328.816
18731.37,19.31999999999971,17376.301
18731.38,19.330000000001746,16949.244
18731.39,19.340000000000146,16901.834
18731.4,19.350000000002183,17661.371
18731.41,19.360000000000582,17613.838
18731.42,19.36999999999898,18041.92
18731.43,19.38000000000102,17899.152
18731.44,19.389999999999418,18232.389
18731.45,19.400000000001455,18137.137
18731.46,19.409999999999854,17899.152
18731.47,19.42000000000189,17661.371
18731.48,19.43000000000029,17138.965
18731.49,19.44000000000233,17376.301
18731.5,19.450000000000728,17423.793
18731.51,19.459999999999127,17281.342
18731.52,19.470000000001164,17138.965
18731.53,19.479999999999563,17423.793
18731.54,19.4900000000016,17376.301
18731.55,19.5,17518.799
18731.56,19.510000000002037,18041.92
18731.57,19.520000000000437,17804.016
18731.58,19.530000000002474,17613.838
18731.59,19.540000000000873,17661.371
18731.6,19.549999999999272,17566.314
18731.61,19.56000000000131,17233.875
18731.62,19.56999999999971,17566.314
18731.63,19.580000000001746,17756.459
18731.64,19.590000000000146,17233.875
18731.65,19.600000000002183,17566.314
18731.66,19.610000000000582,17756.459
18731.67,19.61999999999898,17233.875
18731.68,19.63000000000102,17804.016
18731.69,19.639999999999418,17946.732
18731.7,19.650000000001455,17566.314
18731.71,19.659999999999854,17233.875
18731.72,19.67000000000189,17518.799
18731.73,19.68000000000029,17899.152
18731.74,19.69000000000233,17756.459
18731.75,19.700000000000728,17423.793
18731.76,19.709999999999127,17186.416
18731.77,19.720000000001164,17328.816
18731.78,19.729999999999563,17804.016
18731.79,19.7400000000016,17471.291
18731.8,19.75,18089.523
18731.81,19.760000000002037,17946.732
18731.82,19.770000000000437,17946.732
18731.83,19.780000000002474,17661.371
18731.84,19.790000000000873,17613.838
18731.85,19.799999999999272,17281.342
18731.86,19.81000000000131,17376.301
18731.87,19.81999999999971,17994.322
18731.88,19.830000000001746,17613.838
18731.89,19.840000000000146,17233.875
18731.9,19.850000000002183,17376.301
18731.91,19.860000000000582,17281.342
18731.92,19.86999999999898,17613.838
18731.93,19.88000000000102,17423.793
18731.94,19.889999999999418,17328.816
18731.95,19.900000000001455,17613.838
18731.96,19.909999999999854,17708.91
18731.97,19.92000000000189,17899.152
18731.98,19.93000000000029,17613.838
18731.99,19.94000000000233,17756.459
18732.0,19.950000000000728,17613.838
18732.01,19.959999999999127,17471.291
18732.02,19.970000000001164,17756.459
18732.03,19.979999999999563,17708.91
18732.04,19.9900000000016,17471.291
18732.05,20.0,17138.965
18732.06,20.010000000002037,17946.732
18732.07,20.020000000000437,17518.799
18732.08,20.030000000002474,17471.291
18732.09,20.040000000000873,17423.793
18732.1,20.049999999999272,17328.816
18732.11,20.06000000000131,16996.662
18732.12,20.06999999999971,17376.301
18732.13,20.080000000001746,17708.91
18732.14,20.090000000000146,17423.793
18732.15,20.100000000002183,17281.342
18732.16,20.110000000000582,17566.314
18732.17,20.11999999999898,17804.016
18732.18,20.13000000000102,18041.92
18732.19,20.139999999999418,17946.732
18732.2,20.150000000001455,18232.389
18732.21,20.159999999999854,17804.016
18732.22,20.17000000000189,17661.371
18732.23,20.18000000000029,17661.371
18732.24,20.19000000000233,17804.016
18732.25,20.200000000000728,17613.838
18732.26,20.209999999999127,17661.371
18732.27,20.220000000001164,17756.459
18732.28,20.229999999999563,17423.793
18732.29,20.2400000000016,18041.92
18732.3,20.25,18041.92
18732.31,20.260000000002037,17946.732
18732.32,20.270000000000437,17566.314
18732.33,20.280000000002474,17138.965
18732.34,20.290000000000873,17186.416
18732.35,20.299999999999272,17376.301
18732.36,20.31000000000131,17281.342
18732.37,20.31999999999971,18089.523
18732.38,20.330000000001746,18613.717
18732.39,20.340000000000146,18137.137
18732.4,20.350000000002183,18280.025
18732.41,20.360000000000582,18041.92
18732.42,20.36999999999898,18041.92
18732.43,20.38000000000102,17566.314
18732.44,20.389999999999418,17376.301
18732.45,20.400000000001455,17613.838
18732.46,20.409999999999854,17708.91
18732.47,20.42000000000189,17661.371
18732.48,20.43000000000029,17946.732
18732.49,20.44000000000233,17376.301
18732.5,20.450000000000728,17376.301
18732.51,20.459999999999127,17281.342
18732.52,20.470000000001164,17376.301
18732.53,20.479999999999563,17423.793
18732.54,20.4900000000016,17471.291
18732.55,20.5,17233.875
18732.56,20.510000000002037,17376.301
18732.57,20.520000000000437,17661.371
18732.58,20.530000000002474,17899.152
18732.59,20.540000000000873,17423.793
18732.6,20.549999999999272,17471.291
18732.61,20.56000000000131,17233.875
18732.62,20.56999999999971,17328.816
18732.63,20.580000000001746,17281.342
18732.64,20.590000000000146,17138.965
18732.65,20.600000000002183,17376.301
18732.66,20.610000000000582,17518.799
18732.67,20.61999999999898,17756.459
18732.68,20.63000000000102,17946.732
18732.69,20.639999999999418,17471.291
18732.7,20.650000000001455,17281.342
18732.71,20.659999999999854,17186.416
18732.72,20.67000000000189,17518.799
18732.73,20.68000000000029,17804.016
18732.74,20.69000000000233,17186.416
18732.75,20.700000000000728,17186.416
18732.76,20.709999999999127,17138.965
18732.77,20.720000000001164,17471.291
18732.78,20.729999999999563,17613.838
18732.79,20.7400000000016,18137.137
18732.8,20.75,17613.838
18732.81,20.760000000002037,17566.314
18732.82,20.770000000000437,17328.816
18732.83,20.780000000002474,17471.291
18732.84,20.790000000000873,17471.291
18732.85,20.799999999999272,17613.838
18732.86,20.81000000000131,17281.342
18732.87,20.81999999999971,17138.965
18732.88,20.830000000001746,17328.816
18732.89,20.840000000000146,16901.834
18732.9,20.850000000002183,17661.371
18732.91,20.860000000000582,17851.58
18732.92,20.86999999999898,17328.816
18732.93,20.88000000000102,17613.838
18732.94,20.889999999999418,17423.793
18732.95,20.900000000001455,17233.875
18732.96,20.909999999999854,17708.91
18732.97,20.92000000000189,17708.91
18732.98,20.93000000000029,17328.816
18732.99,20.94000000000233,17328.816
18733.0,20.950000000000728,17376.301
18733.01,20.959999999999127,17186.416
18733.02,20.970000000001164,17233.875
18733.03,20.979999999999563,17376.301
18733.04,20.9900000000016,17423.793
18733.05,21.0,17328.816
18733.06,21.010000000002037,17661.371
18733.07,21.020000000000437,17851.58
18733.08,21.030000000002474,17566.314
18733.09,21.040000000000873,17281.342
18733.1,21.049999999999272,17423.793
18733.11,21.06000000000131,17518.799
18733.12,21.06999999999971,17471.291
18733.13,21.080000000001746,17566.314
18733.14,21.090000000000146,17328.816
18733.15,21.100000000002183,17518.799
18733.16,21.110000000000582,17804.016
18733.17,21.11999999999898,17328.816
18733.18,21.13000000000102,17566.314
18733.19,21.139999999999418,17661.371
18733.2,21.150000000001455,17233.875
18733.21,21.159999999999854,17233.875
18733.22,21.17000000000189,17328.816
18733.23,21.18000000000029,17518.799
18733.24,21.19000000000233,17518.799
18733.25,21.200000000000728,17518.799
18733.26,21.209999999999127,17138.965
18733.27,21.220000000001164,17613.838
18733.28,21.229999999999563,17756.459
18733.29,21.2400000000016,17994.322
18733.3,21.25,17661.371
18733.31,21.260000000002037,17851.58
18733.32,21.270000000000437,17708.91
18733.33,21.280000000002474,17423.793
18733.34,21.290000000000873,17138.965
18733.35,21.299999999999272,17044.088
18733.36,21.31000000000131,17138.965
18733.37,21.31999999999971,17328.816
18733.38,21.330000000001746,17138.965
18733.39,21.340000000000146,17138.965
18733.4,21.350000000002183,17613.838
18733.41,21.360000000000582,17518.799
18733.42,21.36999999999898,17994.322
18733.43,21.38000000000102,17566.314
18733.44,21.389999999999418,17423.793
18733.45,21.400000000001455,17423.793
18733.46,21.409999999999854,18089.523
18733.47,21.42000000000189,17756.459
18733.48,21.43000000000029,17566.314
18733.49,21.44000000000233,17423.793
18733.5,21.450000000000728,17471.291
18733.51,21.459999999999127,17186.416
18733.52,21.470000000001164,17233.875
18733.53,21.479999999999563,17328.816
18733.54,21.4900000000016,16807.037
18733.55,21.5,17613.838
18733.56,21.510000000002037,17613.838
18733.57,21.520000000000437,17613.838
18733.58,21.530000000002474,17566.314
18733.59,21.540000000000873,17281.342
18733.6,21.549999999999272,17471.291
18733.61,21.56000000000131,17423.793
18733.62,21.56999999999971,17186.416
18733.63,21.580000000001746,17328.816
18733.64,21.590000000000146,17233.875
18733.65,21.600000000002183,17804.016
18733.66,21.610000000000582,17613.838
18733.67,21.61999999999898,17899.152
18733.68,21.63000000000102,17566.314
18733.69,21.639999999999418,17233.875
18733.7,21.650000000001455,17138.965
18733.71,21.659999999999854,17566.314
18733.72,21.67000000000189,17994.322
18733.73,21.68000000000029,17851.58
18733.74,21.69000000000233,17281.342
18733.75,21.700000000000728,17328.816
18733.76,21.709999999999127,16854.432
18733.77,21.720000000001164,17044.088
18733.78,21.729999999999563,17566.314
18733.79,21.7400000000016,17328.816
18733.8,21.75,17138.965
18733.81,21.760000000002037,17661.371
18733.82,21.770000000000437,17518.799
18733.83,21.780000000002474,17376.301
18733.84,21.790000000000873,17518.799
18733.85,21.799999999999272,17613.838
18733.86,21.81000000000131,17566.314
18733.87,21.81999999999971,17899.152
18733.88,21.830000000001746,17851.58
18733.89,21.840000000000146,17518.799
18733.9,21.850000000002183,17899.152
18733.91,21.860000000000582,17471.291
18733.92,21.86999999999898,17233.875
18733.93,21.88000000000102,17518.799
18733.94,21.889999999999418,17613.838
18733.95,21.900000000001455,17899.152
18733.96,21.909999999999854,17376.301
18733.97,21.92000000000189,17186.416
18733.98,21.93000000000029,17376.301
18733.99,21.94000000000233,17376.301
18734.0,21.950000000000728,17423.793
18734.01,21.959999999999127,17138.965
18734.02,21.970000000001164,17091.523
18734.03,21.979999999999563,17756.459
18734.04,21.9900000000016,17328.816
18734.05,22.0,17661.371
18734.06,22.010000000002037,17376.301
18734.07,22.020000000000437,17423.793
18734.08,22.030000000002474,17281.342
18734.09,22.040000000000873,17376.301
18734.1,22.049999999999272,17328.816
18734.11,22.06000000000131,17661.371
18734.12,22.06999999999971,17613.838
18734.13,22.080000000001746,17518.799
18734.14,22.090000000000146,17138.965
18734.15,22.100000000002183,17708.91
18734.16,22.110000000000582,17661.371
18734.17,22.11999999999898,16854.432
18734.18,22.13000000000102,17186.416
18734.19,22.139999999999418,17328.816
18734.2,22.150000000001455,17518.799
18734.21,22.159999999999854,17899.152
18734.22,22.17000000000189,17708.91
18734.23,22.18000000000029,17613.838
18734.24,22.19000000000233,17518.799
18734.25,22.200000000000728,17708.91
18734.26,22.209999999999127,16996.662
18734.27,22.220000000001164,16807.037
18734.28,22.229999999999563,17186.416
18734.29,22.2400000000016,17804.016
18734.3,22.25,17613.838
18734.31,22.260000000002037,17518.799
18734.32,22.270000000000437,17376.301
18734.33,22.280000000002474,17471.291
18734.34,22.290000000000873,17186.416
18734.35,22.299999999999272,17281.342
18734.36,22.31000000000131,17708.91
18734.37,22.31999999999971,17566.314
18734.38,22.330000000001746,17376.301
18734.39,22.340000000000146,17138.965
18734.4,22.350000000002183,17423.793
18734.41,22.360000000000582,17091.523
18734.42,22.36999999999898,17756.459
18734.43,22.38000000000102,17518.799
18734.44,22.389999999999418,17044.088
18734.45,22.400000000001455,17566.314
18734.46,22.409999999999854,17613.838
18734.47,22.42000000000189,17946.732
18734.48,22.43000000000029,17708.91
18734.49,22.44000000000233,17423.793
18734.5,22.450000000000728,17233.875
18734.51,22.459999999999127,17376.301
18734.52,22.470000000001164,17566.314
18734.53,22.479999999999563,17376.301
18734.54,22.4900000000016,17328.816
18734.55,22.5,17518.799
18734.56,22.510000000002037,17756.459
18734.57,22.520000000000437,17376.301
18734.58,22.530000000002474,17661.371
18734.59,22.540000000000873,17186.416
18734.6,22.549999999999272,17376.301
18734.61,22.56000000000131,17423.793
18734.62,22.56999999999971,17566.314
18734.63,22.580000000001746,17518.799
18734.64,22.590000000000146,17186.416
18734.65,22.600000000002183,17851.58
18734.66,22.610000000000582,18041.92
18734.67,22.61999999999898,17376.301
18734.68,22.63000000000102,17566.314
18734.69,22.639999999999418,17613.838
18734.7,22.650000000001455,17281.342
18734.71,22.659999999999854,16949.244
18734.72,22.67000000000189,16949.244
18734.73,22.68000000000029,17423.793
18734.74,22.69000000000233,17471.291
18734.75,22.700000000000728,17661.371
18734.76,22.709999999999127,17328.816
18734.77,22.720000000001164,17708.91
18734.78,22.729999999999563,18137.137
18734.79,22.7400000000016,17708.91
18734.8,22.75,17661.371
18734.81,22.760000000002037,17376.301
18734.82,22.770000000000437,17281.342
18734.83,22.780000000002474,17328.816
18734.84,22.790000000000873,17376.301
18734.85,22.799999999999272,17613.838
18734.86,22.81000000000131,17471.291
18734.87,22.81999999999971,17518.799
18734.88,22.830000000001746,17281.342
18734.89,22.840000000000146,17281.342
18734.9,22.850000000002183,17328.816
18734.91,22.860000000000582,17233.875
18734.92,22.86999999999898,17804.016
18734.93,22.88000000000102,18089.523
18734.94,22.889999999999418,17566.314
18734.95,22.900000000001455,17756.459
18734.96,22.909999999999854,17518.799
18734.97,22.92000000000189,17804.016
18734.98,22.93000000000029,17708.91
18734.99,22.94000000000233,17328.816
18735.0,22.950000000000728,17138.965
18735.01,22.959999999999127,17233.875
18735.02,22.970000000001164,17186.416
18735.03,22.979999999999563,17233.875
18735.04,22.9900000000016,17328.816
18735.05,23.0,17186.416
18735.06,23.010000000002037,17756.459
18735.07,23.020000000000437,17661.371
18735.08,23.030000000002474,17661.371
18735.09,23.040000000000873,17376.301
18735.1,23.049999999999272,17376.301
18735.11,23.06000000000131,17423.793
18735.12,23.06999999999971,17376.301
18735.13,23.080000000001746,17661.371
18735.14,23.090000000000146,17328.816
18735.15,23.100000000002183,17471.291
18735.16,23.110000000000582,17756.459
18735.17,23.11999999999898,17423.793
18735.18,23.13000000000102,17518.799
18735.19,23.139999999999418,17328.816
18735.2,23.150000000001455,17708.91
18735.21,23.159999999999854,17613.838
18735.22,23.17000000000189,17566.314
18735.23,23.18000000000029,17328.816
18735.24,23.19000000000233,17376.301
18735.25,23.200000000000728,17708.91
18735.26,23.209999999999127,17186.416
18735.27,23.220000000001164,17518.799
18735.28,23.229999999999563,17281.342
18735.29,23.2400000000016,17708.91
18735.3,23.25,17566.314
18735.31,23.260000000002037,17613.838
18735.32,23.270000000000437,17138.965
18735.33,23.280000000002474,17376.301
18735.34,23.290000000000873,17423.793
18735.35,23.299999999999272,17091.523
18735.36,23.31000000000131,17423.793
18735.37,23.31999999999971,17708.91
18735.38,23.330000000001746,17756.459
18735.39,23.340000000000146,17138.965
18735.4,23.350000000002183,17423.793
18735.41,23.360000000000582,17471.291
18735.42,23.36999999999898,17756.459
18735.43,23.38000000000102,17233.875
18735.44,23.389999999999418,17518.799
18735.45,23.400000000001455,17899.152
18735.46,23.409999999999854,17708.91
18735.47,23.42000000000189,17423.793
18735.48,23.43000000000029,17328.816
18735.49,23.44000000000233,17423.793
18735.5,23.450000000000728,17328.816
18735.51,23.459999999999127,17423.793
18735.52,23.470000000001164,17566.314
18735.53,23.479999999999563,17328.816
18735.54,23.4900000000016,17186.416
18735.55,23.5,17328.816
18735.56,23.510000000002037,17661.371
18735.57,23.520000000000437,17708.91
18735.58,23.530000000002474,16901.834
18735.59,23.540000000000873,17186.416
18735.6,23.549999999999272,17566.314
18735.61,23.56000000000131,17756.459
18735.62,23.56999999999971,17708.91
18735.63,23.580000000001746,17376.301
18735.64,23.590000000000146,16996.662
18735.65,23.600000000002183,18137.137
18735.66,23.610000000000582,18137.137
18735.67,23.61999999999898,17044.088
18735.68,23.63000000000102,17423.793
18735.69,23.639999999999418,17423.793
18735.7,23.650000000001455,17423.793
18735.71,23.659999999999854,17328.816
18735.72,23.67000000000189,17756.459
18735.73,23.68000000000029,17756.459
18735.74,23.69000000000233,17423.793
18735.75,23.700000000000728,17138.965
18735.76,23.709999999999127,17091.523
18735.77,23.720000000001164,17281.342
18735.78,23.729999999999563,17518.799
18735.79,23.7400000000016,17708.91
18735.8,23.75,17471.291
18735.81,23.760000000002037,17281.342
18735.82,23.770000000000437,17566.314
18735.83,23.780000000002474,17661.371
18735.84,23.790000000000873,17804.016
18735.85,23.799999999999272,17661.371
18735.86,23.81000000000131,17471.291
18735.87,23.81999999999971,17376.301
18735.88,23.830000000001746,17518.799
18735.89,23.840000000000146,17044.088
18735.9,23.850000000002183,17613.838
18735.91,23.860000000000582,17613.838
18735.92,23.86999999999898,17756.459
18735.93,23.88000000000102,17328.816
18735.94,23.889999999999418,17091.523
18735.95,23.900000000001455,17471.291
18735.96,23.909999999999854,17233.875
18735.97,23.92000000000189,17661.371
18735.98,23.93000000000029,17851.58
18735.99,23.94000000000233,17756.459
18736.0,23.950000000000728,17946.732
18736.01,23.959999999999127,17233.875
18736.02,23.970000000001164,17044.088
18736.03,23.979999999999563,17138.965
18736.04,23.9900000000016,17661.371
18736.05,24.0,16949.244
18736.06,24.010000000002037,17518.799
18736.07,24.020000000000437,17138.965
18736.08,24.030000000002474,17186.416
18736.09,24.040000000000873,17233.875
18736.1,24.049999999999272,17328.816
18736.11,24.06000000000131,17661.371
18736.12,24.06999999999971,17661.371
18736.13,24.080000000001746,17281.342
18736.14,24.090000000000146,16759.652
18736.15,24.100000000002183,17044.088
18736.16,24.110000000000582,17566.314
18736.17,24.11999999999898,17423.793
18736.18,24.13000000000102,17566.314
18736.19,24.139999999999418,17281.342
18736.2,24.150000000001455,17138.965
18736.21,24.159999999999854,17376.301
18736.22,24.17000000000189,17661.371
18736.23,24.18000000000029,17661.371
18736.24,24.19000000000233,17804.016
18736.25,24.200000000000728,17804.016
18736.26,24.209999999999127,17044.088
18736.27,24.220000000001164,16996.662
18736.28,24.229999999999563,17186.416
18736.29,24.2400000000016,17708.91
18736.3,24.25,17661.371
18736.31,24.260000000002037,17756.459
18736.32,24.270000000000437,17708.91
18736.33,24.280000000002474,17376.301
18736.34,24.290000000000873,17661.371
18736.35,24.299999999999272,17708.91
18736.36,24.31000000000131,17708.91
18736.37,24.31999999999971,17708.91
18736.38,24.330000000001746,17328.816
18736.39,24.340000000000146,17376.301
18736.4,24.350000000002183,17233.875
18736.41,24.360000000000582,17186.416
18736.42,24.36999999999898,17044.088
18736.43,24.38000000000102,17281.342
18736.44,24.389999999999418,17233.875
18736.45,24.400000000001455,17804.016
18736.46,24.409999999999854,17708.91
18736.47,24.42000000000189,17518.799
18736.48,24.43000000000029,17376.301
18736.49,24.44000000000233,17661.371
18736.5,24.450000000000728,17471.291
18736.51,24.459999999999127,17138.965
18736.52,24.470000000001164,17376.301
18736.53,24.479999999999563,17233.875
18736.54,24.4900000000016,17328.816
18736.55,24.5,17804.016
18736.56,24.510000000002037,17613.838
18736.57,24.520000000000437,17613.838
18736.58,24.530000000002474,17518.799
18736.59,24.540000000000873,17566.314
18736.6,24.549999999999272,17708.91
18736.61,24.56000000000131,17376.301
18736.62,24.56999999999971,17281.342
18736.63,24.580000000001746,17281.342
18736.64,24.590000000000146,17186.416
18736.65,24.600000000002183,17376.301
18736.66,24.610000000000582,17661.371
18736.67,24.61999999999898,16949.244
18736.68,24.63000000000102,17471.291
18736.69,24.639999999999418,17518.799
18736.7,24.650000000001455,17756.459
18736.71,24.659999999999854,17566.314
18736.72,24.67000000000189,17328.816
18736.73,24.68000000000029,17376.301
18736.74,24.69000000000233,17423.793
18736.75,24.700000000000728,17613.838
18736.76,24.709999999999127,17423.793
18736.77,24.720000000001164,17091.523
18736.78,24.729999999999563,17281.342
18736.79,24.7400000000016,17566.314
18736.8,24.75,17518.799
18736.81,24.760000000002037,17328.816
18736.82,24.770000000000437,17376.301
18736.83,24.780000000002474,17899.152
18736.84,24.790000000000873,18137.137
18736.85,24.799999999999272,17471.291
18736.86,24.81000000000131,17233.875
18736.87,24.81999999999971,17233.875
18736.88,24.830000000001746,17328.816
18736.89,24.840000000000146,17233.875
18736.9,24.850000000002183,17566.314
18736.91,24.860000000000582,17091.523
18736.92,24.86999999999898,17138.965
18736.93,24.88000000000102,17423.793
18736.94,24.889999999999418,17566.314
18736.95,24.900000000001455,17661.371
18736.96,24.909999999999854,17518.799
18736.97,24.92000000000189,17756.459
18736.98,24.93000000000029,17376.301
18736.99,24.94000000000233,17281.342
18737.0,24.950000000000728,17233.875
18737.01,24.959999999999127,17091.523
18737.02,24.970000000001164,16901.834
18737.03,24.979999999999563,17708.91
18737.04,24.9900000000016,17708.91
18737.05,25.0,17376.301
18737.06,25.010000000002037,17613.838
18737.07,25.020000000000437,18184.76
18737.08,25.030000000002474,19282.291
18737.09,25.040000000000873,19091.107
18737.1,25.049999999999272,19138.891
18737.11,25.06000000000131,18900.055
18737.12,25.06999999999971,19043.332
18737.13,25.080000000001746,19282.291
18737.14,25.090000000000146,18566.021
18737.15,25.100000000002183,18900.055
18737.16,25.110000000000582,19282.291
18737.17,25.11999999999898,19377.932
18737.18,25.13000000000102,19425.766
18737.19,25.139999999999418,19330.107
18737.2,25.150000000001455,19425.766
18737.21,25.159999999999854,19473.605
18737.22,25.17000000000189,19425.766
18737.23,25.18000000000029,19282.291
18737.24,25.19000000000233,19186.684
18737.25,25.200000000000728,19138.891
18737.26,25.209999999999127,18900.055
18737.27,25.220000000001164,18947.805
18737.28,25.229999999999563,18804.576
18737.29,25.2400000000016,19330.107
18737.3,25.25,19617.176
18737.31,25.260000000002037,19330.107
18737.32,25.270000000000437,18900.055
18737.33,25.280000000002474,18709.129
18737.34,25.290000000000873,18804.576
18737.35,25.299999999999272,19186.684
18737.36,25.31000000000131,19521.455
18737.37,25.31999999999971,19282.291
18737.38,25.330000000001746,19234.484
18737.39,25.340000000000146,19043.332
18737.4,25.350000000002183,19138.891
18737.41,25.360000000000582,19186.684
18737.42,25.36999999999898,19043.332
18737.43,25.38000000000102,18947.805
18737.44,25.389999999999418,19186.684
18737.45,25.400000000001455,19234.484
18737.46,25.409999999999854,19282.291
18737.47,25.42000000000189,19091.107
18737.48,25.43000000000029,19186.684
18737.49,25.44000000000233,19043.332
18737.5,25.450000000000728,18804.576
18737.51,25.459999999999127,18422.988
18737.52,25.470000000001164,18566.021
18737.53,25.479999999999563,18900.055
18737.54,25.4900000000016,19138.891
18737.55,25.5,19569.311
18737.56,25.510000000002037,19425.766
18737.57,25.520000000000437,19282.291
18737.58,25.530000000002474,19186.684
18737.59,25.540000000000873,19138.891
18737.6,25.549999999999272,19569.311
18737.61,25.56000000000131,19282.291
18737.62,25.56999999999971,19234.484
18737.63,25.580000000001746,18900.055
18737.64,25.590000000000146,18518.336
18737.65,25.600000000002183,18804.576
18737.66,25.610000000000582,18947.805
18737.67,25.61999999999898,18852.311
18737.68,25.63000000000102,18947.805
18737.69,25.639999999999418,19234.484
18737.7,25.650000000001455,19234.484
18737.71,25.659999999999854,19091.107
18737.72,25.67000000000189,19425.766
18737.73,25.68000000000029,19760.82
18737.74,25.69000000000233,19330.107
18737.75,25.700000000000728,19330.107
18737.76,25.709999999999127,18947.805
18737.77,25.720000000001164,18852.311
18737.78,25.729999999999563,19091.107
18737.79,25.7400000000016,19138.891
18737.8,25.75,19330.107
18737.81,25.760000000002037,19186.684
18737.82,25.770000000000437,18900.055
18737.83,25.780000000002474,19282.291
18737.84,25.790000000000873,19091.107
18737.85,25.799999999999272,19186.684
18737.86,25.81000000000131,19186.684
18737.87,25.81999999999971,18852.311
18737.88,25.830000000001746,18852.311
18737.89,25.840000000000146,18900.055
18737.9,25.850000000002183,19473.605
18737.91,25.860000000000582,19282.291
18737.92,25.86999999999898,19091.107
18737.93,25.88000000000102,18804.576
18737.94,25.889999999999418,19138.891
18737.95,25.900000000001455,18995.564
18737.96,25.909999999999854,19234.484
18737.97,25.92000000000189,19377.932
18737.98,25.93000000000029,19186.684
18737.99,25.94000000000233,19091.107
18738.0,25.950000000000728,19138.891
18738.01,25.959999999999127,19091.107
18738.02,25.970000000001164,19377.932
18738.03,25.979999999999563,19138.891
18738.04,25.9900000000016,19043.332
18738.05,26.0,18900.055
18738.06,26.010000000002037,18852.311
18738.07,26.020000000000437,19186.684
18738.08,26.030000000002474,19234.484
18738.09,26.040000000000873,19186.684
18738.1,26.049999999999272,19186.684
18738.11,26.06000000000131,19091.107
18738.12,26.06999999999971,19043.332
18738.13,26.080000000001746,18756.848
18738.14,26.090000000000146,18995.564
18738.15,26.100000000002183,19043.332
18738.16,26.110000000000582,19665.049
18738.17,26.11999999999898,19282.291
18738.18,26.13000000000102,19330.107
18738.19,26.139999999999418,18947.805
18738.2,26.150000000001455,19330.107
18738.21,26.159999999999854,19234.484
18738.22,26.17000000000189,19043.332
18738.23,26.18000000000029,19282.291
18738.24,26.19000000000233,19186.684
18738.25,26.200000000000728,19282.291
18738.26,26.209999999999127,18852.311
18738.27,26.220000000001164,18852.311
18738.28,26.229999999999563,19091.107
18738.29,26.2400000000016,19330.107
18738.3,26.25,19091.107
18738.31,26.260000000002037,19043.332
18738.32,26.270000000000437,19330.107
18738.33,26.280000000002474,19282.291
18738.34,26.290000000000873,19425.766
18738.35,26.299999999999272,18852.311
18738.36,26.31000000000131,19091.107
18738.37,26.31999999999971,18995.564
18738.38,26.330000000001746,18852.311
18738.39,26.340000000000146,19091.107
18738.4,26.350000000002183,19473.605
18738.41,26.360000000000582,19186.684
18738.42,26.36999999999898,19282.291
18738.43,26.38000000000102,19282.291
18738.44,26.389999999999418,19330.107
18738.45,26.400000000001455,19425.766
18738.46,26.409999999999854,19091.107
18738.47,26.42000000000189,18900.055
18738.48,26.43000000000029,18947.805
18738.49,26.44000000000233,19186.684
18738.5,26.450000000000728,18995.564
18738.51,26.459999999999127,18947.805
18738.52,26.470000000001164,20000.389
18738.53,26.479999999999563,20432.125
18738.54,26.4900000000016,20864.52
18738.55,26.5,21056.904
18738.56,26.510000000002037,20912.604
18738.57,26.520000000000437,21345.729
18738.58,26.530000000002474,21538.439
18738.59,26.540000000000873,21345.729
18738.6,26.549999999999272,20768.375
18738.61,26.56000000000131,20864.52
18738.62,26.56999999999971,20912.604
18738.63,26.580000000001746,21201.279
18738.64,26.590000000000146,21008.797
18738.65,26.600000000002183,21345.729
18738.66,26.610000000000582,21201.279
18738.67,26.61999999999898,21201.279
18738.68,26.63000000000102,21201.279
18738.69,26.639999999999418,21056.904
18738.7,26.650000000001455,21008.797
18738.71,26.659999999999854,21153.146
18738.72,26.67000000000189,21105.021
18738.73,26.68000000000029,21249.422
18738.74,26.69000000000233,21249.422
18738.75,26.700000000000728,21201.279
18738.76,26.709999999999127,20960.695
18738.77,26.720000000001164,21538.439
18738.78,26.729999999999563,21586.637
18738.79,26.7400000000016,21393.895
18738.8,26.75,21008.797
18738.81,26.760000000002037,21201.279
18738.82,26.770000000000437,21056.904
18738.83,26.780000000002474,20960.695
18738.84,26.790000000000873,21345.729
18738.85,26.799999999999272,20864.52
18738.86,26.81000000000131,21153.146
18738.87,26.81999999999971,21345.729
18738.88,26.830000000001746,21345.729
18738.89,26.840000000000146,20912.604
18738.9,26.850000000002183,21297.57
18738.91,26.860000000000582,21345.729
18738.92,26.86999999999898,21201.279
18738.93,26.88000000000102,21345.729
18738.94,26.889999999999418,21249.422
18738.95,26.900000000001455,21105.021
18738.96,26.909999999999854,21249.422
18738.97,26.92000000000189,21249.422
18738.98,26.93000000000029,21490.25
18738.99,26.94000000000233,21297.57
18739.0,26.950000000000728,21105.021
18739.01,26.959999999999127,20960.695
18739.02,26.970000000001164,21249.422
18739.03,26.979999999999563,20960.695
18739.04,26.9900000000016,20768.375
18739.05,27.0,21249.422
18739.06,27.010000000002037,21153.146
18739.07,27.020000000000437,21249.422
18739.08,27.030000000002474,21201.279
18739.09,27.040000000000873,21538.439
18739.1,27.049999999999272,21249.422
18739.11,27.06000000000131,21201.279
18739.12,27.06999999999971,21393.895
18739.13,27.080000000001746,21201.279
18739.14,27.090000000000146,21201.279
18739.15,27.100000000002183,21249.422
18739.16,27.110000000000582,21249.422
18739.17,27.11999999999898,21105.021
18739.18,27.13000000000102,21297.57
18739.19,27.139999999999418,21008.797
18739.2,27.150000000001455,21345.729
18739.21,27.159999999999854,21297.57
18739.22,27.17000000000189,21393.895
18739.23,27.18000000000029,21153.146
18739.24,27.19000000000233,21345.729
18739.25,27.200000000000728,21201.279
18739.26,27.209999999999127,20816.443
18739.27,27.220000000001164,20960.695
18739.28,27.229999999999563,21442.066
18739.29,27.2400000000016,21634.844
18739.3,27.25,21345.729
18739.31,27.260000000002037,20960.695
18739.32,27.270000000000437,21345.729
18739.33,27.280000000002474,21586.637
18739.34,27.290000000000873,21393.895
18739.35,27.299999999999272,21393.895
18739.36,27.31000000000131,21442.066
18739.37,27.31999999999971,21105.021
18739.38,27.330000000001746,21393.895
18739.39,27.340000000000146,21442.066
18739.4,27.350000000002183,21008.797
18739.41,27.360000000000582,21153.146
18739.42,27.36999999999898,21442.066
18739.43,27.38000000000102,21297.57
18739.44,27.389999999999418,21249.422
18739.45,27.400000000001455,21249.422
18739.46,27.409999999999854,21297.57
18739.47,27.42000000000189,21008.797
18739.48,27.43000000000029,21153.146
18739.49,27.44000000000233,21056.904
18739.5,27.450000000000728,21490.25
18739.51,27.459999999999127,20816.443
18739.52,27.470000000001164,21345.729
18739.53,27.479999999999563,21105.021
18739.54,27.4900000000016,21201.279
18739.55,27.5,21297.57
18739.56,27.510000000002037,21297.57
18739.57,27.520000000000437,21201.279
18739.58,27.530000000002474,21153.146
18739.59,27.540000000000873,21393.895
18739.6,27.549999999999272,21442.066
18739.61,27.56000000000131,20816.443
18739.62,27.56999999999971,21201.279
18739.63,27.580000000001746,21249.422
18739.64,27.590000000000146,21490.25
18739.65,27.600000000002183,21153.146
18739.66,27.610000000000582,20768.375
18739.67,27.61999999999898,21538.439
18739.68,27.63000000000102,21297.57
18739.69,27.639999999999418,21249.422
18739.7,27.650000000001455,21153.146
18739.71,27.659999999999854,21297.57
18739.72,27.67000000000189,21345.729
18739.73,27.68000000000029,21153.146
18739.74,27.69000000000233,21538.439
18739.75,27.700000000000728,21056.904
18739.76,27.709999999999127,20816.443
18739.77,27.720000000001164,21201.279
18739.78,27.729999999999563,21586.637
18739.79,27.7400000000016,21105.021
18739.8,27.75,21153.146
18739.81,27.760000000002037,21442.066
18739.82,27.770000000000437,21201.279
18739.83,27.780000000002474,20960.695
18739.84,27.790000000000873,21586.637
18739.85,27.799999999999272,21249.422
18739.86,27.81000000000131,21297.57
18739.87,27.81999999999971,21393.895
18739.88,27.830000000001746,21153.146
18739.89,27.840000000000146,21153.146
18739.9,27.850000000002183,21538.439
18739.91,27.860000000000582,21249.422
18739.92,27.86999999999898,20960.695
18739.93,27.88000000000102,21249.422
18739.94,27.889999999999418,21393.895
18739.95,27.900000000001455,21345.729
18739.96,27.909999999999854,21345.729
18739.97,27.92000000000189,20960.695
18739.98,27.93000000000029,21201.279
18739.99,27.94000000000233,21153.146
18740.0,27.950000000000728,21153.146
18740.01,27.959999999999127,20912.604
18740.02,27.970000000001164,21586.637
18740.03,27.979999999999563,21779.512
18740.04,27.9900000000016,21442.066
18740.05,28.0,21153.146
18740.06,28.010000000002037,21393.895
18740.07,28.020000000000437,20960.695
18740.08,28.030000000002474,20960.695
