time_ms,time_relative_ms,current_ua
20030.26,-170.90999999999985,21594.717
20030.27,-170.89999999999782,21546.52
20030.28,-170.88999999999942,21739.359
20030.29,-170.87999999999738,21739.359
20030.3,-170.86999999999898,21450.146
20030.31,-170.85999999999694,21594.717
20030.32,-170.84999999999854,21546.52
20030.33,-170.8399999999965,21594.717
20030.34,-170.8299999999981,21498.33
20030.35,-170.8199999999997,21594.717
20030.36,-170.80999999999767,21691.139
20030.37,-170.79999999999927,21450.146
20030.38,-170.78999999999724,21498.33
20030.39,-170.77999999999884,21546.52
20030.4,-170.7699999999968,21546.52
20030.41,-170.7599999999984,21498.33
20030.42,-170.75,21594.717
20030.43,-170.73999999999796,21594.717
20030.44,-170.72999999999956,21691.139
20030.45,-170.71999999999753,21739.359
20030.46,-170.70999999999913,21932.332
20030.47,-170.6999999999971,21642.924
20030.48,-170.6899999999987,21835.83
20030.49,-170.67999999999665,21691.139
20030.5,-170.66999999999825,21691.139
20030.51,-170.65999999999985,21691.139
20030.52,-170.64999999999782,21691.139
20030.53,-170.63999999999942,21594.717
20030.54,-170.62999999999738,21691.139
20030.55,-170.61999999999898,21691.139
20030.56,-170.60999999999694,21787.59
20030.57,-170.59999999999854,21546.52
20030.58,-170.5899999999965,21546.52
20030.59,-170.5799999999981,21691.139
20030.6,-170.5699999999997,21594.717
20030.61,-170.55999999999767,21739.359
20030.62,-170.54999999999927,21594.717
20030.63,-170.53999999999724,21546.52
20030.64,-170.52999999999884,21594.717
20030.65,-170.5199999999968,21546.52
20030.66,-170.5099999999984,21401.973
20030.67,-170.5,21739.359
20030.68,-170.48999999999796,21787.59
20030.69,-170.47999999999956,21546.52
20030.7,-170.46999999999753,21691.139
20030.71,-170.45999999999913,21594.717
20030.72,-170.4499999999971,21642.924
20030.73,-170.4399999999987,21787.59
20030.74,-170.42999999999665,21594.717
20030.75,-170.41999999999825,21594.717
20030.76,-170.40999999999985,21546.52
20030.77,-170.39999999999782,21642.924
20030.78,-170.38999999999942,21546.52
20030.79,-170.37999999999738,21401.973
20030.8,-170.36999999999898,21594.717
20030.81,-170.35999999999694,21642.924
20030.82,-170.34999999999854,21884.076
20030.83,-170.3399999999965,21642.924
20030.84,-170.3299999999981,21642.924
20030.85,-170.3199999999997,21691.139
20030.86,-170.30999999999767,21546.52
20030.87,-170.29999999999927,21594.717
20030.88,-170.28999999999724,21691.139
20030.89,-170.27999999999884,21787.59
20030.9,-170.2699999999968,21691.139
20030.91,-170.2599999999984,21498.33
20030.92,-170.25,21546.52
20030.93,-170.23999999999796,21787.59
20030.94,-170.22999999999956,21884.076
20030.95,-170.21999999999753,21546.52
20030.96,-170.20999999999913,21691.139
20030.97,-170.1999999999971,21546.52
20030.98,-170.1899999999987,21594.717
20030.99,-170.17999999999665,21691.139
20031.0,-170.16999999999825,21642.924
20031.01,-170.15999999999985,21546.52
20031.02,-170.14999999999782,21691.139
20031.03,-170.13999999999942,21787.59
20031.04,-170.12999999999738,21787.59
20031.05,-170.11999999999898,21642.924
20031.06,-170.10999999999694,21546.52
20031.07,-170.09999999999854,21546.52
20031.08,-170.0899999999965,21594.717
20031.09,-170.0799999999981,21546.52
20031.1,-170.0699999999997,21594.717
20031.11,-170.05999999999767,21691.139
20031.12,-170.04999999999927,21787.59
20031.13,-170.03999999999724,21546.52
20031.14,-170.02999999999884,21787.59
20031.15,-170.0199999999968,21594.717
20031.16,-170.0099999999984,21546.52
20031.17,-170.0,21546.52
20031.18,-169.98999999999796,21691.139
20031.19,-169.97999999999956,21739.359
20031.2,-169.96999999999753,21498.33
20031.21,-169.95999999999913,21401.973
20031.22,-169.9499999999971,21739.359
20031.23,-169.9399999999987,21739.359
20031.24,-169.92999999999665,21546.52
20031.25,-169.91999999999825,21546.52
20031.26,-169.90999999999985,21691.139
20031.27,-169.89999999999782,21691.139
20031.28,-169.88999999999942,21546.52
20031.29,-169.87999999999738,21594.717
20031.3,-169.86999999999898,21642.924
20031.31,-169.85999999999694,21546.52
20031.32,-169.84999999999854,21739.359
20031.33,-169.8399999999965,21594.717
20031.34,-169.8299999999981,21691.139
20031.35,-169.8199999999997,21546.52
20031.36,-169.80999999999767,21642.924
20031.37,-169.79999999999927,21691.139
20031.38,-169.78999999999724,21594.717
20031.39,-169.77999999999884,21787.59
20031.4,-169.7699999999968,21642.924
20031.41,-169.7599999999984,21401.973
20031.42,-169.75,21594.717
20031.43,-169.73999999999796,21546.52
20031.44,-169.72999999999956,21739.359
20031.45,-169.71999999999753,21450.146
20031.46,-169.70999999999913,21594.717
20031.47,-169.6999999999971,21498.33
20031.48,-169.6899999999987,21594.717
20031.49,-169.67999999999665,21594.717
20031.5,-169.66999999999825,21498.33
20031.51,-169.65999999999985,21642.924
20031.52,-169.64999999999782,21691.139
20031.53,-169.63999999999942,21594.717
20031.54,-169.62999999999738,21450.146
20031.55,-169.61999999999898,21642.924
20031.56,-169.60999999999694,21739.359
20031.57,-169.59999999999854,21787.59
20031.58,-169.5899999999965,21642.924
20031.59,-169.5799999999981,21691.139
20031.6,-169.5699999999997,21546.52
20031.61,-169.55999999999767,21691.139
20031.62,-169.54999999999927,21642.924
20031.63,-169.53999999999724,21691.139
20031.64,-169.52999999999884,21787.59
20031.65,-169.5199999999968,21546.52
20031.66,-169.5099999999984,21498.33
20031.67,-169.5,21546.52
20031.68,-169.48999999999796,21739.359
20031.69,-169.47999999999956,21739.359
20031.7,-169.46999999999753,21835.83
20031.71,-169.45999999999913,21691.139
20031.72,-169.4499999999971,21594.717
20031.73,-169.4399999999987,21787.59
20031.74,-169.42999999999665,21642.924
20031.75,-169.41999999999825,21498.33
20031.76,-169.40999999999985,21739.359
20031.77,-169.39999999999782,21691.139
20031.78,-169.38999999999942,21546.52
20031.79,-169.37999999999738,21642.924
20031.8,-169.36999999999898,21594.717
20031.81,-169.35999999999694,21691.139
20031.82,-169.34999999999854,21691.139
20031.83,-169.3399999999965,21787.59
20031.84,-169.3299999999981,21594.717
20031.85,-169.3199999999997,21594.717
20031.86,-169.30999999999767,21498.33
20031.87,-169.29999999999927,21546.52
20031.88,-169.28999999999724,21642.924
20031.89,-169.27999999999884,21546.52
20031.9,-169.2699999999968,21691.139
20031.91,-169.2599999999984,21498.33
20031.92,-169.25,21498.33
20031.93,-169.23999999999796,21691.139
20031.94,-169.22999999999956,21546.52
20031.95,-169.21999999999753,21546.52
20031.96,-169.20999999999913,21594.717
20031.97,-169.1999999999971,21932.332
20031.98,-169.1899999999987,21691.139
20031.99,-169.17999999999665,21739.359
20032.0,-169.16999999999825,21498.33
20032.01,-169.15999999999985,21642.924
20032.02,-169.14999999999782,21498.33
20032.03,-169.13999999999942,21594.717
20032.04,-169.12999999999738,21691.139
20032.05,-169.11999999999898,21835.83
20032.06,-169.10999999999694,21691.139
20032.07,-169.09999999999854,21835.83
20032.08,-169.0899999999965,21594.717
20032.09,-169.0799999999981,21739.359
20032.1,-169.0699999999997,21739.359
20032.11,-169.05999999999767,21642.924
20032.12,-169.04999999999927,21546.52
20032.13,-169.03999999999724,21450.146
20032.14,-169.02999999999884,21642.924
20032.15,-169.0199999999968,21450.146
20032.16,-169.0099999999984,21498.33
20032.17,-169.0,21691.139
20032.18,-168.98999999999796,21594.717
20032.19,-168.97999999999956,21787.59
20032.2,-168.96999999999753,21642.924
20032.21,-168.95999999999913,21546.52
20032.22,-168.9499999999971,21546.52
20032.23,-168.9399999999987,21546.52
20032.24,-168.92999999999665,21739.359
20032.25,-168.91999999999825,21739.359
20032.26,-168.90999999999985,21594.717
20032.27,-168.89999999999782,21739.359
20032.28,-168.88999999999942,21594.717
20032.29,-168.87999999999738,21787.59
20032.3,-168.86999999999898,21594.717
20032.31,-168.85999999999694,21594.717
20032.32,-168.84999999999854,21739.359
20032.33,-168.8399999999965,21980.594
20032.34,-168.8299999999981,21787.59
20032.35,-168.8199999999997,21594.717
20032.36,-168.80999999999767,21642.924
20032.37,-168.79999999999927,21498.33
20032.38,-168.78999999999724,21546.52
20032.39,-168.77999999999884,21739.359
20032.4,-168.7699999999968,21691.139
20032.41,-168.7599999999984,21546.52
20032.42,-168.75,21594.717
20032.43,-168.73999999999796,21594.717
20032.44,-168.72999999999956,21546.52
20032.45,-168.71999999999753,21546.52
20032.46,-168.70999999999913,21739.359
20032.47,-168.6999999999971,21739.359
20032.48,-168.6899999999987,21691.139
20032.49,-168.67999999999665,21594.717
20032.5,-168.66999999999825,21546.52
20032.51,-168.65999999999985,21546.52
20032.52,-168.64999999999782,21691.139
20032.53,-168.63999999999942,21594.717
20032.54,-168.62999999999738,21594.717
20032.55,-168.61999999999898,21884.076
20032.56,-168.60999999999694,21691.139
20032.57,-168.59999999999854,21787.59
20032.58,-168.5899999999965,21594.717
20032.59,-168.5799999999981,21353.809
20032.6,-168.5699999999997,21642.924
20032.61,-168.55999999999767,21642.924
20032.62,-168.54999999999927,21498.33
20032.63,-168.53999999999724,21594.717
20032.64,-168.52999999999884,21546.52
20032.65,-168.5199999999968,21594.717
20032.66,-168.5099999999984,21642.924
20032.67,-168.5,21594.717
20032.68,-168.48999999999796,21594.717
20032.69,-168.47999999999956,21739.359
20032.7,-168.46999999999753,21787.59
20032.71,-168.45999999999913,21642.924
20032.72,-168.4499999999971,21642.924
20032.73,-168.4399999999987,21691.139
20032.74,-168.42999999999665,21691.139
20032.75,-168.41999999999825,21594.717
20032.76,-168.40999999999985,21691.139
20032.77,-168.39999999999782,21739.359
20032.78,-168.38999999999942,21739.359
20032.79,-168.37999999999738,21546.52
20032.8,-168.36999999999898,21691.139
20032.81,-168.35999999999694,21884.076
20032.82,-168.34999999999854,21787.59
20032.83,-168.3399999999965,21787.59
20032.84,-168.3299999999981,21642.924
20032.85,-168.3199999999997,21642.924
20032.86,-168.30999999999767,21739.359
20032.87,-168.29999999999927,21642.924
20032.88,-168.28999999999724,21691.139
20032.89,-168.27999999999884,21739.359
20032.9,-168.2699999999968,21546.52
20032.91,-168.2599999999984,21498.33
20032.92,-168.25,21787.59
20032.93,-168.23999999999796,21739.359
20032.94,-168.22999999999956,21691.139
20032.95,-168.21999999999753,21450.146
20032.96,-168.20999999999913,21594.717
20032.97,-168.1999999999971,21594.717
20032.98,-168.1899999999987,21787.59
20032.99,-168.17999999999665,21546.52
20033.0,-168.16999999999825,21642.924
20033.01,-168.15999999999985,21450.146
20033.02,-168.14999999999782,21739.359
20033.03,-168.13999999999942,21450.146
20033.04,-168.12999999999738,21594.717
20033.05,-168.11999999999898,21401.973
20033.06,-168.10999999999694,21787.59
20033.07,-168.09999999999854,21642.924
20033.08,-168.0899999999965,21546.52
20033.09,-168.0799999999981,21594.717
20033.1,-168.0699999999997,21642.924
20033.11,-168.05999999999767,21642.924
20033.12,-168.04999999999927,21450.146
20033.13,-168.03999999999724,21642.924
20033.14,-168.02999999999884,21787.59
20033.15,-168.0199999999968,21691.139
20033.16,-168.0099999999984,21546.52
20033.17,-168.0,21594.717
20033.18,-167.98999999999796,21642.924
20033.19,-167.97999999999956,21642.924
20033.2,-167.96999999999753,21594.717
20033.21,-167.95999999999913,21739.359
20033.22,-167.9499999999971,21787.59
20033.23,-167.9399999999987,21835.83
20033.24,-167.92999999999665,21787.59
20033.25,-167.91999999999825,21546.52
20033.26,-167.90999999999985,21691.139
20033.27,-167.89999999999782,21642.924
20033.28,-167.88999999999942,21691.139
20033.29,-167.87999999999738,21739.359
20033.3,-167.86999999999898,21498.33
20033.31,-167.85999999999694,21594.717
20033.32,-167.84999999999854,21498.33
20033.33,-167.8399999999965,21546.52
20033.34,-167.8299999999981,21546.52
20033.35,-167.8199999999997,21498.33
20033.36,-167.80999999999767,21594.717
20033.37,-167.79999999999927,21594.717
20033.38,-167.78999999999724,21642.924
20033.39,-167.77999999999884,21642.924
20033.4,-167.7699999999968,21498.33
20033.41,-167.7599999999984,21498.33
20033.42,-167.75,21353.809
20033.43,-167.73999999999796,21787.59
20033.44,-167.72999999999956,21787.59
20033.45,-167.71999999999753,21787.59
20033.46,-167.70999999999913,21691.139
20033.47,-167.6999999999971,21594.717
20033.48,-167.6899999999987,21739.359
20033.49,-167.67999999999665,21546.52
20033.5,-167.66999999999825,21450.146
20033.51,-167.65999999999985,21594.717
20033.52,-167.64999999999782,21546.52
20033.53,-167.63999999999942,21739.359
20033.54,-167.62999999999738,21642.924
20033.55,-167.61999999999898,21642.924
20033.56,-167.60999999999694,21691.139
20033.57,-167.59999999999854,21787.59
20033.58,-167.5899999999965,21787.59
20033.59,-167.5799999999981,21739.359
20033.6,-167.5699999999997,21642.924
20033.61,-167.55999999999767,21691.139
20033.62,-167.54999999999927,21546.52
20033.63,-167.53999999999724,21546.52
20033.64,-167.52999999999884,21787.59
20033.65,-167.5199999999968,21932.332
20033.66,-167.5099999999984,21739.359
20033.67,-167.5,21642.924
20033.68,-167.48999999999796,21691.139
20033.69,-167.47999999999956,21594.717
20033.7,-167.46999999999753,21498.33
20033.71,-167.45999999999913,21594.717
20033.72,-167.4499999999971,21546.52
20033.73,-167.4399999999987,21691.139
20033.74,-167.42999999999665,21546.52
20033.75,-167.41999999999825,21498.33
20033.76,-167.40999999999985,21594.717
20033.77,-167.39999999999782,21594.717
20033.78,-167.38999999999942,21932.332
20033.79,-167.37999999999738,21691.139
20033.8,-167.36999999999898,21691.139
20033.81,-167.35999999999694,21787.59
20033.82,-167.34999999999854,21546.52
20033.83,-167.3399999999965,21739.359
20033.84,-167.3299999999981,21787.59
20033.85,-167.3199999999997,21691.139
20033.86,-167.30999999999767,21691.139
20033.87,-167.29999999999927,21691.139
20033.88,-167.28999999999724,21498.33
20033.89,-167.27999999999884,21546.52
20033.9,-167.2699999999968,21450.146
20033.91,-167.2599999999984,21546.52
20033.92,-167.25,21691.139
20033.93,-167.23999999999796,21594.717
20033.94,-167.22999999999956,21739.359
20033.95,-167.21999999999753,21546.52
20033.96,-167.20999999999913,21642.924
20033.97,-167.1999999999971,21642.924
20033.98,-167.1899999999987,21546.52
20033.99,-167.17999999999665,21594.717
20034.0,-167.16999999999825,21642.924
20034.01,-167.15999999999985,21739.359
20034.02,-167.14999999999782,21739.359
20034.03,-167.13999999999942,21642.924
20034.04,-167.12999999999738,21691.139
20034.05,-167.11999999999898,21594.717
20034.06,-167.10999999999694,21642.924
20034.07,-167.09999999999854,21884.076
20034.08,-167.0899999999965,21884.076
20034.09,-167.0799999999981,21642.924
20034.1,-167.0699999999997,21594.717
20034.11,-167.05999999999767,21594.717
20034.12,-167.04999999999927,21642.924
20034.13,-167.03999999999724,21594.717
20034.14,-167.02999999999884,21691.139
20034.15,-167.0199999999968,21739.359
20034.16,-167.0099999999984,21594.717
20034.17,-167.0,21305.65
20034.18,-166.98999999999796,21498.33
20034.19,-166.97999999999956,21305.65
20034.2,-166.96999999999753,21787.59
20034.21,-166.95999999999913,22802.309
20034.22,-166.9499999999971,23286.768
20034.23,-166.9399999999987,23674.92
20034.24,-166.92999999999665,23577.832
20034.25,-166.91999999999825,24063.592
20034.26,-166.90999999999985,23917.777
20034.27,-166.89999999999782,24014.979
20034.28,-166.88999999999942,23674.92
20034.29,-166.87999999999738,23480.779
20034.3,-166.86999999999898,23626.373
20034.31,-166.85999999999694,23917.777
20034.32,-166.84999999999854,23674.92
20034.33,-166.8399999999965,23772.039
20034.34,-166.8299999999981,23674.92
20034.35,-166.8199999999997,23674.92
20034.36,-166.80999999999767,23723.475
20034.37,-166.79999999999927,23723.475
20034.38,-166.78999999999724,23820.611
20034.39,-166.77999999999884,23820.611
20034.4,-166.7699999999968,23772.039
20034.41,-166.7599999999984,23966.375
20034.42,-166.75,23674.92
20034.43,-166.73999999999796,23917.777
20034.44,-166.72999999999956,23674.92
20034.45,-166.71999999999753,23577.832
20034.46,-166.70999999999913,23626.373
20034.47,-166.6999999999971,23577.832
20034.48,-166.6899999999987,23626.373
20034.49,-166.67999999999665,23723.475
20034.5,-166.66999999999825,23917.777
20034.51,-166.65999999999985,23577.832
20034.52,-166.64999999999782,23772.039
20034.53,-166.63999999999942,23917.777
20034.54,-166.62999999999738,23772.039
20034.55,-166.61999999999898,23869.189
20034.56,-166.60999999999694,23820.611
20034.57,-166.59999999999854,23820.611
20034.58,-166.5899999999965,23869.189
20034.59,-166.5799999999981,23772.039
20034.6,-166.5699999999997,23917.777
20034.61,-166.55999999999767,23577.832
20034.62,-166.54999999999927,23674.92
20034.63,-166.53999999999724,23577.832
20034.64,-166.52999999999884,23626.373
20034.65,-166.5199999999968,23480.779
20034.66,-166.5099999999984,23723.475
20034.67,-166.5,23674.92
20034.68,-166.48999999999796,23577.832
20034.69,-166.47999999999956,23966.375
20034.7,-166.46999999999753,23723.475
20034.71,-166.45999999999913,23674.92
20034.72,-166.4499999999971,23674.92
20034.73,-166.4399999999987,23917.777
20034.74,-166.42999999999665,23820.611
20034.75,-166.41999999999825,23869.189
20034.76,-166.40999999999985,23723.475
20034.77,-166.39999999999782,23674.92
20034.78,-166.38999999999942,23529.301
20034.79,-166.37999999999738,23529.301
20034.8,-166.36999999999898,23723.475
20034.81,-166.35999999999694,23820.611
20034.82,-166.34999999999854,23674.92
20034.83,-166.3399999999965,23820.611
20034.84,-166.3299999999981,23723.475
20034.85,-166.3199999999997,23577.832
20034.86,-166.30999999999767,23820.611
20034.87,-166.29999999999927,23820.611
20034.88,-166.28999999999724,23917.777
20034.89,-166.27999999999884,23674.92
20034.9,-166.2699999999968,23480.779
20034.91,-166.2599999999984,23723.475
20034.92,-166.25,23772.039
20034.93,-166.23999999999796,23820.611
20034.94,-166.22999999999956,23820.611
20034.95,-166.21999999999753,23869.189
20034.96,-166.20999999999913,23917.777
20034.97,-166.1999999999971,23626.373
20034.98,-166.1899999999987,23577.832
20034.99,-166.17999999999665,23480.779
20035.0,-166.16999999999825,23577.832
20035.01,-166.15999999999985,23626.373
20035.02,-166.14999999999782,23626.373
20035.03,-166.13999999999942,23529.301
20035.04,-166.12999999999738,23577.832
20035.05,-166.11999999999898,24258.121
20035.06,-166.10999999999694,24842.494
20035.07,-166.09999999999854,25037.545
20035.08,-166.0899999999965,24745.018
20035.09,-166.0799999999981,24793.752
20035.1,-166.0699999999997,24842.494
20035.11,-166.05999999999767,25086.328
20035.12,-166.04999999999927,25086.328
20035.13,-166.03999999999724,23432.264
20035.14,-166.02999999999884,22173.729
20035.15,-166.0199999999968,21546.52
20035.16,-166.0099999999984,21257.502
20035.17,-166.0,21353.809
20035.18,-165.98999999999796,21594.717
20035.19,-165.97999999999956,21498.33
20035.2,-165.96999999999753,21546.52
20035.21,-165.95999999999913,21450.146
20035.22,-165.9499999999971,21498.33
20035.23,-165.9399999999987,21450.146
20035.24,-165.92999999999665,21594.717
20035.25,-165.91999999999825,21642.924
20035.26,-165.90999999999985,21546.52
20035.27,-165.89999999999782,21450.146
20035.28,-165.88999999999942,21353.809
20035.29,-165.87999999999738,21498.33
20035.3,-165.86999999999898,21498.33
20035.31,-165.85999999999694,21546.52
20035.32,-165.84999999999854,21546.52
20035.33,-165.8399999999965,21498.33
20035.34,-165.8299999999981,21594.717
20035.35,-165.8199999999997,21450.146
20035.36,-165.80999999999767,21594.717
20035.37,-165.79999999999927,21401.973
20035.38,-165.78999999999724,21450.146
20035.39,-165.77999999999884,21546.52
20035.4,-165.7699999999968,21353.809
20035.41,-165.7599999999984,21450.146
20035.42,-165.75,21450.146
20035.43,-165.73999999999796,21450.146
20035.44,-165.72999999999956,21498.33
20035.45,-165.71999999999753,21546.52
20035.46,-165.70999999999913,21257.502
20035.47,-165.6999999999971,21546.52
20035.48,-165.6899999999987,21498.33
20035.49,-165.67999999999665,21594.717
20035.5,-165.66999999999825,21498.33
20035.51,-165.65999999999985,21546.52
20035.52,-165.64999999999782,21450.146
20035.53,-165.63999999999942,21450.146
20035.54,-165.62999999999738,21498.33
20035.55,-165.61999999999898,21353.809
20035.56,-165.60999999999694,21450.146
20035.57,-165.59999999999854,21642.924
20035.58,-165.5899999999965,21594.717
20035.59,-165.5799999999981,21546.52
20035.6,-165.5699999999997,21353.809
20035.61,-165.55999999999767,21594.717
20035.62,-165.54999999999927,21546.52
20035.63,-165.53999999999724,21450.146
20035.64,-165.52999999999884,21401.973
20035.65,-165.5199999999968,21305.65
20035.66,-165.5099999999984,21546.52
20035.67,-165.5,21546.52
20035.68,-165.48999999999796,21498.33
20035.69,-165.47999999999956,21594.717
20035.7,-165.46999999999753,21450.146
20035.71,-165.45999999999913,21450.146
20035.72,-165.4499999999971,21401.973
20035.73,-165.4399999999987,21401.973
20035.74,-165.42999999999665,21594.717
20035.75,-165.41999999999825,21305.65
20035.76,-165.40999999999985,21498.33
20035.77,-165.39999999999782,21498.33
20035.78,-165.38999999999942,21450.146
20035.79,-165.37999999999738,21353.809
20035.8,-165.36999999999898,21498.33
20035.81,-165.35999999999694,21498.33
20035.82,-165.34999999999854,21546.52
20035.83,-165.3399999999965,21594.717
20035.84,-165.3299999999981,21594.717
20035.85,-165.3199999999997,21498.33
20035.86,-165.30999999999767,21546.52
20035.87,-165.29999999999927,21257.502
20035.88,-165.28999999999724,21450.146
20035.89,-165.27999999999884,21546.52
20035.9,-165.2699999999968,21450.146
20035.91,-165.2599999999984,21546.52
20035.92,-165.25,21546.52
20035.93,-165.23999999999796,21401.973
20035.94,-165.22999999999956,21691.139
20035.95,-165.21999999999753,21498.33
20035.96,-165.20999999999913,21594.717
20035.97,-165.1999999999971,21450.146
20035.98,-165.1899999999987,21594.717
20035.99,-165.17999999999665,21546.52
20036.0,-165.16999999999825,21546.52
20036.01,-165.15999999999985,21353.809
20036.02,-165.14999999999782,21450.146
20036.03,-165.13999999999942,21691.139
20036.04,-165.12999999999738,21450.146
20036.05,-165.11999999999898,21305.65
20036.06,-165.10999999999694,21401.973
20036.07,-165.09999999999854,21498.33
20036.08,-165.0899999999965,21161.227
20036.09,-165.0799999999981,21498.33
20036.1,-165.0699999999997,21450.146
20036.11,-165.05999999999767,21691.139
20036.12,-165.04999999999927,21450.146
20036.13,-165.03999999999724,21450.146
20036.14,-165.02999999999884,21594.717
20036.15,-165.0199999999968,21353.809
20036.16,-165.0099999999984,21498.33
20036.17,-165.0,21305.65
20036.18,-164.98999999999796,21498.33
20036.19,-164.97999999999956,21401.973
20036.2,-164.96999999999753,21498.33
20036.21,-164.95999999999913,21546.52
20036.22,-164.9499999999971,21498.33
20036.23,-164.9399999999987,21594.717
20036.24,-164.92999999999665,21546.52
20036.25,-164.91999999999825,21450.146
20036.26,-164.90999999999985,21353.809
20036.27,-164.89999999999782,21546.52
20036.28,-164.88999999999942,21498.33
20036.29,-164.87999999999738,21401.973
20036.3,-164.86999999999898,21450.146
20036.31,-164.85999999999694,21353.809
20036.32,-164.84999999999854,21450.146
20036.33,-164.8399999999965,21401.973
20036.34,-164.8299999999981,21450.146
20036.35,-164.8199999999997,21642.924
20036.36,-164.80999999999767,21594.717
20036.37,-164.79999999999927,21594.717
20036.38,-164.78999999999724,21450.146
20036.39,-164.77999999999884,21546.52
20036.4,-164.7699999999968,21546.52
20036.41,-164.7599999999984,21546.52
20036.42,-164.75,21498.33
20036.43,-164.73999999999796,21401.973
20036.44,-164.72999999999956,21450.146
20036.45,-164.71999999999753,21305.65
20036.46,-164.70999999999913,21401.973
20036.47,-164.6999999999971,21498.33
20036.48,-164.6899999999987,21353.809
20036.49,-164.67999999999665,21450.146
20036.5,-164.66999999999825,21594.717
20036.51,-164.65999999999985,21546.52
20036.52,-164.64999999999782,21498.33
20036.53,-164.63999999999942,21594.717
20036.54,-164.62999999999738,21594.717
20036.55,-164.61999999999898,21594.717
20036.56,-164.60999999999694,21642.924
20036.57,-164.59999999999854,21401.973
20036.58,-164.5899999999965,21546.52
20036.59,-164.5799999999981,21353.809
20036.6,-164.5699999999997,21498.33
20036.61,-164.55999999999767,21353.809
20036.62,-164.54999999999927,21450.146
20036.63,-164.53999999999724,21498.33
20036.64,-164.52999999999884,21546.52
20036.65,-164.5199999999968,21546.52
20036.66,-164.5099999999984,21498.33
20036.67,-164.5,21401.973
20036.68,-164.48999999999796,21594.717
20036.69,-164.47999999999956,21257.502
20036.7,-164.46999999999753,21450.146
20036.71,-164.45999999999913,21161.227
20036.72,-164.4499999999971,21498.33
20036.73,-164.4399999999987,21353.809
20036.74,-164.42999999999665,21498.33
20036.75,-164.41999999999825,21353.809
20036.76,-164.40999999999985,21498.33
20036.77,-164.39999999999782,21594.717
20036.78,-164.38999999999942,21450.146
20036.79,-164.37999999999738,21787.59
20036.8,-164.36999999999898,21546.52
20036.81,-164.35999999999694,21353.809
20036.82,-164.34999999999854,21353.809
20036.83,-164.3399999999965,21353.809
20036.84,-164.3299999999981,21594.717
20036.85,-164.3199999999997,21594.717
20036.86,-164.30999999999767,21450.146
20036.87,-164.29999999999927,21353.809
20036.88,-164.28999999999724,21546.52
20036.89,-164.27999999999884,21546.52
20036.9,-164.2699999999968,21691.139
20036.91,-164.2599999999984,21546.52
20036.92,-164.25,21787.59
20036.93,-164.23999999999796,21642.924
20036.94,-164.22999999999956,21642.924
20036.95,-164.21999999999753,21498.33
20036.96,-164.20999999999913,21498.33
20036.97,-164.1999999999971,21450.146
20036.98,-164.1899999999987,21450.146
20036.99,-164.17999999999665,21594.717
20037.0,-164.16999999999825,21305.65
20037.01,-164.15999999999985,21450.146
20037.02,-164.14999999999782,21450.146
20037.03,-164.13999999999942,21594.717
20037.04,-164.12999999999738,21257.502
20037.05,-164.11999999999898,21498.33
20037.06,-164.10999999999694,21450.146
20037.07,-164.09999999999854,21546.52
20037.08,-164.0899999999965,21353.809
20037.09,-164.0799999999981,21498.33
20037.1,-164.0699999999997,21594.717
20037.11,-164.05999999999767,21594.717
20037.12,-164.04999999999927,21594.717
20037.13,-164.03999999999724,21594.717
20037.14,-164.02999999999884,21401.973
20037.15,-164.0199999999968,21546.52
20037.16,-164.0099999999984,21401.973
20037.17,-164.0,21546.52
20037.18,-163.98999999999796,21450.146
20037.19,-163.97999999999956,21594.717
20037.2,-163.96999999999753,21498.33
20037.21,-163.95999999999913,21401.973
20037.22,-163.9499999999971,21594.717
20037.23,-163.9399999999987,21594.717
20037.24,-163.92999999999665,21450.146
20037.25,-163.91999999999825,21594.717
20037.26,-163.90999999999985,21450.146
20037.27,-163.89999999999782,21498.33
20037.28,-163.88999999999942,21594.717
20037.29,-163.87999999999738,21305.65
20037.3,-163.86999999999898,21594.717
20037.31,-163.85999999999694,21546.52
20037.32,-163.84999999999854,21546.52
20037.33,-163.8399999999965,21546.52
20037.34,-163.8299999999981,21546.52
20037.35,-163.8199999999997,21450.146
20037.36,-163.80999999999767,21353.809
20037.37,-163.79999999999927,21642.924
20037.38,-163.78999999999724,21353.809
20037.39,-163.77999999999884,21787.59
20037.4,-163.7699999999968,21353.809
20037.41,-163.7599999999984,21498.33
20037.42,-163.75,21498.33
20037.43,-163.73999999999796,21450.146
20037.44,-163.72999999999956,21498.33
20037.45,-163.71999999999753,21546.52
20037.46,-163.70999999999913,21450.146
20037.47,-163.6999999999971,21401.973
20037.48,-163.6899999999987,21450.146
20037.49,-163.67999999999665,21546.52
20037.5,-163.66999999999825,21546.52
20037.51,-163.65999999999985,21353.809
20037.52,-163.64999999999782,21498.33
20037.53,-163.63999999999942,21305.65
20037.54,-163.62999999999738,21498.33
20037.55,-163.61999999999898,21353.809
20037.56,-163.60999999999694,21450.146
20037.57,-163.59999999999854,21498.33
20037.58,-163.5899999999965,21401.973
20037.59,-163.5799999999981,21450.146
20037.6,-163.5699999999997,21594.717
20037.61,-163.55999999999767,21594.717
20037.62,-163.54999999999927,21498.33
20037.63,-163.53999999999724,21353.809
20037.64,-163.52999999999884,21450.146
20037.65,-163.5199999999968,21642.924
20037.66,-163.5099999999984,21691.139
20037.67,-163.5,21642.924
20037.68,-163.48999999999796,21642.924
20037.69,-163.47999999999956,21498.33
20037.7,-163.46999999999753,21691.139
20037.71,-163.45999999999913,21450.146
20037.72,-163.4499999999971,21594.717
20037.73,-163.4399999999987,21450.146
20037.74,-163.42999999999665,21594.717
20037.75,-163.41999999999825,21546.52
20037.76,-163.40999999999985,21353.809
20037.77,-163.39999999999782,21353.809
20037.78,-163.38999999999942,21594.717
20037.79,-163.37999999999738,21594.717
20037.8,-163.36999999999898,21353.809
20037.81,-163.35999999999694,21450.146
20037.82,-163.34999999999854,21498.33
20037.83,-163.3399999999965,21450.146
20037.84,-163.3299999999981,21498.33
20037.85,-163.3199999999997,21401.973
20037.86,-163.30999999999767,21498.33
20037.87,-163.29999999999927,21401.973
20037.88,-163.28999999999724,21546.52
20037.89,-163.27999999999884,21353.809
20037.9,-163.2699999999968,21546.52
20037.91,-163.2599999999984,21498.33
20037.92,-163.25,21787.59
20037.93,-163.23999999999796,21401.973
20037.94,-163.22999999999956,21450.146
20037.95,-163.21999999999753,21498.33
20037.96,-163.20999999999913,21498.33
20037.97,-163.1999999999971,21305.65
20037.98,-163.1899999999987,21642.924
20037.99,-163.17999999999665,21642.924
20038.0,-163.16999999999825,21594.717
20038.01,-163.15999999999985,21498.33
20038.02,-163.14999999999782,21450.146
20038.03,-163.13999999999942,21450.146
20038.04,-163.12999999999738,21305.65
20038.05,-163.11999999999898,21594.717
20038.06,-163.10999999999694,21594.717
20038.07,-163.09999999999854,21450.146
20038.08,-163.0899999999965,21450.146
20038.09,-163.0799999999981,21401.973
20038.1,-163.0699999999997,21450.146
20038.11,-163.05999999999767,21401.973
20038.12,-163.04999999999927,21594.717
20038.13,-163.03999999999724,21401.973
20038.14,-163.02999999999884,21546.52
20038.15,-163.0199999999968,21594.717
20038.16,-163.0099999999984,21401.973
20038.17,-163.0,21450.146
20038.18,-162.98999999999796,21450.146
20038.19,-162.97999999999956,21305.65
20038.2,-162.96999999999753,21594.717
20038.21,-162.95999999999913,21594.717
20038.22,-162.9499999999971,21498.33
20038.23,-162.9399999999987,21594.717
20038.24,-162.92999999999665,21305.65
20038.25,-162.91999999999825,21594.717
20038.26,-162.90999999999985,21401.973
20038.27,-162.89999999999782,21642.924
20038.28,-162.88999999999942,21691.139
20038.29,-162.87999999999738,21498.33
20038.3,-162.86999999999898,21401.973
20038.31,-162.85999999999694,21498.33
20038.32,-162.84999999999854,21498.33
20038.33,-162.8399999999965,21498.33
20038.34,-162.8299999999981,21498.33
20038.35,-162.8199999999997,21691.139
20038.36,-162.80999999999767,21546.52
20038.37,-162.79999999999927,21546.52
20038.38,-162.78999999999724,21401.973
20038.39,-162.77999999999884,21546.52
20038.4,-162.7699999999968,21546.52
20038.41,-162.7599999999984,21401.973
20038.42,-162.75,21594.717
20038.43,-162.73999999999796,21353.809
20038.44,-162.72999999999956,21498.33
20038.45,-162.71999999999753,21546.52
20038.46,-162.70999999999913,21498.33
20038.47,-162.6999999999971,21450.146
20038.48,-162.6899999999987,21401.973
20038.49,-162.67999999999665,21594.717
20038.5,-162.66999999999825,21450.146
20038.51,-162.65999999999985,21498.33
20038.52,-162.64999999999782,21450.146
20038.53,-162.63999999999942,21498.33
20038.54,-162.62999999999738,21594.717
20038.55,-162.61999999999898,21498.33
20038.56,-162.60999999999694,21546.52
20038.57,-162.59999999999854,21305.65
20038.58,-162.5899999999965,21353.809
20038.59,-162.5799999999981,21546.52
20038.6,-162.5699999999997,21594.717
20038.61,-162.55999999999767,21691.139
20038.62,-162.54999999999927,21450.146
20038.63,-162.53999999999724,21401.973
20038.64,-162.52999999999884,21739.359
20038.65,-162.5199999999968,21450.146
20038.66,-162.5099999999984,21401.973
20038.67,-162.5,21450.146
20038.68,-162.48999999999796,21401.973
20038.69,-162.47999999999956,21691.139
20038.7,-162.46999999999753,21305.65
20038.71,-162.45999999999913,21594.717
20038.72,-162.4499999999971,21498.33
20038.73,-162.4399999999987,21691.139
20038.74,-162.42999999999665,21546.52
20038.75,-162.41999999999825,21498.33
20038.76,-162.40999999999985,21498.33
20038.77,-162.39999999999782,21594.717
20038.78,-162.38999999999942,21546.52
20038.79,-162.37999999999738,21401.973
20038.8,-162.36999999999898,21450.146
20038.81,-162.35999999999694,21642.924
20038.82,-162.34999999999854,21546.52
20038.83,-162.3399999999965,21498.33
20038.84,-162.3299999999981,21450.146
20038.85,-162.3199999999997,21546.52
20038.86,-162.30999999999767,21691.139
20038.87,-162.29999999999927,21594.717
20038.88,-162.28999999999724,21353.809
20038.89,-162.27999999999884,21498.33
20038.9,-162.2699999999968,21450.146
20038.91,-162.2599999999984,21450.146
20038.92,-162.25,21353.809
20038.93,-162.23999999999796,21498.33
20038.94,-162.22999999999956,21353.809
20038.95,-162.21999999999753,21498.33
20038.96,-162.20999999999913,21546.52
20038.97,-162.1999999999971,21546.52
20038.98,-162.1899999999987,21498.33
20038.99,-162.17999999999665,21305.65
20039.0,-162.16999999999825,21498.33
20039.01,-162.15999999999985,21209.359
20039.02,-162.14999999999782,21546.52
20039.03,-162.13999999999942,21498.33
20039.04,-162.12999999999738,21450.146
20039.05,-162.11999999999898,21450.146
20039.06,-162.10999999999694,21450.146
20039.07,-162.09999999999854,21642.924
20039.08,-162.0899999999965,21353.809
20039.09,-162.0799999999981,21450.146
20039.1,-162.0699999999997,21450.146
20039.11,-162.05999999999767,21401.973
20039.12,-162.04999999999927,21305.65
20039.13,-162.03999999999724,21546.52
20039.14,-162.02999999999884,21546.52
20039.15,-162.0199999999968,21546.52
20039.16,-162.0099999999984,21594.717
20039.17,-162.0,21546.52
20039.18,-161.98999999999796,21450.146
20039.19,-161.97999999999956,21691.139
20039.2,-161.96999999999753,21401.973
20039.21,-161.95999999999913,21353.809
20039.22,-161.9499999999971,21450.146
20039.23,-161.9399999999987,21401.973
20039.24,-161.92999999999665,21450.146
20039.25,-161.91999999999825,21450.146
20039.26,-161.90999999999985,21498.33
20039.27,-161.89999999999782,21353.809
20039.28,-161.88999999999942,21450.146
20039.29,-161.87999999999738,21353.809
20039.3,-161.86999999999898,21546.52
20039.31,-161.85999999999694,21546.52
20039.32,-161.84999999999854,21546.52
20039.33,-161.8399999999965,21353.809
20039.34,-161.8299999999981,21498.33
20039.35,-161.8199999999997,21450.146
20039.36,-161.80999999999767,21450.146
20039.37,-161.79999999999927,21594.717
20039.38,-161.78999999999724,21594.717
20039.39,-161.77999999999884,21546.52
20039.4,-161.7699999999968,21642.924
20039.41,-161.7599999999984,21305.65
20039.42,-161.75,21546.52
20039.43,-161.73999999999796,21546.52
20039.44,-161.72999999999956,21353.809
20039.45,-161.71999999999753,21450.146
20039.46,-161.70999999999913,21450.146
20039.47,-161.6999999999971,21498.33
20039.48,-161.6899999999987,21546.52
20039.49,-161.67999999999665,21353.809
20039.5,-161.66999999999825,21401.973
20039.51,-161.65999999999985,21353.809
20039.52,-161.64999999999782,21498.33
20039.53,-161.63999999999942,21401.973
20039.54,-161.62999999999738,21450.146
20039.55,-161.61999999999898,21498.33
20039.56,-161.60999999999694,21450.146
20039.57,-161.59999999999854,21401.973
20039.58,-161.5899999999965,21450.146
20039.59,-161.5799999999981,21546.52
20039.6,-161.5699999999997,21594.717
20039.61,-161.55999999999767,21353.809
20039.62,-161.54999999999927,21353.809
20039.63,-161.53999999999724,21353.809
20039.64,-161.52999999999884,21353.809
20039.65,-161.5199999999968,21450.146
20039.66,-161.5099999999984,21498.33
20039.67,-161.5,21257.502
20039.68,-161.48999999999796,21546.52
20039.69,-161.47999999999956,21450.146
20039.7,-161.46999999999753,21594.717
20039.71,-161.45999999999913,21401.973
20039.72,-161.4499999999971,21353.809
20039.73,-161.4399999999987,21498.33
20039.74,-161.42999999999665,21498.33
20039.75,-161.41999999999825,21642.924
20039.76,-161.40999999999985,21498.33
20039.77,-161.39999999999782,21353.809
20039.78,-161.38999999999942,21401.973
20039.79,-161.37999999999738,21546.52
20039.8,-161.36999999999898,21498.33
20039.81,-161.35999999999694,21450.146
20039.82,-161.34999999999854,21739.359
20039.83,-161.3399999999965,21594.717
20039.84,-161.3299999999981,21546.52
20039.85,-161.3199999999997,21498.33
20039.86,-161.30999999999767,21498.33
20039.87,-161.29999999999927,21498.33
20039.88,-161.28999999999724,21353.809
20039.89,-161.27999999999884,21546.52
20039.9,-161.2699999999968,21450.146
20039.91,-161.2599999999984,21353.809
20039.92,-161.25,21498.33
20039.93,-161.23999999999796,21546.52
20039.94,-161.22999999999956,21546.52
20039.95,-161.21999999999753,21594.717
20039.96,-161.20999999999913,21546.52
20039.97,-161.1999999999971,21401.973
20039.98,-161.1899999999987,21594.717
20039.99,-161.17999999999665,21546.52
20040.0,-161.16999999999825,21353.809
20040.01,-161.15999999999985,21257.502
20040.02,-161.14999999999782,21546.52
20040.03,-161.13999999999942,21450.146
20040.04,-161.12999999999738,21450.146
20040.05,-161.11999999999898,21353.809
20040.06,-161.10999999999694,21353.809
20040.07,-161.09999999999854,21642.924
20040.08,-161.0899999999965,21401.973
20040.09,-161.0799999999981,21401.973
20040.1,-161.0699999999997,21594.717
20040.11,-161.05999999999767,21401.973
20040.12,-161.04999999999927,21594.717
20040.13,-161.03999999999724,21498.33
20040.14,-161.02999999999884,21353.809
20040.15,-161.0199999999968,21498.33
20040.16,-161.0099999999984,21353.809
20040.17,-161.0,21546.52
20040.18,-160.98999999999796,21498.33
20040.19,-160.97999999999956,21353.809
20040.2,-160.96999999999753,21353.809
20040.21,-160.95999999999913,21353.809
20040.22,-160.9499999999971,21401.973
20040.23,-160.9399999999987,21546.52
20040.24,-160.92999999999665,21353.809
20040.25,-160.91999999999825,21401.973
20040.26,-160.90999999999985,21401.973
20040.27,-160.89999999999782,21353.809
20040.28,-160.88999999999942,21546.52
20040.29,-160.87999999999738,21353.809
20040.3,-160.86999999999898,21353.809
20040.31,-160.85999999999694,21450.146
20040.32,-160.84999999999854,21353.809
20040.33,-160.8399999999965,21353.809
20040.34,-160.8299999999981,21450.146
20040.35,-160.8199999999997,21546.52
20040.36,-160.80999999999767,21642.924
20040.37,-160.79999999999927,21401.973
20040.38,-160.78999999999724,21450.146
20040.39,-160.77999999999884,21546.52
20040.4,-160.7699999999968,21498.33
20040.41,-160.7599999999984,21353.809
20040.42,-160.75,21353.809
20040.43,-160.73999999999796,21401.973
20040.44,-160.72999999999956,21161.227
20040.45,-160.71999999999753,21498.33
20040.46,-160.70999999999913,21401.973
20040.47,-160.6999999999971,21401.973
20040.48,-160.6899999999987,21450.146
20040.49,-160.67999999999665,21257.502
20040.5,-160.66999999999825,21401.973
20040.51,-160.65999999999985,21353.809
20040.52,-160.64999999999782,21353.809
20040.53,-160.63999999999942,21546.52
20040.54,-160.62999999999738,21401.973
20040.55,-160.61999999999898,21546.52
20040.56,-160.60999999999694,21450.146
20040.57,-160.59999999999854,21594.717
20040.58,-160.5899999999965,21498.33
20040.59,-160.5799999999981,21450.146
20040.6,-160.5699999999997,21546.52
20040.61,-160.55999999999767,21642.924
20040.62,-160.54999999999927,21450.146
20040.63,-160.53999999999724,21691.139
20040.64,-160.52999999999884,21546.52
20040.65,-160.5199999999968,21498.33
20040.66,-160.5099999999984,21401.973
20040.67,-160.5,21305.65
20040.68,-160.48999999999796,21642.924
20040.69,-160.47999999999956,21546.52
20040.7,-160.46999999999753,21594.717
20040.71,-160.45999999999913,21594.717
20040.72,-160.4499999999971,21546.52
20040.73,-160.4399999999987,21642.924
20040.74,-160.42999999999665,21401.973
20040.75,-160.41999999999825,21546.52
20040.76,-160.40999999999985,21498.33
20040.77,-160.39999999999782,21546.52
20040.78,-160.38999999999942,21401.973
20040.79,-160.37999999999738,21498.33
20040.8,-160.36999999999898,21594.717
20040.81,-160.35999999999694,21498.33
20040.82,-160.34999999999854,21161.227
20040.83,-160.3399999999965,21401.973
20040.84,-160.3299999999981,21450.146
20040.85,-160.3199999999997,21401.973
20040.86,-160.30999999999767,21353.809
20040.87,-160.29999999999927,21498.33
20040.88,-160.28999999999724,21450.146
20040.89,-160.27999999999884,21450.146
20040.9,-160.2699999999968,21353.809
20040.91,-160.2599999999984,21498.33
20040.92,-160.25,21594.717
20040.93,-160.23999999999796,21546.52
20040.94,-160.22999999999956,21546.52
20040.95,-160.21999999999753,21594.717
20040.96,-160.20999999999913,21546.52
20040.97,-160.1999999999971,21498.33
20040.98,-160.1899999999987,21498.33
20040.99,-160.17999999999665,21498.33
20041.0,-160.16999999999825,21691.139
20041.01,-160.15999999999985,21498.33
20041.02,-160.14999999999782,21450.146
20041.03,-160.13999999999942,21450.146
20041.04,-160.12999999999738,21594.717
20041.05,-160.11999999999898,21498.33
20041.06,-160.10999999999694,21498.33
20041.07,-160.09999999999854,21450.146
20041.08,-160.0899999999965,21594.717
20041.09,-160.0799999999981,21450.146
20041.1,-160.0699999999997,21498.33
20041.11,-160.05999999999767,21691.139
20041.12,-160.04999999999927,21594.717
20041.13,-160.03999999999724,21594.717
20041.14,-160.02999999999884,21787.59
20041.15,-160.0199999999968,21594.717
20041.16,-160.0099999999984,21353.809
20041.17,-160.0,21594.717
20041.18,-159.98999999999796,21546.52
20041.19,-159.97999999999956,21546.52
20041.2,-159.96999999999753,21691.139
20041.21,-159.95999999999913,21257.502
20041.22,-159.9499999999971,21401.973
20041.23,-159.9399999999987,21498.33
20041.24,-159.92999999999665,21353.809
20041.25,-159.91999999999825,21401.973
20041.26,-159.90999999999985,21498.33
20041.27,-159.89999999999782,21594.717
20041.28,-159.88999999999942,21642.924
20041.29,-159.87999999999738,21498.33
20041.3,-159.86999999999898,21498.33
20041.31,-159.85999999999694,21353.809
20041.32,-159.84999999999854,21691.139
20041.33,-159.8399999999965,21546.52
20041.34,-159.8299999999981,21353.809
20041.35,-159.8199999999997,21450.146
20041.36,-159.80999999999767,21401.973
20041.37,-159.79999999999927,21498.33
20041.38,-159.78999999999724,21546.52
20041.39,-159.77999999999884,21450.146
20041.4,-159.7699999999968,21498.33
20041.41,-159.7599999999984,21594.717
20041.42,-159.75,21546.52
20041.43,-159.73999999999796,21498.33
20041.44,-159.72999999999956,21546.52
20041.45,-159.71999999999753,21498.33
20041.46,-159.70999999999913,21450.146
20041.47,-159.6999999999971,21353.809
20041.48,-159.6899999999987,21401.973
20041.49,-159.67999999999665,21450.146
20041.5,-159.66999999999825,21642.924
20041.51,-159.65999999999985,21257.502
20041.52,-159.64999999999782,21594.717
20041.53,-159.63999999999942,21642.924
20041.54,-159.62999999999738,21450.146
20041.55,-159.61999999999898,21691.139
20041.56,-159.60999999999694,21594.717
20041.57,-159.59999999999854,21353.809
20041.58,-159.5899999999965,21498.33
20041.59,-159.5799999999981,21450.146
20041.6,-159.5699999999997,21401.973
20041.61,-159.55999999999767,21546.52
20041.62,-159.54999999999927,21594.717
20041.63,-159.53999999999724,21450.146
20041.64,-159.52999999999884,21450.146
20041.65,-159.5199999999968,21450.146
20041.66,-159.5099999999984,21401.973
20041.67,-159.5,21691.139
20041.68,-159.48999999999796,21546.52
20041.69,-159.47999999999956,21546.52
20041.7,-159.46999999999753,21546.52
20041.71,-159.45999999999913,21691.139
20041.72,-159.4499999999971,21642.924
20041.73,-159.4399999999987,21932.332
20041.74,-159.42999999999665,21691.139
20041.75,-159.41999999999825,21932.332
20041.76,-159.40999999999985,21642.924
20041.77,-159.39999999999782,21642.924
20041.78,-159.38999999999942,21498.33
20041.79,-159.37999999999738,21353.809
20041.8,-159.36999999999898,21594.717
20041.81,-159.35999999999694,21594.717
20041.82,-159.34999999999854,21498.33
20041.83,-159.3399999999965,21546.52
20041.84,-159.3299999999981,21546.52
20041.85,-159.3199999999997,21546.52
20041.86,-159.30999999999767,21546.52
20041.87,-159.29999999999927,21498.33
20041.88,-159.28999999999724,21546.52
20041.89,-159.27999999999884,21691.139
20041.9,-159.2699999999968,21498.33
20041.91,-159.2599999999984,21450.146
20041.92,-159.25,21546.52
20041.93,-159.23999999999796,21546.52
20041.94,-159.22999999999956,21594.717
20041.95,-159.21999999999753,21353.809
20041.96,-159.20999999999913,21450.146
20041.97,-159.1999999999971,21642.924
20041.98,-159.1899999999987,21401.973
20041.99,-159.17999999999665,21594.717
20042.0,-159.16999999999825,21498.33
20042.01,-159.15999999999985,21546.52
20042.02,-159.14999999999782,21450.146
20042.03,-159.13999999999942,21450.146
20042.04,-159.12999999999738,21546.52
20042.05,-159.11999999999898,21594.717
20042.06,-159.10999999999694,21401.973
20042.07,-159.09999999999854,21546.52
20042.08,-159.0899999999965,21594.717
20042.09,-159.0799999999981,21450.146
20042.1,-159.0699999999997,21642.924
20042.11,-159.05999999999767,21546.52
20042.12,-159.04999999999927,21594.717
20042.13,-159.03999999999724,21546.52
20042.14,-159.02999999999884,21642.924
20042.15,-159.0199999999968,21498.33
20042.16,-159.0099999999984,21498.33
20042.17,-159.0,21353.809
20042.18,-158.98999999999796,21594.717
20042.19,-158.97999999999956,21546.52
20042.2,-158.96999999999753,21353.809
20042.21,-158.95999999999913,21257.502
20042.22,-158.9499999999971,21594.717
20042.23,-158.9399999999987,21546.52
20042.24,-158.92999999999665,21546.52
20042.25,-158.91999999999825,21401.973
20042.26,-158.90999999999985,21594.717
20042.27,-158.89999999999782,21498.33
20042.28,-158.88999999999942,21498.33
20042.29,-158.87999999999738,21450.146
20042.3,-158.86999999999898,21546.52
20042.31,-158.85999999999694,21642.924
20042.32,-158.84999999999854,21594.717
20042.33,-158.8399999999965,21546.52
20042.34,-158.8299999999981,21594.717
20042.35,-158.8199999999997,21594.717
20042.36,-158.80999999999767,21546.52
20042.37,-158.79999999999927,21450.146
20042.38,-158.78999999999724,21353.809
20042.39,-158.77999999999884,21498.33
20042.4,-158.7699999999968,21450.146
20042.41,-158.7599999999984,21353.809
20042.42,-158.75,21450.146
20042.43,-158.73999999999796,21401.973
20042.44,-158.72999999999956,21739.359
20042.45,-158.71999999999753,21594.717
20042.46,-158.70999999999913,21594.717
20042.47,-158.6999999999971,21546.52
20042.48,-158.6899999999987,21546.52
20042.49,-158.67999999999665,21546.52
20042.5,-158.66999999999825,21594.717
20042.51,-158.65999999999985,21498.33
20042.52,-158.64999999999782,21642.924
20042.53,-158.63999999999942,21787.59
20042.54,-158.62999999999738,21594.717
20042.55,-158.61999999999898,21594.717
20042.56,-158.60999999999694,21401.973
20042.57,-158.59999999999854,21594.717
20042.58,-158.5899999999965,21546.52
20042.59,-158.5799999999981,21546.52
20042.6,-158.5699999999997,21546.52
20042.61,-158.55999999999767,21498.33
20042.62,-158.54999999999927,21594.717
20042.63,-158.53999999999724,21498.33
20042.64,-158.52999999999884,21594.717
20042.65,-158.5199999999968,21450.146
20042.66,-158.5099999999984,21546.52
20042.67,-158.5,21546.52
20042.68,-158.48999999999796,21450.146
20042.69,-158.47999999999956,21498.33
20042.7,-158.46999999999753,21546.52
20042.71,-158.45999999999913,21546.52
20042.72,-158.4499999999971,21546.52
20042.73,-158.4399999999987,21594.717
20042.74,-158.42999999999665,21353.809
20042.75,-158.41999999999825,21450.146
20042.76,-158.40999999999985,21594.717
20042.77,-158.39999999999782,21546.52
20042.78,-158.38999999999942,21642.924
20042.79,-158.37999999999738,21450.146
20042.8,-158.36999999999898,21594.717
20042.81,-158.35999999999694,21546.52
20042.82,-158.34999999999854,21787.59
20042.83,-158.3399999999965,21546.52
20042.84,-158.3299999999981,21450.146
20042.85,-158.3199999999997,21305.65
20042.86,-158.30999999999767,21691.139
20042.87,-158.29999999999927,21353.809
20042.88,-158.28999999999724,21594.717
20042.89,-158.27999999999884,21691.139
20042.9,-158.2699999999968,21546.52
20042.91,-158.2599999999984,21401.973
20042.92,-158.25,21546.52
20042.93,-158.23999999999796,21353.809
20042.94,-158.22999999999956,21353.809
20042.95,-158.21999999999753,21401.973
20042.96,-158.20999999999913,21594.717
20042.97,-158.1999999999971,21498.33
20042.98,-158.1899999999987,21546.52
20042.99,-158.17999999999665,21498.33
20043.0,-158.16999999999825,21546.52
20043.01,-158.15999999999985,21594.717
20043.02,-158.14999999999782,21642.924
20043.03,-158.13999999999942,21450.146
20043.04,-158.12999999999738,21401.973
20043.05,-158.11999999999898,21691.139
20043.06,-158.10999999999694,21498.33
20043.07,-158.09999999999854,21546.52
20043.08,-158.0899999999965,21546.52
20043.09,-158.0799999999981,21450.146
20043.1,-158.0699999999997,21594.717
20043.11,-158.05999999999767,21594.717
20043.12,-158.04999999999927,21450.146
20043.13,-158.03999999999724,21594.717
20043.14,-158.02999999999884,21594.717
20043.15,-158.0199999999968,21353.809
20043.16,-158.0099999999984,21594.717
20043.17,-158.0,21161.227
20043.18,-157.98999999999796,21450.146
20043.19,-157.97999999999956,21498.33
20043.2,-157.96999999999753,21401.973
20043.21,-157.95999999999913,21401.973
20043.22,-157.9499999999971,21594.717
20043.23,-157.9399999999987,21401.973
20043.24,-157.92999999999665,21450.146
20043.25,-157.91999999999825,21498.33
20043.26,-157.90999999999985,21594.717
20043.27,-157.89999999999782,21546.52
20043.28,-157.88999999999942,21498.33
20043.29,-157.87999999999738,21546.52
20043.3,-157.86999999999898,21546.52
20043.31,-157.85999999999694,21498.33
20043.32,-157.84999999999854,21594.717
20043.33,-157.8399999999965,21353.809
20043.34,-157.8299999999981,21739.359
20043.35,-157.8199999999997,21450.146
20043.36,-157.80999999999767,21594.717
20043.37,-157.79999999999927,21594.717
20043.38,-157.78999999999724,21305.65
20043.39,-157.77999999999884,21546.52
20043.4,-157.7699999999968,21450.146
20043.41,-157.7599999999984,21498.33
20043.42,-157.75,21594.717
20043.43,-157.73999999999796,21257.502
20043.44,-157.72999999999956,21450.146
20043.45,-157.71999999999753,21498.33
20043.46,-157.70999999999913,21401.973
20043.47,-157.6999999999971,21594.717
20043.48,-157.6899999999987,21353.809
20043.49,-157.67999999999665,21498.33
20043.5,-157.66999999999825,21450.146
20043.51,-157.65999999999985,21498.33
20043.52,-157.64999999999782,21546.52
20043.53,-157.63999999999942,21594.717
20043.54,-157.62999999999738,21594.717
20043.55,-157.61999999999898,21450.146
20043.56,-157.60999999999694,21498.33
20043.57,-157.59999999999854,21642.924
20043.58,-157.5899999999965,21498.33
20043.59,-157.5799999999981,21546.52
20043.6,-157.5699999999997,21642.924
20043.61,-157.55999999999767,21691.139
20043.62,-157.54999999999927,21401.973
20043.63,-157.53999999999724,21594.717
20043.64,-157.52999999999884,21450.146
20043.65,-157.5199999999968,21546.52
20043.66,-157.5099999999984,21353.809
20043.67,-157.5,21305.65
20043.68,-157.48999999999796,21546.52
20043.69,-157.47999999999956,21691.139
20043.7,-157.46999999999753,21498.33
20043.71,-157.45999999999913,21450.146
20043.72,-157.4499999999971,21353.809
20043.73,-157.4399999999987,21739.359
20043.74,-157.42999999999665,21450.146
20043.75,-157.41999999999825,21498.33
20043.76,-157.40999999999985,21546.52
20043.77,-157.39999999999782,21594.717
20043.78,-157.38999999999942,21353.809
20043.79,-157.37999999999738,21257.502
20043.8,-157.36999999999898,21594.717
20043.81,-157.35999999999694,21546.52
20043.82,-157.34999999999854,21498.33
20043.83,-157.3399999999965,21401.973
20043.84,-157.3299999999981,21594.717
20043.85,-157.3199999999997,21546.52
20043.86,-157.30999999999767,21450.146
20043.87,-157.29999999999927,21450.146
20043.88,-157.28999999999724,21594.717
20043.89,-157.27999999999884,21498.33
20043.9,-157.2699999999968,21594.717
20043.91,-157.2599999999984,21450.146
20043.92,-157.25,21450.146
20043.93,-157.23999999999796,21594.717
20043.94,-157.22999999999956,21546.52
20043.95,-157.21999999999753,21450.146
20043.96,-157.20999999999913,21739.359
20043.97,-157.1999999999971,21594.717
20043.98,-157.1899999999987,21498.33
20043.99,-157.17999999999665,21498.33
20044.0,-157.16999999999825,21353.809
20044.01,-157.15999999999985,21353.809
20044.02,-157.14999999999782,21594.717
20044.03,-157.13999999999942,21739.359
20044.04,-157.12999999999738,21594.717
20044.05,-157.11999999999898,21450.146
20044.06,-157.10999999999694,21546.52
20044.07,-157.09999999999854,21691.139
20044.08,-157.0899999999965,21450.146
20044.09,-157.0799999999981,21353.809
20044.1,-157.0699999999997,21594.717
20044.11,-157.05999999999767,21546.52
20044.12,-157.04999999999927,21401.973
20044.13,-157.03999999999724,21353.809
20044.14,-157.02999999999884,21546.52
20044.15,-157.0199999999968,21401.973
20044.16,-157.0099999999984,21498.33
20044.17,-157.0,21353.809
20044.18,-156.98999999999796,21642.924
20044.19,-156.97999999999956,21594.717
20044.2,-156.96999999999753,21546.52
20044.21,-156.95999999999913,21450.146
20044.22,-156.9499999999971,21498.33
20044.23,-156.9399999999987,21594.717
20044.24,-156.92999999999665,21546.52
20044.25,-156.91999999999825,21450.146
20044.26,-156.90999999999985,21450.146
20044.27,-156.89999999999782,21546.52
20044.28,-156.88999999999942,21546.52
20044.29,-156.87999999999738,21546.52
20044.3,-156.86999999999898,21401.973
20044.31,-156.85999999999694,21594.717
20044.32,-156.84999999999854,21594.717
20044.33,-156.8399999999965,21353.809
20044.34,-156.8299999999981,21450.146
20044.35,-156.8199999999997,21594.717
20044.36,-156.80999999999767,21498.33
20044.37,-156.79999999999927,21401.973
20044.38,-156.78999999999724,21498.33
20044.39,-156.77999999999884,21546.52
20044.4,-156.7699999999968,21450.146
20044.41,-156.7599999999984,21498.33
20044.42,-156.75,21401.973
20044.43,-156.73999999999796,21594.717
20044.44,-156.72999999999956,21691.139
20044.45,-156.71999999999753,21498.33
20044.46,-156.70999999999913,21450.146
20044.47,-156.6999999999971,21353.809
20044.48,-156.6899999999987,21787.59
20044.49,-156.67999999999665,21498.33
20044.5,-156.66999999999825,21450.146
20044.51,-156.65999999999985,21546.52
20044.52,-156.64999999999782,21450.146
20044.53,-156.63999999999942,21401.973
20044.54,-156.62999999999738,21401.973
20044.55,-156.61999999999898,21498.33
20044.56,-156.60999999999694,21546.52
20044.57,-156.59999999999854,21498.33
20044.58,-156.5899999999965,21691.139
20044.59,-156.5799999999981,21594.717
20044.6,-156.5699999999997,21353.809
20044.61,-156.55999999999767,21691.139
20044.62,-156.54999999999927,21498.33
20044.63,-156.53999999999724,21450.146
20044.64,-156.52999999999884,21546.52
20044.65,-156.5199999999968,21353.809
20044.66,-156.5099999999984,21498.33
20044.67,-156.5,21498.33
20044.68,-156.48999999999796,21353.809
20044.69,-156.47999999999956,21401.973
20044.7,-156.46999999999753,21353.809
20044.71,-156.45999999999913,21450.146
20044.72,-156.4499999999971,21546.52
20044.73,-156.4399999999987,21691.139
20044.74,-156.42999999999665,21594.717
20044.75,-156.41999999999825,21353.809
20044.76,-156.40999999999985,21450.146
20044.77,-156.39999999999782,21498.33
20044.78,-156.38999999999942,21498.33
20044.79,-156.37999999999738,21257.502
20044.8,-156.36999999999898,21546.52
20044.81,-156.35999999999694,21498.33
20044.82,-156.34999999999854,21691.139
20044.83,-156.3399999999965,21498.33
20044.84,-156.3299999999981,21498.33
20044.85,-156.3199999999997,21594.717
20044.86,-156.30999999999767,21739.359
20044.87,-156.29999999999927,21450.146
20044.88,-156.28999999999724,21594.717
20044.89,-156.27999999999884,21691.139
20044.9,-156.2699999999968,21498.33
20044.91,-156.2599999999984,21546.52
20044.92,-156.25,21498.33
20044.93,-156.23999999999796,21498.33
20044.94,-156.22999999999956,21498.33
20044.95,-156.21999999999753,21546.52
20044.96,-156.20999999999913,21594.717
20044.97,-156.1999999999971,21450.146
20044.98,-156.1899999999987,21450.146
20044.99,-156.17999999999665,21450.146
20045.0,-156.16999999999825,21305.65
20045.01,-156.15999999999985,21498.33
20045.02,-156.14999999999782,21498.33
20045.03,-156.13999999999942,21353.809
20045.04,-156.12999999999738,21594.717
20045.05,-156.11999999999898,21498.33
20045.06,-156.10999999999694,21498.33
20045.07,-156.09999999999854,21691.139
20045.08,-156.0899999999965,21401.973
20045.09,-156.0799999999981,21594.717
20045.1,-156.0699999999997,21594.717
20045.11,-156.05999999999767,21498.33
20045.12,-156.04999999999927,21450.146
20045.13,-156.03999999999724,21450.146
20045.14,-156.02999999999884,21546.52
20045.15,-156.0199999999968,21450.146
20045.16,-156.0099999999984,21546.52
20045.17,-156.0,21594.717
20045.18,-155.98999999999796,21691.139
20045.19,-155.97999999999956,21691.139
20045.2,-155.96999999999753,21498.33
20045.21,-155.95999999999913,21257.502
20045.22,-155.9499999999971,21594.717
20045.23,-155.9399999999987,21353.809
20045.24,-155.92999999999665,21498.33
20045.25,-155.91999999999825,21498.33
20045.26,-155.90999999999985,21787.59
20045.27,-155.89999999999782,21546.52
20045.28,-155.88999999999942,21594.717
20045.29,-155.87999999999738,21498.33
20045.3,-155.86999999999898,21594.717
20045.31,-155.85999999999694,21642.924
20045.32,-155.84999999999854,21498.33
20045.33,-155.8399999999965,21691.139
20045.34,-155.8299999999981,21642.924
20045.35,-155.8199999999997,21739.359
20045.36,-155.80999999999767,21450.146
20045.37,-155.79999999999927,21450.146
20045.38,-155.78999999999724,21594.717
20045.39,-155.77999999999884,21691.139
20045.4,-155.7699999999968,21498.33
20045.41,-155.7599999999984,21594.717
20045.42,-155.75,21305.65
20045.43,-155.73999999999796,21546.52
20045.44,-155.72999999999956,21401.973
20045.45,-155.71999999999753,21353.809
20045.46,-155.70999999999913,21353.809
20045.47,-155.6999999999971,21594.717
20045.48,-155.6899999999987,21498.33
20045.49,-155.67999999999665,21739.359
20045.5,-155.66999999999825,21546.52
20045.51,-155.65999999999985,21450.146
20045.52,-155.64999999999782,21401.973
20045.53,-155.63999999999942,21546.52
20045.54,-155.62999999999738,21594.717
20045.55,-155.61999999999898,21594.717
20045.56,-155.60999999999694,21642.924
20045.57,-155.59999999999854,21498.33
20045.58,-155.5899999999965,21594.717
20045.59,-155.5799999999981,21498.33
20045.6,-155.5699999999997,21546.52
20045.61,-155.55999999999767,21498.33
20045.62,-155.54999999999927,21450.146
20045.63,-155.53999999999724,21546.52
20045.64,-155.52999999999884,21642.924
20045.65,-155.5199999999968,21498.33
20045.66,-155.5099999999984,21594.717
20045.67,-155.5,21546.52
20045.68,-155.48999999999796,21546.52
20045.69,-155.47999999999956,21546.52
20045.7,-155.46999999999753,21450.146
20045.71,-155.45999999999913,21498.33
20045.72,-155.4499999999971,21546.52
20045.73,-155.4399999999987,21691.139
20045.74,-155.42999999999665,21594.717
20045.75,-155.41999999999825,21739.359
20045.76,-155.40999999999985,21353.809
20045.77,-155.39999999999782,21546.52
20045.78,-155.38999999999942,21594.717
20045.79,-155.37999999999738,21401.973
20045.8,-155.36999999999898,21257.502
20045.81,-155.35999999999694,21450.146
20045.82,-155.34999999999854,21594.717
20045.83,-155.3399999999965,22125.432
20045.84,-155.3299999999981,22947.563
20045.85,-155.3199999999997,23529.301
20045.86,-155.30999999999767,23723.475
20045.87,-155.29999999999927,24014.979
20045.88,-155.28999999999724,23869.189
20045.89,-155.27999999999884,23869.189
20045.9,-155.2699999999968,23869.189
20045.91,-155.2599999999984,23674.92
20045.92,-155.25,23772.039
20045.93,-155.23999999999796,23674.92
20045.94,-155.22999999999956,23723.475
20045.95,-155.21999999999753,23869.189
20045.96,-155.20999999999913,23820.611
20045.97,-155.1999999999971,23674.92
20045.98,-155.1899999999987,23820.611
20045.99,-155.17999999999665,23723.475
20046.0,-155.16999999999825,23772.039
20046.01,-155.15999999999985,23869.189
20046.02,-155.14999999999782,23626.373
20046.03,-155.13999999999942,23626.373
20046.04,-155.12999999999738,23674.92
20046.05,-155.11999999999898,23820.611
20046.06,-155.10999999999694,23820.611
20046.07,-155.09999999999854,23772.039
20046.08,-155.0899999999965,23432.264
20046.09,-155.0799999999981,23577.832
20046.1,-155.0699999999997,23723.475
20046.11,-155.05999999999767,23723.475
20046.12,-155.04999999999927,23577.832
20046.13,-155.03999999999724,23869.189
20046.14,-155.02999999999884,23674.92
20046.15,-155.0199999999968,23723.475
20046.16,-155.0099999999984,23383.758
20046.17,-155.0,23674.92
20046.18,-154.98999999999796,23917.777
20046.19,-154.97999999999956,23820.611
20046.2,-154.96999999999753,23723.475
20046.21,-154.95999999999913,23772.039
20046.22,-154.9499999999971,23674.92
20046.23,-154.9399999999987,23869.189
20046.24,-154.92999999999665,23820.611
20046.25,-154.91999999999825,23626.373
20046.26,-154.90999999999985,23674.92
20046.27,-154.89999999999782,23674.92
20046.28,-154.88999999999942,23869.189
20046.29,-154.87999999999738,23626.373
20046.3,-154.86999999999898,23723.475
20046.31,-154.85999999999694,23674.92
20046.32,-154.84999999999854,23723.475
20046.33,-154.8399999999965,23674.92
20046.34,-154.8299999999981,23723.475
20046.35,-154.8199999999997,23772.039
20046.36,-154.80999999999767,23772.039
20046.37,-154.79999999999927,23869.189
20046.38,-154.78999999999724,23674.92
20046.39,-154.77999999999884,23869.189
20046.4,-154.7699999999968,23674.92
20046.41,-154.7599999999984,23772.039
20046.42,-154.75,23626.373
20046.43,-154.73999999999796,23480.779
20046.44,-154.72999999999956,23626.373
20046.45,-154.71999999999753,23626.373
20046.46,-154.70999999999913,23723.475
20046.47,-154.6999999999971,23820.611
20046.48,-154.6899999999987,23723.475
20046.49,-154.67999999999665,23869.189
20046.5,-154.66999999999825,23577.832
20046.51,-154.65999999999985,23820.611
20046.52,-154.64999999999782,23674.92
20046.53,-154.63999999999942,23820.611
20046.54,-154.62999999999738,23917.777
20046.55,-154.61999999999898,23917.777
20046.56,-154.60999999999694,23772.039
20046.57,-154.59999999999854,23577.832
20046.58,-154.5899999999965,23723.475
20046.59,-154.5799999999981,23674.92
20046.6,-154.5699999999997,23626.373
20046.61,-154.55999999999767,23723.475
20046.62,-154.54999999999927,23723.475
20046.63,-154.53999999999724,23723.475
20046.64,-154.52999999999884,23917.777
20046.65,-154.5199999999968,23723.475
20046.66,-154.5099999999984,23723.475
20046.67,-154.5,23723.475
20046.68,-154.48999999999796,24404.105
20046.69,-154.47999999999956,24988.77
20046.7,-154.46999999999753,24842.494
20046.71,-154.45999999999913,24842.494
20046.72,-154.4499999999971,24842.494
20046.73,-154.4399999999987,24891.244
20046.74,-154.42999999999665,24793.752
20046.75,-154.41999999999825,23869.189
20046.76,-154.40999999999985,22608.754
20046.77,-154.39999999999782,21691.139
20046.78,-154.38999999999942,21546.52
20046.79,-154.37999999999738,21498.33
20046.8,-154.36999999999898,21642.924
20046.81,-154.35999999999694,21594.717
20046.82,-154.34999999999854,21739.359
20046.83,-154.3399999999965,21787.59
20046.84,-154.3299999999981,21594.717
20046.85,-154.3199999999997,21642.924
20046.86,-154.30999999999767,21739.359
20046.87,-154.29999999999927,21594.717
20046.88,-154.28999999999724,21546.52
20046.89,-154.27999999999884,21739.359
20046.9,-154.2699999999968,21787.59
20046.91,-154.2599999999984,21546.52
20046.92,-154.25,21546.52
20046.93,-154.23999999999796,21739.359
20046.94,-154.22999999999956,21450.146
20046.95,-154.21999999999753,21691.139
20046.96,-154.20999999999913,21401.973
20046.97,-154.1999999999971,21739.359
20046.98,-154.1899999999987,21546.52
20046.99,-154.17999999999665,21691.139
20047.0,-154.16999999999825,21450.146
20047.01,-154.15999999999985,21739.359
20047.02,-154.14999999999782,21691.139
20047.03,-154.13999999999942,21691.139
20047.04,-154.12999999999738,21739.359
20047.05,-154.11999999999898,21546.52
20047.06,-154.10999999999694,21594.717
20047.07,-154.09999999999854,21546.52
20047.08,-154.0899999999965,21546.52
20047.09,-154.0799999999981,21691.139
20047.1,-154.0699999999997,21594.717
20047.11,-154.05999999999767,21546.52
20047.12,-154.04999999999927,21691.139
20047.13,-154.03999999999724,21642.924
20047.14,-154.02999999999884,21691.139
20047.15,-154.0199999999968,21594.717
20047.16,-154.0099999999984,21691.139
20047.17,-154.0,21642.924
20047.18,-153.98999999999796,21739.359
20047.19,-153.97999999999956,21787.59
20047.2,-153.96999999999753,21546.52
20047.21,-153.95999999999913,21546.52
20047.22,-153.9499999999971,21498.33
20047.23,-153.9399999999987,21739.359
20047.24,-153.92999999999665,21739.359
20047.25,-153.91999999999825,21642.924
20047.26,-153.90999999999985,21498.33
20047.27,-153.89999999999782,21691.139
20047.28,-153.88999999999942,21691.139
20047.29,-153.87999999999738,21691.139
20047.3,-153.86999999999898,21642.924
20047.31,-153.85999999999694,21642.924
20047.32,-153.84999999999854,21835.83
20047.33,-153.8399999999965,21546.52
20047.34,-153.8299999999981,21980.594
20047.35,-153.8199999999997,21546.52
20047.36,-153.80999999999767,21594.717
20047.37,-153.79999999999927,21546.52
20047.38,-153.78999999999724,21498.33
20047.39,-153.77999999999884,21594.717
20047.4,-153.7699999999968,21787.59
20047.41,-153.7599999999984,21546.52
20047.42,-153.75,21546.52
20047.43,-153.73999999999796,21642.924
20047.44,-153.72999999999956,21739.359
20047.45,-153.71999999999753,21739.359
20047.46,-153.70999999999913,21594.717
20047.47,-153.6999999999971,21642.924
20047.48,-153.6899999999987,21594.717
20047.49,-153.67999999999665,21594.717
20047.5,-153.66999999999825,21450.146
20047.51,-153.65999999999985,21546.52
20047.52,-153.64999999999782,21642.924
20047.53,-153.63999999999942,21546.52
20047.54,-153.62999999999738,21450.146
20047.55,-153.61999999999898,21546.52
20047.56,-153.60999999999694,21642.924
20047.57,-153.59999999999854,21450.146
20047.58,-153.5899999999965,21546.52
20047.59,-153.5799999999981,21691.139
20047.6,-153.5699999999997,21787.59
20047.61,-153.55999999999767,21691.139
20047.62,-153.54999999999927,21546.52
20047.63,-153.53999999999724,21642.924
20047.64,-153.52999999999884,21787.59
20047.65,-153.5199999999968,21642.924
20047.66,-153.5099999999984,21642.924
20047.67,-153.5,21498.33
20047.68,-153.48999999999796,21546.52
20047.69,-153.47999999999956,21739.359
20047.7,-153.46999999999753,21980.594
20047.71,-153.45999999999913,21594.717
20047.72,-153.4499999999971,21642.924
20047.73,-153.4399999999987,21642.924
20047.74,-153.42999999999665,21739.359
20047.75,-153.41999999999825,21594.717
20047.76,-153.40999999999985,21498.33
20047.77,-153.39999999999782,21642.924
20047.78,-153.38999999999942,21498.33
20047.79,-153.37999999999738,21642.924
20047.8,-153.36999999999898,21691.139
20047.81,-153.35999999999694,21594.717
20047.82,-153.34999999999854,21498.33
20047.83,-153.3399999999965,21546.52
20047.84,-153.3299999999981,21546.52
20047.85,-153.3199999999997,21594.717
20047.86,-153.30999999999767,21691.139
20047.87,-153.29999999999927,21546.52
20047.88,-153.28999999999724,21642.924
20047.89,-153.27999999999884,21691.139
20047.9,-153.2699999999968,21546.52
20047.91,-153.2599999999984,21642.924
20047.92,-153.25,21498.33
20047.93,-153.23999999999796,21450.146
20047.94,-153.22999999999956,21546.52
20047.95,-153.21999999999753,21739.359
20047.96,-153.20999999999913,21498.33
20047.97,-153.1999999999971,21594.717
20047.98,-153.1899999999987,21642.924
20047.99,-153.17999999999665,21546.52
20048.0,-153.16999999999825,21594.717
20048.01,-153.15999999999985,21401.973
20048.02,-153.14999999999782,21498.33
20048.03,-153.13999999999942,21787.59
20048.04,-153.12999999999738,21594.717
20048.05,-153.11999999999898,21594.717
20048.06,-153.10999999999694,21594.717
20048.07,-153.09999999999854,21594.717
20048.08,-153.0899999999965,21450.146
20048.09,-153.0799999999981,21691.139
20048.1,-153.0699999999997,21498.33
20048.11,-153.05999999999767,21642.924
20048.12,-153.04999999999927,21401.973
20048.13,-153.03999999999724,21642.924
20048.14,-153.02999999999884,21546.52
20048.15,-153.0199999999968,21739.359
20048.16,-153.0099999999984,21835.83
20048.17,-153.0,21642.924
20048.18,-152.98999999999796,21498.33
20048.19,-152.97999999999956,21691.139
20048.2,-152.96999999999753,21691.139
20048.21,-152.95999999999913,21498.33
20048.22,-152.9499999999971,21498.33
20048.23,-152.9399999999987,21594.717
20048.24,-152.92999999999665,21594.717
20048.25,-152.91999999999825,21498.33
20048.26,-152.90999999999985,21546.52
20048.27,-152.89999999999782,21691.139
20048.28,-152.88999999999942,21642.924
20048.29,-152.87999999999738,21691.139
20048.3,-152.86999999999898,21594.717
20048.31,-152.85999999999694,21739.359
20048.32,-152.84999999999854,21594.717
20048.33,-152.8399999999965,21594.717
20048.34,-152.8299999999981,21546.52
20048.35,-152.8199999999997,21642.924
20048.36,-152.80999999999767,21546.52
20048.37,-152.79999999999927,21498.33
20048.38,-152.78999999999724,21401.973
20048.39,-152.77999999999884,21884.076
20048.4,-152.7699999999968,21691.139
20048.41,-152.7599999999984,21642.924
20048.42,-152.75,21401.973
20048.43,-152.73999999999796,21498.33
20048.44,-152.72999999999956,21594.717
20048.45,-152.71999999999753,21305.65
20048.46,-152.70999999999913,21498.33
20048.47,-152.6999999999971,21546.52
20048.48,-152.6899999999987,21450.146
20048.49,-152.67999999999665,21305.65
20048.5,-152.66999999999825,21498.33
20048.51,-152.65999999999985,21594.717
20048.52,-152.64999999999782,21546.52
20048.53,-152.63999999999942,21546.52
20048.54,-152.62999999999738,21594.717
20048.55,-152.61999999999898,21546.52
20048.56,-152.60999999999694,21450.146
20048.57,-152.59999999999854,21691.139
20048.58,-152.5899999999965,21546.52
20048.59,-152.5799999999981,21498.33
20048.6,-152.5699999999997,21642.924
20048.61,-152.55999999999767,21546.52
20048.62,-152.54999999999927,21594.717
20048.63,-152.53999999999724,21546.52
20048.64,-152.52999999999884,21691.139
20048.65,-152.5199999999968,21691.139
20048.66,-152.5099999999984,21594.717
20048.67,-152.5,21498.33
20048.68,-152.48999999999796,21691.139
20048.69,-152.47999999999956,21450.146
20048.7,-152.46999999999753,21594.717
20048.71,-152.45999999999913,21401.973
20048.72,-152.4499999999971,21642.924
20048.73,-152.4399999999987,21739.359
20048.74,-152.42999999999665,21594.717
20048.75,-152.41999999999825,21642.924
20048.76,-152.40999999999985,21594.717
20048.77,-152.39999999999782,21691.139
20048.78,-152.38999999999942,21450.146
20048.79,-152.37999999999738,21401.973
20048.8,-152.36999999999898,21546.52
20048.81,-152.35999999999694,21546.52
20048.82,-152.34999999999854,21594.717
20048.83,-152.3399999999965,21546.52
20048.84,-152.3299999999981,21594.717
20048.85,-152.3199999999997,21594.717
20048.86,-152.30999999999767,21498.33
20048.87,-152.29999999999927,21642.924
20048.88,-152.28999999999724,21498.33
20048.89,-152.27999999999884,21691.139
20048.9,-152.2699999999968,21787.59
20048.91,-152.2599999999984,21498.33
20048.92,-152.25,21353.809
20048.93,-152.23999999999796,21498.33
20048.94,-152.22999999999956,21691.139
20048.95,-152.21999999999753,21498.33
20048.96,-152.20999999999913,21594.717
20048.97,-152.1999999999971,21546.52
20048.98,-152.1899999999987,21642.924
20048.99,-152.17999999999665,21642.924
20049.0,-152.16999999999825,21691.139
20049.01,-152.15999999999985,21691.139
20049.02,-152.14999999999782,21739.359
20049.03,-152.13999999999942,21739.359
20049.04,-152.12999999999738,21691.139
20049.05,-152.11999999999898,21642.924
20049.06,-152.10999999999694,21450.146
20049.07,-152.09999999999854,21450.146
20049.08,-152.0899999999965,21498.33
20049.09,-152.0799999999981,21305.65
20049.1,-152.0699999999997,21353.809
20049.11,-152.05999999999767,21546.52
20049.12,-152.04999999999927,21257.502
20049.13,-152.03999999999724,21401.973
20049.14,-152.02999999999884,21546.52
20049.15,-152.0199999999968,21594.717
20049.16,-152.0099999999984,21401.973
20049.17,-152.0,21498.33
20049.18,-151.98999999999796,21594.717
20049.19,-151.97999999999956,21594.717
20049.2,-151.96999999999753,21498.33
20049.21,-151.95999999999913,21546.52
20049.22,-151.9499999999971,21739.359
20049.23,-151.9399999999987,21642.924
20049.24,-151.92999999999665,21835.83
20049.25,-151.91999999999825,21642.924
20049.26,-151.90999999999985,21835.83
20049.27,-151.89999999999782,21594.717
20049.28,-151.88999999999942,21932.332
20049.29,-151.87999999999738,21739.359
20049.3,-151.86999999999898,21546.52
20049.31,-151.85999999999694,21691.139
20049.32,-151.84999999999854,21739.359
20049.33,-151.8399999999965,21594.717
20049.34,-151.8299999999981,21642.924
20049.35,-151.8199999999997,21546.52
20049.36,-151.80999999999767,21642.924
20049.37,-151.79999999999927,21450.146
20049.38,-151.78999999999724,21498.33
20049.39,-151.77999999999884,21450.146
20049.4,-151.7699999999968,21450.146
20049.41,-151.7599999999984,21546.52
20049.42,-151.75,21546.52
20049.43,-151.73999999999796,21594.717
20049.44,-151.72999999999956,21546.52
20049.45,-151.71999999999753,21546.52
20049.46,-151.70999999999913,21691.139
20049.47,-151.6999999999971,21450.146
20049.48,-151.6899999999987,21691.139
20049.49,-151.67999999999665,21546.52
20049.5,-151.66999999999825,21401.973
20049.51,-151.65999999999985,21498.33
20049.52,-151.64999999999782,21594.717
20049.53,-151.63999999999942,21546.52
20049.54,-151.62999999999738,21546.52
20049.55,-151.61999999999898,21642.924
20049.56,-151.60999999999694,21691.139
20049.57,-151.59999999999854,21546.52
20049.58,-151.5899999999965,21450.146
20049.59,-151.5799999999981,21498.33
20049.6,-151.5699999999997,21594.717
20049.61,-151.55999999999767,21546.52
20049.62,-151.54999999999927,21594.717
20049.63,-151.53999999999724,21450.146
20049.64,-151.52999999999884,21546.52
20049.65,-151.5199999999968,21691.139
20049.66,-151.5099999999984,21546.52
20049.67,-151.5,21691.139
20049.68,-151.48999999999796,21642.924
20049.69,-151.47999999999956,21691.139
20049.7,-151.46999999999753,21642.924
20049.71,-151.45999999999913,21594.717
20049.72,-151.4499999999971,21594.717
20049.73,-151.4399999999987,21546.52
20049.74,-151.42999999999665,21353.809
20049.75,-151.41999999999825,21401.973
20049.76,-151.40999999999985,21450.146
20049.77,-151.39999999999782,21642.924
20049.78,-151.38999999999942,21546.52
20049.79,-151.37999999999738,21450.146
20049.8,-151.36999999999898,21642.924
20049.81,-151.35999999999694,21450.146
20049.82,-151.34999999999854,21594.717
20049.83,-151.3399999999965,21498.33
20049.84,-151.3299999999981,21546.52
20049.85,-151.3199999999997,21546.52
20049.86,-151.30999999999767,21691.139
20049.87,-151.29999999999927,21546.52
20049.88,-151.28999999999724,21739.359
20049.89,-151.27999999999884,21835.83
20049.9,-151.2699999999968,21691.139
20049.91,-151.2599999999984,21450.146
20049.92,-151.25,21546.52
20049.93,-151.23999999999796,21209.359
20049.94,-151.22999999999956,21546.52
20049.95,-151.21999999999753,21546.52
20049.96,-151.20999999999913,21546.52
20049.97,-151.1999999999971,21691.139
20049.98,-151.1899999999987,21691.139
20049.99,-151.17999999999665,21642.924
20050.0,-151.16999999999825,21739.359
20050.01,-151.15999999999985,21498.33
20050.02,-151.14999999999782,21642.924
20050.03,-151.13999999999942,21594.717
20050.04,-151.12999999999738,21546.52
20050.05,-151.11999999999898,21691.139
20050.06,-151.10999999999694,21642.924
20050.07,-151.09999999999854,21642.924
20050.08,-151.0899999999965,21594.717
20050.09,-151.0799999999981,21594.717
20050.1,-151.0699999999997,21594.717
20050.11,-151.05999999999767,21546.52
20050.12,-151.04999999999927,21594.717
20050.13,-151.03999999999724,21498.33
20050.14,-151.02999999999884,21884.076
20050.15,-151.0199999999968,21691.139
20050.16,-151.0099999999984,21594.717
20050.17,-151.0,21642.924
20050.18,-150.98999999999796,21594.717
20050.19,-150.97999999999956,21450.146
20050.2,-150.96999999999753,21401.973
20050.21,-150.95999999999913,21546.52
20050.22,-150.9499999999971,21450.146
20050.23,-150.9399999999987,21498.33
20050.24,-150.92999999999665,21546.52
20050.25,-150.91999999999825,21450.146
20050.26,-150.90999999999985,21594.717
20050.27,-150.89999999999782,21498.33
20050.28,-150.88999999999942,21691.139
20050.29,-150.87999999999738,21594.717
20050.3,-150.86999999999898,21353.809
20050.31,-150.85999999999694,21546.52
20050.32,-150.84999999999854,21739.359
20050.33,-150.8399999999965,21546.52
20050.34,-150.8299999999981,21546.52
20050.35,-150.8199999999997,21498.33
20050.36,-150.80999999999767,21787.59
20050.37,-150.79999999999927,21787.59
20050.38,-150.78999999999724,21498.33
20050.39,-150.77999999999884,21642.924
20050.4,-150.7699999999968,21642.924
20050.41,-150.7599999999984,21642.924
20050.42,-150.75,21594.717
20050.43,-150.73999999999796,21642.924
20050.44,-150.72999999999956,21642.924
20050.45,-150.71999999999753,21450.146
20050.46,-150.70999999999913,21594.717
20050.47,-150.6999999999971,21498.33
20050.48,-150.6899999999987,21546.52
20050.49,-150.67999999999665,21498.33
20050.5,-150.66999999999825,21739.359
20050.51,-150.65999999999985,21642.924
20050.52,-150.64999999999782,21691.139
20050.53,-150.63999999999942,21787.59
20050.54,-150.62999999999738,21546.52
20050.55,-150.61999999999898,21594.717
20050.56,-150.60999999999694,21546.52
20050.57,-150.59999999999854,21498.33
20050.58,-150.5899999999965,21401.973
20050.59,-150.5799999999981,21546.52
20050.6,-150.5699999999997,21691.139
20050.61,-150.55999999999767,21594.717
20050.62,-150.54999999999927,21642.924
20050.63,-150.53999999999724,21450.146
20050.64,-150.52999999999884,21642.924
20050.65,-150.5199999999968,21546.52
20050.66,-150.5099999999984,21450.146
20050.67,-150.5,21546.52
20050.68,-150.48999999999796,21546.52
20050.69,-150.47999999999956,21546.52
20050.7,-150.46999999999753,21691.139
20050.71,-150.45999999999913,21691.139
20050.72,-150.4499999999971,21401.973
20050.73,-150.4399999999987,21498.33
20050.74,-150.42999999999665,21546.52
20050.75,-150.41999999999825,21401.973
20050.76,-150.40999999999985,21642.924
20050.77,-150.39999999999782,21594.717
20050.78,-150.38999999999942,21450.146
20050.79,-150.37999999999738,21546.52
20050.8,-150.36999999999898,21450.146
20050.81,-150.35999999999694,21594.717
20050.82,-150.34999999999854,21739.359
20050.83,-150.3399999999965,21401.973
20050.84,-150.3299999999981,21642.924
20050.85,-150.3199999999997,21642.924
20050.86,-150.30999999999767,21691.139
20050.87,-150.29999999999927,21546.52
20050.88,-150.28999999999724,21642.924
20050.89,-150.27999999999884,21884.076
20050.9,-150.2699999999968,21450.146
20050.91,-150.2599999999984,21498.33
20050.92,-150.25,21546.52
20050.93,-150.23999999999796,21546.52
20050.94,-150.22999999999956,21594.717
20050.95,-150.21999999999753,21546.52
20050.96,-150.20999999999913,21498.33
20050.97,-150.1999999999971,21498.33
20050.98,-150.1899999999987,21498.33
20050.99,-150.17999999999665,21642.924
20051.0,-150.16999999999825,21594.717
20051.01,-150.15999999999985,21450.146
20051.02,-150.14999999999782,21498.33
20051.03,-150.13999999999942,21594.717
20051.04,-150.12999999999738,21546.52
20051.05,-150.11999999999898,21546.52
20051.06,-150.10999999999694,21594.717
20051.07,-150.09999999999854,21546.52
20051.08,-150.0899999999965,21498.33
20051.09,-150.0799999999981,21594.717
20051.1,-150.0699999999997,21401.973
20051.11,-150.05999999999767,21546.52
20051.12,-150.04999999999927,21594.717
20051.13,-150.03999999999724,21594.717
20051.14,-150.02999999999884,21642.924
20051.15,-150.0199999999968,21642.924
20051.16,-150.0099999999984,21401.973
20051.17,-150.0,21642.924
20051.18,-149.98999999999796,21594.717
20051.19,-149.97999999999956,21450.146
20051.2,-149.96999999999753,21401.973
20051.21,-149.95999999999913,21450.146
20051.22,-149.9499999999971,21401.973
20051.23,-149.9399999999987,21498.33
20051.24,-149.92999999999665,21546.52
20051.25,-149.91999999999825,21594.717
20051.26,-149.90999999999985,21642.924
20051.27,-149.89999999999782,21594.717
20051.28,-149.88999999999942,21835.83
20051.29,-149.87999999999738,21546.52
20051.3,-149.86999999999898,21401.973
20051.31,-149.85999999999694,21498.33
20051.32,-149.84999999999854,21691.139
20051.33,-149.8399999999965,21450.146
20051.34,-149.8299999999981,21642.924
20051.35,-149.8199999999997,21546.52
20051.36,-149.80999999999767,21739.359
20051.37,-149.79999999999927,21594.717
20051.38,-149.78999999999724,21401.973
20051.39,-149.77999999999884,21691.139
20051.4,-149.7699999999968,21546.52
20051.41,-149.7599999999984,21305.65
20051.42,-149.75,21450.146
20051.43,-149.73999999999796,21691.139
20051.44,-149.72999999999956,21691.139
20051.45,-149.71999999999753,21691.139
20051.46,-149.70999999999913,21594.717
20051.47,-149.6999999999971,21546.52
20051.48,-149.6899999999987,21739.359
20051.49,-149.67999999999665,21642.924
20051.5,-149.66999999999825,21401.973
20051.51,-149.65999999999985,21401.973
20051.52,-149.64999999999782,21691.139
20051.53,-149.63999999999942,21739.359
20051.54,-149.62999999999738,21594.717
20051.55,-149.61999999999898,21450.146
20051.56,-149.60999999999694,21594.717
20051.57,-149.59999999999854,21594.717
20051.58,-149.5899999999965,21546.52
20051.59,-149.5799999999981,21546.52
20051.6,-149.5699999999997,21498.33
20051.61,-149.55999999999767,21594.717
20051.62,-149.54999999999927,21546.52
20051.63,-149.53999999999724,21594.717
20051.64,-149.52999999999884,21642.924
20051.65,-149.5199999999968,21546.52
20051.66,-149.5099999999984,21594.717
20051.67,-149.5,21401.973
20051.68,-149.48999999999796,21450.146
20051.69,-149.47999999999956,21642.924
20051.7,-149.46999999999753,21594.717
20051.71,-149.45999999999913,21450.146
20051.72,-149.4499999999971,21642.924
20051.73,-149.4399999999987,21546.52
20051.74,-149.42999999999665,21450.146
20051.75,-149.41999999999825,21450.146
20051.76,-149.40999999999985,21594.717
20051.77,-149.39999999999782,21691.139
20051.78,-149.38999999999942,21642.924
20051.79,-149.37999999999738,21594.717
20051.8,-149.36999999999898,21450.146
20051.81,-149.35999999999694,21450.146
20051.82,-149.34999999999854,21594.717
20051.83,-149.3399999999965,21498.33
20051.84,-149.3299999999981,21498.33
20051.85,-149.3199999999997,21594.717
20051.86,-149.30999999999767,21498.33
20051.87,-149.29999999999927,21450.146
20051.88,-149.28999999999724,21546.52
20051.89,-149.27999999999884,21594.717
20051.9,-149.2699999999968,21546.52
20051.91,-149.2599999999984,21450.146
20051.92,-149.25,21594.717
20051.93,-149.23999999999796,21642.924
20051.94,-149.22999999999956,21642.924
20051.95,-149.21999999999753,21546.52
20051.96,-149.20999999999913,21546.52
20051.97,-149.1999999999971,21498.33
20051.98,-149.1899999999987,21498.33
20051.99,-149.17999999999665,21546.52
20052.0,-149.16999999999825,21594.717
20052.01,-149.15999999999985,21498.33
20052.02,-149.14999999999782,21642.924
20052.03,-149.13999999999942,21594.717
20052.04,-149.12999999999738,21450.146
20052.05,-149.11999999999898,21546.52
20052.06,-149.10999999999694,21498.33
20052.07,-149.09999999999854,21498.33
20052.08,-149.0899999999965,21401.973
20052.09,-149.0799999999981,21353.809
20052.1,-149.0699999999997,21450.146
20052.11,-149.05999999999767,21546.52
20052.12,-149.04999999999927,21401.973
20052.13,-149.03999999999724,21450.146
20052.14,-149.02999999999884,21594.717
20052.15,-149.0199999999968,21401.973
20052.16,-149.0099999999984,21498.33
20052.17,-149.0,21594.717
20052.18,-148.98999999999796,21450.146
20052.19,-148.97999999999956,21594.717
20052.2,-148.96999999999753,21257.502
20052.21,-148.95999999999913,21546.52
20052.22,-148.9499999999971,21546.52
20052.23,-148.9399999999987,21642.924
20052.24,-148.92999999999665,21691.139
20052.25,-148.91999999999825,21594.717
20052.26,-148.90999999999985,21691.139
20052.27,-148.89999999999782,21594.717
20052.28,-148.88999999999942,21691.139
20052.29,-148.87999999999738,21594.717
20052.3,-148.86999999999898,21739.359
20052.31,-148.85999999999694,21739.359
20052.32,-148.84999999999854,21691.139
20052.33,-148.8399999999965,21691.139
20052.34,-148.8299999999981,21691.139
20052.35,-148.8199999999997,21546.52
20052.36,-148.80999999999767,21642.924
20052.37,-148.79999999999927,21546.52
20052.38,-148.78999999999724,21594.717
20052.39,-148.77999999999884,21305.65
20052.4,-148.7699999999968,21546.52
20052.41,-148.7599999999984,21594.717
20052.42,-148.75,21498.33
20052.43,-148.73999999999796,21546.52
20052.44,-148.72999999999956,21739.359
20052.45,-148.71999999999753,21450.146
20052.46,-148.70999999999913,21546.52
20052.47,-148.6999999999971,21546.52
20052.48,-148.6899999999987,21787.59
20052.49,-148.67999999999665,21498.33
20052.5,-148.66999999999825,21450.146
20052.51,-148.65999999999985,21691.139
20052.52,-148.64999999999782,21594.717
20052.53,-148.63999999999942,21594.717
20052.54,-148.62999999999738,21642.924
20052.55,-148.61999999999898,21787.59
20052.56,-148.60999999999694,21739.359
20052.57,-148.59999999999854,21546.52
20052.58,-148.5899999999965,21739.359
20052.59,-148.5799999999981,21450.146
20052.6,-148.5699999999997,21546.52
20052.61,-148.55999999999767,21546.52
20052.62,-148.54999999999927,21546.52
20052.63,-148.53999999999724,21787.59
20052.64,-148.52999999999884,21642.924
20052.65,-148.5199999999968,21739.359
20052.66,-148.5099999999984,21642.924
20052.67,-148.5,21594.717
20052.68,-148.48999999999796,21594.717
20052.69,-148.47999999999956,21546.52
20052.7,-148.46999999999753,21546.52
20052.71,-148.45999999999913,21546.52
20052.72,-148.4499999999971,21594.717
20052.73,-148.4399999999987,21787.59
20052.74,-148.42999999999665,21787.59
20052.75,-148.41999999999825,21691.139
20052.76,-148.40999999999985,21594.717
20052.77,-148.39999999999782,21546.52
20052.78,-148.38999999999942,21498.33
20052.79,-148.37999999999738,21450.146
20052.8,-148.36999999999898,21401.973
20052.81,-148.35999999999694,21594.717
20052.82,-148.34999999999854,21739.359
20052.83,-148.3399999999965,21594.717
20052.84,-148.3299999999981,21546.52
20052.85,-148.3199999999997,21594.717
20052.86,-148.30999999999767,21642.924
20052.87,-148.29999999999927,21594.717
20052.88,-148.28999999999724,21594.717
20052.89,-148.27999999999884,21353.809
20052.9,-148.2699999999968,21835.83
20052.91,-148.2599999999984,21498.33
20052.92,-148.25,21642.924
20052.93,-148.23999999999796,21642.924
20052.94,-148.22999999999956,21546.52
20052.95,-148.21999999999753,21594.717
20052.96,-148.20999999999913,21498.33
20052.97,-148.1999999999971,21691.139
20052.98,-148.1899999999987,21546.52
20052.99,-148.17999999999665,21739.359
20053.0,-148.16999999999825,21594.717
20053.01,-148.15999999999985,21498.33
20053.02,-148.14999999999782,21401.973
20053.03,-148.13999999999942,21594.717
20053.04,-148.12999999999738,21546.52
20053.05,-148.11999999999898,21450.146
20053.06,-148.10999999999694,21642.924
20053.07,-148.09999999999854,21450.146
20053.08,-148.0899999999965,21546.52
20053.09,-148.0799999999981,21594.717
20053.1,-148.0699999999997,21546.52
20053.11,-148.05999999999767,21642.924
20053.12,-148.04999999999927,21546.52
20053.13,-148.03999999999724,21353.809
20053.14,-148.02999999999884,21932.332
20053.15,-148.0199999999968,21498.33
20053.16,-148.0099999999984,21546.52
20053.17,-148.0,21546.52
20053.18,-147.98999999999796,21594.717
20053.19,-147.97999999999956,21642.924
20053.2,-147.96999999999753,21353.809
20053.21,-147.95999999999913,21353.809
20053.22,-147.9499999999971,21353.809
20053.23,-147.9399999999987,21594.717
20053.24,-147.92999999999665,21546.52
20053.25,-147.91999999999825,21594.717
20053.26,-147.90999999999985,21691.139
20053.27,-147.89999999999782,21594.717
20053.28,-147.88999999999942,21691.139
20053.29,-147.87999999999738,21353.809
20053.3,-147.86999999999898,21739.359
20053.31,-147.85999999999694,21594.717
20053.32,-147.84999999999854,21594.717
20053.33,-147.8399999999965,21691.139
20053.34,-147.8299999999981,21787.59
20053.35,-147.8199999999997,21787.59
20053.36,-147.80999999999767,21642.924
20053.37,-147.79999999999927,21642.924
20053.38,-147.78999999999724,21498.33
20053.39,-147.77999999999884,21642.924
20053.4,-147.7699999999968,21594.717
20053.41,-147.7599999999984,21498.33
20053.42,-147.75,21450.146
20053.43,-147.73999999999796,21739.359
20053.44,-147.72999999999956,21739.359
20053.45,-147.71999999999753,21498.33
20053.46,-147.70999999999913,21594.717
20053.47,-147.6999999999971,21691.139
20053.48,-147.6899999999987,21546.52
20053.49,-147.67999999999665,21546.52
20053.5,-147.66999999999825,21594.717
20053.51,-147.65999999999985,21546.52
20053.52,-147.64999999999782,21642.924
20053.53,-147.63999999999942,21691.139
20053.54,-147.62999999999738,21787.59
20053.55,-147.61999999999898,21642.924
20053.56,-147.60999999999694,21642.924
20053.57,-147.59999999999854,21546.52
20053.58,-147.5899999999965,21691.139
20053.59,-147.5799999999981,21546.52
20053.6,-147.5699999999997,21691.139
20053.61,-147.55999999999767,21594.717
20053.62,-147.54999999999927,21546.52
20053.63,-147.53999999999724,21642.924
20053.64,-147.52999999999884,21642.924
20053.65,-147.5199999999968,21691.139
20053.66,-147.5099999999984,21642.924
20053.67,-147.5,21594.717
20053.68,-147.48999999999796,21642.924
20053.69,-147.47999999999956,21642.924
20053.7,-147.46999999999753,21594.717
20053.71,-147.45999999999913,21642.924
20053.72,-147.4499999999971,21739.359
20053.73,-147.4399999999987,21932.332
20053.74,-147.42999999999665,21787.59
20053.75,-147.41999999999825,21450.146
20053.76,-147.40999999999985,21353.809
20053.77,-147.39999999999782,21642.924
20053.78,-147.38999999999942,21546.52
20053.79,-147.37999999999738,21739.359
20053.8,-147.36999999999898,21691.139
20053.81,-147.35999999999694,21594.717
20053.82,-147.34999999999854,21498.33
20053.83,-147.3399999999965,21450.146
20053.84,-147.3299999999981,21642.924
20053.85,-147.3199999999997,21787.59
20053.86,-147.30999999999767,21787.59
20053.87,-147.29999999999927,21498.33
20053.88,-147.28999999999724,21498.33
20053.89,-147.27999999999884,21739.359
20053.9,-147.2699999999968,21787.59
20053.91,-147.2599999999984,21594.717
20053.92,-147.25,21594.717
20053.93,-147.23999999999796,21835.83
20053.94,-147.22999999999956,21691.139
20053.95,-147.21999999999753,21691.139
20053.96,-147.20999999999913,21594.717
20053.97,-147.1999999999971,21546.52
20053.98,-147.1899999999987,21642.924
20053.99,-147.17999999999665,21401.973
20054.0,-147.16999999999825,21498.33
20054.01,-147.15999999999985,21498.33
20054.02,-147.14999999999782,21691.139
20054.03,-147.13999999999942,21401.973
20054.04,-147.12999999999738,21642.924
20054.05,-147.11999999999898,21691.139
20054.06,-147.10999999999694,21739.359
20054.07,-147.09999999999854,21980.594
20054.08,-147.0899999999965,21498.33
20054.09,-147.0799999999981,21787.59
20054.1,-147.0699999999997,21642.924
20054.11,-147.05999999999767,21642.924
20054.12,-147.04999999999927,21642.924
20054.13,-147.03999999999724,21594.717
20054.14,-147.02999999999884,21739.359
20054.15,-147.0199999999968,21787.59
20054.16,-147.0099999999984,21498.33
20054.17,-147.0,21546.52
20054.18,-146.98999999999796,21691.139
20054.19,-146.97999999999956,21642.924
20054.2,-146.96999999999753,21546.52
20054.21,-146.95999999999913,21642.924
20054.22,-146.9499999999971,21594.717
20054.23,-146.9399999999987,21498.33
20054.24,-146.92999999999665,21787.59
20054.25,-146.91999999999825,21546.52
20054.26,-146.90999999999985,21594.717
20054.27,-146.89999999999782,21546.52
20054.28,-146.88999999999942,21498.33
20054.29,-146.87999999999738,21546.52
20054.3,-146.86999999999898,21594.717
20054.31,-146.85999999999694,21546.52
20054.32,-146.84999999999854,21642.924
20054.33,-146.8399999999965,21546.52
20054.34,-146.8299999999981,21353.809
20054.35,-146.8199999999997,21546.52
20054.36,-146.80999999999767,21739.359
20054.37,-146.79999999999927,21642.924
20054.38,-146.78999999999724,21691.139
20054.39,-146.77999999999884,21787.59
20054.4,-146.7699999999968,21546.52
20054.41,-146.7599999999984,21642.924
20054.42,-146.75,21642.924
20054.43,-146.73999999999796,21642.924
20054.44,-146.72999999999956,21594.717
20054.45,-146.71999999999753,21498.33
20054.46,-146.70999999999913,21594.717
20054.47,-146.6999999999971,21787.59
20054.48,-146.6899999999987,21884.076
20054.49,-146.67999999999665,21594.717
20054.5,-146.66999999999825,21594.717
20054.51,-146.65999999999985,21835.83
20054.52,-146.64999999999782,21546.52
20054.53,-146.63999999999942,21546.52
20054.54,-146.62999999999738,21546.52
20054.55,-146.61999999999898,21691.139
20054.56,-146.60999999999694,21594.717
20054.57,-146.59999999999854,21691.139
20054.58,-146.5899999999965,21787.59
20054.59,-146.5799999999981,21642.924
20054.6,-146.5699999999997,21739.359
20054.61,-146.55999999999767,21739.359
20054.62,-146.54999999999927,21594.717
20054.63,-146.53999999999724,21691.139
20054.64,-146.52999999999884,21884.076
20054.65,-146.5199999999968,21642.924
20054.66,-146.5099999999984,21546.52
20054.67,-146.5,21739.359
20054.68,-146.48999999999796,21739.359
20054.69,-146.47999999999956,21594.717
20054.7,-146.46999999999753,21546.52
20054.71,-146.45999999999913,21594.717
20054.72,-146.4499999999971,21642.924
20054.73,-146.4399999999987,21835.83
20054.74,-146.42999999999665,21642.924
20054.75,-146.41999999999825,21546.52
20054.76,-146.40999999999985,21642.924
20054.77,-146.39999999999782,21642.924
20054.78,-146.38999999999942,21450.146
20054.79,-146.37999999999738,21739.359
20054.8,-146.36999999999898,21739.359
20054.81,-146.35999999999694,21835.83
20054.82,-146.34999999999854,21594.717
20054.83,-146.3399999999965,21691.139
20054.84,-146.3299999999981,21546.52
20054.85,-146.3199999999997,21787.59
20054.86,-146.30999999999767,21835.83
20054.87,-146.29999999999927,21594.717
20054.88,-146.28999999999724,21594.717
20054.89,-146.27999999999884,21932.332
20054.9,-146.2699999999968,21835.83
20054.91,-146.2599999999984,21642.924
20054.92,-146.25,21787.59
20054.93,-146.23999999999796,21739.359
20054.94,-146.22999999999956,21884.076
20054.95,-146.21999999999753,21642.924
20054.96,-146.20999999999913,21787.59
20054.97,-146.1999999999971,21642.924
20054.98,-146.1899999999987,21787.59
20054.99,-146.17999999999665,21594.717
20055.0,-146.16999999999825,21546.52
20055.01,-146.15999999999985,21787.59
20055.02,-146.14999999999782,21642.924
20055.03,-146.13999999999942,21498.33
20055.04,-146.12999999999738,21642.924
20055.05,-146.11999999999898,21642.924
20055.06,-146.10999999999694,21594.717
20055.07,-146.09999999999854,21450.146
20055.08,-146.0899999999965,21594.717
20055.09,-146.0799999999981,21546.52
20055.1,-146.0699999999997,21739.359
20055.11,-146.05999999999767,21787.59
20055.12,-146.04999999999927,21546.52
20055.13,-146.03999999999724,21642.924
20055.14,-146.02999999999884,21739.359
20055.15,-146.0199999999968,21450.146
20055.16,-146.0099999999984,21594.717
20055.17,-146.0,21450.146
20055.18,-145.98999999999796,21642.924
20055.19,-145.97999999999956,21691.139
20055.2,-145.96999999999753,21594.717
20055.21,-145.95999999999913,21546.52
20055.22,-145.9499999999971,21546.52
20055.23,-145.9399999999987,21546.52
20055.24,-145.92999999999665,21546.52
20055.25,-145.91999999999825,21691.139
20055.26,-145.90999999999985,21450.146
20055.27,-145.89999999999782,21642.924
20055.28,-145.88999999999942,21594.717
20055.29,-145.87999999999738,21787.59
20055.3,-145.86999999999898,21739.359
20055.31,-145.85999999999694,21884.076
20055.32,-145.84999999999854,21691.139
20055.33,-145.8399999999965,21546.52
20055.34,-145.8299999999981,21691.139
20055.35,-145.8199999999997,21884.076
20055.36,-145.80999999999767,21787.59
20055.37,-145.79999999999927,21739.359
20055.38,-145.78999999999724,21546.52
20055.39,-145.77999999999884,21546.52
20055.4,-145.7699999999968,21594.717
20055.41,-145.7599999999984,21691.139
20055.42,-145.75,21739.359
20055.43,-145.73999999999796,21739.359
20055.44,-145.72999999999956,21642.924
20055.45,-145.71999999999753,21884.076
20055.46,-145.70999999999913,21642.924
20055.47,-145.6999999999971,21642.924
20055.48,-145.6899999999987,21739.359
20055.49,-145.67999999999665,21787.59
20055.5,-145.66999999999825,21546.52
20055.51,-145.65999999999985,21546.52
20055.52,-145.64999999999782,21546.52
20055.53,-145.63999999999942,21739.359
20055.54,-145.62999999999738,21691.139
20055.55,-145.61999999999898,21739.359
20055.56,-145.60999999999694,21642.924
20055.57,-145.59999999999854,21691.139
20055.58,-145.5899999999965,21546.52
20055.59,-145.5799999999981,21787.59
20055.6,-145.5699999999997,21594.717
20055.61,-145.55999999999767,21691.139
20055.62,-145.54999999999927,21546.52
20055.63,-145.53999999999724,21739.359
20055.64,-145.52999999999884,21594.717
20055.65,-145.5199999999968,21546.52
20055.66,-145.5099999999984,21691.139
20055.67,-145.5,21642.924
20055.68,-145.48999999999796,21691.139
20055.69,-145.47999999999956,21739.359
20055.7,-145.46999999999753,21546.52
20055.71,-145.45999999999913,21787.59
20055.72,-145.4499999999971,21691.139
20055.73,-145.4399999999987,21642.924
20055.74,-145.42999999999665,21546.52
20055.75,-145.41999999999825,21546.52
20055.76,-145.40999999999985,21498.33
20055.77,-145.39999999999782,21498.33
20055.78,-145.38999999999942,21642.924
20055.79,-145.37999999999738,21691.139
20055.8,-145.36999999999898,21642.924
20055.81,-145.35999999999694,21642.924
20055.82,-145.34999999999854,21787.59
20055.83,-145.3399999999965,21642.924
20055.84,-145.3299999999981,21691.139
20055.85,-145.3199999999997,21546.52
20055.86,-145.30999999999767,21691.139
20055.87,-145.29999999999927,21498.33
20055.88,-145.28999999999724,21546.52
20055.89,-145.27999999999884,21546.52
20055.9,-145.2699999999968,21546.52
20055.91,-145.2599999999984,21546.52
20055.92,-145.25,21787.59
20055.93,-145.23999999999796,21546.52
20055.94,-145.22999999999956,21884.076
20055.95,-145.21999999999753,21498.33
20055.96,-145.20999999999913,21642.924
20055.97,-145.1999999999971,21546.52
20055.98,-145.1899999999987,21642.924
20055.99,-145.17999999999665,21546.52
20056.0,-145.16999999999825,21594.717
20056.01,-145.15999999999985,21450.146
20056.02,-145.14999999999782,21691.139
20056.03,-145.13999999999942,21498.33
20056.04,-145.12999999999738,21498.33
20056.05,-145.11999999999898,21594.717
20056.06,-145.10999999999694,21787.59
20056.07,-145.09999999999854,21884.076
20056.08,-145.0899999999965,21787.59
20056.09,-145.0799999999981,21787.59
20056.1,-145.0699999999997,21594.717
20056.11,-145.05999999999767,21642.924
20056.12,-145.04999999999927,21546.52
20056.13,-145.03999999999724,21450.146
20056.14,-145.02999999999884,21594.717
20056.15,-145.0199999999968,21546.52
20056.16,-145.0099999999984,21594.717
20056.17,-145.0,21498.33
20056.18,-144.98999999999796,21835.83
20056.19,-144.97999999999956,21691.139
20056.2,-144.96999999999753,21594.717
20056.21,-144.95999999999913,21594.717
20056.22,-144.9499999999971,21787.59
20056.23,-144.9399999999987,21691.139
20056.24,-144.92999999999665,21691.139
20056.25,-144.91999999999825,21546.52
20056.26,-144.90999999999985,21691.139
20056.27,-144.89999999999782,21450.146
20056.28,-144.88999999999942,21594.717
20056.29,-144.87999999999738,21739.359
20056.3,-144.86999999999898,21546.52
20056.31,-144.85999999999694,21691.139
20056.32,-144.84999999999854,21642.924
20056.33,-144.8399999999965,21642.924
20056.34,-144.8299999999981,21691.139
20056.35,-144.8199999999997,21787.59
20056.36,-144.80999999999767,21739.359
20056.37,-144.79999999999927,21546.52
20056.38,-144.78999999999724,21739.359
20056.39,-144.77999999999884,21642.924
20056.4,-144.7699999999968,21450.146
20056.41,-144.7599999999984,21642.924
20056.42,-144.75,21498.33
20056.43,-144.73999999999796,21594.717
20056.44,-144.72999999999956,21691.139
20056.45,-144.71999999999753,21498.33
20056.46,-144.70999999999913,21594.717
20056.47,-144.6999999999971,21739.359
20056.48,-144.6899999999987,21642.924
20056.49,-144.67999999999665,21642.924
20056.5,-144.66999999999825,21594.717
20056.51,-144.65999999999985,21739.359
20056.52,-144.64999999999782,21642.924
20056.53,-144.63999999999942,21691.139
20056.54,-144.62999999999738,21691.139
20056.55,-144.61999999999898,21787.59
20056.56,-144.60999999999694,21739.359
20056.57,-144.59999999999854,21642.924
20056.58,-144.5899999999965,21642.924
20056.59,-144.5799999999981,21546.52
20056.6,-144.5699999999997,21739.359
20056.61,-144.55999999999767,21691.139
20056.62,-144.54999999999927,21450.146
20056.63,-144.53999999999724,21546.52
20056.64,-144.52999999999884,21642.924
20056.65,-144.5199999999968,21739.359
20056.66,-144.5099999999984,21594.717
20056.67,-144.5,21546.52
20056.68,-144.48999999999796,21739.359
20056.69,-144.47999999999956,21739.359
20056.7,-144.46999999999753,21642.924
20056.71,-144.45999999999913,21594.717
20056.72,-144.4499999999971,21546.52
20056.73,-144.4399999999987,21787.59
20056.74,-144.42999999999665,21642.924
20056.75,-144.41999999999825,21642.924
20056.76,-144.40999999999985,21450.146
20056.77,-144.39999999999782,21642.924
20056.78,-144.38999999999942,21787.59
20056.79,-144.37999999999738,21739.359
20056.8,-144.36999999999898,21787.59
20056.81,-144.35999999999694,21594.717
20056.82,-144.34999999999854,21691.139
20056.83,-144.3399999999965,21450.146
20056.84,-144.3299999999981,21739.359
20056.85,-144.3199999999997,21642.924
20056.86,-144.30999999999767,21546.52
20056.87,-144.29999999999927,21546.52
20056.88,-144.28999999999724,21594.717
20056.89,-144.27999999999884,21787.59
20056.9,-144.2699999999968,21642.924
20056.91,-144.2599999999984,21594.717
20056.92,-144.25,21546.52
20056.93,-144.23999999999796,21642.924
20056.94,-144.22999999999956,21450.146
20056.95,-144.21999999999753,21594.717
20056.96,-144.20999999999913,21594.717
20056.97,-144.1999999999971,21787.59
20056.98,-144.1899999999987,21642.924
20056.99,-144.17999999999665,21787.59
20057.0,-144.16999999999825,21739.359
20057.01,-144.15999999999985,21594.717
20057.02,-144.14999999999782,21594.717
20057.03,-144.13999999999942,21594.717
20057.04,-144.12999999999738,21498.33
20057.05,-144.11999999999898,21594.717
20057.06,-144.10999999999694,21691.139
20057.07,-144.09999999999854,21739.359
20057.08,-144.0899999999965,21691.139
20057.09,-144.0799999999981,21546.52
20057.1,-144.0699999999997,21739.359
20057.11,-144.05999999999767,21835.83
20057.12,-144.04999999999927,21739.359
20057.13,-144.03999999999724,21546.52
20057.14,-144.02999999999884,21739.359
20057.15,-144.0199999999968,21739.359
20057.16,-144.0099999999984,21691.139
20057.17,-144.0,21642.924
20057.18,-143.98999999999796,21739.359
20057.19,-143.97999999999956,21642.924
20057.2,-143.96999999999753,21787.59
20057.21,-143.95999999999913,21835.83
20057.22,-143.9499999999971,21739.359
20057.23,-143.9399999999987,21594.717
20057.24,-143.92999999999665,21787.59
20057.25,-143.91999999999825,21691.139
20057.26,-143.90999999999985,21546.52
20057.27,-143.89999999999782,21835.83
20057.28,-143.88999999999942,21642.924
20057.29,-143.87999999999738,21787.59
20057.3,-143.86999999999898,21787.59
20057.31,-143.85999999999694,21691.139
20057.32,-143.84999999999854,21835.83
20057.33,-143.8399999999965,21450.146
20057.34,-143.8299999999981,21642.924
20057.35,-143.8199999999997,21739.359
20057.36,-143.80999999999767,21642.924
20057.37,-143.79999999999927,21498.33
20057.38,-143.78999999999724,21594.717
20057.39,-143.77999999999884,21787.59
20057.4,-143.7699999999968,21691.139
20057.41,-143.7599999999984,21594.717
20057.42,-143.75,21498.33
20057.43,-143.73999999999796,21257.502
20057.44,-143.72999999999956,21546.52
20057.45,-143.71999999999753,22028.865
20057.46,-143.70999999999913,22802.309
20057.47,-143.6999999999971,23383.758
20057.48,-143.6899999999987,23577.832
20057.49,-143.67999999999665,23674.92
20057.5,-143.66999999999825,23917.777
20057.51,-143.65999999999985,24063.592
20057.52,-143.64999999999782,23869.189
20057.53,-143.63999999999942,23820.611
20057.54,-143.62999999999738,23577.832
20057.55,-143.61999999999898,23723.475
20057.56,-143.60999999999694,23674.92
20057.57,-143.59999999999854,23480.779
20057.58,-143.5899999999965,23674.92
20057.59,-143.5799999999981,23820.611
20057.6,-143.5699999999997,23917.777
20057.61,-143.55999999999767,23820.611
20057.62,-143.54999999999927,23577.832
20057.63,-143.53999999999724,23820.611
20057.64,-143.52999999999884,23869.189
20057.65,-143.5199999999968,23869.189
20057.66,-143.5099999999984,24014.979
20057.67,-143.5,23820.611
20057.68,-143.48999999999796,23820.611
20057.69,-143.47999999999956,23674.92
20057.7,-143.46999999999753,23480.779
20057.71,-143.45999999999913,23674.92
20057.72,-143.4499999999971,23723.475
20057.73,-143.4399999999987,23626.373
20057.74,-143.42999999999665,23626.373
20057.75,-143.41999999999825,23723.475
20057.76,-143.40999999999985,23723.475
20057.77,-143.39999999999782,23820.611
20057.78,-143.38999999999942,23529.301
20057.79,-143.37999999999738,23674.92
20057.8,-143.36999999999898,23772.039
20057.81,-143.35999999999694,23820.611
20057.82,-143.34999999999854,23820.611
20057.83,-143.3399999999965,23966.375
20057.84,-143.3299999999981,23966.375
20057.85,-143.3199999999997,23917.777
20057.86,-143.30999999999767,23674.92
20057.87,-143.29999999999927,23723.475
20057.88,-143.28999999999724,23820.611
20057.89,-143.27999999999884,23723.475
20057.9,-143.2699999999968,23723.475
20057.91,-143.2599999999984,23723.475
20057.92,-143.25,23820.611
20057.93,-143.23999999999796,23723.475
20057.94,-143.22999999999956,23577.832
20057.95,-143.21999999999753,23772.039
20057.96,-143.20999999999913,23966.375
20057.97,-143.1999999999971,23772.039
20057.98,-143.1899999999987,23917.777
20057.99,-143.17999999999665,23820.611
20058.0,-143.16999999999825,23626.373
20058.01,-143.15999999999985,23869.189
20058.02,-143.14999999999782,23869.189
20058.03,-143.13999999999942,23626.373
20058.04,-143.12999999999738,23626.373
20058.05,-143.11999999999898,23723.475
20058.06,-143.10999999999694,23723.475
20058.07,-143.09999999999854,23723.475
20058.08,-143.0899999999965,23723.475
20058.09,-143.0799999999981,23577.832
20058.1,-143.0699999999997,23772.039
20058.11,-143.05999999999767,23917.777
20058.12,-143.04999999999927,23674.92
20058.13,-143.03999999999724,23820.611
20058.14,-143.02999999999884,23772.039
20058.15,-143.0199999999968,23674.92
20058.16,-143.0099999999984,23772.039
20058.17,-143.0,23772.039
20058.18,-142.98999999999796,23869.189
20058.19,-142.97999999999956,23626.373
20058.2,-142.96999999999753,23820.611
20058.21,-142.95999999999913,23723.475
20058.22,-142.9499999999971,23626.373
20058.23,-142.9399999999987,23674.92
20058.24,-142.92999999999665,23820.611
20058.25,-142.91999999999825,23966.375
20058.26,-142.90999999999985,23917.777
20058.27,-142.89999999999782,23820.611
20058.28,-142.88999999999942,23674.92
20058.29,-142.87999999999738,23723.475
20058.3,-142.86999999999898,24550.162
20058.31,-142.85999999999694,24793.752
20058.32,-142.84999999999854,24842.494
20058.33,-142.8399999999965,24891.244
20058.34,-142.8299999999981,24842.494
20058.35,-142.8199999999997,24793.752
20058.36,-142.80999999999767,24793.752
20058.37,-142.79999999999927,24550.162
20058.38,-142.78999999999724,22947.563
20058.39,-142.77999999999884,21932.332
20058.4,-142.7699999999968,21546.52
20058.41,-142.7599999999984,21161.227
20058.42,-142.75,21594.717
20058.43,-142.73999999999796,21498.33
20058.44,-142.72999999999956,21546.52
20058.45,-142.71999999999753,21594.717
20058.46,-142.70999999999913,21401.973
20058.47,-142.6999999999971,21594.717
20058.48,-142.6899999999987,21546.52
20058.49,-142.67999999999665,21691.139
20058.5,-142.66999999999825,21498.33
20058.51,-142.65999999999985,21642.924
20058.52,-142.64999999999782,21546.52
20058.53,-142.63999999999942,21401.973
20058.54,-142.62999999999738,21546.52
20058.55,-142.61999999999898,21401.973
20058.56,-142.60999999999694,21546.52
20058.57,-142.59999999999854,21739.359
20058.58,-142.5899999999965,21498.33
20058.59,-142.5799999999981,21546.52
20058.6,-142.5699999999997,21498.33
20058.61,-142.55999999999767,21787.59
20058.62,-142.54999999999927,21353.809
20058.63,-142.53999999999724,21401.973
20058.64,-142.52999999999884,21450.146
20058.65,-142.5199999999968,21594.717
20058.66,-142.5099999999984,21594.717
20058.67,-142.5,21401.973
20058.68,-142.48999999999796,21498.33
20058.69,-142.47999999999956,21498.33
20058.7,-142.46999999999753,21450.146
20058.71,-142.45999999999913,21401.973
20058.72,-142.4499999999971,21498.33
20058.73,-142.4399999999987,21450.146
20058.74,-142.42999999999665,21401.973
20058.75,-142.41999999999825,21498.33
20058.76,-142.40999999999985,21546.52
20058.77,-142.39999999999782,21450.146
20058.78,-142.38999999999942,21401.973
20058.79,-142.37999999999738,21450.146
20058.8,-142.36999999999898,21401.973
20058.81,-142.35999999999694,21594.717
20058.82,-142.34999999999854,21594.717
20058.83,-142.3399999999965,21642.924
20058.84,-142.3299999999981,21594.717
20058.85,-142.3199999999997,21594.717
20058.86,-142.30999999999767,21594.717
20058.87,-142.29999999999927,21401.973
20058.88,-142.28999999999724,21594.717
20058.89,-142.27999999999884,21546.52
20058.9,-142.2699999999968,21594.717
20058.91,-142.2599999999984,21450.146
20058.92,-142.25,21594.717
20058.93,-142.23999999999796,21305.65
20058.94,-142.22999999999956,21498.33
20058.95,-142.21999999999753,21594.717
20058.96,-142.20999999999913,21305.65
20058.97,-142.1999999999971,21498.33
20058.98,-142.1899999999987,21546.52
20058.99,-142.17999999999665,21546.52
20059.0,-142.16999999999825,21353.809
20059.01,-142.15999999999985,21450.146
20059.02,-142.14999999999782,21546.52
20059.03,-142.13999999999942,21691.139
20059.04,-142.12999999999738,21546.52
20059.05,-142.11999999999898,21498.33
20059.06,-142.10999999999694,21450.146
20059.07,-142.09999999999854,21594.717
20059.08,-142.0899999999965,21594.717
20059.09,-142.0799999999981,21353.809
20059.1,-142.0699999999997,21546.52
20059.11,-142.05999999999767,21642.924
20059.12,-142.04999999999927,21498.33
20059.13,-142.03999999999724,21498.33
20059.14,-142.02999999999884,21642.924
20059.15,-142.0199999999968,21498.33
20059.16,-142.0099999999984,21498.33
20059.17,-142.0,21401.973
20059.18,-141.98999999999796,21546.52
20059.19,-141.97999999999956,21594.717
20059.2,-141.96999999999753,21401.973
20059.21,-141.95999999999913,21401.973
20059.22,-141.9499999999971,21498.33
20059.23,-141.9399999999987,21594.717
20059.24,-141.92999999999665,21546.52
20059.25,-141.91999999999825,21353.809
20059.26,-141.90999999999985,21450.146
20059.27,-141.89999999999782,21498.33
20059.28,-141.88999999999942,21691.139
20059.29,-141.87999999999738,21353.809
20059.3,-141.86999999999898,21594.717
20059.31,-141.85999999999694,21498.33
20059.32,-141.84999999999854,21450.146
20059.33,-141.8399999999965,21450.146
20059.34,-141.8299999999981,21546.52
20059.35,-141.8199999999997,21594.717
20059.36,-141.80999999999767,21546.52
20059.37,-141.79999999999927,21546.52
20059.38,-141.78999999999724,21450.146
20059.39,-141.77999999999884,21498.33
20059.4,-141.7699999999968,21546.52
20059.41,-141.7599999999984,21594.717
20059.42,-141.75,21594.717
20059.43,-141.73999999999796,21642.924
20059.44,-141.72999999999956,21498.33
20059.45,-141.71999999999753,21401.973
20059.46,-141.70999999999913,21498.33
20059.47,-141.6999999999971,21450.146
20059.48,-141.6899999999987,21498.33
20059.49,-141.67999999999665,21498.33
20059.5,-141.66999999999825,21594.717
20059.51,-141.65999999999985,21450.146
20059.52,-141.64999999999782,21450.146
20059.53,-141.63999999999942,21546.52
20059.54,-141.62999999999738,21450.146
20059.55,-141.61999999999898,21305.65
20059.56,-141.60999999999694,21305.65
20059.57,-141.59999999999854,21450.146
20059.58,-141.5899999999965,21401.973
20059.59,-141.5799999999981,21498.33
20059.6,-141.5699999999997,21450.146
20059.61,-141.55999999999767,21642.924
20059.62,-141.54999999999927,21546.52
20059.63,-141.53999999999724,21546.52
20059.64,-141.52999999999884,21353.809
20059.65,-141.5199999999968,21353.809
20059.66,-141.5099999999984,21546.52
20059.67,-141.5,21546.52
20059.68,-141.48999999999796,21401.973
20059.69,-141.47999999999956,21498.33
20059.7,-141.46999999999753,21305.65
20059.71,-141.45999999999913,21257.502
20059.72,-141.4499999999971,21401.973
20059.73,-141.4399999999987,21450.146
20059.74,-141.42999999999665,21498.33
20059.75,-141.41999999999825,21594.717
20059.76,-141.40999999999985,21642.924
20059.77,-141.39999999999782,21498.33
20059.78,-141.38999999999942,21594.717
20059.79,-141.37999999999738,21353.809
20059.8,-141.36999999999898,21546.52
20059.81,-141.35999999999694,21546.52
20059.82,-141.34999999999854,21642.924
20059.83,-141.3399999999965,21401.973
20059.84,-141.3299999999981,21642.924
20059.85,-141.3199999999997,21594.717
20059.86,-141.30999999999767,21594.717
20059.87,-141.29999999999927,21691.139
20059.88,-141.28999999999724,21353.809
20059.89,-141.27999999999884,21642.924
20059.9,-141.2699999999968,21498.33
20059.91,-141.2599999999984,21450.146
20059.92,-141.25,21691.139
20059.93,-141.23999999999796,21642.924
20059.94,-141.22999999999956,21209.359
20059.95,-141.21999999999753,21594.717
20059.96,-141.20999999999913,21305.65
20059.97,-141.1999999999971,21353.809
20059.98,-141.1899999999987,21498.33
20059.99,-141.17999999999665,21498.33
20060.0,-141.16999999999825,21450.146
20060.01,-141.15999999999985,21353.809
20060.02,-141.14999999999782,21546.52
20060.03,-141.13999999999942,21353.809
20060.04,-141.12999999999738,21450.146
20060.05,-141.11999999999898,21546.52
20060.06,-141.10999999999694,21498.33
20060.07,-141.09999999999854,21546.52
20060.08,-141.0899999999965,21353.809
20060.09,-141.0799999999981,21450.146
20060.1,-141.0699999999997,21546.52
20060.11,-141.05999999999767,21546.52
20060.12,-141.04999999999927,21450.146
20060.13,-141.03999999999724,21498.33
20060.14,-141.02999999999884,21691.139
20060.15,-141.0199999999968,21498.33
20060.16,-141.0099999999984,21353.809
20060.17,-141.0,21450.146
20060.18,-140.98999999999796,21450.146
20060.19,-140.97999999999956,21450.146
20060.2,-140.96999999999753,21594.717
20060.21,-140.95999999999913,21498.33
20060.22,-140.9499999999971,21498.33
20060.23,-140.9399999999987,21546.52
20060.24,-140.92999999999665,21498.33
20060.25,-140.91999999999825,21161.227
20060.26,-140.90999999999985,21498.33
20060.27,-140.89999999999782,21546.52
20060.28,-140.88999999999942,21161.227
20060.29,-140.87999999999738,21450.146
20060.3,-140.86999999999898,21353.809
20060.31,-140.85999999999694,21546.52
20060.32,-140.84999999999854,21450.146
20060.33,-140.8399999999965,21401.973
20060.34,-140.8299999999981,21546.52
20060.35,-140.8199999999997,21401.973
20060.36,-140.80999999999767,21353.809
20060.37,-140.79999999999927,21594.717
20060.38,-140.78999999999724,21353.809
20060.39,-140.77999999999884,21594.717
20060.4,-140.7699999999968,21691.139
20060.41,-140.7599999999984,21450.146
20060.42,-140.75,21209.359
20060.43,-140.73999999999796,21353.809
20060.44,-140.72999999999956,21594.717
20060.45,-140.71999999999753,21594.717
20060.46,-140.70999999999913,21450.146
20060.47,-140.6999999999971,21546.52
20060.48,-140.6899999999987,21450.146
20060.49,-140.67999999999665,21546.52
20060.5,-140.66999999999825,21450.146
20060.51,-140.65999999999985,21353.809
20060.52,-140.64999999999782,21353.809
20060.53,-140.63999999999942,21450.146
20060.54,-140.62999999999738,21353.809
20060.55,-140.61999999999898,21642.924
20060.56,-140.60999999999694,21401.973
20060.57,-140.59999999999854,21546.52
20060.58,-140.5899999999965,21594.717
20060.59,-140.5799999999981,21594.717
20060.6,-140.5699999999997,21691.139
20060.61,-140.55999999999767,21594.717
20060.62,-140.54999999999927,21594.717
20060.63,-140.53999999999724,21498.33
20060.64,-140.52999999999884,21594.717
20060.65,-140.5199999999968,21498.33
20060.66,-140.5099999999984,21209.359
20060.67,-140.5,21498.33
20060.68,-140.48999999999796,21353.809
20060.69,-140.47999999999956,21691.139
20060.7,-140.46999999999753,21498.33
20060.71,-140.45999999999913,21498.33
20060.72,-140.4499999999971,21498.33
20060.73,-140.4399999999987,21546.52
20060.74,-140.42999999999665,21401.973
20060.75,-140.41999999999825,21450.146
20060.76,-140.40999999999985,21546.52
20060.77,-140.39999999999782,21450.146
20060.78,-140.38999999999942,21353.809
20060.79,-140.37999999999738,21498.33
20060.8,-140.36999999999898,21546.52
20060.81,-140.35999999999694,21642.924
20060.82,-140.34999999999854,21305.65
20060.83,-140.3399999999965,21305.65
20060.84,-140.3299999999981,21546.52
20060.85,-140.3199999999997,21498.33
20060.86,-140.30999999999767,21594.717
20060.87,-140.29999999999927,21450.146
20060.88,-140.28999999999724,21498.33
20060.89,-140.27999999999884,21594.717
20060.9,-140.2699999999968,21594.717
20060.91,-140.2599999999984,21353.809
20060.92,-140.25,21546.52
20060.93,-140.23999999999796,21353.809
20060.94,-140.22999999999956,21546.52
20060.95,-140.21999999999753,21546.52
20060.96,-140.20999999999913,21546.52
20060.97,-140.1999999999971,21546.52
20060.98,-140.1899999999987,21498.33
20060.99,-140.17999999999665,21498.33
20061.0,-140.16999999999825,21450.146
20061.01,-140.15999999999985,21498.33
20061.02,-140.14999999999782,21642.924
20061.03,-140.13999999999942,21498.33
20061.04,-140.12999999999738,21305.65
20061.05,-140.11999999999898,21353.809
20061.06,-140.10999999999694,21450.146
20061.07,-140.09999999999854,21353.809
20061.08,-140.0899999999965,21546.52
20061.09,-140.0799999999981,21353.809
20061.1,-140.0699999999997,21594.717
20061.11,-140.05999999999767,21401.973
20061.12,-140.04999999999927,21498.33
20061.13,-140.03999999999724,21546.52
20061.14,-140.02999999999884,21594.717
20061.15,-140.0199999999968,21450.146
20061.16,-140.0099999999984,21257.502
20061.17,-140.0,21498.33
20061.18,-139.98999999999796,21642.924
20061.19,-139.97999999999956,21594.717
20061.2,-139.96999999999753,21498.33
20061.21,-139.95999999999913,21353.809
20061.22,-139.9499999999971,21546.52
20061.23,-139.9399999999987,21498.33
20061.24,-139.92999999999665,21594.717
20061.25,-139.91999999999825,21546.52
20061.26,-139.90999999999985,21546.52
20061.27,-139.89999999999782,21594.717
20061.28,-139.88999999999942,21498.33
20061.29,-139.87999999999738,21401.973
20061.3,-139.86999999999898,21161.227
20061.31,-139.85999999999694,21546.52
20061.32,-139.84999999999854,21594.717
20061.33,-139.8399999999965,21209.359
20061.34,-139.8299999999981,21450.146
20061.35,-139.8199999999997,21353.809
20061.36,-139.80999999999767,21546.52
20061.37,-139.79999999999927,21257.502
20061.38,-139.78999999999724,21450.146
20061.39,-139.77999999999884,21498.33
20061.4,-139.7699999999968,21594.717
20061.41,-139.7599999999984,21498.33
20061.42,-139.75,21450.146
20061.43,-139.73999999999796,21401.973
20061.44,-139.72999999999956,21546.52
20061.45,-139.71999999999753,21498.33
20061.46,-139.70999999999913,21546.52
20061.47,-139.6999999999971,21450.146
20061.48,-139.6899999999987,21498.33
20061.49,-139.67999999999665,21642.924
20061.5,-139.66999999999825,21353.809
20061.51,-139.65999999999985,21594.717
20061.52,-139.64999999999782,21691.139
20061.53,-139.63999999999942,21594.717
20061.54,-139.62999999999738,21450.146
20061.55,-139.61999999999898,21401.973
20061.56,-139.60999999999694,21450.146
20061.57,-139.59999999999854,21594.717
20061.58,-139.5899999999965,21546.52
20061.59,-139.5799999999981,21546.52
20061.6,-139.5699999999997,21546.52
20061.61,-139.55999999999767,21594.717
20061.62,-139.54999999999927,21498.33
20061.63,-139.53999999999724,21401.973
20061.64,-139.52999999999884,21739.359
20061.65,-139.5199999999968,21546.52
20061.66,-139.5099999999984,21353.809
20061.67,-139.5,21353.809
20061.68,-139.48999999999796,21353.809
20061.69,-139.47999999999956,21498.33
20061.7,-139.46999999999753,21594.717
20061.71,-139.45999999999913,21401.973
20061.72,-139.4499999999971,21353.809
20061.73,-139.4399999999987,21498.33
20061.74,-139.42999999999665,21546.52
20061.75,-139.41999999999825,21450.146
20061.76,-139.40999999999985,21401.973
20061.77,-139.39999999999782,21594.717
20061.78,-139.38999999999942,21498.33
20061.79,-139.37999999999738,21642.924
20061.8,-139.36999999999898,21401.973
20061.81,-139.35999999999694,21594.717
20061.82,-139.34999999999854,21498.33
20061.83,-139.3399999999965,21546.52
20061.84,-139.3299999999981,21546.52
20061.85,-139.3199999999997,21353.809
20061.86,-139.30999999999767,21450.146
20061.87,-139.29999999999927,21498.33
20061.88,-139.28999999999724,21353.809
20061.89,-139.27999999999884,21450.146
20061.9,-139.2699999999968,21498.33
20061.91,-139.2599999999984,21498.33
20061.92,-139.25,21401.973
20061.93,-139.23999999999796,21642.924
20061.94,-139.22999999999956,21642.924
20061.95,-139.21999999999753,21546.52
20061.96,-139.20999999999913,21546.52
20061.97,-139.1999999999971,21739.359
20061.98,-139.1899999999987,21546.52
20061.99,-139.17999999999665,21498.33
20062.0,-139.16999999999825,21594.717
20062.01,-139.15999999999985,21450.146
20062.02,-139.14999999999782,21450.146
20062.03,-139.13999999999942,21691.139
20062.04,-139.12999999999738,21691.139
20062.05,-139.11999999999898,21594.717
20062.06,-139.10999999999694,21691.139
20062.07,-139.09999999999854,21498.33
20062.08,-139.0899999999965,21546.52
20062.09,-139.0799999999981,21642.924
20062.1,-139.0699999999997,21594.717
20062.11,-139.05999999999767,21594.717
20062.12,-139.04999999999927,21353.809
20062.13,-139.03999999999724,21642.924
20062.14,-139.02999999999884,21642.924
20062.15,-139.0199999999968,21305.65
20062.16,-139.0099999999984,21546.52
20062.17,-139.0,21594.717
20062.18,-138.98999999999796,21401.973
20062.19,-138.97999999999956,21594.717
20062.2,-138.96999999999753,21450.146
20062.21,-138.95999999999913,21161.227
20062.22,-138.9499999999971,21353.809
20062.23,-138.9399999999987,21642.924
20062.24,-138.92999999999665,21450.146
20062.25,-138.91999999999825,21305.65
20062.26,-138.90999999999985,21450.146
20062.27,-138.89999999999782,21546.52
20062.28,-138.88999999999942,21401.973
20062.29,-138.87999999999738,21498.33
20062.3,-138.86999999999898,21594.717
20062.31,-138.85999999999694,21450.146
20062.32,-138.84999999999854,21594.717
20062.33,-138.8399999999965,21498.33
20062.34,-138.8299999999981,21498.33
20062.35,-138.8199999999997,21498.33
20062.36,-138.80999999999767,21546.52
20062.37,-138.79999999999927,21450.146
20062.38,-138.78999999999724,21546.52
20062.39,-138.77999999999884,21546.52
20062.4,-138.7699999999968,21546.52
20062.41,-138.7599999999984,21642.924
20062.42,-138.75,21498.33
20062.43,-138.73999999999796,21594.717
20062.44,-138.72999999999956,21642.924
20062.45,-138.71999999999753,21353.809
20062.46,-138.70999999999913,21450.146
20062.47,-138.6999999999971,21594.717
20062.48,-138.6899999999987,21498.33
20062.49,-138.67999999999665,21305.65
20062.5,-138.66999999999825,21498.33
20062.51,-138.65999999999985,21594.717
20062.52,-138.64999999999782,21546.52
20062.53,-138.63999999999942,21594.717
20062.54,-138.62999999999738,21739.359
20062.55,-138.61999999999898,21401.973
20062.56,-138.60999999999694,21546.52
20062.57,-138.59999999999854,21450.146
20062.58,-138.5899999999965,21450.146
20062.59,-138.5799999999981,21642.924
20062.6,-138.5699999999997,21450.146
20062.61,-138.55999999999767,21401.973
20062.62,-138.54999999999927,21353.809
20062.63,-138.53999999999724,21401.973
20062.64,-138.52999999999884,21546.52
20062.65,-138.5199999999968,21594.717
20062.66,-138.5099999999984,21305.65
20062.67,-138.5,21401.973
20062.68,-138.48999999999796,21594.717
20062.69,-138.47999999999956,21401.973
20062.7,-138.46999999999753,21401.973
20062.71,-138.45999999999913,21353.809
20062.72,-138.4499999999971,21353.809
20062.73,-138.4399999999987,21498.33
20062.74,-138.42999999999665,21401.973
20062.75,-138.41999999999825,21401.973
20062.76,-138.40999999999985,21450.146
20062.77,-138.39999999999782,21546.52
20062.78,-138.38999999999942,21498.33
20062.79,-138.37999999999738,21450.146
20062.8,-138.36999999999898,21450.146
20062.81,-138.35999999999694,21498.33
20062.82,-138.34999999999854,21498.33
20062.83,-138.3399999999965,21498.33
20062.84,-138.3299999999981,21498.33
20062.85,-138.3199999999997,21594.717
20062.86,-138.30999999999767,21450.146
20062.87,-138.29999999999927,21546.52
20062.88,-138.28999999999724,21498.33
20062.89,-138.27999999999884,21594.717
20062.9,-138.2699999999968,21546.52
20062.91,-138.2599999999984,21450.146
20062.92,-138.25,21594.717
20062.93,-138.23999999999796,21450.146
20062.94,-138.22999999999956,21594.717
20062.95,-138.21999999999753,21498.33
20062.96,-138.20999999999913,21450.146
20062.97,-138.1999999999971,21498.33
20062.98,-138.1899999999987,21642.924
20062.99,-138.17999999999665,21305.65
20063.0,-138.16999999999825,21498.33
20063.01,-138.15999999999985,21450.146
20063.02,-138.14999999999782,21209.359
20063.03,-138.13999999999942,21353.809
20063.04,-138.12999999999738,21594.717
20063.05,-138.11999999999898,21353.809
20063.06,-138.10999999999694,21498.33
20063.07,-138.09999999999854,21546.52
20063.08,-138.0899999999965,21450.146
20063.09,-138.0799999999981,21642.924
20063.1,-138.0699999999997,21642.924
20063.11,-138.05999999999767,21594.717
20063.12,-138.04999999999927,21401.973
20063.13,-138.03999999999724,21498.33
20063.14,-138.02999999999884,21450.146
20063.15,-138.0199999999968,21498.33
20063.16,-138.0099999999984,21401.973
20063.17,-138.0,21498.33
20063.18,-137.98999999999796,21450.146
20063.19,-137.97999999999956,21546.52
20063.2,-137.96999999999753,21498.33
20063.21,-137.95999999999913,21498.33
20063.22,-137.9499999999971,21498.33
20063.23,-137.9399999999987,21546.52
20063.24,-137.92999999999665,21546.52
20063.25,-137.91999999999825,21450.146
20063.26,-137.90999999999985,21450.146
20063.27,-137.89999999999782,21498.33
20063.28,-137.88999999999942,21498.33
20063.29,-137.87999999999738,21450.146
20063.3,-137.86999999999898,21691.139
20063.31,-137.85999999999694,21546.52
20063.32,-137.84999999999854,21594.717
20063.33,-137.8399999999965,21498.33
20063.34,-137.8299999999981,21498.33
20063.35,-137.8199999999997,21498.33
20063.36,-137.80999999999767,21546.52
20063.37,-137.79999999999927,21498.33
20063.38,-137.78999999999724,21546.52
20063.39,-137.77999999999884,21353.809
20063.4,-137.7699999999968,21401.973
20063.41,-137.7599999999984,21594.717
20063.42,-137.75,21546.52
20063.43,-137.73999999999796,21450.146
20063.44,-137.72999999999956,21594.717
20063.45,-137.71999999999753,21305.65
20063.46,-137.70999999999913,21353.809
20063.47,-137.6999999999971,21546.52
20063.48,-137.6899999999987,21498.33
20063.49,-137.67999999999665,21691.139
20063.5,-137.66999999999825,21498.33
20063.51,-137.65999999999985,21642.924
20063.52,-137.64999999999782,21594.717
20063.53,-137.63999999999942,21642.924
20063.54,-137.62999999999738,21401.973
20063.55,-137.61999999999898,21209.359
20063.56,-137.60999999999694,21305.65
20063.57,-137.59999999999854,21642.924
20063.58,-137.5899999999965,21353.809
20063.59,-137.5799999999981,21401.973
20063.6,-137.5699999999997,21498.33
20063.61,-137.55999999999767,21401.973
20063.62,-137.54999999999927,21498.33
20063.63,-137.53999999999724,21498.33
20063.64,-137.52999999999884,21498.33
20063.65,-137.5199999999968,21450.146
20063.66,-137.5099999999984,21450.146
20063.67,-137.5,21257.502
20063.68,-137.48999999999796,21546.52
20063.69,-137.47999999999956,21257.502
20063.7,-137.46999999999753,21546.52
20063.71,-137.45999999999913,21209.359
20063.72,-137.4499999999971,21642.924
20063.73,-137.4399999999987,21594.717
20063.74,-137.42999999999665,21353.809
20063.75,-137.41999999999825,21257.502
20063.76,-137.40999999999985,21498.33
20063.77,-137.39999999999782,21401.973
20063.78,-137.38999999999942,21450.146
20063.79,-137.37999999999738,21257.502
20063.8,-137.36999999999898,21401.973
20063.81,-137.35999999999694,21642.924
20063.82,-137.34999999999854,21739.359
20063.83,-137.3399999999965,21498.33
20063.84,-137.3299999999981,21691.139
20063.85,-137.3199999999997,21546.52
20063.86,-137.30999999999767,21546.52
20063.87,-137.29999999999927,21401.973
20063.88,-137.28999999999724,21594.717
20063.89,-137.27999999999884,21642.924
20063.9,-137.2699999999968,21691.139
20063.91,-137.2599999999984,21546.52
20063.92,-137.25,21546.52
20063.93,-137.23999999999796,21353.809
20063.94,-137.22999999999956,21594.717
20063.95,-137.21999999999753,21546.52
20063.96,-137.20999999999913,21546.52
20063.97,-137.1999999999971,21450.146
20063.98,-137.1899999999987,21498.33
20063.99,-137.17999999999665,21401.973
20064.0,-137.16999999999825,21498.33
20064.01,-137.15999999999985,21305.65
20064.02,-137.14999999999782,21498.33
20064.03,-137.13999999999942,21257.502
20064.04,-137.12999999999738,21498.33
20064.05,-137.11999999999898,21305.65
20064.06,-137.10999999999694,21546.52
20064.07,-137.09999999999854,21546.52
20064.08,-137.0899999999965,21594.717
20064.09,-137.0799999999981,21594.717
20064.1,-137.0699999999997,21353.809
20064.11,-137.05999999999767,21546.52
20064.12,-137.04999999999927,21498.33
20064.13,-137.03999999999724,21594.717
20064.14,-137.02999999999884,21787.59
20064.15,-137.0199999999968,21498.33
20064.16,-137.0099999999984,21401.973
20064.17,-137.0,21594.717
20064.18,-136.98999999999796,21498.33
20064.19,-136.97999999999956,21498.33
20064.2,-136.96999999999753,21450.146
20064.21,-136.95999999999913,21353.809
20064.22,-136.9499999999971,21546.52
20064.23,-136.9399999999987,21691.139
20064.24,-136.92999999999665,21498.33
20064.25,-136.91999999999825,21450.146
20064.26,-136.90999999999985,21546.52
20064.27,-136.89999999999782,21594.717
20064.28,-136.88999999999942,21642.924
20064.29,-136.87999999999738,21498.33
20064.3,-136.86999999999898,21498.33
20064.31,-136.85999999999694,21594.717
20064.32,-136.84999999999854,21691.139
20064.33,-136.8399999999965,21353.809
20064.34,-136.8299999999981,21594.717
20064.35,-136.8199999999997,21787.59
20064.36,-136.80999999999767,21787.59
20064.37,-136.79999999999927,21546.52
20064.38,-136.78999999999724,21450.146
20064.39,-136.77999999999884,21401.973
20064.4,-136.7699999999968,21594.717
20064.41,-136.7599999999984,21594.717
20064.42,-136.75,21450.146
20064.43,-136.73999999999796,21401.973
20064.44,-136.72999999999956,21401.973
20064.45,-136.71999999999753,21642.924
20064.46,-136.70999999999913,21498.33
20064.47,-136.6999999999971,21546.52
20064.48,-136.6899999999987,21691.139
20064.49,-136.67999999999665,21594.717
20064.5,-136.66999999999825,21450.146
20064.51,-136.65999999999985,21691.139
20064.52,-136.64999999999782,21498.33
20064.53,-136.63999999999942,21450.146
20064.54,-136.62999999999738,21642.924
20064.55,-136.61999999999898,21594.717
20064.56,-136.60999999999694,21739.359
20064.57,-136.59999999999854,21546.52
20064.58,-136.5899999999965,21594.717
20064.59,-136.5799999999981,21594.717
20064.6,-136.5699999999997,21401.973
20064.61,-136.55999999999767,21739.359
20064.62,-136.54999999999927,21450.146
20064.63,-136.53999999999724,21401.973
20064.64,-136.52999999999884,21594.717
20064.65,-136.5199999999968,21546.52
20064.66,-136.5099999999984,21498.33
20064.67,-136.5,21401.973
20064.68,-136.48999999999796,21594.717
20064.69,-136.47999999999956,21546.52
20064.7,-136.46999999999753,21594.717
20064.71,-136.45999999999913,21401.973
20064.72,-136.4499999999971,21401.973
20064.73,-136.4399999999987,21642.924
20064.74,-136.42999999999665,21498.33
20064.75,-136.41999999999825,21546.52
20064.76,-136.40999999999985,21401.973
20064.77,-136.39999999999782,21401.973
20064.78,-136.38999999999942,21401.973
20064.79,-136.37999999999738,21594.717
20064.8,-136.36999999999898,21787.59
20064.81,-136.35999999999694,21498.33
20064.82,-136.34999999999854,21546.52
20064.83,-136.3399999999965,21498.33
20064.84,-136.3299999999981,21546.52
20064.85,-136.3199999999997,21498.33
20064.86,-136.30999999999767,21642.924
20064.87,-136.29999999999927,21450.146
20064.88,-136.28999999999724,21401.973
20064.89,-136.27999999999884,21546.52
20064.9,-136.2699999999968,21401.973
20064.91,-136.2599999999984,21546.52
20064.92,-136.25,21594.717
20064.93,-136.23999999999796,21498.33
20064.94,-136.22999999999956,21642.924
20064.95,-136.21999999999753,21546.52
20064.96,-136.20999999999913,21498.33
20064.97,-136.1999999999971,21450.146
20064.98,-136.1899999999987,21594.717
20064.99,-136.17999999999665,21353.809
20065.0,-136.16999999999825,21498.33
20065.01,-136.15999999999985,21594.717
20065.02,-136.14999999999782,21498.33
20065.03,-136.13999999999942,21498.33
20065.04,-136.12999999999738,21498.33
20065.05,-136.11999999999898,21642.924
20065.06,-136.10999999999694,21787.59
20065.07,-136.09999999999854,21594.717
20065.08,-136.0899999999965,21691.139
20065.09,-136.0799999999981,21498.33
20065.1,-136.0699999999997,21450.146
20065.11,-136.05999999999767,21450.146
20065.12,-136.04999999999927,21401.973
20065.13,-136.03999999999724,21546.52
20065.14,-136.02999999999884,21691.139
20065.15,-136.0199999999968,21594.717
20065.16,-136.0099999999984,21546.52
20065.17,-136.0,21498.33
20065.18,-135.98999999999796,21450.146
20065.19,-135.97999999999956,21642.924
20065.2,-135.96999999999753,21546.52
20065.21,-135.95999999999913,21401.973
20065.22,-135.9499999999971,21450.146
20065.23,-135.9399999999987,21546.52
20065.24,-135.92999999999665,21498.33
20065.25,-135.91999999999825,21401.973
20065.26,-135.90999999999985,21546.52
20065.27,-135.89999999999782,21546.52
20065.28,-135.88999999999942,21305.65
20065.29,-135.87999999999738,21450.146
20065.3,-135.86999999999898,21594.717
20065.31,-135.85999999999694,21546.52
20065.32,-135.84999999999854,21594.717
20065.33,-135.8399999999965,21594.717
20065.34,-135.8299999999981,21594.717
20065.35,-135.8199999999997,21594.717
20065.36,-135.80999999999767,21546.52
20065.37,-135.79999999999927,21594.717
20065.38,-135.78999999999724,21498.33
20065.39,-135.77999999999884,21642.924
20065.4,-135.7699999999968,21691.139
20065.41,-135.7599999999984,21546.52
20065.42,-135.75,21642.924
20065.43,-135.73999999999796,21401.973
20065.44,-135.72999999999956,21498.33
20065.45,-135.71999999999753,21546.52
20065.46,-135.70999999999913,21594.717
20065.47,-135.6999999999971,21498.33
20065.48,-135.6899999999987,21642.924
20065.49,-135.67999999999665,21401.973
20065.5,-135.66999999999825,21546.52
20065.51,-135.65999999999985,21546.52
20065.52,-135.64999999999782,21691.139
20065.53,-135.63999999999942,21450.146
20065.54,-135.62999999999738,21546.52
20065.55,-135.61999999999898,21691.139
20065.56,-135.60999999999694,21450.146
20065.57,-135.59999999999854,21450.146
20065.58,-135.5899999999965,21353.809
20065.59,-135.5799999999981,21353.809
20065.6,-135.5699999999997,21498.33
20065.61,-135.55999999999767,21691.139
20065.62,-135.54999999999927,21594.717
20065.63,-135.53999999999724,21257.502
20065.64,-135.52999999999884,21594.717
20065.65,-135.5199999999968,21546.52
20065.66,-135.5099999999984,21401.973
20065.67,-135.5,21642.924
20065.68,-135.48999999999796,21594.717
20065.69,-135.47999999999956,21594.717
20065.7,-135.46999999999753,21642.924
20065.71,-135.45999999999913,21498.33
20065.72,-135.4499999999971,21642.924
20065.73,-135.4399999999987,21546.52
20065.74,-135.42999999999665,21353.809
20065.75,-135.41999999999825,21353.809
20065.76,-135.40999999999985,21739.359
20065.77,-135.39999999999782,21739.359
20065.78,-135.38999999999942,21498.33
20065.79,-135.37999999999738,21401.973
20065.8,-135.36999999999898,21546.52
20065.81,-135.35999999999694,21546.52
20065.82,-135.34999999999854,21498.33
20065.83,-135.3399999999965,21546.52
20065.84,-135.3299999999981,21450.146
20065.85,-135.3199999999997,21401.973
20065.86,-135.30999999999767,21498.33
20065.87,-135.29999999999927,21353.809
20065.88,-135.28999999999724,21546.52
20065.89,-135.27999999999884,21546.52
20065.9,-135.2699999999968,21401.973
20065.91,-135.2599999999984,21450.146
20065.92,-135.25,21594.717
20065.93,-135.23999999999796,21353.809
20065.94,-135.22999999999956,21546.52
20065.95,-135.21999999999753,21353.809
20065.96,-135.20999999999913,21450.146
20065.97,-135.1999999999971,21353.809
20065.98,-135.1899999999987,21691.139
20065.99,-135.17999999999665,21353.809
20066.0,-135.16999999999825,21594.717
20066.01,-135.15999999999985,21546.52
20066.02,-135.14999999999782,21787.59
20066.03,-135.13999999999942,21498.33
20066.04,-135.12999999999738,21498.33
20066.05,-135.11999999999898,21546.52
20066.06,-135.10999999999694,21546.52
20066.07,-135.09999999999854,21353.809
20066.08,-135.0899999999965,21450.146
20066.09,-135.0799999999981,21450.146
20066.1,-135.0699999999997,21498.33
20066.11,-135.05999999999767,21498.33
20066.12,-135.04999999999927,21594.717
20066.13,-135.03999999999724,21498.33
20066.14,-135.02999999999884,21691.139
20066.15,-135.0199999999968,21594.717
20066.16,-135.0099999999984,21450.146
20066.17,-135.0,21498.33
20066.18,-134.98999999999796,21642.924
20066.19,-134.97999999999956,21546.52
20066.2,-134.96999999999753,21498.33
20066.21,-134.95999999999913,21498.33
20066.22,-134.9499999999971,21594.717
20066.23,-134.9399999999987,21691.139
20066.24,-134.92999999999665,21594.717
20066.25,-134.91999999999825,21691.139
20066.26,-134.90999999999985,21739.359
20066.27,-134.89999999999782,21546.52
20066.28,-134.88999999999942,21691.139
20066.29,-134.87999999999738,21450.146
20066.3,-134.86999999999898,21498.33
20066.31,-134.85999999999694,21546.52
20066.32,-134.84999999999854,21401.973
20066.33,-134.8399999999965,21594.717
20066.34,-134.8299999999981,21546.52
20066.35,-134.8199999999997,21594.717
20066.36,-134.80999999999767,21498.33
20066.37,-134.79999999999927,21546.52
20066.38,-134.78999999999724,21450.146
20066.39,-134.77999999999884,21594.717
20066.4,-134.7699999999968,21642.924
20066.41,-134.7599999999984,21401.973
20066.42,-134.75,21546.52
20066.43,-134.73999999999796,21546.52
20066.44,-134.72999999999956,21594.717
20066.45,-134.71999999999753,21498.33
20066.46,-134.70999999999913,21546.52
20066.47,-134.6999999999971,21450.146
20066.48,-134.6899999999987,21401.973
20066.49,-134.67999999999665,21401.973
20066.5,-134.66999999999825,21594.717
20066.51,-134.65999999999985,21401.973
20066.52,-134.64999999999782,21642.924
20066.53,-134.63999999999942,21450.146
20066.54,-134.62999999999738,21401.973
20066.55,-134.61999999999898,21594.717
20066.56,-134.60999999999694,21546.52
20066.57,-134.59999999999854,21884.076
20066.58,-134.5899999999965,21546.52
20066.59,-134.5799999999981,21546.52
20066.6,-134.5699999999997,21450.146
20066.61,-134.55999999999767,21546.52
20066.62,-134.54999999999927,21642.924
20066.63,-134.53999999999724,21353.809
20066.64,-134.52999999999884,21594.717
20066.65,-134.5199999999968,21594.717
20066.66,-134.5099999999984,21353.809
20066.67,-134.5,21594.717
20066.68,-134.48999999999796,21691.139
20066.69,-134.47999999999956,21546.52
20066.7,-134.46999999999753,21594.717
20066.71,-134.45999999999913,21546.52
20066.72,-134.4499999999971,21353.809
20066.73,-134.4399999999987,21353.809
20066.74,-134.42999999999665,21450.146
20066.75,-134.41999999999825,21353.809
20066.76,-134.40999999999985,21594.717
20066.77,-134.39999999999782,21546.52
20066.78,-134.38999999999942,21594.717
20066.79,-134.37999999999738,21546.52
20066.8,-134.36999999999898,21546.52
20066.81,-134.35999999999694,21498.33
20066.82,-134.34999999999854,21353.809
20066.83,-134.3399999999965,21401.973
20066.84,-134.3299999999981,21546.52
20066.85,-134.3199999999997,21450.146
20066.86,-134.30999999999767,21594.717
20066.87,-134.29999999999927,21401.973
20066.88,-134.28999999999724,21450.146
20066.89,-134.27999999999884,21594.717
20066.9,-134.2699999999968,21450.146
20066.91,-134.2599999999984,21498.33
20066.92,-134.25,21450.146
20066.93,-134.23999999999796,21594.717
20066.94,-134.22999999999956,21498.33
20066.95,-134.21999999999753,21546.52
20066.96,-134.20999999999913,21594.717
20066.97,-134.1999999999971,21691.139
20066.98,-134.1899999999987,21642.924
20066.99,-134.17999999999665,21642.924
20067.0,-134.16999999999825,21450.146
20067.01,-134.15999999999985,21257.502
20067.02,-134.14999999999782,21884.076
20067.03,-134.13999999999942,21353.809
20067.04,-134.12999999999738,21594.717
20067.05,-134.11999999999898,21498.33
20067.06,-134.10999999999694,21546.52
20067.07,-134.09999999999854,21691.139
20067.08,-134.0899999999965,21450.146
20067.09,-134.0799999999981,21739.359
20067.1,-134.0699999999997,21594.717
20067.11,-134.05999999999767,21498.33
20067.12,-134.04999999999927,21546.52
20067.13,-134.03999999999724,21594.717
20067.14,-134.02999999999884,21353.809
20067.15,-134.0199999999968,21546.52
20067.16,-134.0099999999984,21450.146
20067.17,-134.0,21353.809
20067.18,-133.98999999999796,21353.809
20067.19,-133.97999999999956,21642.924
20067.2,-133.96999999999753,21594.717
20067.21,-133.95999999999913,21546.52
20067.22,-133.9499999999971,21401.973
20067.23,-133.9399999999987,21546.52
20067.24,-133.92999999999665,21450.146
20067.25,-133.91999999999825,21642.924
20067.26,-133.90999999999985,21546.52
20067.27,-133.89999999999782,21691.139
20067.28,-133.88999999999942,21594.717
20067.29,-133.87999999999738,21401.973
20067.3,-133.86999999999898,21546.52
20067.31,-133.85999999999694,21353.809
20067.32,-133.84999999999854,21450.146
20067.33,-133.8399999999965,21353.809
20067.34,-133.8299999999981,21642.924
20067.35,-133.8199999999997,21353.809
20067.36,-133.80999999999767,21594.717
20067.37,-133.79999999999927,21305.65
20067.38,-133.78999999999724,21401.973
20067.39,-133.77999999999884,21546.52
20067.4,-133.7699999999968,21546.52
20067.41,-133.7599999999984,21498.33
20067.42,-133.75,21546.52
20067.43,-133.73999999999796,21691.139
20067.44,-133.72999999999956,21546.52
20067.45,-133.71999999999753,21691.139
20067.46,-133.70999999999913,21691.139
20067.47,-133.6999999999971,21353.809
20067.48,-133.6899999999987,21353.809
20067.49,-133.67999999999665,21450.146
20067.5,-133.66999999999825,21401.973
20067.51,-133.65999999999985,21498.33
20067.52,-133.64999999999782,21498.33
20067.53,-133.63999999999942,21546.52
20067.54,-133.62999999999738,21594.717
20067.55,-133.61999999999898,21450.146
20067.56,-133.60999999999694,21691.139
20067.57,-133.59999999999854,21691.139
20067.58,-133.5899999999965,21594.717
20067.59,-133.5799999999981,21642.924
20067.6,-133.5699999999997,21546.52
20067.61,-133.55999999999767,21594.717
20067.62,-133.54999999999927,21546.52
20067.63,-133.53999999999724,21546.52
20067.64,-133.52999999999884,21594.717
20067.65,-133.5199999999968,21594.717
20067.66,-133.5099999999984,21739.359
20067.67,-133.5,21739.359
20067.68,-133.48999999999796,21691.139
20067.69,-133.47999999999956,21546.52
20067.7,-133.46999999999753,21546.52
20067.71,-133.45999999999913,21353.809
20067.72,-133.4499999999971,21642.924
20067.73,-133.4399999999987,21691.139
20067.74,-133.42999999999665,21546.52
20067.75,-133.41999999999825,21594.717
20067.76,-133.40999999999985,21642.924
20067.77,-133.39999999999782,21450.146
20067.78,-133.38999999999942,21305.65
20067.79,-133.37999999999738,21739.359
20067.8,-133.36999999999898,21546.52
20067.81,-133.35999999999694,21691.139
20067.82,-133.34999999999854,21739.359
20067.83,-133.3399999999965,21739.359
20067.84,-133.3299999999981,21450.146
20067.85,-133.3199999999997,21594.717
20067.86,-133.30999999999767,21546.52
20067.87,-133.29999999999927,21642.924
20067.88,-133.28999999999724,21739.359
20067.89,-133.27999999999884,21594.717
20067.9,-133.2699999999968,21401.973
20067.91,-133.2599999999984,21305.65
20067.92,-133.25,21498.33
20067.93,-133.23999999999796,21594.717
20067.94,-133.22999999999956,21594.717
20067.95,-133.21999999999753,21401.973
20067.96,-133.20999999999913,21450.146
20067.97,-133.1999999999971,21594.717
20067.98,-133.1899999999987,21594.717
20067.99,-133.17999999999665,21401.973
20068.0,-133.16999999999825,21594.717
20068.01,-133.15999999999985,21642.924
20068.02,-133.14999999999782,21594.717
20068.03,-133.13999999999942,21401.973
20068.04,-133.12999999999738,21401.973
20068.05,-133.11999999999898,21594.717
20068.06,-133.10999999999694,21546.52
20068.07,-133.09999999999854,21450.146
20068.08,-133.0899999999965,21450.146
20068.09,-133.0799999999981,21594.717
20068.1,-133.0699999999997,21546.52
20068.11,-133.05999999999767,21546.52
20068.12,-133.04999999999927,21353.809
20068.13,-133.03999999999724,21546.52
20068.14,-133.02999999999884,21691.139
20068.15,-133.0199999999968,21498.33
20068.16,-133.0099999999984,21401.973
20068.17,-133.0,21546.52
20068.18,-132.98999999999796,21498.33
20068.19,-132.97999999999956,21691.139
20068.2,-132.96999999999753,21498.33
20068.21,-132.95999999999913,21546.52
20068.22,-132.9499999999971,21594.717
20068.23,-132.9399999999987,21691.139
20068.24,-132.92999999999665,21546.52
20068.25,-132.91999999999825,21546.52
20068.26,-132.90999999999985,21594.717
20068.27,-132.89999999999782,21450.146
20068.28,-132.88999999999942,21401.973
20068.29,-132.87999999999738,21498.33
20068.3,-132.86999999999898,21546.52
20068.31,-132.85999999999694,21546.52
20068.32,-132.84999999999854,21691.139
20068.33,-132.8399999999965,21450.146
20068.34,-132.8299999999981,21739.359
20068.35,-132.8199999999997,21546.52
20068.36,-132.80999999999767,21498.33
20068.37,-132.79999999999927,21498.33
20068.38,-132.78999999999724,21450.146
20068.39,-132.77999999999884,21546.52
20068.4,-132.7699999999968,21594.717
20068.41,-132.7599999999984,21835.83
20068.42,-132.75,21546.52
20068.43,-132.73999999999796,21691.139
20068.44,-132.72999999999956,21691.139
20068.45,-132.71999999999753,21739.359
20068.46,-132.70999999999913,21401.973
20068.47,-132.6999999999971,21546.52
20068.48,-132.6899999999987,21594.717
20068.49,-132.67999999999665,21594.717
20068.5,-132.66999999999825,21642.924
20068.51,-132.65999999999985,21546.52
20068.52,-132.64999999999782,21546.52
20068.53,-132.63999999999942,21498.33
20068.54,-132.62999999999738,21546.52
20068.55,-132.61999999999898,21353.809
20068.56,-132.60999999999694,21594.717
20068.57,-132.59999999999854,21546.52
20068.58,-132.5899999999965,21546.52
20068.59,-132.5799999999981,21835.83
20068.6,-132.5699999999997,21594.717
20068.61,-132.55999999999767,21546.52
20068.62,-132.54999999999927,21498.33
20068.63,-132.53999999999724,21546.52
20068.64,-132.52999999999884,21594.717
20068.65,-132.5199999999968,21594.717
20068.66,-132.5099999999984,21498.33
20068.67,-132.5,21498.33
20068.68,-132.48999999999796,21642.924
20068.69,-132.47999999999956,21594.717
20068.7,-132.46999999999753,21498.33
20068.71,-132.45999999999913,21353.809
20068.72,-132.4499999999971,21546.52
20068.73,-132.4399999999987,21546.52
20068.74,-132.42999999999665,21546.52
20068.75,-132.41999999999825,21594.717
20068.76,-132.40999999999985,21691.139
20068.77,-132.39999999999782,21546.52
20068.78,-132.38999999999942,21450.146
20068.79,-132.37999999999738,21546.52
20068.8,-132.36999999999898,21594.717
20068.81,-132.35999999999694,21594.717
20068.82,-132.34999999999854,21401.973
20068.83,-132.3399999999965,21498.33
20068.84,-132.3299999999981,21594.717
20068.85,-132.3199999999997,21787.59
20068.86,-132.30999999999767,21546.52
20068.87,-132.29999999999927,21594.717
20068.88,-132.28999999999724,21498.33
20068.89,-132.27999999999884,21787.59
20068.9,-132.2699999999968,21642.924
20068.91,-132.2599999999984,21546.52
20068.92,-132.25,21450.146
20068.93,-132.23999999999796,21691.139
20068.94,-132.22999999999956,21739.359
20068.95,-132.21999999999753,21546.52
20068.96,-132.20999999999913,21450.146
20068.97,-132.1999999999971,21546.52
20068.98,-132.1899999999987,21594.717
20068.99,-132.17999999999665,21546.52
20069.0,-132.16999999999825,21642.924
20069.01,-132.15999999999985,21498.33
20069.02,-132.14999999999782,21546.52
20069.03,-132.13999999999942,21450.146
20069.04,-132.12999999999738,21450.146
20069.05,-132.11999999999898,21450.146
20069.06,-132.10999999999694,21401.973
20069.07,-132.09999999999854,21498.33
20069.08,-132.0899999999965,22463.672
20069.09,-132.0799999999981,23189.811
20069.1,-132.0699999999997,23577.832
20069.11,-132.05999999999767,23772.039
20069.12,-132.04999999999927,23917.777
20069.13,-132.03999999999724,23869.189
20069.14,-132.02999999999884,23966.375
20069.15,-132.0199999999968,23723.475
20069.16,-132.0099999999984,23820.611
20069.17,-132.0,23723.475
20069.18,-131.98999999999796,23723.475
20069.19,-131.97999999999956,23626.373
20069.2,-131.96999999999753,23723.475
20069.21,-131.95999999999913,23674.92
20069.22,-131.9499999999971,23723.475
20069.23,-131.9399999999987,23723.475
20069.24,-131.92999999999665,23626.373
20069.25,-131.91999999999825,23820.611
20069.26,-131.90999999999985,23626.373
20069.27,-131.89999999999782,23820.611
20069.28,-131.88999999999942,23820.611
20069.29,-131.87999999999738,23869.189
20069.3,-131.86999999999898,23820.611
20069.31,-131.85999999999694,23966.375
20069.32,-131.84999999999854,23917.777
20069.33,-131.8399999999965,23772.039
20069.34,-131.8299999999981,23723.475
20069.35,-131.8199999999997,23626.373
20069.36,-131.80999999999767,23674.92
20069.37,-131.79999999999927,23772.039
20069.38,-131.78999999999724,23820.611
20069.39,-131.77999999999884,23917.777
20069.4,-131.7699999999968,23577.832
20069.41,-131.7599999999984,23626.373
20069.42,-131.75,23723.475
20069.43,-131.73999999999796,23820.611
20069.44,-131.72999999999956,23723.475
20069.45,-131.71999999999753,23772.039
20069.46,-131.70999999999913,23820.611
20069.47,-131.6999999999971,24063.592
20069.48,-131.6899999999987,23966.375
20069.49,-131.67999999999665,23480.779
20069.5,-131.66999999999825,23723.475
20069.51,-131.65999999999985,23480.779
20069.52,-131.64999999999782,23917.777
20069.53,-131.63999999999942,23772.039
20069.54,-131.62999999999738,23772.039
20069.55,-131.61999999999898,23723.475
20069.56,-131.60999999999694,23820.611
20069.57,-131.59999999999854,23820.611
20069.58,-131.5899999999965,23674.92
20069.59,-131.5799999999981,23626.373
20069.6,-131.5699999999997,23820.611
20069.61,-131.55999999999767,23772.039
20069.62,-131.54999999999927,23917.777
20069.63,-131.53999999999724,23772.039
20069.64,-131.52999999999884,23869.189
20069.65,-131.5199999999968,23869.189
20069.66,-131.5099999999984,23577.832
20069.67,-131.5,23577.832
20069.68,-131.48999999999796,23577.832
20069.69,-131.47999999999956,23723.475
20069.7,-131.46999999999753,23577.832
20069.71,-131.45999999999913,23626.373
20069.72,-131.4499999999971,23674.92
20069.73,-131.4399999999987,23820.611
20069.74,-131.42999999999665,23820.611
20069.75,-131.41999999999825,23772.039
20069.76,-131.40999999999985,23577.832
20069.77,-131.39999999999782,23723.475
20069.78,-131.38999999999942,23869.189
20069.79,-131.37999999999738,23869.189
20069.8,-131.36999999999898,23917.777
20069.81,-131.35999999999694,23966.375
20069.82,-131.34999999999854,23674.92
20069.83,-131.3399999999965,23723.475
20069.84,-131.3299999999981,23820.611
20069.85,-131.3199999999997,23529.301
20069.86,-131.30999999999767,23869.189
20069.87,-131.29999999999927,23723.475
20069.88,-131.28999999999724,23723.475
20069.89,-131.27999999999884,23869.189
20069.9,-131.2699999999968,23772.039
20069.91,-131.2599999999984,23820.611
20069.92,-131.25,24014.979
20069.93,-131.23999999999796,24891.244
20069.94,-131.22999999999956,25086.328
20069.95,-131.21999999999753,24940.002
20069.96,-131.20999999999913,24891.244
20069.97,-131.1999999999971,24891.244
20069.98,-131.1899999999987,24891.244
20069.99,-131.17999999999665,24940.002
20070.0,-131.16999999999825,23772.039
20070.01,-131.15999999999985,22318.664
20070.02,-131.14999999999782,21787.59
20070.03,-131.13999999999942,21546.52
20070.04,-131.12999999999738,21594.717
20070.05,-131.11999999999898,21546.52
20070.06,-131.10999999999694,21546.52
20070.07,-131.09999999999854,21787.59
20070.08,-131.0899999999965,21642.924
20070.09,-131.0799999999981,21546.52
20070.1,-131.0699999999997,21787.59
20070.11,-131.05999999999767,21450.146
20070.12,-131.04999999999927,21642.924
20070.13,-131.03999999999724,21691.139
20070.14,-131.02999999999884,21642.924
20070.15,-131.0199999999968,21787.59
20070.16,-131.0099999999984,21594.717
20070.17,-131.0,21450.146
20070.18,-130.98999999999796,21642.924
20070.19,-130.97999999999956,21691.139
20070.2,-130.96999999999753,21642.924
20070.21,-130.95999999999913,21594.717
20070.22,-130.9499999999971,21642.924
20070.23,-130.9399999999987,21546.52
20070.24,-130.92999999999665,21642.924
20070.25,-130.91999999999825,21787.59
20070.26,-130.90999999999985,21594.717
20070.27,-130.89999999999782,21787.59
20070.28,-130.88999999999942,21642.924
20070.29,-130.87999999999738,21739.359
20070.3,-130.86999999999898,21594.717
20070.31,-130.85999999999694,21498.33
20070.32,-130.84999999999854,21642.924
20070.33,-130.8399999999965,21594.717
20070.34,-130.8299999999981,21546.52
20070.35,-130.8199999999997,21642.924
20070.36,-130.80999999999767,21546.52
20070.37,-130.79999999999927,21546.52
20070.38,-130.78999999999724,21739.359
20070.39,-130.77999999999884,21642.924
20070.4,-130.7699999999968,21691.139
20070.41,-130.7599999999984,21594.717
20070.42,-130.75,21739.359
20070.43,-130.73999999999796,21546.52
20070.44,-130.72999999999956,21546.52
20070.45,-130.71999999999753,21498.33
20070.46,-130.70999999999913,21498.33
20070.47,-130.6999999999971,21691.139
20070.48,-130.6899999999987,21594.717
20070.49,-130.67999999999665,21594.717
20070.5,-130.66999999999825,21353.809
20070.51,-130.65999999999985,21498.33
20070.52,-130.64999999999782,21642.924
20070.53,-130.63999999999942,21691.139
20070.54,-130.62999999999738,21546.52
20070.55,-130.61999999999898,21546.52
20070.56,-130.60999999999694,21642.924
20070.57,-130.59999999999854,21691.139
20070.58,-130.5899999999965,21450.146
20070.59,-130.5799999999981,21691.139
20070.6,-130.5699999999997,21450.146
20070.61,-130.55999999999767,21401.973
20070.62,-130.54999999999927,21498.33
20070.63,-130.53999999999724,21450.146
20070.64,-130.52999999999884,21691.139
20070.65,-130.5199999999968,21594.717
20070.66,-130.5099999999984,21546.52
20070.67,-130.5,21498.33
20070.68,-130.48999999999796,21594.717
20070.69,-130.47999999999956,21739.359
20070.7,-130.46999999999753,21691.139
20070.71,-130.45999999999913,21546.52
20070.72,-130.4499999999971,21546.52
20070.73,-130.4399999999987,21546.52
20070.74,-130.42999999999665,21498.33
20070.75,-130.41999999999825,21401.973
20070.76,-130.40999999999985,21450.146
20070.77,-130.39999999999782,21739.359
20070.78,-130.38999999999942,21835.83
20070.79,-130.37999999999738,21691.139
20070.8,-130.36999999999898,21546.52
20070.81,-130.35999999999694,21401.973
20070.82,-130.34999999999854,21594.717
20070.83,-130.3399999999965,21450.146
20070.84,-130.3299999999981,21498.33
20070.85,-130.3199999999997,21498.33
20070.86,-130.30999999999767,21594.717
20070.87,-130.29999999999927,21787.59
20070.88,-130.28999999999724,21546.52
20070.89,-130.27999999999884,21642.924
20070.9,-130.2699999999968,21594.717
20070.91,-130.2599999999984,21498.33
20070.92,-130.25,21257.502
20070.93,-130.23999999999796,21450.146
20070.94,-130.22999999999956,21546.52
20070.95,-130.21999999999753,21787.59
20070.96,-130.20999999999913,21739.359
20070.97,-130.1999999999971,21546.52
20070.98,-130.1899999999987,21546.52
20070.99,-130.17999999999665,21498.33
20071.0,-130.16999999999825,21498.33
20071.01,-130.15999999999985,21498.33
20071.02,-130.14999999999782,21498.33
20071.03,-130.13999999999942,21450.146
20071.04,-130.12999999999738,21787.59
20071.05,-130.11999999999898,21353.809
20071.06,-130.10999999999694,21691.139
20071.07,-130.09999999999854,21691.139
20071.08,-130.0899999999965,21546.52
20071.09,-130.0799999999981,21642.924
20071.1,-130.0699999999997,21546.52
20071.11,-130.05999999999767,21642.924
20071.12,-130.04999999999927,21594.717
20071.13,-130.03999999999724,21787.59
20071.14,-130.02999999999884,21594.717
20071.15,-130.0199999999968,21642.924
20071.16,-130.0099999999984,21594.717
20071.17,-130.0,21642.924
20071.18,-129.98999999999796,21594.717
20071.19,-129.97999999999956,21594.717
20071.2,-129.96999999999753,21546.52
20071.21,-129.95999999999913,21450.146
20071.22,-129.9499999999971,21691.139
20071.23,-129.9399999999987,21691.139
20071.24,-129.92999999999665,21642.924
20071.25,-129.91999999999825,21691.139
20071.26,-129.90999999999985,21642.924
20071.27,-129.89999999999782,21691.139
20071.28,-129.88999999999942,21594.717
20071.29,-129.87999999999738,21546.52
20071.3,-129.86999999999898,21498.33
20071.31,-129.85999999999694,21498.33
20071.32,-129.84999999999854,21546.52
20071.33,-129.8399999999965,21594.717
20071.34,-129.8299999999981,21546.52
20071.35,-129.8199999999997,21739.359
20071.36,-129.80999999999767,21691.139
20071.37,-129.79999999999927,21594.717
20071.38,-129.78999999999724,21594.717
20071.39,-129.77999999999884,21787.59
20071.4,-129.7699999999968,21546.52
20071.41,-129.7599999999984,21546.52
20071.42,-129.75,21594.717
20071.43,-129.73999999999796,21691.139
20071.44,-129.72999999999956,21884.076
20071.45,-129.71999999999753,21691.139
20071.46,-129.70999999999913,21546.52
20071.47,-129.6999999999971,21498.33
20071.48,-129.6899999999987,21691.139
20071.49,-129.67999999999665,21594.717
20071.5,-129.66999999999825,21594.717
20071.51,-129.65999999999985,21353.809
20071.52,-129.64999999999782,21642.924
20071.53,-129.63999999999942,21594.717
20071.54,-129.62999999999738,21642.924
20071.55,-129.61999999999898,21546.52
20071.56,-129.60999999999694,21546.52
20071.57,-129.59999999999854,21739.359
20071.58,-129.5899999999965,21498.33
20071.59,-129.5799999999981,21594.717
20071.6,-129.5699999999997,21546.52
20071.61,-129.55999999999767,21498.33
20071.62,-129.54999999999927,21594.717
20071.63,-129.53999999999724,21546.52
20071.64,-129.52999999999884,21739.359
20071.65,-129.5199999999968,21691.139
20071.66,-129.5099999999984,21594.717
20071.67,-129.5,21691.139
20071.68,-129.48999999999796,21546.52
20071.69,-129.47999999999956,21450.146
20071.7,-129.46999999999753,21594.717
20071.71,-129.45999999999913,21594.717
20071.72,-129.4499999999971,21546.52
20071.73,-129.4399999999987,21594.717
20071.74,-129.42999999999665,21594.717
20071.75,-129.41999999999825,21691.139
20071.76,-129.40999999999985,21546.52
20071.77,-129.39999999999782,21642.924
20071.78,-129.38999999999942,21739.359
20071.79,-129.37999999999738,21739.359
20071.8,-129.36999999999898,21642.924
20071.81,-129.35999999999694,21450.146
20071.82,-129.34999999999854,21546.52
20071.83,-129.3399999999965,21691.139
20071.84,-129.3299999999981,21546.52
20071.85,-129.3199999999997,21546.52
20071.86,-129.30999999999767,21594.717
20071.87,-129.29999999999927,21546.52
20071.88,-129.28999999999724,21594.717
20071.89,-129.27999999999884,21642.924
20071.9,-129.2699999999968,21546.52
20071.91,-129.2599999999984,21546.52
20071.92,-129.25,21450.146
20071.93,-129.23999999999796,21594.717
20071.94,-129.22999999999956,21691.139
20071.95,-129.21999999999753,21450.146
20071.96,-129.20999999999913,21546.52
20071.97,-129.1999999999971,21401.973
20071.98,-129.1899999999987,21691.139
20071.99,-129.17999999999665,21787.59
20072.0,-129.16999999999825,21787.59
20072.01,-129.15999999999985,21642.924
20072.02,-129.14999999999782,21691.139
20072.03,-129.13999999999942,21594.717
20072.04,-129.12999999999738,21691.139
20072.05,-129.11999999999898,21498.33
20072.06,-129.10999999999694,21594.717
20072.07,-129.09999999999854,21691.139
20072.08,-129.0899999999965,21498.33
20072.09,-129.0799999999981,21546.52
20072.1,-129.0699999999997,21691.139
20072.11,-129.05999999999767,21642.924
20072.12,-129.04999999999927,21594.717
20072.13,-129.03999999999724,21642.924
20072.14,-129.02999999999884,21739.359
20072.15,-129.0199999999968,21691.139
20072.16,-129.0099999999984,21498.33
20072.17,-129.0,21642.924
20072.18,-128.98999999999796,21642.924
20072.19,-128.97999999999956,21594.717
20072.2,-128.96999999999753,21546.52
20072.21,-128.95999999999913,21642.924
20072.22,-128.9499999999971,21691.139
20072.23,-128.9399999999987,21835.83
20072.24,-128.92999999999665,21594.717
20072.25,-128.91999999999825,21642.924
20072.26,-128.90999999999985,21401.973
20072.27,-128.89999999999782,21739.359
20072.28,-128.88999999999942,21739.359
20072.29,-128.87999999999738,21401.973
20072.3,-128.86999999999898,21594.717
20072.31,-128.85999999999694,21450.146
20072.32,-128.84999999999854,21739.359
20072.33,-128.8399999999965,21353.809
20072.34,-128.8299999999981,21450.146
20072.35,-128.8199999999997,21787.59
20072.36,-128.80999999999767,21594.717
20072.37,-128.79999999999927,21546.52
20072.38,-128.78999999999724,21787.59
20072.39,-128.77999999999884,21642.924
20072.4,-128.7699999999968,21594.717
20072.41,-128.7599999999984,21450.146
20072.42,-128.75,21546.52
20072.43,-128.73999999999796,21353.809
20072.44,-128.72999999999956,21450.146
20072.45,-128.71999999999753,21594.717
20072.46,-128.70999999999913,21594.717
20072.47,-128.6999999999971,21642.924
20072.48,-128.6899999999987,21787.59
20072.49,-128.67999999999665,21691.139
20072.5,-128.66999999999825,21787.59
20072.51,-128.65999999999985,21787.59
20072.52,-128.64999999999782,21642.924
20072.53,-128.63999999999942,21642.924
20072.54,-128.62999999999738,21546.52
20072.55,-128.61999999999898,21594.717
20072.56,-128.60999999999694,21739.359
20072.57,-128.59999999999854,21594.717
20072.58,-128.5899999999965,21642.924
20072.59,-128.5799999999981,21739.359
20072.6,-128.5699999999997,21546.52
20072.61,-128.55999999999767,21546.52
20072.62,-128.54999999999927,21546.52
20072.63,-128.53999999999724,21546.52
20072.64,-128.52999999999884,21787.59
20072.65,-128.5199999999968,21739.359
20072.66,-128.5099999999984,21739.359
20072.67,-128.5,21691.139
20072.68,-128.48999999999796,21353.809
20072.69,-128.47999999999956,21594.717
20072.7,-128.46999999999753,21450.146
20072.71,-128.45999999999913,21498.33
20072.72,-128.4499999999971,21546.52
20072.73,-128.4399999999987,21642.924
20072.74,-128.42999999999665,21401.973
20072.75,-128.41999999999825,21498.33
20072.76,-128.40999999999985,21594.717
20072.77,-128.39999999999782,21594.717
20072.78,-128.38999999999942,21546.52
20072.79,-128.37999999999738,21498.33
20072.8,-128.36999999999898,21594.717
20072.81,-128.35999999999694,21594.717
20072.82,-128.34999999999854,21739.359
20072.83,-128.3399999999965,21594.717
20072.84,-128.3299999999981,21691.139
20072.85,-128.3199999999997,21546.52
20072.86,-128.30999999999767,21594.717
20072.87,-128.29999999999927,21691.139
20072.88,-128.28999999999724,21546.52
20072.89,-128.27999999999884,21546.52
20072.9,-128.2699999999968,21546.52
20072.91,-128.2599999999984,21546.52
20072.92,-128.25,21546.52
20072.93,-128.23999999999796,21739.359
20072.94,-128.22999999999956,21498.33
20072.95,-128.21999999999753,21594.717
20072.96,-128.20999999999913,21787.59
20072.97,-128.1999999999971,21787.59
20072.98,-128.1899999999987,21594.717
20072.99,-128.17999999999665,21642.924
20073.0,-128.16999999999825,21642.924
20073.01,-128.15999999999985,21787.59
20073.02,-128.14999999999782,21546.52
20073.03,-128.13999999999942,21691.139
20073.04,-128.12999999999738,21546.52
20073.05,-128.11999999999898,21450.146
20073.06,-128.10999999999694,21642.924
20073.07,-128.09999999999854,21546.52
20073.08,-128.0899999999965,21642.924
20073.09,-128.0799999999981,21546.52
20073.1,-128.0699999999997,21739.359
20073.11,-128.05999999999767,21594.717
20073.12,-128.04999999999927,21353.809
20073.13,-128.03999999999724,21498.33
20073.14,-128.02999999999884,21691.139
20073.15,-128.0199999999968,21642.924
20073.16,-128.0099999999984,21546.52
20073.17,-128.0,21642.924
20073.18,-127.98999999999796,21594.717
20073.19,-127.97999999999956,21498.33
20073.2,-127.96999999999753,21498.33
20073.21,-127.95999999999913,21787.59
20073.22,-127.94999999999709,21787.59
20073.23,-127.93999999999869,21594.717
20073.24,-127.92999999999665,21739.359
20073.25,-127.91999999999825,21787.59
20073.26,-127.90999999999985,21546.52
20073.27,-127.89999999999782,21787.59
20073.28,-127.88999999999942,21546.52
20073.29,-127.87999999999738,21546.52
20073.3,-127.86999999999898,21450.146
20073.31,-127.85999999999694,21739.359
20073.32,-127.84999999999854,21546.52
20073.33,-127.83999999999651,21594.717
20073.34,-127.82999999999811,21642.924
20073.35,-127.81999999999971,21498.33
20073.36,-127.80999999999767,21739.359
20073.37,-127.79999999999927,21498.33
20073.38,-127.78999999999724,21642.924
20073.39,-127.77999999999884,21691.139
20073.4,-127.7699999999968,21980.594
20073.41,-127.7599999999984,21594.717
20073.42,-127.75,21691.139
20073.43,-127.73999999999796,21691.139
20073.44,-127.72999999999956,21691.139
20073.45,-127.71999999999753,21401.973
20073.46,-127.70999999999913,21498.33
20073.47,-127.69999999999709,21594.717
20073.48,-127.68999999999869,21546.52
20073.49,-127.67999999999665,21594.717
20073.5,-127.66999999999825,21498.33
20073.51,-127.65999999999985,21546.52
20073.52,-127.64999999999782,21739.359
20073.53,-127.63999999999942,21594.717
20073.54,-127.62999999999738,21353.809
20073.55,-127.61999999999898,21594.717
20073.56,-127.60999999999694,21642.924
20073.57,-127.59999999999854,21546.52
20073.58,-127.58999999999651,21498.33
20073.59,-127.57999999999811,21546.52
20073.6,-127.56999999999971,21787.59
20073.61,-127.55999999999767,21642.924
20073.62,-127.54999999999927,21498.33
20073.63,-127.53999999999724,21546.52
20073.64,-127.52999999999884,21739.359
20073.65,-127.5199999999968,21594.717
20073.66,-127.5099999999984,21546.52
20073.67,-127.5,21353.809
20073.68,-127.48999999999796,21594.717
20073.69,-127.47999999999956,21594.717
20073.7,-127.46999999999753,21498.33
20073.71,-127.45999999999913,21594.717
20073.72,-127.44999999999709,21691.139
20073.73,-127.43999999999869,21642.924
20073.74,-127.42999999999665,21787.59
20073.75,-127.41999999999825,21642.924
20073.76,-127.40999999999985,21450.146
20073.77,-127.39999999999782,21691.139
20073.78,-127.38999999999942,21691.139
20073.79,-127.37999999999738,21594.717
20073.8,-127.36999999999898,21594.717
20073.81,-127.35999999999694,21642.924
20073.82,-127.34999999999854,21642.924
20073.83,-127.33999999999651,21594.717
20073.84,-127.32999999999811,21594.717
20073.85,-127.31999999999971,21546.52
20073.86,-127.30999999999767,21546.52
20073.87,-127.29999999999927,21594.717
20073.88,-127.28999999999724,21691.139
20073.89,-127.27999999999884,21546.52
20073.9,-127.2699999999968,21546.52
20073.91,-127.2599999999984,21450.146
20073.92,-127.25,21546.52
20073.93,-127.23999999999796,21498.33
20073.94,-127.22999999999956,21691.139
20073.95,-127.21999999999753,21546.52
20073.96,-127.20999999999913,21401.973
20073.97,-127.19999999999709,21498.33
20073.98,-127.18999999999869,21787.59
20073.99,-127.17999999999665,21546.52
20074.0,-127.16999999999825,21498.33
20074.01,-127.15999999999985,21546.52
20074.02,-127.14999999999782,21691.139
20074.03,-127.13999999999942,21594.717
20074.04,-127.12999999999738,21546.52
20074.05,-127.11999999999898,21642.924
20074.06,-127.10999999999694,21787.59
20074.07,-127.09999999999854,21546.52
20074.08,-127.08999999999651,21546.52
20074.09,-127.07999999999811,21739.359
20074.1,-127.06999999999971,21739.359
20074.11,-127.05999999999767,21546.52
20074.12,-127.04999999999927,21546.52
20074.13,-127.03999999999724,21642.924
20074.14,-127.02999999999884,21739.359
20074.15,-127.0199999999968,21642.924
20074.16,-127.0099999999984,21498.33
20074.17,-127.0,21594.717
20074.18,-126.98999999999796,21353.809
20074.19,-126.97999999999956,21594.717
20074.2,-126.96999999999753,21546.52
20074.21,-126.95999999999913,21546.52
20074.22,-126.94999999999709,21353.809
20074.23,-126.93999999999869,21594.717
20074.24,-126.92999999999665,21594.717
20074.25,-126.91999999999825,21594.717
20074.26,-126.90999999999985,21546.52
20074.27,-126.89999999999782,21739.359
20074.28,-126.88999999999942,21546.52
20074.29,-126.87999999999738,21594.717
20074.3,-126.86999999999898,21546.52
20074.31,-126.85999999999694,21546.52
20074.32,-126.84999999999854,21498.33
20074.33,-126.83999999999651,21546.52
20074.34,-126.82999999999811,21498.33
20074.35,-126.81999999999971,21594.717
20074.36,-126.80999999999767,21594.717
20074.37,-126.79999999999927,21353.809
20074.38,-126.78999999999724,21594.717
20074.39,-126.77999999999884,21691.139
20074.4,-126.7699999999968,21739.359
20074.41,-126.7599999999984,21642.924
20074.42,-126.75,21498.33
20074.43,-126.73999999999796,21450.146
20074.44,-126.72999999999956,21642.924
20074.45,-126.71999999999753,21353.809
20074.46,-126.70999999999913,21498.33
20074.47,-126.69999999999709,21546.52
20074.48,-126.68999999999869,21691.139
20074.49,-126.67999999999665,21546.52
20074.5,-126.66999999999825,21450.146
20074.51,-126.65999999999985,21450.146
20074.52,-126.64999999999782,21691.139
20074.53,-126.63999999999942,21594.717
20074.54,-126.62999999999738,21642.924
20074.55,-126.61999999999898,21594.717
20074.56,-126.60999999999694,21642.924
20074.57,-126.59999999999854,21546.52
20074.58,-126.58999999999651,21401.973
20074.59,-126.57999999999811,21594.717
20074.6,-126.56999999999971,21305.65
20074.61,-126.55999999999767,21546.52
20074.62,-126.54999999999927,21546.52
20074.63,-126.53999999999724,21594.717
20074.64,-126.52999999999884,21594.717
20074.65,-126.5199999999968,21594.717
20074.66,-126.5099999999984,21498.33
20074.67,-126.5,21594.717
20074.68,-126.48999999999796,21546.52
20074.69,-126.47999999999956,21642.924
20074.7,-126.46999999999753,21546.52
20074.71,-126.45999999999913,21546.52
20074.72,-126.44999999999709,21691.139
20074.73,-126.43999999999869,21787.59
20074.74,-126.42999999999665,21691.139
20074.75,-126.41999999999825,21353.809
20074.76,-126.40999999999985,21594.717
20074.77,-126.39999999999782,21691.139
20074.78,-126.38999999999942,21546.52
20074.79,-126.37999999999738,21546.52
20074.8,-126.36999999999898,21546.52
20074.81,-126.35999999999694,21642.924
20074.82,-126.34999999999854,21450.146
20074.83,-126.33999999999651,21739.359
20074.84,-126.32999999999811,21691.139
20074.85,-126.31999999999971,21498.33
20074.86,-126.30999999999767,21642.924
20074.87,-126.29999999999927,21642.924
20074.88,-126.28999999999724,21401.973
20074.89,-126.27999999999884,21642.924
20074.9,-126.2699999999968,21546.52
20074.91,-126.2599999999984,21739.359
20074.92,-126.25,21450.146
20074.93,-126.23999999999796,21546.52
20074.94,-126.22999999999956,21594.717
20074.95,-126.21999999999753,21594.717
20074.96,-126.20999999999913,21594.717
20074.97,-126.19999999999709,21594.717
20074.98,-126.18999999999869,21498.33
20074.99,-126.17999999999665,21401.973
20075.0,-126.16999999999825,21546.52
20075.01,-126.15999999999985,21353.809
20075.02,-126.14999999999782,21787.59
20075.03,-126.13999999999942,21594.717
20075.04,-126.12999999999738,21498.33
20075.05,-126.11999999999898,21546.52
20075.06,-126.10999999999694,21546.52
20075.07,-126.09999999999854,21594.717
20075.08,-126.08999999999651,21401.973
20075.09,-126.07999999999811,21546.52
20075.1,-126.06999999999971,21691.139
20075.11,-126.05999999999767,21642.924
20075.12,-126.04999999999927,21498.33
20075.13,-126.03999999999724,21594.717
20075.14,-126.02999999999884,21884.076
20075.15,-126.0199999999968,21642.924
20075.16,-126.0099999999984,21642.924
20075.17,-126.0,21642.924
20075.18,-125.98999999999796,21546.52
20075.19,-125.97999999999956,21691.139
20075.2,-125.96999999999753,21787.59
20075.21,-125.95999999999913,21594.717
20075.22,-125.94999999999709,21546.52
20075.23,-125.93999999999869,21546.52
20075.24,-125.92999999999665,21546.52
20075.25,-125.91999999999825,21594.717
20075.26,-125.90999999999985,21546.52
20075.27,-125.89999999999782,21546.52
20075.28,-125.88999999999942,21498.33
20075.29,-125.87999999999738,21209.359
20075.3,-125.86999999999898,21498.33
20075.31,-125.85999999999694,21594.717
20075.32,-125.84999999999854,21594.717
20075.33,-125.83999999999651,21498.33
20075.34,-125.82999999999811,21450.146
20075.35,-125.81999999999971,21498.33
20075.36,-125.80999999999767,21498.33
20075.37,-125.79999999999927,21353.809
20075.38,-125.78999999999724,21401.973
20075.39,-125.77999999999884,21546.52
20075.4,-125.7699999999968,21498.33
20075.41,-125.7599999999984,21450.146
20075.42,-125.75,21498.33
20075.43,-125.73999999999796,21691.139
20075.44,-125.72999999999956,21594.717
20075.45,-125.71999999999753,21594.717
20075.46,-125.70999999999913,21787.59
20075.47,-125.69999999999709,21498.33
20075.48,-125.68999999999869,21546.52
20075.49,-125.67999999999665,21594.717
20075.5,-125.66999999999825,21691.139
20075.51,-125.65999999999985,21642.924
20075.52,-125.64999999999782,21642.924
20075.53,-125.63999999999942,21739.359
20075.54,-125.62999999999738,21787.59
20075.55,-125.61999999999898,21546.52
20075.56,-125.60999999999694,21642.924
20075.57,-125.59999999999854,21594.717
20075.58,-125.58999999999651,21691.139
20075.59,-125.57999999999811,21642.924
20075.6,-125.56999999999971,21594.717
20075.61,-125.55999999999767,21594.717
20075.62,-125.54999999999927,21546.52
20075.63,-125.53999999999724,21642.924
20075.64,-125.52999999999884,21546.52
20075.65,-125.5199999999968,21691.139
20075.66,-125.5099999999984,21546.52
20075.67,-125.5,21594.717
20075.68,-125.48999999999796,21739.359
20075.69,-125.47999999999956,21691.139
20075.7,-125.46999999999753,21642.924
20075.71,-125.45999999999913,21594.717
20075.72,-125.44999999999709,21691.139
20075.73,-125.43999999999869,21546.52
20075.74,-125.42999999999665,21594.717
20075.75,-125.41999999999825,21546.52
20075.76,-125.40999999999985,21498.33
20075.77,-125.39999999999782,21594.717
20075.78,-125.38999999999942,21594.717
20075.79,-125.37999999999738,21546.52
20075.8,-125.36999999999898,21642.924
20075.81,-125.35999999999694,21787.59
20075.82,-125.34999999999854,21691.139
20075.83,-125.33999999999651,21594.717
20075.84,-125.32999999999811,21594.717
20075.85,-125.31999999999971,21594.717
20075.86,-125.30999999999767,21594.717
20075.87,-125.29999999999927,21546.52
20075.88,-125.28999999999724,21594.717
20075.89,-125.27999999999884,21739.359
20075.9,-125.2699999999968,21401.973
20075.91,-125.2599999999984,21739.359
20075.92,-125.25,21594.717
20075.93,-125.23999999999796,21594.717
20075.94,-125.22999999999956,21642.924
20075.95,-125.21999999999753,21353.809
20075.96,-125.20999999999913,21642.924
20075.97,-125.19999999999709,21787.59
20075.98,-125.18999999999869,21546.52
20075.99,-125.17999999999665,21594.717
20076.0,-125.16999999999825,21642.924
20076.01,-125.15999999999985,21739.359
20076.02,-125.14999999999782,21450.146
20076.03,-125.13999999999942,21546.52
20076.04,-125.12999999999738,21450.146
20076.05,-125.11999999999898,21739.359
20076.06,-125.10999999999694,21594.717
20076.07,-125.09999999999854,21642.924
20076.08,-125.08999999999651,21594.717
20076.09,-125.07999999999811,21980.594
20076.1,-125.06999999999971,21691.139
20076.11,-125.05999999999767,21594.717
20076.12,-125.04999999999927,21691.139
20076.13,-125.03999999999724,21498.33
20076.14,-125.02999999999884,21642.924
20076.15,-125.0199999999968,21642.924
20076.16,-125.0099999999984,21642.924
20076.17,-125.0,21546.52
20076.18,-124.98999999999796,21498.33
20076.19,-124.97999999999956,21594.717
20076.2,-124.96999999999753,21546.52
20076.21,-124.95999999999913,21642.924
20076.22,-124.94999999999709,21450.146
20076.23,-124.93999999999869,21546.52
20076.24,-124.92999999999665,21450.146
20076.25,-124.91999999999825,21642.924
20076.26,-124.90999999999985,21691.139
20076.27,-124.89999999999782,21546.52
20076.28,-124.88999999999942,21498.33
20076.29,-124.87999999999738,21353.809
20076.3,-124.86999999999898,21594.717
20076.31,-124.85999999999694,21546.52
20076.32,-124.84999999999854,21642.924
20076.33,-124.83999999999651,21594.717
20076.34,-124.82999999999811,21546.52
20076.35,-124.81999999999971,21642.924
20076.36,-124.80999999999767,21642.924
20076.37,-124.79999999999927,21691.139
20076.38,-124.78999999999724,21594.717
20076.39,-124.77999999999884,21739.359
20076.4,-124.7699999999968,21498.33
20076.41,-124.7599999999984,21498.33
20076.42,-124.75,21642.924
20076.43,-124.73999999999796,21594.717
20076.44,-124.72999999999956,21642.924
20076.45,-124.71999999999753,21642.924
20076.46,-124.70999999999913,21546.52
20076.47,-124.69999999999709,21546.52
20076.48,-124.68999999999869,21691.139
20076.49,-124.67999999999665,21546.52
20076.5,-124.66999999999825,21739.359
20076.51,-124.65999999999985,21642.924
20076.52,-124.64999999999782,21787.59
20076.53,-124.63999999999942,21546.52
20076.54,-124.62999999999738,21594.717
20076.55,-124.61999999999898,21787.59
20076.56,-124.60999999999694,21739.359
20076.57,-124.59999999999854,21546.52
20076.58,-124.58999999999651,21642.924
20076.59,-124.57999999999811,21594.717
20076.6,-124.56999999999971,21450.146
20076.61,-124.55999999999767,21739.359
20076.62,-124.54999999999927,21642.924
20076.63,-124.53999999999724,21691.139
20076.64,-124.52999999999884,21787.59
20076.65,-124.5199999999968,21691.139
20076.66,-124.5099999999984,21546.52
20076.67,-124.5,21739.359
20076.68,-124.48999999999796,21594.717
20076.69,-124.47999999999956,21739.359
20076.7,-124.46999999999753,21450.146
20076.71,-124.45999999999913,21450.146
20076.72,-124.44999999999709,21594.717
20076.73,-124.43999999999869,21787.59
20076.74,-124.42999999999665,21450.146
20076.75,-124.41999999999825,21546.52
20076.76,-124.40999999999985,21353.809
20076.77,-124.39999999999782,21835.83
20076.78,-124.38999999999942,21787.59
20076.79,-124.37999999999738,21594.717
20076.8,-124.36999999999898,21787.59
20076.81,-124.35999999999694,21594.717
20076.82,-124.34999999999854,21642.924
20076.83,-124.33999999999651,21546.52
20076.84,-124.32999999999811,21739.359
20076.85,-124.31999999999971,21546.52
20076.86,-124.30999999999767,21642.924
20076.87,-124.29999999999927,21739.359
20076.88,-124.28999999999724,21594.717
20076.89,-124.27999999999884,21787.59
20076.9,-124.2699999999968,21594.717
20076.91,-124.2599999999984,21401.973
20076.92,-124.25,21498.33
20076.93,-124.23999999999796,21594.717
20076.94,-124.22999999999956,21739.359
20076.95,-124.21999999999753,21739.359
20076.96,-124.20999999999913,21642.924
20076.97,-124.19999999999709,21787.59
20076.98,-124.18999999999869,21546.52
20076.99,-124.17999999999665,21884.076
20077.0,-124.16999999999825,21498.33
20077.01,-124.15999999999985,21546.52
20077.02,-124.14999999999782,21642.924
20077.03,-124.13999999999942,21401.973
20077.04,-124.12999999999738,21594.717
20077.05,-124.11999999999898,21642.924
20077.06,-124.10999999999694,21594.717
20077.07,-124.09999999999854,21401.973
20077.08,-124.08999999999651,21353.809
20077.09,-124.07999999999811,21594.717
20077.1,-124.06999999999971,21642.924
20077.11,-124.05999999999767,21787.59
20077.12,-124.04999999999927,21691.139
20077.13,-124.03999999999724,21594.717
20077.14,-124.02999999999884,21884.076
20077.15,-124.0199999999968,21691.139
20077.16,-124.0099999999984,21739.359
20077.17,-124.0,21594.717
20077.18,-123.98999999999796,21642.924
20077.19,-123.97999999999956,21642.924
20077.2,-123.96999999999753,21546.52
20077.21,-123.95999999999913,21498.33
20077.22,-123.94999999999709,21642.924
20077.23,-123.93999999999869,21546.52
20077.24,-123.92999999999665,21594.717
20077.25,-123.91999999999825,21546.52
20077.26,-123.90999999999985,21546.52
20077.27,-123.89999999999782,21739.359
20077.28,-123.88999999999942,21691.139
20077.29,-123.87999999999738,21450.146
20077.3,-123.86999999999898,21739.359
20077.31,-123.85999999999694,21594.717
20077.32,-123.84999999999854,21787.59
20077.33,-123.83999999999651,21594.717
20077.34,-123.82999999999811,21546.52
20077.35,-123.81999999999971,21546.52
20077.36,-123.80999999999767,21594.717
20077.37,-123.79999999999927,21642.924
20077.38,-123.78999999999724,21546.52
20077.39,-123.77999999999884,21642.924
20077.4,-123.7699999999968,21642.924
20077.41,-123.7599999999984,21739.359
20077.42,-123.75,21691.139
20077.43,-123.73999999999796,21450.146
20077.44,-123.72999999999956,21546.52
20077.45,-123.71999999999753,21642.924
20077.46,-123.70999999999913,21401.973
20077.47,-123.69999999999709,21594.717
20077.48,-123.68999999999869,21739.359
20077.49,-123.67999999999665,21642.924
20077.5,-123.66999999999825,21498.33
20077.51,-123.65999999999985,21787.59
20077.52,-123.64999999999782,21642.924
20077.53,-123.63999999999942,21691.139
20077.54,-123.62999999999738,21594.717
20077.55,-123.61999999999898,21546.52
20077.56,-123.60999999999694,21642.924
20077.57,-123.59999999999854,21546.52
20077.58,-123.58999999999651,21642.924
20077.59,-123.57999999999811,21450.146
20077.6,-123.56999999999971,21642.924
20077.61,-123.55999999999767,21546.52
20077.62,-123.54999999999927,21642.924
20077.63,-123.53999999999724,21498.33
20077.64,-123.52999999999884,21835.83
20077.65,-123.5199999999968,21691.139
20077.66,-123.5099999999984,21546.52
20077.67,-123.5,21691.139
20077.68,-123.48999999999796,21594.717
20077.69,-123.47999999999956,21642.924
20077.7,-123.46999999999753,21691.139
20077.71,-123.45999999999913,21594.717
20077.72,-123.44999999999709,21594.717
20077.73,-123.43999999999869,21594.717
20077.74,-123.42999999999665,21642.924
20077.75,-123.41999999999825,21642.924
20077.76,-123.40999999999985,21691.139
20077.77,-123.39999999999782,21594.717
20077.78,-123.38999999999942,21691.139
20077.79,-123.37999999999738,21450.146
20077.8,-123.36999999999898,21594.717
20077.81,-123.35999999999694,21642.924
20077.82,-123.34999999999854,21594.717
20077.83,-123.33999999999651,21594.717
20077.84,-123.32999999999811,21642.924
20077.85,-123.31999999999971,21546.52
20077.86,-123.30999999999767,21594.717
20077.87,-123.29999999999927,21594.717
20077.88,-123.28999999999724,21835.83
20077.89,-123.27999999999884,21739.359
20077.9,-123.2699999999968,21835.83
20077.91,-123.2599999999984,21691.139
20077.92,-123.25,21691.139
20077.93,-123.23999999999796,21642.924
20077.94,-123.22999999999956,21594.717
20077.95,-123.21999999999753,21546.52
20077.96,-123.20999999999913,21594.717
20077.97,-123.19999999999709,21594.717
20077.98,-123.18999999999869,21739.359
20077.99,-123.17999999999665,21450.146
20078.0,-123.16999999999825,21642.924
20078.01,-123.15999999999985,21594.717
20078.02,-123.14999999999782,21642.924
20078.03,-123.13999999999942,21691.139
20078.04,-123.12999999999738,21642.924
20078.05,-123.11999999999898,21594.717
20078.06,-123.10999999999694,21642.924
20078.07,-123.09999999999854,21642.924
20078.08,-123.08999999999651,21642.924
20078.09,-123.07999999999811,21739.359
20078.1,-123.06999999999971,21594.717
20078.11,-123.05999999999767,21739.359
20078.12,-123.04999999999927,21739.359
20078.13,-123.03999999999724,21546.52
20078.14,-123.02999999999884,21835.83
20078.15,-123.0199999999968,21691.139
20078.16,-123.0099999999984,21642.924
20078.17,-123.0,21594.717
20078.18,-122.98999999999796,21642.924
20078.19,-122.97999999999956,21884.076
20078.2,-122.96999999999753,21739.359
20078.21,-122.95999999999913,21642.924
20078.22,-122.94999999999709,21691.139
20078.23,-122.93999999999869,21787.59
20078.24,-122.92999999999665,21546.52
20078.25,-122.91999999999825,21594.717
20078.26,-122.90999999999985,21546.52
20078.27,-122.89999999999782,21642.924
20078.28,-122.88999999999942,21594.717
20078.29,-122.87999999999738,21594.717
20078.3,-122.86999999999898,21787.59
20078.31,-122.85999999999694,21691.139
20078.32,-122.84999999999854,21498.33
20078.33,-122.83999999999651,21594.717
20078.34,-122.82999999999811,21498.33
20078.35,-122.81999999999971,21739.359
20078.36,-122.80999999999767,21594.717
20078.37,-122.79999999999927,21594.717
20078.38,-122.78999999999724,21642.924
20078.39,-122.77999999999884,21642.924
20078.4,-122.7699999999968,21594.717
20078.41,-122.7599999999984,21739.359
20078.42,-122.75,21498.33
20078.43,-122.73999999999796,21498.33
20078.44,-122.72999999999956,21594.717
20078.45,-122.71999999999753,21594.717
20078.46,-122.70999999999913,21691.139
20078.47,-122.69999999999709,21691.139
20078.48,-122.68999999999869,21691.139
20078.49,-122.67999999999665,21642.924
20078.5,-122.66999999999825,21401.973
20078.51,-122.65999999999985,21546.52
20078.52,-122.64999999999782,21642.924
20078.53,-122.63999999999942,21353.809
20078.54,-122.62999999999738,21450.146
20078.55,-122.61999999999898,21691.139
20078.56,-122.60999999999694,21642.924
20078.57,-122.59999999999854,21691.139
20078.58,-122.58999999999651,21546.52
20078.59,-122.57999999999811,21546.52
20078.6,-122.56999999999971,21739.359
20078.61,-122.55999999999767,21498.33
20078.62,-122.54999999999927,21546.52
20078.63,-122.53999999999724,21642.924
20078.64,-122.52999999999884,21787.59
20078.65,-122.5199999999968,21642.924
20078.66,-122.5099999999984,21546.52
20078.67,-122.5,21546.52
20078.68,-122.48999999999796,21642.924
20078.69,-122.47999999999956,21642.924
20078.7,-122.46999999999753,21642.924
20078.71,-122.45999999999913,21642.924
20078.72,-122.44999999999709,21642.924
20078.73,-122.43999999999869,21546.52
20078.74,-122.42999999999665,21691.139
20078.75,-122.41999999999825,21594.717
20078.76,-122.40999999999985,21594.717
20078.77,-122.39999999999782,21739.359
20078.78,-122.38999999999942,21546.52
20078.79,-122.37999999999738,21739.359
20078.8,-122.36999999999898,21739.359
20078.81,-122.35999999999694,21835.83
20078.82,-122.34999999999854,21594.717
20078.83,-122.33999999999651,21546.52
20078.84,-122.32999999999811,21594.717
20078.85,-122.31999999999971,21594.717
20078.86,-122.30999999999767,21594.717
20078.87,-122.29999999999927,21353.809
20078.88,-122.28999999999724,21498.33
20078.89,-122.27999999999884,21739.359
20078.9,-122.2699999999968,21594.717
20078.91,-122.2599999999984,21450.146
20078.92,-122.25,21691.139
20078.93,-122.23999999999796,21835.83
20078.94,-122.22999999999956,21691.139
20078.95,-122.21999999999753,21739.359
20078.96,-122.20999999999913,21546.52
20078.97,-122.19999999999709,21642.924
20078.98,-122.18999999999869,21450.146
20078.99,-122.17999999999665,21594.717
20079.0,-122.16999999999825,21787.59
20079.01,-122.15999999999985,21546.52
20079.02,-122.14999999999782,21691.139
20079.03,-122.13999999999942,21691.139
20079.04,-122.12999999999738,21450.146
20079.05,-122.11999999999898,21594.717
20079.06,-122.10999999999694,21787.59
20079.07,-122.09999999999854,21594.717
20079.08,-122.08999999999651,21739.359
20079.09,-122.07999999999811,21498.33
20079.1,-122.06999999999971,21787.59
20079.11,-122.05999999999767,21594.717
20079.12,-122.04999999999927,21546.52
20079.13,-122.03999999999724,21498.33
20079.14,-122.02999999999884,21787.59
20079.15,-122.0199999999968,21353.809
20079.16,-122.0099999999984,21594.717
20079.17,-122.0,21594.717
20079.18,-121.98999999999796,21691.139
20079.19,-121.97999999999956,21546.52
20079.2,-121.96999999999753,21642.924
20079.21,-121.95999999999913,21691.139
20079.22,-121.94999999999709,21691.139
20079.23,-121.93999999999869,21787.59
20079.24,-121.92999999999665,21787.59
20079.25,-121.91999999999825,21594.717
20079.26,-121.90999999999985,21691.139
20079.27,-121.89999999999782,21739.359
20079.28,-121.88999999999942,21594.717
20079.29,-121.87999999999738,21546.52
20079.3,-121.86999999999898,21498.33
20079.31,-121.85999999999694,21884.076
20079.32,-121.84999999999854,21642.924
20079.33,-121.83999999999651,21642.924
20079.34,-121.82999999999811,21691.139
20079.35,-121.81999999999971,21691.139
20079.36,-121.80999999999767,21450.146
20079.37,-121.79999999999927,21546.52
20079.38,-121.78999999999724,21642.924
20079.39,-121.77999999999884,21691.139
20079.4,-121.7699999999968,21546.52
20079.41,-121.7599999999984,21787.59
20079.42,-121.75,21546.52
20079.43,-121.73999999999796,21787.59
20079.44,-121.72999999999956,21594.717
20079.45,-121.71999999999753,21594.717
20079.46,-121.70999999999913,21594.717
20079.47,-121.69999999999709,21980.594
20079.48,-121.68999999999869,21835.83
20079.49,-121.67999999999665,21642.924
20079.5,-121.66999999999825,21594.717
20079.51,-121.65999999999985,21450.146
20079.52,-121.64999999999782,21594.717
20079.53,-121.63999999999942,21594.717
20079.54,-121.62999999999738,21594.717
20079.55,-121.61999999999898,21642.924
20079.56,-121.60999999999694,21691.139
20079.57,-121.59999999999854,21498.33
20079.58,-121.58999999999651,21642.924
20079.59,-121.57999999999811,21642.924
20079.6,-121.56999999999971,21546.52
20079.61,-121.55999999999767,21546.52
20079.62,-121.54999999999927,21787.59
20079.63,-121.53999999999724,21642.924
20079.64,-121.52999999999884,21787.59
20079.65,-121.5199999999968,21642.924
20079.66,-121.5099999999984,21642.924
20079.67,-121.5,21642.924
20079.68,-121.48999999999796,21594.717
20079.69,-121.47999999999956,21594.717
20079.7,-121.46999999999753,21546.52
20079.71,-121.45999999999913,21739.359
20079.72,-121.44999999999709,21739.359
20079.73,-121.43999999999869,21739.359
20079.74,-121.42999999999665,21642.924
20079.75,-121.41999999999825,21594.717
20079.76,-121.40999999999985,21691.139
20079.77,-121.39999999999782,21642.924
20079.78,-121.38999999999942,21691.139
20079.79,-121.37999999999738,21546.52
20079.8,-121.36999999999898,21739.359
20079.81,-121.35999999999694,21594.717
20079.82,-121.34999999999854,21594.717
20079.83,-121.33999999999651,21594.717
20079.84,-121.32999999999811,21787.59
20079.85,-121.31999999999971,21642.924
20079.86,-121.30999999999767,21642.924
20079.87,-121.29999999999927,21546.52
20079.88,-121.28999999999724,21546.52
20079.89,-121.27999999999884,21835.83
20079.9,-121.2699999999968,21594.717
20079.91,-121.2599999999984,21642.924
20079.92,-121.25,21642.924
20079.93,-121.23999999999796,21739.359
20079.94,-121.22999999999956,21932.332
20079.95,-121.21999999999753,21739.359
20079.96,-121.20999999999913,21691.139
20079.97,-121.19999999999709,21546.52
20079.98,-121.18999999999869,21691.139
20079.99,-121.17999999999665,21546.52
20080.0,-121.16999999999825,21739.359
20080.01,-121.15999999999985,21691.139
20080.02,-121.14999999999782,21739.359
20080.03,-121.13999999999942,21642.924
20080.04,-121.12999999999738,21739.359
20080.05,-121.11999999999898,21739.359
20080.06,-121.10999999999694,21739.359
20080.07,-121.09999999999854,21401.973
20080.08,-121.08999999999651,21642.924
20080.09,-121.07999999999811,21546.52
20080.1,-121.06999999999971,21835.83
20080.11,-121.05999999999767,21642.924
20080.12,-121.04999999999927,21691.139
20080.13,-121.03999999999724,21739.359
20080.14,-121.02999999999884,21642.924
20080.15,-121.0199999999968,21739.359
20080.16,-121.0099999999984,21594.717
20080.17,-121.0,21691.139
20080.18,-120.98999999999796,21691.139
20080.19,-120.97999999999956,21642.924
20080.2,-120.96999999999753,21546.52
20080.21,-120.95999999999913,21739.359
20080.22,-120.94999999999709,21691.139
20080.23,-120.93999999999869,21691.139
20080.24,-120.92999999999665,21642.924
20080.25,-120.91999999999825,21450.146
20080.26,-120.90999999999985,21642.924
20080.27,-120.89999999999782,21691.139
20080.28,-120.88999999999942,21594.717
20080.29,-120.87999999999738,21450.146
20080.3,-120.86999999999898,21739.359
20080.31,-120.85999999999694,21787.59
20080.32,-120.84999999999854,21691.139
20080.33,-120.83999999999651,21691.139
20080.34,-120.82999999999811,21594.717
20080.35,-120.81999999999971,21691.139
20080.36,-120.80999999999767,21691.139
20080.37,-120.79999999999927,21546.52
20080.38,-120.78999999999724,21594.717
20080.39,-120.77999999999884,21642.924
20080.4,-120.7699999999968,21835.83
20080.41,-120.7599999999984,21546.52
20080.42,-120.75,21594.717
20080.43,-120.73999999999796,21787.59
20080.44,-120.72999999999956,21932.332
20080.45,-120.71999999999753,21546.52
20080.46,-120.70999999999913,21691.139
20080.47,-120.69999999999709,21739.359
20080.48,-120.68999999999869,21739.359
20080.49,-120.67999999999665,21594.717
20080.5,-120.66999999999825,21739.359
20080.51,-120.65999999999985,21787.59
20080.52,-120.64999999999782,21546.52
20080.53,-120.63999999999942,21739.359
20080.54,-120.62999999999738,21787.59
20080.55,-120.61999999999898,21642.924
20080.56,-120.60999999999694,21835.83
20080.57,-120.59999999999854,21739.359
20080.58,-120.58999999999651,21642.924
20080.59,-120.57999999999811,21642.924
20080.6,-120.56999999999971,21787.59
20080.61,-120.55999999999767,21739.359
20080.62,-120.54999999999927,21642.924
20080.63,-120.53999999999724,21787.59
20080.64,-120.52999999999884,21980.594
20080.65,-120.5199999999968,21594.717
20080.66,-120.5099999999984,21498.33
20080.67,-120.5,21401.973
20080.68,-120.48999999999796,21642.924
20080.69,-120.47999999999956,21353.809
20080.7,-120.46999999999753,22125.432
20080.71,-120.45999999999913,22947.563
20080.72,-120.44999999999709,23529.301
20080.73,-120.43999999999869,23674.92
20080.74,-120.42999999999665,24014.979
20080.75,-120.41999999999825,24063.592
20080.76,-120.40999999999985,23820.611
20080.77,-120.39999999999782,23917.777
20080.78,-120.38999999999942,23772.039
20080.79,-120.37999999999738,23917.777
20080.8,-120.36999999999898,23820.611
20080.81,-120.35999999999694,23626.373
20080.82,-120.34999999999854,23480.779
20080.83,-120.33999999999651,23674.92
20080.84,-120.32999999999811,23917.777
20080.85,-120.31999999999971,23820.611
20080.86,-120.30999999999767,23820.611
20080.87,-120.29999999999927,23772.039
20080.88,-120.28999999999724,23917.777
20080.89,-120.27999999999884,23869.189
20080.9,-120.2699999999968,23723.475
20080.91,-120.2599999999984,24112.211
20080.92,-120.25,24014.979
20080.93,-120.23999999999796,23820.611
20080.94,-120.22999999999956,23917.777
20080.95,-120.21999999999753,23626.373
20080.96,-120.20999999999913,23772.039
20080.97,-120.19999999999709,23577.832
20080.98,-120.18999999999869,23723.475
20080.99,-120.17999999999665,23674.92
20081.0,-120.16999999999825,23772.039
20081.01,-120.15999999999985,23674.92
20081.02,-120.14999999999782,23820.611
20081.03,-120.13999999999942,23820.611
20081.04,-120.12999999999738,23723.475
20081.05,-120.11999999999898,23723.475
20081.06,-120.10999999999694,23917.777
20081.07,-120.09999999999854,23723.475
20081.08,-120.08999999999651,23820.611
20081.09,-120.07999999999811,23674.92
20081.1,-120.06999999999971,23869.189
20081.11,-120.05999999999767,23820.611
20081.12,-120.04999999999927,23674.92
20081.13,-120.03999999999724,23723.475
20081.14,-120.02999999999884,23723.475
20081.15,-120.0199999999968,23772.039
20081.16,-120.0099999999984,23917.777
20081.17,-120.0,23577.832
20081.18,-119.98999999999796,23917.777
20081.19,-119.97999999999956,23917.777
20081.2,-119.96999999999753,23626.373
20081.21,-119.95999999999913,23820.611
20081.22,-119.94999999999709,23480.779
20081.23,-119.93999999999869,23869.189
20081.24,-119.92999999999665,23674.92
20081.25,-119.91999999999825,23772.039
20081.26,-119.90999999999985,23723.475
20081.27,-119.89999999999782,23917.777
20081.28,-119.88999999999942,23723.475
20081.29,-119.87999999999738,23626.373
20081.3,-119.86999999999898,23626.373
20081.31,-119.85999999999694,23723.475
20081.32,-119.84999999999854,23820.611
20081.33,-119.83999999999651,23917.777
20081.34,-119.82999999999811,23869.189
20081.35,-119.81999999999971,23917.777
20081.36,-119.80999999999767,23869.189
20081.37,-119.79999999999927,23723.475
20081.38,-119.78999999999724,23869.189
20081.39,-119.77999999999884,23917.777
20081.4,-119.7699999999968,23869.189
20081.41,-119.7599999999984,23820.611
20081.42,-119.75,23820.611
20081.43,-119.73999999999796,23869.189
20081.44,-119.72999999999956,23577.832
20081.45,-119.71999999999753,23674.92
20081.46,-119.70999999999913,23820.611
20081.47,-119.69999999999709,23577.832
20081.48,-119.68999999999869,23820.611
20081.49,-119.67999999999665,23723.475
20081.5,-119.66999999999825,23626.373
20081.51,-119.65999999999985,23772.039
20081.52,-119.64999999999782,23869.189
20081.53,-119.63999999999942,23772.039
20081.54,-119.62999999999738,23723.475
20081.55,-119.61999999999898,24745.018
20081.56,-119.60999999999694,24793.752
20081.57,-119.59999999999854,24842.494
20081.58,-119.58999999999651,24745.018
20081.59,-119.57999999999811,24891.244
20081.6,-119.56999999999971,24793.752
20081.61,-119.55999999999767,24940.002
20081.62,-119.54999999999927,24355.436
20081.63,-119.53999999999724,22705.516
20081.64,-119.52999999999884,21835.83
20081.65,-119.5199999999968,21305.65
20081.66,-119.5099999999984,21353.809
20081.67,-119.5,21642.924
20081.68,-119.48999999999796,21642.924
20081.69,-119.47999999999956,21594.717
20081.7,-119.46999999999753,21353.809
20081.71,-119.45999999999913,21691.139
20081.72,-119.44999999999709,21450.146
20081.73,-119.43999999999869,21353.809
20081.74,-119.42999999999665,21450.146
20081.75,-119.41999999999825,21546.52
20081.76,-119.40999999999985,21546.52
20081.77,-119.39999999999782,21594.717
20081.78,-119.38999999999942,21594.717
20081.79,-119.37999999999738,21450.146
20081.8,-119.36999999999898,21498.33
20081.81,-119.35999999999694,21691.139
20081.82,-119.34999999999854,21498.33
20081.83,-119.33999999999651,21546.52
20081.84,-119.32999999999811,21594.717
20081.85,-119.31999999999971,21642.924
20081.86,-119.30999999999767,21498.33
20081.87,-119.29999999999927,21401.973
20081.88,-119.28999999999724,21594.717
20081.89,-119.27999999999884,21787.59
20081.9,-119.2699999999968,21594.717
20081.91,-119.2599999999984,21642.924
20081.92,-119.25,21594.717
20081.93,-119.23999999999796,21546.52
20081.94,-119.22999999999956,21498.33
20081.95,-119.21999999999753,21450.146
20081.96,-119.20999999999913,21353.809
20081.97,-119.19999999999709,21498.33
20081.98,-119.18999999999869,21498.33
20081.99,-119.17999999999665,21450.146
20082.0,-119.16999999999825,21642.924
20082.01,-119.15999999999985,21498.33
20082.02,-119.14999999999782,21546.52
20082.03,-119.13999999999942,21642.924
20082.04,-119.12999999999738,21353.809
20082.05,-119.11999999999898,21546.52
20082.06,-119.10999999999694,21498.33
20082.07,-119.09999999999854,21546.52
20082.08,-119.08999999999651,21594.717
20082.09,-119.07999999999811,21450.146
20082.1,-119.06999999999971,21401.973
20082.11,-119.05999999999767,21353.809
20082.12,-119.04999999999927,21450.146
20082.13,-119.03999999999724,21498.33
20082.14,-119.02999999999884,21498.33
20082.15,-119.0199999999968,21353.809
20082.16,-119.0099999999984,21498.33
20082.17,-119.0,21546.52
20082.18,-118.98999999999796,21594.717
20082.19,-118.97999999999956,21498.33
20082.2,-118.96999999999753,21594.717
20082.21,-118.95999999999913,21594.717
20082.22,-118.94999999999709,21594.717
20082.23,-118.93999999999869,21353.809
20082.24,-118.92999999999665,21498.33
20082.25,-118.91999999999825,21209.359
20082.26,-118.90999999999985,21546.52
20082.27,-118.89999999999782,21450.146
20082.28,-118.88999999999942,21594.717
20082.29,-118.87999999999738,21594.717
20082.3,-118.86999999999898,21257.502
20082.31,-118.85999999999694,21546.52
20082.32,-118.84999999999854,21691.139
20082.33,-118.83999999999651,21353.809
20082.34,-118.82999999999811,21401.973
20082.35,-118.81999999999971,21450.146
20082.36,-118.80999999999767,21691.139
20082.37,-118.79999999999927,21450.146
20082.38,-118.78999999999724,21546.52
20082.39,-118.77999999999884,21498.33
20082.4,-118.7699999999968,21498.33
20082.41,-118.7599999999984,21401.973
20082.42,-118.75,21594.717
20082.43,-118.73999999999796,21450.146
20082.44,-118.72999999999956,21691.139
20082.45,-118.71999999999753,21450.146
20082.46,-118.70999999999913,21401.973
20082.47,-118.69999999999709,21353.809
20082.48,-118.68999999999869,21739.359
20082.49,-118.67999999999665,21401.973
20082.5,-118.66999999999825,21257.502
20082.51,-118.65999999999985,21498.33
20082.52,-118.64999999999782,21594.717
20082.53,-118.63999999999942,21353.809
20082.54,-118.62999999999738,21642.924
20082.55,-118.61999999999898,21401.973
20082.56,-118.60999999999694,21450.146
20082.57,-118.59999999999854,21594.717
20082.58,-118.58999999999651,21353.809
20082.59,-118.57999999999811,21546.52
20082.6,-118.56999999999971,21401.973
20082.61,-118.55999999999767,21691.139
20082.62,-118.54999999999927,21498.33
20082.63,-118.53999999999724,21353.809
20082.64,-118.52999999999884,21546.52
20082.65,-118.5199999999968,21642.924
20082.66,-118.5099999999984,21401.973
20082.67,-118.5,21450.146
20082.68,-118.48999999999796,21401.973
20082.69,-118.47999999999956,21498.33
20082.7,-118.46999999999753,21546.52
20082.71,-118.45999999999913,21642.924
20082.72,-118.44999999999709,21450.146
20082.73,-118.43999999999869,21401.973
20082.74,-118.42999999999665,21353.809
20082.75,-118.41999999999825,21305.65
20082.76,-118.40999999999985,21401.973
20082.77,-118.39999999999782,21353.809
20082.78,-118.38999999999942,21498.33
20082.79,-118.37999999999738,21450.146
20082.8,-118.36999999999898,21401.973
20082.81,-118.35999999999694,21353.809
20082.82,-118.34999999999854,21498.33
20082.83,-118.33999999999651,21353.809
20082.84,-118.32999999999811,21450.146
20082.85,-118.31999999999971,21642.924
20082.86,-118.30999999999767,21642.924
20082.87,-118.29999999999927,21546.52
20082.88,-118.28999999999724,21546.52
20082.89,-118.27999999999884,21546.52
20082.9,-118.2699999999968,21546.52
20082.91,-118.2599999999984,21546.52
20082.92,-118.25,21498.33
20082.93,-118.23999999999796,21546.52
20082.94,-118.22999999999956,21594.717
20082.95,-118.21999999999753,21257.502
20082.96,-118.20999999999913,21401.973
20082.97,-118.19999999999709,21594.717
20082.98,-118.18999999999869,21546.52
20082.99,-118.17999999999665,21450.146
20083.0,-118.16999999999825,21594.717
20083.01,-118.15999999999985,21401.973
20083.02,-118.14999999999782,21353.809
20083.03,-118.13999999999942,21691.139
20083.04,-118.12999999999738,21594.717
20083.05,-118.11999999999898,21691.139
20083.06,-118.10999999999694,21498.33
20083.07,-118.09999999999854,21353.809
20083.08,-118.08999999999651,21450.146
20083.09,-118.07999999999811,21498.33
20083.1,-118.06999999999971,21594.717
20083.11,-118.05999999999767,21450.146
20083.12,-118.04999999999927,21498.33
20083.13,-118.03999999999724,21546.52
20083.14,-118.02999999999884,21498.33
20083.15,-118.0199999999968,21450.146
20083.16,-118.0099999999984,21498.33
20083.17,-118.0,21546.52
20083.18,-117.98999999999796,21546.52
20083.19,-117.97999999999956,21401.973
20083.2,-117.96999999999753,21305.65
20083.21,-117.95999999999913,21498.33
20083.22,-117.94999999999709,21450.146
20083.23,-117.93999999999869,21498.33
20083.24,-117.92999999999665,21594.717
20083.25,-117.91999999999825,21450.146
20083.26,-117.90999999999985,21450.146
20083.27,-117.89999999999782,21546.52
20083.28,-117.88999999999942,21594.717
20083.29,-117.87999999999738,21450.146
20083.3,-117.86999999999898,21498.33
20083.31,-117.85999999999694,21546.52
20083.32,-117.84999999999854,21787.59
20083.33,-117.83999999999651,21450.146
20083.34,-117.82999999999811,21546.52
20083.35,-117.81999999999971,21594.717
20083.36,-117.80999999999767,21546.52
20083.37,-117.79999999999927,21450.146
20083.38,-117.78999999999724,21353.809
20083.39,-117.77999999999884,21691.139
20083.4,-117.7699999999968,21642.924
20083.41,-117.7599999999984,21691.139
20083.42,-117.75,21739.359
20083.43,-117.73999999999796,21594.717
20083.44,-117.72999999999956,21594.717
20083.45,-117.71999999999753,21642.924
20083.46,-117.70999999999913,21401.973
20083.47,-117.69999999999709,21450.146
20083.48,-117.68999999999869,21450.146
20083.49,-117.67999999999665,21546.52
20083.5,-117.66999999999825,21450.146
20083.51,-117.65999999999985,21450.146
20083.52,-117.64999999999782,21546.52
20083.53,-117.63999999999942,21594.717
20083.54,-117.62999999999738,21450.146
20083.55,-117.61999999999898,21546.52
20083.56,-117.60999999999694,21594.717
20083.57,-117.59999999999854,21257.502
20083.58,-117.58999999999651,21450.146
20083.59,-117.57999999999811,21401.973
20083.6,-117.56999999999971,21594.717
20083.61,-117.55999999999767,21594.717
20083.62,-117.54999999999927,21642.924
20083.63,-117.53999999999724,21594.717
20083.64,-117.52999999999884,21450.146
20083.65,-117.5199999999968,21353.809
20083.66,-117.5099999999984,21498.33
20083.67,-117.5,21498.33
20083.68,-117.48999999999796,21450.146
20083.69,-117.47999999999956,21546.52
20083.7,-117.46999999999753,21450.146
20083.71,-117.45999999999913,21305.65
20083.72,-117.44999999999709,21353.809
20083.73,-117.43999999999869,21594.717
20083.74,-117.42999999999665,21642.924
20083.75,-117.41999999999825,21691.139
20083.76,-117.40999999999985,21498.33
20083.77,-117.39999999999782,21594.717
20083.78,-117.38999999999942,21594.717
20083.79,-117.37999999999738,21594.717
20083.8,-117.36999999999898,21401.973
20083.81,-117.35999999999694,21450.146
20083.82,-117.34999999999854,21594.717
20083.83,-117.33999999999651,21450.146
20083.84,-117.32999999999811,21691.139
20083.85,-117.31999999999971,21546.52
20083.86,-117.30999999999767,21691.139
20083.87,-117.29999999999927,21594.717
20083.88,-117.28999999999724,21594.717
20083.89,-117.27999999999884,21353.809
20083.9,-117.2699999999968,21401.973
20083.91,-117.2599999999984,21305.65
20083.92,-117.25,21691.139
20083.93,-117.23999999999796,21450.146
20083.94,-117.22999999999956,21594.717
20083.95,-117.21999999999753,21642.924
20083.96,-117.20999999999913,21546.52
20083.97,-117.19999999999709,21353.809
20083.98,-117.18999999999869,21401.973
20083.99,-117.17999999999665,21498.33
20084.0,-117.16999999999825,21401.973
20084.01,-117.15999999999985,21546.52
20084.02,-117.14999999999782,21594.717
20084.03,-117.13999999999942,21498.33
20084.04,-117.12999999999738,21450.146
20084.05,-117.11999999999898,21353.809
20084.06,-117.10999999999694,21401.973
20084.07,-117.09999999999854,21594.717
20084.08,-117.08999999999651,21401.973
20084.09,-117.07999999999811,21498.33
20084.1,-117.06999999999971,21546.52
20084.11,-117.05999999999767,21546.52
20084.12,-117.04999999999927,21546.52
20084.13,-117.03999999999724,21594.717
20084.14,-117.02999999999884,21546.52
20084.15,-117.0199999999968,21546.52
20084.16,-117.0099999999984,21401.973
20084.17,-117.0,21498.33
20084.18,-116.98999999999796,21642.924
20084.19,-116.97999999999956,21594.717
20084.2,-116.96999999999753,21498.33
20084.21,-116.95999999999913,21546.52
20084.22,-116.94999999999709,21546.52
20084.23,-116.93999999999869,21546.52
20084.24,-116.92999999999665,21450.146
20084.25,-116.91999999999825,21498.33
20084.26,-116.90999999999985,21594.717
20084.27,-116.89999999999782,21594.717
20084.28,-116.88999999999942,21353.809
20084.29,-116.87999999999738,21594.717
20084.3,-116.86999999999898,21594.717
20084.31,-116.85999999999694,21305.65
20084.32,-116.84999999999854,21498.33
20084.33,-116.83999999999651,21594.717
20084.34,-116.82999999999811,21401.973
20084.35,-116.81999999999971,21546.52
20084.36,-116.80999999999767,21498.33
20084.37,-116.79999999999927,21546.52
20084.38,-116.78999999999724,21546.52
20084.39,-116.77999999999884,21450.146
20084.4,-116.7699999999968,21546.52
20084.41,-116.7599999999984,21353.809
20084.42,-116.75,21401.973
20084.43,-116.73999999999796,21498.33
20084.44,-116.72999999999956,21498.33
20084.45,-116.71999999999753,21305.65
20084.46,-116.70999999999913,21401.973
20084.47,-116.69999999999709,21498.33
20084.48,-116.68999999999869,21642.924
20084.49,-116.67999999999665,21450.146
20084.5,-116.66999999999825,21546.52
20084.51,-116.65999999999985,21401.973
20084.52,-116.64999999999782,21498.33
20084.53,-116.63999999999942,21498.33
20084.54,-116.62999999999738,21594.717
20084.55,-116.61999999999898,21594.717
20084.56,-116.60999999999694,21594.717
20084.57,-116.59999999999854,21353.809
20084.58,-116.58999999999651,21546.52
20084.59,-116.57999999999811,21450.146
20084.6,-116.56999999999971,21257.502
20084.61,-116.55999999999767,21594.717
20084.62,-116.54999999999927,21401.973
20084.63,-116.53999999999724,21498.33
20084.64,-116.52999999999884,21546.52
20084.65,-116.5199999999968,21787.59
20084.66,-116.5099999999984,21498.33
20084.67,-116.5,21305.65
20084.68,-116.48999999999796,21257.502
20084.69,-116.47999999999956,21450.146
20084.7,-116.46999999999753,21594.717
20084.71,-116.45999999999913,21450.146
20084.72,-116.44999999999709,21450.146
20084.73,-116.43999999999869,21642.924
20084.74,-116.42999999999665,21594.717
20084.75,-116.41999999999825,21594.717
20084.76,-116.40999999999985,21546.52
20084.77,-116.39999999999782,21498.33
20084.78,-116.38999999999942,21546.52
20084.79,-116.37999999999738,21498.33
20084.8,-116.36999999999898,21450.146
20084.81,-116.35999999999694,21642.924
20084.82,-116.34999999999854,21450.146
20084.83,-116.33999999999651,21546.52
20084.84,-116.32999999999811,21691.139
20084.85,-116.31999999999971,21594.717
20084.86,-116.30999999999767,21594.717
20084.87,-116.29999999999927,21401.973
20084.88,-116.28999999999724,21498.33
20084.89,-116.27999999999884,21594.717
20084.9,-116.2699999999968,21450.146
20084.91,-116.2599999999984,21450.146
20084.92,-116.25,21642.924
20084.93,-116.23999999999796,21642.924
20084.94,-116.22999999999956,21691.139
20084.95,-116.21999999999753,21594.717
20084.96,-116.20999999999913,21594.717
20084.97,-116.19999999999709,21353.809
20084.98,-116.18999999999869,21450.146
20084.99,-116.17999999999665,21450.146
20085.0,-116.16999999999825,21498.33
20085.01,-116.15999999999985,21498.33
20085.02,-116.14999999999782,21546.52
20085.03,-116.13999999999942,21353.809
20085.04,-116.12999999999738,21450.146
20085.05,-116.11999999999898,21498.33
20085.06,-116.10999999999694,21450.146
20085.07,-116.09999999999854,21353.809
20085.08,-116.08999999999651,21257.502
20085.09,-116.07999999999811,21498.33
20085.1,-116.06999999999971,21401.973
20085.11,-116.05999999999767,21450.146
20085.12,-116.04999999999927,21401.973
20085.13,-116.03999999999724,21401.973
20085.14,-116.02999999999884,21594.717
20085.15,-116.0199999999968,21498.33
20085.16,-116.0099999999984,21498.33
20085.17,-116.0,21546.52
20085.18,-115.98999999999796,21691.139
20085.19,-115.97999999999956,21546.52
20085.2,-115.96999999999753,21353.809
20085.21,-115.95999999999913,21546.52
20085.22,-115.94999999999709,21546.52
20085.23,-115.93999999999869,21739.359
20085.24,-115.92999999999665,21353.809
20085.25,-115.91999999999825,21401.973
20085.26,-115.90999999999985,21401.973
20085.27,-115.89999999999782,21450.146
20085.28,-115.88999999999942,21401.973
20085.29,-115.87999999999738,21450.146
20085.3,-115.86999999999898,21401.973
20085.31,-115.85999999999694,21546.52
20085.32,-115.84999999999854,21546.52
20085.33,-115.83999999999651,21546.52
20085.34,-115.82999999999811,21498.33
20085.35,-115.81999999999971,21546.52
20085.36,-115.80999999999767,21594.717
20085.37,-115.79999999999927,21401.973
20085.38,-115.78999999999724,21401.973
20085.39,-115.77999999999884,21498.33
20085.4,-115.7699999999968,21594.717
20085.41,-115.7599999999984,21594.717
20085.42,-115.75,21401.973
20085.43,-115.73999999999796,21546.52
20085.44,-115.72999999999956,21546.52
20085.45,-115.71999999999753,21353.809
20085.46,-115.70999999999913,21353.809
20085.47,-115.69999999999709,21594.717
20085.48,-115.68999999999869,21257.502
20085.49,-115.67999999999665,21401.973
20085.5,-115.66999999999825,21498.33
20085.51,-115.65999999999985,21353.809
20085.52,-115.64999999999782,21498.33
20085.53,-115.63999999999942,21401.973
20085.54,-115.62999999999738,21594.717
20085.55,-115.61999999999898,21642.924
20085.56,-115.60999999999694,21498.33
20085.57,-115.59999999999854,21305.65
20085.58,-115.58999999999651,21353.809
20085.59,-115.57999999999811,21594.717
20085.6,-115.56999999999971,21594.717
20085.61,-115.55999999999767,21546.52
20085.62,-115.54999999999927,21450.146
20085.63,-115.53999999999724,21498.33
20085.64,-115.52999999999884,21642.924
20085.65,-115.5199999999968,21594.717
20085.66,-115.5099999999984,21691.139
20085.67,-115.5,21546.52
20085.68,-115.48999999999796,21498.33
20085.69,-115.47999999999956,21353.809
20085.7,-115.46999999999753,21305.65
20085.71,-115.45999999999913,21546.52
20085.72,-115.44999999999709,21401.973
20085.73,-115.43999999999869,21546.52
20085.74,-115.42999999999665,21498.33
20085.75,-115.41999999999825,21353.809
20085.76,-115.40999999999985,21498.33
20085.77,-115.39999999999782,21498.33
20085.78,-115.38999999999942,21401.973
20085.79,-115.37999999999738,21353.809
20085.8,-115.36999999999898,21498.33
20085.81,-115.35999999999694,21401.973
20085.82,-115.34999999999854,21498.33
20085.83,-115.33999999999651,21546.52
20085.84,-115.32999999999811,21305.65
20085.85,-115.31999999999971,21546.52
20085.86,-115.30999999999767,21305.65
20085.87,-115.29999999999927,21401.973
20085.88,-115.28999999999724,21450.146
20085.89,-115.27999999999884,21546.52
20085.9,-115.2699999999968,21353.809
20085.91,-115.2599999999984,21450.146
20085.92,-115.25,21498.33
20085.93,-115.23999999999796,21401.973
20085.94,-115.22999999999956,21498.33
20085.95,-115.21999999999753,21305.65
20085.96,-115.20999999999913,21450.146
20085.97,-115.19999999999709,21450.146
20085.98,-115.18999999999869,21498.33
20085.99,-115.17999999999665,21594.717
20086.0,-115.16999999999825,21353.809
20086.01,-115.15999999999985,21257.502
20086.02,-115.14999999999782,21594.717
20086.03,-115.13999999999942,21450.146
20086.04,-115.12999999999738,21450.146
20086.05,-115.11999999999898,21594.717
20086.06,-115.10999999999694,21305.65
20086.07,-115.09999999999854,21594.717
20086.08,-115.08999999999651,21594.717
20086.09,-115.07999999999811,21594.717
20086.1,-115.06999999999971,21546.52
20086.11,-115.05999999999767,21353.809
20086.12,-115.04999999999927,21450.146
20086.13,-115.03999999999724,21546.52
20086.14,-115.02999999999884,21498.33
20086.15,-115.0199999999968,21642.924
20086.16,-115.0099999999984,21594.717
20086.17,-115.0,21594.717
20086.18,-114.98999999999796,21450.146
20086.19,-114.97999999999956,21546.52
20086.2,-114.96999999999753,21498.33
20086.21,-114.95999999999913,21594.717
20086.22,-114.94999999999709,21546.52
20086.23,-114.93999999999869,21594.717
20086.24,-114.92999999999665,21401.973
20086.25,-114.91999999999825,21209.359
20086.26,-114.90999999999985,21113.102
20086.27,-114.89999999999782,21401.973
20086.28,-114.88999999999942,21450.146
20086.29,-114.87999999999738,21546.52
20086.3,-114.86999999999898,21546.52
20086.31,-114.85999999999694,21401.973
20086.32,-114.84999999999854,21401.973
20086.33,-114.83999999999651,21498.33
20086.34,-114.82999999999811,21546.52
20086.35,-114.81999999999971,21498.33
20086.36,-114.80999999999767,21546.52
20086.37,-114.79999999999927,21450.146
20086.38,-114.78999999999724,21546.52
20086.39,-114.77999999999884,21546.52
20086.4,-114.7699999999968,21498.33
20086.41,-114.7599999999984,21498.33
20086.42,-114.75,21450.146
20086.43,-114.73999999999796,21546.52
20086.44,-114.72999999999956,21787.59
20086.45,-114.71999999999753,21450.146
20086.46,-114.70999999999913,21498.33
20086.47,-114.69999999999709,21353.809
20086.48,-114.68999999999869,21353.809
20086.49,-114.67999999999665,21401.973
20086.5,-114.66999999999825,21450.146
20086.51,-114.65999999999985,21450.146
20086.52,-114.64999999999782,21498.33
20086.53,-114.63999999999942,21450.146
20086.54,-114.62999999999738,21594.717
20086.55,-114.61999999999898,21498.33
20086.56,-114.60999999999694,21450.146
20086.57,-114.59999999999854,21594.717
20086.58,-114.58999999999651,21401.973
20086.59,-114.57999999999811,21450.146
20086.6,-114.56999999999971,21305.65
20086.61,-114.55999999999767,21691.139
20086.62,-114.54999999999927,21450.146
20086.63,-114.53999999999724,21594.717
20086.64,-114.52999999999884,21691.139
20086.65,-114.5199999999968,21498.33
20086.66,-114.5099999999984,21546.52
20086.67,-114.5,21450.146
20086.68,-114.48999999999796,21401.973
20086.69,-114.47999999999956,21498.33
20086.7,-114.46999999999753,21353.809
20086.71,-114.45999999999913,21498.33
20086.72,-114.44999999999709,21546.52
20086.73,-114.43999999999869,21546.52
20086.74,-114.42999999999665,21353.809
20086.75,-114.41999999999825,21594.717
20086.76,-114.40999999999985,21450.146
20086.77,-114.39999999999782,21642.924
20086.78,-114.38999999999942,21498.33
20086.79,-114.37999999999738,21594.717
20086.8,-114.36999999999898,21691.139
20086.81,-114.35999999999694,21498.33
20086.82,-114.34999999999854,21594.717
20086.83,-114.33999999999651,21401.973
20086.84,-114.32999999999811,21498.33
20086.85,-114.31999999999971,21787.59
20086.86,-114.30999999999767,21546.52
20086.87,-114.29999999999927,21353.809
20086.88,-114.28999999999724,21450.146
20086.89,-114.27999999999884,21642.924
20086.9,-114.2699999999968,21498.33
20086.91,-114.2599999999984,21450.146
20086.92,-114.25,21305.65
20086.93,-114.23999999999796,21305.65
20086.94,-114.22999999999956,21353.809
20086.95,-114.21999999999753,21498.33
20086.96,-114.20999999999913,21450.146
20086.97,-114.19999999999709,21353.809
20086.98,-114.18999999999869,21594.717
20086.99,-114.17999999999665,21546.52
20087.0,-114.16999999999825,21401.973
20087.01,-114.15999999999985,21257.502
20087.02,-114.14999999999782,21257.502
20087.03,-114.13999999999942,21450.146
20087.04,-114.12999999999738,21401.973
20087.05,-114.11999999999898,21546.52
20087.06,-114.10999999999694,21401.973
20087.07,-114.09999999999854,21498.33
20087.08,-114.08999999999651,21401.973
20087.09,-114.07999999999811,21787.59
20087.1,-114.06999999999971,21450.146
20087.11,-114.05999999999767,21546.52
20087.12,-114.04999999999927,21546.52
20087.13,-114.03999999999724,21594.717
20087.14,-114.02999999999884,21787.59
20087.15,-114.0199999999968,21450.146
20087.16,-114.0099999999984,21642.924
20087.17,-114.0,21691.139
20087.18,-113.98999999999796,21546.52
20087.19,-113.97999999999956,21594.717
20087.2,-113.96999999999753,21498.33
20087.21,-113.95999999999913,21787.59
20087.22,-113.94999999999709,21594.717
20087.23,-113.93999999999869,21546.52
20087.24,-113.92999999999665,21546.52
20087.25,-113.91999999999825,21594.717
20087.26,-113.90999999999985,21546.52
20087.27,-113.89999999999782,21498.33
20087.28,-113.88999999999942,21401.973
20087.29,-113.87999999999738,21450.146
20087.3,-113.86999999999898,21691.139
20087.31,-113.85999999999694,21594.717
20087.32,-113.84999999999854,21353.809
20087.33,-113.83999999999651,21353.809
20087.34,-113.82999999999811,21498.33
20087.35,-113.81999999999971,21642.924
20087.36,-113.80999999999767,21401.973
20087.37,-113.79999999999927,21498.33
20087.38,-113.78999999999724,21498.33
20087.39,-113.77999999999884,21546.52
20087.4,-113.7699999999968,21546.52
20087.41,-113.7599999999984,21450.146
20087.42,-113.75,21450.146
20087.43,-113.73999999999796,21787.59
20087.44,-113.72999999999956,21594.717
20087.45,-113.71999999999753,21353.809
20087.46,-113.70999999999913,21353.809
20087.47,-113.69999999999709,21546.52
20087.48,-113.68999999999869,21594.717
20087.49,-113.67999999999665,21498.33
20087.5,-113.66999999999825,21450.146
20087.51,-113.65999999999985,21498.33
20087.52,-113.64999999999782,21642.924
20087.53,-113.63999999999942,21594.717
20087.54,-113.62999999999738,21642.924
20087.55,-113.61999999999898,21546.52
20087.56,-113.60999999999694,21691.139
20087.57,-113.59999999999854,21401.973
20087.58,-113.58999999999651,21594.717
20087.59,-113.57999999999811,21642.924
20087.6,-113.56999999999971,21546.52
20087.61,-113.55999999999767,21498.33
20087.62,-113.54999999999927,21450.146
20087.63,-113.53999999999724,21401.973
20087.64,-113.52999999999884,21594.717
20087.65,-113.5199999999968,21594.717
20087.66,-113.5099999999984,21594.717
20087.67,-113.5,21353.809
20087.68,-113.48999999999796,21594.717
20087.69,-113.47999999999956,21546.52
20087.7,-113.46999999999753,21401.973
20087.71,-113.45999999999913,21257.502
20087.72,-113.44999999999709,21594.717
20087.73,-113.43999999999869,21546.52
20087.74,-113.42999999999665,21498.33
20087.75,-113.41999999999825,21594.717
20087.76,-113.40999999999985,21691.139
20087.77,-113.39999999999782,21450.146
20087.78,-113.38999999999942,21546.52
20087.79,-113.37999999999738,21401.973
20087.8,-113.36999999999898,21546.52
20087.81,-113.35999999999694,21739.359
20087.82,-113.34999999999854,21594.717
20087.83,-113.33999999999651,21450.146
20087.84,-113.32999999999811,21691.139
20087.85,-113.31999999999971,21546.52
20087.86,-113.30999999999767,21642.924
20087.87,-113.29999999999927,21257.502
20087.88,-113.28999999999724,21546.52
20087.89,-113.27999999999884,21594.717
20087.9,-113.2699999999968,21401.973
20087.91,-113.2599999999984,21353.809
20087.92,-113.25,21401.973
20087.93,-113.23999999999796,21546.52
20087.94,-113.22999999999956,21450.146
20087.95,-113.21999999999753,21450.146
20087.96,-113.20999999999913,21450.146
20087.97,-113.19999999999709,21691.139
20087.98,-113.18999999999869,21498.33
20087.99,-113.17999999999665,21257.502
20088.0,-113.16999999999825,21305.65
20088.01,-113.15999999999985,21498.33
20088.02,-113.14999999999782,21498.33
20088.03,-113.13999999999942,21546.52
20088.04,-113.12999999999738,21594.717
20088.05,-113.11999999999898,21353.809
20088.06,-113.10999999999694,21401.973
20088.07,-113.09999999999854,21498.33
20088.08,-113.08999999999651,21546.52
20088.09,-113.07999999999811,21450.146
20088.1,-113.06999999999971,21594.717
20088.11,-113.05999999999767,21546.52
20088.12,-113.04999999999927,21353.809
20088.13,-113.03999999999724,21401.973
20088.14,-113.02999999999884,21450.146
20088.15,-113.0199999999968,21546.52
20088.16,-113.0099999999984,21353.809
20088.17,-113.0,21498.33
20088.18,-112.98999999999796,21691.139
20088.19,-112.97999999999956,21450.146
20088.2,-112.96999999999753,21594.717
20088.21,-112.95999999999913,21691.139
20088.22,-112.94999999999709,21498.33
20088.23,-112.93999999999869,21546.52
20088.24,-112.92999999999665,21642.924
20088.25,-112.91999999999825,21353.809
20088.26,-112.90999999999985,21450.146
20088.27,-112.89999999999782,21498.33
20088.28,-112.88999999999942,21546.52
20088.29,-112.87999999999738,21546.52
20088.3,-112.86999999999898,21401.973
20088.31,-112.85999999999694,21642.924
20088.32,-112.84999999999854,21546.52
20088.33,-112.83999999999651,21257.502
20088.34,-112.82999999999811,21450.146
20088.35,-112.81999999999971,21691.139
20088.36,-112.80999999999767,21594.717
20088.37,-112.79999999999927,21401.973
20088.38,-112.78999999999724,21353.809
20088.39,-112.77999999999884,21691.139
20088.4,-112.7699999999968,21546.52
20088.41,-112.7599999999984,21401.973
20088.42,-112.75,21401.973
20088.43,-112.73999999999796,21498.33
20088.44,-112.72999999999956,21642.924
20088.45,-112.71999999999753,21450.146
20088.46,-112.70999999999913,21353.809
20088.47,-112.69999999999709,21642.924
20088.48,-112.68999999999869,21498.33
20088.49,-112.67999999999665,21401.973
20088.5,-112.66999999999825,21498.33
20088.51,-112.65999999999985,21498.33
20088.52,-112.64999999999782,21642.924
20088.53,-112.63999999999942,21594.717
20088.54,-112.62999999999738,21401.973
20088.55,-112.61999999999898,21450.146
20088.56,-112.60999999999694,21546.52
20088.57,-112.59999999999854,21642.924
20088.58,-112.58999999999651,21498.33
20088.59,-112.57999999999811,21642.924
20088.6,-112.56999999999971,21691.139
20088.61,-112.55999999999767,21691.139
20088.62,-112.54999999999927,21787.59
20088.63,-112.53999999999724,21739.359
20088.64,-112.52999999999884,21787.59
20088.65,-112.5199999999968,21642.924
20088.66,-112.5099999999984,21353.809
20088.67,-112.5,21353.809
20088.68,-112.48999999999796,21546.52
20088.69,-112.47999999999956,21546.52
20088.7,-112.46999999999753,21546.52
20088.71,-112.45999999999913,21739.359
20088.72,-112.44999999999709,21450.146
20088.73,-112.43999999999869,21642.924
20088.74,-112.42999999999665,21594.717
20088.75,-112.41999999999825,21401.973
20088.76,-112.40999999999985,21450.146
20088.77,-112.39999999999782,21498.33
20088.78,-112.38999999999942,21401.973
20088.79,-112.37999999999738,21498.33
20088.8,-112.36999999999898,21498.33
20088.81,-112.35999999999694,21353.809
20088.82,-112.34999999999854,21594.717
20088.83,-112.33999999999651,21401.973
20088.84,-112.32999999999811,21353.809
20088.85,-112.31999999999971,21498.33
20088.86,-112.30999999999767,21594.717
20088.87,-112.29999999999927,21450.146
20088.88,-112.28999999999724,21594.717
20088.89,-112.27999999999884,21739.359
20088.9,-112.2699999999968,21546.52
20088.91,-112.2599999999984,21401.973
20088.92,-112.25,21691.139
20088.93,-112.23999999999796,21594.717
20088.94,-112.22999999999956,21691.139
20088.95,-112.21999999999753,21739.359
20088.96,-112.20999999999913,21353.809
20088.97,-112.19999999999709,21353.809
20088.98,-112.18999999999869,21498.33
20088.99,-112.17999999999665,21450.146
20089.0,-112.16999999999825,21594.717
20089.01,-112.15999999999985,21546.52
20089.02,-112.14999999999782,21642.924
20089.03,-112.13999999999942,21498.33
20089.04,-112.12999999999738,21594.717
20089.05,-112.11999999999898,21546.52
20089.06,-112.10999999999694,21594.717
20089.07,-112.09999999999854,21546.52
20089.08,-112.08999999999651,21546.52
20089.09,-112.07999999999811,21594.717
20089.1,-112.06999999999971,21787.59
20089.11,-112.05999999999767,21498.33
20089.12,-112.04999999999927,21498.33
20089.13,-112.03999999999724,21594.717
20089.14,-112.02999999999884,21691.139
20089.15,-112.0199999999968,21498.33
20089.16,-112.0099999999984,21353.809
20089.17,-112.0,21498.33
20089.18,-111.98999999999796,21594.717
20089.19,-111.97999999999956,21498.33
20089.2,-111.96999999999753,21546.52
20089.21,-111.95999999999913,21546.52
20089.22,-111.94999999999709,21594.717
20089.23,-111.93999999999869,21642.924
20089.24,-111.92999999999665,21691.139
20089.25,-111.91999999999825,21642.924
20089.26,-111.90999999999985,21401.973
20089.27,-111.89999999999782,21884.076
20089.28,-111.88999999999942,21498.33
20089.29,-111.87999999999738,21498.33
20089.3,-111.86999999999898,21546.52
20089.31,-111.85999999999694,21450.146
20089.32,-111.84999999999854,21642.924
20089.33,-111.83999999999651,21401.973
20089.34,-111.82999999999811,21450.146
20089.35,-111.81999999999971,21546.52
20089.36,-111.80999999999767,21450.146
20089.37,-111.79999999999927,21498.33
20089.38,-111.78999999999724,21401.973
20089.39,-111.77999999999884,21642.924
20089.4,-111.7699999999968,21546.52
20089.41,-111.7599999999984,21401.973
20089.42,-111.75,21401.973
20089.43,-111.73999999999796,21498.33
20089.44,-111.72999999999956,21450.146
20089.45,-111.71999999999753,21450.146
20089.46,-111.70999999999913,21594.717
20089.47,-111.69999999999709,21498.33
20089.48,-111.68999999999869,21642.924
20089.49,-111.67999999999665,21546.52
20089.5,-111.66999999999825,21498.33
20089.51,-111.65999999999985,21546.52
20089.52,-111.64999999999782,21739.359
20089.53,-111.63999999999942,21498.33
20089.54,-111.62999999999738,21642.924
20089.55,-111.61999999999898,21546.52
20089.56,-111.60999999999694,21498.33
20089.57,-111.59999999999854,21353.809
20089.58,-111.58999999999651,21498.33
20089.59,-111.57999999999811,21642.924
20089.6,-111.56999999999971,21450.146
20089.61,-111.55999999999767,21305.65
20089.62,-111.54999999999927,21498.33
20089.63,-111.53999999999724,21498.33
20089.64,-111.52999999999884,21594.717
20089.65,-111.5199999999968,21642.924
20089.66,-111.5099999999984,21546.52
20089.67,-111.5,21546.52
20089.68,-111.48999999999796,21450.146
20089.69,-111.47999999999956,21642.924
20089.7,-111.46999999999753,21257.502
20089.71,-111.45999999999913,21594.717
20089.72,-111.44999999999709,21594.717
20089.73,-111.43999999999869,21546.52
20089.74,-111.42999999999665,21450.146
20089.75,-111.41999999999825,21642.924
20089.76,-111.40999999999985,21546.52
20089.77,-111.39999999999782,21546.52
20089.78,-111.38999999999942,21594.717
20089.79,-111.37999999999738,21498.33
20089.8,-111.36999999999898,21691.139
20089.81,-111.35999999999694,21642.924
20089.82,-111.34999999999854,21450.146
20089.83,-111.33999999999651,21546.52
20089.84,-111.32999999999811,21546.52
20089.85,-111.31999999999971,21546.52
20089.86,-111.30999999999767,21691.139
20089.87,-111.29999999999927,21498.33
20089.88,-111.28999999999724,21450.146
20089.89,-111.27999999999884,21353.809
20089.9,-111.2699999999968,21594.717
20089.91,-111.2599999999984,21546.52
20089.92,-111.25,21546.52
20089.93,-111.23999999999796,21450.146
20089.94,-111.22999999999956,21498.33
20089.95,-111.21999999999753,21642.924
20089.96,-111.20999999999913,21353.809
20089.97,-111.19999999999709,21401.973
20089.98,-111.18999999999869,21450.146
20089.99,-111.17999999999665,21498.33
20090.0,-111.16999999999825,21498.33
20090.01,-111.15999999999985,21546.52
20090.02,-111.14999999999782,21642.924
20090.03,-111.13999999999942,21498.33
20090.04,-111.12999999999738,21691.139
20090.05,-111.11999999999898,21546.52
20090.06,-111.10999999999694,21498.33
20090.07,-111.09999999999854,21401.973
20090.08,-111.08999999999651,21642.924
20090.09,-111.07999999999811,21642.924
20090.1,-111.06999999999971,21787.59
20090.11,-111.05999999999767,21546.52
20090.12,-111.04999999999927,21498.33
20090.13,-111.03999999999724,21498.33
20090.14,-111.02999999999884,21691.139
20090.15,-111.0199999999968,21546.52
20090.16,-111.0099999999984,21594.717
20090.17,-111.0,21498.33
20090.18,-110.98999999999796,21353.809
20090.19,-110.97999999999956,21787.59
20090.2,-110.96999999999753,21546.52
20090.21,-110.95999999999913,21642.924
20090.22,-110.94999999999709,21498.33
20090.23,-110.93999999999869,21594.717
20090.24,-110.92999999999665,21401.973
20090.25,-110.91999999999825,21401.973
20090.26,-110.90999999999985,21401.973
20090.27,-110.89999999999782,21546.52
20090.28,-110.88999999999942,21401.973
20090.29,-110.87999999999738,21450.146
20090.3,-110.86999999999898,21498.33
20090.31,-110.85999999999694,21546.52
20090.32,-110.84999999999854,21450.146
20090.33,-110.83999999999651,21642.924
20090.34,-110.82999999999811,21691.139
20090.35,-110.81999999999971,21546.52
20090.36,-110.80999999999767,21594.717
20090.37,-110.79999999999927,21498.33
20090.38,-110.78999999999724,21450.146
20090.39,-110.77999999999884,21642.924
20090.4,-110.7699999999968,21450.146
20090.41,-110.7599999999984,21498.33
20090.42,-110.75,21642.924
20090.43,-110.73999999999796,21546.52
20090.44,-110.72999999999956,21642.924
20090.45,-110.71999999999753,21498.33
20090.46,-110.70999999999913,21642.924
20090.47,-110.69999999999709,21498.33
20090.48,-110.68999999999869,21353.809
20090.49,-110.67999999999665,21450.146
20090.5,-110.66999999999825,21401.973
20090.51,-110.65999999999985,21546.52
20090.52,-110.64999999999782,21594.717
20090.53,-110.63999999999942,21498.33
20090.54,-110.62999999999738,21546.52
20090.55,-110.61999999999898,21594.717
20090.56,-110.60999999999694,21401.973
20090.57,-110.59999999999854,21353.809
20090.58,-110.58999999999651,21401.973
20090.59,-110.57999999999811,21546.52
20090.6,-110.56999999999971,21594.717
20090.61,-110.55999999999767,21546.52
20090.62,-110.54999999999927,21498.33
20090.63,-110.53999999999724,21642.924
20090.64,-110.52999999999884,21546.52
20090.65,-110.5199999999968,21546.52
20090.66,-110.5099999999984,21498.33
20090.67,-110.5,21546.52
20090.68,-110.48999999999796,21594.717
20090.69,-110.47999999999956,21546.52
20090.7,-110.46999999999753,21353.809
20090.71,-110.45999999999913,21546.52
20090.72,-110.44999999999709,21642.924
20090.73,-110.43999999999869,21594.717
20090.74,-110.42999999999665,21450.146
20090.75,-110.41999999999825,21450.146
20090.76,-110.40999999999985,21498.33
20090.77,-110.39999999999782,21594.717
20090.78,-110.38999999999942,21594.717
20090.79,-110.37999999999738,21353.809
20090.8,-110.36999999999898,21450.146
20090.81,-110.35999999999694,21450.146
20090.82,-110.34999999999854,21546.52
20090.83,-110.33999999999651,21546.52
20090.84,-110.32999999999811,21546.52
20090.85,-110.31999999999971,21594.717
20090.86,-110.30999999999767,21594.717
20090.87,-110.29999999999927,21353.809
20090.88,-110.28999999999724,21498.33
20090.89,-110.27999999999884,21691.139
20090.9,-110.2699999999968,21594.717
20090.91,-110.2599999999984,21594.717
20090.92,-110.25,21546.52
20090.93,-110.23999999999796,21594.717
20090.94,-110.22999999999956,21594.717
20090.95,-110.21999999999753,21546.52
20090.96,-110.20999999999913,21546.52
20090.97,-110.19999999999709,21594.717
20090.98,-110.18999999999869,21401.973
20090.99,-110.17999999999665,21353.809
20091.0,-110.16999999999825,21401.973
20091.01,-110.15999999999985,21498.33
20091.02,-110.14999999999782,21691.139
20091.03,-110.13999999999942,21498.33
20091.04,-110.12999999999738,21594.717
20091.05,-110.11999999999898,21691.139
20091.06,-110.10999999999694,21450.146
20091.07,-110.09999999999854,21498.33
20091.08,-110.08999999999651,21450.146
20091.09,-110.07999999999811,21691.139
20091.1,-110.06999999999971,21691.139
20091.11,-110.05999999999767,21642.924
20091.12,-110.04999999999927,21546.52
20091.13,-110.03999999999724,21594.717
20091.14,-110.02999999999884,21642.924
20091.15,-110.0199999999968,21546.52
20091.16,-110.0099999999984,21642.924
20091.17,-110.0,21450.146
20091.18,-109.98999999999796,21594.717
20091.19,-109.97999999999956,21498.33
20091.2,-109.96999999999753,21691.139
20091.21,-109.95999999999913,21450.146
20091.22,-109.94999999999709,21546.52
20091.23,-109.93999999999869,21594.717
20091.24,-109.92999999999665,21498.33
20091.25,-109.91999999999825,21594.717
20091.26,-109.90999999999985,21546.52
20091.27,-109.89999999999782,21642.924
20091.28,-109.88999999999942,21498.33
20091.29,-109.87999999999738,21353.809
20091.3,-109.86999999999898,21546.52
20091.31,-109.85999999999694,21546.52
20091.32,-109.84999999999854,21594.717
20091.33,-109.83999999999651,21546.52
20091.34,-109.82999999999811,21594.717
20091.35,-109.81999999999971,21691.139
20091.36,-109.80999999999767,21594.717
20091.37,-109.79999999999927,21546.52
20091.38,-109.78999999999724,21450.146
20091.39,-109.77999999999884,21498.33
20091.4,-109.7699999999968,21498.33
20091.41,-109.7599999999984,21642.924
20091.42,-109.75,21546.52
20091.43,-109.73999999999796,21546.52
20091.44,-109.72999999999956,21594.717
20091.45,-109.71999999999753,21594.717
20091.46,-109.70999999999913,21498.33
20091.47,-109.69999999999709,21594.717
20091.48,-109.68999999999869,21642.924
20091.49,-109.67999999999665,21691.139
20091.5,-109.66999999999825,21401.973
20091.51,-109.65999999999985,21353.809
20091.52,-109.64999999999782,21594.717
20091.53,-109.63999999999942,21594.717
20091.54,-109.62999999999738,21353.809
20091.55,-109.61999999999898,21594.717
20091.56,-109.60999999999694,21546.52
20091.57,-109.59999999999854,21691.139
20091.58,-109.58999999999651,21594.717
20091.59,-109.57999999999811,21594.717
20091.6,-109.56999999999971,21498.33
20091.61,-109.55999999999767,21594.717
20091.62,-109.54999999999927,21546.52
20091.63,-109.53999999999724,21450.146
20091.64,-109.52999999999884,21691.139
20091.65,-109.5199999999968,21450.146
20091.66,-109.5099999999984,21498.33
20091.67,-109.5,21642.924
20091.68,-109.48999999999796,21691.139
20091.69,-109.47999999999956,21691.139
20091.7,-109.46999999999753,21594.717
20091.71,-109.45999999999913,21498.33
20091.72,-109.44999999999709,21787.59
20091.73,-109.43999999999869,21642.924
20091.74,-109.42999999999665,21691.139
20091.75,-109.41999999999825,21691.139
20091.76,-109.40999999999985,21594.717
20091.77,-109.39999999999782,21450.146
20091.78,-109.38999999999942,21353.809
20091.79,-109.37999999999738,21642.924
20091.8,-109.36999999999898,21546.52
20091.81,-109.35999999999694,21594.717
20091.82,-109.34999999999854,21642.924
20091.83,-109.33999999999651,21498.33
20091.84,-109.32999999999811,21642.924
20091.85,-109.31999999999971,21691.139
20091.86,-109.30999999999767,21642.924
20091.87,-109.29999999999927,21546.52
20091.88,-109.28999999999724,21450.146
20091.89,-109.27999999999884,21739.359
20091.9,-109.2699999999968,21498.33
20091.91,-109.2599999999984,21546.52
20091.92,-109.25,21450.146
20091.93,-109.23999999999796,21594.717
20091.94,-109.22999999999956,21594.717
20091.95,-109.21999999999753,21353.809
20091.96,-109.20999999999913,21450.146
20091.97,-109.19999999999709,21498.33
20091.98,-109.18999999999869,21546.52
20091.99,-109.17999999999665,21257.502
20092.0,-109.16999999999825,21353.809
20092.01,-109.15999999999985,21546.52
20092.02,-109.14999999999782,21546.52
20092.03,-109.13999999999942,21546.52
20092.04,-109.12999999999738,21498.33
20092.05,-109.11999999999898,21546.52
20092.06,-109.10999999999694,21594.717
20092.07,-109.09999999999854,21498.33
20092.08,-109.08999999999651,21691.139
20092.09,-109.07999999999811,21401.973
20092.1,-109.06999999999971,21594.717
20092.11,-109.05999999999767,21450.146
20092.12,-109.04999999999927,21546.52
20092.13,-109.03999999999724,21691.139
20092.14,-109.02999999999884,21546.52
20092.15,-109.0199999999968,21594.717
20092.16,-109.0099999999984,21594.717
20092.17,-109.0,21691.139
20092.18,-108.98999999999796,21546.52
20092.19,-108.97999999999956,21594.717
20092.2,-108.96999999999753,21691.139
20092.21,-108.95999999999913,21546.52
20092.22,-108.94999999999709,21450.146
20092.23,-108.93999999999869,21594.717
20092.24,-108.92999999999665,21450.146
20092.25,-108.91999999999825,21642.924
20092.26,-108.90999999999985,21450.146
20092.27,-108.89999999999782,21691.139
20092.28,-108.88999999999942,21450.146
20092.29,-108.87999999999738,21161.227
20092.3,-108.86999999999898,21353.809
20092.31,-108.85999999999694,21257.502
20092.32,-108.84999999999854,21498.33
20092.33,-108.83999999999651,22560.385
20092.34,-108.82999999999811,23044.438
20092.35,-108.81999999999971,23432.264
20092.36,-108.80999999999767,23577.832
20092.37,-108.79999999999927,23772.039
20092.38,-108.78999999999724,23772.039
20092.39,-108.77999999999884,24014.979
20092.4,-108.7699999999968,23723.475
20092.41,-108.7599999999984,23577.832
20092.42,-108.75,23674.92
20092.43,-108.73999999999796,23772.039
20092.44,-108.72999999999956,23529.301
20092.45,-108.71999999999753,23772.039
20092.46,-108.70999999999913,23529.301
20092.47,-108.69999999999709,23869.189
20092.48,-108.68999999999869,23674.92
20092.49,-108.67999999999665,23723.475
20092.5,-108.66999999999825,23674.92
20092.51,-108.65999999999985,23626.373
20092.52,-108.64999999999782,23820.611
20092.53,-108.63999999999942,23723.475
20092.54,-108.62999999999738,23917.777
20092.55,-108.61999999999898,23577.832
20092.56,-108.60999999999694,23772.039
20092.57,-108.59999999999854,23674.92
20092.58,-108.58999999999651,23626.373
20092.59,-108.57999999999811,23529.301
20092.6,-108.56999999999971,23480.779
20092.61,-108.55999999999767,23869.189
20092.62,-108.54999999999927,23772.039
20092.63,-108.53999999999724,23626.373
20092.64,-108.52999999999884,24014.979
20092.65,-108.5199999999968,23772.039
20092.66,-108.5099999999984,23723.475
20092.67,-108.5,23577.832
20092.68,-108.48999999999796,23626.373
20092.69,-108.47999999999956,23917.777
20092.7,-108.46999999999753,23674.92
20092.71,-108.45999999999913,23869.189
20092.72,-108.44999999999709,23772.039
20092.73,-108.43999999999869,23917.777
20092.74,-108.42999999999665,23626.373
20092.75,-108.41999999999825,23723.475
20092.76,-108.40999999999985,23577.832
20092.77,-108.39999999999782,23626.373
20092.78,-108.38999999999942,23577.832
20092.79,-108.37999999999738,23723.475
20092.8,-108.36999999999898,23723.475
20092.81,-108.35999999999694,23869.189
20092.82,-108.34999999999854,23869.189
20092.83,-108.33999999999651,23723.475
20092.84,-108.32999999999811,23869.189
20092.85,-108.31999999999971,23674.92
20092.86,-108.30999999999767,23723.475
20092.87,-108.29999999999927,23674.92
20092.88,-108.28999999999724,23674.92
20092.89,-108.27999999999884,23869.189
20092.9,-108.2699999999968,23917.777
20092.91,-108.2599999999984,23626.373
20092.92,-108.25,23577.832
20092.93,-108.23999999999796,23674.92
20092.94,-108.22999999999956,23529.301
20092.95,-108.21999999999753,23577.832
20092.96,-108.20999999999913,23674.92
20092.97,-108.19999999999709,23626.373
20092.98,-108.18999999999869,23917.777
20092.99,-108.17999999999665,23917.777
20093.0,-108.16999999999825,23820.611
20093.01,-108.15999999999985,23723.475
20093.02,-108.14999999999782,23966.375
20093.03,-108.13999999999942,23820.611
20093.04,-108.12999999999738,23966.375
20093.05,-108.11999999999898,23917.777
20093.06,-108.10999999999694,23820.611
20093.07,-108.09999999999854,23820.611
20093.08,-108.08999999999651,23577.832
20093.09,-108.07999999999811,23674.92
20093.1,-108.06999999999971,23772.039
20093.11,-108.05999999999767,23820.611
20093.12,-108.04999999999927,23723.475
20093.13,-108.03999999999724,23674.92
20093.14,-108.02999999999884,23869.189
20093.15,-108.0199999999968,23626.373
20093.16,-108.0099999999984,23723.475
20093.17,-108.0,23820.611
20093.18,-107.98999999999796,24842.494
20093.19,-107.97999999999956,25037.545
20093.2,-107.96999999999753,24940.002
20093.21,-107.95999999999913,24793.752
20093.22,-107.94999999999709,24793.752
20093.23,-107.93999999999869,24745.018
20093.24,-107.92999999999665,24793.752
20093.25,-107.91999999999825,23674.92
20093.26,-107.90999999999985,22270.344
20093.27,-107.89999999999782,21835.83
20093.28,-107.88999999999942,21546.52
20093.29,-107.87999999999738,21594.717
20093.3,-107.86999999999898,21450.146
20093.31,-107.85999999999694,21546.52
20093.32,-107.84999999999854,21691.139
20093.33,-107.83999999999651,21498.33
20093.34,-107.82999999999811,21498.33
20093.35,-107.81999999999971,21739.359
20093.36,-107.80999999999767,21594.717
20093.37,-107.79999999999927,21594.717
20093.38,-107.78999999999724,21546.52
20093.39,-107.77999999999884,21546.52
20093.4,-107.7699999999968,21691.139
20093.41,-107.7599999999984,21546.52
20093.42,-107.75,21642.924
20093.43,-107.73999999999796,21739.359
20093.44,-107.72999999999956,21739.359
20093.45,-107.71999999999753,21884.076
20093.46,-107.70999999999913,21691.139
20093.47,-107.69999999999709,21594.717
20093.48,-107.68999999999869,21498.33
20093.49,-107.67999999999665,21739.359
20093.5,-107.66999999999825,21594.717
20093.51,-107.65999999999985,21594.717
20093.52,-107.64999999999782,21739.359
20093.53,-107.63999999999942,21739.359
20093.54,-107.62999999999738,21691.139
20093.55,-107.61999999999898,21594.717
20093.56,-107.60999999999694,21594.717
20093.57,-107.59999999999854,21739.359
20093.58,-107.58999999999651,21353.809
20093.59,-107.57999999999811,21691.139
20093.6,-107.56999999999971,21642.924
20093.61,-107.55999999999767,21787.59
20093.62,-107.54999999999927,21642.924
20093.63,-107.53999999999724,21498.33
20093.64,-107.52999999999884,21546.52
20093.65,-107.5199999999968,21691.139
20093.66,-107.5099999999984,21787.59
20093.67,-107.5,21546.52
20093.68,-107.48999999999796,21594.717
20093.69,-107.47999999999956,21642.924
20093.7,-107.46999999999753,21980.594
20093.71,-107.45999999999913,21642.924
20093.72,-107.44999999999709,21787.59
20093.73,-107.43999999999869,21642.924
20093.74,-107.42999999999665,21739.359
20093.75,-107.41999999999825,21450.146
20093.76,-107.40999999999985,21594.717
20093.77,-107.39999999999782,21546.52
20093.78,-107.38999999999942,21594.717
20093.79,-107.37999999999738,21546.52
20093.8,-107.36999999999898,21642.924
20093.81,-107.35999999999694,21787.59
20093.82,-107.34999999999854,21642.924
20093.83,-107.33999999999651,21691.139
20093.84,-107.32999999999811,21642.924
20093.85,-107.31999999999971,21594.717
20093.86,-107.30999999999767,21546.52
20093.87,-107.29999999999927,21401.973
20093.88,-107.28999999999724,21546.52
20093.89,-107.27999999999884,21546.52
20093.9,-107.2699999999968,21739.359
20093.91,-107.2599999999984,21498.33
20093.92,-107.25,21546.52
20093.93,-107.23999999999796,21498.33
20093.94,-107.22999999999956,21642.924
20093.95,-107.21999999999753,21691.139
20093.96,-107.20999999999913,21450.146
20093.97,-107.19999999999709,21642.924
20093.98,-107.18999999999869,21691.139
20093.99,-107.17999999999665,21498.33
20094.0,-107.16999999999825,21787.59
20094.01,-107.15999999999985,21546.52
20094.02,-107.14999999999782,21691.139
20094.03,-107.13999999999942,21642.924
20094.04,-107.12999999999738,21498.33
20094.05,-107.11999999999898,21594.717
20094.06,-107.10999999999694,21594.717
20094.07,-107.09999999999854,21691.139
20094.08,-107.08999999999651,21498.33
20094.09,-107.07999999999811,21498.33
20094.1,-107.06999999999971,21691.139
20094.11,-107.05999999999767,21691.139
20094.12,-107.04999999999927,21691.139
20094.13,-107.03999999999724,21691.139
20094.14,-107.02999999999884,21835.83
20094.15,-107.0199999999968,21691.139
20094.16,-107.0099999999984,21691.139
20094.17,-107.0,21691.139
20094.18,-106.98999999999796,21450.146
20094.19,-106.97999999999956,21546.52
20094.2,-106.96999999999753,21546.52
20094.21,-106.95999999999913,21401.973
20094.22,-106.94999999999709,21739.359
20094.23,-106.93999999999869,21594.717
20094.24,-106.92999999999665,21691.139
20094.25,-106.91999999999825,21691.139
20094.26,-106.90999999999985,21691.139
20094.27,-106.89999999999782,21642.924
20094.28,-106.88999999999942,21498.33
20094.29,-106.87999999999738,21594.717
20094.3,-106.86999999999898,21450.146
20094.31,-106.85999999999694,21594.717
20094.32,-106.84999999999854,21642.924
20094.33,-106.83999999999651,21305.65
20094.34,-106.82999999999811,21642.924
20094.35,-106.81999999999971,21594.717
20094.36,-106.80999999999767,21642.924
20094.37,-106.79999999999927,21546.52
20094.38,-106.78999999999724,21546.52
20094.39,-106.77999999999884,21739.359
20094.4,-106.7699999999968,21498.33
20094.41,-106.7599999999984,21450.146
20094.42,-106.75,21691.139
20094.43,-106.73999999999796,21594.717
20094.44,-106.72999999999956,21546.52
20094.45,-106.71999999999753,21450.146
20094.46,-106.70999999999913,21642.924
20094.47,-106.69999999999709,21691.139
20094.48,-106.68999999999869,21691.139
20094.49,-106.67999999999665,21498.33
20094.5,-106.66999999999825,21835.83
20094.51,-106.65999999999985,21546.52
20094.52,-106.64999999999782,21498.33
20094.53,-106.63999999999942,21498.33
20094.54,-106.62999999999738,21450.146
20094.55,-106.61999999999898,21450.146
20094.56,-106.60999999999694,21546.52
20094.57,-106.59999999999854,21594.717
20094.58,-106.58999999999651,21498.33
20094.59,-106.57999999999811,21594.717
20094.6,-106.56999999999971,21498.33
20094.61,-106.55999999999767,21642.924
20094.62,-106.54999999999927,21498.33
20094.63,-106.53999999999724,21691.139
20094.64,-106.52999999999884,21739.359
20094.65,-106.5199999999968,21691.139
20094.66,-106.5099999999984,21594.717
20094.67,-106.5,21594.717
20094.68,-106.48999999999796,21594.717
20094.69,-106.47999999999956,21787.59
20094.7,-106.46999999999753,21642.924
20094.71,-106.45999999999913,21594.717
20094.72,-106.44999999999709,21594.717
20094.73,-106.43999999999869,21546.52
20094.74,-106.42999999999665,21594.717
20094.75,-106.41999999999825,21642.924
20094.76,-106.40999999999985,21546.52
20094.77,-106.39999999999782,21450.146
20094.78,-106.38999999999942,21546.52
20094.79,-106.37999999999738,21691.139
20094.8,-106.36999999999898,21546.52
20094.81,-106.35999999999694,21642.924
20094.82,-106.34999999999854,21498.33
20094.83,-106.33999999999651,21546.52
20094.84,-106.32999999999811,21594.717
20094.85,-106.31999999999971,21450.146
20094.86,-106.30999999999767,21353.809
20094.87,-106.29999999999927,21450.146
20094.88,-106.28999999999724,21546.52
20094.89,-106.27999999999884,21546.52
20094.9,-106.2699999999968,21594.717
20094.91,-106.2599999999984,21257.502
20094.92,-106.25,21642.924
20094.93,-106.23999999999796,21546.52
20094.94,-106.22999999999956,21450.146
20094.95,-106.21999999999753,21498.33
20094.96,-106.20999999999913,21594.717
20094.97,-106.19999999999709,21498.33
20094.98,-106.18999999999869,21787.59
20094.99,-106.17999999999665,21401.973
20095.0,-106.16999999999825,21353.809
20095.01,-106.15999999999985,21594.717
20095.02,-106.14999999999782,21835.83
20095.03,-106.13999999999942,21594.717
20095.04,-106.12999999999738,21546.52
20095.05,-106.11999999999898,21691.139
20095.06,-106.10999999999694,21835.83
20095.07,-106.09999999999854,21642.924
20095.08,-106.08999999999651,21594.717
20095.09,-106.07999999999811,21642.924
20095.1,-106.06999999999971,21450.146
20095.11,-106.05999999999767,21594.717
20095.12,-106.04999999999927,21498.33
20095.13,-106.03999999999724,21642.924
20095.14,-106.02999999999884,21642.924
20095.15,-106.0199999999968,21546.52
20095.16,-106.0099999999984,21739.359
20095.17,-106.0,21642.924
20095.18,-105.98999999999796,21546.52
20095.19,-105.97999999999956,21546.52
20095.2,-105.96999999999753,21546.52
20095.21,-105.95999999999913,21450.146
20095.22,-105.94999999999709,21498.33
20095.23,-105.93999999999869,21642.924
20095.24,-105.92999999999665,21691.139
20095.25,-105.91999999999825,21546.52
20095.26,-105.90999999999985,21594.717
20095.27,-105.89999999999782,21642.924
20095.28,-105.88999999999942,21835.83
20095.29,-105.87999999999738,21546.52
20095.3,-105.86999999999898,21546.52
20095.31,-105.85999999999694,21498.33
20095.32,-105.84999999999854,21787.59
20095.33,-105.83999999999651,21401.973
20095.34,-105.82999999999811,21498.33
20095.35,-105.81999999999971,21498.33
20095.36,-105.80999999999767,21642.924
20095.37,-105.79999999999927,21691.139
20095.38,-105.78999999999724,21498.33
20095.39,-105.77999999999884,21787.59
20095.4,-105.7699999999968,21691.139
20095.41,-105.7599999999984,21546.52
20095.42,-105.75,21546.52
20095.43,-105.73999999999796,21739.359
20095.44,-105.72999999999956,21546.52
20095.45,-105.71999999999753,21594.717
20095.46,-105.70999999999913,21594.717
20095.47,-105.69999999999709,21594.717
20095.48,-105.68999999999869,21787.59
20095.49,-105.67999999999665,21691.139
20095.5,-105.66999999999825,21546.52
20095.51,-105.65999999999985,21450.146
20095.52,-105.64999999999782,21498.33
20095.53,-105.63999999999942,21401.973
20095.54,-105.62999999999738,21353.809
20095.55,-105.61999999999898,21739.359
20095.56,-105.60999999999694,21642.924
20095.57,-105.59999999999854,21546.52
20095.58,-105.58999999999651,21787.59
20095.59,-105.57999999999811,21594.717
20095.6,-105.56999999999971,21594.717
20095.61,-105.55999999999767,21546.52
20095.62,-105.54999999999927,21401.973
20095.63,-105.53999999999724,21353.809
20095.64,-105.52999999999884,21594.717
20095.65,-105.5199999999968,21691.139
20095.66,-105.5099999999984,21546.52
20095.67,-105.5,21739.359
20095.68,-105.48999999999796,21546.52
20095.69,-105.47999999999956,21642.924
20095.7,-105.46999999999753,21642.924
20095.71,-105.45999999999913,21642.924
20095.72,-105.44999999999709,21691.139
20095.73,-105.43999999999869,21884.076
20095.74,-105.42999999999665,21691.139
20095.75,-105.41999999999825,21594.717
20095.76,-105.40999999999985,21594.717
20095.77,-105.39999999999782,21739.359
20095.78,-105.38999999999942,21498.33
20095.79,-105.37999999999738,21594.717
20095.8,-105.36999999999898,21884.076
20095.81,-105.35999999999694,21691.139
20095.82,-105.34999999999854,21691.139
20095.83,-105.33999999999651,21642.924
20095.84,-105.32999999999811,21594.717
20095.85,-105.31999999999971,21546.52
20095.86,-105.30999999999767,21594.717
20095.87,-105.29999999999927,21642.924
20095.88,-105.28999999999724,21546.52
20095.89,-105.27999999999884,21739.359
20095.9,-105.2699999999968,21450.146
20095.91,-105.2599999999984,21594.717
20095.92,-105.25,21546.52
20095.93,-105.23999999999796,21642.924
20095.94,-105.22999999999956,21691.139
20095.95,-105.21999999999753,21498.33
20095.96,-105.20999999999913,21498.33
20095.97,-105.19999999999709,21450.146
20095.98,-105.18999999999869,21642.924
20095.99,-105.17999999999665,21739.359
20096.0,-105.16999999999825,21642.924
20096.01,-105.15999999999985,21642.924
20096.02,-105.14999999999782,21642.924
20096.03,-105.13999999999942,21546.52
20096.04,-105.12999999999738,21642.924
20096.05,-105.11999999999898,21594.717
20096.06,-105.10999999999694,21739.359
20096.07,-105.09999999999854,21642.924
20096.08,-105.08999999999651,21450.146
20096.09,-105.07999999999811,21498.33
20096.1,-105.06999999999971,21691.139
20096.11,-105.05999999999767,21739.359
20096.12,-105.04999999999927,21546.52
20096.13,-105.03999999999724,21546.52
20096.14,-105.02999999999884,21739.359
20096.15,-105.0199999999968,21739.359
20096.16,-105.0099999999984,21594.717
20096.17,-105.0,21450.146
20096.18,-104.98999999999796,21546.52
20096.19,-104.97999999999956,21594.717
20096.2,-104.96999999999753,21691.139
20096.21,-104.95999999999913,21739.359
20096.22,-104.94999999999709,21642.924
20096.23,-104.93999999999869,21209.359
20096.24,-104.92999999999665,21450.146
20096.25,-104.91999999999825,21450.146
20096.26,-104.90999999999985,21498.33
20096.27,-104.89999999999782,21739.359
20096.28,-104.88999999999942,21594.717
20096.29,-104.87999999999738,21594.717
20096.3,-104.86999999999898,21594.717
20096.31,-104.85999999999694,21739.359
20096.32,-104.84999999999854,21642.924
20096.33,-104.83999999999651,21498.33
20096.34,-104.82999999999811,21739.359
20096.35,-104.81999999999971,21498.33
20096.36,-104.80999999999767,21739.359
20096.37,-104.79999999999927,21546.52
20096.38,-104.78999999999724,21691.139
20096.39,-104.77999999999884,21739.359
20096.4,-104.7699999999968,21642.924
20096.41,-104.7599999999984,21594.717
20096.42,-104.75,21594.717
20096.43,-104.73999999999796,21546.52
20096.44,-104.72999999999956,21594.717
20096.45,-104.71999999999753,21498.33
20096.46,-104.70999999999913,21546.52
20096.47,-104.69999999999709,21594.717
20096.48,-104.68999999999869,21642.924
20096.49,-104.67999999999665,21450.146
20096.5,-104.66999999999825,21691.139
20096.51,-104.65999999999985,21401.973
20096.52,-104.64999999999782,21691.139
20096.53,-104.63999999999942,21787.59
20096.54,-104.62999999999738,21498.33
20096.55,-104.61999999999898,21691.139
20096.56,-104.60999999999694,21642.924
20096.57,-104.59999999999854,21739.359
20096.58,-104.58999999999651,21546.52
20096.59,-104.57999999999811,21594.717
20096.6,-104.56999999999971,21546.52
20096.61,-104.55999999999767,21739.359
20096.62,-104.54999999999927,21594.717
20096.63,-104.53999999999724,21546.52
20096.64,-104.52999999999884,21691.139
20096.65,-104.5199999999968,21642.924
20096.66,-104.5099999999984,21594.717
20096.67,-104.5,21546.52
20096.68,-104.48999999999796,21498.33
20096.69,-104.47999999999956,21546.52
20096.7,-104.46999999999753,21594.717
20096.71,-104.45999999999913,21594.717
20096.72,-104.44999999999709,21450.146
20096.73,-104.43999999999869,21787.59
20096.74,-104.42999999999665,21546.52
20096.75,-104.41999999999825,21546.52
20096.76,-104.40999999999985,21546.52
20096.77,-104.39999999999782,21642.924
20096.78,-104.38999999999942,21498.33
20096.79,-104.37999999999738,21691.139
20096.8,-104.36999999999898,21546.52
20096.81,-104.35999999999694,21642.924
20096.82,-104.34999999999854,21546.52
20096.83,-104.33999999999651,21691.139
20096.84,-104.32999999999811,21594.717
20096.85,-104.31999999999971,21642.924
20096.86,-104.30999999999767,21642.924
20096.87,-104.29999999999927,21546.52
20096.88,-104.28999999999724,21739.359
20096.89,-104.27999999999884,21739.359
20096.9,-104.2699999999968,21835.83
20096.91,-104.2599999999984,21498.33
20096.92,-104.25,21739.359
20096.93,-104.23999999999796,21498.33
20096.94,-104.22999999999956,21450.146
20096.95,-104.21999999999753,21546.52
20096.96,-104.20999999999913,21401.973
20096.97,-104.19999999999709,21787.59
20096.98,-104.18999999999869,21642.924
20096.99,-104.17999999999665,21450.146
20097.0,-104.16999999999825,21546.52
20097.01,-104.15999999999985,21594.717
20097.02,-104.14999999999782,21739.359
20097.03,-104.13999999999942,21305.65
20097.04,-104.12999999999738,21450.146
20097.05,-104.11999999999898,21594.717
20097.06,-104.10999999999694,21498.33
20097.07,-104.09999999999854,21546.52
20097.08,-104.08999999999651,21498.33
20097.09,-104.07999999999811,21401.973
20097.1,-104.06999999999971,21594.717
20097.11,-104.05999999999767,21642.924
20097.12,-104.04999999999927,21546.52
20097.13,-104.03999999999724,21257.502
20097.14,-104.02999999999884,21642.924
20097.15,-104.0199999999968,21594.717
20097.16,-104.0099999999984,21546.52
20097.17,-104.0,21401.973
20097.18,-103.98999999999796,21642.924
20097.19,-103.97999999999956,21691.139
20097.2,-103.96999999999753,21401.973
20097.21,-103.95999999999913,21691.139
20097.22,-103.94999999999709,21739.359
20097.23,-103.93999999999869,21691.139
20097.24,-103.92999999999665,21546.52
20097.25,-103.91999999999825,21594.717
20097.26,-103.90999999999985,21546.52
20097.27,-103.89999999999782,21498.33
20097.28,-103.88999999999942,21594.717
20097.29,-103.87999999999738,21498.33
20097.3,-103.86999999999898,21498.33
20097.31,-103.85999999999694,21691.139
20097.32,-103.84999999999854,21546.52
20097.33,-103.83999999999651,21450.146
20097.34,-103.82999999999811,21642.924
20097.35,-103.81999999999971,21691.139
20097.36,-103.80999999999767,21835.83
20097.37,-103.79999999999927,21642.924
20097.38,-103.78999999999724,21401.973
20097.39,-103.77999999999884,21642.924
20097.4,-103.7699999999968,21691.139
20097.41,-103.7599999999984,21546.52
20097.42,-103.75,21498.33
20097.43,-103.73999999999796,21450.146
20097.44,-103.72999999999956,21594.717
20097.45,-103.71999999999753,21353.809
20097.46,-103.70999999999913,21546.52
20097.47,-103.69999999999709,21594.717
20097.48,-103.68999999999869,21594.717
20097.49,-103.67999999999665,21594.717
20097.5,-103.66999999999825,21594.717
20097.51,-103.65999999999985,21498.33
20097.52,-103.64999999999782,21498.33
20097.53,-103.63999999999942,21546.52
20097.54,-103.62999999999738,21594.717
20097.55,-103.61999999999898,21642.924
20097.56,-103.60999999999694,21642.924
20097.57,-103.59999999999854,21498.33
20097.58,-103.58999999999651,21498.33
20097.59,-103.57999999999811,21401.973
20097.6,-103.56999999999971,21353.809
20097.61,-103.55999999999767,21546.52
20097.62,-103.54999999999927,21642.924
20097.63,-103.53999999999724,21594.717
20097.64,-103.52999999999884,21787.59
20097.65,-103.5199999999968,21691.139
20097.66,-103.5099999999984,21546.52
20097.67,-103.5,21498.33
20097.68,-103.48999999999796,21401.973
20097.69,-103.47999999999956,21642.924
20097.7,-103.46999999999753,21305.65
20097.71,-103.45999999999913,21739.359
20097.72,-103.44999999999709,21594.717
20097.73,-103.43999999999869,21594.717
20097.74,-103.42999999999665,21401.973
20097.75,-103.41999999999825,21498.33
20097.76,-103.40999999999985,21739.359
20097.77,-103.39999999999782,21787.59
20097.78,-103.38999999999942,21642.924
20097.79,-103.37999999999738,21498.33
20097.8,-103.36999999999898,21691.139
20097.81,-103.35999999999694,21691.139
20097.82,-103.34999999999854,21546.52
20097.83,-103.33999999999651,21450.146
20097.84,-103.32999999999811,21546.52
20097.85,-103.31999999999971,21450.146
20097.86,-103.30999999999767,21594.717
20097.87,-103.29999999999927,21450.146
20097.88,-103.28999999999724,21450.146
20097.89,-103.27999999999884,21498.33
20097.9,-103.2699999999968,21450.146
20097.91,-103.2599999999984,21546.52
20097.92,-103.25,21546.52
20097.93,-103.23999999999796,21739.359
20097.94,-103.22999999999956,21691.139
20097.95,-103.21999999999753,21450.146
20097.96,-103.20999999999913,21498.33
20097.97,-103.19999999999709,21739.359
20097.98,-103.18999999999869,21739.359
20097.99,-103.17999999999665,21642.924
20098.0,-103.16999999999825,21498.33
20098.01,-103.15999999999985,21498.33
20098.02,-103.14999999999782,21691.139
20098.03,-103.13999999999942,21594.717
20098.04,-103.12999999999738,21691.139
20098.05,-103.11999999999898,21691.139
20098.06,-103.10999999999694,21642.924
20098.07,-103.09999999999854,21546.52
20098.08,-103.08999999999651,21594.717
20098.09,-103.07999999999811,21546.52
20098.1,-103.06999999999971,21546.52
20098.11,-103.05999999999767,21594.717
20098.12,-103.04999999999927,21401.973
20098.13,-103.03999999999724,21498.33
20098.14,-103.02999999999884,21787.59
20098.15,-103.0199999999968,21642.924
20098.16,-103.0099999999984,21691.139
20098.17,-103.0,21642.924
20098.18,-102.98999999999796,21642.924
20098.19,-102.97999999999956,21594.717
20098.2,-102.96999999999753,21642.924
20098.21,-102.95999999999913,21450.146
20098.22,-102.94999999999709,21498.33
20098.23,-102.93999999999869,21546.52
20098.24,-102.92999999999665,21594.717
20098.25,-102.91999999999825,21353.809
20098.26,-102.90999999999985,21594.717
20098.27,-102.89999999999782,21498.33
20098.28,-102.88999999999942,21594.717
20098.29,-102.87999999999738,21401.973
20098.3,-102.86999999999898,21594.717
20098.31,-102.85999999999694,21546.52
20098.32,-102.84999999999854,21594.717
20098.33,-102.83999999999651,21546.52
20098.34,-102.82999999999811,21498.33
20098.35,-102.81999999999971,21787.59
20098.36,-102.80999999999767,21691.139
20098.37,-102.79999999999927,21498.33
20098.38,-102.78999999999724,21546.52
20098.39,-102.77999999999884,21787.59
20098.4,-102.7699999999968,21642.924
20098.41,-102.7599999999984,21546.52
20098.42,-102.75,21498.33
20098.43,-102.73999999999796,21594.717
20098.44,-102.72999999999956,21691.139
20098.45,-102.71999999999753,21546.52
20098.46,-102.70999999999913,21401.973
20098.47,-102.69999999999709,21642.924
20098.48,-102.68999999999869,21691.139
20098.49,-102.67999999999665,21691.139
20098.5,-102.66999999999825,21594.717
20098.51,-102.65999999999985,21546.52
20098.52,-102.64999999999782,21787.59
20098.53,-102.63999999999942,21594.717
20098.54,-102.62999999999738,21546.52
20098.55,-102.61999999999898,21691.139
20098.56,-102.60999999999694,21546.52
20098.57,-102.59999999999854,21450.146
20098.58,-102.58999999999651,21401.973
20098.59,-102.57999999999811,21353.809
20098.6,-102.56999999999971,21546.52
20098.61,-102.55999999999767,21401.973
20098.62,-102.54999999999927,21594.717
20098.63,-102.53999999999724,21546.52
20098.64,-102.52999999999884,21546.52
20098.65,-102.5199999999968,21546.52
20098.66,-102.5099999999984,21835.83
20098.67,-102.5,21642.924
20098.68,-102.48999999999796,21546.52
20098.69,-102.47999999999956,21546.52
20098.7,-102.46999999999753,21546.52
20098.71,-102.45999999999913,21691.139
20098.72,-102.44999999999709,21691.139
20098.73,-102.43999999999869,21884.076
20098.74,-102.42999999999665,21787.59
20098.75,-102.41999999999825,21642.924
20098.76,-102.40999999999985,21498.33
20098.77,-102.39999999999782,21594.717
20098.78,-102.38999999999942,21691.139
20098.79,-102.37999999999738,21787.59
20098.8,-102.36999999999898,21980.594
20098.81,-102.35999999999694,21739.359
20098.82,-102.34999999999854,21546.52
20098.83,-102.33999999999651,21691.139
20098.84,-102.32999999999811,21739.359
20098.85,-102.31999999999971,21642.924
20098.86,-102.30999999999767,21835.83
20098.87,-102.29999999999927,21546.52
20098.88,-102.28999999999724,21642.924
20098.89,-102.27999999999884,21787.59
20098.9,-102.2699999999968,21787.59
20098.91,-102.2599999999984,21450.146
20098.92,-102.25,21546.52
20098.93,-102.23999999999796,21980.594
20098.94,-102.22999999999956,21450.146
20098.95,-102.21999999999753,21642.924
20098.96,-102.20999999999913,21691.139
20098.97,-102.19999999999709,21642.924
20098.98,-102.18999999999869,21691.139
20098.99,-102.17999999999665,21498.33
20099.0,-102.16999999999825,21594.717
20099.01,-102.15999999999985,21594.717
20099.02,-102.14999999999782,21787.59
20099.03,-102.13999999999942,21546.52
20099.04,-102.12999999999738,21642.924
20099.05,-102.11999999999898,21498.33
20099.06,-102.10999999999694,21498.33
20099.07,-102.09999999999854,21691.139
20099.08,-102.08999999999651,21642.924
20099.09,-102.07999999999811,21594.717
20099.1,-102.06999999999971,21546.52
20099.11,-102.05999999999767,21739.359
20099.12,-102.04999999999927,21353.809
20099.13,-102.03999999999724,21787.59
20099.14,-102.02999999999884,21787.59
20099.15,-102.0199999999968,21739.359
20099.16,-102.0099999999984,21642.924
20099.17,-102.0,21546.52
20099.18,-101.98999999999796,21594.717
20099.19,-101.97999999999956,21739.359
20099.2,-101.96999999999753,21594.717
20099.21,-101.95999999999913,21642.924
20099.22,-101.94999999999709,21884.076
20099.23,-101.93999999999869,21691.139
20099.24,-101.92999999999665,21642.924
20099.25,-101.91999999999825,21642.924
20099.26,-101.90999999999985,21546.52
20099.27,-101.89999999999782,21594.717
20099.28,-101.88999999999942,21546.52
20099.29,-101.87999999999738,21642.924
20099.3,-101.86999999999898,21353.809
20099.31,-101.85999999999694,21498.33
20099.32,-101.84999999999854,21401.973
20099.33,-101.83999999999651,21353.809
20099.34,-101.82999999999811,21642.924
20099.35,-101.81999999999971,21787.59
20099.36,-101.80999999999767,21691.139
20099.37,-101.79999999999927,21498.33
20099.38,-101.78999999999724,21739.359
20099.39,-101.77999999999884,21739.359
20099.4,-101.7699999999968,21691.139
20099.41,-101.7599999999984,21594.717
20099.42,-101.75,21642.924
20099.43,-101.73999999999796,21642.924
20099.44,-101.72999999999956,21642.924
20099.45,-101.71999999999753,21739.359
20099.46,-101.70999999999913,21546.52
20099.47,-101.69999999999709,21642.924
20099.48,-101.68999999999869,21594.717
20099.49,-101.67999999999665,21594.717
20099.5,-101.66999999999825,21642.924
20099.51,-101.65999999999985,21498.33
20099.52,-101.64999999999782,21594.717
20099.53,-101.63999999999942,21498.33
20099.54,-101.62999999999738,21691.139
20099.55,-101.61999999999898,21691.139
20099.56,-101.60999999999694,21546.52
20099.57,-101.59999999999854,21594.717
20099.58,-101.58999999999651,21401.973
20099.59,-101.57999999999811,21787.59
20099.6,-101.56999999999971,21498.33
20099.61,-101.55999999999767,21594.717
20099.62,-101.54999999999927,21498.33
20099.63,-101.53999999999724,21594.717
20099.64,-101.52999999999884,21594.717
20099.65,-101.5199999999968,21450.146
20099.66,-101.5099999999984,21546.52
20099.67,-101.5,21594.717
20099.68,-101.48999999999796,21498.33
20099.69,-101.47999999999956,21594.717
20099.7,-101.46999999999753,21353.809
20099.71,-101.45999999999913,21642.924
20099.72,-101.44999999999709,21546.52
20099.73,-101.43999999999869,21739.359
20099.74,-101.42999999999665,21450.146
20099.75,-101.41999999999825,21546.52
20099.76,-101.40999999999985,21691.139
20099.77,-101.39999999999782,21691.139
20099.78,-101.38999999999942,21546.52
20099.79,-101.37999999999738,21594.717
20099.8,-101.36999999999898,21739.359
20099.81,-101.35999999999694,21691.139
20099.82,-101.34999999999854,21787.59
20099.83,-101.33999999999651,21739.359
20099.84,-101.32999999999811,21642.924
20099.85,-101.31999999999971,21498.33
20099.86,-101.30999999999767,21787.59
20099.87,-101.29999999999927,21691.139
20099.88,-101.28999999999724,21642.924
20099.89,-101.27999999999884,21691.139
20099.9,-101.2699999999968,21546.52
20099.91,-101.2599999999984,21594.717
20099.92,-101.25,21739.359
20099.93,-101.23999999999796,21691.139
20099.94,-101.22999999999956,21835.83
20099.95,-101.21999999999753,21642.924
20099.96,-101.20999999999913,21546.52
20099.97,-101.19999999999709,21594.717
20099.98,-101.18999999999869,21642.924
20099.99,-101.17999999999665,21498.33
20100.0,-101.16999999999825,21594.717
20100.01,-101.15999999999985,21980.594
20100.02,-101.14999999999782,21787.59
20100.03,-101.13999999999942,21642.924
20100.04,-101.12999999999738,21787.59
20100.05,-101.11999999999898,21594.717
20100.06,-101.10999999999694,21546.52
20100.07,-101.09999999999854,21691.139
20100.08,-101.08999999999651,21546.52
20100.09,-101.07999999999811,21594.717
20100.1,-101.06999999999971,21787.59
20100.11,-101.05999999999767,21691.139
20100.12,-101.04999999999927,21594.717
20100.13,-101.03999999999724,21546.52
20100.14,-101.02999999999884,21594.717
20100.15,-101.0199999999968,21546.52
20100.16,-101.0099999999984,21450.146
20100.17,-101.0,21546.52
20100.18,-100.98999999999796,21787.59
20100.19,-100.97999999999956,21691.139
20100.2,-100.96999999999753,21594.717
20100.21,-100.95999999999913,21691.139
20100.22,-100.94999999999709,21691.139
20100.23,-100.93999999999869,21691.139
20100.24,-100.92999999999665,21691.139
20100.25,-100.91999999999825,21739.359
20100.26,-100.90999999999985,21787.59
20100.27,-100.89999999999782,21691.139
20100.28,-100.88999999999942,21594.717
20100.29,-100.87999999999738,21450.146
20100.3,-100.86999999999898,21594.717
20100.31,-100.85999999999694,21691.139
20100.32,-100.84999999999854,21691.139
20100.33,-100.83999999999651,21498.33
20100.34,-100.82999999999811,21739.359
20100.35,-100.81999999999971,21594.717
20100.36,-100.80999999999767,21691.139
20100.37,-100.79999999999927,21450.146
20100.38,-100.78999999999724,21594.717
20100.39,-100.77999999999884,21691.139
20100.4,-100.7699999999968,21691.139
20100.41,-100.7599999999984,21642.924
20100.42,-100.75,21691.139
20100.43,-100.73999999999796,21642.924
20100.44,-100.72999999999956,21739.359
20100.45,-100.71999999999753,21594.717
20100.46,-100.70999999999913,21594.717
20100.47,-100.69999999999709,21691.139
20100.48,-100.68999999999869,21739.359
20100.49,-100.67999999999665,21546.52
20100.5,-100.66999999999825,21450.146
20100.51,-100.65999999999985,21353.809
20100.52,-100.64999999999782,21546.52
20100.53,-100.63999999999942,21498.33
20100.54,-100.62999999999738,21594.717
20100.55,-100.61999999999898,21884.076
20100.56,-100.60999999999694,21642.924
20100.57,-100.59999999999854,21450.146
20100.58,-100.58999999999651,21450.146
20100.59,-100.57999999999811,21691.139
20100.6,-100.56999999999971,21739.359
20100.61,-100.55999999999767,21546.52
20100.62,-100.54999999999927,21450.146
20100.63,-100.53999999999724,21594.717
20100.64,-100.52999999999884,21739.359
20100.65,-100.5199999999968,21642.924
20100.66,-100.5099999999984,21691.139
20100.67,-100.5,21642.924
20100.68,-100.48999999999796,21642.924
20100.69,-100.47999999999956,21835.83
20100.7,-100.46999999999753,21691.139
20100.71,-100.45999999999913,21787.59
20100.72,-100.44999999999709,21787.59
20100.73,-100.43999999999869,21787.59
20100.74,-100.42999999999665,21642.924
20100.75,-100.41999999999825,21642.924
20100.76,-100.40999999999985,21691.139
20100.77,-100.39999999999782,21498.33
20100.78,-100.38999999999942,21691.139
20100.79,-100.37999999999738,21691.139
20100.8,-100.36999999999898,21546.52
20100.81,-100.35999999999694,21787.59
20100.82,-100.34999999999854,21642.924
20100.83,-100.33999999999651,21642.924
20100.84,-100.32999999999811,21642.924
20100.85,-100.31999999999971,21739.359
20100.86,-100.30999999999767,21787.59
20100.87,-100.29999999999927,21594.717
20100.88,-100.28999999999724,21594.717
20100.89,-100.27999999999884,21932.332
20100.9,-100.2699999999968,21787.59
20100.91,-100.2599999999984,21450.146
20100.92,-100.25,21546.52
20100.93,-100.23999999999796,21691.139
20100.94,-100.22999999999956,21642.924
20100.95,-100.21999999999753,21498.33
20100.96,-100.20999999999913,21642.924
20100.97,-100.19999999999709,21642.924
20100.98,-100.18999999999869,21932.332
20100.99,-100.17999999999665,21498.33
20101.0,-100.16999999999825,21691.139
20101.01,-100.15999999999985,21594.717
20101.02,-100.14999999999782,21739.359
20101.03,-100.13999999999942,21546.52
20101.04,-100.12999999999738,21642.924
20101.05,-100.11999999999898,21691.139
20101.06,-100.10999999999694,21642.924
20101.07,-100.09999999999854,21642.924
20101.08,-100.08999999999651,21546.52
20101.09,-100.07999999999811,21450.146
20101.1,-100.06999999999971,21787.59
20101.11,-100.05999999999767,21884.076
20101.12,-100.04999999999927,21498.33
20101.13,-100.03999999999724,21691.139
20101.14,-100.02999999999884,21884.076
20101.15,-100.0199999999968,21691.139
20101.16,-100.0099999999984,21594.717
20101.17,-100.0,21546.52
20101.18,-99.98999999999796,21546.52
20101.19,-99.97999999999956,21642.924
20101.2,-99.96999999999753,21546.52
20101.21,-99.95999999999913,21546.52
20101.22,-99.94999999999709,21594.717
20101.23,-99.93999999999869,21594.717
20101.24,-99.92999999999665,21546.52
20101.25,-99.91999999999825,21498.33
20101.26,-99.90999999999985,21691.139
20101.27,-99.89999999999782,21739.359
20101.28,-99.88999999999942,21546.52
20101.29,-99.87999999999738,21739.359
20101.3,-99.86999999999898,21691.139
20101.31,-99.85999999999694,21546.52
20101.32,-99.84999999999854,21739.359
20101.33,-99.83999999999651,21642.924
20101.34,-99.82999999999811,21594.717
20101.35,-99.81999999999971,21739.359
20101.36,-99.80999999999767,21642.924
20101.37,-99.79999999999927,21594.717
20101.38,-99.78999999999724,21353.809
20101.39,-99.77999999999884,21884.076
20101.4,-99.7699999999968,21546.52
20101.41,-99.7599999999984,21691.139
20101.42,-99.75,21498.33
20101.43,-99.73999999999796,21546.52
20101.44,-99.72999999999956,21691.139
20101.45,-99.71999999999753,21642.924
20101.46,-99.70999999999913,21739.359
20101.47,-99.69999999999709,21739.359
20101.48,-99.68999999999869,21739.359
20101.49,-99.67999999999665,21642.924
20101.5,-99.66999999999825,21546.52
20101.51,-99.65999999999985,21691.139
20101.52,-99.64999999999782,21450.146
20101.53,-99.63999999999942,21353.809
20101.54,-99.62999999999738,21594.717
20101.55,-99.61999999999898,21642.924
20101.56,-99.60999999999694,21498.33
20101.57,-99.59999999999854,21642.924
20101.58,-99.58999999999651,21498.33
20101.59,-99.57999999999811,21642.924
20101.6,-99.56999999999971,21546.52
20101.61,-99.55999999999767,21498.33
20101.62,-99.54999999999927,21498.33
20101.63,-99.53999999999724,21594.717
20101.64,-99.52999999999884,21884.076
20101.65,-99.5199999999968,21739.359
20101.66,-99.5099999999984,21594.717
20101.67,-99.5,21691.139
20101.68,-99.48999999999796,21691.139
20101.69,-99.47999999999956,21884.076
20101.7,-99.46999999999753,21594.717
20101.71,-99.45999999999913,21691.139
20101.72,-99.44999999999709,21739.359
20101.73,-99.43999999999869,21691.139
20101.74,-99.42999999999665,21546.52
20101.75,-99.41999999999825,21691.139
20101.76,-99.40999999999985,21450.146
20101.77,-99.39999999999782,21691.139
20101.78,-99.38999999999942,21498.33
20101.79,-99.37999999999738,21642.924
20101.8,-99.36999999999898,21787.59
20101.81,-99.35999999999694,21739.359
20101.82,-99.34999999999854,21546.52
20101.83,-99.33999999999651,21546.52
20101.84,-99.32999999999811,21739.359
20101.85,-99.31999999999971,21546.52
20101.86,-99.30999999999767,21739.359
20101.87,-99.29999999999927,21546.52
20101.88,-99.28999999999724,21642.924
20101.89,-99.27999999999884,21739.359
20101.9,-99.2699999999968,21642.924
20101.91,-99.2599999999984,21546.52
20101.92,-99.25,21498.33
20101.93,-99.23999999999796,21787.59
20101.94,-99.22999999999956,21691.139
20101.95,-99.21999999999753,21594.717
20101.96,-99.20999999999913,21594.717
20101.97,-99.19999999999709,21691.139
20101.98,-99.18999999999869,21546.52
20101.99,-99.17999999999665,21450.146
20102.0,-99.16999999999825,21691.139
20102.01,-99.15999999999985,21642.924
20102.02,-99.14999999999782,21642.924
20102.03,-99.13999999999942,21787.59
20102.04,-99.12999999999738,21594.717
20102.05,-99.11999999999898,21642.924
20102.06,-99.10999999999694,21594.717
20102.07,-99.09999999999854,21546.52
20102.08,-99.08999999999651,21401.973
20102.09,-99.07999999999811,21787.59
20102.1,-99.06999999999971,21787.59
20102.11,-99.05999999999767,21401.973
20102.12,-99.04999999999927,21498.33
20102.13,-99.03999999999724,21594.717
20102.14,-99.02999999999884,21739.359
20102.15,-99.0199999999968,21884.076
20102.16,-99.0099999999984,21642.924
20102.17,-99.0,21642.924
20102.18,-98.98999999999796,21787.59
20102.19,-98.97999999999956,21691.139
20102.2,-98.96999999999753,21594.717
20102.21,-98.95999999999913,21691.139
20102.22,-98.94999999999709,21498.33
20102.23,-98.93999999999869,21691.139
20102.24,-98.92999999999665,21498.33
20102.25,-98.91999999999825,21450.146
20102.26,-98.90999999999985,21546.52
20102.27,-98.89999999999782,21642.924
20102.28,-98.88999999999942,21691.139
20102.29,-98.87999999999738,21691.139
20102.3,-98.86999999999898,21691.139
20102.31,-98.85999999999694,21787.59
20102.32,-98.84999999999854,21691.139
20102.33,-98.83999999999651,21787.59
20102.34,-98.82999999999811,21450.146
20102.35,-98.81999999999971,21642.924
20102.36,-98.80999999999767,21691.139
20102.37,-98.79999999999927,21450.146
20102.38,-98.78999999999724,21498.33
20102.39,-98.77999999999884,21498.33
20102.4,-98.7699999999968,21594.717
20102.41,-98.7599999999984,21546.52
20102.42,-98.75,21594.717
20102.43,-98.73999999999796,21546.52
20102.44,-98.72999999999956,21546.52
20102.45,-98.71999999999753,21642.924
20102.46,-98.70999999999913,21594.717
20102.47,-98.69999999999709,21787.59
20102.48,-98.68999999999869,21594.717
20102.49,-98.67999999999665,21353.809
20102.5,-98.66999999999825,21594.717
20102.51,-98.65999999999985,21498.33
20102.52,-98.64999999999782,21546.52
20102.53,-98.63999999999942,21739.359
20102.54,-98.62999999999738,21691.139
20102.55,-98.61999999999898,21691.139
20102.56,-98.60999999999694,21691.139
20102.57,-98.59999999999854,21546.52
20102.58,-98.58999999999651,21546.52
20102.59,-98.57999999999811,21642.924
20102.6,-98.56999999999971,21642.924
20102.61,-98.55999999999767,21450.146
20102.62,-98.54999999999927,21642.924
20102.63,-98.53999999999724,21594.717
20102.64,-98.52999999999884,21546.52
20102.65,-98.5199999999968,21498.33
20102.66,-98.5099999999984,21594.717
20102.67,-98.5,21787.59
20102.68,-98.48999999999796,21739.359
20102.69,-98.47999999999956,21835.83
20102.7,-98.46999999999753,21353.809
20102.71,-98.45999999999913,21594.717
20102.72,-98.44999999999709,21642.924
20102.73,-98.43999999999869,21546.52
20102.74,-98.42999999999665,21642.924
20102.75,-98.41999999999825,21691.139
20102.76,-98.40999999999985,21642.924
20102.77,-98.39999999999782,21498.33
20102.78,-98.38999999999942,21546.52
20102.79,-98.37999999999738,21498.33
20102.8,-98.36999999999898,21691.139
20102.81,-98.35999999999694,21642.924
20102.82,-98.34999999999854,21594.717
20102.83,-98.33999999999651,21353.809
20102.84,-98.32999999999811,21546.52
20102.85,-98.31999999999971,21691.139
20102.86,-98.30999999999767,21642.924
20102.87,-98.29999999999927,21642.924
20102.88,-98.28999999999724,21546.52
20102.89,-98.27999999999884,21642.924
20102.9,-98.2699999999968,21739.359
20102.91,-98.2599999999984,21594.717
20102.92,-98.25,21642.924
20102.93,-98.23999999999796,21594.717
20102.94,-98.22999999999956,21739.359
20102.95,-98.21999999999753,21546.52
20102.96,-98.20999999999913,21642.924
20102.97,-98.19999999999709,21594.717
20102.98,-98.18999999999869,21835.83
20102.99,-98.17999999999665,21498.33
20103.0,-98.16999999999825,21450.146
20103.01,-98.15999999999985,21546.52
20103.02,-98.14999999999782,21691.139
20103.03,-98.13999999999942,21691.139
20103.04,-98.12999999999738,21546.52
20103.05,-98.11999999999898,21691.139
20103.06,-98.10999999999694,21739.359
20103.07,-98.09999999999854,21594.717
20103.08,-98.08999999999651,21691.139
20103.09,-98.07999999999811,21594.717
20103.1,-98.06999999999971,21739.359
20103.11,-98.05999999999767,21980.594
20103.12,-98.04999999999927,21450.146
20103.13,-98.03999999999724,21546.52
20103.14,-98.02999999999884,21594.717
20103.15,-98.0199999999968,21498.33
20103.16,-98.0099999999984,21546.52
20103.17,-98.0,21594.717
20103.18,-97.98999999999796,21787.59
20103.19,-97.97999999999956,21787.59
20103.2,-97.96999999999753,21498.33
20103.21,-97.95999999999913,21594.717
20103.22,-97.94999999999709,21691.139
20103.23,-97.93999999999869,21691.139
20103.24,-97.92999999999665,21546.52
20103.25,-97.91999999999825,21787.59
20103.26,-97.90999999999985,21594.717
20103.27,-97.89999999999782,21691.139
20103.28,-97.88999999999942,21546.52
20103.29,-97.87999999999738,21594.717
20103.3,-97.86999999999898,21546.52
20103.31,-97.85999999999694,21739.359
20103.32,-97.84999999999854,21353.809
20103.33,-97.83999999999651,21353.809
20103.34,-97.82999999999811,21594.717
20103.35,-97.81999999999971,21642.924
20103.36,-97.80999999999767,21546.52
20103.37,-97.79999999999927,21642.924
20103.38,-97.78999999999724,21594.717
20103.39,-97.77999999999884,21739.359
20103.4,-97.7699999999968,21546.52
20103.41,-97.7599999999984,21594.717
20103.42,-97.75,21691.139
20103.43,-97.73999999999796,21546.52
20103.44,-97.72999999999956,21546.52
20103.45,-97.71999999999753,21642.924
20103.46,-97.70999999999913,21787.59
20103.47,-97.69999999999709,21546.52
20103.48,-97.68999999999869,21739.359
20103.49,-97.67999999999665,21594.717
20103.5,-97.66999999999825,21691.139
20103.51,-97.65999999999985,21691.139
20103.52,-97.64999999999782,21739.359
20103.53,-97.63999999999942,21691.139
20103.54,-97.62999999999738,21546.52
20103.55,-97.61999999999898,21594.717
20103.56,-97.60999999999694,21980.594
20103.57,-97.59999999999854,21642.924
20103.58,-97.58999999999651,21498.33
20103.59,-97.57999999999811,21835.83
20103.6,-97.56999999999971,21787.59
20103.61,-97.55999999999767,21594.717
20103.62,-97.54999999999927,21546.52
20103.63,-97.53999999999724,21739.359
20103.64,-97.52999999999884,21691.139
20103.65,-97.5199999999968,21739.359
20103.66,-97.5099999999984,21691.139
20103.67,-97.5,21594.717
20103.68,-97.48999999999796,21787.59
20103.69,-97.47999999999956,21932.332
20103.7,-97.46999999999753,21594.717
20103.71,-97.45999999999913,21594.717
20103.72,-97.44999999999709,21594.717
20103.73,-97.43999999999869,21787.59
20103.74,-97.42999999999665,21594.717
20103.75,-97.41999999999825,21546.52
20103.76,-97.40999999999985,21691.139
20103.77,-97.39999999999782,21739.359
20103.78,-97.38999999999942,21594.717
20103.79,-97.37999999999738,21932.332
20103.8,-97.36999999999898,21546.52
20103.81,-97.35999999999694,21546.52
20103.82,-97.34999999999854,21546.52
20103.83,-97.33999999999651,21691.139
20103.84,-97.32999999999811,21739.359
20103.85,-97.31999999999971,21691.139
20103.86,-97.30999999999767,21594.717
20103.87,-97.29999999999927,21594.717
20103.88,-97.28999999999724,21691.139
20103.89,-97.27999999999884,21787.59
20103.9,-97.2699999999968,21594.717
20103.91,-97.2599999999984,21594.717
20103.92,-97.25,21498.33
20103.93,-97.23999999999796,21546.52
20103.94,-97.22999999999956,21691.139
20103.95,-97.21999999999753,22270.344
20103.96,-97.20999999999913,23044.438
20103.97,-97.19999999999709,23432.264
20103.98,-97.18999999999869,23674.92
20103.99,-97.17999999999665,23966.375
20104.0,-97.16999999999825,23869.189
20104.01,-97.15999999999985,23917.777
20104.02,-97.14999999999782,23674.92
20104.03,-97.13999999999942,23674.92
20104.04,-97.12999999999738,23480.779
20104.05,-97.11999999999898,23626.373
20104.06,-97.10999999999694,23577.832
20104.07,-97.09999999999854,23917.777
20104.08,-97.08999999999651,23674.92
20104.09,-97.07999999999811,23723.475
20104.1,-97.06999999999971,23917.777
20104.11,-97.05999999999767,23577.832
20104.12,-97.04999999999927,23626.373
20104.13,-97.03999999999724,23577.832
20104.14,-97.02999999999884,23772.039
20104.15,-97.0199999999968,23723.475
20104.16,-97.0099999999984,23966.375
20104.17,-97.0,23820.611
20104.18,-96.98999999999796,23917.777
20104.19,-96.97999999999956,23820.611
20104.2,-96.96999999999753,23626.373
20104.21,-96.95999999999913,23820.611
20104.22,-96.94999999999709,23480.779
20104.23,-96.93999999999869,23577.832
20104.24,-96.92999999999665,23674.92
20104.25,-96.91999999999825,23723.475
20104.26,-96.90999999999985,23772.039
20104.27,-96.89999999999782,23772.039
20104.28,-96.88999999999942,23820.611
20104.29,-96.87999999999738,23723.475
20104.3,-96.86999999999898,23480.779
20104.31,-96.85999999999694,23723.475
20104.32,-96.84999999999854,23917.777
20104.33,-96.83999999999651,23917.777
20104.34,-96.82999999999811,23869.189
20104.35,-96.81999999999971,23772.039
20104.36,-96.80999999999767,23674.92
20104.37,-96.79999999999927,23674.92
20104.38,-96.78999999999724,23772.039
20104.39,-96.77999999999884,23917.777
20104.4,-96.7699999999968,23626.373
20104.41,-96.7599999999984,23869.189
20104.42,-96.75,23869.189
20104.43,-96.73999999999796,23772.039
20104.44,-96.72999999999956,23723.475
20104.45,-96.71999999999753,23820.611
20104.46,-96.70999999999913,23917.777
20104.47,-96.69999999999709,23626.373
20104.48,-96.68999999999869,23723.475
20104.49,-96.67999999999665,23674.92
20104.5,-96.66999999999825,23674.92
20104.51,-96.65999999999985,23869.189
20104.52,-96.64999999999782,24014.979
20104.53,-96.63999999999942,23820.611
20104.54,-96.62999999999738,23626.373
20104.55,-96.61999999999898,23626.373
20104.56,-96.60999999999694,23577.832
20104.57,-96.59999999999854,23626.373
20104.58,-96.58999999999651,24112.211
20104.59,-96.57999999999811,23869.189
20104.6,-96.56999999999971,23674.92
20104.61,-96.55999999999767,24014.979
20104.62,-96.54999999999927,23772.039
20104.63,-96.53999999999724,23674.92
20104.64,-96.52999999999884,23820.611
20104.65,-96.5199999999968,23723.475
20104.66,-96.5099999999984,23820.611
20104.67,-96.5,23772.039
20104.68,-96.48999999999796,23869.189
20104.69,-96.47999999999956,23820.611
20104.7,-96.46999999999753,23820.611
20104.71,-96.45999999999913,23626.373
20104.72,-96.44999999999709,23772.039
20104.73,-96.43999999999869,23723.475
20104.74,-96.42999999999665,23674.92
20104.75,-96.41999999999825,23772.039
20104.76,-96.40999999999985,23917.777
20104.77,-96.39999999999782,23723.475
20104.78,-96.38999999999942,23917.777
20104.79,-96.37999999999738,23626.373
20104.8,-96.36999999999898,24306.775
20104.81,-96.35999999999694,24940.002
20104.82,-96.34999999999854,24793.752
20104.83,-96.33999999999651,24988.77
20104.84,-96.32999999999811,24940.002
20104.85,-96.31999999999971,24793.752
20104.86,-96.30999999999767,24647.572
20104.87,-96.29999999999927,24647.572
20104.88,-96.28999999999724,23044.438
20104.89,-96.27999999999884,22028.865
20104.9,-96.2699999999968,21353.809
20104.91,-96.2599999999984,21113.102
20104.92,-96.25,21305.65
20104.93,-96.23999999999796,21498.33
20104.94,-96.22999999999956,21498.33
20104.95,-96.21999999999753,21691.139
20104.96,-96.20999999999913,21401.973
20104.97,-96.19999999999709,21546.52
20104.98,-96.18999999999869,21498.33
20104.99,-96.17999999999665,21546.52
20105.0,-96.16999999999825,21739.359
20105.01,-96.15999999999985,21498.33
20105.02,-96.14999999999782,21498.33
20105.03,-96.13999999999942,21450.146
20105.04,-96.12999999999738,21498.33
20105.05,-96.11999999999898,21450.146
20105.06,-96.10999999999694,21450.146
20105.07,-96.09999999999854,21642.924
20105.08,-96.08999999999651,21305.65
20105.09,-96.07999999999811,21257.502
20105.1,-96.06999999999971,21546.52
20105.11,-96.05999999999767,21546.52
20105.12,-96.04999999999927,21498.33
20105.13,-96.03999999999724,21594.717
20105.14,-96.02999999999884,21691.139
20105.15,-96.0199999999968,21594.717
20105.16,-96.0099999999984,21546.52
20105.17,-96.0,21257.502
20105.18,-95.98999999999796,21257.502
20105.19,-95.97999999999956,21257.502
20105.2,-95.96999999999753,21498.33
20105.21,-95.95999999999913,21401.973
20105.22,-95.94999999999709,21546.52
20105.23,-95.93999999999869,21546.52
20105.24,-95.92999999999665,21498.33
20105.25,-95.91999999999825,21594.717
20105.26,-95.90999999999985,21450.146
20105.27,-95.89999999999782,21594.717
20105.28,-95.88999999999942,21546.52
20105.29,-95.87999999999738,21353.809
20105.3,-95.86999999999898,21594.717
20105.31,-95.85999999999694,21450.146
20105.32,-95.84999999999854,21450.146
20105.33,-95.83999999999651,21498.33
20105.34,-95.82999999999811,21450.146
20105.35,-95.81999999999971,21546.52
20105.36,-95.80999999999767,21787.59
20105.37,-95.79999999999927,21498.33
20105.38,-95.78999999999724,21353.809
20105.39,-95.77999999999884,21546.52
20105.4,-95.7699999999968,21498.33
20105.41,-95.7599999999984,21450.146
20105.42,-95.75,21546.52
20105.43,-95.73999999999796,21642.924
20105.44,-95.72999999999956,21739.359
20105.45,-95.71999999999753,21401.973
20105.46,-95.70999999999913,21546.52
20105.47,-95.69999999999709,21498.33
20105.48,-95.68999999999869,21642.924
20105.49,-95.67999999999665,21546.52
20105.5,-95.66999999999825,21739.359
20105.51,-95.65999999999985,21546.52
20105.52,-95.64999999999782,21498.33
20105.53,-95.63999999999942,21353.809
20105.54,-95.62999999999738,21498.33
20105.55,-95.61999999999898,21787.59
20105.56,-95.60999999999694,21787.59
20105.57,-95.59999999999854,21498.33
20105.58,-95.58999999999651,21546.52
20105.59,-95.57999999999811,21353.809
20105.6,-95.56999999999971,21594.717
20105.61,-95.55999999999767,21594.717
20105.62,-95.54999999999927,21642.924
20105.63,-95.53999999999724,21450.146
20105.64,-95.52999999999884,21594.717
20105.65,-95.5199999999968,21642.924
20105.66,-95.5099999999984,21594.717
20105.67,-95.5,21450.146
20105.68,-95.48999999999796,21546.52
20105.69,-95.47999999999956,21450.146
20105.7,-95.46999999999753,21353.809
20105.71,-95.45999999999913,21257.502
20105.72,-95.44999999999709,21257.502
20105.73,-95.43999999999869,21401.973
20105.74,-95.42999999999665,21546.52
20105.75,-95.41999999999825,21401.973
20105.76,-95.40999999999985,21450.146
20105.77,-95.39999999999782,21546.52
20105.78,-95.38999999999942,21498.33
20105.79,-95.37999999999738,21498.33
20105.8,-95.36999999999898,21594.717
20105.81,-95.35999999999694,21498.33
20105.82,-95.34999999999854,21546.52
20105.83,-95.33999999999651,21450.146
20105.84,-95.32999999999811,21450.146
20105.85,-95.31999999999971,21642.924
20105.86,-95.30999999999767,21739.359
20105.87,-95.29999999999927,21642.924
20105.88,-95.28999999999724,21498.33
20105.89,-95.27999999999884,21594.717
20105.9,-95.2699999999968,21594.717
20105.91,-95.2599999999984,21401.973
20105.92,-95.25,21401.973
20105.93,-95.23999999999796,21642.924
20105.94,-95.22999999999956,21257.502
20105.95,-95.21999999999753,21594.717
20105.96,-95.20999999999913,21450.146
20105.97,-95.19999999999709,21353.809
20105.98,-95.18999999999869,21546.52
20105.99,-95.17999999999665,21401.973
20106.0,-95.16999999999825,21305.65
20106.01,-95.15999999999985,21450.146
20106.02,-95.14999999999782,21498.33
20106.03,-95.13999999999942,21498.33
20106.04,-95.12999999999738,21401.973
20106.05,-95.11999999999898,21546.52
20106.06,-95.10999999999694,21498.33
20106.07,-95.09999999999854,21546.52
20106.08,-95.08999999999651,21353.809
20106.09,-95.07999999999811,21450.146
20106.1,-95.06999999999971,21546.52
20106.11,-95.05999999999767,21594.717
20106.12,-95.04999999999927,21498.33
20106.13,-95.03999999999724,21353.809
20106.14,-95.02999999999884,21594.717
20106.15,-95.0199999999968,21546.52
20106.16,-95.0099999999984,21353.809
20106.17,-95.0,21498.33
20106.18,-94.98999999999796,21401.973
20106.19,-94.97999999999956,21450.146
20106.2,-94.96999999999753,21305.65
20106.21,-94.95999999999913,21450.146
20106.22,-94.94999999999709,21353.809
20106.23,-94.93999999999869,21450.146
20106.24,-94.92999999999665,21498.33
20106.25,-94.91999999999825,21498.33
20106.26,-94.90999999999985,21498.33
20106.27,-94.89999999999782,21546.52
20106.28,-94.88999999999942,21498.33
20106.29,-94.87999999999738,21498.33
20106.3,-94.86999999999898,21450.146
20106.31,-94.85999999999694,21401.973
20106.32,-94.84999999999854,21353.809
20106.33,-94.83999999999651,21450.146
20106.34,-94.82999999999811,21594.717
20106.35,-94.81999999999971,21450.146
20106.36,-94.80999999999767,21450.146
20106.37,-94.79999999999927,21257.502
20106.38,-94.78999999999724,21209.359
20106.39,-94.77999999999884,21498.33
20106.4,-94.7699999999968,21450.146
20106.41,-94.7599999999984,21546.52
20106.42,-94.75,21353.809
20106.43,-94.73999999999796,21594.717
20106.44,-94.72999999999956,21450.146
20106.45,-94.71999999999753,21498.33
20106.46,-94.70999999999913,21353.809
20106.47,-94.69999999999709,21498.33
20106.48,-94.68999999999869,21450.146
20106.49,-94.67999999999665,21642.924
20106.5,-94.66999999999825,21401.973
20106.51,-94.65999999999985,21546.52
20106.52,-94.64999999999782,21594.717
20106.53,-94.63999999999942,21546.52
20106.54,-94.62999999999738,21546.52
20106.55,-94.61999999999898,21401.973
20106.56,-94.60999999999694,21498.33
20106.57,-94.59999999999854,21401.973
20106.58,-94.58999999999651,21401.973
20106.59,-94.57999999999811,21257.502
20106.6,-94.56999999999971,21498.33
20106.61,-94.55999999999767,21498.33
20106.62,-94.54999999999927,21257.502
20106.63,-94.53999999999724,21450.146
20106.64,-94.52999999999884,21450.146
20106.65,-94.5199999999968,21546.52
20106.66,-94.5099999999984,21691.139
20106.67,-94.5,21546.52
20106.68,-94.48999999999796,21498.33
20106.69,-94.47999999999956,21450.146
20106.7,-94.46999999999753,21353.809
20106.71,-94.45999999999913,21353.809
20106.72,-94.44999999999709,21401.973
20106.73,-94.43999999999869,21450.146
20106.74,-94.42999999999665,21401.973
20106.75,-94.41999999999825,21450.146
20106.76,-94.40999999999985,21594.717
20106.77,-94.39999999999782,21546.52
20106.78,-94.38999999999942,21498.33
20106.79,-94.37999999999738,21498.33
20106.8,-94.36999999999898,21401.973
20106.81,-94.35999999999694,21257.502
20106.82,-94.34999999999854,21450.146
20106.83,-94.33999999999651,21498.33
20106.84,-94.32999999999811,21594.717
20106.85,-94.31999999999971,21498.33
20106.86,-94.30999999999767,21450.146
20106.87,-94.29999999999927,21353.809
20106.88,-94.28999999999724,21401.973
20106.89,-94.27999999999884,21498.33
20106.9,-94.2699999999968,21450.146
20106.91,-94.2599999999984,21498.33
20106.92,-94.25,21498.33
20106.93,-94.23999999999796,21353.809
20106.94,-94.22999999999956,21450.146
20106.95,-94.21999999999753,21209.359
20106.96,-94.20999999999913,21353.809
20106.97,-94.19999999999709,21498.33
20106.98,-94.18999999999869,21594.717
20106.99,-94.17999999999665,21450.146
20107.0,-94.16999999999825,21353.809
20107.01,-94.15999999999985,21498.33
20107.02,-94.14999999999782,21305.65
20107.03,-94.13999999999942,21401.973
20107.04,-94.12999999999738,21594.717
20107.05,-94.11999999999898,21353.809
20107.06,-94.10999999999694,21401.973
20107.07,-94.09999999999854,21546.52
20107.08,-94.08999999999651,21353.809
20107.09,-94.07999999999811,21353.809
20107.1,-94.06999999999971,21642.924
20107.11,-94.05999999999767,21546.52
20107.12,-94.04999999999927,21594.717
20107.13,-94.03999999999724,21642.924
20107.14,-94.02999999999884,21498.33
20107.15,-94.0199999999968,21401.973
20107.16,-94.0099999999984,21401.973
20107.17,-94.0,21353.809
20107.18,-93.98999999999796,21450.146
20107.19,-93.97999999999956,21209.359
20107.2,-93.96999999999753,21450.146
20107.21,-93.95999999999913,21353.809
20107.22,-93.94999999999709,21305.65
20107.23,-93.93999999999869,21546.52
20107.24,-93.92999999999665,21594.717
20107.25,-93.91999999999825,21498.33
20107.26,-93.90999999999985,21450.146
20107.27,-93.89999999999782,21353.809
20107.28,-93.88999999999942,21353.809
20107.29,-93.87999999999738,21353.809
20107.3,-93.86999999999898,21401.973
20107.31,-93.85999999999694,21450.146
20107.32,-93.84999999999854,21450.146
20107.33,-93.83999999999651,21401.973
20107.34,-93.82999999999811,21305.65
20107.35,-93.81999999999971,21642.924
20107.36,-93.80999999999767,21594.717
20107.37,-93.79999999999927,21450.146
20107.38,-93.78999999999724,21257.502
20107.39,-93.77999999999884,21546.52
20107.4,-93.7699999999968,21450.146
20107.41,-93.7599999999984,21353.809
20107.42,-93.75,21353.809
20107.43,-93.73999999999796,21642.924
20107.44,-93.72999999999956,21546.52
20107.45,-93.71999999999753,21498.33
20107.46,-93.70999999999913,21401.973
20107.47,-93.69999999999709,21594.717
20107.48,-93.68999999999869,21594.717
20107.49,-93.67999999999665,21401.973
20107.5,-93.66999999999825,21305.65
20107.51,-93.65999999999985,21401.973
20107.52,-93.64999999999782,21353.809
20107.53,-93.63999999999942,21161.227
20107.54,-93.62999999999738,21401.973
20107.55,-93.61999999999898,21353.809
20107.56,-93.60999999999694,21546.52
20107.57,-93.59999999999854,21353.809
20107.58,-93.58999999999651,21305.65
20107.59,-93.57999999999811,21642.924
20107.6,-93.56999999999971,21450.146
20107.61,-93.55999999999767,21257.502
20107.62,-93.54999999999927,21161.227
20107.63,-93.53999999999724,21450.146
20107.64,-93.52999999999884,21450.146
20107.65,-93.5199999999968,21498.33
20107.66,-93.5099999999984,21450.146
20107.67,-93.5,21498.33
20107.68,-93.48999999999796,21546.52
20107.69,-93.47999999999956,21594.717
20107.7,-93.46999999999753,21450.146
20107.71,-93.45999999999913,21353.809
20107.72,-93.44999999999709,21498.33
20107.73,-93.43999999999869,21691.139
20107.74,-93.42999999999665,21401.973
20107.75,-93.41999999999825,21498.33
20107.76,-93.40999999999985,21401.973
20107.77,-93.39999999999782,21498.33
20107.78,-93.38999999999942,21642.924
20107.79,-93.37999999999738,21353.809
20107.8,-93.36999999999898,21401.973
20107.81,-93.35999999999694,21691.139
20107.82,-93.34999999999854,21498.33
20107.83,-93.33999999999651,21546.52
20107.84,-93.32999999999811,21450.146
20107.85,-93.31999999999971,21594.717
20107.86,-93.30999999999767,21498.33
20107.87,-93.29999999999927,21353.809
20107.88,-93.28999999999724,21257.502
20107.89,-93.27999999999884,21353.809
20107.9,-93.2699999999968,21546.52
20107.91,-93.2599999999984,21498.33
20107.92,-93.25,21498.33
20107.93,-93.23999999999796,21450.146
20107.94,-93.22999999999956,21546.52
20107.95,-93.21999999999753,21498.33
20107.96,-93.20999999999913,21450.146
20107.97,-93.19999999999709,21401.973
20107.98,-93.18999999999869,21546.52
20107.99,-93.17999999999665,21353.809
20108.0,-93.16999999999825,21401.973
20108.01,-93.15999999999985,21450.146
20108.02,-93.14999999999782,21450.146
20108.03,-93.13999999999942,21401.973
20108.04,-93.12999999999738,21257.502
20108.05,-93.11999999999898,21353.809
20108.06,-93.10999999999694,21546.52
20108.07,-93.09999999999854,21353.809
20108.08,-93.08999999999651,21450.146
20108.09,-93.07999999999811,21594.717
20108.1,-93.06999999999971,21691.139
20108.11,-93.05999999999767,21450.146
20108.12,-93.04999999999927,21401.973
20108.13,-93.03999999999724,21498.33
20108.14,-93.02999999999884,21353.809
20108.15,-93.0199999999968,21353.809
20108.16,-93.0099999999984,21257.502
20108.17,-93.0,21353.809
20108.18,-92.98999999999796,21450.146
20108.19,-92.97999999999956,21450.146
20108.2,-92.96999999999753,21401.973
20108.21,-92.95999999999913,21401.973
20108.22,-92.94999999999709,21594.717
20108.23,-92.93999999999869,21450.146
20108.24,-92.92999999999665,21594.717
20108.25,-92.91999999999825,21353.809
20108.26,-92.90999999999985,21450.146
20108.27,-92.89999999999782,21401.973
20108.28,-92.88999999999942,21642.924
20108.29,-92.87999999999738,21594.717
20108.3,-92.86999999999898,21353.809
20108.31,-92.85999999999694,21594.717
20108.32,-92.84999999999854,21450.146
20108.33,-92.83999999999651,21450.146
20108.34,-92.82999999999811,21305.65
20108.35,-92.81999999999971,21401.973
20108.36,-92.80999999999767,21401.973
20108.37,-92.79999999999927,21401.973
20108.38,-92.78999999999724,21401.973
20108.39,-92.77999999999884,21546.52
20108.4,-92.7699999999968,21594.717
20108.41,-92.7599999999984,21401.973
20108.42,-92.75,21498.33
20108.43,-92.73999999999796,21642.924
20108.44,-92.72999999999956,21594.717
20108.45,-92.71999999999753,21450.146
20108.46,-92.70999999999913,21353.809
20108.47,-92.69999999999709,21546.52
20108.48,-92.68999999999869,21691.139
20108.49,-92.67999999999665,21691.139
20108.5,-92.66999999999825,21305.65
20108.51,-92.65999999999985,21450.146
20108.52,-92.64999999999782,21498.33
20108.53,-92.63999999999942,21498.33
20108.54,-92.62999999999738,21353.809
20108.55,-92.61999999999898,21594.717
20108.56,-92.60999999999694,21353.809
20108.57,-92.59999999999854,21353.809
20108.58,-92.58999999999651,21401.973
20108.59,-92.57999999999811,21594.717
20108.6,-92.56999999999971,21498.33
20108.61,-92.55999999999767,21450.146
20108.62,-92.54999999999927,21546.52
20108.63,-92.53999999999724,21401.973
20108.64,-92.52999999999884,21594.717
20108.65,-92.5199999999968,21787.59
20108.66,-92.5099999999984,21594.717
20108.67,-92.5,21498.33
20108.68,-92.48999999999796,21353.809
20108.69,-92.47999999999956,21401.973
20108.7,-92.46999999999753,21498.33
20108.71,-92.45999999999913,21353.809
20108.72,-92.44999999999709,21450.146
20108.73,-92.43999999999869,21546.52
20108.74,-92.42999999999665,21450.146
20108.75,-92.41999999999825,21401.973
20108.76,-92.40999999999985,21498.33
20108.77,-92.39999999999782,21353.809
20108.78,-92.38999999999942,21353.809
20108.79,-92.37999999999738,21401.973
20108.8,-92.36999999999898,21305.65
20108.81,-92.35999999999694,21546.52
20108.82,-92.34999999999854,21450.146
20108.83,-92.33999999999651,21353.809
20108.84,-92.32999999999811,21594.717
20108.85,-92.31999999999971,21353.809
20108.86,-92.30999999999767,21546.52
20108.87,-92.29999999999927,21498.33
20108.88,-92.28999999999724,21353.809
20108.89,-92.27999999999884,21594.717
20108.9,-92.2699999999968,21594.717
20108.91,-92.2599999999984,21401.973
20108.92,-92.25,21498.33
20108.93,-92.23999999999796,21594.717
20108.94,-92.22999999999956,21450.146
20108.95,-92.21999999999753,21594.717
20108.96,-92.20999999999913,21401.973
20108.97,-92.19999999999709,21401.973
20108.98,-92.18999999999869,21401.973
20108.99,-92.17999999999665,21353.809
20109.0,-92.16999999999825,21305.65
20109.01,-92.15999999999985,21546.52
20109.02,-92.14999999999782,21642.924
20109.03,-92.13999999999942,21546.52
20109.04,-92.12999999999738,21257.502
20109.05,-92.11999999999898,21498.33
20109.06,-92.10999999999694,21353.809
20109.07,-92.09999999999854,21498.33
20109.08,-92.08999999999651,21401.973
20109.09,-92.07999999999811,21594.717
20109.1,-92.06999999999971,21594.717
20109.11,-92.05999999999767,21353.809
20109.12,-92.04999999999927,21546.52
20109.13,-92.03999999999724,21594.717
20109.14,-92.02999999999884,21594.717
20109.15,-92.0199999999968,21498.33
20109.16,-92.0099999999984,21594.717
20109.17,-92.0,21401.973
20109.18,-91.98999999999796,21401.973
20109.19,-91.97999999999956,21498.33
20109.2,-91.96999999999753,21450.146
20109.21,-91.95999999999913,21401.973
20109.22,-91.94999999999709,21353.809
20109.23,-91.93999999999869,21257.502
20109.24,-91.92999999999665,21257.502
20109.25,-91.91999999999825,21546.52
20109.26,-91.90999999999985,21498.33
20109.27,-91.89999999999782,21594.717
20109.28,-91.88999999999942,21498.33
20109.29,-91.87999999999738,21209.359
20109.3,-91.86999999999898,21401.973
20109.31,-91.85999999999694,21498.33
20109.32,-91.84999999999854,21401.973
20109.33,-91.83999999999651,21353.809
20109.34,-91.82999999999811,21353.809
20109.35,-91.81999999999971,21498.33
20109.36,-91.80999999999767,21401.973
20109.37,-91.79999999999927,21209.359
20109.38,-91.78999999999724,21401.973
20109.39,-91.77999999999884,21498.33
20109.4,-91.7699999999968,21498.33
20109.41,-91.7599999999984,21401.973
20109.42,-91.75,21594.717
20109.43,-91.73999999999796,21305.65
20109.44,-91.72999999999956,21450.146
20109.45,-91.71999999999753,21450.146
20109.46,-91.70999999999913,21498.33
20109.47,-91.69999999999709,21546.52
20109.48,-91.68999999999869,21353.809
20109.49,-91.67999999999665,21401.973
20109.5,-91.66999999999825,21209.359
20109.51,-91.65999999999985,21353.809
20109.52,-91.64999999999782,21401.973
20109.53,-91.63999999999942,21305.65
20109.54,-91.62999999999738,21401.973
20109.55,-91.61999999999898,21401.973
20109.56,-91.60999999999694,21498.33
20109.57,-91.59999999999854,21546.52
20109.58,-91.58999999999651,21498.33
20109.59,-91.57999999999811,21498.33
20109.6,-91.56999999999971,21594.717
20109.61,-91.55999999999767,21691.139
20109.62,-91.54999999999927,21498.33
20109.63,-91.53999999999724,21594.717
20109.64,-91.52999999999884,21642.924
20109.65,-91.5199999999968,21305.65
20109.66,-91.5099999999984,21353.809
20109.67,-91.5,21498.33
20109.68,-91.48999999999796,21594.717
20109.69,-91.47999999999956,21450.146
20109.7,-91.46999999999753,21401.973
20109.71,-91.45999999999913,21401.973
20109.72,-91.44999999999709,21450.146
20109.73,-91.43999999999869,21401.973
20109.74,-91.42999999999665,21498.33
20109.75,-91.41999999999825,21353.809
20109.76,-91.40999999999985,21498.33
20109.77,-91.39999999999782,21450.146
20109.78,-91.38999999999942,21546.52
20109.79,-91.37999999999738,21450.146
20109.8,-91.36999999999898,21353.809
20109.81,-91.35999999999694,21498.33
20109.82,-91.34999999999854,21594.717
20109.83,-91.33999999999651,21257.502
20109.84,-91.32999999999811,21401.973
20109.85,-91.31999999999971,21546.52
20109.86,-91.30999999999767,21498.33
20109.87,-91.29999999999927,21161.227
20109.88,-91.28999999999724,21305.65
20109.89,-91.27999999999884,21546.52
20109.9,-91.2699999999968,21546.52
20109.91,-91.2599999999984,21401.973
20109.92,-91.25,21209.359
20109.93,-91.23999999999796,21305.65
20109.94,-91.22999999999956,21498.33
20109.95,-91.21999999999753,21401.973
20109.96,-91.20999999999913,21161.227
20109.97,-91.19999999999709,21450.146
20109.98,-91.18999999999869,21401.973
20109.99,-91.17999999999665,21353.809
20110.0,-91.16999999999825,21450.146
20110.01,-91.15999999999985,21401.973
20110.02,-91.14999999999782,21498.33
20110.03,-91.13999999999942,21498.33
20110.04,-91.12999999999738,21450.146
20110.05,-91.11999999999898,21594.717
20110.06,-91.10999999999694,21450.146
20110.07,-91.09999999999854,21594.717
20110.08,-91.08999999999651,21498.33
20110.09,-91.07999999999811,21498.33
20110.1,-91.06999999999971,21498.33
20110.11,-91.05999999999767,21401.973
20110.12,-91.04999999999927,21594.717
20110.13,-91.03999999999724,21450.146
20110.14,-91.02999999999884,21498.33
20110.15,-91.0199999999968,21305.65
20110.16,-91.0099999999984,21546.52
20110.17,-91.0,21305.65
20110.18,-90.98999999999796,21594.717
20110.19,-90.97999999999956,21209.359
20110.2,-90.96999999999753,21305.65
20110.21,-90.95999999999913,21498.33
20110.22,-90.94999999999709,21305.65
20110.23,-90.93999999999869,21353.809
20110.24,-90.92999999999665,21209.359
20110.25,-90.91999999999825,21257.502
20110.26,-90.90999999999985,21257.502
20110.27,-90.89999999999782,21546.52
20110.28,-90.88999999999942,21353.809
20110.29,-90.87999999999738,21450.146
20110.3,-90.86999999999898,21450.146
20110.31,-90.85999999999694,21546.52
20110.32,-90.84999999999854,21546.52
20110.33,-90.83999999999651,21450.146
20110.34,-90.82999999999811,21353.809
20110.35,-90.81999999999971,21594.717
20110.36,-90.80999999999767,21594.717
20110.37,-90.79999999999927,21450.146
20110.38,-90.78999999999724,21546.52
20110.39,-90.77999999999884,21787.59
20110.4,-90.7699999999968,21691.139
20110.41,-90.7599999999984,21594.717
20110.42,-90.75,21450.146
20110.43,-90.73999999999796,21450.146
20110.44,-90.72999999999956,21594.717
20110.45,-90.71999999999753,21498.33
20110.46,-90.70999999999913,21401.973
20110.47,-90.69999999999709,21642.924
20110.48,-90.68999999999869,21594.717
20110.49,-90.67999999999665,21498.33
20110.5,-90.66999999999825,21450.146
20110.51,-90.65999999999985,21450.146
20110.52,-90.64999999999782,21594.717
20110.53,-90.63999999999942,21642.924
20110.54,-90.62999999999738,21257.502
20110.55,-90.61999999999898,21353.809
20110.56,-90.60999999999694,21594.717
20110.57,-90.59999999999854,21450.146
20110.58,-90.58999999999651,21305.65
20110.59,-90.57999999999811,21353.809
20110.6,-90.56999999999971,21450.146
20110.61,-90.55999999999767,21642.924
20110.62,-90.54999999999927,21305.65
20110.63,-90.53999999999724,21498.33
20110.64,-90.52999999999884,21594.717
20110.65,-90.5199999999968,21498.33
20110.66,-90.5099999999984,21450.146
20110.67,-90.5,21787.59
20110.68,-90.48999999999796,21546.52
20110.69,-90.47999999999956,21787.59
20110.7,-90.46999999999753,21546.52
20110.71,-90.45999999999913,21450.146
20110.72,-90.44999999999709,21498.33
20110.73,-90.43999999999869,21450.146
20110.74,-90.42999999999665,21401.973
20110.75,-90.41999999999825,21450.146
20110.76,-90.40999999999985,21401.973
20110.77,-90.39999999999782,21594.717
20110.78,-90.38999999999942,21401.973
20110.79,-90.37999999999738,21546.52
20110.8,-90.36999999999898,21498.33
20110.81,-90.35999999999694,21498.33
20110.82,-90.34999999999854,21546.52
20110.83,-90.33999999999651,21305.65
20110.84,-90.32999999999811,21642.924
20110.85,-90.31999999999971,21594.717
20110.86,-90.30999999999767,21642.924
20110.87,-90.29999999999927,21594.717
20110.88,-90.28999999999724,21594.717
20110.89,-90.27999999999884,21546.52
20110.9,-90.2699999999968,21450.146
20110.91,-90.2599999999984,21642.924
20110.92,-90.25,21594.717
20110.93,-90.23999999999796,21450.146
20110.94,-90.22999999999956,21209.359
20110.95,-90.21999999999753,21353.809
20110.96,-90.20999999999913,21498.33
20110.97,-90.19999999999709,21691.139
20110.98,-90.18999999999869,21401.973
20110.99,-90.17999999999665,21498.33
20111.0,-90.16999999999825,21498.33
20111.01,-90.15999999999985,21353.809
20111.02,-90.14999999999782,21594.717
20111.03,-90.13999999999942,21546.52
20111.04,-90.12999999999738,21642.924
20111.05,-90.11999999999898,21594.717
20111.06,-90.10999999999694,21739.359
20111.07,-90.09999999999854,21691.139
20111.08,-90.08999999999651,21546.52
20111.09,-90.07999999999811,21546.52
20111.1,-90.06999999999971,21594.717
20111.11,-90.05999999999767,21450.146
20111.12,-90.04999999999927,21450.146
20111.13,-90.03999999999724,21257.502
20111.14,-90.02999999999884,21691.139
20111.15,-90.0199999999968,21498.33
20111.16,-90.0099999999984,21498.33
20111.17,-90.0,21401.973
20111.18,-89.98999999999796,21642.924
20111.19,-89.97999999999956,21498.33
20111.2,-89.96999999999753,21353.809
20111.21,-89.95999999999913,21450.146
20111.22,-89.94999999999709,21353.809
20111.23,-89.93999999999869,21450.146
20111.24,-89.92999999999665,21642.924
20111.25,-89.91999999999825,21594.717
20111.26,-89.90999999999985,21401.973
20111.27,-89.89999999999782,21594.717
20111.28,-89.88999999999942,21450.146
20111.29,-89.87999999999738,21257.502
20111.3,-89.86999999999898,21498.33
20111.31,-89.85999999999694,21691.139
20111.32,-89.84999999999854,21787.59
20111.33,-89.83999999999651,21401.973
20111.34,-89.82999999999811,21401.973
20111.35,-89.81999999999971,21594.717
20111.36,-89.80999999999767,21353.809
20111.37,-89.79999999999927,21305.65
20111.38,-89.78999999999724,21401.973
20111.39,-89.77999999999884,21546.52
20111.4,-89.7699999999968,21594.717
20111.41,-89.7599999999984,21546.52
20111.42,-89.75,21401.973
20111.43,-89.73999999999796,21691.139
20111.44,-89.72999999999956,21546.52
20111.45,-89.71999999999753,21450.146
20111.46,-89.70999999999913,21450.146
20111.47,-89.69999999999709,21546.52
20111.48,-89.68999999999869,21642.924
20111.49,-89.67999999999665,21498.33
20111.5,-89.66999999999825,21450.146
20111.51,-89.65999999999985,21594.717
20111.52,-89.64999999999782,21546.52
20111.53,-89.63999999999942,21594.717
20111.54,-89.62999999999738,21401.973
20111.55,-89.61999999999898,21691.139
20111.56,-89.60999999999694,21546.52
20111.57,-89.59999999999854,21498.33
20111.58,-89.58999999999651,21498.33
20111.59,-89.57999999999811,21642.924
20111.6,-89.56999999999971,21305.65
20111.61,-89.55999999999767,21739.359
20111.62,-89.54999999999927,21257.502
20111.63,-89.53999999999724,21739.359
20111.64,-89.52999999999884,21594.717
20111.65,-89.5199999999968,21546.52
20111.66,-89.5099999999984,21594.717
20111.67,-89.5,21401.973
20111.68,-89.48999999999796,21498.33
20111.69,-89.47999999999956,21546.52
20111.7,-89.46999999999753,21161.227
20111.71,-89.45999999999913,21305.65
20111.72,-89.44999999999709,21642.924
20111.73,-89.43999999999869,21498.33
20111.74,-89.42999999999665,21498.33
20111.75,-89.41999999999825,21450.146
20111.76,-89.40999999999985,21353.809
20111.77,-89.39999999999782,21498.33
20111.78,-89.38999999999942,21353.809
20111.79,-89.37999999999738,21498.33
20111.8,-89.36999999999898,21594.717
20111.81,-89.35999999999694,21642.924
20111.82,-89.34999999999854,21450.146
20111.83,-89.33999999999651,21450.146
20111.84,-89.32999999999811,21450.146
20111.85,-89.31999999999971,21546.52
20111.86,-89.30999999999767,21691.139
20111.87,-89.29999999999927,21594.717
20111.88,-89.28999999999724,21642.924
20111.89,-89.27999999999884,21594.717
20111.9,-89.2699999999968,21546.52
20111.91,-89.2599999999984,21450.146
20111.92,-89.25,21401.973
20111.93,-89.23999999999796,21353.809
20111.94,-89.22999999999956,21450.146
20111.95,-89.21999999999753,21594.717
20111.96,-89.20999999999913,21642.924
20111.97,-89.19999999999709,21546.52
20111.98,-89.18999999999869,21546.52
20111.99,-89.17999999999665,21450.146
20112.0,-89.16999999999825,21594.717
20112.01,-89.15999999999985,21498.33
20112.02,-89.14999999999782,21305.65
20112.03,-89.13999999999942,21498.33
20112.04,-89.12999999999738,21594.717
20112.05,-89.11999999999898,21498.33
20112.06,-89.10999999999694,21594.717
20112.07,-89.09999999999854,21594.717
20112.08,-89.08999999999651,21353.809
20112.09,-89.07999999999811,21594.717
20112.1,-89.06999999999971,21498.33
20112.11,-89.05999999999767,21450.146
20112.12,-89.04999999999927,21450.146
20112.13,-89.03999999999724,21401.973
20112.14,-89.02999999999884,21546.52
20112.15,-89.0199999999968,21401.973
20112.16,-89.0099999999984,21498.33
20112.17,-89.0,21546.52
20112.18,-88.98999999999796,21498.33
20112.19,-88.97999999999956,21546.52
20112.2,-88.96999999999753,21450.146
20112.21,-88.95999999999913,21642.924
20112.22,-88.94999999999709,21739.359
20112.23,-88.93999999999869,21546.52
20112.24,-88.92999999999665,21353.809
20112.25,-88.91999999999825,21450.146
20112.26,-88.90999999999985,21594.717
20112.27,-88.89999999999782,21594.717
20112.28,-88.88999999999942,21594.717
20112.29,-88.87999999999738,21498.33
20112.3,-88.86999999999898,21498.33
20112.31,-88.85999999999694,21450.146
20112.32,-88.84999999999854,21353.809
20112.33,-88.83999999999651,21353.809
20112.34,-88.82999999999811,21691.139
20112.35,-88.81999999999971,21353.809
20112.36,-88.80999999999767,21642.924
20112.37,-88.79999999999927,21546.52
20112.38,-88.78999999999724,21546.52
20112.39,-88.77999999999884,21546.52
20112.4,-88.7699999999968,21353.809
20112.41,-88.7599999999984,21642.924
20112.42,-88.75,21594.717
20112.43,-88.73999999999796,21498.33
20112.44,-88.72999999999956,21642.924
20112.45,-88.71999999999753,21594.717
20112.46,-88.70999999999913,21353.809
20112.47,-88.69999999999709,21594.717
20112.48,-88.68999999999869,21642.924
20112.49,-88.67999999999665,21546.52
20112.5,-88.66999999999825,21353.809
20112.51,-88.65999999999985,21353.809
20112.52,-88.64999999999782,21546.52
20112.53,-88.63999999999942,21642.924
20112.54,-88.62999999999738,21353.809
20112.55,-88.61999999999898,21787.59
20112.56,-88.60999999999694,21787.59
20112.57,-88.59999999999854,21546.52
20112.58,-88.58999999999651,21498.33
20112.59,-88.57999999999811,21594.717
20112.6,-88.56999999999971,21450.146
20112.61,-88.55999999999767,21594.717
20112.62,-88.54999999999927,21498.33
20112.63,-88.53999999999724,21594.717
20112.64,-88.52999999999884,21594.717
20112.65,-88.5199999999968,21642.924
20112.66,-88.5099999999984,21353.809
20112.67,-88.5,21305.65
20112.68,-88.48999999999796,21642.924
20112.69,-88.47999999999956,21594.717
20112.7,-88.46999999999753,21546.52
20112.71,-88.45999999999913,21401.973
20112.72,-88.44999999999709,21450.146
20112.73,-88.43999999999869,21546.52
20112.74,-88.42999999999665,21401.973
20112.75,-88.41999999999825,21546.52
20112.76,-88.40999999999985,21642.924
20112.77,-88.39999999999782,21642.924
20112.78,-88.38999999999942,21594.717
20112.79,-88.37999999999738,21594.717
20112.8,-88.36999999999898,21546.52
20112.81,-88.35999999999694,21546.52
20112.82,-88.34999999999854,21450.146
20112.83,-88.33999999999651,21353.809
20112.84,-88.32999999999811,21594.717
20112.85,-88.31999999999971,21401.973
20112.86,-88.30999999999767,21884.076
20112.87,-88.29999999999927,21353.809
20112.88,-88.28999999999724,21594.717
20112.89,-88.27999999999884,21594.717
20112.9,-88.2699999999968,21450.146
20112.91,-88.2599999999984,21546.52
20112.92,-88.25,21450.146
20112.93,-88.23999999999796,21594.717
20112.94,-88.22999999999956,21498.33
20112.95,-88.21999999999753,21498.33
20112.96,-88.20999999999913,21594.717
20112.97,-88.19999999999709,21546.52
20112.98,-88.18999999999869,21546.52
20112.99,-88.17999999999665,21594.717
20113.0,-88.16999999999825,21594.717
20113.01,-88.15999999999985,21739.359
20113.02,-88.14999999999782,21787.59
20113.03,-88.13999999999942,21546.52
20113.04,-88.12999999999738,21594.717
20113.05,-88.11999999999898,21546.52
20113.06,-88.10999999999694,21739.359
20113.07,-88.09999999999854,21546.52
20113.08,-88.08999999999651,21450.146
20113.09,-88.07999999999811,21642.924
20113.1,-88.06999999999971,21594.717
20113.11,-88.05999999999767,21691.139
20113.12,-88.04999999999927,21450.146
20113.13,-88.03999999999724,21353.809
20113.14,-88.02999999999884,21546.52
20113.15,-88.0199999999968,21642.924
20113.16,-88.0099999999984,21401.973
20113.17,-88.0,21450.146
20113.18,-87.98999999999796,21450.146
20113.19,-87.97999999999956,21498.33
20113.2,-87.96999999999753,21401.973
20113.21,-87.95999999999913,21450.146
20113.22,-87.94999999999709,21450.146
20113.23,-87.93999999999869,21498.33
20113.24,-87.92999999999665,21546.52
20113.25,-87.91999999999825,21450.146
20113.26,-87.90999999999985,21498.33
20113.27,-87.89999999999782,21450.146
20113.28,-87.88999999999942,21450.146
20113.29,-87.87999999999738,21546.52
20113.3,-87.86999999999898,21594.717
20113.31,-87.85999999999694,21546.52
20113.32,-87.84999999999854,21546.52
20113.33,-87.83999999999651,21401.973
20113.34,-87.82999999999811,21498.33
20113.35,-87.81999999999971,21546.52
20113.36,-87.80999999999767,21498.33
20113.37,-87.79999999999927,21498.33
20113.38,-87.78999999999724,21546.52
20113.39,-87.77999999999884,21642.924
20113.4,-87.7699999999968,21498.33
20113.41,-87.7599999999984,21450.146
20113.42,-87.75,21498.33
20113.43,-87.73999999999796,21594.717
20113.44,-87.72999999999956,21353.809
20113.45,-87.71999999999753,21353.809
20113.46,-87.70999999999913,21450.146
20113.47,-87.69999999999709,21594.717
20113.48,-87.68999999999869,21739.359
20113.49,-87.67999999999665,21353.809
20113.5,-87.66999999999825,21257.502
20113.51,-87.65999999999985,21161.227
20113.52,-87.64999999999782,21594.717
20113.53,-87.63999999999942,21450.146
20113.54,-87.62999999999738,21353.809
20113.55,-87.61999999999898,21450.146
20113.56,-87.60999999999694,21450.146
20113.57,-87.59999999999854,21787.59
20113.58,-87.58999999999651,21642.924
20113.59,-87.57999999999811,21450.146
20113.6,-87.56999999999971,21498.33
20113.61,-87.55999999999767,21546.52
20113.62,-87.54999999999927,21594.717
20113.63,-87.53999999999724,21498.33
20113.64,-87.52999999999884,21498.33
20113.65,-87.5199999999968,21594.717
20113.66,-87.5099999999984,21594.717
20113.67,-87.5,21498.33
20113.68,-87.48999999999796,21546.52
20113.69,-87.47999999999956,21353.809
20113.7,-87.46999999999753,21450.146
20113.71,-87.45999999999913,21691.139
20113.72,-87.44999999999709,21401.973
20113.73,-87.43999999999869,21642.924
20113.74,-87.42999999999665,21353.809
20113.75,-87.41999999999825,21498.33
20113.76,-87.40999999999985,21450.146
20113.77,-87.39999999999782,21642.924
20113.78,-87.38999999999942,21594.717
20113.79,-87.37999999999738,21594.717
20113.8,-87.36999999999898,21642.924
20113.81,-87.35999999999694,21450.146
20113.82,-87.34999999999854,21498.33
20113.83,-87.33999999999651,21353.809
20113.84,-87.32999999999811,21594.717
20113.85,-87.31999999999971,21642.924
20113.86,-87.30999999999767,21594.717
20113.87,-87.29999999999927,21305.65
20113.88,-87.28999999999724,21401.973
20113.89,-87.27999999999884,21546.52
20113.9,-87.2699999999968,21401.973
20113.91,-87.2599999999984,21594.717
20113.92,-87.25,21450.146
20113.93,-87.23999999999796,21691.139
20113.94,-87.22999999999956,21450.146
20113.95,-87.21999999999753,21353.809
20113.96,-87.20999999999913,21401.973
20113.97,-87.19999999999709,21594.717
20113.98,-87.18999999999869,21353.809
20113.99,-87.17999999999665,21401.973
20114.0,-87.16999999999825,21450.146
20114.01,-87.15999999999985,21401.973
20114.02,-87.14999999999782,21642.924
20114.03,-87.13999999999942,21257.502
20114.04,-87.12999999999738,21257.502
20114.05,-87.11999999999898,21498.33
20114.06,-87.10999999999694,21546.52
20114.07,-87.09999999999854,21353.809
20114.08,-87.08999999999651,21594.717
20114.09,-87.07999999999811,21594.717
20114.1,-87.06999999999971,21642.924
20114.11,-87.05999999999767,21642.924
20114.12,-87.04999999999927,21305.65
20114.13,-87.03999999999724,21642.924
20114.14,-87.02999999999884,21739.359
20114.15,-87.0199999999968,21353.809
20114.16,-87.0099999999984,21450.146
20114.17,-87.0,21546.52
20114.18,-86.98999999999796,21691.139
20114.19,-86.97999999999956,21594.717
20114.2,-86.96999999999753,21787.59
20114.21,-86.95999999999913,21450.146
20114.22,-86.94999999999709,21498.33
20114.23,-86.93999999999869,21353.809
20114.24,-86.92999999999665,21450.146
20114.25,-86.91999999999825,21546.52
20114.26,-86.90999999999985,21401.973
20114.27,-86.89999999999782,21546.52
20114.28,-86.88999999999942,21401.973
20114.29,-86.87999999999738,21498.33
20114.3,-86.86999999999898,21353.809
20114.31,-86.85999999999694,21546.52
20114.32,-86.84999999999854,21546.52
20114.33,-86.83999999999651,21546.52
20114.34,-86.82999999999811,21546.52
20114.35,-86.81999999999971,21691.139
20114.36,-86.80999999999767,21353.809
20114.37,-86.79999999999927,21450.146
20114.38,-86.78999999999724,21450.146
20114.39,-86.77999999999884,21642.924
20114.4,-86.7699999999968,21450.146
20114.41,-86.7599999999984,21498.33
20114.42,-86.75,21642.924
20114.43,-86.73999999999796,21498.33
20114.44,-86.72999999999956,21594.717
20114.45,-86.71999999999753,21353.809
20114.46,-86.70999999999913,21498.33
20114.47,-86.69999999999709,21450.146
20114.48,-86.68999999999869,21642.924
20114.49,-86.67999999999665,21594.717
20114.5,-86.66999999999825,21594.717
20114.51,-86.65999999999985,21450.146
20114.52,-86.64999999999782,21594.717
20114.53,-86.63999999999942,21498.33
20114.54,-86.62999999999738,21161.227
20114.55,-86.61999999999898,21546.52
20114.56,-86.60999999999694,21691.139
20114.57,-86.59999999999854,21546.52
20114.58,-86.58999999999651,21594.717
20114.59,-86.57999999999811,21498.33
20114.6,-86.56999999999971,21594.717
20114.61,-86.55999999999767,21594.717
20114.62,-86.54999999999927,21498.33
20114.63,-86.53999999999724,21594.717
20114.64,-86.52999999999884,21884.076
20114.65,-86.5199999999968,21546.52
20114.66,-86.5099999999984,21450.146
20114.67,-86.5,21594.717
20114.68,-86.48999999999796,21642.924
20114.69,-86.47999999999956,21498.33
20114.7,-86.46999999999753,21401.973
20114.71,-86.45999999999913,21353.809
20114.72,-86.44999999999709,21546.52
20114.73,-86.43999999999869,21739.359
20114.74,-86.42999999999665,21546.52
20114.75,-86.41999999999825,21401.973
20114.76,-86.40999999999985,21450.146
20114.77,-86.39999999999782,21401.973
20114.78,-86.38999999999942,21594.717
20114.79,-86.37999999999738,21401.973
20114.8,-86.36999999999898,21450.146
20114.81,-86.35999999999694,21546.52
20114.82,-86.34999999999854,21787.59
20114.83,-86.33999999999651,21691.139
20114.84,-86.32999999999811,21450.146
20114.85,-86.31999999999971,21450.146
20114.86,-86.30999999999767,21450.146
20114.87,-86.29999999999927,21401.973
20114.88,-86.28999999999724,21401.973
20114.89,-86.27999999999884,21691.139
20114.9,-86.2699999999968,21498.33
20114.91,-86.2599999999984,21450.146
20114.92,-86.25,21594.717
20114.93,-86.23999999999796,21450.146
20114.94,-86.22999999999956,21642.924
20114.95,-86.21999999999753,21546.52
20114.96,-86.20999999999913,21498.33
20114.97,-86.19999999999709,21498.33
20114.98,-86.18999999999869,21450.146
20114.99,-86.17999999999665,21691.139
20115.0,-86.16999999999825,21642.924
20115.01,-86.15999999999985,21257.502
20115.02,-86.14999999999782,21498.33
20115.03,-86.13999999999942,21450.146
20115.04,-86.12999999999738,21642.924
20115.05,-86.11999999999898,21209.359
20115.06,-86.10999999999694,21401.973
20115.07,-86.09999999999854,21498.33
20115.08,-86.08999999999651,21450.146
20115.09,-86.07999999999811,21642.924
20115.1,-86.06999999999971,21546.52
20115.11,-86.05999999999767,21691.139
20115.12,-86.04999999999927,21546.52
20115.13,-86.03999999999724,21546.52
20115.14,-86.02999999999884,21546.52
20115.15,-86.0199999999968,21450.146
20115.16,-86.0099999999984,21450.146
20115.17,-86.0,21450.146
20115.18,-85.98999999999796,21546.52
20115.19,-85.97999999999956,21594.717
20115.2,-85.96999999999753,21401.973
20115.21,-85.95999999999913,21546.52
20115.22,-85.94999999999709,21546.52
20115.23,-85.93999999999869,21546.52
20115.24,-85.92999999999665,21450.146
20115.25,-85.91999999999825,21498.33
20115.26,-85.90999999999985,21401.973
20115.27,-85.89999999999782,21498.33
20115.28,-85.88999999999942,21594.717
20115.29,-85.87999999999738,21594.717
20115.3,-85.86999999999898,21642.924
20115.31,-85.85999999999694,21642.924
20115.32,-85.84999999999854,21450.146
20115.33,-85.83999999999651,21498.33
20115.34,-85.82999999999811,21546.52
20115.35,-85.81999999999971,21401.973
20115.36,-85.80999999999767,21546.52
20115.37,-85.79999999999927,21401.973
20115.38,-85.78999999999724,21498.33
20115.39,-85.77999999999884,21594.717
20115.4,-85.7699999999968,21498.33
20115.41,-85.7599999999984,21594.717
20115.42,-85.75,21691.139
20115.43,-85.73999999999796,21353.809
20115.44,-85.72999999999956,21739.359
20115.45,-85.71999999999753,21691.139
20115.46,-85.70999999999913,21691.139
20115.47,-85.69999999999709,21546.52
20115.48,-85.68999999999869,21691.139
20115.49,-85.67999999999665,21498.33
20115.5,-85.66999999999825,21498.33
20115.51,-85.65999999999985,21498.33
20115.52,-85.64999999999782,21546.52
20115.53,-85.63999999999942,21450.146
20115.54,-85.62999999999738,21305.65
20115.55,-85.61999999999898,21594.717
20115.56,-85.60999999999694,21401.973
20115.57,-85.59999999999854,21257.502
20115.58,-85.58999999999651,22463.672
20115.59,-85.57999999999811,23092.887
20115.6,-85.56999999999971,23723.475
20115.61,-85.55999999999767,23820.611
20115.62,-85.54999999999927,23917.777
20115.63,-85.53999999999724,23917.777
20115.64,-85.52999999999884,23966.375
20115.65,-85.5199999999968,23723.475
20115.66,-85.5099999999984,23723.475
20115.67,-85.5,23577.832
20115.68,-85.48999999999796,23626.373
20115.69,-85.47999999999956,23723.475
20115.7,-85.46999999999753,23772.039
20115.71,-85.45999999999913,23529.301
20115.72,-85.44999999999709,23577.832
20115.73,-85.43999999999869,23723.475
20115.74,-85.42999999999665,23723.475
20115.75,-85.41999999999825,23772.039
20115.76,-85.40999999999985,23723.475
20115.77,-85.39999999999782,23869.189
20115.78,-85.38999999999942,23626.373
20115.79,-85.37999999999738,23772.039
20115.8,-85.36999999999898,23917.777
20115.81,-85.35999999999694,23820.611
20115.82,-85.34999999999854,23626.373
20115.83,-85.33999999999651,23674.92
20115.84,-85.32999999999811,23674.92
20115.85,-85.31999999999971,23480.779
20115.86,-85.30999999999767,23626.373
20115.87,-85.29999999999927,23723.475
20115.88,-85.28999999999724,23529.301
20115.89,-85.27999999999884,23820.611
20115.9,-85.2699999999968,23674.92
20115.91,-85.2599999999984,23577.832
20115.92,-85.25,23723.475
20115.93,-85.23999999999796,23480.779
20115.94,-85.22999999999956,23820.611
20115.95,-85.21999999999753,23723.475
20115.96,-85.20999999999913,23772.039
20115.97,-85.19999999999709,23820.611
20115.98,-85.18999999999869,23723.475
20115.99,-85.17999999999665,23577.832
20116.0,-85.16999999999825,23577.832
20116.01,-85.15999999999985,23772.039
20116.02,-85.14999999999782,23577.832
20116.03,-85.13999999999942,23674.92
20116.04,-85.12999999999738,23772.039
20116.05,-85.11999999999898,23820.611
20116.06,-85.10999999999694,23577.832
20116.07,-85.09999999999854,23820.611
20116.08,-85.08999999999651,23383.758
20116.09,-85.07999999999811,23674.92
20116.1,-85.06999999999971,23674.92
20116.11,-85.05999999999767,23869.189
20116.12,-85.04999999999927,23772.039
20116.13,-85.03999999999724,23869.189
20116.14,-85.02999999999884,23917.777
20116.15,-85.0199999999968,23772.039
20116.16,-85.0099999999984,23674.92
20116.17,-85.0,23577.832
20116.18,-84.98999999999796,23626.373
20116.19,-84.97999999999956,23723.475
20116.2,-84.96999999999753,23577.832
20116.21,-84.95999999999913,23480.779
20116.22,-84.94999999999709,23626.373
20116.23,-84.93999999999869,23577.832
20116.24,-84.92999999999665,23820.611
20116.25,-84.91999999999825,23772.039
20116.26,-84.90999999999985,23674.92
20116.27,-84.89999999999782,23820.611
20116.28,-84.88999999999942,24014.979
20116.29,-84.87999999999738,23966.375
20116.3,-84.86999999999898,24063.592
20116.31,-84.85999999999694,23966.375
20116.32,-84.84999999999854,23820.611
20116.33,-84.83999999999651,23966.375
20116.34,-84.82999999999811,23529.301
20116.35,-84.81999999999971,23480.779
20116.36,-84.80999999999767,23626.373
20116.37,-84.79999999999927,23626.373
20116.38,-84.78999999999724,23529.301
20116.39,-84.77999999999884,23820.611
20116.4,-84.7699999999968,23723.475
20116.41,-84.7599999999984,23772.039
20116.42,-84.75,23917.777
20116.43,-84.73999999999796,24355.436
20116.44,-84.72999999999956,24842.494
20116.45,-84.71999999999753,24842.494
20116.46,-84.70999999999913,24940.002
20116.47,-84.69999999999709,24647.572
20116.48,-84.68999999999869,24842.494
20116.49,-84.67999999999665,24745.018
20116.5,-84.66999999999825,23723.475
20116.51,-84.65999999999985,22366.992
20116.52,-84.64999999999782,21739.359
20116.53,-84.63999999999942,21546.52
20116.54,-84.62999999999738,21450.146
20116.55,-84.61999999999898,21642.924
20116.56,-84.60999999999694,21642.924
20116.57,-84.59999999999854,21546.52
20116.58,-84.58999999999651,21787.59
20116.59,-84.57999999999811,21691.139
20116.6,-84.56999999999971,21594.717
20116.61,-84.55999999999767,21642.924
20116.62,-84.54999999999927,21691.139
20116.63,-84.53999999999724,21835.83
20116.64,-84.52999999999884,21691.139
20116.65,-84.5199999999968,21498.33
20116.66,-84.5099999999984,21353.809
20116.67,-84.5,21594.717
20116.68,-84.48999999999796,21594.717
20116.69,-84.47999999999956,21546.52
20116.7,-84.46999999999753,21642.924
20116.71,-84.45999999999913,21691.139
20116.72,-84.44999999999709,21594.717
20116.73,-84.43999999999869,21642.924
20116.74,-84.42999999999665,21498.33
20116.75,-84.41999999999825,21498.33
20116.76,-84.40999999999985,21691.139
20116.77,-84.39999999999782,21739.359
20116.78,-84.38999999999942,21546.52
20116.79,-84.37999999999738,21691.139
20116.8,-84.36999999999898,21546.52
20116.81,-84.35999999999694,21450.146
20116.82,-84.34999999999854,21546.52
20116.83,-84.33999999999651,21498.33
20116.84,-84.32999999999811,21642.924
20116.85,-84.31999999999971,21498.33
20116.86,-84.30999999999767,21691.139
20116.87,-84.29999999999927,21498.33
20116.88,-84.28999999999724,21401.973
20116.89,-84.27999999999884,21546.52
20116.9,-84.2699999999968,21401.973
20116.91,-84.2599999999984,21691.139
20116.92,-84.25,21642.924
20116.93,-84.23999999999796,21594.717
20116.94,-84.22999999999956,21835.83
20116.95,-84.21999999999753,21546.52
20116.96,-84.20999999999913,21594.717
20116.97,-84.19999999999709,21594.717
20116.98,-84.18999999999869,21594.717
20116.99,-84.17999999999665,21546.52
20117.0,-84.16999999999825,21401.973
20117.01,-84.15999999999985,21546.52
20117.02,-84.14999999999782,21642.924
20117.03,-84.13999999999942,21594.717
20117.04,-84.12999999999738,21546.52
20117.05,-84.11999999999898,21691.139
20117.06,-84.10999999999694,21594.717
20117.07,-84.09999999999854,21594.717
20117.08,-84.08999999999651,21450.146
20117.09,-84.07999999999811,21594.717
20117.1,-84.06999999999971,21739.359
20117.11,-84.05999999999767,21835.83
20117.12,-84.04999999999927,21450.146
20117.13,-84.03999999999724,21546.52
20117.14,-84.02999999999884,21691.139
20117.15,-84.0199999999968,21594.717
20117.16,-84.0099999999984,21739.359
20117.17,-84.0,21594.717
20117.18,-83.98999999999796,21594.717
20117.19,-83.97999999999956,21642.924
20117.2,-83.96999999999753,21594.717
20117.21,-83.95999999999913,21353.809
20117.22,-83.94999999999709,21739.359
20117.23,-83.93999999999869,21594.717
20117.24,-83.92999999999665,21594.717
20117.25,-83.91999999999825,21401.973
20117.26,-83.90999999999985,21546.52
20117.27,-83.89999999999782,21546.52
20117.28,-83.88999999999942,21546.52
20117.29,-83.87999999999738,21546.52
20117.3,-83.86999999999898,21546.52
20117.31,-83.85999999999694,21450.146
20117.32,-83.84999999999854,21642.924
20117.33,-83.83999999999651,21498.33
20117.34,-83.82999999999811,21401.973
20117.35,-83.81999999999971,21642.924
20117.36,-83.80999999999767,21642.924
20117.37,-83.79999999999927,21401.973
20117.38,-83.78999999999724,21498.33
20117.39,-83.77999999999884,21546.52
20117.4,-83.7699999999968,21594.717
20117.41,-83.7599999999984,21594.717
20117.42,-83.75,21642.924
20117.43,-83.73999999999796,21642.924
20117.44,-83.72999999999956,21739.359
20117.45,-83.71999999999753,21594.717
20117.46,-83.70999999999913,21546.52
20117.47,-83.69999999999709,21739.359
20117.48,-83.68999999999869,21594.717
20117.49,-83.67999999999665,21787.59
20117.5,-83.66999999999825,21498.33
20117.51,-83.65999999999985,21546.52
20117.52,-83.64999999999782,21594.717
20117.53,-83.63999999999942,21787.59
20117.54,-83.62999999999738,21642.924
20117.55,-83.61999999999898,21546.52
20117.56,-83.60999999999694,21498.33
20117.57,-83.59999999999854,21594.717
20117.58,-83.58999999999651,21450.146
20117.59,-83.57999999999811,21642.924
20117.6,-83.56999999999971,21546.52
20117.61,-83.55999999999767,21691.139
20117.62,-83.54999999999927,21642.924
20117.63,-83.53999999999724,21594.717
20117.64,-83.52999999999884,21642.924
20117.65,-83.5199999999968,21546.52
20117.66,-83.5099999999984,21594.717
20117.67,-83.5,21498.33
20117.68,-83.48999999999796,21546.52
20117.69,-83.47999999999956,21546.52
20117.7,-83.46999999999753,21594.717
20117.71,-83.45999999999913,21546.52
20117.72,-83.44999999999709,21642.924
20117.73,-83.43999999999869,21835.83
20117.74,-83.42999999999665,21787.59
20117.75,-83.41999999999825,21691.139
20117.76,-83.40999999999985,21546.52
20117.77,-83.39999999999782,21594.717
20117.78,-83.38999999999942,21835.83
20117.79,-83.37999999999738,21594.717
20117.8,-83.36999999999898,21594.717
20117.81,-83.35999999999694,21450.146
20117.82,-83.34999999999854,21691.139
20117.83,-83.33999999999651,21594.717
20117.84,-83.32999999999811,21546.52
20117.85,-83.31999999999971,21546.52
20117.86,-83.30999999999767,21642.924
20117.87,-83.29999999999927,21594.717
20117.88,-83.28999999999724,21594.717
20117.89,-83.27999999999884,21642.924
20117.9,-83.2699999999968,21546.52
20117.91,-83.2599999999984,21498.33
20117.92,-83.25,21642.924
20117.93,-83.23999999999796,21594.717
20117.94,-83.22999999999956,21401.973
20117.95,-83.21999999999753,21642.924
20117.96,-83.20999999999913,21546.52
20117.97,-83.19999999999709,21642.924
20117.98,-83.18999999999869,21498.33
20117.99,-83.17999999999665,21546.52
20118.0,-83.16999999999825,21498.33
20118.01,-83.15999999999985,21691.139
20118.02,-83.14999999999782,21642.924
20118.03,-83.13999999999942,21642.924
20118.04,-83.12999999999738,21642.924
20118.05,-83.11999999999898,21450.146
20118.06,-83.10999999999694,21450.146
20118.07,-83.09999999999854,21594.717
20118.08,-83.08999999999651,21498.33
20118.09,-83.07999999999811,21739.359
20118.1,-83.06999999999971,21546.52
20118.11,-83.05999999999767,21594.717
20118.12,-83.04999999999927,21401.973
20118.13,-83.03999999999724,21546.52
20118.14,-83.02999999999884,21642.924
20118.15,-83.0199999999968,21691.139
20118.16,-83.0099999999984,21642.924
20118.17,-83.0,21594.717
20118.18,-82.98999999999796,21642.924
20118.19,-82.97999999999956,21546.52
20118.2,-82.96999999999753,21498.33
20118.21,-82.95999999999913,21401.973
20118.22,-82.94999999999709,21691.139
20118.23,-82.93999999999869,21450.146
20118.24,-82.92999999999665,21642.924
20118.25,-82.91999999999825,21498.33
20118.26,-82.90999999999985,21498.33
20118.27,-82.89999999999782,21739.359
20118.28,-82.88999999999942,21642.924
20118.29,-82.87999999999738,21594.717
20118.3,-82.86999999999898,21594.717
20118.31,-82.85999999999694,21305.65
20118.32,-82.84999999999854,21594.717
20118.33,-82.83999999999651,21546.52
20118.34,-82.82999999999811,21498.33
20118.35,-82.81999999999971,21642.924
20118.36,-82.80999999999767,21594.717
20118.37,-82.79999999999927,21450.146
20118.38,-82.78999999999724,21594.717
20118.39,-82.77999999999884,21787.59
20118.4,-82.7699999999968,21546.52
20118.41,-82.7599999999984,21642.924
20118.42,-82.75,21642.924
20118.43,-82.73999999999796,21739.359
20118.44,-82.72999999999956,21642.924
20118.45,-82.71999999999753,21498.33
20118.46,-82.70999999999913,21787.59
20118.47,-82.69999999999709,21546.52
20118.48,-82.68999999999869,21691.139
20118.49,-82.67999999999665,21642.924
20118.5,-82.66999999999825,21450.146
20118.51,-82.65999999999985,21498.33
20118.52,-82.64999999999782,21642.924
20118.53,-82.63999999999942,21450.146
20118.54,-82.62999999999738,21594.717
20118.55,-82.61999999999898,21594.717
20118.56,-82.60999999999694,21498.33
20118.57,-82.59999999999854,21642.924
20118.58,-82.58999999999651,21498.33
20118.59,-82.57999999999811,21594.717
20118.6,-82.56999999999971,21450.146
20118.61,-82.55999999999767,21642.924
20118.62,-82.54999999999927,21498.33
20118.63,-82.53999999999724,21691.139
20118.64,-82.52999999999884,21739.359
20118.65,-82.5199999999968,21739.359
20118.66,-82.5099999999984,21691.139
20118.67,-82.5,21546.52
20118.68,-82.48999999999796,21401.973
20118.69,-82.47999999999956,21546.52
20118.7,-82.46999999999753,21450.146
20118.71,-82.45999999999913,21546.52
20118.72,-82.44999999999709,21594.717
20118.73,-82.43999999999869,21498.33
20118.74,-82.42999999999665,21691.139
20118.75,-82.41999999999825,21353.809
20118.76,-82.40999999999985,21594.717
20118.77,-82.39999999999782,21594.717
20118.78,-82.38999999999942,21594.717
20118.79,-82.37999999999738,21594.717
20118.8,-82.36999999999898,21546.52
20118.81,-82.35999999999694,21594.717
20118.82,-82.34999999999854,21691.139
20118.83,-82.33999999999651,21691.139
20118.84,-82.32999999999811,21546.52
20118.85,-82.31999999999971,21498.33
20118.86,-82.30999999999767,21546.52
20118.87,-82.29999999999927,21642.924
20118.88,-82.28999999999724,21498.33
20118.89,-82.27999999999884,21642.924
20118.9,-82.2699999999968,21594.717
20118.91,-82.2599999999984,21353.809
20118.92,-82.25,21594.717
20118.93,-82.23999999999796,21546.52
20118.94,-82.22999999999956,21450.146
20118.95,-82.21999999999753,21450.146
20118.96,-82.20999999999913,21642.924
20118.97,-82.19999999999709,21594.717
20118.98,-82.18999999999869,21546.52
20118.99,-82.17999999999665,21594.717
20119.0,-82.16999999999825,21546.52
20119.01,-82.15999999999985,21594.717
20119.02,-82.14999999999782,21594.717
20119.03,-82.13999999999942,21691.139
20119.04,-82.12999999999738,21546.52
20119.05,-82.11999999999898,21594.717
20119.06,-82.10999999999694,21546.52
20119.07,-82.09999999999854,21739.359
20119.08,-82.08999999999651,21642.924
20119.09,-82.07999999999811,21739.359
20119.1,-82.06999999999971,21594.717
20119.11,-82.05999999999767,21546.52
20119.12,-82.04999999999927,21498.33
20119.13,-82.03999999999724,21546.52
20119.14,-82.02999999999884,21642.924
20119.15,-82.0199999999968,21691.139
20119.16,-82.0099999999984,21498.33
20119.17,-82.0,21450.146
20119.18,-81.98999999999796,21450.146
20119.19,-81.97999999999956,21305.65
20119.2,-81.96999999999753,21450.146
20119.21,-81.95999999999913,21401.973
20119.22,-81.94999999999709,21401.973
20119.23,-81.93999999999869,21642.924
20119.24,-81.92999999999665,21450.146
20119.25,-81.91999999999825,21642.924
20119.26,-81.90999999999985,21642.924
20119.27,-81.89999999999782,21498.33
20119.28,-81.88999999999942,21450.146
20119.29,-81.87999999999738,21450.146
20119.3,-81.86999999999898,21498.33
20119.31,-81.85999999999694,21546.52
20119.32,-81.84999999999854,21546.52
20119.33,-81.83999999999651,21401.973
20119.34,-81.82999999999811,21642.924
20119.35,-81.81999999999971,21594.717
20119.36,-81.80999999999767,21594.717
20119.37,-81.79999999999927,21546.52
20119.38,-81.78999999999724,21450.146
20119.39,-81.77999999999884,21691.139
20119.4,-81.7699999999968,21642.924
20119.41,-81.7599999999984,21498.33
20119.42,-81.75,21498.33
20119.43,-81.73999999999796,21642.924
20119.44,-81.72999999999956,21498.33
20119.45,-81.71999999999753,21353.809
20119.46,-81.70999999999913,21498.33
20119.47,-81.69999999999709,21739.359
20119.48,-81.68999999999869,21642.924
20119.49,-81.67999999999665,21498.33
20119.5,-81.66999999999825,21353.809
20119.51,-81.65999999999985,21787.59
20119.52,-81.64999999999782,21498.33
20119.53,-81.63999999999942,21546.52
20119.54,-81.62999999999738,21594.717
20119.55,-81.61999999999898,21450.146
20119.56,-81.60999999999694,21691.139
20119.57,-81.59999999999854,21787.59
20119.58,-81.58999999999651,21546.52
20119.59,-81.57999999999811,21691.139
20119.6,-81.56999999999971,21498.33
20119.61,-81.55999999999767,21691.139
20119.62,-81.54999999999927,21691.139
20119.63,-81.53999999999724,21546.52
20119.64,-81.52999999999884,21691.139
20119.65,-81.5199999999968,21546.52
20119.66,-81.5099999999984,21546.52
20119.67,-81.5,21546.52
20119.68,-81.48999999999796,21642.924
20119.69,-81.47999999999956,21353.809
20119.7,-81.46999999999753,21498.33
20119.71,-81.45999999999913,21353.809
20119.72,-81.44999999999709,21691.139
20119.73,-81.43999999999869,21594.717
20119.74,-81.42999999999665,21401.973
20119.75,-81.41999999999825,21498.33
20119.76,-81.40999999999985,21546.52
20119.77,-81.39999999999782,21787.59
20119.78,-81.38999999999942,21787.59
20119.79,-81.37999999999738,21594.717
20119.8,-81.36999999999898,21642.924
20119.81,-81.35999999999694,21401.973
20119.82,-81.34999999999854,21691.139
20119.83,-81.33999999999651,21594.717
20119.84,-81.32999999999811,21594.717
20119.85,-81.31999999999971,21594.717
20119.86,-81.30999999999767,21691.139
20119.87,-81.29999999999927,21546.52
20119.88,-81.28999999999724,21594.717
20119.89,-81.27999999999884,21546.52
20119.9,-81.2699999999968,21691.139
20119.91,-81.2599999999984,21739.359
20119.92,-81.25,21594.717
20119.93,-81.23999999999796,21546.52
20119.94,-81.22999999999956,21546.52
20119.95,-81.21999999999753,21546.52
20119.96,-81.20999999999913,21498.33
20119.97,-81.19999999999709,21498.33
20119.98,-81.18999999999869,21353.809
20119.99,-81.17999999999665,21546.52
20120.0,-81.16999999999825,21691.139
20120.01,-81.15999999999985,21546.52
20120.02,-81.14999999999782,21642.924
20120.03,-81.13999999999942,21450.146
20120.04,-81.12999999999738,21594.717
20120.05,-81.11999999999898,21594.717
20120.06,-81.10999999999694,21498.33
20120.07,-81.09999999999854,21642.924
20120.08,-81.08999999999651,21546.52
20120.09,-81.07999999999811,21642.924
20120.1,-81.06999999999971,21835.83
20120.11,-81.05999999999767,21642.924
20120.12,-81.04999999999927,21498.33
20120.13,-81.03999999999724,21594.717
20120.14,-81.02999999999884,21739.359
20120.15,-81.0199999999968,21546.52
20120.16,-81.0099999999984,21353.809
20120.17,-81.0,21498.33
20120.18,-80.98999999999796,21546.52
20120.19,-80.97999999999956,21546.52
20120.2,-80.96999999999753,21450.146
20120.21,-80.95999999999913,21642.924
20120.22,-80.94999999999709,21691.139
20120.23,-80.93999999999869,21450.146
20120.24,-80.92999999999665,21691.139
20120.25,-80.91999999999825,21546.52
20120.26,-80.90999999999985,21546.52
20120.27,-80.89999999999782,21546.52
20120.28,-80.88999999999942,21353.809
20120.29,-80.87999999999738,21353.809
20120.3,-80.86999999999898,21642.924
20120.31,-80.85999999999694,21691.139
20120.32,-80.84999999999854,21353.809
20120.33,-80.83999999999651,21498.33
20120.34,-80.82999999999811,21787.59
20120.35,-80.81999999999971,21546.52
20120.36,-80.80999999999767,21401.973
20120.37,-80.79999999999927,21401.973
20120.38,-80.78999999999724,21498.33
20120.39,-80.77999999999884,21594.717
20120.4,-80.7699999999968,21546.52
20120.41,-80.7599999999984,21691.139
20120.42,-80.75,21691.139
20120.43,-80.73999999999796,21498.33
20120.44,-80.72999999999956,21594.717
20120.45,-80.71999999999753,21546.52
20120.46,-80.70999999999913,21594.717
20120.47,-80.69999999999709,21401.973
20120.48,-80.68999999999869,21594.717
20120.49,-80.67999999999665,21594.717
20120.5,-80.66999999999825,21594.717
20120.51,-80.65999999999985,21594.717
20120.52,-80.64999999999782,21498.33
20120.53,-80.63999999999942,21594.717
20120.54,-80.62999999999738,21594.717
20120.55,-80.61999999999898,21642.924
20120.56,-80.60999999999694,21594.717
20120.57,-80.59999999999854,21884.076
20120.58,-80.58999999999651,21450.146
20120.59,-80.57999999999811,21498.33
20120.6,-80.56999999999971,21594.717
20120.61,-80.55999999999767,21691.139
20120.62,-80.54999999999927,21739.359
20120.63,-80.53999999999724,21594.717
20120.64,-80.52999999999884,21594.717
20120.65,-80.5199999999968,21594.717
20120.66,-80.5099999999984,21498.33
20120.67,-80.5,21642.924
20120.68,-80.48999999999796,21739.359
20120.69,-80.47999999999956,21546.52
20120.7,-80.46999999999753,21450.146
20120.71,-80.45999999999913,21450.146
20120.72,-80.44999999999709,21642.924
20120.73,-80.43999999999869,21353.809
20120.74,-80.42999999999665,21401.973
20120.75,-80.41999999999825,21353.809
20120.76,-80.40999999999985,21594.717
20120.77,-80.39999999999782,21642.924
20120.78,-80.38999999999942,21739.359
20120.79,-80.37999999999738,21642.924
20120.8,-80.36999999999898,21401.973
20120.81,-80.35999999999694,21498.33
20120.82,-80.34999999999854,21546.52
20120.83,-80.33999999999651,21498.33
20120.84,-80.32999999999811,21594.717
20120.85,-80.31999999999971,21353.809
20120.86,-80.30999999999767,21594.717
20120.87,-80.29999999999927,21787.59
20120.88,-80.28999999999724,21546.52
20120.89,-80.27999999999884,21498.33
20120.9,-80.2699999999968,21594.717
20120.91,-80.2599999999984,21594.717
20120.92,-80.25,21546.52
20120.93,-80.23999999999796,21450.146
20120.94,-80.22999999999956,21450.146
20120.95,-80.21999999999753,21594.717
20120.96,-80.20999999999913,21401.973
20120.97,-80.19999999999709,21450.146
20120.98,-80.18999999999869,21594.717
20120.99,-80.17999999999665,21546.52
20121.0,-80.16999999999825,21594.717
20121.01,-80.15999999999985,21450.146
20121.02,-80.14999999999782,21498.33
20121.03,-80.13999999999942,21450.146
20121.04,-80.12999999999738,21739.359
20121.05,-80.11999999999898,21546.52
20121.06,-80.10999999999694,21642.924
20121.07,-80.09999999999854,21546.52
20121.08,-80.08999999999651,21642.924
20121.09,-80.07999999999811,21739.359
20121.1,-80.06999999999971,21594.717
20121.11,-80.05999999999767,21546.52
20121.12,-80.04999999999927,21353.809
20121.13,-80.03999999999724,21498.33
20121.14,-80.02999999999884,21642.924
20121.15,-80.0199999999968,21739.359
20121.16,-80.0099999999984,21546.52
20121.17,-80.0,21498.33
20121.18,-79.98999999999796,21546.52
20121.19,-79.97999999999956,21594.717
20121.2,-79.96999999999753,21787.59
20121.21,-79.95999999999913,21353.809
20121.22,-79.94999999999709,21787.59
20121.23,-79.93999999999869,21594.717
20121.24,-79.92999999999665,21835.83
20121.25,-79.91999999999825,21691.139
20121.26,-79.90999999999985,21353.809
20121.27,-79.89999999999782,21546.52
20121.28,-79.88999999999942,21594.717
20121.29,-79.87999999999738,21546.52
20121.3,-79.86999999999898,21594.717
20121.31,-79.85999999999694,21594.717
20121.32,-79.84999999999854,21642.924
20121.33,-79.83999999999651,21642.924
20121.34,-79.82999999999811,21691.139
20121.35,-79.81999999999971,21450.146
20121.36,-79.80999999999767,21498.33
20121.37,-79.79999999999927,21450.146
20121.38,-79.78999999999724,21401.973
20121.39,-79.77999999999884,21642.924
20121.4,-79.7699999999968,21787.59
20121.41,-79.7599999999984,21691.139
20121.42,-79.75,21450.146
20121.43,-79.73999999999796,21498.33
20121.44,-79.72999999999956,21691.139
20121.45,-79.71999999999753,21546.52
20121.46,-79.70999999999913,21691.139
20121.47,-79.69999999999709,21691.139
20121.48,-79.68999999999869,21594.717
20121.49,-79.67999999999665,21450.146
20121.5,-79.66999999999825,21401.973
20121.51,-79.65999999999985,21546.52
20121.52,-79.64999999999782,21787.59
20121.53,-79.63999999999942,21642.924
20121.54,-79.62999999999738,21546.52
20121.55,-79.61999999999898,21546.52
20121.56,-79.60999999999694,21546.52
20121.57,-79.59999999999854,21691.139
20121.58,-79.58999999999651,21594.717
20121.59,-79.57999999999811,21546.52
20121.6,-79.56999999999971,21594.717
20121.61,-79.55999999999767,21546.52
20121.62,-79.54999999999927,21642.924
20121.63,-79.53999999999724,21739.359
20121.64,-79.52999999999884,21691.139
20121.65,-79.5199999999968,21642.924
20121.66,-79.5099999999984,21594.717
20121.67,-79.5,21594.717
20121.68,-79.48999999999796,21594.717
20121.69,-79.47999999999956,21546.52
20121.7,-79.46999999999753,21594.717
20121.71,-79.45999999999913,21691.139
20121.72,-79.44999999999709,21594.717
20121.73,-79.43999999999869,21546.52
20121.74,-79.42999999999665,21546.52
20121.75,-79.41999999999825,21450.146
20121.76,-79.40999999999985,21498.33
20121.77,-79.39999999999782,21642.924
20121.78,-79.38999999999942,21594.717
20121.79,-79.37999999999738,21546.52
20121.8,-79.36999999999898,21498.33
20121.81,-79.35999999999694,21594.717
20121.82,-79.34999999999854,21546.52
20121.83,-79.33999999999651,21594.717
20121.84,-79.32999999999811,21594.717
20121.85,-79.31999999999971,21594.717
20121.86,-79.30999999999767,21594.717
20121.87,-79.29999999999927,21257.502
20121.88,-79.28999999999724,21642.924
20121.89,-79.27999999999884,21691.139
20121.9,-79.2699999999968,21450.146
20121.91,-79.2599999999984,21498.33
20121.92,-79.25,21546.52
20121.93,-79.23999999999796,21739.359
20121.94,-79.22999999999956,21594.717
20121.95,-79.21999999999753,21401.973
20121.96,-79.20999999999913,21642.924
20121.97,-79.19999999999709,21498.33
20121.98,-79.18999999999869,21691.139
20121.99,-79.17999999999665,21546.52
20122.0,-79.16999999999825,21498.33
20122.01,-79.15999999999985,21546.52
20122.02,-79.14999999999782,21594.717
20122.03,-79.13999999999942,21691.139
20122.04,-79.12999999999738,21787.59
20122.05,-79.11999999999898,21546.52
20122.06,-79.10999999999694,21594.717
20122.07,-79.09999999999854,21642.924
20122.08,-79.08999999999651,21642.924
20122.09,-79.07999999999811,21594.717
20122.1,-79.06999999999971,21546.52
20122.11,-79.05999999999767,21642.924
20122.12,-79.04999999999927,21498.33
20122.13,-79.03999999999724,21401.973
20122.14,-79.02999999999884,21546.52
20122.15,-79.0199999999968,21642.924
20122.16,-79.0099999999984,21642.924
20122.17,-79.0,21691.139
20122.18,-78.98999999999796,21642.924
20122.19,-78.97999999999956,21498.33
20122.2,-78.96999999999753,21498.33
20122.21,-78.95999999999913,21353.809
20122.22,-78.94999999999709,21546.52
20122.23,-78.93999999999869,21546.52
20122.24,-78.92999999999665,21594.717
20122.25,-78.91999999999825,21498.33
20122.26,-78.90999999999985,21642.924
20122.27,-78.89999999999782,21594.717
20122.28,-78.88999999999942,21498.33
20122.29,-78.87999999999738,21691.139
20122.3,-78.86999999999898,21546.52
20122.31,-78.85999999999694,21691.139
20122.32,-78.84999999999854,21691.139
20122.33,-78.83999999999651,21594.717
20122.34,-78.82999999999811,21691.139
20122.35,-78.81999999999971,21546.52
20122.36,-78.80999999999767,21594.717
20122.37,-78.79999999999927,21691.139
20122.38,-78.78999999999724,21594.717
20122.39,-78.77999999999884,21594.717
20122.4,-78.7699999999968,21642.924
20122.41,-78.7599999999984,21594.717
20122.42,-78.75,21691.139
20122.43,-78.73999999999796,21353.809
20122.44,-78.72999999999956,21691.139
20122.45,-78.71999999999753,21546.52
20122.46,-78.70999999999913,21691.139
20122.47,-78.69999999999709,21642.924
20122.48,-78.68999999999869,21787.59
20122.49,-78.67999999999665,21642.924
20122.5,-78.66999999999825,21884.076
20122.51,-78.65999999999985,21594.717
20122.52,-78.64999999999782,21691.139
20122.53,-78.63999999999942,21546.52
20122.54,-78.62999999999738,21498.33
20122.55,-78.61999999999898,21691.139
20122.56,-78.60999999999694,21691.139
20122.57,-78.59999999999854,21594.717
20122.58,-78.58999999999651,21739.359
20122.59,-78.57999999999811,21498.33
20122.6,-78.56999999999971,21739.359
20122.61,-78.55999999999767,21787.59
20122.62,-78.54999999999927,21498.33
20122.63,-78.53999999999724,21498.33
20122.64,-78.52999999999884,21642.924
20122.65,-78.5199999999968,21691.139
20122.66,-78.5099999999984,21594.717
20122.67,-78.5,21642.924
20122.68,-78.48999999999796,21787.59
20122.69,-78.47999999999956,21642.924
20122.7,-78.46999999999753,21594.717
20122.71,-78.45999999999913,21546.52
20122.72,-78.44999999999709,21642.924
20122.73,-78.43999999999869,21594.717
20122.74,-78.42999999999665,21450.146
20122.75,-78.41999999999825,21594.717
20122.76,-78.40999999999985,21642.924
20122.77,-78.39999999999782,21642.924
20122.78,-78.38999999999942,21546.52
20122.79,-78.37999999999738,21546.52
20122.8,-78.36999999999898,21498.33
20122.81,-78.35999999999694,21498.33
20122.82,-78.34999999999854,21642.924
20122.83,-78.33999999999651,21353.809
20122.84,-78.32999999999811,21787.59
20122.85,-78.31999999999971,21787.59
20122.86,-78.30999999999767,21594.717
20122.87,-78.29999999999927,21353.809
20122.88,-78.28999999999724,21642.924
20122.89,-78.27999999999884,21739.359
20122.9,-78.2699999999968,21546.52
20122.91,-78.2599999999984,21691.139
20122.92,-78.25,21691.139
20122.93,-78.23999999999796,21546.52
20122.94,-78.22999999999956,21594.717
20122.95,-78.21999999999753,21450.146
20122.96,-78.20999999999913,21498.33
20122.97,-78.19999999999709,21739.359
20122.98,-78.18999999999869,21691.139
20122.99,-78.17999999999665,21498.33
20123.0,-78.16999999999825,21546.52
20123.01,-78.15999999999985,21691.139
20123.02,-78.14999999999782,21739.359
20123.03,-78.13999999999942,21450.146
20123.04,-78.12999999999738,21498.33
20123.05,-78.11999999999898,21594.717
20123.06,-78.10999999999694,21642.924
20123.07,-78.09999999999854,21691.139
20123.08,-78.08999999999651,21498.33
20123.09,-78.07999999999811,21594.717
20123.1,-78.06999999999971,21594.717
20123.11,-78.05999999999767,21546.52
20123.12,-78.04999999999927,21594.717
20123.13,-78.03999999999724,21642.924
20123.14,-78.02999999999884,21642.924
20123.15,-78.0199999999968,21594.717
20123.16,-78.0099999999984,21642.924
20123.17,-78.0,21546.52
20123.18,-77.98999999999796,21450.146
20123.19,-77.97999999999956,21835.83
20123.2,-77.96999999999753,21691.139
20123.21,-77.95999999999913,21594.717
20123.22,-77.94999999999709,21739.359
20123.23,-77.93999999999869,21546.52
20123.24,-77.92999999999665,21594.717
20123.25,-77.91999999999825,21353.809
20123.26,-77.90999999999985,21642.924
20123.27,-77.89999999999782,21450.146
20123.28,-77.88999999999942,21498.33
20123.29,-77.87999999999738,21594.717
20123.3,-77.86999999999898,21546.52
20123.31,-77.85999999999694,21739.359
20123.32,-77.84999999999854,21642.924
20123.33,-77.83999999999651,21594.717
20123.34,-77.82999999999811,21450.146
20123.35,-77.81999999999971,21450.146
20123.36,-77.80999999999767,21450.146
20123.37,-77.79999999999927,21546.52
20123.38,-77.78999999999724,21546.52
20123.39,-77.77999999999884,21691.139
20123.4,-77.7699999999968,21691.139
20123.41,-77.7599999999984,21450.146
20123.42,-77.75,21642.924
20123.43,-77.73999999999796,21450.146
20123.44,-77.72999999999956,21401.973
20123.45,-77.71999999999753,21642.924
20123.46,-77.70999999999913,21642.924
20123.47,-77.69999999999709,21739.359
20123.48,-77.68999999999869,21642.924
20123.49,-77.67999999999665,21498.33
20123.5,-77.66999999999825,21594.717
20123.51,-77.65999999999985,21546.52
20123.52,-77.64999999999782,21739.359
20123.53,-77.63999999999942,21546.52
20123.54,-77.62999999999738,21546.52
20123.55,-77.61999999999898,21594.717
20123.56,-77.60999999999694,21594.717
20123.57,-77.59999999999854,21498.33
20123.58,-77.58999999999651,21546.52
20123.59,-77.57999999999811,21498.33
20123.6,-77.56999999999971,21787.59
20123.61,-77.55999999999767,21787.59
20123.62,-77.54999999999927,21594.717
20123.63,-77.53999999999724,21546.52
20123.64,-77.52999999999884,21787.59
20123.65,-77.5199999999968,21594.717
20123.66,-77.5099999999984,21594.717
20123.67,-77.5,21546.52
20123.68,-77.48999999999796,21787.59
20123.69,-77.47999999999956,21739.359
20123.7,-77.46999999999753,21546.52
20123.71,-77.45999999999913,21498.33
20123.72,-77.44999999999709,21642.924
20123.73,-77.43999999999869,21739.359
20123.74,-77.42999999999665,21594.717
20123.75,-77.41999999999825,21594.717
20123.76,-77.40999999999985,21594.717
20123.77,-77.39999999999782,21594.717
20123.78,-77.38999999999942,21642.924
20123.79,-77.37999999999738,21450.146
20123.8,-77.36999999999898,21642.924
20123.81,-77.35999999999694,21642.924
20123.82,-77.34999999999854,21642.924
20123.83,-77.33999999999651,21450.146
20123.84,-77.32999999999811,21739.359
20123.85,-77.31999999999971,21546.52
20123.86,-77.30999999999767,21498.33
20123.87,-77.29999999999927,21594.717
20123.88,-77.28999999999724,21546.52
20123.89,-77.27999999999884,21787.59
20123.9,-77.2699999999968,21642.924
20123.91,-77.2599999999984,21691.139
20123.92,-77.25,21594.717
20123.93,-77.23999999999796,21642.924
20123.94,-77.22999999999956,21884.076
20123.95,-77.21999999999753,21546.52
20123.96,-77.20999999999913,21546.52
20123.97,-77.19999999999709,21594.717
20123.98,-77.18999999999869,21691.139
20123.99,-77.17999999999665,21546.52
20124.0,-77.16999999999825,21546.52
20124.01,-77.15999999999985,21594.717
20124.02,-77.14999999999782,21594.717
20124.03,-77.13999999999942,21546.52
20124.04,-77.12999999999738,21594.717
20124.05,-77.11999999999898,21546.52
20124.06,-77.10999999999694,21594.717
20124.07,-77.09999999999854,21787.59
20124.08,-77.08999999999651,21450.146
20124.09,-77.07999999999811,21642.924
20124.1,-77.06999999999971,21642.924
20124.11,-77.05999999999767,21546.52
20124.12,-77.04999999999927,21594.717
20124.13,-77.03999999999724,21787.59
20124.14,-77.02999999999884,21642.924
20124.15,-77.0199999999968,21932.332
20124.16,-77.0099999999984,21594.717
20124.17,-77.0,21739.359
20124.18,-76.98999999999796,21739.359
20124.19,-76.97999999999956,21546.52
20124.2,-76.96999999999753,21450.146
20124.21,-76.95999999999913,21594.717
20124.22,-76.94999999999709,21787.59
20124.23,-76.93999999999869,21594.717
20124.24,-76.92999999999665,21498.33
20124.25,-76.91999999999825,21594.717
20124.26,-76.90999999999985,21546.52
20124.27,-76.89999999999782,21691.139
20124.28,-76.88999999999942,21691.139
20124.29,-76.87999999999738,21401.973
20124.3,-76.86999999999898,21594.717
20124.31,-76.85999999999694,21498.33
20124.32,-76.84999999999854,21787.59
20124.33,-76.83999999999651,21546.52
20124.34,-76.82999999999811,21739.359
20124.35,-76.81999999999971,21546.52
20124.36,-76.80999999999767,21546.52
20124.37,-76.79999999999927,21498.33
20124.38,-76.78999999999724,21691.139
20124.39,-76.77999999999884,21691.139
20124.4,-76.7699999999968,21787.59
20124.41,-76.7599999999984,21546.52
20124.42,-76.75,21642.924
20124.43,-76.73999999999796,21594.717
20124.44,-76.72999999999956,21691.139
20124.45,-76.71999999999753,21594.717
20124.46,-76.70999999999913,21546.52
20124.47,-76.69999999999709,21594.717
20124.48,-76.68999999999869,21498.33
20124.49,-76.67999999999665,21594.717
20124.5,-76.66999999999825,21546.52
20124.51,-76.65999999999985,21594.717
20124.52,-76.64999999999782,21739.359
20124.53,-76.63999999999942,21594.717
20124.54,-76.62999999999738,21594.717
20124.55,-76.61999999999898,21739.359
20124.56,-76.60999999999694,21691.139
20124.57,-76.59999999999854,21594.717
20124.58,-76.58999999999651,21642.924
20124.59,-76.57999999999811,21594.717
20124.6,-76.56999999999971,21546.52
20124.61,-76.55999999999767,21546.52
20124.62,-76.54999999999927,21498.33
20124.63,-76.53999999999724,21787.59
20124.64,-76.52999999999884,21691.139
20124.65,-76.5199999999968,21594.717
20124.66,-76.5099999999984,21739.359
20124.67,-76.5,21546.52
20124.68,-76.48999999999796,21739.359
20124.69,-76.47999999999956,21739.359
20124.7,-76.46999999999753,21353.809
20124.71,-76.45999999999913,21546.52
20124.72,-76.44999999999709,21787.59
20124.73,-76.43999999999869,21498.33
20124.74,-76.42999999999665,21691.139
20124.75,-76.41999999999825,21546.52
20124.76,-76.40999999999985,21498.33
20124.77,-76.39999999999782,21450.146
20124.78,-76.38999999999942,21642.924
20124.79,-76.37999999999738,21546.52
20124.8,-76.36999999999898,21739.359
20124.81,-76.35999999999694,21642.924
20124.82,-76.34999999999854,21546.52
20124.83,-76.33999999999651,21691.139
20124.84,-76.32999999999811,21546.52
20124.85,-76.31999999999971,21739.359
20124.86,-76.30999999999767,21691.139
20124.87,-76.29999999999927,21546.52
20124.88,-76.28999999999724,21787.59
20124.89,-76.27999999999884,21691.139
20124.9,-76.2699999999968,21884.076
20124.91,-76.2599999999984,21498.33
20124.92,-76.25,21691.139
20124.93,-76.23999999999796,21546.52
20124.94,-76.22999999999956,21642.924
20124.95,-76.21999999999753,21642.924
20124.96,-76.20999999999913,21739.359
20124.97,-76.19999999999709,21546.52
20124.98,-76.18999999999869,21594.717
20124.99,-76.17999999999665,21691.139
20125.0,-76.16999999999825,21642.924
20125.01,-76.15999999999985,21546.52
20125.02,-76.14999999999782,21498.33
20125.03,-76.13999999999942,21739.359
20125.04,-76.12999999999738,21691.139
20125.05,-76.11999999999898,21835.83
20125.06,-76.10999999999694,21546.52
20125.07,-76.09999999999854,21787.59
20125.08,-76.08999999999651,21884.076
20125.09,-76.07999999999811,21739.359
20125.1,-76.06999999999971,21691.139
20125.11,-76.05999999999767,21546.52
20125.12,-76.04999999999927,21594.717
20125.13,-76.03999999999724,21546.52
20125.14,-76.02999999999884,21787.59
20125.15,-76.0199999999968,21546.52
20125.16,-76.0099999999984,21594.717
20125.17,-76.0,21546.52
20125.18,-75.98999999999796,21739.359
20125.19,-75.97999999999956,21642.924
20125.2,-75.96999999999753,21642.924
20125.21,-75.95999999999913,21739.359
20125.22,-75.94999999999709,21739.359
20125.23,-75.93999999999869,21594.717
20125.24,-75.92999999999665,21594.717
20125.25,-75.91999999999825,21691.139
20125.26,-75.90999999999985,21594.717
20125.27,-75.89999999999782,21594.717
20125.28,-75.88999999999942,21642.924
20125.29,-75.87999999999738,21546.52
20125.3,-75.86999999999898,21642.924
20125.31,-75.85999999999694,21498.33
20125.32,-75.84999999999854,21691.139
20125.33,-75.83999999999651,21787.59
20125.34,-75.82999999999811,21739.359
20125.35,-75.81999999999971,21691.139
20125.36,-75.80999999999767,21835.83
20125.37,-75.79999999999927,21594.717
20125.38,-75.78999999999724,21835.83
20125.39,-75.77999999999884,21739.359
20125.4,-75.7699999999968,21980.594
20125.41,-75.7599999999984,21787.59
20125.42,-75.75,21787.59
20125.43,-75.73999999999796,21691.139
20125.44,-75.72999999999956,21691.139
20125.45,-75.71999999999753,21594.717
20125.46,-75.70999999999913,21642.924
20125.47,-75.69999999999709,21594.717
20125.48,-75.68999999999869,21739.359
20125.49,-75.67999999999665,21546.52
20125.5,-75.66999999999825,21594.717
20125.51,-75.65999999999985,21305.65
20125.52,-75.64999999999782,21739.359
20125.53,-75.63999999999942,21498.33
20125.54,-75.62999999999738,21450.146
20125.55,-75.61999999999898,21739.359
20125.56,-75.60999999999694,21884.076
20125.57,-75.59999999999854,21691.139
20125.58,-75.58999999999651,21642.924
20125.59,-75.57999999999811,21787.59
20125.6,-75.56999999999971,21546.52
20125.61,-75.55999999999767,21401.973
20125.62,-75.54999999999927,21498.33
20125.63,-75.53999999999724,21546.52
20125.64,-75.52999999999884,21835.83
20125.65,-75.5199999999968,21546.52
20125.66,-75.5099999999984,21450.146
20125.67,-75.5,21642.924
20125.68,-75.48999999999796,21642.924
20125.69,-75.47999999999956,21787.59
20125.7,-75.46999999999753,21642.924
20125.71,-75.45999999999913,21787.59
20125.72,-75.44999999999709,21787.59
20125.73,-75.43999999999869,21594.717
20125.74,-75.42999999999665,21642.924
20125.75,-75.41999999999825,21594.717
20125.76,-75.40999999999985,21546.52
20125.77,-75.39999999999782,21691.139
20125.78,-75.38999999999942,21642.924
20125.79,-75.37999999999738,21498.33
20125.8,-75.36999999999898,21787.59
20125.81,-75.35999999999694,21642.924
20125.82,-75.34999999999854,21739.359
20125.83,-75.33999999999651,21594.717
20125.84,-75.32999999999811,21498.33
20125.85,-75.31999999999971,21546.52
20125.86,-75.30999999999767,21787.59
20125.87,-75.29999999999927,21691.139
20125.88,-75.28999999999724,21546.52
20125.89,-75.27999999999884,21546.52
20125.9,-75.2699999999968,21546.52
20125.91,-75.2599999999984,21498.33
20125.92,-75.25,21642.924
20125.93,-75.23999999999796,21642.924
20125.94,-75.22999999999956,21739.359
20125.95,-75.21999999999753,21642.924
20125.96,-75.20999999999913,21739.359
20125.97,-75.19999999999709,21739.359
20125.98,-75.18999999999869,21739.359
20125.99,-75.17999999999665,21691.139
20126.0,-75.16999999999825,21642.924
20126.01,-75.15999999999985,21594.717
20126.02,-75.14999999999782,21594.717
20126.03,-75.13999999999942,21739.359
20126.04,-75.12999999999738,21642.924
20126.05,-75.11999999999898,21739.359
20126.06,-75.10999999999694,21787.59
20126.07,-75.09999999999854,21691.139
20126.08,-75.08999999999651,21498.33
20126.09,-75.07999999999811,21546.52
20126.1,-75.06999999999971,21594.717
20126.11,-75.05999999999767,21691.139
20126.12,-75.04999999999927,21546.52
20126.13,-75.03999999999724,21594.717
20126.14,-75.02999999999884,21739.359
20126.15,-75.0199999999968,21691.139
20126.16,-75.0099999999984,21642.924
20126.17,-75.0,21835.83
20126.18,-74.98999999999796,21594.717
20126.19,-74.97999999999956,21691.139
20126.2,-74.96999999999753,21546.52
20126.21,-74.95999999999913,21498.33
20126.22,-74.94999999999709,21546.52
20126.23,-74.93999999999869,21739.359
20126.24,-74.92999999999665,21594.717
20126.25,-74.91999999999825,21691.139
20126.26,-74.90999999999985,21787.59
20126.27,-74.89999999999782,21642.924
20126.28,-74.88999999999942,21739.359
20126.29,-74.87999999999738,21642.924
20126.3,-74.86999999999898,21691.139
20126.31,-74.85999999999694,21739.359
20126.32,-74.84999999999854,21546.52
20126.33,-74.83999999999651,21691.139
20126.34,-74.82999999999811,21546.52
20126.35,-74.81999999999971,21546.52
20126.36,-74.80999999999767,21642.924
20126.37,-74.79999999999927,21691.139
20126.38,-74.78999999999724,21594.717
20126.39,-74.77999999999884,21739.359
20126.4,-74.7699999999968,21546.52
20126.41,-74.7599999999984,21691.139
20126.42,-74.75,21594.717
20126.43,-74.73999999999796,21546.52
20126.44,-74.72999999999956,21787.59
20126.45,-74.71999999999753,21691.139
20126.46,-74.70999999999913,21642.924
20126.47,-74.69999999999709,21642.924
20126.48,-74.68999999999869,21691.139
20126.49,-74.67999999999665,21546.52
20126.5,-74.66999999999825,21691.139
20126.51,-74.65999999999985,21739.359
20126.52,-74.64999999999782,21787.59
20126.53,-74.63999999999942,21739.359
20126.54,-74.62999999999738,21739.359
20126.55,-74.61999999999898,21642.924
20126.56,-74.60999999999694,21546.52
20126.57,-74.59999999999854,21739.359
20126.58,-74.58999999999651,21594.717
20126.59,-74.57999999999811,21642.924
20126.6,-74.56999999999971,21787.59
20126.61,-74.55999999999767,21546.52
20126.62,-74.54999999999927,21546.52
20126.63,-74.53999999999724,21787.59
20126.64,-74.52999999999884,21739.359
20126.65,-74.5199999999968,21739.359
20126.66,-74.5099999999984,21642.924
20126.67,-74.5,21642.924
20126.68,-74.48999999999796,21546.52
20126.69,-74.47999999999956,21739.359
20126.7,-74.46999999999753,21498.33
20126.71,-74.45999999999913,21546.52
20126.72,-74.44999999999709,21739.359
20126.73,-74.43999999999869,21739.359
20126.74,-74.42999999999665,21546.52
20126.75,-74.41999999999825,21739.359
20126.76,-74.40999999999985,21739.359
20126.77,-74.39999999999782,21787.59
20126.78,-74.38999999999942,21546.52
20126.79,-74.37999999999738,21546.52
20126.8,-74.36999999999898,21739.359
20126.81,-74.35999999999694,21739.359
20126.82,-74.34999999999854,21787.59
20126.83,-74.33999999999651,21642.924
20126.84,-74.32999999999811,21594.717
20126.85,-74.31999999999971,21835.83
20126.86,-74.30999999999767,21787.59
20126.87,-74.29999999999927,21594.717
20126.88,-74.28999999999724,21642.924
20126.89,-74.27999999999884,21739.359
20126.9,-74.2699999999968,21594.717
20126.91,-74.2599999999984,21594.717
20126.92,-74.25,21932.332
20126.93,-74.23999999999796,21642.924
20126.94,-74.22999999999956,21787.59
20126.95,-74.21999999999753,21739.359
20126.96,-74.20999999999913,21594.717
20126.97,-74.19999999999709,21642.924
20126.98,-74.18999999999869,21546.52
20126.99,-74.17999999999665,21642.924
20127.0,-74.16999999999825,21739.359
20127.01,-74.15999999999985,21642.924
20127.02,-74.14999999999782,21739.359
20127.03,-74.13999999999942,21739.359
20127.04,-74.12999999999738,21739.359
20127.05,-74.11999999999898,21594.717
20127.06,-74.10999999999694,21739.359
20127.07,-74.09999999999854,21498.33
20127.08,-74.08999999999651,21642.924
20127.09,-74.07999999999811,21642.924
20127.1,-74.06999999999971,21739.359
20127.11,-74.05999999999767,21787.59
20127.12,-74.04999999999927,21787.59
20127.13,-74.03999999999724,21594.717
20127.14,-74.02999999999884,21787.59
20127.15,-74.0199999999968,21691.139
20127.16,-74.0099999999984,21594.717
20127.17,-74.0,21353.809
20127.18,-73.98999999999796,21642.924
20127.19,-73.97999999999956,21594.717
20127.2,-73.96999999999753,21932.332
20127.21,-73.95999999999913,22995.996
20127.22,-73.94999999999709,23480.779
20127.23,-73.93999999999869,23869.189
20127.24,-73.92999999999665,23820.611
20127.25,-73.91999999999825,23820.611
20127.26,-73.90999999999985,23917.777
20127.27,-73.89999999999782,23820.611
20127.28,-73.88999999999942,23869.189
20127.29,-73.87999999999738,23723.475
20127.3,-73.86999999999898,23626.373
20127.31,-73.85999999999694,23820.611
20127.32,-73.84999999999854,24014.979
20127.33,-73.83999999999651,23820.611
20127.34,-73.82999999999811,23820.611
20127.35,-73.81999999999971,23577.832
20127.36,-73.80999999999767,23674.92
20127.37,-73.79999999999927,23480.779
20127.38,-73.78999999999724,23674.92
20127.39,-73.77999999999884,23917.777
20127.4,-73.7699999999968,23723.475
20127.41,-73.7599999999984,23820.611
20127.42,-73.75,23772.039
20127.43,-73.73999999999796,23869.189
20127.44,-73.72999999999956,23674.92
20127.45,-73.71999999999753,23480.779
20127.46,-73.70999999999913,23772.039
20127.47,-73.69999999999709,23674.92
20127.48,-73.68999999999869,23480.779
20127.49,-73.67999999999665,23577.832
20127.5,-73.66999999999825,23917.777
20127.51,-73.65999999999985,23723.475
20127.52,-73.64999999999782,23820.611
20127.53,-73.63999999999942,23626.373
20127.54,-73.62999999999738,23772.039
20127.55,-73.61999999999898,23480.779
20127.56,-73.60999999999694,23772.039
20127.57,-73.59999999999854,23674.92
20127.58,-73.58999999999651,24014.979
20127.59,-73.57999999999811,23966.375
20127.6,-73.56999999999971,23966.375
20127.61,-73.55999999999767,23723.475
20127.62,-73.54999999999927,23772.039
20127.63,-73.53999999999724,23577.832
20127.64,-73.52999999999884,23577.832
20127.65,-73.5199999999968,23723.475
20127.66,-73.5099999999984,23772.039
20127.67,-73.5,23772.039
20127.68,-73.48999999999796,23772.039
20127.69,-73.47999999999956,23820.611
20127.7,-73.46999999999753,23820.611
20127.71,-73.45999999999913,23820.611
20127.72,-73.44999999999709,23772.039
20127.73,-73.43999999999869,23917.777
20127.74,-73.42999999999665,23772.039
20127.75,-73.41999999999825,23820.611
20127.76,-73.40999999999985,23723.475
20127.77,-73.39999999999782,23820.611
20127.78,-73.38999999999942,23917.777
20127.79,-73.37999999999738,23820.611
20127.8,-73.36999999999898,23820.611
20127.81,-73.35999999999694,23820.611
20127.82,-73.34999999999854,23820.611
20127.83,-73.33999999999651,23723.475
20127.84,-73.32999999999811,23674.92
20127.85,-73.31999999999971,23820.611
20127.86,-73.30999999999767,23917.777
20127.87,-73.29999999999927,23820.611
20127.88,-73.28999999999724,23869.189
20127.89,-73.27999999999884,23723.475
20127.9,-73.2699999999968,23723.475
20127.91,-73.2599999999984,23917.777
20127.92,-73.25,23772.039
20127.93,-73.23999999999796,23917.777
20127.94,-73.22999999999956,24014.979
20127.95,-73.21999999999753,23674.92
20127.96,-73.20999999999913,23723.475
20127.97,-73.19999999999709,23917.777
20127.98,-73.18999999999869,23723.475
20127.99,-73.17999999999665,23723.475
20128.0,-73.16999999999825,23917.777
20128.01,-73.15999999999985,23626.373
20128.02,-73.14999999999782,23723.475
20128.03,-73.13999999999942,23723.475
20128.04,-73.12999999999738,23772.039
20128.05,-73.11999999999898,24842.494
20128.06,-73.10999999999694,24988.77
20128.07,-73.09999999999854,24891.244
20128.08,-73.08999999999651,24842.494
20128.09,-73.07999999999811,24793.752
20128.1,-73.06999999999971,24793.752
20128.11,-73.05999999999767,24891.244
20128.12,-73.04999999999927,24404.105
20128.13,-73.03999999999724,22753.908
20128.14,-73.02999999999884,21932.332
20128.15,-73.0199999999968,21498.33
20128.16,-73.0099999999984,21257.502
20128.17,-73.0,21257.502
20128.18,-72.98999999999796,21594.717
20128.19,-72.97999999999956,21594.717
20128.2,-72.96999999999753,21498.33
20128.21,-72.95999999999913,21450.146
20128.22,-72.94999999999709,21546.52
20128.23,-72.93999999999869,21401.973
20128.24,-72.92999999999665,21353.809
20128.25,-72.91999999999825,21450.146
20128.26,-72.90999999999985,21353.809
20128.27,-72.89999999999782,21642.924
20128.28,-72.88999999999942,21546.52
20128.29,-72.87999999999738,21401.973
20128.3,-72.86999999999898,21401.973
20128.31,-72.85999999999694,21450.146
20128.32,-72.84999999999854,21594.717
20128.33,-72.83999999999651,21546.52
20128.34,-72.82999999999811,21546.52
20128.35,-72.81999999999971,21594.717
20128.36,-72.80999999999767,21594.717
20128.37,-72.79999999999927,21450.146
20128.38,-72.78999999999724,21353.809
20128.39,-72.77999999999884,21594.717
20128.4,-72.7699999999968,21546.52
20128.41,-72.7599999999984,21642.924
20128.42,-72.75,21401.973
20128.43,-72.73999999999796,21450.146
20128.44,-72.72999999999956,21546.52
20128.45,-72.71999999999753,21450.146
20128.46,-72.70999999999913,21450.146
20128.47,-72.69999999999709,21401.973
20128.48,-72.68999999999869,21401.973
20128.49,-72.67999999999665,21353.809
20128.5,-72.66999999999825,21498.33
20128.51,-72.65999999999985,21546.52
20128.52,-72.64999999999782,21642.924
20128.53,-72.63999999999942,21642.924
20128.54,-72.62999999999738,21401.973
20128.55,-72.61999999999898,21594.717
20128.56,-72.60999999999694,21353.809
20128.57,-72.59999999999854,21642.924
20128.58,-72.58999999999651,21498.33
20128.59,-72.57999999999811,21546.52
20128.6,-72.56999999999971,21594.717
20128.61,-72.55999999999767,21546.52
20128.62,-72.54999999999927,21353.809
20128.63,-72.53999999999724,21305.65
20128.64,-72.52999999999884,21305.65
20128.65,-72.5199999999968,21401.973
20128.66,-72.5099999999984,21594.717
20128.67,-72.5,21353.809
20128.68,-72.48999999999796,21546.52
20128.69,-72.47999999999956,21546.52
20128.7,-72.46999999999753,21353.809
20128.71,-72.45999999999913,21401.973
20128.72,-72.44999999999709,21450.146
20128.73,-72.43999999999869,21594.717
20128.74,-72.42999999999665,21594.717
20128.75,-72.41999999999825,21498.33
20128.76,-72.40999999999985,21498.33
20128.77,-72.39999999999782,21546.52
20128.78,-72.38999999999942,21594.717
20128.79,-72.37999999999738,21450.146
20128.8,-72.36999999999898,21546.52
20128.81,-72.35999999999694,21498.33
20128.82,-72.34999999999854,21450.146
20128.83,-72.33999999999651,21450.146
20128.84,-72.32999999999811,21450.146
20128.85,-72.31999999999971,21498.33
20128.86,-72.30999999999767,21353.809
20128.87,-72.29999999999927,21498.33
20128.88,-72.28999999999724,21353.809
20128.89,-72.27999999999884,21594.717
20128.9,-72.2699999999968,21498.33
20128.91,-72.2599999999984,21642.924
20128.92,-72.25,21305.65
20128.93,-72.23999999999796,21450.146
20128.94,-72.22999999999956,21498.33
20128.95,-72.21999999999753,21498.33
20128.96,-72.20999999999913,21305.65
20128.97,-72.19999999999709,21594.717
20128.98,-72.18999999999869,21450.146
20128.99,-72.17999999999665,21546.52
20129.0,-72.16999999999825,21498.33
20129.01,-72.15999999999985,21353.809
20129.02,-72.14999999999782,21642.924
20129.03,-72.13999999999942,21642.924
20129.04,-72.12999999999738,21353.809
20129.05,-72.11999999999898,21546.52
20129.06,-72.10999999999694,21594.717
20129.07,-72.09999999999854,21401.973
20129.08,-72.08999999999651,21546.52
20129.09,-72.07999999999811,21642.924
20129.1,-72.06999999999971,21546.52
20129.11,-72.05999999999767,21450.146
20129.12,-72.04999999999927,21353.809
20129.13,-72.03999999999724,21691.139
20129.14,-72.02999999999884,21353.809
20129.15,-72.0199999999968,21450.146
20129.16,-72.0099999999984,21450.146
20129.17,-72.0,21450.146
20129.18,-71.98999999999796,21546.52
20129.19,-71.97999999999956,21305.65
20129.2,-71.96999999999753,21642.924
20129.21,-71.95999999999913,21353.809
20129.22,-71.94999999999709,21450.146
20129.23,-71.93999999999869,21691.139
20129.24,-71.92999999999665,21401.973
20129.25,-71.91999999999825,21401.973
20129.26,-71.90999999999985,21498.33
20129.27,-71.89999999999782,21450.146
20129.28,-71.88999999999942,21594.717
20129.29,-71.87999999999738,21305.65
20129.3,-71.86999999999898,21450.146
20129.31,-71.85999999999694,21305.65
20129.32,-71.84999999999854,21594.717
20129.33,-71.83999999999651,21498.33
20129.34,-71.82999999999811,21546.52
20129.35,-71.81999999999971,21498.33
20129.36,-71.80999999999767,21353.809
20129.37,-71.79999999999927,21594.717
20129.38,-71.78999999999724,21546.52
20129.39,-71.77999999999884,21691.139
20129.4,-71.7699999999968,21546.52
20129.41,-71.7599999999984,21401.973
20129.42,-71.75,21450.146
20129.43,-71.73999999999796,21401.973
20129.44,-71.72999999999956,21594.717
20129.45,-71.71999999999753,21498.33
20129.46,-71.70999999999913,21498.33
20129.47,-71.69999999999709,21498.33
20129.48,-71.68999999999869,21450.146
20129.49,-71.67999999999665,21353.809
20129.5,-71.66999999999825,21546.52
20129.51,-71.65999999999985,21353.809
20129.52,-71.64999999999782,21498.33
20129.53,-71.63999999999942,21498.33
20129.54,-71.62999999999738,21498.33
20129.55,-71.61999999999898,21450.146
20129.56,-71.60999999999694,21546.52
20129.57,-71.59999999999854,21498.33
20129.58,-71.58999999999651,21401.973
20129.59,-71.57999999999811,21305.65
20129.6,-71.56999999999971,21546.52
20129.61,-71.55999999999767,21594.717
20129.62,-71.54999999999927,21498.33
20129.63,-71.53999999999724,21594.717
20129.64,-71.52999999999884,21739.359
20129.65,-71.5199999999968,21787.59
20129.66,-71.5099999999984,21498.33
20129.67,-71.5,21594.717
20129.68,-71.48999999999796,21401.973
20129.69,-71.47999999999956,21594.717
20129.7,-71.46999999999753,21450.146
20129.71,-71.45999999999913,21353.809
20129.72,-71.44999999999709,21305.65
20129.73,-71.43999999999869,21353.809
20129.74,-71.42999999999665,21353.809
20129.75,-71.41999999999825,21546.52
20129.76,-71.40999999999985,21450.146
20129.77,-71.39999999999782,21546.52
20129.78,-71.38999999999942,21353.809
20129.79,-71.37999999999738,21353.809
20129.8,-71.36999999999898,21353.809
20129.81,-71.35999999999694,21305.65
20129.82,-71.34999999999854,21691.139
20129.83,-71.33999999999651,21642.924
20129.84,-71.32999999999811,21353.809
20129.85,-71.31999999999971,21450.146
20129.86,-71.30999999999767,21546.52
20129.87,-71.29999999999927,21257.502
20129.88,-71.28999999999724,21401.973
20129.89,-71.27999999999884,21594.717
20129.9,-71.2699999999968,21546.52
20129.91,-71.2599999999984,21546.52
20129.92,-71.25,21353.809
20129.93,-71.23999999999796,21498.33
20129.94,-71.22999999999956,21546.52
20129.95,-71.21999999999753,21450.146
20129.96,-71.20999999999913,21450.146
20129.97,-71.19999999999709,21353.809
20129.98,-71.18999999999869,21401.973
20129.99,-71.17999999999665,21546.52
20130.0,-71.16999999999825,21498.33
20130.01,-71.15999999999985,21691.139
20130.02,-71.14999999999782,21691.139
20130.03,-71.13999999999942,21642.924
20130.04,-71.12999999999738,21450.146
20130.05,-71.11999999999898,21450.146
20130.06,-71.10999999999694,21161.227
20130.07,-71.09999999999854,21401.973
20130.08,-71.08999999999651,21401.973
20130.09,-71.07999999999811,21546.52
20130.1,-71.06999999999971,21594.717
20130.11,-71.05999999999767,21546.52
20130.12,-71.04999999999927,21498.33
20130.13,-71.03999999999724,21642.924
20130.14,-71.02999999999884,21642.924
20130.15,-71.0199999999968,21546.52
20130.16,-71.0099999999984,21401.973
20130.17,-71.0,21594.717
20130.18,-70.98999999999796,21353.809
20130.19,-70.97999999999956,21401.973
20130.2,-70.96999999999753,21498.33
20130.21,-70.95999999999913,21594.717
20130.22,-70.94999999999709,21305.65
20130.23,-70.93999999999869,21594.717
20130.24,-70.92999999999665,21353.809
20130.25,-70.91999999999825,21353.809
20130.26,-70.90999999999985,21498.33
20130.27,-70.89999999999782,21642.924
20130.28,-70.88999999999942,21642.924
20130.29,-70.87999999999738,21401.973
20130.3,-70.86999999999898,21401.973
20130.31,-70.85999999999694,21498.33
20130.32,-70.84999999999854,21498.33
20130.33,-70.83999999999651,21353.809
20130.34,-70.82999999999811,21498.33
20130.35,-70.81999999999971,21498.33
20130.36,-70.80999999999767,21546.52
20130.37,-70.79999999999927,21450.146
20130.38,-70.78999999999724,21594.717
20130.39,-70.77999999999884,21594.717
20130.4,-70.7699999999968,21353.809
20130.41,-70.7599999999984,21305.65
20130.42,-70.75,21209.359
20130.43,-70.73999999999796,21450.146
20130.44,-70.72999999999956,21498.33
20130.45,-70.71999999999753,21353.809
20130.46,-70.70999999999913,21594.717
20130.47,-70.69999999999709,21498.33
20130.48,-70.68999999999869,21353.809
20130.49,-70.67999999999665,21353.809
20130.5,-70.66999999999825,21450.146
20130.51,-70.65999999999985,21450.146
20130.52,-70.64999999999782,21401.973
20130.53,-70.63999999999942,21353.809
20130.54,-70.62999999999738,21401.973
20130.55,-70.61999999999898,20968.775
20130.56,-70.60999999999694,21594.717
20130.57,-70.59999999999854,21546.52
20130.58,-70.58999999999651,21450.146
20130.59,-70.57999999999811,21450.146
20130.6,-70.56999999999971,21546.52
20130.61,-70.55999999999767,21450.146
20130.62,-70.54999999999927,21498.33
20130.63,-70.53999999999724,21594.717
20130.64,-70.52999999999884,21450.146
20130.65,-70.5199999999968,21594.717
20130.66,-70.5099999999984,21353.809
20130.67,-70.5,21546.52
20130.68,-70.48999999999796,21401.973
20130.69,-70.47999999999956,21594.717
20130.7,-70.46999999999753,21498.33
20130.71,-70.45999999999913,21498.33
20130.72,-70.44999999999709,21353.809
20130.73,-70.43999999999869,21498.33
20130.74,-70.42999999999665,21401.973
20130.75,-70.41999999999825,21450.146
20130.76,-70.40999999999985,21450.146
20130.77,-70.39999999999782,21498.33
20130.78,-70.38999999999942,21498.33
20130.79,-70.37999999999738,21305.65
20130.8,-70.36999999999898,21546.52
20130.81,-70.35999999999694,21594.717
20130.82,-70.34999999999854,21450.146
20130.83,-70.33999999999651,21401.973
20130.84,-70.32999999999811,21498.33
20130.85,-70.31999999999971,21594.717
20130.86,-70.30999999999767,21401.973
20130.87,-70.29999999999927,21401.973
20130.88,-70.28999999999724,21401.973
20130.89,-70.27999999999884,21546.52
20130.9,-70.2699999999968,21401.973
20130.91,-70.2599999999984,21450.146
20130.92,-70.25,21498.33
20130.93,-70.23999999999796,21546.52
20130.94,-70.22999999999956,21450.146
20130.95,-70.21999999999753,21353.809
20130.96,-70.20999999999913,21642.924
20130.97,-70.19999999999709,21353.809
20130.98,-70.18999999999869,21546.52
20130.99,-70.17999999999665,21594.717
20131.0,-70.16999999999825,21353.809
20131.01,-70.15999999999985,21401.973
20131.02,-70.14999999999782,21450.146
20131.03,-70.13999999999942,21450.146
20131.04,-70.12999999999738,21546.52
20131.05,-70.11999999999898,21498.33
20131.06,-70.10999999999694,21546.52
20131.07,-70.09999999999854,21498.33
20131.08,-70.08999999999651,21594.717
20131.09,-70.07999999999811,21353.809
20131.1,-70.06999999999971,21450.146
20131.11,-70.05999999999767,21401.973
20131.12,-70.04999999999927,21401.973
20131.13,-70.03999999999724,21401.973
20131.14,-70.02999999999884,21450.146
20131.15,-70.0199999999968,21353.809
20131.16,-70.0099999999984,21353.809
20131.17,-70.0,21257.502
20131.18,-69.98999999999796,21353.809
20131.19,-69.97999999999956,21787.59
20131.2,-69.96999999999753,21498.33
20131.21,-69.95999999999913,21353.809
20131.22,-69.94999999999709,21594.717
20131.23,-69.93999999999869,21450.146
20131.24,-69.92999999999665,21594.717
20131.25,-69.91999999999825,21450.146
20131.26,-69.90999999999985,21257.502
20131.27,-69.89999999999782,21450.146
20131.28,-69.88999999999942,21353.809
20131.29,-69.87999999999738,21498.33
20131.3,-69.86999999999898,21642.924
20131.31,-69.85999999999694,21450.146
20131.32,-69.84999999999854,21305.65
20131.33,-69.83999999999651,21353.809
20131.34,-69.82999999999811,21594.717
20131.35,-69.81999999999971,21450.146
20131.36,-69.80999999999767,21450.146
20131.37,-69.79999999999927,21594.717
20131.38,-69.78999999999724,21305.65
20131.39,-69.77999999999884,21642.924
20131.4,-69.7699999999968,21257.502
20131.41,-69.7599999999984,21498.33
20131.42,-69.75,21642.924
20131.43,-69.73999999999796,21739.359
20131.44,-69.72999999999956,21498.33
20131.45,-69.71999999999753,21546.52
20131.46,-69.70999999999913,21642.924
20131.47,-69.69999999999709,21546.52
20131.48,-69.68999999999869,21594.717
20131.49,-69.67999999999665,21450.146
20131.5,-69.66999999999825,21353.809
20131.51,-69.65999999999985,21498.33
20131.52,-69.64999999999782,21401.973
20131.53,-69.63999999999942,21546.52
20131.54,-69.62999999999738,21594.717
20131.55,-69.61999999999898,21450.146
20131.56,-69.60999999999694,21353.809
20131.57,-69.59999999999854,21498.33
20131.58,-69.58999999999651,21353.809
20131.59,-69.57999999999811,21642.924
20131.6,-69.56999999999971,21353.809
20131.61,-69.55999999999767,21546.52
20131.62,-69.54999999999927,21161.227
20131.63,-69.53999999999724,21353.809
20131.64,-69.52999999999884,21594.717
20131.65,-69.5199999999968,21594.717
20131.66,-69.5099999999984,21498.33
20131.67,-69.5,21546.52
20131.68,-69.48999999999796,21450.146
20131.69,-69.47999999999956,21401.973
20131.7,-69.46999999999753,21450.146
20131.71,-69.45999999999913,21546.52
20131.72,-69.44999999999709,21450.146
20131.73,-69.43999999999869,21642.924
20131.74,-69.42999999999665,21594.717
20131.75,-69.41999999999825,21450.146
20131.76,-69.40999999999985,21594.717
20131.77,-69.39999999999782,21450.146
20131.78,-69.38999999999942,21546.52
20131.79,-69.37999999999738,21353.809
20131.8,-69.36999999999898,21353.809
20131.81,-69.35999999999694,21546.52
20131.82,-69.34999999999854,21450.146
20131.83,-69.33999999999651,21546.52
20131.84,-69.32999999999811,21642.924
20131.85,-69.31999999999971,21594.717
20131.86,-69.30999999999767,21546.52
20131.87,-69.29999999999927,21642.924
20131.88,-69.28999999999724,21498.33
20131.89,-69.27999999999884,21546.52
20131.9,-69.2699999999968,21498.33
20131.91,-69.2599999999984,21401.973
20131.92,-69.25,21401.973
20131.93,-69.23999999999796,21209.359
20131.94,-69.22999999999956,21450.146
20131.95,-69.21999999999753,21401.973
20131.96,-69.20999999999913,21353.809
20131.97,-69.19999999999709,21401.973
20131.98,-69.18999999999869,21353.809
20131.99,-69.17999999999665,21594.717
20132.0,-69.16999999999825,21498.33
20132.01,-69.15999999999985,21401.973
20132.02,-69.14999999999782,21257.502
20132.03,-69.13999999999942,21498.33
20132.04,-69.12999999999738,21498.33
20132.05,-69.11999999999898,21498.33
20132.06,-69.10999999999694,21401.973
20132.07,-69.09999999999854,21594.717
20132.08,-69.08999999999651,21498.33
20132.09,-69.07999999999811,21353.809
20132.1,-69.06999999999971,21401.973
20132.11,-69.05999999999767,21498.33
20132.12,-69.04999999999927,21401.973
20132.13,-69.03999999999724,21546.52
20132.14,-69.02999999999884,21594.717
20132.15,-69.0199999999968,21739.359
20132.16,-69.0099999999984,21594.717
20132.17,-69.0,21594.717
20132.18,-68.98999999999796,21546.52
20132.19,-68.97999999999956,21498.33
20132.2,-68.96999999999753,21546.52
20132.21,-68.95999999999913,21498.33
20132.22,-68.94999999999709,21498.33
20132.23,-68.93999999999869,21450.146
20132.24,-68.92999999999665,21305.65
20132.25,-68.91999999999825,21450.146
20132.26,-68.90999999999985,21450.146
20132.27,-68.89999999999782,21546.52
20132.28,-68.88999999999942,21353.809
20132.29,-68.87999999999738,21498.33
20132.3,-68.86999999999898,21353.809
20132.31,-68.85999999999694,21450.146
20132.32,-68.84999999999854,21546.52
20132.33,-68.83999999999651,21401.973
20132.34,-68.82999999999811,21353.809
20132.35,-68.81999999999971,21594.717
20132.36,-68.80999999999767,21450.146
20132.37,-68.79999999999927,21305.65
20132.38,-68.78999999999724,21305.65
20132.39,-68.77999999999884,21498.33
20132.4,-68.7699999999968,21546.52
20132.41,-68.7599999999984,21594.717
20132.42,-68.75,21546.52
20132.43,-68.73999999999796,21594.717
20132.44,-68.72999999999956,21642.924
20132.45,-68.71999999999753,21305.65
20132.46,-68.70999999999913,21305.65
20132.47,-68.69999999999709,21450.146
20132.48,-68.68999999999869,21353.809
20132.49,-68.67999999999665,21498.33
20132.5,-68.66999999999825,21498.33
20132.51,-68.65999999999985,21594.717
20132.52,-68.64999999999782,21546.52
20132.53,-68.63999999999942,21498.33
20132.54,-68.62999999999738,21305.65
20132.55,-68.61999999999898,21161.227
20132.56,-68.60999999999694,21353.809
20132.57,-68.59999999999854,21546.52
20132.58,-68.58999999999651,21594.717
20132.59,-68.57999999999811,21353.809
20132.6,-68.56999999999971,21450.146
20132.61,-68.55999999999767,21498.33
20132.62,-68.54999999999927,21401.973
20132.63,-68.53999999999724,21546.52
20132.64,-68.52999999999884,21546.52
20132.65,-68.5199999999968,21642.924
20132.66,-68.5099999999984,21594.717
20132.67,-68.5,21594.717
20132.68,-68.48999999999796,21450.146
20132.69,-68.47999999999956,21498.33
20132.7,-68.46999999999753,21353.809
20132.71,-68.45999999999913,21450.146
20132.72,-68.44999999999709,21594.717
20132.73,-68.43999999999869,21498.33
20132.74,-68.42999999999665,21209.359
20132.75,-68.41999999999825,21305.65
20132.76,-68.40999999999985,21353.809
20132.77,-68.39999999999782,21401.973
20132.78,-68.38999999999942,21546.52
20132.79,-68.37999999999738,21450.146
20132.8,-68.36999999999898,21353.809
20132.81,-68.35999999999694,21546.52
20132.82,-68.34999999999854,21546.52
20132.83,-68.33999999999651,21401.973
20132.84,-68.32999999999811,21691.139
20132.85,-68.31999999999971,21546.52
20132.86,-68.30999999999767,21594.717
20132.87,-68.29999999999927,21353.809
20132.88,-68.28999999999724,21353.809
20132.89,-68.27999999999884,21594.717
20132.9,-68.2699999999968,21401.973
20132.91,-68.2599999999984,21353.809
20132.92,-68.25,21401.973
20132.93,-68.23999999999796,21498.33
20132.94,-68.22999999999956,21594.717
20132.95,-68.21999999999753,21353.809
20132.96,-68.20999999999913,21353.809
20132.97,-68.19999999999709,21353.809
20132.98,-68.18999999999869,21305.65
20132.99,-68.17999999999665,21498.33
20133.0,-68.16999999999825,21353.809
20133.01,-68.15999999999985,21594.717
20133.02,-68.14999999999782,21642.924
20133.03,-68.13999999999942,21498.33
20133.04,-68.12999999999738,21594.717
20133.05,-68.11999999999898,21546.52
20133.06,-68.10999999999694,21498.33
20133.07,-68.09999999999854,21498.33
20133.08,-68.08999999999651,21498.33
20133.09,-68.07999999999811,21498.33
20133.1,-68.06999999999971,21594.717
20133.11,-68.05999999999767,21401.973
20133.12,-68.04999999999927,21353.809
20133.13,-68.03999999999724,21353.809
20133.14,-68.02999999999884,21450.146
20133.15,-68.0199999999968,21450.146
20133.16,-68.0099999999984,21401.973
20133.17,-68.0,21257.502
20133.18,-67.98999999999796,21401.973
20133.19,-67.97999999999956,21594.717
20133.2,-67.96999999999753,21450.146
20133.21,-67.95999999999913,21401.973
20133.22,-67.94999999999709,21594.717
20133.23,-67.93999999999869,21353.809
20133.24,-67.92999999999665,21498.33
20133.25,-67.91999999999825,21498.33
20133.26,-67.90999999999985,21594.717
20133.27,-67.89999999999782,21546.52
20133.28,-67.88999999999942,21401.973
20133.29,-67.87999999999738,21401.973
20133.3,-67.86999999999898,21594.717
20133.31,-67.85999999999694,21546.52
20133.32,-67.84999999999854,21546.52
20133.33,-67.83999999999651,21353.809
20133.34,-67.82999999999811,21642.924
20133.35,-67.81999999999971,21498.33
20133.36,-67.80999999999767,21353.809
20133.37,-67.79999999999927,21401.973
20133.38,-67.78999999999724,21450.146
20133.39,-67.77999999999884,21546.52
20133.4,-67.7699999999968,21305.65
20133.41,-67.7599999999984,21353.809
20133.42,-67.75,21401.973
20133.43,-67.73999999999796,21257.502
20133.44,-67.72999999999956,21401.973
20133.45,-67.71999999999753,21305.65
20133.46,-67.70999999999913,21353.809
20133.47,-67.69999999999709,21401.973
20133.48,-67.68999999999869,21594.717
20133.49,-67.67999999999665,21498.33
20133.5,-67.66999999999825,21401.973
20133.51,-67.65999999999985,21305.65
20133.52,-67.64999999999782,21546.52
20133.53,-67.63999999999942,21594.717
20133.54,-67.62999999999738,21594.717
20133.55,-67.61999999999898,21353.809
20133.56,-67.60999999999694,21450.146
20133.57,-67.59999999999854,21691.139
20133.58,-67.58999999999651,21546.52
20133.59,-67.57999999999811,21642.924
20133.6,-67.56999999999971,21594.717
20133.61,-67.55999999999767,21546.52
20133.62,-67.54999999999927,21546.52
20133.63,-67.53999999999724,21450.146
20133.64,-67.52999999999884,21691.139
20133.65,-67.5199999999968,21498.33
20133.66,-67.5099999999984,21450.146
20133.67,-67.5,21594.717
20133.68,-67.48999999999796,21642.924
20133.69,-67.47999999999956,21835.83
20133.7,-67.46999999999753,21691.139
20133.71,-67.45999999999913,21594.717
20133.72,-67.44999999999709,21498.33
20133.73,-67.43999999999869,21739.359
20133.74,-67.42999999999665,21498.33
20133.75,-67.41999999999825,21498.33
20133.76,-67.40999999999985,21498.33
20133.77,-67.39999999999782,21546.52
20133.78,-67.38999999999942,21450.146
20133.79,-67.37999999999738,21353.809
20133.8,-67.36999999999898,21257.502
20133.81,-67.35999999999694,21498.33
20133.82,-67.34999999999854,21594.717
20133.83,-67.33999999999651,21594.717
20133.84,-67.32999999999811,21594.717
20133.85,-67.31999999999971,21353.809
20133.86,-67.30999999999767,21353.809
20133.87,-67.29999999999927,21594.717
20133.88,-67.28999999999724,21450.146
20133.89,-67.27999999999884,21787.59
20133.9,-67.2699999999968,21594.717
20133.91,-67.2599999999984,21594.717
20133.92,-67.25,21642.924
20133.93,-67.23999999999796,21594.717
20133.94,-67.22999999999956,21594.717
20133.95,-67.21999999999753,21498.33
20133.96,-67.20999999999913,21594.717
20133.97,-67.19999999999709,21594.717
20133.98,-67.18999999999869,21594.717
20133.99,-67.17999999999665,21546.52
20134.0,-67.16999999999825,21642.924
20134.01,-67.15999999999985,21594.717
20134.02,-67.14999999999782,21546.52
20134.03,-67.13999999999942,21401.973
20134.04,-67.12999999999738,21594.717
20134.05,-67.11999999999898,21498.33
20134.06,-67.10999999999694,21498.33
20134.07,-67.09999999999854,21546.52
20134.08,-67.08999999999651,21401.973
20134.09,-67.07999999999811,21498.33
20134.1,-67.06999999999971,21787.59
20134.11,-67.05999999999767,21546.52
20134.12,-67.04999999999927,21498.33
20134.13,-67.03999999999724,21546.52
20134.14,-67.02999999999884,21787.59
20134.15,-67.0199999999968,21546.52
20134.16,-67.0099999999984,21546.52
20134.17,-67.0,21594.717
20134.18,-66.98999999999796,21450.146
20134.19,-66.97999999999956,21450.146
20134.2,-66.96999999999753,21546.52
20134.21,-66.95999999999913,21450.146
20134.22,-66.94999999999709,21450.146
20134.23,-66.93999999999869,21401.973
20134.24,-66.92999999999665,21498.33
20134.25,-66.91999999999825,21353.809
20134.26,-66.90999999999985,21642.924
20134.27,-66.89999999999782,21450.146
20134.28,-66.88999999999942,21594.717
20134.29,-66.87999999999738,21498.33
20134.3,-66.86999999999898,21594.717
20134.31,-66.85999999999694,21691.139
20134.32,-66.84999999999854,21691.139
20134.33,-66.83999999999651,21353.809
20134.34,-66.82999999999811,21642.924
20134.35,-66.81999999999971,21546.52
20134.36,-66.80999999999767,21642.924
20134.37,-66.79999999999927,21691.139
20134.38,-66.78999999999724,21594.717
20134.39,-66.77999999999884,21594.717
20134.4,-66.7699999999968,21401.973
20134.41,-66.7599999999984,21353.809
20134.42,-66.75,21353.809
20134.43,-66.73999999999796,21450.146
20134.44,-66.72999999999956,21594.717
20134.45,-66.71999999999753,21642.924
20134.46,-66.70999999999913,21546.52
20134.47,-66.69999999999709,21353.809
20134.48,-66.68999999999869,21353.809
20134.49,-66.67999999999665,21546.52
20134.5,-66.66999999999825,21498.33
20134.51,-66.65999999999985,21305.65
20134.52,-66.64999999999782,21691.139
20134.53,-66.63999999999942,21450.146
20134.54,-66.62999999999738,21498.33
20134.55,-66.61999999999898,21450.146
20134.56,-66.60999999999694,21546.52
20134.57,-66.59999999999854,21594.717
20134.58,-66.58999999999651,21401.973
20134.59,-66.57999999999811,21450.146
20134.6,-66.56999999999971,21594.717
20134.61,-66.55999999999767,21450.146
20134.62,-66.54999999999927,21401.973
20134.63,-66.53999999999724,21401.973
20134.64,-66.52999999999884,21401.973
20134.65,-66.5199999999968,21642.924
20134.66,-66.5099999999984,21450.146
20134.67,-66.5,21546.52
20134.68,-66.48999999999796,21642.924
20134.69,-66.47999999999956,21546.52
20134.7,-66.46999999999753,21401.973
20134.71,-66.45999999999913,21594.717
20134.72,-66.44999999999709,21498.33
20134.73,-66.43999999999869,21401.973
20134.74,-66.42999999999665,21401.973
20134.75,-66.41999999999825,21498.33
20134.76,-66.40999999999985,21353.809
20134.77,-66.39999999999782,21498.33
20134.78,-66.38999999999942,21594.717
20134.79,-66.37999999999738,21594.717
20134.8,-66.36999999999898,21594.717
20134.81,-66.35999999999694,21450.146
20134.82,-66.34999999999854,21450.146
20134.83,-66.33999999999651,21498.33
20134.84,-66.32999999999811,21594.717
20134.85,-66.31999999999971,21546.52
20134.86,-66.30999999999767,21450.146
20134.87,-66.29999999999927,21594.717
20134.88,-66.28999999999724,21401.973
20134.89,-66.27999999999884,21594.717
20134.9,-66.2699999999968,21546.52
20134.91,-66.2599999999984,21546.52
20134.92,-66.25,21498.33
20134.93,-66.23999999999796,21305.65
20134.94,-66.22999999999956,21594.717
20134.95,-66.21999999999753,21450.146
20134.96,-66.20999999999913,21401.973
20134.97,-66.19999999999709,21450.146
20134.98,-66.18999999999869,21498.33
20134.99,-66.17999999999665,21498.33
20135.0,-66.16999999999825,21401.973
20135.01,-66.15999999999985,21401.973
20135.02,-66.14999999999782,21691.139
20135.03,-66.13999999999942,21498.33
20135.04,-66.12999999999738,21594.717
20135.05,-66.11999999999898,21498.33
20135.06,-66.10999999999694,21498.33
20135.07,-66.09999999999854,21498.33
20135.08,-66.08999999999651,21594.717
20135.09,-66.07999999999811,21594.717
20135.1,-66.06999999999971,21546.52
20135.11,-66.05999999999767,21691.139
20135.12,-66.04999999999927,21594.717
20135.13,-66.03999999999724,21450.146
20135.14,-66.02999999999884,21642.924
20135.15,-66.0199999999968,21401.973
20135.16,-66.0099999999984,21546.52
20135.17,-66.0,21498.33
20135.18,-65.98999999999796,21594.717
20135.19,-65.97999999999956,21450.146
20135.2,-65.96999999999753,21498.33
20135.21,-65.95999999999913,21594.717
20135.22,-65.94999999999709,21498.33
20135.23,-65.93999999999869,21642.924
20135.24,-65.92999999999665,21546.52
20135.25,-65.91999999999825,21498.33
20135.26,-65.90999999999985,21546.52
20135.27,-65.89999999999782,21498.33
20135.28,-65.88999999999942,21594.717
20135.29,-65.87999999999738,21450.146
20135.3,-65.86999999999898,21594.717
20135.31,-65.85999999999694,21498.33
20135.32,-65.84999999999854,21498.33
20135.33,-65.83999999999651,21498.33
20135.34,-65.82999999999811,21594.717
20135.35,-65.81999999999971,21450.146
20135.36,-65.80999999999767,21450.146
20135.37,-65.79999999999927,21498.33
20135.38,-65.78999999999724,21498.33
20135.39,-65.77999999999884,21546.52
20135.4,-65.7699999999968,21546.52
20135.41,-65.7599999999984,21498.33
20135.42,-65.75,21498.33
20135.43,-65.73999999999796,21305.65
20135.44,-65.72999999999956,21498.33
20135.45,-65.71999999999753,21594.717
20135.46,-65.70999999999913,21546.52
20135.47,-65.69999999999709,21594.717
20135.48,-65.68999999999869,21546.52
20135.49,-65.67999999999665,21498.33
20135.5,-65.66999999999825,21594.717
20135.51,-65.65999999999985,21353.809
20135.52,-65.64999999999782,21691.139
20135.53,-65.63999999999942,21450.146
20135.54,-65.62999999999738,21691.139
20135.55,-65.61999999999898,21642.924
20135.56,-65.60999999999694,21546.52
20135.57,-65.59999999999854,21498.33
20135.58,-65.58999999999651,21498.33
20135.59,-65.57999999999811,21691.139
20135.6,-65.56999999999971,21546.52
20135.61,-65.55999999999767,21450.146
20135.62,-65.54999999999927,21305.65
20135.63,-65.53999999999724,21546.52
20135.64,-65.52999999999884,21594.717
20135.65,-65.5199999999968,21546.52
20135.66,-65.5099999999984,21401.973
20135.67,-65.5,21546.52
20135.68,-65.48999999999796,21546.52
20135.69,-65.47999999999956,21498.33
20135.7,-65.46999999999753,21401.973
20135.71,-65.45999999999913,21498.33
20135.72,-65.44999999999709,21353.809
20135.73,-65.43999999999869,21546.52
20135.74,-65.42999999999665,21450.146
20135.75,-65.41999999999825,21546.52
20135.76,-65.40999999999985,21353.809
20135.77,-65.39999999999782,21450.146
20135.78,-65.38999999999942,21546.52
20135.79,-65.37999999999738,21450.146
20135.8,-65.36999999999898,21691.139
20135.81,-65.35999999999694,21594.717
20135.82,-65.34999999999854,21642.924
20135.83,-65.33999999999651,21498.33
20135.84,-65.32999999999811,21353.809
20135.85,-65.31999999999971,21305.65
20135.86,-65.30999999999767,21450.146
20135.87,-65.29999999999927,21546.52
20135.88,-65.28999999999724,21401.973
20135.89,-65.27999999999884,21546.52
20135.9,-65.2699999999968,21594.717
20135.91,-65.2599999999984,21450.146
20135.92,-65.25,21401.973
20135.93,-65.23999999999796,21450.146
20135.94,-65.22999999999956,21546.52
20135.95,-65.21999999999753,21594.717
20135.96,-65.20999999999913,21353.809
20135.97,-65.19999999999709,21546.52
20135.98,-65.18999999999869,21642.924
20135.99,-65.17999999999665,21594.717
20136.0,-65.16999999999825,21546.52
20136.01,-65.15999999999985,21498.33
20136.02,-65.14999999999782,21401.973
20136.03,-65.13999999999942,21401.973
20136.04,-65.12999999999738,21450.146
20136.05,-65.11999999999898,21450.146
20136.06,-65.10999999999694,21450.146
20136.07,-65.09999999999854,21498.33
20136.08,-65.08999999999651,21450.146
20136.09,-65.07999999999811,21353.809
20136.1,-65.06999999999971,21594.717
20136.11,-65.05999999999767,21401.973
20136.12,-65.04999999999927,21353.809
20136.13,-65.03999999999724,21594.717
20136.14,-65.02999999999884,21498.33
20136.15,-65.0199999999968,21401.973
20136.16,-65.0099999999984,21353.809
20136.17,-65.0,21546.52
20136.18,-64.98999999999796,21642.924
20136.19,-64.97999999999956,21498.33
20136.2,-64.96999999999753,21498.33
20136.21,-64.95999999999913,21546.52
20136.22,-64.94999999999709,21353.809
20136.23,-64.93999999999869,21353.809
20136.24,-64.92999999999665,21353.809
20136.25,-64.91999999999825,21691.139
20136.26,-64.90999999999985,21401.973
20136.27,-64.89999999999782,21739.359
20136.28,-64.88999999999942,21498.33
20136.29,-64.87999999999738,21546.52
20136.3,-64.86999999999898,21353.809
20136.31,-64.85999999999694,21498.33
20136.32,-64.84999999999854,21450.146
20136.33,-64.83999999999651,21450.146
20136.34,-64.82999999999811,21498.33
20136.35,-64.81999999999971,21787.59
20136.36,-64.80999999999767,21642.924
20136.37,-64.79999999999927,21353.809
20136.38,-64.78999999999724,21450.146
20136.39,-64.77999999999884,21642.924
20136.4,-64.7699999999968,21594.717
20136.41,-64.7599999999984,21353.809
20136.42,-64.75,21450.146
20136.43,-64.73999999999796,21594.717
20136.44,-64.72999999999956,21401.973
20136.45,-64.71999999999753,21257.502
20136.46,-64.70999999999913,21594.717
20136.47,-64.69999999999709,21401.973
20136.48,-64.68999999999869,21642.924
20136.49,-64.67999999999665,21353.809
20136.5,-64.66999999999825,21450.146
20136.51,-64.65999999999985,21594.717
20136.52,-64.64999999999782,21546.52
20136.53,-64.63999999999942,21353.809
20136.54,-64.62999999999738,21498.33
20136.55,-64.61999999999898,21546.52
20136.56,-64.60999999999694,21450.146
20136.57,-64.59999999999854,21401.973
20136.58,-64.58999999999651,21353.809
20136.59,-64.57999999999811,21594.717
20136.6,-64.56999999999971,21546.52
20136.61,-64.55999999999767,21642.924
20136.62,-64.54999999999927,21450.146
20136.63,-64.53999999999724,21546.52
20136.64,-64.52999999999884,21401.973
20136.65,-64.5199999999968,21642.924
20136.66,-64.5099999999984,21739.359
20136.67,-64.5,21353.809
20136.68,-64.48999999999796,21450.146
20136.69,-64.47999999999956,21546.52
20136.7,-64.46999999999753,21450.146
20136.71,-64.45999999999913,21498.33
20136.72,-64.44999999999709,21642.924
20136.73,-64.43999999999869,21642.924
20136.74,-64.42999999999665,21642.924
20136.75,-64.41999999999825,21594.717
20136.76,-64.40999999999985,21498.33
20136.77,-64.39999999999782,21401.973
20136.78,-64.38999999999942,21401.973
20136.79,-64.37999999999738,21546.52
20136.8,-64.36999999999898,21498.33
20136.81,-64.35999999999694,21642.924
20136.82,-64.34999999999854,21739.359
20136.83,-64.33999999999651,21498.33
20136.84,-64.32999999999811,21691.139
20136.85,-64.31999999999971,21546.52
20136.86,-64.30999999999767,21401.973
20136.87,-64.29999999999927,21546.52
20136.88,-64.28999999999724,21353.809
20136.89,-64.27999999999884,21450.146
20136.9,-64.2699999999968,21594.717
20136.91,-64.2599999999984,21594.717
20136.92,-64.25,21642.924
20136.93,-64.23999999999796,21546.52
20136.94,-64.22999999999956,21594.717
20136.95,-64.21999999999753,21546.52
20136.96,-64.20999999999913,21257.502
20136.97,-64.19999999999709,21594.717
20136.98,-64.18999999999869,21546.52
20136.99,-64.17999999999665,21546.52
20137.0,-64.16999999999825,21546.52
20137.01,-64.15999999999985,21594.717
20137.02,-64.14999999999782,21739.359
20137.03,-64.13999999999942,21594.717
20137.04,-64.12999999999738,21401.973
20137.05,-64.11999999999898,21498.33
20137.06,-64.10999999999694,21787.59
20137.07,-64.09999999999854,21401.973
20137.08,-64.08999999999651,21401.973
20137.09,-64.07999999999811,21353.809
20137.1,-64.06999999999971,21594.717
20137.11,-64.05999999999767,21546.52
20137.12,-64.04999999999927,21546.52
20137.13,-64.03999999999724,21594.717
20137.14,-64.02999999999884,21498.33
20137.15,-64.0199999999968,21594.717
20137.16,-64.0099999999984,21691.139
20137.17,-64.0,21594.717
20137.18,-63.98999999999796,21498.33
20137.19,-63.97999999999956,21594.717
20137.2,-63.969999999997526,21353.809
20137.21,-63.95999999999913,21594.717
20137.22,-63.94999999999709,21594.717
20137.23,-63.93999999999869,21353.809
20137.24,-63.92999999999665,21546.52
20137.25,-63.919999999998254,21450.146
20137.26,-63.909999999999854,21594.717
20137.27,-63.89999999999782,21498.33
20137.28,-63.88999999999942,21498.33
20137.29,-63.87999999999738,21546.52
20137.3,-63.86999999999898,21450.146
20137.31,-63.859999999996944,21546.52
20137.32,-63.849999999998545,21546.52
20137.33,-63.83999999999651,21691.139
20137.34,-63.82999999999811,21546.52
20137.35,-63.81999999999971,21546.52
20137.36,-63.80999999999767,21594.717
20137.37,-63.79999999999927,21450.146
20137.38,-63.789999999997235,21498.33
20137.39,-63.779999999998836,21594.717
20137.4,-63.7699999999968,21594.717
20137.41,-63.7599999999984,21257.502
20137.42,-63.75,21498.33
20137.43,-63.73999999999796,21546.52
20137.44,-63.72999999999956,21884.076
20137.45,-63.719999999997526,21691.139
20137.46,-63.70999999999913,21642.924
20137.47,-63.69999999999709,21594.717
20137.48,-63.68999999999869,21594.717
20137.49,-63.67999999999665,21450.146
20137.5,-63.669999999998254,21546.52
20137.51,-63.659999999999854,21305.65
20137.52,-63.64999999999782,21546.52
20137.53,-63.63999999999942,21353.809
20137.54,-63.62999999999738,21546.52
20137.55,-63.61999999999898,21642.924
20137.56,-63.609999999996944,21691.139
20137.57,-63.599999999998545,21642.924
20137.58,-63.58999999999651,21498.33
20137.59,-63.57999999999811,21353.809
20137.6,-63.56999999999971,21594.717
20137.61,-63.55999999999767,21594.717
20137.62,-63.54999999999927,21498.33
20137.63,-63.539999999997235,21450.146
20137.64,-63.529999999998836,21739.359
20137.65,-63.5199999999968,21546.52
20137.66,-63.5099999999984,21739.359
20137.67,-63.5,21498.33
20137.68,-63.48999999999796,21546.52
20137.69,-63.47999999999956,21546.52
20137.7,-63.469999999997526,21546.52
20137.71,-63.45999999999913,21642.924
20137.72,-63.44999999999709,21594.717
20137.73,-63.43999999999869,21498.33
20137.74,-63.42999999999665,21546.52
20137.75,-63.419999999998254,21546.52
20137.76,-63.409999999999854,21401.973
20137.77,-63.39999999999782,21691.139
20137.78,-63.38999999999942,21498.33
20137.79,-63.37999999999738,21401.973
20137.8,-63.36999999999898,21450.146
20137.81,-63.359999999996944,21546.52
20137.82,-63.349999999998545,21546.52
20137.83,-63.33999999999651,21546.52
20137.84,-63.32999999999811,21594.717
20137.85,-63.31999999999971,21594.717
20137.86,-63.30999999999767,21546.52
20137.87,-63.29999999999927,21401.973
20137.88,-63.289999999997235,21498.33
20137.89,-63.279999999998836,21594.717
20137.9,-63.2699999999968,21450.146
20137.91,-63.2599999999984,21498.33
20137.92,-63.25,21642.924
20137.93,-63.23999999999796,21546.52
20137.94,-63.22999999999956,21161.227
20137.95,-63.219999999997526,21450.146
20137.96,-63.20999999999913,21642.924
20137.97,-63.19999999999709,21450.146
20137.98,-63.18999999999869,21691.139
20137.99,-63.17999999999665,21401.973
20138.0,-63.169999999998254,21739.359
20138.01,-63.159999999999854,21401.973
20138.02,-63.14999999999782,21450.146
20138.03,-63.13999999999942,21546.52
20138.04,-63.12999999999738,21546.52
20138.05,-63.11999999999898,21691.139
20138.06,-63.109999999996944,21594.717
20138.07,-63.099999999998545,21594.717
20138.08,-63.08999999999651,21642.924
20138.09,-63.07999999999811,21498.33
20138.1,-63.06999999999971,21594.717
20138.11,-63.05999999999767,21546.52
20138.12,-63.04999999999927,21401.973
20138.13,-63.039999999997235,21450.146
20138.14,-63.029999999998836,21546.52
20138.15,-63.0199999999968,21353.809
20138.16,-63.0099999999984,21642.924
20138.17,-63.0,21546.52
20138.18,-62.98999999999796,21546.52
20138.19,-62.97999999999956,21546.52
20138.2,-62.969999999997526,21401.973
20138.21,-62.95999999999913,21642.924
20138.22,-62.94999999999709,21546.52
20138.23,-62.93999999999869,21450.146
20138.24,-62.92999999999665,21498.33
20138.25,-62.919999999998254,21498.33
20138.26,-62.909999999999854,21450.146
20138.27,-62.89999999999782,21594.717
20138.28,-62.88999999999942,21498.33
20138.29,-62.87999999999738,21546.52
20138.3,-62.86999999999898,21642.924
20138.31,-62.859999999996944,21594.717
20138.32,-62.849999999998545,21594.717
20138.33,-62.83999999999651,21546.52
20138.34,-62.82999999999811,21546.52
20138.35,-62.81999999999971,21691.139
20138.36,-62.80999999999767,21353.809
20138.37,-62.79999999999927,21642.924
20138.38,-62.789999999997235,21642.924
20138.39,-62.779999999998836,21739.359
20138.4,-62.7699999999968,21594.717
20138.41,-62.7599999999984,21594.717
20138.42,-62.75,21546.52
20138.43,-62.73999999999796,21642.924
20138.44,-62.72999999999956,21594.717
20138.45,-62.719999999997526,21353.809
20138.46,-62.70999999999913,21498.33
20138.47,-62.69999999999709,21546.52
20138.48,-62.68999999999869,21594.717
20138.49,-62.67999999999665,21498.33
20138.5,-62.669999999998254,21401.973
20138.51,-62.659999999999854,21450.146
20138.52,-62.64999999999782,21787.59
20138.53,-62.63999999999942,21594.717
20138.54,-62.62999999999738,21594.717
20138.55,-62.61999999999898,21546.52
20138.56,-62.609999999996944,21642.924
20138.57,-62.599999999998545,21691.139
20138.58,-62.58999999999651,21594.717
20138.59,-62.57999999999811,21498.33
20138.6,-62.56999999999971,21642.924
20138.61,-62.55999999999767,21498.33
20138.62,-62.54999999999927,21498.33
20138.63,-62.539999999997235,21642.924
20138.64,-62.529999999998836,21642.924
20138.65,-62.5199999999968,21594.717
20138.66,-62.5099999999984,21642.924
20138.67,-62.5,21498.33
20138.68,-62.48999999999796,21835.83
20138.69,-62.47999999999956,21594.717
20138.7,-62.469999999997526,21498.33
20138.71,-62.45999999999913,21450.146
20138.72,-62.44999999999709,21594.717
20138.73,-62.43999999999869,21594.717
20138.74,-62.42999999999665,21787.59
20138.75,-62.419999999998254,21498.33
20138.76,-62.409999999999854,21450.146
20138.77,-62.39999999999782,21498.33
20138.78,-62.38999999999942,21401.973
20138.79,-62.37999999999738,21161.227
20138.8,-62.36999999999898,21498.33
20138.81,-62.359999999996944,21305.65
20138.82,-62.349999999998545,21546.52
20138.83,-62.33999999999651,22463.672
20138.84,-62.32999999999811,23286.768
20138.85,-62.31999999999971,23529.301
20138.86,-62.30999999999767,23626.373
20138.87,-62.29999999999927,23917.777
20138.88,-62.289999999997235,23869.189
20138.89,-62.279999999998836,23820.611
20138.9,-62.2699999999968,23626.373
20138.91,-62.2599999999984,23626.373
20138.92,-62.25,23529.301
20138.93,-62.23999999999796,23820.611
20138.94,-62.22999999999956,23723.475
20138.95,-62.219999999997526,23723.475
20138.96,-62.20999999999913,23917.777
20138.97,-62.19999999999709,23723.475
20138.98,-62.18999999999869,23529.301
20138.99,-62.17999999999665,23626.373
20139.0,-62.169999999998254,23480.779
20139.01,-62.159999999999854,23529.301
20139.02,-62.14999999999782,23723.475
20139.03,-62.13999999999942,23772.039
20139.04,-62.12999999999738,24014.979
20139.05,-62.11999999999898,23820.611
20139.06,-62.109999999996944,23917.777
20139.07,-62.099999999998545,23626.373
20139.08,-62.08999999999651,23577.832
20139.09,-62.07999999999811,23480.779
20139.1,-62.06999999999971,23772.039
20139.11,-62.05999999999767,23674.92
20139.12,-62.04999999999927,23772.039
20139.13,-62.039999999997235,23674.92
20139.14,-62.029999999998836,23966.375
20139.15,-62.0199999999968,23917.777
20139.16,-62.0099999999984,23966.375
20139.17,-62.0,23820.611
20139.18,-61.98999999999796,23723.475
20139.19,-61.97999999999956,23869.189
20139.2,-61.969999999997526,23820.611
20139.21,-61.95999999999913,23772.039
20139.22,-61.94999999999709,23820.611
20139.23,-61.93999999999869,23917.777
20139.24,-61.92999999999665,23674.92
20139.25,-61.919999999998254,23723.475
20139.26,-61.909999999999854,23723.475
20139.27,-61.89999999999782,23626.373
20139.28,-61.88999999999942,23723.475
20139.29,-61.87999999999738,23772.039
20139.3,-61.86999999999898,23674.92
20139.31,-61.859999999996944,23772.039
20139.32,-61.849999999998545,23723.475
20139.33,-61.83999999999651,23917.777
20139.34,-61.82999999999811,23723.475
20139.35,-61.81999999999971,23869.189
20139.36,-61.80999999999767,23869.189
20139.37,-61.79999999999927,23917.777
20139.38,-61.789999999997235,23917.777
20139.39,-61.779999999998836,23820.611
20139.4,-61.7699999999968,23966.375
20139.41,-61.7599999999984,23674.92
20139.42,-61.75,23626.373
20139.43,-61.73999999999796,23723.475
20139.44,-61.72999999999956,23820.611
20139.45,-61.719999999997526,23869.189
20139.46,-61.70999999999913,23674.92
20139.47,-61.69999999999709,23577.832
20139.48,-61.68999999999869,23772.039
20139.49,-61.67999999999665,23626.373
20139.5,-61.669999999998254,23674.92
20139.51,-61.659999999999854,23577.832
20139.52,-61.64999999999782,23917.777
20139.53,-61.63999999999942,23869.189
20139.54,-61.62999999999738,23917.777
20139.55,-61.61999999999898,23917.777
20139.56,-61.609999999996944,23917.777
20139.57,-61.599999999998545,23917.777
20139.58,-61.58999999999651,23432.264
20139.59,-61.57999999999811,23577.832
20139.6,-61.56999999999971,23674.92
20139.61,-61.55999999999767,23869.189
20139.62,-61.54999999999927,23723.475
20139.63,-61.539999999997235,23917.777
20139.64,-61.529999999998836,23723.475
20139.65,-61.5199999999968,23723.475
20139.66,-61.5099999999984,23966.375
20139.67,-61.5,24112.211
20139.68,-61.48999999999796,24891.244
20139.69,-61.47999999999956,25037.545
20139.7,-61.469999999997526,24793.752
20139.71,-61.45999999999913,24647.572
20139.72,-61.44999999999709,24745.018
20139.73,-61.43999999999869,24891.244
20139.74,-61.42999999999665,24940.002
20139.75,-61.419999999998254,23432.264
20139.76,-61.409999999999854,22125.432
20139.77,-61.39999999999782,21594.717
20139.78,-61.38999999999942,21642.924
20139.79,-61.37999999999738,21257.502
20139.8,-61.36999999999898,21546.52
20139.81,-61.359999999996944,21594.717
20139.82,-61.349999999998545,21642.924
20139.83,-61.33999999999651,21691.139
20139.84,-61.32999999999811,21642.924
20139.85,-61.31999999999971,21642.924
20139.86,-61.30999999999767,21498.33
20139.87,-61.29999999999927,21787.59
20139.88,-61.289999999997235,21642.924
20139.89,-61.279999999998836,21787.59
20139.9,-61.2699999999968,21884.076
20139.91,-61.2599999999984,21498.33
20139.92,-61.25,21642.924
20139.93,-61.23999999999796,21691.139
20139.94,-61.22999999999956,21691.139
20139.95,-61.219999999997526,21642.924
20139.96,-61.20999999999913,21594.717
20139.97,-61.19999999999709,21450.146
20139.98,-61.18999999999869,21691.139
20139.99,-61.17999999999665,21546.52
20140.0,-61.169999999998254,21691.139
20140.01,-61.159999999999854,21691.139
20140.02,-61.14999999999782,21594.717
20140.03,-61.13999999999942,21498.33
20140.04,-61.12999999999738,21739.359
20140.05,-61.11999999999898,21594.717
20140.06,-61.109999999996944,21691.139
20140.07,-61.099999999998545,21642.924
20140.08,-61.08999999999651,21353.809
20140.09,-61.07999999999811,21739.359
20140.1,-61.06999999999971,21787.59
20140.11,-61.05999999999767,21594.717
20140.12,-61.04999999999927,21739.359
20140.13,-61.039999999997235,21546.52
20140.14,-61.029999999998836,21691.139
20140.15,-61.0199999999968,21739.359
20140.16,-61.0099999999984,21450.146
20140.17,-61.0,21546.52
20140.18,-60.98999999999796,21546.52
20140.19,-60.97999999999956,21642.924
20140.2,-60.969999999997526,21787.59
20140.21,-60.95999999999913,21546.52
20140.22,-60.94999999999709,21450.146
20140.23,-60.93999999999869,21450.146
20140.24,-60.92999999999665,21594.717
20140.25,-60.919999999998254,21739.359
20140.26,-60.909999999999854,21450.146
20140.27,-60.89999999999782,21642.924
20140.28,-60.88999999999942,21594.717
20140.29,-60.87999999999738,21353.809
20140.3,-60.86999999999898,21691.139
20140.31,-60.859999999996944,21594.717
20140.32,-60.849999999998545,21642.924
20140.33,-60.83999999999651,21594.717
20140.34,-60.82999999999811,21642.924
20140.35,-60.81999999999971,21739.359
20140.36,-60.80999999999767,21787.59
20140.37,-60.79999999999927,21546.52
20140.38,-60.789999999997235,21739.359
20140.39,-60.779999999998836,21884.076
20140.4,-60.7699999999968,21642.924
20140.41,-60.7599999999984,21739.359
20140.42,-60.75,21691.139
20140.43,-60.73999999999796,21787.59
20140.44,-60.72999999999956,21642.924
20140.45,-60.719999999997526,21546.52
20140.46,-60.70999999999913,21546.52
20140.47,-60.69999999999709,21546.52
20140.48,-60.68999999999869,21498.33
20140.49,-60.67999999999665,21546.52
20140.5,-60.669999999998254,21594.717
20140.51,-60.659999999999854,21401.973
20140.52,-60.64999999999782,21787.59
20140.53,-60.63999999999942,21594.717
20140.54,-60.62999999999738,21884.076
20140.55,-60.61999999999898,21691.139
20140.56,-60.609999999996944,21884.076
20140.57,-60.599999999998545,21450.146
20140.58,-60.58999999999651,21401.973
20140.59,-60.57999999999811,21642.924
20140.6,-60.56999999999971,21787.59
20140.61,-60.55999999999767,21594.717
20140.62,-60.54999999999927,21546.52
20140.63,-60.539999999997235,21642.924
20140.64,-60.529999999998836,21642.924
20140.65,-60.5199999999968,21787.59
20140.66,-60.5099999999984,21691.139
20140.67,-60.5,21546.52
20140.68,-60.48999999999796,21739.359
20140.69,-60.47999999999956,21691.139
20140.7,-60.469999999997526,21546.52
20140.71,-60.45999999999913,21450.146
20140.72,-60.44999999999709,21787.59
20140.73,-60.43999999999869,21691.139
20140.74,-60.42999999999665,21498.33
20140.75,-60.419999999998254,21594.717
20140.76,-60.409999999999854,21546.52
20140.77,-60.39999999999782,21546.52
20140.78,-60.38999999999942,21642.924
20140.79,-60.37999999999738,21401.973
20140.8,-60.36999999999898,21546.52
20140.81,-60.359999999996944,21691.139
20140.82,-60.349999999998545,21498.33
20140.83,-60.33999999999651,21353.809
20140.84,-60.32999999999811,21594.717
20140.85,-60.31999999999971,21546.52
20140.86,-60.30999999999767,21546.52
20140.87,-60.29999999999927,21498.33
20140.88,-60.289999999997235,21546.52
20140.89,-60.279999999998836,21787.59
20140.9,-60.2699999999968,21691.139
20140.91,-60.2599999999984,21498.33
20140.92,-60.25,21594.717
20140.93,-60.23999999999796,21739.359
20140.94,-60.22999999999956,21546.52
20140.95,-60.219999999997526,21642.924
20140.96,-60.20999999999913,21546.52
20140.97,-60.19999999999709,21691.139
20140.98,-60.18999999999869,21498.33
20140.99,-60.17999999999665,21546.52
20141.0,-60.169999999998254,21498.33
20141.01,-60.159999999999854,21546.52
20141.02,-60.14999999999782,21642.924
20141.03,-60.13999999999942,21691.139
20141.04,-60.12999999999738,21498.33
20141.05,-60.11999999999898,21401.973
20141.06,-60.109999999996944,21642.924
20141.07,-60.099999999998545,21691.139
20141.08,-60.08999999999651,21594.717
20141.09,-60.07999999999811,21546.52
20141.1,-60.06999999999971,21594.717
20141.11,-60.05999999999767,21594.717
20141.12,-60.04999999999927,21450.146
20141.13,-60.039999999997235,21594.717
20141.14,-60.029999999998836,21739.359
20141.15,-60.0199999999968,21642.924
20141.16,-60.0099999999984,21642.924
20141.17,-60.0,21642.924
20141.18,-59.98999999999796,21787.59
20141.19,-59.97999999999956,21787.59
20141.2,-59.969999999997526,21546.52
20141.21,-59.95999999999913,21498.33
20141.22,-59.94999999999709,21401.973
20141.23,-59.93999999999869,21691.139
20141.24,-59.92999999999665,21546.52
20141.25,-59.919999999998254,21401.973
20141.26,-59.909999999999854,21739.359
20141.27,-59.89999999999782,21546.52
20141.28,-59.88999999999942,21691.139
20141.29,-59.87999999999738,21450.146
20141.3,-59.86999999999898,21498.33
20141.31,-59.859999999996944,21739.359
20141.32,-59.849999999998545,21594.717
20141.33,-59.83999999999651,21498.33
20141.34,-59.82999999999811,21642.924
20141.35,-59.81999999999971,21594.717
20141.36,-59.80999999999767,21739.359
20141.37,-59.79999999999927,21787.59
20141.38,-59.789999999997235,21546.52
20141.39,-59.779999999998836,21884.076
20141.4,-59.7699999999968,21642.924
20141.41,-59.7599999999984,21642.924
20141.42,-59.75,21353.809
20141.43,-59.73999999999796,21546.52
20141.44,-59.72999999999956,21498.33
20141.45,-59.719999999997526,21546.52
20141.46,-59.70999999999913,21546.52
20141.47,-59.69999999999709,21498.33
20141.48,-59.68999999999869,21401.973
20141.49,-59.67999999999665,21691.139
20141.5,-59.669999999998254,21594.717
20141.51,-59.659999999999854,21594.717
20141.52,-59.64999999999782,21739.359
20141.53,-59.63999999999942,21546.52
20141.54,-59.62999999999738,21498.33
20141.55,-59.61999999999898,21642.924
20141.56,-59.609999999996944,21353.809
20141.57,-59.599999999998545,21594.717
20141.58,-59.58999999999651,21594.717
20141.59,-59.57999999999811,21739.359
20141.6,-59.56999999999971,21691.139
20141.61,-59.55999999999767,21594.717
20141.62,-59.54999999999927,21498.33
20141.63,-59.539999999997235,21546.52
20141.64,-59.529999999998836,21739.359
20141.65,-59.5199999999968,21498.33
20141.66,-59.5099999999984,21546.52
20141.67,-59.5,21642.924
20141.68,-59.48999999999796,21498.33
20141.69,-59.47999999999956,21546.52
20141.7,-59.469999999997526,21401.973
20141.71,-59.45999999999913,21401.973
20141.72,-59.44999999999709,21787.59
20141.73,-59.43999999999869,21739.359
20141.74,-59.42999999999665,21546.52
20141.75,-59.419999999998254,21691.139
20141.76,-59.409999999999854,21835.83
20141.77,-59.39999999999782,21546.52
20141.78,-59.38999999999942,21691.139
20141.79,-59.37999999999738,21739.359
20141.8,-59.36999999999898,21546.52
20141.81,-59.359999999996944,21691.139
20141.82,-59.349999999998545,21642.924
20141.83,-59.33999999999651,21739.359
20141.84,-59.32999999999811,21691.139
20141.85,-59.31999999999971,21642.924
20141.86,-59.30999999999767,21739.359
20141.87,-59.29999999999927,21691.139
20141.88,-59.289999999997235,21498.33
20141.89,-59.279999999998836,21739.359
20141.9,-59.2699999999968,21546.52
20141.91,-59.2599999999984,21546.52
20141.92,-59.25,21594.717
20141.93,-59.23999999999796,21546.52
20141.94,-59.22999999999956,21691.139
20141.95,-59.219999999997526,21691.139
20141.96,-59.20999999999913,21546.52
20141.97,-59.19999999999709,21642.924
20141.98,-59.18999999999869,21884.076
20141.99,-59.17999999999665,21835.83
20142.0,-59.169999999998254,21691.139
20142.01,-59.159999999999854,21450.146
20142.02,-59.14999999999782,21498.33
20142.03,-59.13999999999942,21642.924
20142.04,-59.12999999999738,21498.33
20142.05,-59.11999999999898,21498.33
20142.06,-59.109999999996944,21739.359
20142.07,-59.099999999998545,21691.139
20142.08,-59.08999999999651,21546.52
20142.09,-59.07999999999811,21546.52
20142.1,-59.06999999999971,21594.717
20142.11,-59.05999999999767,21546.52
20142.12,-59.04999999999927,21401.973
20142.13,-59.039999999997235,21353.809
20142.14,-59.029999999998836,21787.59
20142.15,-59.0199999999968,21642.924
20142.16,-59.0099999999984,21546.52
20142.17,-59.0,21450.146
20142.18,-58.98999999999796,21642.924
20142.19,-58.97999999999956,21594.717
20142.2,-58.969999999997526,21594.717
20142.21,-58.95999999999913,21546.52
20142.22,-58.94999999999709,21642.924
20142.23,-58.93999999999869,21787.59
20142.24,-58.92999999999665,21642.924
20142.25,-58.919999999998254,21353.809
20142.26,-58.909999999999854,21450.146
20142.27,-58.89999999999782,21594.717
20142.28,-58.88999999999942,21691.139
20142.29,-58.87999999999738,21450.146
20142.3,-58.86999999999898,21594.717
20142.31,-58.859999999996944,21594.717
20142.32,-58.849999999998545,21642.924
20142.33,-58.83999999999651,21498.33
20142.34,-58.82999999999811,21498.33
20142.35,-58.81999999999971,21884.076
20142.36,-58.80999999999767,21787.59
20142.37,-58.79999999999927,21546.52
20142.38,-58.789999999997235,21450.146
20142.39,-58.779999999998836,21546.52
20142.4,-58.7699999999968,21546.52
20142.41,-58.7599999999984,21498.33
20142.42,-58.75,21594.717
20142.43,-58.73999999999796,21498.33
20142.44,-58.72999999999956,21546.52
20142.45,-58.719999999997526,21594.717
20142.46,-58.70999999999913,21546.52
20142.47,-58.69999999999709,21546.52
20142.48,-58.68999999999869,21546.52
20142.49,-58.67999999999665,21450.146
20142.5,-58.669999999998254,21594.717
20142.51,-58.659999999999854,21401.973
20142.52,-58.64999999999782,21691.139
20142.53,-58.63999999999942,21546.52
20142.54,-58.62999999999738,21546.52
20142.55,-58.61999999999898,21691.139
20142.56,-58.609999999996944,21642.924
20142.57,-58.599999999998545,21691.139
20142.58,-58.58999999999651,21594.717
20142.59,-58.57999999999811,21594.717
20142.6,-58.56999999999971,21691.139
20142.61,-58.55999999999767,21787.59
20142.62,-58.54999999999927,21546.52
20142.63,-58.539999999997235,21546.52
20142.64,-58.529999999998836,21546.52
20142.65,-58.5199999999968,21546.52
20142.66,-58.5099999999984,21353.809
20142.67,-58.5,21691.139
20142.68,-58.48999999999796,21691.139
20142.69,-58.47999999999956,21594.717
20142.7,-58.469999999997526,21498.33
20142.71,-58.45999999999913,21546.52
20142.72,-58.44999999999709,21739.359
20142.73,-58.43999999999869,21594.717
20142.74,-58.42999999999665,21546.52
20142.75,-58.419999999998254,21353.809
20142.76,-58.409999999999854,21546.52
20142.77,-58.39999999999782,21642.924
20142.78,-58.38999999999942,21401.973
20142.79,-58.37999999999738,21642.924
20142.8,-58.36999999999898,21546.52
20142.81,-58.359999999996944,21546.52
20142.82,-58.349999999998545,21691.139
20142.83,-58.33999999999651,21546.52
20142.84,-58.32999999999811,21787.59
20142.85,-58.31999999999971,21884.076
20142.86,-58.30999999999767,21691.139
20142.87,-58.29999999999927,21498.33
20142.88,-58.289999999997235,21401.973
20142.89,-58.279999999998836,21546.52
20142.9,-58.2699999999968,21450.146
20142.91,-58.2599999999984,21546.52
20142.92,-58.25,21401.973
20142.93,-58.23999999999796,21546.52
20142.94,-58.22999999999956,21787.59
20142.95,-58.219999999997526,21787.59
20142.96,-58.20999999999913,21739.359
20142.97,-58.19999999999709,21642.924
20142.98,-58.18999999999869,21642.924
20142.99,-58.17999999999665,21546.52
20143.0,-58.169999999998254,21787.59
20143.01,-58.159999999999854,21546.52
20143.02,-58.14999999999782,21498.33
20143.03,-58.13999999999942,21498.33
20143.04,-58.12999999999738,21401.973
20143.05,-58.11999999999898,21594.717
20143.06,-58.109999999996944,21546.52
20143.07,-58.099999999998545,21691.139
20143.08,-58.08999999999651,21546.52
20143.09,-58.07999999999811,21546.52
20143.1,-58.06999999999971,21546.52
20143.11,-58.05999999999767,21787.59
20143.12,-58.04999999999927,21498.33
20143.13,-58.039999999997235,21642.924
20143.14,-58.029999999998836,21546.52
20143.15,-58.0199999999968,21594.717
20143.16,-58.0099999999984,21546.52
20143.17,-58.0,21450.146
20143.18,-57.98999999999796,21642.924
20143.19,-57.97999999999956,21642.924
20143.2,-57.969999999997526,21401.973
20143.21,-57.95999999999913,21594.717
20143.22,-57.94999999999709,21594.717
20143.23,-57.93999999999869,21691.139
20143.24,-57.92999999999665,21546.52
20143.25,-57.919999999998254,21498.33
20143.26,-57.909999999999854,21450.146
20143.27,-57.89999999999782,21594.717
20143.28,-57.88999999999942,21498.33
20143.29,-57.87999999999738,21594.717
20143.3,-57.86999999999898,21546.52
20143.31,-57.859999999996944,21546.52
20143.32,-57.849999999998545,21546.52
20143.33,-57.83999999999651,21546.52
20143.34,-57.82999999999811,21546.52
20143.35,-57.81999999999971,21642.924
20143.36,-57.80999999999767,21594.717
20143.37,-57.79999999999927,21739.359
20143.38,-57.789999999997235,21739.359
20143.39,-57.779999999998836,21739.359
20143.4,-57.7699999999968,21594.717
20143.41,-57.7599999999984,21353.809
20143.42,-57.75,21353.809
20143.43,-57.73999999999796,21691.139
20143.44,-57.72999999999956,21450.146
20143.45,-57.719999999997526,21450.146
20143.46,-57.70999999999913,21450.146
20143.47,-57.69999999999709,21642.924
20143.48,-57.68999999999869,21739.359
20143.49,-57.67999999999665,21546.52
20143.5,-57.669999999998254,21498.33
20143.51,-57.659999999999854,21450.146
20143.52,-57.64999999999782,21546.52
20143.53,-57.63999999999942,21739.359
20143.54,-57.62999999999738,21594.717
20143.55,-57.61999999999898,21546.52
20143.56,-57.609999999996944,21546.52
20143.57,-57.599999999998545,21498.33
20143.58,-57.58999999999651,21401.973
20143.59,-57.57999999999811,21642.924
20143.6,-57.56999999999971,21691.139
20143.61,-57.55999999999767,21498.33
20143.62,-57.54999999999927,21594.717
20143.63,-57.539999999997235,21642.924
20143.64,-57.529999999998836,21498.33
20143.65,-57.5199999999968,21546.52
20143.66,-57.5099999999984,21498.33
20143.67,-57.5,21498.33
20143.68,-57.48999999999796,21594.717
20143.69,-57.47999999999956,21594.717
20143.7,-57.469999999997526,21450.146
20143.71,-57.45999999999913,21642.924
20143.72,-57.44999999999709,21642.924
20143.73,-57.43999999999869,21498.33
20143.74,-57.42999999999665,21450.146
20143.75,-57.419999999998254,21353.809
20143.76,-57.409999999999854,21450.146
20143.77,-57.39999999999782,21691.139
20143.78,-57.38999999999942,21691.139
20143.79,-57.37999999999738,21594.717
20143.8,-57.36999999999898,21594.717
20143.81,-57.359999999996944,21739.359
20143.82,-57.349999999998545,21642.924
20143.83,-57.33999999999651,21546.52
20143.84,-57.32999999999811,21546.52
20143.85,-57.31999999999971,21642.924
20143.86,-57.30999999999767,21498.33
20143.87,-57.29999999999927,21498.33
20143.88,-57.289999999997235,21739.359
20143.89,-57.279999999998836,21546.52
20143.9,-57.2699999999968,21594.717
20143.91,-57.2599999999984,21594.717
20143.92,-57.25,21594.717
20143.93,-57.23999999999796,21835.83
20143.94,-57.22999999999956,21546.52
20143.95,-57.219999999997526,21546.52
20143.96,-57.20999999999913,21498.33
20143.97,-57.19999999999709,21546.52
20143.98,-57.18999999999869,21546.52
20143.99,-57.17999999999665,21498.33
20144.0,-57.169999999998254,21450.146
20144.01,-57.159999999999854,21594.717
20144.02,-57.14999999999782,21691.139
20144.03,-57.13999999999942,21787.59
20144.04,-57.12999999999738,21498.33
20144.05,-57.11999999999898,21594.717
20144.06,-57.109999999996944,21594.717
20144.07,-57.099999999998545,21498.33
20144.08,-57.08999999999651,21546.52
20144.09,-57.07999999999811,21546.52
20144.1,-57.06999999999971,21546.52
20144.11,-57.05999999999767,21642.924
20144.12,-57.04999999999927,21353.809
20144.13,-57.039999999997235,21450.146
20144.14,-57.029999999998836,21691.139
20144.15,-57.0199999999968,21450.146
20144.16,-57.0099999999984,21642.924
20144.17,-57.0,21546.52
20144.18,-56.98999999999796,21450.146
20144.19,-56.97999999999956,21498.33
20144.2,-56.969999999997526,21498.33
20144.21,-56.95999999999913,21642.924
20144.22,-56.94999999999709,21739.359
20144.23,-56.93999999999869,21691.139
20144.24,-56.92999999999665,21642.924
20144.25,-56.919999999998254,21642.924
20144.26,-56.909999999999854,21546.52
20144.27,-56.89999999999782,21498.33
20144.28,-56.88999999999942,21642.924
20144.29,-56.87999999999738,21450.146
20144.3,-56.86999999999898,21594.717
20144.31,-56.859999999996944,21594.717
20144.32,-56.849999999998545,21594.717
20144.33,-56.83999999999651,21739.359
20144.34,-56.82999999999811,21546.52
20144.35,-56.81999999999971,21546.52
20144.36,-56.80999999999767,21594.717
20144.37,-56.79999999999927,21401.973
20144.38,-56.789999999997235,21498.33
20144.39,-56.779999999998836,21594.717
20144.4,-56.7699999999968,21546.52
20144.41,-56.7599999999984,21642.924
20144.42,-56.75,21739.359
20144.43,-56.73999999999796,21787.59
20144.44,-56.72999999999956,21691.139
20144.45,-56.719999999997526,21691.139
20144.46,-56.70999999999913,21450.146
20144.47,-56.69999999999709,21546.52
20144.48,-56.68999999999869,21642.924
20144.49,-56.67999999999665,21594.717
20144.5,-56.669999999998254,21594.717
20144.51,-56.659999999999854,21594.717
20144.52,-56.64999999999782,21546.52
20144.53,-56.63999999999942,21546.52
20144.54,-56.62999999999738,21450.146
20144.55,-56.61999999999898,21642.924
20144.56,-56.609999999996944,21691.139
20144.57,-56.599999999998545,21594.717
20144.58,-56.58999999999651,21546.52
20144.59,-56.57999999999811,21546.52
20144.6,-56.56999999999971,21691.139
20144.61,-56.55999999999767,21642.924
20144.62,-56.54999999999927,21594.717
20144.63,-56.539999999997235,21546.52
20144.64,-56.529999999998836,21739.359
20144.65,-56.5199999999968,21594.717
20144.66,-56.5099999999984,21739.359
20144.67,-56.5,21546.52
20144.68,-56.48999999999796,21884.076
20144.69,-56.47999999999956,21546.52
20144.7,-56.469999999997526,21450.146
20144.71,-56.45999999999913,21401.973
20144.72,-56.44999999999709,21691.139
20144.73,-56.43999999999869,21642.924
20144.74,-56.42999999999665,21594.717
20144.75,-56.419999999998254,21546.52
20144.76,-56.409999999999854,21546.52
20144.77,-56.39999999999782,21739.359
20144.78,-56.38999999999942,21642.924
20144.79,-56.37999999999738,21498.33
20144.8,-56.36999999999898,21594.717
20144.81,-56.359999999996944,21450.146
20144.82,-56.349999999998545,21401.973
20144.83,-56.33999999999651,21594.717
20144.84,-56.32999999999811,21787.59
20144.85,-56.31999999999971,21546.52
20144.86,-56.30999999999767,21450.146
20144.87,-56.29999999999927,21450.146
20144.88,-56.289999999997235,21642.924
20144.89,-56.279999999998836,21884.076
20144.9,-56.2699999999968,21546.52
20144.91,-56.2599999999984,21787.59
20144.92,-56.25,21546.52
20144.93,-56.23999999999796,21691.139
20144.94,-56.22999999999956,21642.924
20144.95,-56.219999999997526,21642.924
20144.96,-56.20999999999913,21594.717
20144.97,-56.19999999999709,21594.717
20144.98,-56.18999999999869,21546.52
20144.99,-56.17999999999665,21450.146
20145.0,-56.169999999998254,21401.973
20145.01,-56.159999999999854,21594.717
20145.02,-56.14999999999782,21642.924
20145.03,-56.13999999999942,21739.359
20145.04,-56.12999999999738,21594.717
20145.05,-56.11999999999898,21305.65
20145.06,-56.109999999996944,21498.33
20145.07,-56.099999999998545,21353.809
20145.08,-56.08999999999651,21546.52
20145.09,-56.07999999999811,21498.33
20145.1,-56.06999999999971,21739.359
20145.11,-56.05999999999767,21691.139
20145.12,-56.04999999999927,21594.717
20145.13,-56.039999999997235,21594.717
20145.14,-56.029999999998836,21594.717
20145.15,-56.0199999999968,21498.33
20145.16,-56.0099999999984,21594.717
20145.17,-56.0,21642.924
20145.18,-55.98999999999796,21546.52
20145.19,-55.97999999999956,21450.146
20145.2,-55.969999999997526,21498.33
20145.21,-55.95999999999913,21498.33
20145.22,-55.94999999999709,21739.359
20145.23,-55.93999999999869,21787.59
20145.24,-55.92999999999665,21691.139
20145.25,-55.919999999998254,21546.52
20145.26,-55.909999999999854,21450.146
20145.27,-55.89999999999782,21787.59
20145.28,-55.88999999999942,21498.33
20145.29,-55.87999999999738,21642.924
20145.3,-55.86999999999898,21787.59
20145.31,-55.859999999996944,21546.52
20145.32,-55.849999999998545,21642.924
20145.33,-55.83999999999651,21546.52
20145.34,-55.82999999999811,21546.52
20145.35,-55.81999999999971,21739.359
20145.36,-55.80999999999767,21739.359
20145.37,-55.79999999999927,21546.52
20145.38,-55.789999999997235,21546.52
20145.39,-55.779999999998836,21546.52
20145.4,-55.7699999999968,21691.139
20145.41,-55.7599999999984,21546.52
20145.42,-55.75,21498.33
20145.43,-55.73999999999796,21642.924
20145.44,-55.72999999999956,21546.52
20145.45,-55.719999999997526,21498.33
20145.46,-55.70999999999913,21642.924
20145.47,-55.69999999999709,21546.52
20145.48,-55.68999999999869,21642.924
20145.49,-55.67999999999665,21401.973
20145.5,-55.669999999998254,21498.33
20145.51,-55.659999999999854,21594.717
20145.52,-55.64999999999782,21450.146
20145.53,-55.63999999999942,21691.139
20145.54,-55.62999999999738,21691.139
20145.55,-55.61999999999898,21642.924
20145.56,-55.609999999996944,21546.52
20145.57,-55.599999999998545,21787.59
20145.58,-55.58999999999651,21546.52
20145.59,-55.57999999999811,21642.924
20145.6,-55.56999999999971,21739.359
20145.61,-55.55999999999767,21546.52
20145.62,-55.54999999999927,21739.359
20145.63,-55.539999999997235,21642.924
20145.64,-55.529999999998836,21739.359
20145.65,-55.5199999999968,21787.59
20145.66,-55.5099999999984,21691.139
20145.67,-55.5,21498.33
20145.68,-55.48999999999796,21498.33
20145.69,-55.47999999999956,21691.139
20145.7,-55.469999999997526,21498.33
20145.71,-55.45999999999913,21594.717
20145.72,-55.44999999999709,21739.359
20145.73,-55.43999999999869,21642.924
20145.74,-55.42999999999665,21546.52
20145.75,-55.419999999998254,21739.359
20145.76,-55.409999999999854,21642.924
20145.77,-55.39999999999782,21884.076
20145.78,-55.38999999999942,21546.52
20145.79,-55.37999999999738,21787.59
20145.8,-55.36999999999898,21546.52
20145.81,-55.359999999996944,21594.717
20145.82,-55.349999999998545,21546.52
20145.83,-55.33999999999651,21691.139
20145.84,-55.32999999999811,21739.359
20145.85,-55.31999999999971,21594.717
20145.86,-55.30999999999767,21546.52
20145.87,-55.29999999999927,21498.33
20145.88,-55.289999999997235,21546.52
20145.89,-55.279999999998836,21787.59
20145.9,-55.2699999999968,21642.924
20145.91,-55.2599999999984,21546.52
20145.92,-55.25,21691.139
20145.93,-55.23999999999796,21739.359
20145.94,-55.22999999999956,21594.717
20145.95,-55.219999999997526,21642.924
20145.96,-55.20999999999913,21594.717
20145.97,-55.19999999999709,21642.924
20145.98,-55.18999999999869,21642.924
20145.99,-55.17999999999665,21498.33
20146.0,-55.169999999998254,21401.973
20146.01,-55.159999999999854,21546.52
20146.02,-55.14999999999782,21642.924
20146.03,-55.13999999999942,21450.146
20146.04,-55.12999999999738,21642.924
20146.05,-55.11999999999898,21546.52
20146.06,-55.109999999996944,21546.52
20146.07,-55.099999999998545,21739.359
20146.08,-55.08999999999651,21691.139
20146.09,-55.07999999999811,21546.52
20146.1,-55.06999999999971,21498.33
20146.11,-55.05999999999767,21498.33
20146.12,-55.04999999999927,21594.717
20146.13,-55.039999999997235,21450.146
20146.14,-55.029999999998836,21691.139
20146.15,-55.0199999999968,21594.717
20146.16,-55.0099999999984,21691.139
20146.17,-55.0,21787.59
20146.18,-54.98999999999796,21691.139
20146.19,-54.97999999999956,21498.33
20146.2,-54.969999999997526,21642.924
20146.21,-54.95999999999913,21594.717
20146.22,-54.94999999999709,21691.139
20146.23,-54.93999999999869,21594.717
20146.24,-54.92999999999665,21498.33
20146.25,-54.919999999998254,21450.146
20146.26,-54.909999999999854,21594.717
20146.27,-54.89999999999782,21691.139
20146.28,-54.88999999999942,21594.717
20146.29,-54.87999999999738,21642.924
20146.3,-54.86999999999898,21691.139
20146.31,-54.859999999996944,21932.332
20146.32,-54.849999999998545,21642.924
20146.33,-54.83999999999651,21642.924
20146.34,-54.82999999999811,21498.33
20146.35,-54.81999999999971,21642.924
20146.36,-54.80999999999767,21739.359
20146.37,-54.79999999999927,21691.139
20146.38,-54.789999999997235,21739.359
20146.39,-54.779999999998836,21642.924
20146.4,-54.7699999999968,21594.717
20146.41,-54.7599999999984,21546.52
20146.42,-54.75,21691.139
20146.43,-54.73999999999796,21787.59
20146.44,-54.72999999999956,21787.59
20146.45,-54.719999999997526,21835.83
20146.46,-54.70999999999913,21546.52
20146.47,-54.69999999999709,21739.359
20146.48,-54.68999999999869,21787.59
20146.49,-54.67999999999665,21642.924
20146.5,-54.669999999998254,21594.717
20146.51,-54.659999999999854,21642.924
20146.52,-54.64999999999782,21787.59
20146.53,-54.63999999999942,21642.924
20146.54,-54.62999999999738,21546.52
20146.55,-54.61999999999898,21594.717
20146.56,-54.609999999996944,21642.924
20146.57,-54.599999999998545,21642.924
20146.58,-54.58999999999651,21594.717
20146.59,-54.57999999999811,21835.83
20146.6,-54.56999999999971,21642.924
20146.61,-54.55999999999767,21787.59
20146.62,-54.54999999999927,21498.33
20146.63,-54.539999999997235,21691.139
20146.64,-54.529999999998836,21498.33
20146.65,-54.5199999999968,21450.146
20146.66,-54.5099999999984,21642.924
20146.67,-54.5,21691.139
20146.68,-54.48999999999796,21835.83
20146.69,-54.47999999999956,21787.59
20146.7,-54.469999999997526,21642.924
20146.71,-54.45999999999913,21691.139
20146.72,-54.44999999999709,21884.076
20146.73,-54.43999999999869,21546.52
20146.74,-54.42999999999665,21691.139
20146.75,-54.419999999998254,21594.717
20146.76,-54.409999999999854,21498.33
20146.77,-54.39999999999782,21691.139
20146.78,-54.38999999999942,21594.717
20146.79,-54.37999999999738,21450.146
20146.8,-54.36999999999898,21450.146
20146.81,-54.359999999996944,21546.52
20146.82,-54.349999999998545,21498.33
20146.83,-54.33999999999651,21642.924
20146.84,-54.32999999999811,21498.33
20146.85,-54.31999999999971,21594.717
20146.86,-54.30999999999767,21691.139
20146.87,-54.29999999999927,21498.33
20146.88,-54.289999999997235,21353.809
20146.89,-54.279999999998836,21787.59
20146.9,-54.2699999999968,21546.52
20146.91,-54.2599999999984,21546.52
20146.92,-54.25,21739.359
20146.93,-54.23999999999796,21739.359
20146.94,-54.22999999999956,21642.924
20146.95,-54.219999999997526,21546.52
20146.96,-54.20999999999913,21642.924
20146.97,-54.19999999999709,21450.146
20146.98,-54.18999999999869,21691.139
20146.99,-54.17999999999665,21594.717
20147.0,-54.169999999998254,21546.52
20147.01,-54.159999999999854,21642.924
20147.02,-54.14999999999782,21691.139
20147.03,-54.13999999999942,21546.52
20147.04,-54.12999999999738,21594.717
20147.05,-54.11999999999898,21739.359
20147.06,-54.109999999996944,21546.52
20147.07,-54.099999999998545,21594.717
20147.08,-54.08999999999651,21546.52
20147.09,-54.07999999999811,21546.52
20147.1,-54.06999999999971,21691.139
20147.11,-54.05999999999767,21594.717
20147.12,-54.04999999999927,21691.139
20147.13,-54.039999999997235,21642.924
20147.14,-54.029999999998836,21739.359
20147.15,-54.0199999999968,21546.52
20147.16,-54.0099999999984,21546.52
20147.17,-54.0,21594.717
20147.18,-53.98999999999796,21642.924
20147.19,-53.97999999999956,21450.146
20147.2,-53.969999999997526,21594.717
20147.21,-53.95999999999913,21691.139
20147.22,-53.94999999999709,21642.924
20147.23,-53.93999999999869,21739.359
20147.24,-53.92999999999665,21498.33
20147.25,-53.919999999998254,21594.717
20147.26,-53.909999999999854,21498.33
20147.27,-53.89999999999782,21835.83
20147.28,-53.88999999999942,21594.717
20147.29,-53.87999999999738,21450.146
20147.3,-53.86999999999898,21642.924
20147.31,-53.859999999996944,21739.359
20147.32,-53.849999999998545,21642.924
20147.33,-53.83999999999651,21691.139
20147.34,-53.82999999999811,21642.924
20147.35,-53.81999999999971,21546.52
20147.36,-53.80999999999767,21594.717
20147.37,-53.79999999999927,21450.146
20147.38,-53.789999999997235,21594.717
20147.39,-53.779999999998836,21787.59
20147.4,-53.7699999999968,21691.139
20147.41,-53.7599999999984,21739.359
20147.42,-53.75,21642.924
20147.43,-53.73999999999796,21787.59
20147.44,-53.72999999999956,21546.52
20147.45,-53.719999999997526,21546.52
20147.46,-53.70999999999913,21642.924
20147.47,-53.69999999999709,21594.717
20147.48,-53.68999999999869,21739.359
20147.49,-53.67999999999665,21835.83
20147.5,-53.669999999998254,21642.924
20147.51,-53.659999999999854,21835.83
20147.52,-53.64999999999782,21739.359
20147.53,-53.63999999999942,21739.359
20147.54,-53.62999999999738,21546.52
20147.55,-53.61999999999898,21546.52
20147.56,-53.609999999996944,21787.59
20147.57,-53.599999999998545,21546.52
20147.58,-53.58999999999651,21642.924
20147.59,-53.57999999999811,21739.359
20147.6,-53.56999999999971,21739.359
20147.61,-53.55999999999767,21450.146
20147.62,-53.54999999999927,21787.59
20147.63,-53.539999999997235,21787.59
20147.64,-53.529999999998836,21691.139
20147.65,-53.5199999999968,21739.359
20147.66,-53.5099999999984,21498.33
20147.67,-53.5,21546.52
20147.68,-53.48999999999796,21739.359
20147.69,-53.47999999999956,21691.139
20147.7,-53.469999999997526,21787.59
20147.71,-53.45999999999913,21546.52
20147.72,-53.44999999999709,21594.717
20147.73,-53.43999999999869,21691.139
20147.74,-53.42999999999665,21691.139
20147.75,-53.419999999998254,21691.139
20147.76,-53.409999999999854,21546.52
20147.77,-53.39999999999782,21835.83
20147.78,-53.38999999999942,21498.33
20147.79,-53.37999999999738,21642.924
20147.8,-53.36999999999898,21691.139
20147.81,-53.359999999996944,21739.359
20147.82,-53.349999999998545,21546.52
20147.83,-53.33999999999651,21546.52
20147.84,-53.32999999999811,21835.83
20147.85,-53.31999999999971,21739.359
20147.86,-53.30999999999767,21498.33
20147.87,-53.29999999999927,21691.139
20147.88,-53.289999999997235,21642.924
20147.89,-53.279999999998836,21739.359
20147.9,-53.2699999999968,21835.83
20147.91,-53.2599999999984,21546.52
20147.92,-53.25,21642.924
20147.93,-53.23999999999796,21691.139
20147.94,-53.22999999999956,21546.52
20147.95,-53.219999999997526,21642.924
20147.96,-53.20999999999913,21546.52
20147.97,-53.19999999999709,21739.359
20147.98,-53.18999999999869,21787.59
20147.99,-53.17999999999665,21546.52
20148.0,-53.169999999998254,21691.139
20148.01,-53.159999999999854,21546.52
20148.02,-53.14999999999782,21691.139
20148.03,-53.13999999999942,21498.33
20148.04,-53.12999999999738,21498.33
20148.05,-53.11999999999898,21594.717
20148.06,-53.109999999996944,21546.52
20148.07,-53.099999999998545,21594.717
20148.08,-53.08999999999651,21691.139
20148.09,-53.07999999999811,21691.139
20148.1,-53.06999999999971,21691.139
20148.11,-53.05999999999767,21546.52
20148.12,-53.04999999999927,21691.139
20148.13,-53.039999999997235,21739.359
20148.14,-53.029999999998836,21835.83
20148.15,-53.0199999999968,21835.83
20148.16,-53.0099999999984,21450.146
20148.17,-53.0,21739.359
20148.18,-52.98999999999796,21642.924
20148.19,-52.97999999999956,21498.33
20148.2,-52.969999999997526,21498.33
20148.21,-52.95999999999913,21691.139
20148.22,-52.94999999999709,21787.59
20148.23,-52.93999999999869,21642.924
20148.24,-52.92999999999665,21498.33
20148.25,-52.919999999998254,21546.52
20148.26,-52.909999999999854,21691.139
20148.27,-52.89999999999782,21691.139
20148.28,-52.88999999999942,21594.717
20148.29,-52.87999999999738,21642.924
20148.3,-52.86999999999898,21739.359
20148.31,-52.859999999996944,21787.59
20148.32,-52.849999999998545,21739.359
20148.33,-52.83999999999651,21642.924
20148.34,-52.82999999999811,21884.076
20148.35,-52.81999999999971,21787.59
20148.36,-52.80999999999767,21450.146
20148.37,-52.79999999999927,21450.146
20148.38,-52.789999999997235,21739.359
20148.39,-52.779999999998836,21546.52
20148.4,-52.7699999999968,21642.924
20148.41,-52.7599999999984,21787.59
20148.42,-52.75,21642.924
20148.43,-52.73999999999796,21691.139
20148.44,-52.72999999999956,21498.33
20148.45,-52.719999999997526,21546.52
20148.46,-52.70999999999913,21642.924
20148.47,-52.69999999999709,21884.076
20148.48,-52.68999999999869,21642.924
20148.49,-52.67999999999665,21450.146
20148.5,-52.669999999998254,21546.52
20148.51,-52.659999999999854,21642.924
20148.52,-52.64999999999782,21691.139
20148.53,-52.63999999999942,21498.33
20148.54,-52.62999999999738,21546.52
20148.55,-52.61999999999898,21546.52
20148.56,-52.609999999996944,21546.52
20148.57,-52.599999999998545,21691.139
20148.58,-52.58999999999651,21594.717
20148.59,-52.57999999999811,21691.139
20148.6,-52.56999999999971,21642.924
20148.61,-52.55999999999767,21546.52
20148.62,-52.54999999999927,21546.52
20148.63,-52.539999999997235,21594.717
20148.64,-52.529999999998836,21787.59
20148.65,-52.5199999999968,21594.717
20148.66,-52.5099999999984,21642.924
20148.67,-52.5,21642.924
20148.68,-52.48999999999796,21450.146
20148.69,-52.47999999999956,21594.717
20148.7,-52.469999999997526,21594.717
20148.71,-52.45999999999913,21546.52
20148.72,-52.44999999999709,21835.83
20148.73,-52.43999999999869,21546.52
20148.74,-52.42999999999665,21546.52
20148.75,-52.419999999998254,21594.717
20148.76,-52.409999999999854,21691.139
20148.77,-52.39999999999782,21498.33
20148.78,-52.38999999999942,21450.146
20148.79,-52.37999999999738,21739.359
20148.8,-52.36999999999898,21739.359
20148.81,-52.359999999996944,21691.139
20148.82,-52.349999999998545,21594.717
20148.83,-52.33999999999651,21450.146
20148.84,-52.32999999999811,21691.139
20148.85,-52.31999999999971,21642.924
20148.86,-52.30999999999767,21498.33
20148.87,-52.29999999999927,21546.52
20148.88,-52.289999999997235,21546.52
20148.89,-52.279999999998836,21739.359
20148.9,-52.2699999999968,21546.52
20148.91,-52.2599999999984,21546.52
20148.92,-52.25,21642.924
20148.93,-52.23999999999796,21739.359
20148.94,-52.22999999999956,21691.139
20148.95,-52.219999999997526,21594.717
20148.96,-52.20999999999913,21546.52
20148.97,-52.19999999999709,21353.809
20148.98,-52.18999999999869,21787.59
20148.99,-52.17999999999665,21594.717
20149.0,-52.169999999998254,21546.52
20149.01,-52.159999999999854,21594.717
20149.02,-52.14999999999782,21739.359
20149.03,-52.13999999999942,21642.924
20149.04,-52.12999999999738,21546.52
20149.05,-52.11999999999898,21594.717
20149.06,-52.109999999996944,21787.59
20149.07,-52.099999999998545,21884.076
20149.08,-52.08999999999651,21594.717
20149.09,-52.07999999999811,21739.359
20149.1,-52.06999999999971,21884.076
20149.11,-52.05999999999767,21642.924
20149.12,-52.04999999999927,21546.52
20149.13,-52.039999999997235,21594.717
20149.14,-52.029999999998836,21739.359
20149.15,-52.0199999999968,21642.924
20149.16,-52.0099999999984,21642.924
20149.17,-52.0,21546.52
20149.18,-51.98999999999796,21642.924
20149.19,-51.97999999999956,21546.52
20149.2,-51.969999999997526,21594.717
20149.21,-51.95999999999913,21691.139
20149.22,-51.94999999999709,21739.359
20149.23,-51.93999999999869,21642.924
20149.24,-51.92999999999665,21498.33
20149.25,-51.919999999998254,21353.809
20149.26,-51.909999999999854,21594.717
20149.27,-51.89999999999782,21642.924
20149.28,-51.88999999999942,21353.809
20149.29,-51.87999999999738,21546.52
20149.3,-51.86999999999898,21594.717
20149.31,-51.859999999996944,21835.83
20149.32,-51.849999999998545,21594.717
20149.33,-51.83999999999651,21642.924
20149.34,-51.82999999999811,21594.717
20149.35,-51.81999999999971,21787.59
20149.36,-51.80999999999767,21546.52
20149.37,-51.79999999999927,21642.924
20149.38,-51.789999999997235,21835.83
20149.39,-51.779999999998836,21546.52
20149.4,-51.7699999999968,21594.717
20149.41,-51.7599999999984,21787.59
20149.42,-51.75,21594.717
20149.43,-51.73999999999796,21691.139
20149.44,-51.72999999999956,21835.83
20149.45,-51.719999999997526,21498.33
20149.46,-51.70999999999913,21787.59
20149.47,-51.69999999999709,21546.52
20149.48,-51.68999999999869,21691.139
20149.49,-51.67999999999665,21691.139
20149.5,-51.669999999998254,21594.717
20149.51,-51.659999999999854,21739.359
20149.52,-51.64999999999782,21642.924
20149.53,-51.63999999999942,21642.924
20149.54,-51.62999999999738,21691.139
20149.55,-51.61999999999898,21450.146
20149.56,-51.609999999996944,21739.359
20149.57,-51.599999999998545,21642.924
20149.58,-51.58999999999651,21498.33
20149.59,-51.57999999999811,21546.52
20149.6,-51.56999999999971,21642.924
20149.61,-51.55999999999767,21691.139
20149.62,-51.54999999999927,21787.59
20149.63,-51.539999999997235,21835.83
20149.64,-51.529999999998836,21835.83
20149.65,-51.5199999999968,21546.52
20149.66,-51.5099999999984,21642.924
20149.67,-51.5,21787.59
20149.68,-51.48999999999796,21739.359
20149.69,-51.47999999999956,21787.59
20149.7,-51.469999999997526,21642.924
20149.71,-51.45999999999913,21642.924
20149.72,-51.44999999999709,21691.139
20149.73,-51.43999999999869,21546.52
20149.74,-51.42999999999665,21642.924
20149.75,-51.419999999998254,21546.52
20149.76,-51.409999999999854,21642.924
20149.77,-51.39999999999782,21787.59
20149.78,-51.38999999999942,21787.59
20149.79,-51.37999999999738,21691.139
20149.8,-51.36999999999898,21787.59
20149.81,-51.359999999996944,21546.52
20149.82,-51.349999999998545,21787.59
20149.83,-51.33999999999651,21787.59
20149.84,-51.32999999999811,21691.139
20149.85,-51.31999999999971,21739.359
20149.86,-51.30999999999767,21594.717
20149.87,-51.29999999999927,21546.52
20149.88,-51.289999999997235,21546.52
20149.89,-51.279999999998836,21980.594
20149.9,-51.2699999999968,21450.146
20149.91,-51.2599999999984,21594.717
20149.92,-51.25,21594.717
20149.93,-51.23999999999796,21691.139
20149.94,-51.22999999999956,21739.359
20149.95,-51.219999999997526,21739.359
20149.96,-51.20999999999913,21642.924
20149.97,-51.19999999999709,21691.139
20149.98,-51.18999999999869,21787.59
20149.99,-51.17999999999665,21884.076
20150.0,-51.169999999998254,21594.717
20150.01,-51.159999999999854,21835.83
20150.02,-51.14999999999782,21739.359
20150.03,-51.13999999999942,21353.809
20150.04,-51.12999999999738,21594.717
20150.05,-51.11999999999898,21787.59
20150.06,-51.109999999996944,21787.59
20150.07,-51.099999999998545,21450.146
20150.08,-51.08999999999651,21546.52
20150.09,-51.07999999999811,21642.924
20150.1,-51.06999999999971,21691.139
20150.11,-51.05999999999767,21498.33
20150.12,-51.04999999999927,21691.139
20150.13,-51.039999999997235,21642.924
20150.14,-51.029999999998836,21594.717
20150.15,-51.0199999999968,21353.809
20150.16,-51.0099999999984,21691.139
20150.17,-51.0,21642.924
20150.18,-50.98999999999796,21691.139
20150.19,-50.97999999999956,21691.139
20150.2,-50.969999999997526,21739.359
20150.21,-50.95999999999913,21546.52
20150.22,-50.94999999999709,21450.146
20150.23,-50.93999999999869,21691.139
20150.24,-50.92999999999665,21691.139
20150.25,-50.919999999998254,21691.139
20150.26,-50.909999999999854,21787.59
20150.27,-50.89999999999782,21739.359
20150.28,-50.88999999999942,21353.809
20150.29,-50.87999999999738,21739.359
20150.3,-50.86999999999898,21642.924
20150.31,-50.859999999996944,21980.594
20150.32,-50.849999999998545,21691.139
20150.33,-50.83999999999651,21642.924
20150.34,-50.82999999999811,21739.359
20150.35,-50.81999999999971,21642.924
20150.36,-50.80999999999767,21884.076
20150.37,-50.79999999999927,21498.33
20150.38,-50.789999999997235,21691.139
20150.39,-50.779999999998836,21884.076
20150.4,-50.7699999999968,21642.924
20150.41,-50.7599999999984,21498.33
20150.42,-50.75,21353.809
20150.43,-50.73999999999796,21498.33
20150.44,-50.72999999999956,21353.809
20150.45,-50.719999999997526,22077.145
20150.46,-50.70999999999913,22947.563
20150.47,-50.69999999999709,23383.758
20150.48,-50.68999999999869,23917.777
20150.49,-50.67999999999665,23917.777
20150.5,-50.669999999998254,23869.189
20150.51,-50.659999999999854,23869.189
20150.52,-50.64999999999782,23674.92
20150.53,-50.63999999999942,23820.611
20150.54,-50.62999999999738,23772.039
20150.55,-50.61999999999898,23772.039
20150.56,-50.609999999996944,23869.189
20150.57,-50.599999999998545,23723.475
20150.58,-50.58999999999651,23820.611
20150.59,-50.57999999999811,23820.611
20150.6,-50.56999999999971,23917.777
20150.61,-50.55999999999767,23772.039
20150.62,-50.54999999999927,23723.475
20150.63,-50.539999999997235,23577.832
20150.64,-50.529999999998836,23966.375
20150.65,-50.5199999999968,23772.039
20150.66,-50.5099999999984,24112.211
20150.67,-50.5,23772.039
20150.68,-50.48999999999796,23723.475
20150.69,-50.47999999999956,23674.92
20150.7,-50.469999999997526,23480.779
20150.71,-50.45999999999913,23577.832
20150.72,-50.44999999999709,23577.832
20150.73,-50.43999999999869,23772.039
20150.74,-50.42999999999665,23626.373
20150.75,-50.419999999998254,23577.832
20150.76,-50.409999999999854,23820.611
20150.77,-50.39999999999782,23820.611
20150.78,-50.38999999999942,23723.475
20150.79,-50.37999999999738,23723.475
20150.8,-50.36999999999898,23869.189
20150.81,-50.359999999996944,23772.039
20150.82,-50.349999999998545,23772.039
20150.83,-50.33999999999651,24014.979
20150.84,-50.32999999999811,23723.475
20150.85,-50.31999999999971,23820.611
20150.86,-50.30999999999767,23674.92
20150.87,-50.29999999999927,23723.475
20150.88,-50.289999999997235,23626.373
20150.89,-50.279999999998836,23869.189
20150.9,-50.2699999999968,23772.039
20150.91,-50.2599999999984,23869.189
20150.92,-50.25,23772.039
20150.93,-50.23999999999796,23772.039
20150.94,-50.22999999999956,23723.475
20150.95,-50.219999999997526,23723.475
20150.96,-50.20999999999913,23772.039
20150.97,-50.19999999999709,23723.475
20150.98,-50.18999999999869,23820.611
20150.99,-50.17999999999665,23674.92
20151.0,-50.169999999998254,23820.611
20151.01,-50.159999999999854,23820.611
20151.02,-50.14999999999782,23917.777
20151.03,-50.13999999999942,23577.832
20151.04,-50.12999999999738,23820.611
20151.05,-50.11999999999898,23480.779
20151.06,-50.109999999996944,23772.039
20151.07,-50.099999999998545,23626.373
20151.08,-50.08999999999651,23626.373
20151.09,-50.07999999999811,23626.373
20151.1,-50.06999999999971,23820.611
20151.11,-50.05999999999767,23723.475
20151.12,-50.04999999999927,23674.92
20151.13,-50.039999999997235,23869.189
20151.14,-50.029999999998836,23820.611
20151.15,-50.0199999999968,23772.039
20151.16,-50.0099999999984,23772.039
20151.17,-50.0,24063.592
20151.18,-49.98999999999796,24112.211
20151.19,-49.97999999999956,23820.611
20151.2,-49.969999999997526,23869.189
20151.21,-49.95999999999913,23917.777
20151.22,-49.94999999999709,23674.92
20151.23,-49.93999999999869,23577.832
20151.24,-49.92999999999665,23674.92
20151.25,-49.919999999998254,23869.189
20151.26,-49.909999999999854,23723.475
20151.27,-49.89999999999782,23869.189
20151.28,-49.88999999999942,23674.92
20151.29,-49.87999999999738,23674.92
20151.3,-49.86999999999898,24550.162
20151.31,-49.859999999996944,24988.77
20151.32,-49.849999999998545,24842.494
20151.33,-49.83999999999651,25037.545
20151.34,-49.82999999999811,24842.494
20151.35,-49.81999999999971,24745.018
20151.36,-49.80999999999767,24842.494
20151.37,-49.79999999999927,24063.592
20151.38,-49.789999999997235,22657.131
20151.39,-49.779999999998836,21932.332
20151.4,-49.7699999999968,21546.52
20151.41,-49.7599999999984,21353.809
20151.42,-49.75,21257.502
20151.43,-49.73999999999796,21546.52
20151.44,-49.72999999999956,21498.33
20151.45,-49.719999999997526,21594.717
20151.46,-49.70999999999913,21353.809
20151.47,-49.69999999999709,21594.717
20151.48,-49.68999999999869,21546.52
20151.49,-49.67999999999665,21546.52
20151.5,-49.669999999998254,21594.717
20151.51,-49.659999999999854,21642.924
20151.52,-49.64999999999782,21594.717
20151.53,-49.63999999999942,21546.52
20151.54,-49.62999999999738,21450.146
20151.55,-49.61999999999898,21546.52
20151.56,-49.609999999996944,21691.139
20151.57,-49.599999999998545,21450.146
20151.58,-49.58999999999651,21498.33
20151.59,-49.57999999999811,21739.359
20151.6,-49.56999999999971,21305.65
20151.61,-49.55999999999767,21594.717
20151.62,-49.54999999999927,21546.52
20151.63,-49.539999999997235,21594.717
20151.64,-49.529999999998836,21642.924
20151.65,-49.5199999999968,21450.146
20151.66,-49.5099999999984,21450.146
20151.67,-49.5,21691.139
20151.68,-49.48999999999796,21546.52
20151.69,-49.47999999999956,21594.717
20151.7,-49.469999999997526,21401.973
20151.71,-49.45999999999913,21450.146
20151.72,-49.44999999999709,21546.52
20151.73,-49.43999999999869,21594.717
20151.74,-49.42999999999665,21546.52
20151.75,-49.419999999998254,21450.146
20151.76,-49.409999999999854,21353.809
20151.77,-49.39999999999782,21257.502
20151.78,-49.38999999999942,21353.809
20151.79,-49.37999999999738,21401.973
20151.8,-49.36999999999898,21450.146
20151.81,-49.359999999996944,21450.146
20151.82,-49.349999999998545,21594.717
20151.83,-49.33999999999651,21450.146
20151.84,-49.32999999999811,21546.52
20151.85,-49.31999999999971,21594.717
20151.86,-49.30999999999767,21739.359
20151.87,-49.29999999999927,21209.359
20151.88,-49.289999999997235,21353.809
20151.89,-49.279999999998836,21594.717
20151.9,-49.2699999999968,21691.139
20151.91,-49.2599999999984,21353.809
20151.92,-49.25,21353.809
20151.93,-49.23999999999796,21691.139
20151.94,-49.22999999999956,21546.52
20151.95,-49.219999999997526,21498.33
20151.96,-49.20999999999913,21546.52
20151.97,-49.19999999999709,21450.146
20151.98,-49.18999999999869,21594.717
20151.99,-49.17999999999665,21546.52
20152.0,-49.169999999998254,21450.146
20152.01,-49.159999999999854,21498.33
20152.02,-49.14999999999782,21787.59
20152.03,-49.13999999999942,21401.973
20152.04,-49.12999999999738,21498.33
20152.05,-49.11999999999898,21594.717
20152.06,-49.109999999996944,21691.139
20152.07,-49.099999999998545,21642.924
20152.08,-49.08999999999651,21401.973
20152.09,-49.07999999999811,21353.809
20152.1,-49.06999999999971,21498.33
20152.11,-49.05999999999767,21594.717
20152.12,-49.04999999999927,21546.52
20152.13,-49.039999999997235,21691.139
20152.14,-49.029999999998836,21546.52
20152.15,-49.0199999999968,21546.52
20152.16,-49.0099999999984,21498.33
20152.17,-49.0,21546.52
20152.18,-48.98999999999796,21594.717
20152.19,-48.97999999999956,21450.146
20152.2,-48.969999999997526,21594.717
20152.21,-48.95999999999913,21450.146
20152.22,-48.94999999999709,21594.717
20152.23,-48.93999999999869,21450.146
20152.24,-48.92999999999665,21498.33
20152.25,-48.919999999998254,21498.33
20152.26,-48.909999999999854,21353.809
20152.27,-48.89999999999782,21594.717
20152.28,-48.88999999999942,21546.52
20152.29,-48.87999999999738,21594.717
20152.3,-48.86999999999898,21546.52
20152.31,-48.859999999996944,21450.146
20152.32,-48.849999999998545,21594.717
20152.33,-48.83999999999651,21691.139
20152.34,-48.82999999999811,21450.146
20152.35,-48.81999999999971,21401.973
20152.36,-48.80999999999767,21691.139
20152.37,-48.79999999999927,21401.973
20152.38,-48.789999999997235,21353.809
20152.39,-48.779999999998836,21642.924
20152.4,-48.7699999999968,21353.809
20152.41,-48.7599999999984,21450.146
20152.42,-48.75,21546.52
20152.43,-48.73999999999796,21546.52
20152.44,-48.72999999999956,21498.33
20152.45,-48.719999999997526,21401.973
20152.46,-48.70999999999913,21450.146
20152.47,-48.69999999999709,21594.717
20152.48,-48.68999999999869,21594.717
20152.49,-48.67999999999665,21401.973
20152.5,-48.669999999998254,21305.65
20152.51,-48.659999999999854,21498.33
20152.52,-48.64999999999782,21642.924
20152.53,-48.63999999999942,21401.973
20152.54,-48.62999999999738,21546.52
20152.55,-48.61999999999898,21353.809
20152.56,-48.609999999996944,21450.146
20152.57,-48.599999999998545,21642.924
20152.58,-48.58999999999651,21450.146
20152.59,-48.57999999999811,21498.33
20152.6,-48.56999999999971,21450.146
20152.61,-48.55999999999767,21257.502
20152.62,-48.54999999999927,21450.146
20152.63,-48.539999999997235,21642.924
20152.64,-48.529999999998836,21498.33
20152.65,-48.5199999999968,21401.973
20152.66,-48.5099999999984,21209.359
20152.67,-48.5,21353.809
20152.68,-48.48999999999796,21401.973
20152.69,-48.47999999999956,21353.809
20152.7,-48.469999999997526,21401.973
20152.71,-48.45999999999913,21401.973
20152.72,-48.44999999999709,21498.33
20152.73,-48.43999999999869,21498.33
20152.74,-48.42999999999665,21594.717
20152.75,-48.419999999998254,21401.973
20152.76,-48.409999999999854,21594.717
20152.77,-48.39999999999782,21401.973
20152.78,-48.38999999999942,21642.924
20152.79,-48.37999999999738,21546.52
20152.8,-48.36999999999898,21594.717
20152.81,-48.359999999996944,21594.717
20152.82,-48.349999999998545,21546.52
20152.83,-48.33999999999651,21401.973
20152.84,-48.32999999999811,21450.146
20152.85,-48.31999999999971,21353.809
20152.86,-48.30999999999767,21401.973
20152.87,-48.29999999999927,21450.146
20152.88,-48.289999999997235,21401.973
20152.89,-48.279999999998836,21498.33
20152.9,-48.2699999999968,21739.359
20152.91,-48.2599999999984,21401.973
20152.92,-48.25,21401.973
20152.93,-48.23999999999796,21401.973
20152.94,-48.22999999999956,21305.65
20152.95,-48.219999999997526,21401.973
20152.96,-48.20999999999913,21450.146
20152.97,-48.19999999999709,21401.973
20152.98,-48.18999999999869,21401.973
20152.99,-48.17999999999665,21642.924
20153.0,-48.169999999998254,21546.52
20153.01,-48.159999999999854,21401.973
20153.02,-48.14999999999782,21594.717
20153.03,-48.13999999999942,21546.52
20153.04,-48.12999999999738,21594.717
20153.05,-48.11999999999898,21594.717
20153.06,-48.109999999996944,21450.146
20153.07,-48.099999999998545,21450.146
20153.08,-48.08999999999651,21498.33
20153.09,-48.07999999999811,21353.809
20153.1,-48.06999999999971,21450.146
20153.11,-48.05999999999767,21498.33
20153.12,-48.04999999999927,21353.809
20153.13,-48.039999999997235,21305.65
20153.14,-48.029999999998836,21642.924
20153.15,-48.0199999999968,21498.33
20153.16,-48.0099999999984,21450.146
20153.17,-48.0,21642.924
20153.18,-47.98999999999796,21594.717
20153.19,-47.97999999999956,21546.52
20153.2,-47.969999999997526,21353.809
20153.21,-47.95999999999913,21305.65
20153.22,-47.94999999999709,21401.973
20153.23,-47.93999999999869,21401.973
20153.24,-47.92999999999665,21498.33
20153.25,-47.919999999998254,21257.502
20153.26,-47.909999999999854,21546.52
20153.27,-47.89999999999782,21450.146
20153.28,-47.88999999999942,21498.33
20153.29,-47.87999999999738,21353.809
20153.3,-47.86999999999898,21353.809
20153.31,-47.859999999996944,21401.973
20153.32,-47.849999999998545,21594.717
20153.33,-47.83999999999651,21450.146
20153.34,-47.82999999999811,21498.33
20153.35,-47.81999999999971,21594.717
20153.36,-47.80999999999767,21450.146
20153.37,-47.79999999999927,21305.65
20153.38,-47.789999999997235,21401.973
20153.39,-47.779999999998836,21353.809
20153.4,-47.7699999999968,21642.924
20153.41,-47.7599999999984,21546.52
20153.42,-47.75,21498.33
20153.43,-47.73999999999796,21498.33
20153.44,-47.72999999999956,21546.52
20153.45,-47.719999999997526,21594.717
20153.46,-47.70999999999913,21498.33
20153.47,-47.69999999999709,21401.973
20153.48,-47.68999999999869,21498.33
20153.49,-47.67999999999665,21787.59
20153.5,-47.669999999998254,21450.146
20153.51,-47.659999999999854,21401.973
20153.52,-47.64999999999782,21353.809
20153.53,-47.63999999999942,21401.973
20153.54,-47.62999999999738,21450.146
20153.55,-47.61999999999898,21691.139
20153.56,-47.609999999996944,21353.809
20153.57,-47.599999999998545,21401.973
20153.58,-47.58999999999651,21498.33
20153.59,-47.57999999999811,21546.52
20153.6,-47.56999999999971,21642.924
20153.61,-47.55999999999767,21739.359
20153.62,-47.54999999999927,21546.52
20153.63,-47.539999999997235,21450.146
20153.64,-47.529999999998836,21546.52
20153.65,-47.5199999999968,21498.33
20153.66,-47.5099999999984,21353.809
20153.67,-47.5,21353.809
20153.68,-47.48999999999796,21594.717
20153.69,-47.47999999999956,21642.924
20153.7,-47.469999999997526,21498.33
20153.71,-47.45999999999913,21353.809
20153.72,-47.44999999999709,21401.973
20153.73,-47.43999999999869,21450.146
20153.74,-47.42999999999665,21546.52
20153.75,-47.419999999998254,21305.65
20153.76,-47.409999999999854,21450.146
20153.77,-47.39999999999782,21691.139
20153.78,-47.38999999999942,21401.973
20153.79,-47.37999999999738,21401.973
20153.8,-47.36999999999898,21498.33
20153.81,-47.359999999996944,21257.502
20153.82,-47.349999999998545,21401.973
20153.83,-47.33999999999651,21546.52
20153.84,-47.32999999999811,21450.146
20153.85,-47.31999999999971,21594.717
20153.86,-47.30999999999767,21546.52
20153.87,-47.29999999999927,21546.52
20153.88,-47.289999999997235,21305.65
20153.89,-47.279999999998836,21642.924
20153.9,-47.2699999999968,21305.65
20153.91,-47.2599999999984,21450.146
20153.92,-47.25,21498.33
20153.93,-47.23999999999796,21546.52
20153.94,-47.22999999999956,21498.33
20153.95,-47.219999999997526,21450.146
20153.96,-47.20999999999913,21546.52
20153.97,-47.19999999999709,21401.973
20153.98,-47.18999999999869,21594.717
20153.99,-47.17999999999665,21353.809
20154.0,-47.169999999998254,21594.717
20154.01,-47.159999999999854,21691.139
20154.02,-47.14999999999782,21498.33
20154.03,-47.13999999999942,21546.52
20154.04,-47.12999999999738,21305.65
20154.05,-47.11999999999898,21401.973
20154.06,-47.109999999996944,21546.52
20154.07,-47.099999999998545,21498.33
20154.08,-47.08999999999651,21353.809
20154.09,-47.07999999999811,21401.973
20154.1,-47.06999999999971,21401.973
20154.11,-47.05999999999767,21401.973
20154.12,-47.04999999999927,21353.809
20154.13,-47.039999999997235,21642.924
20154.14,-47.029999999998836,21594.717
20154.15,-47.0199999999968,21546.52
20154.16,-47.0099999999984,21546.52
20154.17,-47.0,21546.52
20154.18,-46.98999999999796,21353.809
20154.19,-46.97999999999956,21546.52
20154.2,-46.969999999997526,21450.146
20154.21,-46.95999999999913,21257.502
20154.22,-46.94999999999709,21498.33
20154.23,-46.93999999999869,21450.146
20154.24,-46.92999999999665,21450.146
20154.25,-46.919999999998254,21401.973
20154.26,-46.909999999999854,21498.33
20154.27,-46.89999999999782,21498.33
20154.28,-46.88999999999942,21305.65
20154.29,-46.87999999999738,21498.33
20154.3,-46.86999999999898,21498.33
20154.31,-46.859999999996944,21305.65
20154.32,-46.849999999998545,21594.717
20154.33,-46.83999999999651,21401.973
20154.34,-46.82999999999811,21546.52
20154.35,-46.81999999999971,21401.973
20154.36,-46.80999999999767,21546.52
20154.37,-46.79999999999927,21401.973
20154.38,-46.789999999997235,21401.973
20154.39,-46.779999999998836,21739.359
20154.4,-46.7699999999968,21498.33
20154.41,-46.7599999999984,21594.717
20154.42,-46.75,21353.809
20154.43,-46.73999999999796,21450.146
20154.44,-46.72999999999956,21594.717
20154.45,-46.719999999997526,21498.33
20154.46,-46.70999999999913,21498.33
20154.47,-46.69999999999709,21546.52
20154.48,-46.68999999999869,21401.973
20154.49,-46.67999999999665,21450.146
20154.5,-46.669999999998254,21642.924
20154.51,-46.659999999999854,21450.146
20154.52,-46.64999999999782,21546.52
20154.53,-46.63999999999942,21498.33
20154.54,-46.62999999999738,21450.146
20154.55,-46.61999999999898,21450.146
20154.56,-46.609999999996944,21257.502
20154.57,-46.599999999998545,21498.33
20154.58,-46.58999999999651,21642.924
20154.59,-46.57999999999811,21353.809
20154.6,-46.56999999999971,21546.52
20154.61,-46.55999999999767,21594.717
20154.62,-46.54999999999927,21450.146
20154.63,-46.539999999997235,21353.809
20154.64,-46.529999999998836,21498.33
20154.65,-46.5199999999968,21450.146
20154.66,-46.5099999999984,21546.52
20154.67,-46.5,21353.809
20154.68,-46.48999999999796,21450.146
20154.69,-46.47999999999956,21546.52
20154.7,-46.469999999997526,21401.973
20154.71,-46.45999999999913,21691.139
20154.72,-46.44999999999709,21546.52
20154.73,-46.43999999999869,21546.52
20154.74,-46.42999999999665,21353.809
20154.75,-46.419999999998254,21401.973
20154.76,-46.409999999999854,21257.502
20154.77,-46.39999999999782,21546.52
20154.78,-46.38999999999942,21401.973
20154.79,-46.37999999999738,21353.809
20154.8,-46.36999999999898,21546.52
20154.81,-46.359999999996944,21498.33
20154.82,-46.349999999998545,21450.146
20154.83,-46.33999999999651,21257.502
20154.84,-46.32999999999811,21257.502
20154.85,-46.31999999999971,21498.33
20154.86,-46.30999999999767,21450.146
20154.87,-46.29999999999927,21594.717
20154.88,-46.289999999997235,21498.33
20154.89,-46.279999999998836,21546.52
20154.9,-46.2699999999968,21498.33
20154.91,-46.2599999999984,21546.52
20154.92,-46.25,21401.973
20154.93,-46.23999999999796,21401.973
20154.94,-46.22999999999956,21498.33
20154.95,-46.219999999997526,21450.146
20154.96,-46.20999999999913,21353.809
20154.97,-46.19999999999709,21787.59
20154.98,-46.18999999999869,21450.146
20154.99,-46.17999999999665,21642.924
20155.0,-46.169999999998254,21498.33
20155.01,-46.159999999999854,21401.973
20155.02,-46.14999999999782,21546.52
20155.03,-46.13999999999942,21498.33
20155.04,-46.12999999999738,21305.65
20155.05,-46.11999999999898,21546.52
20155.06,-46.109999999996944,21498.33
20155.07,-46.099999999998545,21353.809
20155.08,-46.08999999999651,21450.146
20155.09,-46.07999999999811,21594.717
20155.1,-46.06999999999971,21450.146
20155.11,-46.05999999999767,21546.52
20155.12,-46.04999999999927,21305.65
20155.13,-46.039999999997235,21546.52
20155.14,-46.029999999998836,21498.33
20155.15,-46.0199999999968,21594.717
20155.16,-46.0099999999984,21401.973
20155.17,-46.0,21353.809
20155.18,-45.98999999999796,21498.33
20155.19,-45.97999999999956,21498.33
20155.2,-45.969999999997526,21353.809
20155.21,-45.95999999999913,21353.809
20155.22,-45.94999999999709,21498.33
20155.23,-45.93999999999869,21594.717
20155.24,-45.92999999999665,21305.65
20155.25,-45.919999999998254,21594.717
20155.26,-45.909999999999854,21305.65
20155.27,-45.89999999999782,21594.717
20155.28,-45.88999999999942,21353.809
20155.29,-45.87999999999738,21498.33
20155.3,-45.86999999999898,21450.146
20155.31,-45.859999999996944,21498.33
20155.32,-45.849999999998545,21546.52
20155.33,-45.83999999999651,21353.809
20155.34,-45.82999999999811,21594.717
20155.35,-45.81999999999971,21353.809
20155.36,-45.80999999999767,21450.146
20155.37,-45.79999999999927,21305.65
20155.38,-45.789999999997235,21450.146
20155.39,-45.779999999998836,21691.139
20155.4,-45.7699999999968,21594.717
20155.41,-45.7599999999984,21594.717
20155.42,-45.75,21401.973
20155.43,-45.73999999999796,21642.924
20155.44,-45.72999999999956,21498.33
20155.45,-45.719999999997526,21642.924
20155.46,-45.70999999999913,21546.52
20155.47,-45.69999999999709,21498.33
20155.48,-45.68999999999869,21835.83
20155.49,-45.67999999999665,21498.33
20155.5,-45.669999999998254,21161.227
20155.51,-45.659999999999854,21546.52
20155.52,-45.64999999999782,21546.52
20155.53,-45.63999999999942,21498.33
20155.54,-45.62999999999738,21546.52
20155.55,-45.61999999999898,21546.52
20155.56,-45.609999999996944,21498.33
20155.57,-45.599999999998545,21498.33
20155.58,-45.58999999999651,21546.52
20155.59,-45.57999999999811,21498.33
20155.6,-45.56999999999971,21353.809
20155.61,-45.55999999999767,21546.52
20155.62,-45.54999999999927,21450.146
20155.63,-45.539999999997235,21401.973
20155.64,-45.529999999998836,21739.359
20155.65,-45.5199999999968,21546.52
20155.66,-45.5099999999984,21305.65
20155.67,-45.5,21353.809
20155.68,-45.48999999999796,21353.809
20155.69,-45.47999999999956,21594.717
20155.7,-45.469999999997526,21401.973
20155.71,-45.45999999999913,21353.809
20155.72,-45.44999999999709,21450.146
20155.73,-45.43999999999869,21498.33
20155.74,-45.42999999999665,21450.146
20155.75,-45.419999999998254,21401.973
20155.76,-45.409999999999854,21450.146
20155.77,-45.39999999999782,21594.717
20155.78,-45.38999999999942,21498.33
20155.79,-45.37999999999738,21353.809
20155.8,-45.36999999999898,21305.65
20155.81,-45.359999999996944,21257.502
20155.82,-45.349999999998545,21401.973
20155.83,-45.33999999999651,21546.52
20155.84,-45.32999999999811,21691.139
20155.85,-45.31999999999971,21594.717
20155.86,-45.30999999999767,21546.52
20155.87,-45.29999999999927,21450.146
20155.88,-45.289999999997235,21498.33
20155.89,-45.279999999998836,21546.52
20155.9,-45.2699999999968,21546.52
20155.91,-45.2599999999984,21353.809
20155.92,-45.25,21353.809
20155.93,-45.23999999999796,21546.52
20155.94,-45.22999999999956,21450.146
20155.95,-45.219999999997526,21498.33
20155.96,-45.20999999999913,21353.809
20155.97,-45.19999999999709,21498.33
20155.98,-45.18999999999869,21450.146
20155.99,-45.17999999999665,21450.146
20156.0,-45.169999999998254,21305.65
20156.01,-45.159999999999854,21401.973
20156.02,-45.14999999999782,21594.717
20156.03,-45.13999999999942,21450.146
20156.04,-45.12999999999738,21401.973
20156.05,-45.11999999999898,21401.973
20156.06,-45.109999999996944,21594.717
20156.07,-45.099999999998545,21401.973
20156.08,-45.08999999999651,21450.146
20156.09,-45.07999999999811,21546.52
20156.1,-45.06999999999971,21642.924
20156.11,-45.05999999999767,21546.52
20156.12,-45.04999999999927,21401.973
20156.13,-45.039999999997235,21450.146
20156.14,-45.029999999998836,21546.52
20156.15,-45.0199999999968,21353.809
20156.16,-45.0099999999984,21498.33
20156.17,-45.0,21498.33
20156.18,-44.98999999999796,21594.717
20156.19,-44.97999999999956,21353.809
20156.2,-44.969999999997526,21257.502
20156.21,-44.95999999999913,21691.139
20156.22,-44.94999999999709,21305.65
20156.23,-44.93999999999869,21546.52
20156.24,-44.92999999999665,21401.973
20156.25,-44.919999999998254,21450.146
20156.26,-44.909999999999854,21401.973
20156.27,-44.89999999999782,21546.52
20156.28,-44.88999999999942,21498.33
20156.29,-44.87999999999738,21546.52
20156.3,-44.86999999999898,21401.973
20156.31,-44.859999999996944,21546.52
20156.32,-44.849999999998545,21401.973
20156.33,-44.83999999999651,21594.717
20156.34,-44.82999999999811,21305.65
20156.35,-44.81999999999971,21546.52
20156.36,-44.80999999999767,21594.717
20156.37,-44.79999999999927,21401.973
20156.38,-44.789999999997235,21353.809
20156.39,-44.779999999998836,21594.717
20156.4,-44.7699999999968,21594.717
20156.41,-44.7599999999984,21257.502
20156.42,-44.75,21594.717
20156.43,-44.73999999999796,21498.33
20156.44,-44.72999999999956,21353.809
20156.45,-44.719999999997526,21450.146
20156.46,-44.70999999999913,21546.52
20156.47,-44.69999999999709,21642.924
20156.48,-44.68999999999869,21739.359
20156.49,-44.67999999999665,21546.52
20156.5,-44.669999999998254,21450.146
20156.51,-44.659999999999854,21450.146
20156.52,-44.64999999999782,21498.33
20156.53,-44.63999999999942,21739.359
20156.54,-44.62999999999738,21401.973
20156.55,-44.61999999999898,21450.146
20156.56,-44.609999999996944,21450.146
20156.57,-44.599999999998545,21305.65
20156.58,-44.58999999999651,21353.809
20156.59,-44.57999999999811,21498.33
20156.6,-44.56999999999971,21546.52
20156.61,-44.55999999999767,21498.33
20156.62,-44.54999999999927,21546.52
20156.63,-44.539999999997235,21401.973
20156.64,-44.529999999998836,21691.139
20156.65,-44.5199999999968,21401.973
20156.66,-44.5099999999984,21450.146
20156.67,-44.5,21305.65
20156.68,-44.48999999999796,21498.33
20156.69,-44.47999999999956,21450.146
20156.7,-44.469999999997526,21161.227
20156.71,-44.45999999999913,21450.146
20156.72,-44.44999999999709,21353.809
20156.73,-44.43999999999869,21353.809
20156.74,-44.42999999999665,21209.359
20156.75,-44.419999999998254,21450.146
20156.76,-44.409999999999854,21594.717
20156.77,-44.39999999999782,21450.146
20156.78,-44.38999999999942,21594.717
20156.79,-44.37999999999738,21546.52
20156.8,-44.36999999999898,21594.717
20156.81,-44.359999999996944,21450.146
20156.82,-44.349999999998545,21401.973
20156.83,-44.33999999999651,21353.809
20156.84,-44.32999999999811,21450.146
20156.85,-44.31999999999971,21450.146
20156.86,-44.30999999999767,21498.33
20156.87,-44.29999999999927,21594.717
20156.88,-44.289999999997235,21594.717
20156.89,-44.279999999998836,21594.717
20156.9,-44.2699999999968,21594.717
20156.91,-44.2599999999984,21594.717
20156.92,-44.25,21546.52
20156.93,-44.23999999999796,21546.52
20156.94,-44.22999999999956,21642.924
20156.95,-44.219999999997526,21546.52
20156.96,-44.20999999999913,21642.924
20156.97,-44.19999999999709,21787.59
20156.98,-44.18999999999869,21353.809
20156.99,-44.17999999999665,21401.973
20157.0,-44.169999999998254,21498.33
20157.01,-44.159999999999854,21305.65
20157.02,-44.14999999999782,21546.52
20157.03,-44.13999999999942,21594.717
20157.04,-44.12999999999738,21594.717
20157.05,-44.11999999999898,21305.65
20157.06,-44.109999999996944,21691.139
20157.07,-44.099999999998545,21401.973
20157.08,-44.08999999999651,21305.65
20157.09,-44.07999999999811,21642.924
20157.1,-44.06999999999971,21546.52
20157.11,-44.05999999999767,21450.146
20157.12,-44.04999999999927,21498.33
20157.13,-44.039999999997235,21498.33
20157.14,-44.029999999998836,21691.139
20157.15,-44.0199999999968,21450.146
20157.16,-44.0099999999984,21450.146
20157.17,-44.0,21594.717
20157.18,-43.98999999999796,21739.359
20157.19,-43.97999999999956,21594.717
20157.2,-43.969999999997526,21498.33
20157.21,-43.95999999999913,21498.33
20157.22,-43.94999999999709,21498.33
20157.23,-43.93999999999869,21546.52
20157.24,-43.92999999999665,21401.973
20157.25,-43.919999999998254,21546.52
20157.26,-43.909999999999854,21594.717
20157.27,-43.89999999999782,21546.52
20157.28,-43.88999999999942,21546.52
20157.29,-43.87999999999738,21642.924
20157.3,-43.86999999999898,21546.52
20157.31,-43.859999999996944,21450.146
20157.32,-43.849999999998545,21450.146
20157.33,-43.83999999999651,21401.973
20157.34,-43.82999999999811,21498.33
20157.35,-43.81999999999971,21642.924
20157.36,-43.80999999999767,21546.52
20157.37,-43.79999999999927,21642.924
20157.38,-43.789999999997235,21498.33
20157.39,-43.779999999998836,21546.52
20157.4,-43.7699999999968,21450.146
20157.41,-43.7599999999984,21594.717
20157.42,-43.75,21546.52
20157.43,-43.73999999999796,21594.717
20157.44,-43.72999999999956,21594.717
20157.45,-43.719999999997526,21546.52
20157.46,-43.70999999999913,21450.146
20157.47,-43.69999999999709,21642.924
20157.48,-43.68999999999869,21546.52
20157.49,-43.67999999999665,21498.33
20157.5,-43.669999999998254,21161.227
20157.51,-43.659999999999854,21642.924
20157.52,-43.64999999999782,21642.924
20157.53,-43.63999999999942,21401.973
20157.54,-43.62999999999738,21498.33
20157.55,-43.61999999999898,21594.717
20157.56,-43.609999999996944,21546.52
20157.57,-43.599999999998545,21498.33
20157.58,-43.58999999999651,21594.717
20157.59,-43.57999999999811,21450.146
20157.6,-43.56999999999971,21546.52
20157.61,-43.55999999999767,21498.33
20157.62,-43.54999999999927,21594.717
20157.63,-43.539999999997235,21353.809
20157.64,-43.529999999998836,21546.52
20157.65,-43.5199999999968,21642.924
20157.66,-43.5099999999984,21401.973
20157.67,-43.5,21594.717
20157.68,-43.48999999999796,21353.809
20157.69,-43.47999999999956,21594.717
20157.7,-43.469999999997526,21546.52
20157.71,-43.45999999999913,21546.52
20157.72,-43.44999999999709,21353.809
20157.73,-43.43999999999869,21353.809
20157.74,-43.42999999999665,21450.146
20157.75,-43.419999999998254,21401.973
20157.76,-43.409999999999854,21594.717
20157.77,-43.39999999999782,21594.717
20157.78,-43.38999999999942,21450.146
20157.79,-43.37999999999738,21546.52
20157.8,-43.36999999999898,21546.52
20157.81,-43.359999999996944,21401.973
20157.82,-43.349999999998545,21546.52
20157.83,-43.33999999999651,21498.33
20157.84,-43.32999999999811,21498.33
20157.85,-43.31999999999971,21353.809
20157.86,-43.30999999999767,21450.146
20157.87,-43.29999999999927,21498.33
20157.88,-43.289999999997235,21401.973
20157.89,-43.279999999998836,21498.33
20157.9,-43.2699999999968,21594.717
20157.91,-43.2599999999984,21353.809
20157.92,-43.25,21594.717
20157.93,-43.23999999999796,21594.717
20157.94,-43.22999999999956,21498.33
20157.95,-43.219999999997526,21498.33
20157.96,-43.20999999999913,21498.33
20157.97,-43.19999999999709,21498.33
20157.98,-43.18999999999869,21594.717
20157.99,-43.17999999999665,21305.65
20158.0,-43.169999999998254,21498.33
20158.01,-43.159999999999854,21401.973
20158.02,-43.14999999999782,21594.717
20158.03,-43.13999999999942,21498.33
20158.04,-43.12999999999738,21450.146
20158.05,-43.11999999999898,21498.33
20158.06,-43.109999999996944,21498.33
20158.07,-43.099999999998545,21401.973
20158.08,-43.08999999999651,21739.359
20158.09,-43.07999999999811,21642.924
20158.1,-43.06999999999971,21546.52
20158.11,-43.05999999999767,21450.146
20158.12,-43.04999999999927,21450.146
20158.13,-43.039999999997235,21594.717
20158.14,-43.029999999998836,21546.52
20158.15,-43.0199999999968,21594.717
20158.16,-43.0099999999984,21353.809
20158.17,-43.0,21257.502
20158.18,-42.98999999999796,21546.52
20158.19,-42.97999999999956,21401.973
20158.2,-42.969999999997526,21498.33
20158.21,-42.95999999999913,21498.33
20158.22,-42.94999999999709,21450.146
20158.23,-42.93999999999869,21594.717
20158.24,-42.92999999999665,21353.809
20158.25,-42.919999999998254,21498.33
20158.26,-42.909999999999854,21401.973
20158.27,-42.89999999999782,21498.33
20158.28,-42.88999999999942,21257.502
20158.29,-42.87999999999738,21498.33
20158.3,-42.86999999999898,21546.52
20158.31,-42.859999999996944,21498.33
20158.32,-42.849999999998545,21450.146
20158.33,-42.83999999999651,21450.146
20158.34,-42.82999999999811,21739.359
20158.35,-42.81999999999971,21546.52
20158.36,-42.80999999999767,21787.59
20158.37,-42.79999999999927,21594.717
20158.38,-42.789999999997235,21450.146
20158.39,-42.779999999998836,21546.52
20158.4,-42.7699999999968,21546.52
20158.41,-42.7599999999984,21498.33
20158.42,-42.75,21594.717
20158.43,-42.73999999999796,21401.973
20158.44,-42.72999999999956,21401.973
20158.45,-42.719999999997526,21546.52
20158.46,-42.70999999999913,21594.717
20158.47,-42.69999999999709,21691.139
20158.48,-42.68999999999869,21546.52
20158.49,-42.67999999999665,21450.146
20158.5,-42.669999999998254,21546.52
20158.51,-42.659999999999854,21450.146
20158.52,-42.64999999999782,21546.52
20158.53,-42.63999999999942,21594.717
20158.54,-42.62999999999738,21546.52
20158.55,-42.61999999999898,21546.52
20158.56,-42.609999999996944,21739.359
20158.57,-42.599999999998545,21353.809
20158.58,-42.58999999999651,21594.717
20158.59,-42.57999999999811,21353.809
20158.6,-42.56999999999971,21401.973
20158.61,-42.55999999999767,21401.973
20158.62,-42.54999999999927,21353.809
20158.63,-42.539999999997235,21353.809
20158.64,-42.529999999998836,21691.139
20158.65,-42.5199999999968,21594.717
20158.66,-42.5099999999984,21642.924
20158.67,-42.5,21594.717
20158.68,-42.48999999999796,21257.502
20158.69,-42.47999999999956,21546.52
20158.7,-42.469999999997526,21401.973
20158.71,-42.45999999999913,21546.52
20158.72,-42.44999999999709,21546.52
20158.73,-42.43999999999869,21450.146
20158.74,-42.42999999999665,21546.52
20158.75,-42.419999999998254,21546.52
20158.76,-42.409999999999854,21546.52
20158.77,-42.39999999999782,21691.139
20158.78,-42.38999999999942,21450.146
20158.79,-42.37999999999738,21546.52
20158.8,-42.36999999999898,21498.33
20158.81,-42.359999999996944,21594.717
20158.82,-42.349999999998545,21594.717
20158.83,-42.33999999999651,21498.33
20158.84,-42.32999999999811,21498.33
20158.85,-42.31999999999971,21353.809
20158.86,-42.30999999999767,21546.52
20158.87,-42.29999999999927,21594.717
20158.88,-42.289999999997235,21594.717
20158.89,-42.279999999998836,21546.52
20158.9,-42.2699999999968,21401.973
20158.91,-42.2599999999984,21401.973
20158.92,-42.25,21546.52
20158.93,-42.23999999999796,21546.52
20158.94,-42.22999999999956,21691.139
20158.95,-42.219999999997526,21691.139
20158.96,-42.20999999999913,21691.139
20158.97,-42.19999999999709,21594.717
20158.98,-42.18999999999869,21642.924
20158.99,-42.17999999999665,21498.33
20159.0,-42.169999999998254,21594.717
20159.01,-42.159999999999854,21450.146
20159.02,-42.14999999999782,21498.33
20159.03,-42.13999999999942,21353.809
20159.04,-42.12999999999738,21546.52
20159.05,-42.11999999999898,21642.924
20159.06,-42.109999999996944,21546.52
20159.07,-42.099999999998545,21401.973
20159.08,-42.08999999999651,21401.973
20159.09,-42.07999999999811,21353.809
20159.1,-42.06999999999971,21594.717
20159.11,-42.05999999999767,21594.717
20159.12,-42.04999999999927,21498.33
20159.13,-42.039999999997235,21450.146
20159.14,-42.029999999998836,21642.924
20159.15,-42.0199999999968,21498.33
20159.16,-42.0099999999984,21305.65
20159.17,-42.0,21546.52
20159.18,-41.98999999999796,21450.146
20159.19,-41.97999999999956,21642.924
20159.2,-41.969999999997526,21353.809
20159.21,-41.95999999999913,21305.65
20159.22,-41.94999999999709,21642.924
20159.23,-41.93999999999869,21642.924
20159.24,-41.92999999999665,21401.973
20159.25,-41.919999999998254,21594.717
20159.26,-41.909999999999854,21498.33
20159.27,-41.89999999999782,21642.924
20159.28,-41.88999999999942,21498.33
20159.29,-41.87999999999738,21498.33
20159.3,-41.86999999999898,21305.65
20159.31,-41.859999999996944,21450.146
20159.32,-41.849999999998545,21257.502
20159.33,-41.83999999999651,21498.33
20159.34,-41.82999999999811,21546.52
20159.35,-41.81999999999971,21450.146
20159.36,-41.80999999999767,21257.502
20159.37,-41.79999999999927,21546.52
20159.38,-41.789999999997235,21594.717
20159.39,-41.779999999998836,21353.809
20159.4,-41.7699999999968,21546.52
20159.41,-41.7599999999984,21450.146
20159.42,-41.75,21594.717
20159.43,-41.73999999999796,21450.146
20159.44,-41.72999999999956,21642.924
20159.45,-41.719999999997526,21450.146
20159.46,-41.70999999999913,21642.924
20159.47,-41.69999999999709,21691.139
20159.48,-41.68999999999869,21546.52
20159.49,-41.67999999999665,21594.717
20159.5,-41.669999999998254,21594.717
20159.51,-41.659999999999854,21739.359
20159.52,-41.64999999999782,21546.52
20159.53,-41.63999999999942,21594.717
20159.54,-41.62999999999738,21498.33
20159.55,-41.61999999999898,21546.52
20159.56,-41.609999999996944,21594.717
20159.57,-41.599999999998545,21594.717
20159.58,-41.58999999999651,21450.146
20159.59,-41.57999999999811,21642.924
20159.6,-41.56999999999971,21594.717
20159.61,-41.55999999999767,21739.359
20159.62,-41.54999999999927,21401.973
20159.63,-41.539999999997235,21498.33
20159.64,-41.529999999998836,21353.809
20159.65,-41.5199999999968,21401.973
20159.66,-41.5099999999984,21450.146
20159.67,-41.5,21498.33
20159.68,-41.48999999999796,21257.502
20159.69,-41.47999999999956,21498.33
20159.7,-41.469999999997526,21450.146
20159.71,-41.45999999999913,21546.52
20159.72,-41.44999999999709,21353.809
20159.73,-41.43999999999869,21450.146
20159.74,-41.42999999999665,21450.146
20159.75,-41.419999999998254,21401.973
20159.76,-41.409999999999854,21498.33
20159.77,-41.39999999999782,21450.146
20159.78,-41.38999999999942,21546.52
20159.79,-41.37999999999738,21642.924
20159.8,-41.36999999999898,21546.52
20159.81,-41.359999999996944,21498.33
20159.82,-41.349999999998545,21546.52
20159.83,-41.33999999999651,21353.809
20159.84,-41.32999999999811,21594.717
20159.85,-41.31999999999971,21450.146
20159.86,-41.30999999999767,21450.146
20159.87,-41.29999999999927,21498.33
20159.88,-41.289999999997235,21401.973
20159.89,-41.279999999998836,21642.924
20159.9,-41.2699999999968,21594.717
20159.91,-41.2599999999984,21353.809
20159.92,-41.25,21401.973
20159.93,-41.23999999999796,21450.146
20159.94,-41.22999999999956,21691.139
20159.95,-41.219999999997526,21787.59
20159.96,-41.20999999999913,21594.717
20159.97,-41.19999999999709,21546.52
20159.98,-41.18999999999869,21642.924
20159.99,-41.17999999999665,21450.146
20160.0,-41.169999999998254,21498.33
20160.01,-41.159999999999854,21546.52
20160.02,-41.14999999999782,21594.717
20160.03,-41.13999999999942,21401.973
20160.04,-41.12999999999738,21498.33
20160.05,-41.11999999999898,21546.52
20160.06,-41.109999999996944,21642.924
20160.07,-41.099999999998545,21787.59
20160.08,-41.08999999999651,21546.52
20160.09,-41.07999999999811,21498.33
20160.1,-41.06999999999971,21642.924
20160.11,-41.05999999999767,21546.52
20160.12,-41.04999999999927,21498.33
20160.13,-41.039999999997235,21594.717
20160.14,-41.029999999998836,21642.924
20160.15,-41.0199999999968,21498.33
20160.16,-41.0099999999984,21353.809
20160.17,-41.0,21594.717
20160.18,-40.98999999999796,21642.924
20160.19,-40.97999999999956,21498.33
20160.2,-40.969999999997526,21401.973
20160.21,-40.95999999999913,21594.717
20160.22,-40.94999999999709,21594.717
20160.23,-40.93999999999869,21594.717
20160.24,-40.92999999999665,21305.65
20160.25,-40.919999999998254,21450.146
20160.26,-40.909999999999854,21450.146
20160.27,-40.89999999999782,21401.973
20160.28,-40.88999999999942,21401.973
20160.29,-40.87999999999738,21498.33
20160.3,-40.86999999999898,21498.33
20160.31,-40.859999999996944,21642.924
20160.32,-40.849999999998545,21401.973
20160.33,-40.83999999999651,21353.809
20160.34,-40.82999999999811,21594.717
20160.35,-40.81999999999971,21642.924
20160.36,-40.80999999999767,21450.146
20160.37,-40.79999999999927,21594.717
20160.38,-40.789999999997235,21401.973
20160.39,-40.779999999998836,21594.717
20160.4,-40.7699999999968,21305.65
20160.41,-40.7599999999984,21450.146
20160.42,-40.75,21546.52
20160.43,-40.73999999999796,21546.52
20160.44,-40.72999999999956,21642.924
20160.45,-40.719999999997526,21498.33
20160.46,-40.70999999999913,21594.717
20160.47,-40.69999999999709,21498.33
20160.48,-40.68999999999869,21450.146
20160.49,-40.67999999999665,21401.973
20160.5,-40.669999999998254,21594.717
20160.51,-40.659999999999854,21401.973
20160.52,-40.64999999999782,21498.33
20160.53,-40.63999999999942,21353.809
20160.54,-40.62999999999738,21450.146
20160.55,-40.61999999999898,21450.146
20160.56,-40.609999999996944,21691.139
20160.57,-40.599999999998545,21594.717
20160.58,-40.58999999999651,21546.52
20160.59,-40.57999999999811,21546.52
20160.6,-40.56999999999971,21498.33
20160.61,-40.55999999999767,21450.146
20160.62,-40.54999999999927,21498.33
20160.63,-40.539999999997235,21642.924
20160.64,-40.529999999998836,21691.139
20160.65,-40.5199999999968,21450.146
20160.66,-40.5099999999984,21498.33
20160.67,-40.5,21546.52
20160.68,-40.48999999999796,21739.359
20160.69,-40.47999999999956,21546.52
20160.7,-40.469999999997526,21401.973
20160.71,-40.45999999999913,21546.52
20160.72,-40.44999999999709,21305.65
20160.73,-40.43999999999869,21450.146
20160.74,-40.42999999999665,21498.33
20160.75,-40.419999999998254,21353.809
20160.76,-40.409999999999854,21161.227
20160.77,-40.39999999999782,21594.717
20160.78,-40.38999999999942,21594.717
20160.79,-40.37999999999738,21353.809
20160.8,-40.36999999999898,21450.146
20160.81,-40.359999999996944,21498.33
20160.82,-40.349999999998545,21498.33
20160.83,-40.33999999999651,21642.924
20160.84,-40.32999999999811,21546.52
20160.85,-40.31999999999971,21594.717
20160.86,-40.30999999999767,21401.973
20160.87,-40.29999999999927,21353.809
20160.88,-40.289999999997235,21353.809
20160.89,-40.279999999998836,21594.717
20160.9,-40.2699999999968,21498.33
20160.91,-40.2599999999984,21353.809
20160.92,-40.25,21546.52
20160.93,-40.23999999999796,21498.33
20160.94,-40.22999999999956,21594.717
20160.95,-40.219999999997526,21498.33
20160.96,-40.20999999999913,21691.139
20160.97,-40.19999999999709,21546.52
20160.98,-40.18999999999869,21450.146
20160.99,-40.17999999999665,21642.924
20161.0,-40.169999999998254,21401.973
20161.01,-40.159999999999854,21257.502
20161.02,-40.14999999999782,21642.924
20161.03,-40.13999999999942,21642.924
20161.04,-40.12999999999738,21450.146
20161.05,-40.11999999999898,21498.33
20161.06,-40.109999999996944,21594.717
20161.07,-40.099999999998545,21594.717
20161.08,-40.08999999999651,21353.809
20161.09,-40.07999999999811,21450.146
20161.1,-40.06999999999971,21546.52
20161.11,-40.05999999999767,21642.924
20161.12,-40.04999999999927,21546.52
20161.13,-40.039999999997235,21498.33
20161.14,-40.029999999998836,21642.924
20161.15,-40.0199999999968,21594.717
20161.16,-40.0099999999984,21546.52
20161.17,-40.0,21546.52
20161.18,-39.98999999999796,21353.809
20161.19,-39.97999999999956,21691.139
20161.2,-39.969999999997526,21401.973
20161.21,-39.95999999999913,21642.924
20161.22,-39.94999999999709,21835.83
20161.23,-39.93999999999869,21787.59
20161.24,-39.92999999999665,21450.146
20161.25,-39.919999999998254,21401.973
20161.26,-39.909999999999854,21594.717
20161.27,-39.89999999999782,21401.973
20161.28,-39.88999999999942,21594.717
20161.29,-39.87999999999738,21594.717
20161.3,-39.86999999999898,21353.809
20161.31,-39.859999999996944,21498.33
20161.32,-39.849999999998545,21594.717
20161.33,-39.83999999999651,21401.973
20161.34,-39.82999999999811,21594.717
20161.35,-39.81999999999971,21546.52
20161.36,-39.80999999999767,21257.502
20161.37,-39.79999999999927,21450.146
20161.38,-39.789999999997235,21450.146
20161.39,-39.779999999998836,21642.924
20161.4,-39.7699999999968,21691.139
20161.41,-39.7599999999984,21498.33
20161.42,-39.75,21546.52
20161.43,-39.73999999999796,21450.146
20161.44,-39.72999999999956,21546.52
20161.45,-39.719999999997526,21642.924
20161.46,-39.70999999999913,21594.717
20161.47,-39.69999999999709,21642.924
20161.48,-39.68999999999869,21450.146
20161.49,-39.67999999999665,21546.52
20161.5,-39.669999999998254,21498.33
20161.51,-39.659999999999854,21594.717
20161.52,-39.64999999999782,21594.717
20161.53,-39.63999999999942,21450.146
20161.54,-39.62999999999738,21642.924
20161.55,-39.61999999999898,21498.33
20161.56,-39.609999999996944,21498.33
20161.57,-39.599999999998545,21450.146
20161.58,-39.58999999999651,21450.146
20161.59,-39.57999999999811,21594.717
20161.6,-39.56999999999971,21594.717
20161.61,-39.55999999999767,21450.146
20161.62,-39.54999999999927,21546.52
20161.63,-39.539999999997235,21594.717
20161.64,-39.529999999998836,21642.924
20161.65,-39.5199999999968,21546.52
20161.66,-39.5099999999984,21546.52
20161.67,-39.5,21594.717
20161.68,-39.48999999999796,21546.52
20161.69,-39.47999999999956,21642.924
20161.7,-39.469999999997526,21401.973
20161.71,-39.45999999999913,21498.33
20161.72,-39.44999999999709,21691.139
20161.73,-39.43999999999869,21691.139
20161.74,-39.42999999999665,21546.52
20161.75,-39.419999999998254,21546.52
20161.76,-39.409999999999854,21546.52
20161.77,-39.39999999999782,21546.52
20161.78,-39.38999999999942,21498.33
20161.79,-39.37999999999738,21450.146
20161.8,-39.36999999999898,21546.52
20161.81,-39.359999999996944,21642.924
20161.82,-39.349999999998545,21401.973
20161.83,-39.33999999999651,21594.717
20161.84,-39.32999999999811,21642.924
20161.85,-39.31999999999971,21642.924
20161.86,-39.30999999999767,21401.973
20161.87,-39.29999999999927,21642.924
20161.88,-39.289999999997235,21835.83
20161.89,-39.279999999998836,21594.717
20161.9,-39.2699999999968,21642.924
20161.91,-39.2599999999984,21498.33
20161.92,-39.25,21450.146
20161.93,-39.23999999999796,21450.146
20161.94,-39.22999999999956,21642.924
20161.95,-39.219999999997526,21691.139
20161.96,-39.20999999999913,21546.52
20161.97,-39.19999999999709,21739.359
20161.98,-39.18999999999869,21691.139
20161.99,-39.17999999999665,21594.717
20162.0,-39.169999999998254,21546.52
20162.01,-39.159999999999854,21450.146
20162.02,-39.14999999999782,21642.924
20162.03,-39.13999999999942,21546.52
20162.04,-39.12999999999738,21401.973
20162.05,-39.11999999999898,21450.146
20162.06,-39.109999999996944,21353.809
20162.07,-39.099999999998545,21787.59
20162.08,-39.08999999999651,22705.516
20162.09,-39.07999999999811,23141.346
20162.1,-39.06999999999971,23772.039
20162.11,-39.05999999999767,23869.189
20162.12,-39.04999999999927,23917.777
20162.13,-39.039999999997235,23674.92
20162.14,-39.029999999998836,23869.189
20162.15,-39.0199999999968,23820.611
20162.16,-39.0099999999984,23723.475
20162.17,-39.0,23723.475
20162.18,-38.98999999999796,23577.832
20162.19,-38.97999999999956,23820.611
20162.2,-38.969999999997526,23772.039
20162.21,-38.95999999999913,23674.92
20162.22,-38.94999999999709,23772.039
20162.23,-38.93999999999869,23577.832
20162.24,-38.92999999999665,23529.301
20162.25,-38.919999999998254,23723.475
20162.26,-38.909999999999854,23723.475
20162.27,-38.89999999999782,23674.92
20162.28,-38.88999999999942,23917.777
20162.29,-38.87999999999738,23772.039
20162.3,-38.86999999999898,23917.777
20162.31,-38.859999999996944,23772.039
20162.32,-38.849999999998545,23674.92
20162.33,-38.83999999999651,23674.92
20162.34,-38.82999999999811,23577.832
20162.35,-38.81999999999971,23820.611
20162.36,-38.80999999999767,23577.832
20162.37,-38.79999999999927,23723.475
20162.38,-38.789999999997235,23480.779
20162.39,-38.779999999998836,23869.189
20162.4,-38.7699999999968,23674.92
20162.41,-38.7599999999984,23674.92
20162.42,-38.75,24014.979
20162.43,-38.73999999999796,23820.611
20162.44,-38.72999999999956,23820.611
20162.45,-38.719999999997526,23820.611
20162.46,-38.70999999999913,23820.611
20162.47,-38.69999999999709,23674.92
20162.48,-38.68999999999869,23869.189
20162.49,-38.67999999999665,23626.373
20162.5,-38.669999999998254,23674.92
20162.51,-38.659999999999854,23480.779
20162.52,-38.64999999999782,23674.92
20162.53,-38.63999999999942,23820.611
20162.54,-38.62999999999738,23529.301
20162.55,-38.61999999999898,23626.373
20162.56,-38.609999999996944,23820.611
20162.57,-38.599999999998545,23917.777
20162.58,-38.58999999999651,23480.779
20162.59,-38.57999999999811,23626.373
20162.6,-38.56999999999971,23480.779
20162.61,-38.55999999999767,23772.039
20162.62,-38.54999999999927,23869.189
20162.63,-38.539999999997235,23917.777
20162.64,-38.529999999998836,23869.189
20162.65,-38.5199999999968,23626.373
20162.66,-38.5099999999984,23772.039
20162.67,-38.5,23772.039
20162.68,-38.48999999999796,23480.779
20162.69,-38.47999999999956,23820.611
20162.7,-38.469999999997526,23674.92
20162.71,-38.45999999999913,23626.373
20162.72,-38.44999999999709,23626.373
20162.73,-38.43999999999869,23723.475
20162.74,-38.42999999999665,23772.039
20162.75,-38.419999999998254,23723.475
20162.76,-38.409999999999854,23626.373
20162.77,-38.39999999999782,23723.475
20162.78,-38.38999999999942,23820.611
20162.79,-38.37999999999738,23966.375
20162.8,-38.36999999999898,23869.189
20162.81,-38.359999999996944,23820.611
20162.82,-38.349999999998545,23674.92
20162.83,-38.33999999999651,23820.611
20162.84,-38.32999999999811,23820.611
20162.85,-38.31999999999971,23674.92
20162.86,-38.30999999999767,23723.475
20162.87,-38.29999999999927,23674.92
20162.88,-38.289999999997235,23674.92
20162.89,-38.279999999998836,23966.375
20162.9,-38.2699999999968,23820.611
20162.91,-38.2599999999984,23820.611
20162.92,-38.25,24306.775
20162.93,-38.23999999999796,24745.018
20162.94,-38.22999999999956,24940.002
20162.95,-38.219999999997526,25037.545
20162.96,-38.20999999999913,24940.002
20162.97,-38.19999999999709,24647.572
20162.98,-38.18999999999869,24696.291
20162.99,-38.17999999999665,24598.863
20163.0,-38.169999999998254,23286.768
20163.01,-38.159999999999854,22125.432
20163.02,-38.14999999999782,21642.924
20163.03,-38.13999999999942,21353.809
20163.04,-38.12999999999738,21546.52
20163.05,-38.11999999999898,21835.83
20163.06,-38.109999999996944,21642.924
20163.07,-38.099999999998545,21691.139
20163.08,-38.08999999999651,21691.139
20163.09,-38.07999999999811,21642.924
20163.1,-38.06999999999971,21546.52
20163.11,-38.05999999999767,21546.52
20163.12,-38.04999999999927,21787.59
20163.13,-38.039999999997235,21594.717
20163.14,-38.029999999998836,21787.59
20163.15,-38.0199999999968,21739.359
20163.16,-38.0099999999984,21546.52
20163.17,-38.0,21642.924
20163.18,-37.98999999999796,21787.59
20163.19,-37.97999999999956,21642.924
20163.2,-37.969999999997526,21739.359
20163.21,-37.95999999999913,21642.924
20163.22,-37.94999999999709,21594.717
20163.23,-37.93999999999869,21787.59
20163.24,-37.92999999999665,21546.52
20163.25,-37.919999999998254,21642.924
20163.26,-37.909999999999854,21498.33
20163.27,-37.89999999999782,21546.52
20163.28,-37.88999999999942,21642.924
20163.29,-37.87999999999738,21594.717
20163.3,-37.86999999999898,21594.717
20163.31,-37.859999999996944,21546.52
20163.32,-37.849999999998545,21739.359
20163.33,-37.83999999999651,21498.33
20163.34,-37.82999999999811,21594.717
20163.35,-37.81999999999971,21739.359
20163.36,-37.80999999999767,21546.52
20163.37,-37.79999999999927,21546.52
20163.38,-37.789999999997235,21691.139
20163.39,-37.779999999998836,21642.924
20163.4,-37.7699999999968,21546.52
20163.41,-37.7599999999984,21450.146
20163.42,-37.75,21594.717
20163.43,-37.73999999999796,21835.83
20163.44,-37.72999999999956,21546.52
20163.45,-37.719999999997526,21787.59
20163.46,-37.70999999999913,21835.83
20163.47,-37.69999999999709,21691.139
20163.48,-37.68999999999869,21642.924
20163.49,-37.67999999999665,21787.59
20163.5,-37.669999999998254,21739.359
20163.51,-37.659999999999854,21498.33
20163.52,-37.64999999999782,21546.52
20163.53,-37.63999999999942,21546.52
20163.54,-37.62999999999738,21594.717
20163.55,-37.61999999999898,21691.139
20163.56,-37.609999999996944,21401.973
20163.57,-37.599999999998545,21884.076
20163.58,-37.58999999999651,21546.52
20163.59,-37.57999999999811,21594.717
20163.6,-37.56999999999971,21691.139
20163.61,-37.55999999999767,21642.924
20163.62,-37.54999999999927,21642.924
20163.63,-37.539999999997235,21450.146
20163.64,-37.529999999998836,21642.924
20163.65,-37.5199999999968,21691.139
20163.66,-37.5099999999984,21450.146
20163.67,-37.5,21546.52
20163.68,-37.48999999999796,21642.924
20163.69,-37.47999999999956,21691.139
20163.7,-37.469999999997526,21642.924
20163.71,-37.45999999999913,21884.076
20163.72,-37.44999999999709,21787.59
20163.73,-37.43999999999869,21450.146
20163.74,-37.42999999999665,21642.924
20163.75,-37.419999999998254,21450.146
20163.76,-37.409999999999854,21787.59
20163.77,-37.39999999999782,21546.52
20163.78,-37.38999999999942,21594.717
20163.79,-37.37999999999738,21594.717
20163.8,-37.36999999999898,21546.52
20163.81,-37.359999999996944,21642.924
20163.82,-37.349999999998545,21594.717
20163.83,-37.33999999999651,21546.52
20163.84,-37.32999999999811,21739.359
20163.85,-37.31999999999971,21691.139
20163.86,-37.30999999999767,21594.717
20163.87,-37.29999999999927,21450.146
20163.88,-37.289999999997235,21642.924
20163.89,-37.279999999998836,21739.359
20163.9,-37.2699999999968,21835.83
20163.91,-37.2599999999984,21594.717
20163.92,-37.25,21546.52
20163.93,-37.23999999999796,21691.139
20163.94,-37.22999999999956,21546.52
20163.95,-37.219999999997526,21594.717
20163.96,-37.20999999999913,21739.359
20163.97,-37.19999999999709,21546.52
20163.98,-37.18999999999869,21787.59
20163.99,-37.17999999999665,21450.146
20164.0,-37.169999999998254,21498.33
20164.01,-37.159999999999854,21401.973
20164.02,-37.14999999999782,21739.359
20164.03,-37.13999999999942,21450.146
20164.04,-37.12999999999738,21594.717
20164.05,-37.11999999999898,21594.717
20164.06,-37.109999999996944,21546.52
20164.07,-37.099999999998545,21642.924
20164.08,-37.08999999999651,21546.52
20164.09,-37.07999999999811,21546.52
20164.1,-37.06999999999971,21642.924
20164.11,-37.05999999999767,21498.33
20164.12,-37.04999999999927,21450.146
20164.13,-37.039999999997235,21594.717
20164.14,-37.029999999998836,21546.52
20164.15,-37.0199999999968,21546.52
20164.16,-37.0099999999984,21546.52
20164.17,-37.0,21498.33
20164.18,-36.98999999999796,21546.52
20164.19,-36.97999999999956,21450.146
20164.2,-36.969999999997526,21546.52
20164.21,-36.95999999999913,21594.717
20164.22,-36.94999999999709,21594.717
20164.23,-36.93999999999869,21594.717
20164.24,-36.92999999999665,21691.139
20164.25,-36.919999999998254,21450.146
20164.26,-36.909999999999854,21642.924
20164.27,-36.89999999999782,21594.717
20164.28,-36.88999999999942,21546.52
20164.29,-36.87999999999738,21546.52
20164.3,-36.86999999999898,21450.146
20164.31,-36.859999999996944,21498.33
20164.32,-36.849999999998545,21594.717
20164.33,-36.83999999999651,21594.717
20164.34,-36.82999999999811,21594.717
20164.35,-36.81999999999971,21594.717
20164.36,-36.80999999999767,21787.59
20164.37,-36.79999999999927,21594.717
20164.38,-36.789999999997235,21642.924
20164.39,-36.779999999998836,21739.359
20164.4,-36.7699999999968,21594.717
20164.41,-36.7599999999984,21594.717
20164.42,-36.75,21353.809
20164.43,-36.73999999999796,21739.359
20164.44,-36.72999999999956,21739.359
20164.45,-36.719999999997526,21739.359
20164.46,-36.70999999999913,21787.59
20164.47,-36.69999999999709,21546.52
20164.48,-36.68999999999869,21642.924
20164.49,-36.67999999999665,21594.717
20164.5,-36.669999999998254,21401.973
20164.51,-36.659999999999854,21594.717
20164.52,-36.64999999999782,21642.924
20164.53,-36.63999999999942,21546.52
20164.54,-36.62999999999738,21450.146
20164.55,-36.61999999999898,21546.52
20164.56,-36.609999999996944,21739.359
20164.57,-36.599999999998545,21546.52
20164.58,-36.58999999999651,21498.33
20164.59,-36.57999999999811,21691.139
20164.6,-36.56999999999971,21594.717
20164.61,-36.55999999999767,21642.924
20164.62,-36.54999999999927,21450.146
20164.63,-36.539999999997235,21546.52
20164.64,-36.529999999998836,21691.139
20164.65,-36.5199999999968,21739.359
20164.66,-36.5099999999984,21787.59
20164.67,-36.5,21498.33
20164.68,-36.48999999999796,21642.924
20164.69,-36.47999999999956,21546.52
20164.7,-36.469999999997526,21401.973
20164.71,-36.45999999999913,21642.924
20164.72,-36.44999999999709,21401.973
20164.73,-36.43999999999869,21642.924
20164.74,-36.42999999999665,21594.717
20164.75,-36.419999999998254,21594.717
20164.76,-36.409999999999854,21691.139
20164.77,-36.39999999999782,21691.139
20164.78,-36.38999999999942,21594.717
20164.79,-36.37999999999738,21498.33
20164.8,-36.36999999999898,21739.359
20164.81,-36.359999999996944,21594.717
20164.82,-36.349999999998545,21739.359
20164.83,-36.33999999999651,21642.924
20164.84,-36.32999999999811,21691.139
20164.85,-36.31999999999971,21594.717
20164.86,-36.30999999999767,21787.59
20164.87,-36.29999999999927,21450.146
20164.88,-36.289999999997235,21642.924
20164.89,-36.279999999998836,21546.52
20164.9,-36.2699999999968,21787.59
20164.91,-36.2599999999984,21642.924
20164.92,-36.25,21546.52
20164.93,-36.23999999999796,21739.359
20164.94,-36.22999999999956,21691.139
20164.95,-36.219999999997526,21642.924
20164.96,-36.20999999999913,21498.33
20164.97,-36.19999999999709,21642.924
20164.98,-36.18999999999869,21691.139
20164.99,-36.17999999999665,21691.139
20165.0,-36.169999999998254,21546.52
20165.01,-36.159999999999854,21498.33
20165.02,-36.14999999999782,21546.52
20165.03,-36.13999999999942,21546.52
20165.04,-36.12999999999738,21594.717
20165.05,-36.11999999999898,21642.924
20165.06,-36.109999999996944,21642.924
20165.07,-36.099999999998545,21594.717
20165.08,-36.08999999999651,21594.717
20165.09,-36.07999999999811,21401.973
20165.1,-36.06999999999971,21546.52
20165.11,-36.05999999999767,21739.359
20165.12,-36.04999999999927,21594.717
20165.13,-36.039999999997235,21546.52
20165.14,-36.029999999998836,21787.59
20165.15,-36.0199999999968,21546.52
20165.16,-36.0099999999984,21498.33
20165.17,-36.0,21594.717
20165.18,-35.98999999999796,21450.146
20165.19,-35.97999999999956,21642.924
20165.2,-35.969999999997526,21546.52
20165.21,-35.95999999999913,21787.59
20165.22,-35.94999999999709,21835.83
20165.23,-35.93999999999869,21739.359
20165.24,-35.92999999999665,21691.139
20165.25,-35.919999999998254,21642.924
20165.26,-35.909999999999854,21594.717
20165.27,-35.89999999999782,21691.139
20165.28,-35.88999999999942,21739.359
20165.29,-35.87999999999738,21546.52
20165.3,-35.86999999999898,21642.924
20165.31,-35.859999999996944,21835.83
20165.32,-35.849999999998545,21739.359
20165.33,-35.83999999999651,21546.52
20165.34,-35.82999999999811,21401.973
20165.35,-35.81999999999971,21498.33
20165.36,-35.80999999999767,21546.52
20165.37,-35.79999999999927,21546.52
20165.38,-35.789999999997235,21450.146
20165.39,-35.779999999998836,21787.59
20165.4,-35.7699999999968,21401.973
20165.41,-35.7599999999984,21353.809
20165.42,-35.75,21353.809
20165.43,-35.73999999999796,21546.52
20165.44,-35.72999999999956,21691.139
20165.45,-35.719999999997526,21498.33
20165.46,-35.70999999999913,21594.717
20165.47,-35.69999999999709,21787.59
20165.48,-35.68999999999869,21642.924
20165.49,-35.67999999999665,21594.717
20165.5,-35.669999999998254,21642.924
20165.51,-35.659999999999854,21401.973
20165.52,-35.64999999999782,21642.924
20165.53,-35.63999999999942,21546.52
20165.54,-35.62999999999738,21739.359
20165.55,-35.61999999999898,21739.359
20165.56,-35.609999999996944,21787.59
20165.57,-35.599999999998545,21594.717
20165.58,-35.58999999999651,21642.924
20165.59,-35.57999999999811,21691.139
20165.6,-35.56999999999971,21594.717
20165.61,-35.55999999999767,21594.717
20165.62,-35.54999999999927,21642.924
20165.63,-35.539999999997235,21546.52
20165.64,-35.529999999998836,21642.924
20165.65,-35.5199999999968,21498.33
20165.66,-35.5099999999984,21353.809
20165.67,-35.5,21642.924
20165.68,-35.48999999999796,21498.33
20165.69,-35.47999999999956,21353.809
20165.7,-35.469999999997526,21546.52
20165.71,-35.45999999999913,21546.52
20165.72,-35.44999999999709,21546.52
20165.73,-35.43999999999869,21642.924
20165.74,-35.42999999999665,21546.52
20165.75,-35.419999999998254,21594.717
20165.76,-35.409999999999854,21546.52
20165.77,-35.39999999999782,21546.52
20165.78,-35.38999999999942,21546.52
20165.79,-35.37999999999738,21546.52
20165.8,-35.36999999999898,21546.52
20165.81,-35.359999999996944,21642.924
20165.82,-35.349999999998545,21594.717
20165.83,-35.33999999999651,21353.809
20165.84,-35.32999999999811,21546.52
20165.85,-35.31999999999971,21498.33
20165.86,-35.30999999999767,21546.52
20165.87,-35.29999999999927,21691.139
20165.88,-35.289999999997235,21691.139
20165.89,-35.279999999998836,21691.139
20165.9,-35.2699999999968,21691.139
20165.91,-35.2599999999984,21450.146
20165.92,-35.25,21642.924
20165.93,-35.23999999999796,21546.52
20165.94,-35.22999999999956,21787.59
20165.95,-35.219999999997526,21642.924
20165.96,-35.20999999999913,21546.52
20165.97,-35.19999999999709,21642.924
20165.98,-35.18999999999869,21739.359
20165.99,-35.17999999999665,21305.65
20166.0,-35.169999999998254,21594.717
20166.01,-35.159999999999854,21642.924
20166.02,-35.14999999999782,21835.83
20166.03,-35.13999999999942,21787.59
20166.04,-35.12999999999738,21546.52
20166.05,-35.11999999999898,21594.717
20166.06,-35.109999999996944,21739.359
20166.07,-35.099999999998545,21739.359
20166.08,-35.08999999999651,21594.717
20166.09,-35.07999999999811,21498.33
20166.1,-35.06999999999971,21546.52
20166.11,-35.05999999999767,21787.59
20166.12,-35.04999999999927,21546.52
20166.13,-35.039999999997235,21691.139
20166.14,-35.029999999998836,21642.924
20166.15,-35.0199999999968,21546.52
20166.16,-35.0099999999984,21546.52
20166.17,-35.0,21401.973
20166.18,-34.98999999999796,21546.52
20166.19,-34.97999999999956,21787.59
20166.2,-34.969999999997526,21450.146
20166.21,-34.95999999999913,21450.146
20166.22,-34.94999999999709,21450.146
20166.23,-34.93999999999869,21691.139
20166.24,-34.92999999999665,21498.33
20166.25,-34.919999999998254,21691.139
20166.26,-34.909999999999854,21353.809
20166.27,-34.89999999999782,21835.83
20166.28,-34.88999999999942,21498.33
20166.29,-34.87999999999738,21546.52
20166.3,-34.86999999999898,21691.139
20166.31,-34.859999999996944,21498.33
20166.32,-34.849999999998545,21546.52
20166.33,-34.83999999999651,21691.139
20166.34,-34.82999999999811,21691.139
20166.35,-34.81999999999971,21642.924
20166.36,-34.80999999999767,21594.717
20166.37,-34.79999999999927,21642.924
20166.38,-34.789999999997235,21691.139
20166.39,-34.779999999998836,21739.359
20166.4,-34.7699999999968,21594.717
20166.41,-34.7599999999984,21450.146
20166.42,-34.75,21594.717
20166.43,-34.73999999999796,21642.924
20166.44,-34.72999999999956,21691.139
20166.45,-34.719999999997526,21642.924
20166.46,-34.70999999999913,21546.52
20166.47,-34.69999999999709,21739.359
20166.48,-34.68999999999869,21594.717
20166.49,-34.67999999999665,21835.83
20166.5,-34.669999999998254,21642.924
20166.51,-34.659999999999854,21594.717
20166.52,-34.64999999999782,21642.924
20166.53,-34.63999999999942,21594.717
20166.54,-34.62999999999738,21546.52
20166.55,-34.61999999999898,21594.717
20166.56,-34.609999999996944,21450.146
20166.57,-34.599999999998545,21739.359
20166.58,-34.58999999999651,21739.359
20166.59,-34.57999999999811,21546.52
20166.6,-34.56999999999971,21739.359
20166.61,-34.55999999999767,21787.59
20166.62,-34.54999999999927,21642.924
20166.63,-34.539999999997235,21450.146
20166.64,-34.529999999998836,21594.717
20166.65,-34.5199999999968,21691.139
20166.66,-34.5099999999984,21594.717
20166.67,-34.5,21401.973
20166.68,-34.48999999999796,21594.717
20166.69,-34.47999999999956,21594.717
20166.7,-34.469999999997526,21546.52
20166.71,-34.45999999999913,21739.359
20166.72,-34.44999999999709,21450.146
20166.73,-34.43999999999869,21642.924
20166.74,-34.42999999999665,21594.717
20166.75,-34.419999999998254,21980.594
20166.76,-34.409999999999854,21546.52
20166.77,-34.39999999999782,21787.59
20166.78,-34.38999999999942,21642.924
20166.79,-34.37999999999738,21546.52
20166.8,-34.36999999999898,21594.717
20166.81,-34.359999999996944,21691.139
20166.82,-34.349999999998545,21401.973
20166.83,-34.33999999999651,21546.52
20166.84,-34.32999999999811,21594.717
20166.85,-34.31999999999971,21546.52
20166.86,-34.30999999999767,21546.52
20166.87,-34.29999999999927,21546.52
20166.88,-34.289999999997235,21642.924
20166.89,-34.279999999998836,21642.924
20166.9,-34.2699999999968,21691.139
20166.91,-34.2599999999984,21305.65
20166.92,-34.25,21546.52
20166.93,-34.23999999999796,21642.924
20166.94,-34.22999999999956,21546.52
20166.95,-34.219999999997526,21739.359
20166.96,-34.20999999999913,21546.52
20166.97,-34.19999999999709,21594.717
20166.98,-34.18999999999869,21498.33
20166.99,-34.17999999999665,21546.52
20167.0,-34.169999999998254,21594.717
20167.01,-34.159999999999854,21594.717
20167.02,-34.14999999999782,21691.139
20167.03,-34.13999999999942,21691.139
20167.04,-34.12999999999738,21546.52
20167.05,-34.11999999999898,21642.924
20167.06,-34.109999999996944,21594.717
20167.07,-34.099999999998545,21498.33
20167.08,-34.08999999999651,21691.139
20167.09,-34.07999999999811,21594.717
20167.1,-34.06999999999971,21691.139
20167.11,-34.05999999999767,21642.924
20167.12,-34.04999999999927,21642.924
20167.13,-34.039999999997235,21594.717
20167.14,-34.029999999998836,21884.076
20167.15,-34.0199999999968,21739.359
20167.16,-34.0099999999984,21594.717
20167.17,-34.0,21546.52
20167.18,-33.98999999999796,21691.139
20167.19,-33.97999999999956,21787.59
20167.2,-33.969999999997526,21450.146
20167.21,-33.95999999999913,21498.33
20167.22,-33.94999999999709,21691.139
20167.23,-33.93999999999869,21980.594
20167.24,-33.92999999999665,21546.52
20167.25,-33.919999999998254,21498.33
20167.26,-33.909999999999854,21594.717
20167.27,-33.89999999999782,21739.359
20167.28,-33.88999999999942,21594.717
20167.29,-33.87999999999738,21546.52
20167.3,-33.86999999999898,21642.924
20167.31,-33.859999999996944,21546.52
20167.32,-33.849999999998545,21546.52
20167.33,-33.83999999999651,21450.146
20167.34,-33.82999999999811,21450.146
20167.35,-33.81999999999971,21546.52
20167.36,-33.80999999999767,21546.52
20167.37,-33.79999999999927,21594.717
20167.38,-33.789999999997235,21450.146
20167.39,-33.779999999998836,21691.139
20167.4,-33.7699999999968,21546.52
20167.41,-33.7599999999984,21498.33
20167.42,-33.75,21546.52
20167.43,-33.73999999999796,22173.729
20167.44,-33.72999999999956,21835.83
20167.45,-33.719999999997526,21594.717
20167.46,-33.70999999999913,21739.359
20167.47,-33.69999999999709,21594.717
20167.48,-33.68999999999869,21546.52
20167.49,-33.67999999999665,21546.52
20167.5,-33.669999999998254,21691.139
20167.51,-33.659999999999854,21546.52
20167.52,-33.64999999999782,21691.139
20167.53,-33.63999999999942,21498.33
20167.54,-33.62999999999738,21594.717
20167.55,-33.61999999999898,21546.52
20167.56,-33.609999999996944,21594.717
20167.57,-33.599999999998545,21498.33
20167.58,-33.58999999999651,21691.139
20167.59,-33.57999999999811,21594.717
20167.6,-33.56999999999971,21642.924
20167.61,-33.55999999999767,21691.139
20167.62,-33.54999999999927,21546.52
20167.63,-33.539999999997235,21594.717
20167.64,-33.529999999998836,21353.809
20167.65,-33.5199999999968,21787.59
20167.66,-33.5099999999984,21594.717
20167.67,-33.5,21594.717
20167.68,-33.48999999999796,21401.973
20167.69,-33.47999999999956,21787.59
20167.7,-33.469999999997526,21546.52
20167.71,-33.45999999999913,21546.52
20167.72,-33.44999999999709,21450.146
20167.73,-33.43999999999869,21884.076
20167.74,-33.42999999999665,21835.83
20167.75,-33.419999999998254,21835.83
20167.76,-33.409999999999854,21594.717
20167.77,-33.39999999999782,21642.924
20167.78,-33.38999999999942,21691.139
20167.79,-33.37999999999738,21642.924
20167.8,-33.36999999999898,21450.146
20167.81,-33.359999999996944,21546.52
20167.82,-33.349999999998545,21739.359
20167.83,-33.33999999999651,21498.33
20167.84,-33.32999999999811,21642.924
20167.85,-33.31999999999971,21594.717
20167.86,-33.30999999999767,21450.146
20167.87,-33.29999999999927,21594.717
20167.88,-33.289999999997235,21932.332
20167.89,-33.279999999998836,21884.076
20167.9,-33.2699999999968,21642.924
20167.91,-33.2599999999984,21594.717
20167.92,-33.25,21642.924
20167.93,-33.23999999999796,21594.717
20167.94,-33.22999999999956,21642.924
20167.95,-33.219999999997526,21546.52
20167.96,-33.20999999999913,21546.52
20167.97,-33.19999999999709,21546.52
20167.98,-33.18999999999869,21594.717
20167.99,-33.17999999999665,21642.924
20168.0,-33.169999999998254,21691.139
20168.01,-33.159999999999854,21642.924
20168.02,-33.14999999999782,21691.139
20168.03,-33.13999999999942,21594.717
20168.04,-33.12999999999738,21401.973
20168.05,-33.11999999999898,21739.359
20168.06,-33.109999999996944,21691.139
20168.07,-33.099999999998545,21739.359
20168.08,-33.08999999999651,21401.973
20168.09,-33.07999999999811,21498.33
20168.1,-33.06999999999971,21980.594
20168.11,-33.05999999999767,21498.33
20168.12,-33.04999999999927,21498.33
20168.13,-33.039999999997235,21642.924
20168.14,-33.029999999998836,21787.59
20168.15,-33.0199999999968,21594.717
20168.16,-33.0099999999984,21787.59
20168.17,-33.0,21642.924
20168.18,-32.98999999999796,21642.924
20168.19,-32.97999999999956,21787.59
20168.2,-32.969999999997526,21594.717
20168.21,-32.95999999999913,21594.717
20168.22,-32.94999999999709,21305.65
20168.23,-32.93999999999869,21594.717
20168.24,-32.92999999999665,21546.52
20168.25,-32.919999999998254,21642.924
20168.26,-32.909999999999854,21691.139
20168.27,-32.89999999999782,21642.924
20168.28,-32.88999999999942,21594.717
20168.29,-32.87999999999738,21642.924
20168.3,-32.86999999999898,21594.717
20168.31,-32.859999999996944,21546.52
20168.32,-32.849999999998545,21594.717
20168.33,-32.83999999999651,21498.33
20168.34,-32.82999999999811,21594.717
20168.35,-32.81999999999971,21594.717
20168.36,-32.80999999999767,21739.359
20168.37,-32.79999999999927,21594.717
20168.38,-32.789999999997235,21546.52
20168.39,-32.779999999998836,21642.924
20168.4,-32.7699999999968,21739.359
20168.41,-32.7599999999984,21498.33
20168.42,-32.75,21546.52
20168.43,-32.73999999999796,21642.924
20168.44,-32.72999999999956,21546.52
20168.45,-32.719999999997526,21642.924
20168.46,-32.70999999999913,21594.717
20168.47,-32.69999999999709,21691.139
20168.48,-32.68999999999869,21642.924
20168.49,-32.67999999999665,21546.52
20168.5,-32.669999999998254,21691.139
20168.51,-32.659999999999854,21691.139
20168.52,-32.64999999999782,21642.924
20168.53,-32.63999999999942,21691.139
20168.54,-32.62999999999738,21691.139
20168.55,-32.61999999999898,21691.139
20168.56,-32.609999999996944,21787.59
20168.57,-32.599999999998545,21739.359
20168.58,-32.58999999999651,21594.717
20168.59,-32.57999999999811,21594.717
20168.6,-32.56999999999971,21739.359
20168.61,-32.55999999999767,21739.359
20168.62,-32.54999999999927,21450.146
20168.63,-32.539999999997235,21835.83
20168.64,-32.529999999998836,21642.924
20168.65,-32.5199999999968,21546.52
20168.66,-32.5099999999984,21642.924
20168.67,-32.5,21642.924
20168.68,-32.48999999999796,21787.59
20168.69,-32.47999999999956,21739.359
20168.7,-32.469999999997526,21546.52
20168.71,-32.45999999999913,21691.139
20168.72,-32.44999999999709,21642.924
20168.73,-32.43999999999869,21691.139
20168.74,-32.42999999999665,21401.973
20168.75,-32.419999999998254,21450.146
20168.76,-32.409999999999854,21642.924
20168.77,-32.39999999999782,21305.65
20168.78,-32.38999999999942,21787.59
20168.79,-32.37999999999738,21546.52
20168.8,-32.36999999999898,21787.59
20168.81,-32.359999999996944,21884.076
20168.82,-32.349999999998545,21787.59
20168.83,-32.33999999999651,21546.52
20168.84,-32.32999999999811,21642.924
20168.85,-32.31999999999971,21546.52
20168.86,-32.30999999999767,21691.139
20168.87,-32.29999999999927,21546.52
20168.88,-32.289999999997235,21787.59
20168.89,-32.279999999998836,21835.83
20168.9,-32.2699999999968,21691.139
20168.91,-32.2599999999984,21498.33
20168.92,-32.25,21787.59
20168.93,-32.23999999999796,21594.717
20168.94,-32.22999999999956,21401.973
20168.95,-32.219999999997526,21450.146
20168.96,-32.20999999999913,21691.139
20168.97,-32.19999999999709,21835.83
20168.98,-32.18999999999869,21691.139
20168.99,-32.17999999999665,21691.139
20169.0,-32.169999999998254,21691.139
20169.01,-32.159999999999854,21498.33
20169.02,-32.14999999999782,21594.717
20169.03,-32.13999999999942,21498.33
20169.04,-32.12999999999738,21594.717
20169.05,-32.11999999999898,21594.717
20169.06,-32.109999999996944,21498.33
20169.07,-32.099999999998545,21353.809
20169.08,-32.08999999999651,21787.59
20169.09,-32.07999999999811,21691.139
20169.1,-32.06999999999971,21691.139
20169.11,-32.05999999999767,21642.924
20169.12,-32.04999999999927,21691.139
20169.13,-32.039999999997235,21498.33
20169.14,-32.029999999998836,21739.359
20169.15,-32.0199999999968,21546.52
20169.16,-32.0099999999984,21691.139
20169.17,-32.0,21642.924
20169.18,-31.989999999997963,21642.924
20169.19,-31.979999999999563,21739.359
20169.2,-31.969999999997526,21691.139
20169.21,-31.959999999999127,21594.717
20169.22,-31.94999999999709,21546.52
20169.23,-31.93999999999869,21739.359
20169.24,-31.929999999996653,21787.59
20169.25,-31.919999999998254,21594.717
20169.26,-31.909999999999854,21450.146
20169.27,-31.899999999997817,21546.52
20169.28,-31.889999999999418,21546.52
20169.29,-31.87999999999738,21594.717
20169.3,-31.86999999999898,21594.717
20169.31,-31.859999999996944,21353.809
20169.32,-31.849999999998545,21546.52
20169.33,-31.839999999996508,21546.52
20169.34,-31.82999999999811,21209.359
20169.35,-31.81999999999971,21546.52
20169.36,-31.80999999999767,21546.52
20169.37,-31.799999999999272,21546.52
20169.38,-31.789999999997235,21642.924
20169.39,-31.779999999998836,21642.924
20169.4,-31.7699999999968,21546.52
20169.41,-31.7599999999984,21498.33
20169.42,-31.75,21498.33
20169.43,-31.739999999997963,21594.717
20169.44,-31.729999999999563,21450.146
20169.45,-31.719999999997526,21546.52
20169.46,-31.709999999999127,21546.52
20169.47,-31.69999999999709,21594.717
20169.48,-31.68999999999869,21401.973
20169.49,-31.679999999996653,21450.146
20169.5,-31.669999999998254,21642.924
20169.51,-31.659999999999854,21594.717
20169.52,-31.649999999997817,21787.59
20169.53,-31.639999999999418,21498.33
20169.54,-31.62999999999738,21835.83
20169.55,-31.61999999999898,21739.359
20169.56,-31.609999999996944,21739.359
20169.57,-31.599999999998545,21594.717
20169.58,-31.589999999996508,21546.52
20169.59,-31.57999999999811,21642.924
20169.6,-31.56999999999971,21450.146
20169.61,-31.55999999999767,21594.717
20169.62,-31.549999999999272,21594.717
20169.63,-31.539999999997235,21546.52
20169.64,-31.529999999998836,21787.59
20169.65,-31.5199999999968,21642.924
20169.66,-31.5099999999984,21691.139
20169.67,-31.5,21691.139
20169.68,-31.489999999997963,21739.359
20169.69,-31.479999999999563,21450.146
20169.7,-31.469999999997526,21787.59
20169.71,-31.459999999999127,21498.33
20169.72,-31.44999999999709,21691.139
20169.73,-31.43999999999869,21594.717
20169.74,-31.429999999996653,21594.717
20169.75,-31.419999999998254,21450.146
20169.76,-31.409999999999854,21594.717
20169.77,-31.399999999997817,21642.924
20169.78,-31.389999999999418,21642.924
20169.79,-31.37999999999738,21450.146
20169.8,-31.36999999999898,21546.52
20169.81,-31.359999999996944,21594.717
20169.82,-31.349999999998545,21546.52
20169.83,-31.339999999996508,21642.924
20169.84,-31.32999999999811,21739.359
20169.85,-31.31999999999971,21691.139
20169.86,-31.30999999999767,21450.146
20169.87,-31.299999999999272,21594.717
20169.88,-31.289999999997235,21787.59
20169.89,-31.279999999998836,21739.359
20169.9,-31.2699999999968,21739.359
20169.91,-31.2599999999984,21594.717
20169.92,-31.25,21594.717
20169.93,-31.239999999997963,21787.59
20169.94,-31.229999999999563,21546.52
20169.95,-31.219999999997526,21594.717
20169.96,-31.209999999999127,21932.332
20169.97,-31.19999999999709,21835.83
20169.98,-31.18999999999869,21546.52
20169.99,-31.179999999996653,21594.717
20170.0,-31.169999999998254,21594.717
20170.01,-31.159999999999854,21594.717
20170.02,-31.149999999997817,21787.59
20170.03,-31.139999999999418,21546.52
20170.04,-31.12999999999738,21450.146
20170.05,-31.11999999999898,21594.717
20170.06,-31.109999999996944,21546.52
20170.07,-31.099999999998545,21546.52
20170.08,-31.089999999996508,21594.717
20170.09,-31.07999999999811,21642.924
20170.1,-31.06999999999971,21787.59
20170.11,-31.05999999999767,21642.924
20170.12,-31.049999999999272,21498.33
20170.13,-31.039999999997235,21594.717
20170.14,-31.029999999998836,21835.83
20170.15,-31.0199999999968,21787.59
20170.16,-31.0099999999984,21546.52
20170.17,-31.0,21642.924
20170.18,-30.989999999997963,21594.717
20170.19,-30.979999999999563,21546.52
20170.2,-30.969999999997526,21642.924
20170.21,-30.959999999999127,21594.717
20170.22,-30.94999999999709,21498.33
20170.23,-30.93999999999869,21498.33
20170.24,-30.929999999996653,21642.924
20170.25,-30.919999999998254,21546.52
20170.26,-30.909999999999854,21450.146
20170.27,-30.899999999997817,21450.146
20170.28,-30.889999999999418,21450.146
20170.29,-30.87999999999738,21594.717
20170.3,-30.86999999999898,21594.717
20170.31,-30.859999999996944,21691.139
20170.32,-30.849999999998545,21642.924
20170.33,-30.839999999996508,21450.146
20170.34,-30.82999999999811,21594.717
20170.35,-30.81999999999971,21546.52
20170.36,-30.80999999999767,21546.52
20170.37,-30.799999999999272,21642.924
20170.38,-30.789999999997235,21546.52
20170.39,-30.779999999998836,21980.594
20170.4,-30.7699999999968,21546.52
20170.41,-30.7599999999984,21739.359
20170.42,-30.75,21787.59
20170.43,-30.739999999997963,21787.59
20170.44,-30.729999999999563,21739.359
20170.45,-30.719999999997526,21594.717
20170.46,-30.709999999999127,21594.717
20170.47,-30.69999999999709,21546.52
20170.48,-30.68999999999869,21884.076
20170.49,-30.679999999996653,21594.717
20170.5,-30.669999999998254,21594.717
20170.51,-30.659999999999854,21642.924
20170.52,-30.649999999997817,21546.52
20170.53,-30.639999999999418,21594.717
20170.54,-30.62999999999738,21739.359
20170.55,-30.61999999999898,21594.717
20170.56,-30.609999999996944,21787.59
20170.57,-30.599999999998545,21594.717
20170.58,-30.589999999996508,21642.924
20170.59,-30.57999999999811,21642.924
20170.6,-30.56999999999971,21884.076
20170.61,-30.55999999999767,21642.924
20170.62,-30.549999999999272,21546.52
20170.63,-30.539999999997235,21498.33
20170.64,-30.529999999998836,21739.359
20170.65,-30.5199999999968,21691.139
20170.66,-30.5099999999984,21642.924
20170.67,-30.5,21450.146
20170.68,-30.489999999997963,21691.139
20170.69,-30.479999999999563,21642.924
20170.7,-30.469999999997526,21642.924
20170.71,-30.459999999999127,21353.809
20170.72,-30.44999999999709,21691.139
20170.73,-30.43999999999869,21594.717
20170.74,-30.429999999996653,21642.924
20170.75,-30.419999999998254,21787.59
20170.76,-30.409999999999854,21594.717
20170.77,-30.399999999997817,21787.59
20170.78,-30.389999999999418,21498.33
20170.79,-30.37999999999738,21353.809
20170.8,-30.36999999999898,21642.924
20170.81,-30.359999999996944,21594.717
20170.82,-30.349999999998545,21546.52
20170.83,-30.339999999996508,21498.33
20170.84,-30.32999999999811,21594.717
20170.85,-30.31999999999971,21691.139
20170.86,-30.30999999999767,21546.52
20170.87,-30.299999999999272,21739.359
20170.88,-30.289999999997235,21835.83
20170.89,-30.279999999998836,21739.359
20170.9,-30.2699999999968,21546.52
20170.91,-30.2599999999984,21594.717
20170.92,-30.25,21835.83
20170.93,-30.239999999997963,21642.924
20170.94,-30.229999999999563,21594.717
20170.95,-30.219999999997526,21594.717
20170.96,-30.209999999999127,21546.52
20170.97,-30.19999999999709,21594.717
20170.98,-30.18999999999869,21691.139
20170.99,-30.179999999996653,21498.33
20171.0,-30.169999999998254,21642.924
20171.01,-30.159999999999854,21546.52
20171.02,-30.149999999997817,21642.924
20171.03,-30.139999999999418,21594.717
20171.04,-30.12999999999738,21450.146
20171.05,-30.11999999999898,21642.924
20171.06,-30.109999999996944,21642.924
20171.07,-30.099999999998545,21594.717
20171.08,-30.089999999996508,21546.52
20171.09,-30.07999999999811,21642.924
20171.1,-30.06999999999971,21642.924
20171.11,-30.05999999999767,21642.924
20171.12,-30.049999999999272,21787.59
20171.13,-30.039999999997235,21546.52
20171.14,-30.029999999998836,21884.076
20171.15,-30.0199999999968,21642.924
20171.16,-30.0099999999984,21739.359
20171.17,-30.0,21642.924
20171.18,-29.989999999997963,21546.52
20171.19,-29.979999999999563,21739.359
20171.2,-29.969999999997526,21546.52
20171.21,-29.959999999999127,21450.146
20171.22,-29.94999999999709,21642.924
20171.23,-29.93999999999869,21594.717
20171.24,-29.929999999996653,21691.139
20171.25,-29.919999999998254,21594.717
20171.26,-29.909999999999854,21546.52
20171.27,-29.899999999997817,21884.076
20171.28,-29.889999999999418,21594.717
20171.29,-29.87999999999738,21642.924
20171.3,-29.86999999999898,21546.52
20171.31,-29.859999999996944,21546.52
20171.32,-29.849999999998545,21642.924
20171.33,-29.839999999996508,21691.139
20171.34,-29.82999999999811,21691.139
20171.35,-29.81999999999971,21739.359
20171.36,-29.80999999999767,21450.146
20171.37,-29.799999999999272,21450.146
20171.38,-29.789999999997235,21642.924
20171.39,-29.779999999998836,21787.59
20171.4,-29.7699999999968,21691.139
20171.41,-29.7599999999984,21691.139
20171.42,-29.75,21787.59
20171.43,-29.739999999997963,21594.717
20171.44,-29.729999999999563,21642.924
20171.45,-29.719999999997526,21642.924
20171.46,-29.709999999999127,21594.717
20171.47,-29.69999999999709,21739.359
20171.48,-29.68999999999869,21835.83
20171.49,-29.679999999996653,21642.924
20171.5,-29.669999999998254,21691.139
20171.51,-29.659999999999854,21642.924
20171.52,-29.649999999997817,21642.924
20171.53,-29.639999999999418,21691.139
20171.54,-29.62999999999738,21594.717
20171.55,-29.61999999999898,21739.359
20171.56,-29.609999999996944,21594.717
20171.57,-29.599999999998545,21594.717
20171.58,-29.589999999996508,21498.33
20171.59,-29.57999999999811,21835.83
20171.6,-29.56999999999971,21739.359
20171.61,-29.55999999999767,21450.146
20171.62,-29.549999999999272,21739.359
20171.63,-29.539999999997235,21401.973
20171.64,-29.529999999998836,21642.924
20171.65,-29.5199999999968,21787.59
20171.66,-29.5099999999984,21691.139
20171.67,-29.5,21691.139
20171.68,-29.489999999997963,21642.924
20171.69,-29.479999999999563,21787.59
20171.7,-29.469999999997526,21835.83
20171.71,-29.459999999999127,21787.59
20171.72,-29.44999999999709,21594.717
20171.73,-29.43999999999869,21594.717
20171.74,-29.429999999996653,21691.139
20171.75,-29.419999999998254,21691.139
20171.76,-29.409999999999854,21498.33
20171.77,-29.399999999997817,21642.924
20171.78,-29.389999999999418,21546.52
20171.79,-29.37999999999738,21594.717
20171.8,-29.36999999999898,21498.33
20171.81,-29.359999999996944,21546.52
20171.82,-29.349999999998545,21594.717
20171.83,-29.339999999996508,21546.52
20171.84,-29.32999999999811,21642.924
20171.85,-29.31999999999971,21594.717
20171.86,-29.30999999999767,21450.146
20171.87,-29.299999999999272,21642.924
20171.88,-29.289999999997235,21450.146
20171.89,-29.279999999998836,21787.59
20171.9,-29.2699999999968,21546.52
20171.91,-29.2599999999984,21594.717
20171.92,-29.25,21594.717
20171.93,-29.239999999997963,21835.83
20171.94,-29.229999999999563,21642.924
20171.95,-29.219999999997526,21450.146
20171.96,-29.209999999999127,21691.139
20171.97,-29.19999999999709,21642.924
20171.98,-29.18999999999869,21594.717
20171.99,-29.179999999996653,21546.52
20172.0,-29.169999999998254,21498.33
20172.01,-29.159999999999854,21546.52
20172.02,-29.149999999997817,21691.139
20172.03,-29.139999999999418,21546.52
20172.04,-29.12999999999738,21594.717
20172.05,-29.11999999999898,21546.52
20172.06,-29.109999999996944,21642.924
20172.07,-29.099999999998545,21642.924
20172.08,-29.089999999996508,21642.924
20172.09,-29.07999999999811,21739.359
20172.1,-29.06999999999971,21594.717
20172.11,-29.05999999999767,21498.33
20172.12,-29.049999999999272,21546.52
20172.13,-29.039999999997235,21739.359
20172.14,-29.029999999998836,21739.359
20172.15,-29.0199999999968,21594.717
20172.16,-29.0099999999984,21546.52
20172.17,-29.0,21546.52
20172.18,-28.989999999997963,21787.59
20172.19,-28.979999999999563,21546.52
20172.2,-28.969999999997526,21594.717
20172.21,-28.959999999999127,21594.717
20172.22,-28.94999999999709,21739.359
20172.23,-28.93999999999869,21642.924
20172.24,-28.929999999996653,21546.52
20172.25,-28.919999999998254,21594.717
20172.26,-28.909999999999854,21642.924
20172.27,-28.899999999997817,21546.52
20172.28,-28.889999999999418,21498.33
20172.29,-28.87999999999738,21691.139
20172.3,-28.86999999999898,21691.139
20172.31,-28.859999999996944,21594.717
20172.32,-28.849999999998545,21546.52
20172.33,-28.839999999996508,21546.52
20172.34,-28.82999999999811,21642.924
20172.35,-28.81999999999971,21594.717
20172.36,-28.80999999999767,21787.59
20172.37,-28.799999999999272,21642.924
20172.38,-28.789999999997235,21546.52
20172.39,-28.779999999998836,21691.139
20172.4,-28.7699999999968,21546.52
20172.41,-28.7599999999984,21546.52
20172.42,-28.75,21642.924
20172.43,-28.739999999997963,21642.924
20172.44,-28.729999999999563,21739.359
20172.45,-28.719999999997526,21498.33
20172.46,-28.709999999999127,21546.52
20172.47,-28.69999999999709,21546.52
20172.48,-28.68999999999869,21739.359
20172.49,-28.679999999996653,21642.924
20172.5,-28.669999999998254,21691.139
20172.51,-28.659999999999854,21594.717
20172.52,-28.649999999997817,21835.83
20172.53,-28.639999999999418,21691.139
20172.54,-28.62999999999738,21691.139
20172.55,-28.61999999999898,21594.717
20172.56,-28.609999999996944,21594.717
20172.57,-28.599999999998545,21498.33
20172.58,-28.589999999996508,21642.924
20172.59,-28.57999999999811,21546.52
20172.6,-28.56999999999971,21594.717
20172.61,-28.55999999999767,21546.52
20172.62,-28.549999999999272,21642.924
20172.63,-28.539999999997235,21642.924
20172.64,-28.529999999998836,21787.59
20172.65,-28.5199999999968,21642.924
20172.66,-28.5099999999984,21546.52
20172.67,-28.5,21546.52
20172.68,-28.489999999997963,21546.52
20172.69,-28.479999999999563,21498.33
20172.7,-28.469999999997526,21642.924
20172.71,-28.459999999999127,21787.59
20172.72,-28.44999999999709,21787.59
20172.73,-28.43999999999869,21884.076
20172.74,-28.429999999996653,21546.52
20172.75,-28.419999999998254,21642.924
20172.76,-28.409999999999854,21546.52
20172.77,-28.399999999997817,21401.973
20172.78,-28.389999999999418,21691.139
20172.79,-28.37999999999738,21642.924
20172.8,-28.36999999999898,21642.924
20172.81,-28.359999999996944,21642.924
20172.82,-28.349999999998545,21498.33
20172.83,-28.339999999996508,21594.717
20172.84,-28.32999999999811,21835.83
20172.85,-28.31999999999971,21642.924
20172.86,-28.30999999999767,21594.717
20172.87,-28.299999999999272,21594.717
20172.88,-28.289999999997235,21450.146
20172.89,-28.279999999998836,21642.924
20172.9,-28.2699999999968,21691.139
20172.91,-28.2599999999984,21546.52
20172.92,-28.25,21594.717
20172.93,-28.239999999997963,21739.359
20172.94,-28.229999999999563,21884.076
20172.95,-28.219999999997526,21401.973
20172.96,-28.209999999999127,21546.52
20172.97,-28.19999999999709,21450.146
20172.98,-28.18999999999869,21642.924
20172.99,-28.179999999996653,21594.717
20173.0,-28.169999999998254,21642.924
20173.01,-28.159999999999854,21546.52
20173.02,-28.149999999997817,21691.139
20173.03,-28.139999999999418,21498.33
20173.04,-28.12999999999738,21594.717
20173.05,-28.11999999999898,21787.59
20173.06,-28.109999999996944,21594.717
20173.07,-28.099999999998545,21594.717
20173.08,-28.089999999996508,21546.52
20173.09,-28.07999999999811,21498.33
20173.1,-28.06999999999971,21642.924
20173.11,-28.05999999999767,21691.139
20173.12,-28.049999999999272,21691.139
20173.13,-28.039999999997235,21642.924
20173.14,-28.029999999998836,21835.83
20173.15,-28.0199999999968,21498.33
20173.16,-28.0099999999984,21594.717
20173.17,-28.0,21498.33
20173.18,-27.989999999997963,21546.52
20173.19,-27.979999999999563,21642.924
20173.2,-27.969999999997526,21594.717
20173.21,-27.959999999999127,21546.52
20173.22,-27.94999999999709,21691.139
20173.23,-27.93999999999869,21642.924
20173.24,-27.929999999996653,21642.924
20173.25,-27.919999999998254,21739.359
20173.26,-27.909999999999854,21835.83
20173.27,-27.899999999997817,21739.359
20173.28,-27.889999999999418,21642.924
20173.29,-27.87999999999738,21546.52
20173.3,-27.86999999999898,21691.139
20173.31,-27.859999999996944,21642.924
20173.32,-27.849999999998545,21739.359
20173.33,-27.839999999996508,21691.139
20173.34,-27.82999999999811,21450.146
20173.35,-27.81999999999971,21691.139
20173.36,-27.80999999999767,21642.924
20173.37,-27.799999999999272,21594.717
20173.38,-27.789999999997235,21546.52
20173.39,-27.779999999998836,21787.59
20173.4,-27.7699999999968,21642.924
20173.41,-27.7599999999984,21691.139
20173.42,-27.75,21787.59
20173.43,-27.739999999997963,21787.59
20173.44,-27.729999999999563,21642.924
20173.45,-27.719999999997526,21546.52
20173.46,-27.709999999999127,21546.52
20173.47,-27.69999999999709,21691.139
20173.48,-27.68999999999869,21642.924
20173.49,-27.679999999996653,21401.973
20173.5,-27.669999999998254,21642.924
20173.51,-27.659999999999854,21691.139
20173.52,-27.649999999997817,21787.59
20173.53,-27.639999999999418,21546.52
20173.54,-27.62999999999738,21739.359
20173.55,-27.61999999999898,21691.139
20173.56,-27.609999999996944,21691.139
20173.57,-27.599999999998545,21884.076
20173.58,-27.589999999996508,21594.717
20173.59,-27.57999999999811,21594.717
20173.6,-27.56999999999971,21835.83
20173.61,-27.55999999999767,21691.139
20173.62,-27.549999999999272,21739.359
20173.63,-27.539999999997235,21739.359
20173.64,-27.529999999998836,21498.33
20173.65,-27.5199999999968,21739.359
20173.66,-27.5099999999984,21498.33
20173.67,-27.5,21546.52
20173.68,-27.489999999997963,21498.33
20173.69,-27.479999999999563,21450.146
20173.7,-27.469999999997526,22077.145
20173.71,-27.459999999999127,22802.309
20173.72,-27.44999999999709,23432.264
20173.73,-27.43999999999869,23674.92
20173.74,-27.429999999996653,23820.611
20173.75,-27.419999999998254,23869.189
20173.76,-27.409999999999854,23869.189
20173.77,-27.399999999997817,23820.611
20173.78,-27.389999999999418,23626.373
20173.79,-27.37999999999738,23577.832
20173.8,-27.36999999999898,23723.475
20173.81,-27.359999999996944,23674.92
20173.82,-27.349999999998545,23674.92
20173.83,-27.339999999996508,23626.373
20173.84,-27.32999999999811,23820.611
20173.85,-27.31999999999971,23917.777
20173.86,-27.30999999999767,23723.475
20173.87,-27.299999999999272,23723.475
20173.88,-27.289999999997235,23820.611
20173.89,-27.279999999998836,23917.777
20173.9,-27.2699999999968,23869.189
20173.91,-27.2599999999984,23917.777
20173.92,-27.25,23917.777
20173.93,-27.239999999997963,24014.979
20173.94,-27.229999999999563,23772.039
20173.95,-27.219999999997526,23674.92
20173.96,-27.209999999999127,23577.832
20173.97,-27.19999999999709,23529.301
20173.98,-27.18999999999869,23723.475
20173.99,-27.179999999996653,23723.475
20174.0,-27.169999999998254,23480.779
20174.01,-27.159999999999854,23772.039
20174.02,-27.149999999997817,23772.039
20174.03,-27.139999999999418,23917.777
20174.04,-27.12999999999738,23772.039
20174.05,-27.11999999999898,23723.475
20174.06,-27.109999999996944,23577.832
20174.07,-27.099999999998545,23820.611
20174.08,-27.089999999996508,23772.039
20174.09,-27.07999999999811,23869.189
20174.1,-27.06999999999971,23869.189
20174.11,-27.05999999999767,23626.373
20174.12,-27.049999999999272,23577.832
20174.13,-27.039999999997235,23869.189
20174.14,-27.029999999998836,23772.039
20174.15,-27.0199999999968,23674.92
20174.16,-27.0099999999984,23674.92
20174.17,-27.0,23723.475
20174.18,-26.989999999997963,23674.92
20174.19,-26.979999999999563,23723.475
20174.2,-26.969999999997526,23772.039
20174.21,-26.959999999999127,23869.189
20174.22,-26.94999999999709,23723.475
20174.23,-26.93999999999869,24014.979
20174.24,-26.929999999996653,23626.373
20174.25,-26.919999999998254,23869.189
20174.26,-26.909999999999854,23772.039
20174.27,-26.899999999997817,23917.777
20174.28,-26.889999999999418,23869.189
20174.29,-26.87999999999738,23723.475
20174.3,-26.86999999999898,23577.832
20174.31,-26.859999999996944,23674.92
20174.32,-26.849999999998545,23723.475
20174.33,-26.839999999996508,23674.92
20174.34,-26.82999999999811,23577.832
20174.35,-26.81999999999971,23674.92
20174.36,-26.80999999999767,23917.777
20174.37,-26.799999999999272,23772.039
20174.38,-26.789999999997235,23869.189
20174.39,-26.779999999998836,23577.832
20174.4,-26.7699999999968,23869.189
20174.41,-26.7599999999984,23674.92
20174.42,-26.75,23917.777
20174.43,-26.739999999997963,23772.039
20174.44,-26.729999999999563,23772.039
20174.45,-26.719999999997526,23674.92
20174.46,-26.709999999999127,23723.475
20174.47,-26.69999999999709,23820.611
20174.48,-26.68999999999869,23917.777
20174.49,-26.679999999996653,23480.779
20174.5,-26.669999999998254,23772.039
20174.51,-26.659999999999854,23577.832
20174.52,-26.649999999997817,23674.92
20174.53,-26.639999999999418,23674.92
20174.54,-26.62999999999738,23577.832
20174.55,-26.61999999999898,24550.162
20174.56,-26.609999999996944,24793.752
20174.57,-26.599999999998545,24793.752
20174.58,-26.589999999996508,24306.775
20174.59,-26.57999999999811,23674.92
20174.6,-26.56999999999971,24355.436
20174.61,-26.55999999999767,24014.979
20174.62,-26.549999999999272,23286.768
20174.63,-26.539999999997235,23044.438
20174.64,-26.529999999998836,23044.438
20174.65,-26.5199999999968,22850.719
20174.66,-26.5099999999984,22947.563
20174.67,-26.5,22899.137
20174.68,-26.489999999997963,22995.996
20174.69,-26.479999999999563,23044.438
20174.7,-26.469999999997526,22657.131
20174.71,-26.459999999999127,22270.344
20174.72,-26.44999999999709,22415.328
20174.73,-26.43999999999869,22802.309
20174.74,-26.429999999996653,22753.908
20174.75,-26.419999999998254,22850.719
20174.76,-26.409999999999854,23480.779
20174.77,-26.399999999997817,23917.777
20174.78,-26.389999999999418,24160.84
20174.79,-26.37999999999738,23966.375
20174.8,-26.36999999999898,23674.92
20174.81,-26.359999999996944,22947.563
20174.82,-26.349999999998545,22415.328
20174.83,-26.339999999996508,23092.887
20174.84,-26.32999999999811,23674.92
20174.85,-26.31999999999971,23869.189
20174.86,-26.30999999999767,24014.979
20174.87,-26.299999999999272,23820.611
20174.88,-26.289999999997235,22995.996
20174.89,-26.279999999998836,22512.023
20174.9,-26.2699999999968,23286.768
20174.91,-26.2599999999984,23966.375
20174.92,-26.25,24209.477
20174.93,-26.239999999997963,24160.84
20174.94,-26.229999999999563,23966.375
20174.95,-26.219999999997526,22947.563
20174.96,-26.209999999999127,22463.672
20174.97,-26.19999999999709,23044.438
20174.98,-26.18999999999869,23723.475
20174.99,-26.179999999996653,24063.592
20175.0,-26.169999999998254,24063.592
20175.01,-26.159999999999854,24112.211
20175.02,-26.149999999997817,23189.811
20175.03,-26.139999999999418,22366.992
20175.04,-26.12999999999738,22899.137
20175.05,-26.11999999999898,23626.373
20175.06,-26.109999999996944,23917.777
20175.07,-26.099999999998545,23966.375
20175.08,-26.089999999996508,24112.211
20175.09,-26.07999999999811,23238.285
20175.1,-26.06999999999971,23092.887
20175.11,-26.05999999999767,23772.039
20175.12,-26.049999999999272,24112.211
20175.13,-26.039999999997235,24063.592
20175.14,-26.029999999998836,24258.121
20175.15,-26.0199999999968,23966.375
20175.16,-26.0099999999984,23577.832
20175.17,-26.0,23966.375
20175.18,-25.989999999997963,24306.775
20175.19,-25.979999999999563,24209.477
20175.2,-25.969999999997526,24404.105
20175.21,-25.959999999999127,23432.264
20175.22,-25.94999999999709,22463.672
20175.23,-25.93999999999869,22560.385
20175.24,-25.929999999996653,23432.264
20175.25,-25.919999999998254,24063.592
20175.26,-25.909999999999854,23869.189
20175.27,-25.899999999997817,24160.84
20175.28,-25.889999999999418,23820.611
20175.29,-25.87999999999738,23626.373
20175.3,-25.86999999999898,24063.592
20175.31,-25.859999999996944,24209.477
20175.32,-25.849999999998545,24258.121
20175.33,-25.839999999996508,24160.84
20175.34,-25.82999999999811,23092.887
20175.35,-25.81999999999971,22947.563
20175.36,-25.80999999999767,23674.92
20175.37,-25.799999999999272,23917.777
20175.38,-25.789999999997235,24160.84
20175.39,-25.779999999998836,24355.436
20175.4,-25.7699999999968,23674.92
20175.41,-25.7599999999984,23141.346
20175.42,-25.75,23383.758
20175.43,-25.739999999997963,23966.375
20175.44,-25.729999999999563,24112.211
20175.45,-25.719999999997526,24160.84
20175.46,-25.709999999999127,24306.775
20175.47,-25.69999999999709,23723.475
20175.48,-25.68999999999869,24063.592
20175.49,-25.679999999996653,24209.477
20175.5,-25.669999999998254,24306.775
20175.51,-25.659999999999854,24404.105
20175.52,-25.649999999997817,23869.189
20175.53,-25.639999999999418,22899.137
20175.54,-25.62999999999738,22705.516
20175.55,-25.61999999999898,23480.779
20175.56,-25.609999999996944,24209.477
20175.57,-25.599999999998545,24258.121
20175.58,-25.589999999996508,24209.477
20175.59,-25.57999999999811,24306.775
20175.6,-25.56999999999971,23723.475
20175.61,-25.55999999999767,23869.189
20175.62,-25.549999999999272,24452.783
20175.63,-25.539999999997235,24501.469
20175.64,-25.529999999998836,24404.105
20175.65,-25.5199999999968,23869.189
20175.66,-25.5099999999984,22947.563
20175.67,-25.5,23383.758
20175.68,-25.489999999997963,23917.777
20175.69,-25.479999999999563,24160.84
20175.7,-25.469999999997526,24355.436
20175.71,-25.459999999999127,24014.979
20175.72,-25.44999999999709,23335.258
20175.73,-25.43999999999869,23141.346
20175.74,-25.429999999996653,23917.777
20175.75,-25.419999999998254,24063.592
20175.76,-25.409999999999854,24258.121
20175.77,-25.399999999997817,24258.121
20175.78,-25.389999999999418,23820.611
20175.79,-25.37999999999738,23869.189
20175.8,-25.36999999999898,24014.979
20175.81,-25.359999999996944,24209.477
20175.82,-25.349999999998545,24160.84
20175.83,-25.339999999996508,24209.477
20175.84,-25.32999999999811,23335.258
20175.85,-25.31999999999971,22705.516
20175.86,-25.30999999999767,23238.285
20175.87,-25.299999999999272,23772.039
20175.88,-25.289999999997235,24014.979
20175.89,-25.279999999998836,24258.121
20175.9,-25.2699999999968,24306.775
20175.91,-25.2599999999984,23577.832
20175.92,-25.25,23966.375
20175.93,-25.239999999997963,24063.592
20175.94,-25.229999999999563,24355.436
20175.95,-25.219999999997526,24452.783
20175.96,-25.209999999999127,24355.436
20175.97,-25.19999999999709,23335.258
20175.98,-25.18999999999869,23286.768
20175.99,-25.179999999996653,24014.979
20176.0,-25.169999999998254,24160.84
20176.01,-25.159999999999854,24160.84
20176.02,-25.149999999997817,24063.592
20176.03,-25.139999999999418,23383.758
20176.04,-25.12999999999738,22947.563
20176.05,-25.11999999999898,23820.611
20176.06,-25.109999999996944,23917.777
20176.07,-25.099999999998545,24355.436
20176.08,-25.089999999996508,24306.775
20176.09,-25.07999999999811,23869.189
20176.1,-25.06999999999971,23674.92
20176.11,-25.05999999999767,24258.121
20176.12,-25.049999999999272,24501.469
20176.13,-25.039999999997235,24355.436
20176.14,-25.029999999998836,24550.162
20176.15,-25.0199999999968,23529.301
20176.16,-25.0099999999984,22705.516
20176.17,-25.0,22850.719
20176.18,-24.989999999997963,23577.832
20176.19,-24.979999999999563,24112.211
20176.2,-24.969999999997526,24209.477
20176.21,-24.959999999999127,24258.121
20176.22,-24.94999999999709,23820.611
20176.23,-24.93999999999869,23674.92
20176.24,-24.929999999996653,24160.84
20176.25,-24.919999999998254,24452.783
20176.26,-24.909999999999854,24355.436
20176.27,-24.899999999997817,24063.592
20176.28,-24.889999999999418,23529.301
20176.29,-24.87999999999738,23092.887
20176.3,-24.86999999999898,23820.611
20176.31,-24.859999999996944,24112.211
20176.32,-24.849999999998545,24160.84
20176.33,-24.839999999996508,24160.84
20176.34,-24.82999999999811,23820.611
20176.35,-24.81999999999971,22995.996
20176.36,-24.80999999999767,23577.832
20176.37,-24.799999999999272,23966.375
20176.38,-24.789999999997235,24160.84
20176.39,-24.779999999998836,24306.775
20176.4,-24.7699999999968,24160.84
20176.41,-24.7599999999984,23772.039
20176.42,-24.75,23966.375
20176.43,-24.739999999997963,24112.211
20176.44,-24.729999999999563,24160.84
20176.45,-24.719999999997526,24404.105
20176.46,-24.709999999999127,23772.039
20176.47,-24.69999999999709,23092.887
20176.48,-24.68999999999869,22657.131
20176.49,-24.679999999996653,23577.832
20176.5,-24.669999999998254,24014.979
20176.51,-24.659999999999854,23966.375
20176.52,-24.649999999997817,24063.592
20176.53,-24.639999999999418,24063.592
20176.54,-24.62999999999738,23723.475
20176.55,-24.61999999999898,23966.375
20176.56,-24.609999999996944,24160.84
20176.57,-24.599999999998545,24306.775
20176.58,-24.589999999996508,24160.84
20176.59,-24.57999999999811,23772.039
20176.6,-24.56999999999971,23044.438
20176.61,-24.55999999999767,23529.301
20176.62,-24.549999999999272,24014.979
20176.63,-24.539999999997235,24063.592
20176.64,-24.529999999998836,24452.783
20176.65,-24.5199999999968,24112.211
20176.66,-24.5099999999984,23335.258
20176.67,-24.5,23286.768
20176.68,-24.489999999997963,23869.189
20176.69,-24.479999999999563,24160.84
20176.7,-24.469999999997526,24306.775
20176.71,-24.459999999999127,24452.783
20176.72,-24.44999999999709,23480.779
20176.73,-24.43999999999869,23820.611
20176.74,-24.429999999996653,24160.84
20176.75,-24.419999999998254,24355.436
20176.76,-24.409999999999854,24306.775
20176.77,-24.399999999997817,24306.775
20176.78,-24.389999999999418,23189.811
20176.79,-24.37999999999738,22608.754
20176.8,-24.36999999999898,23335.258
20176.81,-24.359999999996944,23674.92
20176.82,-24.349999999998545,24063.592
20176.83,-24.339999999996508,24209.477
20176.84,-24.32999999999811,24209.477
20176.85,-24.31999999999971,23674.92
20176.86,-24.30999999999767,23966.375
20176.87,-24.299999999999272,24209.477
20176.88,-24.289999999997235,24306.775
20176.89,-24.279999999998836,24306.775
20176.9,-24.2699999999968,24112.211
20176.91,-24.2599999999984,22995.996
20176.92,-24.25,23092.887
20176.93,-24.239999999997963,23820.611
20176.94,-24.229999999999563,24306.775
20176.95,-24.219999999997526,24258.121
20176.96,-24.209999999999127,24258.121
20176.97,-24.19999999999709,23529.301
20176.98,-24.18999999999869,23092.887
20176.99,-24.179999999996653,23577.832
20177.0,-24.169999999998254,24160.84
20177.01,-24.159999999999854,24404.105
20177.02,-24.149999999997817,24258.121
20177.03,-24.139999999999418,23869.189
20177.04,-24.12999999999738,23772.039
20177.05,-24.11999999999898,24014.979
20177.06,-24.109999999996944,24112.211
20177.07,-24.099999999998545,24306.775
20177.08,-24.089999999996508,24112.211
20177.09,-24.07999999999811,23432.264
20177.1,-24.06999999999971,22560.385
20177.11,-24.05999999999767,22995.996
20177.12,-24.049999999999272,23820.611
20177.13,-24.039999999997235,24306.775
20177.14,-24.029999999998836,24501.469
20177.15,-24.0199999999968,24404.105
20177.16,-24.0099999999984,23772.039
20177.17,-24.0,23966.375
20177.18,-23.989999999997963,24112.211
20177.19,-23.979999999999563,24355.436
20177.2,-23.969999999997526,24160.84
20177.21,-23.959999999999127,24209.477
20177.22,-23.94999999999709,23529.301
20177.23,-23.93999999999869,23141.346
20177.24,-23.929999999996653,23869.189
20177.25,-23.919999999998254,24014.979
20177.26,-23.909999999999854,24160.84
20177.27,-23.899999999997817,24306.775
20177.28,-23.889999999999418,23966.375
20177.29,-23.87999999999738,23092.887
20177.3,-23.86999999999898,23674.92
20177.31,-23.859999999996944,24160.84
20177.32,-23.849999999998545,24452.783
20177.33,-23.839999999996508,24452.783
20177.34,-23.82999999999811,24306.775
20177.35,-23.81999999999971,23772.039
20177.36,-23.80999999999767,23917.777
20177.37,-23.799999999999272,24258.121
20177.38,-23.789999999997235,24112.211
20177.39,-23.779999999998836,24258.121
20177.4,-23.7699999999968,23577.832
20177.41,-23.7599999999984,22947.563
20177.42,-23.75,22705.516
20177.43,-23.739999999997963,23626.373
20177.44,-23.729999999999563,24112.211
20177.45,-23.719999999997526,24404.105
20177.46,-23.709999999999127,24550.162
20177.47,-23.69999999999709,24355.436
20177.48,-23.68999999999869,23772.039
20177.49,-23.679999999996653,24112.211
20177.5,-23.669999999998254,24258.121
20177.51,-23.659999999999854,24063.592
20177.52,-23.649999999997817,24063.592
20177.53,-23.639999999999418,23577.832
20177.54,-23.62999999999738,22947.563
20177.55,-23.61999999999898,23529.301
20177.56,-23.609999999996944,23772.039
20177.57,-23.599999999998545,24014.979
20177.58,-23.589999999996508,24160.84
20177.59,-23.57999999999811,24063.592
20177.6,-23.56999999999971,23092.887
20177.61,-23.55999999999767,23383.758
20177.62,-23.549999999999272,24209.477
20177.63,-23.539999999997235,24452.783
20177.64,-23.529999999998836,24647.572
20177.65,-23.5199999999968,24452.783
20177.66,-23.5099999999984,23772.039
20177.67,-23.5,23772.039
20177.68,-23.489999999997963,24014.979
20177.69,-23.479999999999563,24112.211
20177.7,-23.469999999997526,24160.84
20177.71,-23.459999999999127,24014.979
20177.72,-23.44999999999709,23092.887
20177.73,-23.43999999999869,22802.309
20177.74,-23.429999999996653,23238.285
20177.75,-23.419999999998254,23966.375
20177.76,-23.409999999999854,24306.775
20177.77,-23.399999999997817,24452.783
20177.78,-23.389999999999418,24501.469
20177.79,-23.37999999999738,23772.039
20177.8,-23.36999999999898,23966.375
20177.81,-23.359999999996944,24160.84
20177.82,-23.349999999998545,24258.121
20177.83,-23.339999999996508,24258.121
20177.84,-23.32999999999811,24112.211
20177.85,-23.31999999999971,22850.719
20177.86,-23.30999999999767,23092.887
20177.87,-23.299999999999272,23674.92
20177.88,-23.289999999997235,23917.777
20177.89,-23.279999999998836,24112.211
20177.9,-23.2699999999968,23966.375
20177.91,-23.2599999999984,23480.779
20177.92,-23.25,22995.996
20177.93,-23.239999999997963,23869.189
20177.94,-23.229999999999563,24258.121
20177.95,-23.219999999997526,24696.291
20177.96,-23.209999999999127,24550.162
20177.97,-23.19999999999709,24063.592
20177.98,-23.18999999999869,23723.475
20177.99,-23.179999999996653,24160.84
20178.0,-23.169999999998254,24112.211
20178.01,-23.159999999999854,23917.777
20178.02,-23.149999999997817,24160.84
20178.03,-23.139999999999418,23480.779
20178.04,-23.12999999999738,22899.137
20178.05,-23.11999999999898,22947.563
20178.06,-23.109999999996944,23772.039
20178.07,-23.099999999998545,24355.436
20178.08,-23.089999999996508,24404.105
20178.09,-23.07999999999811,24258.121
20178.1,-23.06999999999971,23626.373
20178.11,-23.05999999999767,23820.611
20178.12,-23.049999999999272,24014.979
20178.13,-23.039999999997235,24112.211
20178.14,-23.029999999998836,24014.979
20178.15,-23.0199999999968,24112.211
20178.16,-23.0099999999984,23238.285
20178.17,-23.0,23044.438
20178.18,-22.989999999997963,23383.758
20178.19,-22.979999999999563,23869.189
20178.2,-22.969999999997526,23772.039
20178.21,-22.959999999999127,23869.189
20178.22,-22.94999999999709,23529.301
20178.23,-22.93999999999869,22705.516
20178.24,-22.929999999996653,22705.516
20178.25,-22.919999999998254,23723.475
20178.26,-22.909999999999854,24063.592
20178.27,-22.899999999997817,24306.775
20178.28,-22.889999999999418,24452.783
20178.29,-22.87999999999738,24063.592
20178.3,-22.86999999999898,23189.811
20178.31,-22.859999999996944,22318.664
20178.32,-22.849999999998545,23092.887
20178.33,-22.839999999996508,23674.92
20178.34,-22.82999999999811,24014.979
20178.35,-22.81999999999971,23917.777
20178.36,-22.80999999999767,24306.775
20178.37,-22.799999999999272,23238.285
20178.38,-22.789999999997235,22512.023
20178.39,-22.779999999998836,23529.301
20178.4,-22.7699999999968,23917.777
20178.41,-22.7599999999984,24258.121
20178.42,-22.75,24404.105
20178.43,-22.739999999997963,24598.863
20178.44,-22.729999999999563,23383.758
20178.45,-22.719999999997526,22753.908
20178.46,-22.709999999999127,22947.563
20178.47,-22.69999999999709,23723.475
20178.48,-22.68999999999869,24112.211
20178.49,-22.679999999996653,24209.477
20178.5,-22.669999999998254,24160.84
20178.51,-22.659999999999854,23286.768
20178.52,-22.649999999997817,22657.131
20178.53,-22.639999999999418,23044.438
20178.54,-22.62999999999738,23577.832
20178.55,-22.61999999999898,23869.189
20178.56,-22.609999999996944,24063.592
20178.57,-22.599999999998545,23966.375
20178.58,-22.589999999996508,23286.768
20178.59,-22.57999999999811,22753.908
20178.6,-22.56999999999971,23092.887
20178.61,-22.55999999999767,23820.611
20178.62,-22.549999999999272,24160.84
20178.63,-22.539999999997235,24209.477
20178.64,-22.529999999998836,24501.469
20178.65,-22.5199999999968,23577.832
20178.66,-22.5099999999984,22899.137
20178.67,-22.5,23092.887
20178.68,-22.489999999997963,23723.475
20178.69,-22.479999999999563,23966.375
20178.7,-22.469999999997526,24112.211
20178.71,-22.459999999999127,24063.592
20178.72,-22.44999999999709,23238.285
20178.73,-22.43999999999869,23432.264
20178.74,-22.429999999996653,23917.777
20178.75,-22.419999999998254,23820.611
20178.76,-22.409999999999854,23335.258
20178.77,-22.399999999997817,23383.758
20178.78,-22.389999999999418,23626.373
20178.79,-22.37999999999738,22366.992
20178.8,-22.36999999999898,21450.146
20178.81,-22.359999999996944,21305.65
20178.82,-22.349999999998545,21209.359
20178.83,-22.339999999996508,21305.65
20178.84,-22.32999999999811,22222.031
20178.85,-22.31999999999971,23772.039
20178.86,-22.30999999999767,24063.592
20178.87,-22.299999999999272,22995.996
20178.88,-22.289999999997235,24063.592
20178.89,-22.279999999998836,24598.863
20178.9,-22.2699999999968,24598.863
20178.91,-22.2599999999984,24598.863
20178.92,-22.25,24647.572
20178.93,-22.239999999997963,24696.291
20178.94,-22.229999999999563,24501.469
20178.95,-22.219999999997526,24696.291
20178.96,-22.209999999999127,24598.863
20178.97,-22.19999999999709,24598.863
20178.98,-22.18999999999869,24598.863
20178.99,-22.179999999996653,24696.291
20179.0,-22.169999999998254,24745.018
20179.01,-22.159999999999854,24598.863
20179.02,-22.149999999997817,24550.162
20179.03,-22.139999999999418,24598.863
20179.04,-22.12999999999738,24501.469
20179.05,-22.11999999999898,24598.863
20179.06,-22.109999999996944,24696.291
20179.07,-22.099999999998545,24501.469
20179.08,-22.089999999996508,24550.162
20179.09,-22.07999999999811,24647.572
20179.1,-22.06999999999971,24452.783
20179.11,-22.05999999999767,24550.162
20179.12,-22.049999999999272,24598.863
20179.13,-22.039999999997235,24647.572
20179.14,-22.029999999998836,24745.018
20179.15,-22.0199999999968,24647.572
20179.16,-22.0099999999984,24598.863
20179.17,-22.0,24550.162
20179.18,-21.989999999997963,24696.291
20179.19,-21.979999999999563,24452.783
20179.2,-21.969999999997526,24745.018
20179.21,-21.959999999999127,24745.018
20179.22,-21.94999999999709,24598.863
20179.23,-21.93999999999869,24745.018
20179.24,-21.929999999996653,24598.863
20179.25,-21.919999999998254,24696.291
20179.26,-21.909999999999854,24842.494
20179.27,-21.899999999997817,24501.469
20179.28,-21.889999999999418,24647.572
20179.29,-21.87999999999738,24501.469
20179.3,-21.86999999999898,24647.572
20179.31,-21.859999999996944,24696.291
20179.32,-21.849999999998545,24696.291
20179.33,-21.839999999996508,24501.469
20179.34,-21.82999999999811,24647.572
20179.35,-21.81999999999971,24696.291
20179.36,-21.80999999999767,24793.752
20179.37,-21.799999999999272,24598.863
20179.38,-21.789999999997235,24550.162
20179.39,-21.779999999998836,24745.018
20179.4,-21.7699999999968,24598.863
20179.41,-21.7599999999984,24891.244
20179.42,-21.75,24793.752
20179.43,-21.739999999997963,24988.77
20179.44,-21.729999999999563,24696.291
20179.45,-21.719999999997526,24793.752
20179.46,-21.709999999999127,24696.291
20179.47,-21.69999999999709,24793.752
20179.48,-21.68999999999869,24793.752
20179.49,-21.679999999996653,24842.494
20179.5,-21.669999999998254,25037.545
20179.51,-21.659999999999854,24793.752
20179.52,-21.649999999997817,24988.77
20179.53,-21.639999999999418,24842.494
20179.54,-21.62999999999738,24988.77
20179.55,-21.61999999999898,24793.752
20179.56,-21.609999999996944,24891.244
20179.57,-21.599999999998545,24745.018
20179.58,-21.589999999996508,24793.752
20179.59,-21.57999999999811,24940.002
20179.6,-21.56999999999971,24696.291
20179.61,-21.55999999999767,24793.752
20179.62,-21.549999999999272,24793.752
20179.63,-21.539999999997235,24891.244
20179.64,-21.529999999998836,24988.77
20179.65,-21.5199999999968,25086.328
20179.66,-21.5099999999984,25037.545
20179.67,-21.5,24988.77
20179.68,-21.489999999997963,24793.752
20179.69,-21.479999999999563,24696.291
20179.7,-21.469999999997526,24891.244
20179.71,-21.459999999999127,24696.291
20179.72,-21.44999999999709,24696.291
20179.73,-21.43999999999869,24745.018
20179.74,-21.429999999996653,24940.002
20179.75,-21.419999999998254,24988.77
20179.76,-21.409999999999854,24696.291
20179.77,-21.399999999997817,24891.244
20179.78,-21.389999999999418,24452.783
20179.79,-21.37999999999738,24696.291
20179.8,-21.36999999999898,24793.752
20179.81,-21.359999999996944,24793.752
20179.82,-21.349999999998545,24842.494
20179.83,-21.339999999996508,24891.244
20179.84,-21.32999999999811,24793.752
20179.85,-21.31999999999971,24745.018
20179.86,-21.30999999999767,24891.244
20179.87,-21.299999999999272,24793.752
20179.88,-21.289999999997235,24793.752
20179.89,-21.279999999998836,25037.545
20179.9,-21.2699999999968,24696.291
20179.91,-21.2599999999984,24647.572
20179.92,-21.25,24793.752
20179.93,-21.239999999997963,24647.572
20179.94,-21.229999999999563,24647.572
20179.95,-21.219999999997526,24891.244
20179.96,-21.209999999999127,24793.752
20179.97,-21.19999999999709,24793.752
20179.98,-21.18999999999869,25037.545
20179.99,-21.179999999996653,24793.752
20180.0,-21.169999999998254,24745.018
20180.01,-21.159999999999854,24696.291
20180.02,-21.149999999997817,24891.244
20180.03,-21.139999999999418,24647.572
20180.04,-21.12999999999738,24745.018
20180.05,-21.11999999999898,24647.572
20180.06,-21.109999999996944,24793.752
20180.07,-21.099999999998545,24793.752
20180.08,-21.089999999996508,24842.494
20180.09,-21.07999999999811,24842.494
20180.1,-21.06999999999971,24793.752
20180.11,-21.05999999999767,24745.018
20180.12,-21.049999999999272,24891.244
20180.13,-21.039999999997235,24745.018
20180.14,-21.029999999998836,24842.494
20180.15,-21.0199999999968,24793.752
20180.16,-21.0099999999984,24793.752
20180.17,-21.0,24647.572
20180.18,-20.989999999997963,24793.752
20180.19,-20.979999999999563,24891.244
20180.2,-20.969999999997526,24891.244
20180.21,-20.959999999999127,24745.018
20180.22,-20.94999999999709,24550.162
20180.23,-20.93999999999869,24745.018
20180.24,-20.929999999996653,24793.752
20180.25,-20.919999999998254,24842.494
20180.26,-20.909999999999854,24696.291
20180.27,-20.899999999997817,24891.244
20180.28,-20.889999999999418,24745.018
20180.29,-20.87999999999738,24793.752
20180.3,-20.86999999999898,24793.752
20180.31,-20.859999999996944,24842.494
20180.32,-20.849999999998545,25086.328
20180.33,-20.839999999996508,24891.244
20180.34,-20.82999999999811,24745.018
20180.35,-20.81999999999971,24793.752
20180.36,-20.80999999999767,24745.018
20180.37,-20.799999999999272,24745.018
20180.38,-20.789999999997235,24891.244
20180.39,-20.779999999998836,24842.494
20180.4,-20.7699999999968,24793.752
20180.41,-20.7599999999984,24940.002
20180.42,-20.75,24745.018
20180.43,-20.739999999997963,24891.244
20180.44,-20.729999999999563,24745.018
20180.45,-20.719999999997526,24793.752
20180.46,-20.709999999999127,24647.572
20180.47,-20.69999999999709,24891.244
20180.48,-20.68999999999869,24842.494
20180.49,-20.679999999996653,24745.018
20180.5,-20.669999999998254,24745.018
20180.51,-20.659999999999854,24696.291
20180.52,-20.649999999997817,24842.494
20180.53,-20.639999999999418,24891.244
20180.54,-20.62999999999738,24745.018
20180.55,-20.61999999999898,24745.018
20180.56,-20.609999999996944,24696.291
20180.57,-20.599999999998545,24891.244
20180.58,-20.589999999996508,24793.752
20180.59,-20.57999999999811,24647.572
20180.6,-20.56999999999971,24842.494
20180.61,-20.55999999999767,24793.752
20180.62,-20.549999999999272,24842.494
20180.63,-20.539999999997235,24745.018
20180.64,-20.529999999998836,24842.494
20180.65,-20.5199999999968,24940.002
20180.66,-20.5099999999984,24842.494
20180.67,-20.5,24842.494
20180.68,-20.489999999997963,24842.494
20180.69,-20.479999999999563,24793.752
20180.7,-20.469999999997526,24940.002
20180.71,-20.459999999999127,24598.863
20180.72,-20.44999999999709,24745.018
20180.73,-20.43999999999869,24891.244
20180.74,-20.429999999996653,24842.494
20180.75,-20.419999999998254,24793.752
20180.76,-20.409999999999854,24696.291
20180.77,-20.399999999997817,24891.244
20180.78,-20.389999999999418,24793.752
20180.79,-20.37999999999738,24793.752
20180.8,-20.36999999999898,24793.752
20180.81,-20.359999999996944,24793.752
20180.82,-20.349999999998545,24745.018
20180.83,-20.339999999996508,25037.545
20180.84,-20.32999999999811,24842.494
20180.85,-20.31999999999971,24647.572
20180.86,-20.30999999999767,24940.002
20180.87,-20.299999999999272,24793.752
20180.88,-20.289999999997235,24793.752
20180.89,-20.279999999998836,25037.545
20180.9,-20.2699999999968,24891.244
20180.91,-20.2599999999984,24696.291
20180.92,-20.25,24793.752
20180.93,-20.239999999997963,24793.752
20180.94,-20.229999999999563,24891.244
20180.95,-20.219999999997526,24842.494
20180.96,-20.209999999999127,24745.018
20180.97,-20.19999999999709,24550.162
20180.98,-20.18999999999869,24891.244
20180.99,-20.179999999996653,24793.752
20181.0,-20.169999999998254,24745.018
20181.01,-20.159999999999854,24793.752
20181.02,-20.149999999997817,24940.002
20181.03,-20.139999999999418,24793.752
20181.04,-20.12999999999738,24745.018
20181.05,-20.11999999999898,24647.572
20181.06,-20.109999999996944,24647.572
20181.07,-20.099999999998545,24842.494
20181.08,-20.089999999996508,24988.77
20181.09,-20.07999999999811,24696.291
20181.1,-20.06999999999971,24696.291
20181.11,-20.05999999999767,24550.162
20181.12,-20.049999999999272,24891.244
20181.13,-20.039999999997235,24647.572
20181.14,-20.029999999998836,24793.752
20181.15,-20.0199999999968,24745.018
20181.16,-20.0099999999984,24793.752
20181.17,-20.0,24842.494
20181.18,-19.989999999997963,24842.494
20181.19,-19.979999999999563,24793.752
20181.2,-19.969999999997526,24940.002
20181.21,-19.959999999999127,24891.244
20181.22,-19.94999999999709,24842.494
20181.23,-19.93999999999869,24940.002
20181.24,-19.929999999996653,24891.244
20181.25,-19.919999999998254,24842.494
20181.26,-19.909999999999854,24647.572
20181.27,-19.899999999997817,24647.572
20181.28,-19.889999999999418,24647.572
20181.29,-19.87999999999738,24745.018
20181.3,-19.86999999999898,24891.244
20181.31,-19.859999999996944,24696.291
20181.32,-19.849999999998545,24988.77
20181.33,-19.839999999996508,24842.494
20181.34,-19.82999999999811,24745.018
20181.35,-19.81999999999971,24842.494
20181.36,-19.80999999999767,24647.572
20181.37,-19.799999999999272,24647.572
20181.38,-19.789999999997235,24647.572
20181.39,-19.779999999998836,24988.77
20181.4,-19.7699999999968,24891.244
20181.41,-19.7599999999984,24988.77
20181.42,-19.75,24745.018
20181.43,-19.739999999997963,24745.018
20181.44,-19.729999999999563,24793.752
20181.45,-19.719999999997526,24842.494
20181.46,-19.709999999999127,24793.752
20181.47,-19.69999999999709,24647.572
20181.48,-19.68999999999869,24891.244
20181.49,-19.679999999996653,24696.291
20181.5,-19.669999999998254,24793.752
20181.51,-19.659999999999854,24891.244
20181.52,-19.649999999997817,24842.494
20181.53,-19.639999999999418,24793.752
20181.54,-19.62999999999738,24940.002
20181.55,-19.61999999999898,24940.002
20181.56,-19.609999999996944,24696.291
20181.57,-19.599999999998545,24988.77
20181.58,-19.589999999996508,24647.572
20181.59,-19.57999999999811,24891.244
20181.6,-19.56999999999971,24793.752
20181.61,-19.55999999999767,24647.572
20181.62,-19.549999999999272,24647.572
20181.63,-19.539999999997235,24745.018
20181.64,-19.529999999998836,24891.244
20181.65,-19.5199999999968,24745.018
20181.66,-19.5099999999984,24696.291
20181.67,-19.5,24745.018
20181.68,-19.489999999997963,24842.494
20181.69,-19.479999999999563,24745.018
20181.7,-19.469999999997526,24891.244
20181.71,-19.459999999999127,24793.752
20181.72,-19.44999999999709,24598.863
20181.73,-19.43999999999869,23383.758
20181.74,-19.429999999996653,23383.758
20181.75,-19.419999999998254,23577.832
20181.76,-19.409999999999854,23529.301
20181.77,-19.399999999997817,23529.301
20181.78,-19.389999999999418,23529.301
20181.79,-19.37999999999738,23674.92
20181.8,-19.36999999999898,23480.779
20181.81,-19.359999999996944,23529.301
20181.82,-19.349999999998545,23626.373
20181.83,-19.339999999996508,23674.92
20181.84,-19.32999999999811,23577.832
20181.85,-19.31999999999971,23626.373
20181.86,-19.30999999999767,23772.039
20181.87,-19.299999999999272,23674.92
20181.88,-19.289999999997235,23723.475
20181.89,-19.279999999998836,23480.779
20181.9,-19.2699999999968,23335.258
20181.91,-19.2599999999984,23577.832
20181.92,-19.25,24014.979
20181.93,-19.239999999997963,23966.375
20181.94,-19.229999999999563,23917.777
20181.95,-19.219999999997526,23917.777
20181.96,-19.209999999999127,23966.375
20181.97,-19.19999999999709,23917.777
20181.98,-19.18999999999869,23772.039
20181.99,-19.179999999996653,23869.189
20182.0,-19.169999999998254,23917.777
20182.01,-19.159999999999854,23820.611
20182.02,-19.149999999997817,23917.777
20182.03,-19.139999999999418,24014.979
20182.04,-19.12999999999738,23820.611
20182.05,-19.11999999999898,23335.258
20182.06,-19.109999999996944,23189.811
20182.07,-19.099999999998545,23577.832
20182.08,-19.089999999996508,23529.301
20182.09,-19.07999999999811,23577.832
20182.1,-19.06999999999971,23626.373
20182.11,-19.05999999999767,23529.301
20182.12,-19.049999999999272,23723.475
20182.13,-19.039999999997235,23529.301
20182.14,-19.029999999998836,23674.92
20182.15,-19.0199999999968,23626.373
20182.16,-19.0099999999984,23723.475
20182.17,-19.0,23723.475
20182.18,-18.989999999997963,23529.301
20182.19,-18.979999999999563,23772.039
20182.2,-18.969999999997526,23286.768
20182.21,-18.959999999999127,23286.768
20182.22,-18.94999999999709,23626.373
20182.23,-18.93999999999869,23383.758
20182.24,-18.929999999996653,23626.373
20182.25,-18.919999999998254,23820.611
20182.26,-18.909999999999854,23723.475
20182.27,-18.899999999997817,23529.301
20182.28,-18.889999999999418,23772.039
20182.29,-18.87999999999738,23626.373
20182.3,-18.86999999999898,23674.92
20182.31,-18.859999999996944,23723.475
20182.32,-18.849999999998545,23577.832
20182.33,-18.839999999996508,23772.039
20182.34,-18.82999999999811,23626.373
20182.35,-18.81999999999971,23626.373
20182.36,-18.80999999999767,22947.563
20182.37,-18.799999999999272,23432.264
20182.38,-18.789999999997235,23674.92
20182.39,-18.779999999998836,24014.979
20182.4,-18.7699999999968,23966.375
20182.41,-18.7599999999984,23772.039
20182.42,-18.75,23723.475
20182.43,-18.739999999997963,23723.475
20182.44,-18.729999999999563,24014.979
20182.45,-18.719999999997526,23869.189
20182.46,-18.709999999999127,23869.189
20182.47,-18.69999999999709,23772.039
20182.48,-18.68999999999869,23917.777
20182.49,-18.679999999996653,23820.611
20182.5,-18.669999999998254,23772.039
20182.51,-18.659999999999854,23529.301
20182.52,-18.649999999997817,23432.264
20182.53,-18.639999999999418,23480.779
20182.54,-18.62999999999738,23626.373
20182.55,-18.61999999999898,23723.475
20182.56,-18.609999999996944,23820.611
20182.57,-18.599999999998545,23820.611
20182.58,-18.589999999996508,24014.979
20182.59,-18.57999999999811,23966.375
20182.6,-18.56999999999971,23917.777
20182.61,-18.55999999999767,23674.92
20182.62,-18.549999999999272,23869.189
20182.63,-18.539999999997235,23820.611
20182.64,-18.529999999998836,23820.611
20182.65,-18.5199999999968,23869.189
20182.66,-18.5099999999984,23772.039
20182.67,-18.5,23044.438
20182.68,-18.489999999997963,23238.285
20182.69,-18.479999999999563,23432.264
20182.7,-18.469999999997526,23723.475
20182.71,-18.459999999999127,23577.832
20182.72,-18.44999999999709,23674.92
20182.73,-18.43999999999869,23674.92
20182.74,-18.429999999996653,23577.832
20182.75,-18.419999999998254,23674.92
20182.76,-18.409999999999854,23480.779
20182.77,-18.399999999997817,23577.832
20182.78,-18.389999999999418,23674.92
20182.79,-18.37999999999738,23966.375
20182.8,-18.36999999999898,23626.373
20182.81,-18.359999999996944,23674.92
20182.82,-18.349999999998545,23577.832
20182.83,-18.339999999996508,23092.887
20182.84,-18.32999999999811,23383.758
20182.85,-18.31999999999971,23820.611
20182.86,-18.30999999999767,23917.777
20182.87,-18.299999999999272,23577.832
20182.88,-18.289999999997235,23966.375
20182.89,-18.279999999998836,23723.475
20182.9,-18.2699999999968,23772.039
20182.91,-18.2599999999984,23772.039
20182.92,-18.25,23917.777
20182.93,-18.239999999997963,23820.611
20182.94,-18.229999999999563,23723.475
20182.95,-18.219999999997526,23772.039
20182.96,-18.209999999999127,23674.92
20182.97,-18.19999999999709,23772.039
20182.98,-18.18999999999869,23286.768
20182.99,-18.179999999996653,23480.779
20183.0,-18.169999999998254,23529.301
20183.01,-18.159999999999854,23286.768
20183.02,-18.149999999997817,23723.475
20183.03,-18.139999999999418,23529.301
20183.04,-18.12999999999738,23529.301
20183.05,-18.11999999999898,23917.777
20183.06,-18.109999999996944,23772.039
20183.07,-18.099999999998545,23723.475
20183.08,-18.089999999996508,23869.189
20183.09,-18.07999999999811,23723.475
20183.1,-18.06999999999971,23772.039
20183.11,-18.05999999999767,23772.039
20183.12,-18.049999999999272,23674.92
20183.13,-18.039999999997235,23529.301
20183.14,-18.029999999998836,23432.264
20183.15,-18.0199999999968,23432.264
20183.16,-18.0099999999984,23820.611
20183.17,-18.0,23869.189
20183.18,-17.989999999997963,23674.92
20183.19,-17.979999999999563,23869.189
20183.2,-17.969999999997526,23917.777
20183.21,-17.959999999999127,23917.777
20183.22,-17.94999999999709,23626.373
20183.23,-17.93999999999869,23917.777
20183.24,-17.929999999996653,23917.777
20183.25,-17.919999999998254,23772.039
20183.26,-17.909999999999854,23674.92
20183.27,-17.899999999997817,23869.189
20183.28,-17.889999999999418,23917.777
20183.29,-17.87999999999738,23286.768
20183.3,-17.86999999999898,23335.258
20183.31,-17.859999999996944,23772.039
20183.32,-17.849999999998545,23674.92
20183.33,-17.839999999996508,23674.92
20183.34,-17.82999999999811,23674.92
20183.35,-17.81999999999971,23772.039
20183.36,-17.80999999999767,23723.475
20183.37,-17.799999999999272,23723.475
20183.38,-17.789999999997235,23723.475
20183.39,-17.779999999998836,23772.039
20183.4,-17.7699999999968,23723.475
20183.41,-17.7599999999984,23820.611
20183.42,-17.75,23723.475
20183.43,-17.739999999997963,23674.92
20183.44,-17.729999999999563,23626.373
20183.45,-17.719999999997526,23141.346
20183.46,-17.709999999999127,23480.779
20183.47,-17.69999999999709,23723.475
20183.48,-17.68999999999869,23626.373
20183.49,-17.679999999996653,23723.475
20183.5,-17.669999999998254,23577.832
20183.51,-17.659999999999854,23626.373
20183.52,-17.649999999997817,23723.475
20183.53,-17.639999999999418,23577.832
20183.54,-17.62999999999738,23674.92
20183.55,-17.61999999999898,23723.475
20183.56,-17.609999999996944,23820.611
20183.57,-17.599999999998545,23723.475
20183.58,-17.589999999996508,23674.92
20183.59,-17.57999999999811,23869.189
20183.6,-17.56999999999971,23141.346
20183.61,-17.55999999999767,23335.258
20183.62,-17.549999999999272,23674.92
20183.63,-17.539999999997235,24014.979
20183.64,-17.529999999998836,24112.211
20183.65,-17.5199999999968,23966.375
20183.66,-17.5099999999984,23917.777
20183.67,-17.5,23966.375
20183.68,-17.489999999997963,23869.189
20183.69,-17.479999999999563,23917.777
20183.7,-17.469999999997526,23966.375
20183.71,-17.459999999999127,24112.211
20183.72,-17.44999999999709,23869.189
20183.73,-17.43999999999869,23723.475
20183.74,-17.429999999996653,23869.189
20183.75,-17.419999999998254,23869.189
20183.76,-17.409999999999854,23044.438
20183.77,-17.399999999997817,23480.779
20183.78,-17.389999999999418,23772.039
20183.79,-17.37999999999738,23626.373
20183.8,-17.36999999999898,23772.039
20183.81,-17.359999999996944,23480.779
20183.82,-17.349999999998545,23480.779
20183.83,-17.339999999996508,23674.92
20183.84,-17.32999999999811,23674.92
20183.85,-17.31999999999971,23869.189
20183.86,-17.30999999999767,23917.777
20183.87,-17.299999999999272,23772.039
20183.88,-17.289999999997235,23869.189
20183.89,-17.279999999998836,23917.777
20183.9,-17.2699999999968,23772.039
20183.91,-17.2599999999984,23335.258
20183.92,-17.25,23529.301
20183.93,-17.239999999997963,23480.779
20183.94,-17.229999999999563,23723.475
20183.95,-17.219999999997526,23723.475
20183.96,-17.209999999999127,23820.611
20183.97,-17.19999999999709,23869.189
20183.98,-17.18999999999869,23723.475
20183.99,-17.179999999996653,23917.777
20184.0,-17.169999999998254,23820.611
20184.01,-17.159999999999854,23869.189
20184.02,-17.149999999997817,23820.611
20184.03,-17.139999999999418,23820.611
20184.04,-17.12999999999738,23917.777
20184.05,-17.11999999999898,23820.611
20184.06,-17.109999999996944,23772.039
20184.07,-17.099999999998545,23238.285
20184.08,-17.089999999996508,23383.758
20184.09,-17.07999999999811,23723.475
20184.1,-17.06999999999971,23626.373
20184.11,-17.05999999999767,23820.611
20184.12,-17.049999999999272,23820.611
20184.13,-17.039999999997235,23626.373
20184.14,-17.029999999998836,23820.611
20184.15,-17.0199999999968,23674.92
20184.16,-17.0099999999984,23674.92
20184.17,-17.0,23674.92
20184.18,-16.989999999997963,23674.92
20184.19,-16.979999999999563,23723.475
20184.2,-16.969999999997526,23674.92
20184.21,-16.959999999999127,23820.611
20184.22,-16.94999999999709,23286.768
20184.23,-16.93999999999869,23335.258
20184.24,-16.929999999996653,23480.779
20184.25,-16.919999999998254,23820.611
20184.26,-16.909999999999854,23869.189
20184.27,-16.899999999997817,23966.375
20184.28,-16.889999999999418,23869.189
20184.29,-16.87999999999738,23966.375
20184.3,-16.86999999999898,23820.611
20184.31,-16.859999999996944,24112.211
20184.32,-16.849999999998545,23772.039
20184.33,-16.839999999996508,23772.039
20184.34,-16.82999999999811,23966.375
20184.35,-16.81999999999971,23966.375
20184.36,-16.80999999999767,24014.979
20184.37,-16.799999999999272,23966.375
20184.38,-16.789999999997235,23335.258
20184.39,-16.779999999998836,23383.758
20184.4,-16.7699999999968,23674.92
20184.41,-16.7599999999984,23772.039
20184.42,-16.75,24063.592
20184.43,-16.739999999997963,23674.92
20184.44,-16.729999999999563,24112.211
20184.45,-16.719999999997526,23820.611
20184.46,-16.709999999999127,23869.189
20184.47,-16.69999999999709,23772.039
20184.48,-16.68999999999869,24014.979
20184.49,-16.679999999996653,23966.375
20184.5,-16.669999999998254,23869.189
20184.51,-16.659999999999854,23626.373
20184.52,-16.649999999997817,23869.189
20184.53,-16.639999999999418,23432.264
20184.54,-16.62999999999738,23286.768
20184.55,-16.61999999999898,23432.264
20184.56,-16.609999999996944,23674.92
20184.57,-16.599999999998545,23674.92
20184.58,-16.589999999996508,23772.039
20184.59,-16.57999999999811,23674.92
20184.6,-16.56999999999971,23772.039
20184.61,-16.55999999999767,23674.92
20184.62,-16.549999999999272,23723.475
20184.63,-16.539999999997235,23674.92
20184.64,-16.529999999998836,23869.189
20184.65,-16.5199999999968,23723.475
20184.66,-16.5099999999984,23723.475
20184.67,-16.5,23723.475
20184.68,-16.489999999997963,23772.039
20184.69,-16.479999999999563,23189.811
20184.7,-16.469999999997526,23480.779
20184.71,-16.459999999999127,23723.475
20184.72,-16.44999999999709,23772.039
20184.73,-16.43999999999869,23577.832
20184.74,-16.429999999996653,23674.92
20184.75,-16.419999999998254,23723.475
20184.76,-16.409999999999854,23723.475
20184.77,-16.399999999997817,23966.375
20184.78,-16.389999999999418,23674.92
20184.79,-16.37999999999738,23674.92
20184.8,-16.36999999999898,23820.611
20184.81,-16.359999999996944,23820.611
20184.82,-16.349999999998545,23674.92
20184.83,-16.339999999996508,23723.475
20184.84,-16.32999999999811,23480.779
20184.85,-16.31999999999971,23286.768
20184.86,-16.30999999999767,23577.832
20184.87,-16.299999999999272,23723.475
20184.88,-16.289999999997235,23917.777
20184.89,-16.279999999998836,23820.611
20184.9,-16.2699999999968,23723.475
20184.91,-16.2599999999984,23820.611
20184.92,-16.25,23723.475
20184.93,-16.239999999997963,23820.611
20184.94,-16.229999999999563,23820.611
20184.95,-16.219999999997526,23772.039
20184.96,-16.209999999999127,23917.777
20184.97,-16.19999999999709,23723.475
20184.98,-16.18999999999869,23820.611
20184.99,-16.179999999996653,23626.373
20185.0,-16.169999999998254,23141.346
20185.01,-16.159999999999854,23092.887
20185.02,-16.149999999997817,23626.373
20185.03,-16.139999999999418,23723.475
20185.04,-16.12999999999738,23723.475
20185.05,-16.11999999999898,23674.92
20185.06,-16.109999999996944,23966.375
20185.07,-16.099999999998545,23917.777
20185.08,-16.089999999996508,23966.375
20185.09,-16.07999999999811,23966.375
20185.1,-16.06999999999971,23820.611
20185.11,-16.05999999999767,24014.979
20185.12,-16.049999999999272,23772.039
20185.13,-16.039999999997235,23480.779
20185.14,-16.029999999998836,23966.375
20185.15,-16.0199999999968,23480.779
20185.16,-16.0099999999984,23189.811
20185.17,-16.0,23723.475
20185.18,-15.989999999997963,23577.832
20185.19,-15.979999999999563,23674.92
20185.2,-15.969999999997526,23772.039
20185.21,-15.959999999999127,23723.475
20185.22,-15.94999999999709,23723.475
20185.23,-15.93999999999869,23917.777
20185.24,-15.929999999996653,23917.777
20185.25,-15.919999999998254,24014.979
20185.26,-15.909999999999854,23820.611
20185.27,-15.899999999997817,23869.189
20185.28,-15.889999999999418,23723.475
20185.29,-15.87999999999738,23917.777
20185.3,-15.869999999998981,23820.611
20185.31,-15.859999999996944,23092.887
20185.32,-15.849999999998545,23189.811
20185.33,-15.839999999996508,23335.258
20185.34,-15.829999999998108,23432.264
20185.35,-15.819999999999709,23286.768
20185.36,-15.809999999997672,23723.475
20185.37,-15.799999999999272,23480.779
20185.38,-15.789999999997235,23335.258
20185.39,-15.779999999998836,23626.373
20185.4,-15.769999999996799,23529.301
20185.41,-15.7599999999984,23383.758
20185.42,-15.75,23674.92
20185.43,-15.739999999997963,23480.779
20185.44,-15.729999999999563,23432.264
20185.45,-15.719999999997526,23432.264
20185.46,-15.709999999999127,23286.768
20185.47,-15.69999999999709,23141.346
20185.48,-15.68999999999869,23335.258
20185.49,-15.679999999996653,23674.92
20185.5,-15.669999999998254,23820.611
20185.51,-15.659999999999854,23674.92
20185.52,-15.649999999997817,23723.475
20185.53,-15.639999999999418,23820.611
20185.54,-15.62999999999738,23772.039
20185.55,-15.619999999998981,23626.373
20185.56,-15.609999999996944,23674.92
20185.57,-15.599999999998545,23674.92
20185.58,-15.589999999996508,23626.373
20185.59,-15.579999999998108,23772.039
20185.6,-15.569999999999709,23772.039
20185.61,-15.559999999997672,23723.475
20185.62,-15.549999999999272,23092.887
20185.63,-15.539999999997235,23383.758
20185.64,-15.529999999998836,23820.611
20185.65,-15.519999999996799,23772.039
20185.66,-15.5099999999984,23917.777
20185.67,-15.5,23772.039
20185.68,-15.489999999997963,23820.611
20185.69,-15.479999999999563,23723.475
20185.7,-15.469999999997526,23674.92
20185.71,-15.459999999999127,23917.777
20185.72,-15.44999999999709,23917.777
20185.73,-15.43999999999869,23966.375
20185.74,-15.429999999996653,23869.189
20185.75,-15.419999999998254,23723.475
20185.76,-15.409999999999854,23674.92
20185.77,-15.399999999997817,23723.475
20185.78,-15.389999999999418,23286.768
20185.79,-15.37999999999738,23480.779
20185.8,-15.369999999998981,23723.475
20185.81,-15.359999999996944,23966.375
20185.82,-15.349999999998545,23917.777
20185.83,-15.339999999996508,23772.039
20185.84,-15.329999999998108,24014.979
20185.85,-15.319999999999709,24014.979
20185.86,-15.309999999997672,24063.592
20185.87,-15.299999999999272,24063.592
20185.88,-15.289999999997235,23820.611
20185.89,-15.279999999998836,23966.375
20185.9,-15.269999999996799,23869.189
20185.91,-15.2599999999984,24112.211
20185.92,-15.25,23772.039
20185.93,-15.239999999997963,23480.779
20185.94,-15.229999999999563,23577.832
20185.95,-15.219999999997526,23772.039
20185.96,-15.209999999999127,23917.777
20185.97,-15.19999999999709,23820.611
20185.98,-15.18999999999869,24014.979
20185.99,-15.179999999996653,23917.777
20186.0,-15.169999999998254,23820.611
20186.01,-15.159999999999854,23820.611
20186.02,-15.149999999997817,23966.375
20186.03,-15.139999999999418,23966.375
20186.04,-15.12999999999738,24014.979
20186.05,-15.119999999998981,23820.611
20186.06,-15.109999999996944,23869.189
20186.07,-15.099999999998545,23966.375
20186.08,-15.089999999996508,23869.189
20186.09,-15.079999999998108,23529.301
20186.1,-15.069999999999709,23626.373
20186.11,-15.059999999997672,23723.475
20186.12,-15.049999999999272,23869.189
20186.13,-15.039999999997235,23869.189
20186.14,-15.029999999998836,24112.211
20186.15,-15.019999999996799,23869.189
20186.16,-15.0099999999984,23966.375
20186.17,-15.0,23723.475
20186.18,-14.989999999997963,23966.375
20186.19,-14.979999999999563,24063.592
20186.2,-14.969999999997526,23820.611
20186.21,-14.959999999999127,23820.611
20186.22,-14.94999999999709,23723.475
20186.23,-14.93999999999869,23674.92
20186.24,-14.929999999996653,23383.758
20186.25,-14.919999999998254,23286.768
20186.26,-14.909999999999854,23432.264
20186.27,-14.899999999997817,23917.777
20186.28,-14.889999999999418,23772.039
20186.29,-14.87999999999738,23674.92
20186.3,-14.869999999998981,23772.039
20186.31,-14.859999999996944,23674.92
20186.32,-14.849999999998545,23820.611
20186.33,-14.839999999996508,23966.375
20186.34,-14.829999999998108,23869.189
20186.35,-14.819999999999709,23966.375
20186.36,-14.809999999997672,23772.039
20186.37,-14.799999999999272,23820.611
20186.38,-14.789999999997235,23626.373
20186.39,-14.779999999998836,23820.611
20186.4,-14.769999999996799,23335.258
20186.41,-14.7599999999984,23383.758
20186.42,-14.75,23723.475
20186.43,-14.739999999997963,23772.039
20186.44,-14.729999999999563,23917.777
20186.45,-14.719999999997526,23820.611
20186.46,-14.709999999999127,23772.039
20186.47,-14.69999999999709,23772.039
20186.48,-14.68999999999869,23966.375
20186.49,-14.679999999996653,23869.189
20186.5,-14.669999999998254,23723.475
20186.51,-14.659999999999854,23674.92
20186.52,-14.649999999997817,23820.611
20186.53,-14.639999999999418,23674.92
20186.54,-14.62999999999738,24112.211
20186.55,-14.619999999998981,23335.258
20186.56,-14.609999999996944,23383.758
20186.57,-14.599999999998545,23723.475
20186.58,-14.589999999996508,23772.039
20186.59,-14.579999999998108,23917.777
20186.6,-14.569999999999709,23917.777
20186.61,-14.559999999997672,23723.475
20186.62,-14.549999999999272,23869.189
20186.63,-14.539999999997235,23723.475
20186.64,-14.529999999998836,23917.777
20186.65,-14.519999999996799,23820.611
20186.66,-14.5099999999984,23772.039
20186.67,-14.5,23869.189
20186.68,-14.489999999997963,23674.92
20186.69,-14.479999999999563,23820.611
20186.7,-14.469999999997526,23723.475
20186.71,-14.459999999999127,23238.285
20186.72,-14.44999999999709,22270.344
20186.73,-14.43999999999869,21642.924
20186.74,-14.429999999996653,21401.973
20186.75,-14.419999999998254,21353.809
20186.76,-14.409999999999854,21257.502
20186.77,-14.399999999997817,22608.754
20186.78,-14.389999999999418,24063.592
20186.79,-14.37999999999738,24063.592
20186.8,-14.369999999998981,23432.264
20186.81,-14.359999999996944,24112.211
20186.82,-14.349999999998545,24160.84
20186.83,-14.339999999996508,24501.469
20186.84,-14.329999999998108,24452.783
20186.85,-14.319999999999709,24404.105
20186.86,-14.309999999997672,24501.469
20186.87,-14.299999999999272,24452.783
20186.88,-14.289999999997235,24501.469
20186.89,-14.279999999998836,24696.291
20186.9,-14.269999999996799,24696.291
20186.91,-14.2599999999984,24647.572
20186.92,-14.25,24355.436
20186.93,-14.239999999997963,24404.105
20186.94,-14.229999999999563,24598.863
20186.95,-14.219999999997526,24258.121
20186.96,-14.209999999999127,24452.783
20186.97,-14.19999999999709,24696.291
20186.98,-14.18999999999869,24598.863
20186.99,-14.179999999996653,24452.783
20187.0,-14.169999999998254,24452.783
20187.01,-14.159999999999854,24501.469
20187.02,-14.149999999997817,24501.469
20187.03,-14.139999999999418,24306.775
20187.04,-14.12999999999738,24501.469
20187.05,-14.119999999998981,24355.436
20187.06,-14.109999999996944,24501.469
20187.07,-14.099999999998545,24452.783
20187.08,-14.089999999996508,24598.863
20187.09,-14.079999999998108,24452.783
20187.1,-14.069999999999709,24258.121
20187.11,-14.059999999997672,24355.436
20187.12,-14.049999999999272,24501.469
20187.13,-14.039999999997235,24404.105
20187.14,-14.029999999998836,24696.291
20187.15,-14.019999999996799,24550.162
20187.16,-14.0099999999984,24452.783
20187.17,-14.0,24404.105
20187.18,-13.989999999997963,24452.783
20187.19,-13.979999999999563,24452.783
20187.2,-13.969999999997526,24452.783
20187.21,-13.959999999999127,24501.469
20187.22,-13.94999999999709,24501.469
20187.23,-13.93999999999869,24501.469
20187.24,-13.929999999996653,24647.572
20187.25,-13.919999999998254,24598.863
20187.26,-13.909999999999854,24404.105
20187.27,-13.899999999997817,24647.572
20187.28,-13.889999999999418,24550.162
20187.29,-13.87999999999738,24452.783
20187.3,-13.869999999998981,24501.469
20187.31,-13.859999999996944,24647.572
20187.32,-13.849999999998545,24258.121
20187.33,-13.839999999996508,24550.162
20187.34,-13.829999999998108,24550.162
20187.35,-13.819999999999709,24452.783
20187.36,-13.809999999997672,24501.469
20187.37,-13.799999999999272,24501.469
20187.38,-13.789999999997235,24793.752
20187.39,-13.779999999998836,24647.572
20187.4,-13.769999999996799,24745.018
20187.41,-13.7599999999984,24842.494
20187.42,-13.75,24598.863
20187.43,-13.739999999997963,24647.572
20187.44,-13.729999999999563,24745.018
20187.45,-13.719999999997526,24696.291
20187.46,-13.709999999999127,24793.752
20187.47,-13.69999999999709,24452.783
20187.48,-13.68999999999869,24598.863
20187.49,-13.679999999996653,24452.783
20187.5,-13.669999999998254,24647.572
20187.51,-13.659999999999854,24745.018
20187.52,-13.649999999997817,24745.018
20187.53,-13.639999999999418,24696.291
20187.54,-13.62999999999738,24696.291
20187.55,-13.619999999998981,24793.752
20187.56,-13.609999999996944,24745.018
20187.57,-13.599999999998545,24696.291
20187.58,-13.589999999996508,24842.494
20187.59,-13.579999999998108,24647.572
20187.6,-13.569999999999709,24550.162
20187.61,-13.559999999997672,24550.162
20187.62,-13.549999999999272,24696.291
20187.63,-13.539999999997235,24696.291
20187.64,-13.529999999998836,24891.244
20187.65,-13.519999999996799,24940.002
20187.66,-13.5099999999984,24598.863
20187.67,-13.5,24696.291
20187.68,-13.489999999997963,24598.863
20187.69,-13.479999999999563,24793.752
20187.7,-13.469999999997526,24647.572
20187.71,-13.459999999999127,24647.572
20187.72,-13.44999999999709,24598.863
20187.73,-13.43999999999869,24745.018
20187.74,-13.429999999996653,24696.291
20187.75,-13.419999999998254,24696.291
20187.76,-13.409999999999854,24696.291
20187.77,-13.399999999997817,24988.77
20187.78,-13.389999999999418,24745.018
20187.79,-13.37999999999738,24842.494
20187.8,-13.369999999998981,24550.162
20187.81,-13.359999999996944,24647.572
20187.82,-13.349999999998545,24647.572
20187.83,-13.339999999996508,24598.863
20187.84,-13.329999999998108,24452.783
20187.85,-13.319999999999709,24598.863
20187.86,-13.309999999997672,24793.752
20187.87,-13.299999999999272,24598.863
20187.88,-13.289999999997235,24647.572
20187.89,-13.279999999998836,24745.018
20187.9,-13.269999999996799,24647.572
20187.91,-13.2599999999984,24501.469
20187.92,-13.25,24550.162
20187.93,-13.239999999997963,24647.572
20187.94,-13.229999999999563,24793.752
20187.95,-13.219999999997526,24745.018
20187.96,-13.209999999999127,24745.018
20187.97,-13.19999999999709,24647.572
20187.98,-13.18999999999869,24745.018
20187.99,-13.179999999996653,24745.018
20188.0,-13.169999999998254,24647.572
20188.01,-13.159999999999854,24452.783
20188.02,-13.149999999997817,24647.572
20188.03,-13.139999999999418,24696.291
20188.04,-13.12999999999738,24501.469
20188.05,-13.119999999998981,24696.291
20188.06,-13.109999999996944,24647.572
20188.07,-13.099999999998545,24696.291
20188.08,-13.089999999996508,24842.494
20188.09,-13.079999999998108,24647.572
20188.1,-13.069999999999709,24647.572
20188.11,-13.059999999997672,24745.018
20188.12,-13.049999999999272,24647.572
20188.13,-13.039999999997235,24793.752
20188.14,-13.029999999998836,24647.572
20188.15,-13.019999999996799,24647.572
20188.16,-13.0099999999984,24550.162
20188.17,-13.0,24598.863
20188.18,-12.989999999997963,24647.572
20188.19,-12.979999999999563,24745.018
20188.2,-12.969999999997526,24891.244
20188.21,-12.959999999999127,24598.863
20188.22,-12.94999999999709,24696.291
20188.23,-12.93999999999869,24501.469
20188.24,-12.929999999996653,24598.863
20188.25,-12.919999999998254,24696.291
20188.26,-12.909999999999854,24452.783
20188.27,-12.899999999997817,24793.752
20188.28,-12.889999999999418,24550.162
20188.29,-12.87999999999738,24793.752
20188.3,-12.869999999998981,24598.863
20188.31,-12.859999999996944,24696.291
20188.32,-12.849999999998545,24550.162
20188.33,-12.839999999996508,24647.572
20188.34,-12.829999999998108,24598.863
20188.35,-12.819999999999709,24745.018
20188.36,-12.809999999997672,24696.291
20188.37,-12.799999999999272,24745.018
20188.38,-12.789999999997235,24647.572
20188.39,-12.779999999998836,24647.572
20188.4,-12.769999999996799,24452.783
20188.41,-12.7599999999984,24696.291
20188.42,-12.75,24550.162
20188.43,-12.739999999997963,24501.469
20188.44,-12.729999999999563,24598.863
20188.45,-12.719999999997526,24501.469
20188.46,-12.709999999999127,24550.162
20188.47,-12.69999999999709,24598.863
20188.48,-12.68999999999869,24793.752
20188.49,-12.679999999996653,24891.244
20188.5,-12.669999999998254,24598.863
20188.51,-12.659999999999854,24550.162
20188.52,-12.649999999997817,24696.291
20188.53,-12.639999999999418,24793.752
20188.54,-12.62999999999738,24842.494
20188.55,-12.619999999998981,24550.162
20188.56,-12.609999999996944,24696.291
20188.57,-12.599999999998545,24550.162
20188.58,-12.589999999996508,24598.863
20188.59,-12.579999999998108,24598.863
20188.6,-12.569999999999709,24696.291
20188.61,-12.559999999997672,24745.018
20188.62,-12.549999999999272,24696.291
20188.63,-12.539999999997235,24842.494
20188.64,-12.529999999998836,24696.291
20188.65,-12.519999999996799,24598.863
20188.66,-12.5099999999984,24696.291
20188.67,-12.5,24745.018
20188.68,-12.489999999997963,24647.572
20188.69,-12.479999999999563,24647.572
20188.7,-12.469999999997526,24745.018
20188.71,-12.459999999999127,24647.572
20188.72,-12.44999999999709,24550.162
20188.73,-12.43999999999869,24647.572
20188.74,-12.429999999996653,24696.291
20188.75,-12.419999999998254,24647.572
20188.76,-12.409999999999854,24550.162
20188.77,-12.399999999997817,24696.291
20188.78,-12.389999999999418,24696.291
20188.79,-12.37999999999738,24647.572
20188.8,-12.369999999998981,24647.572
20188.81,-12.359999999996944,24647.572
20188.82,-12.349999999998545,24501.469
20188.83,-12.339999999996508,24452.783
20188.84,-12.329999999998108,24598.863
20188.85,-12.319999999999709,24404.105
20188.86,-12.309999999997672,24647.572
20188.87,-12.299999999999272,24647.572
20188.88,-12.289999999997235,24696.291
20188.89,-12.279999999998836,24793.752
20188.9,-12.269999999996799,24696.291
20188.91,-12.2599999999984,24793.752
20188.92,-12.25,24793.752
20188.93,-12.239999999997963,24598.863
20188.94,-12.229999999999563,24745.018
20188.95,-12.219999999997526,24647.572
20188.96,-12.209999999999127,24745.018
20188.97,-12.19999999999709,24696.291
20188.98,-12.18999999999869,24647.572
20188.99,-12.179999999996653,24647.572
20189.0,-12.169999999998254,24550.162
20189.01,-12.159999999999854,24696.291
20189.02,-12.149999999997817,24647.572
20189.03,-12.139999999999418,24550.162
20189.04,-12.12999999999738,24696.291
20189.05,-12.119999999998981,24647.572
20189.06,-12.109999999996944,24550.162
20189.07,-12.099999999998545,24696.291
20189.08,-12.089999999996508,24745.018
20189.09,-12.079999999998108,24550.162
20189.1,-12.069999999999709,24355.436
20189.11,-12.059999999997672,24647.572
20189.12,-12.049999999999272,24696.291
20189.13,-12.039999999997235,24647.572
20189.14,-12.029999999998836,24696.291
20189.15,-12.019999999996799,24550.162
20189.16,-12.0099999999984,24696.291
20189.17,-12.0,24891.244
20189.18,-11.989999999997963,24550.162
20189.19,-11.979999999999563,24452.783
20189.2,-11.969999999997526,24842.494
20189.21,-11.959999999999127,24647.572
20189.22,-11.94999999999709,24891.244
20189.23,-11.93999999999869,24647.572
20189.24,-11.929999999996653,24550.162
20189.25,-11.919999999998254,24940.002
20189.26,-11.909999999999854,24647.572
20189.27,-11.899999999997817,24550.162
20189.28,-11.889999999999418,24598.863
20189.29,-11.87999999999738,24452.783
20189.3,-11.869999999998981,24598.863
20189.31,-11.859999999996944,24501.469
20189.32,-11.849999999998545,24501.469
20189.33,-11.839999999996508,24696.291
20189.34,-11.829999999998108,24647.572
20189.35,-11.819999999999709,24696.291
20189.36,-11.809999999997672,24647.572
20189.37,-11.799999999999272,24452.783
20189.38,-11.789999999997235,24598.863
20189.39,-11.779999999998836,24598.863
20189.4,-11.769999999996799,24598.863
20189.41,-11.7599999999984,24745.018
20189.42,-11.75,24550.162
20189.43,-11.739999999997963,24598.863
20189.44,-11.729999999999563,24696.291
20189.45,-11.719999999997526,24647.572
20189.46,-11.709999999999127,24647.572
20189.47,-11.69999999999709,24793.752
20189.48,-11.68999999999869,24550.162
20189.49,-11.679999999996653,24842.494
20189.5,-11.669999999998254,24647.572
20189.51,-11.659999999999854,24452.783
20189.52,-11.649999999997817,24501.469
20189.53,-11.639999999999418,24550.162
20189.54,-11.62999999999738,24696.291
20189.55,-11.619999999998981,24598.863
20189.56,-11.609999999996944,24696.291
20189.57,-11.599999999998545,24647.572
20189.58,-11.589999999996508,24501.469
20189.59,-11.579999999998108,24647.572
20189.6,-11.569999999999709,24696.291
20189.61,-11.559999999997672,24647.572
20189.62,-11.549999999999272,24452.783
20189.63,-11.539999999997235,24598.863
20189.64,-11.529999999998836,24745.018
20189.65,-11.519999999996799,23917.777
20189.66,-11.5099999999984,22995.996
20189.67,-11.5,22947.563
20189.68,-11.489999999997963,22753.908
20189.69,-11.479999999999563,22512.023
20189.7,-11.469999999997526,22463.672
20189.71,-11.459999999999127,22560.385
20189.72,-11.44999999999709,22657.131
20189.73,-11.43999999999869,22560.385
20189.74,-11.429999999996653,22705.516
20189.75,-11.419999999998254,22802.309
20189.76,-11.409999999999854,22899.137
20189.77,-11.399999999997817,22657.131
20189.78,-11.389999999999418,22512.023
20189.79,-11.37999999999738,22463.672
20189.8,-11.369999999998981,22318.664
20189.81,-11.359999999996944,22415.328
20189.82,-11.349999999998545,22463.672
20189.83,-11.339999999996508,22705.516
20189.84,-11.329999999998108,22850.719
20189.85,-11.319999999999709,22850.719
20189.86,-11.309999999997672,22705.516
20189.87,-11.299999999999272,22512.023
20189.88,-11.289999999997235,22512.023
20189.89,-11.279999999998836,22753.908
20189.9,-11.269999999996799,22753.908
20189.91,-11.2599999999984,22705.516
20189.92,-11.25,22899.137
20189.93,-11.239999999997963,22705.516
20189.94,-11.229999999999563,22753.908
20189.95,-11.219999999997526,22705.516
20189.96,-11.209999999999127,22415.328
20189.97,-11.19999999999709,22560.385
20189.98,-11.18999999999869,22608.754
20189.99,-11.179999999996653,22657.131
20190.0,-11.169999999998254,22705.516
20190.01,-11.159999999999854,22657.131
20190.02,-11.149999999997817,22753.908
20190.03,-11.139999999999418,22560.385
20190.04,-11.12999999999738,22463.672
20190.05,-11.119999999998981,22270.344
20190.06,-11.109999999996944,22366.992
20190.07,-11.099999999998545,22560.385
20190.08,-11.089999999996508,22753.908
20190.09,-11.079999999998108,22657.131
20190.1,-11.069999999999709,22608.754
20190.11,-11.059999999997672,22705.516
20190.12,-11.049999999999272,22802.309
20190.13,-11.039999999997235,22512.023
20190.14,-11.029999999998836,22705.516
20190.15,-11.019999999996799,22366.992
20190.16,-11.0099999999984,22366.992
20190.17,-11.0,22173.729
20190.18,-10.989999999997963,22463.672
20190.19,-10.979999999999563,22608.754
20190.2,-10.969999999997526,22753.908
20190.21,-10.959999999999127,22705.516
20190.22,-10.94999999999709,22608.754
20190.23,-10.93999999999869,22657.131
20190.24,-10.929999999996653,22608.754
20190.25,-10.919999999998254,22318.664
20190.26,-10.909999999999854,22463.672
20190.27,-10.899999999997817,22608.754
20190.28,-10.889999999999418,22463.672
20190.29,-10.87999999999738,22705.516
20190.3,-10.869999999998981,22802.309
20190.31,-10.859999999996944,22657.131
20190.32,-10.849999999998545,22512.023
20190.33,-10.839999999996508,22705.516
20190.34,-10.829999999998108,22463.672
20190.35,-10.819999999999709,22366.992
20190.36,-10.809999999997672,22415.328
20190.37,-10.799999999999272,22415.328
20190.38,-10.789999999997235,22415.328
20190.39,-10.779999999998836,22608.754
20190.4,-10.769999999996799,22512.023
20190.41,-10.7599999999984,22415.328
20190.42,-10.75,22463.672
20190.43,-10.739999999997963,22463.672
20190.44,-10.729999999999563,22512.023
20190.45,-10.719999999997526,22270.344
20190.46,-10.709999999999127,22608.754
20190.47,-10.69999999999709,22366.992
20190.48,-10.68999999999869,22318.664
20190.49,-10.679999999996653,22366.992
20190.5,-10.669999999998254,22463.672
20190.51,-10.659999999999854,22608.754
20190.52,-10.649999999997817,22512.023
20190.53,-10.639999999999418,22705.516
20190.54,-10.62999999999738,22463.672
20190.55,-10.619999999998981,22802.309
20190.56,-10.609999999996944,22657.131
20190.57,-10.599999999998545,22608.754
20190.58,-10.589999999996508,22512.023
20190.59,-10.579999999998108,22560.385
20190.6,-10.569999999999709,22657.131
20190.61,-10.559999999997672,22657.131
20190.62,-10.549999999999272,22850.719
20190.63,-10.539999999997235,22657.131
20190.64,-10.529999999998836,22608.754
20190.65,-10.519999999996799,22657.131
20190.66,-10.5099999999984,22270.344
20190.67,-10.5,22512.023
20190.68,-10.489999999997963,22560.385
20190.69,-10.479999999999563,22512.023
20190.7,-10.469999999997526,22512.023
20190.71,-10.459999999999127,22705.516
20190.72,-10.44999999999709,22560.385
20190.73,-10.43999999999869,22512.023
20190.74,-10.429999999996653,22415.328
20190.75,-10.419999999998254,22463.672
20190.76,-10.409999999999854,22366.992
20190.77,-10.399999999997817,22512.023
20190.78,-10.389999999999418,22415.328
20190.79,-10.37999999999738,22512.023
20190.8,-10.369999999998981,22657.131
20190.81,-10.359999999996944,22850.719
20190.82,-10.349999999998545,22753.908
20190.83,-10.339999999996508,22802.309
20190.84,-10.329999999998108,22657.131
20190.85,-10.319999999999709,22608.754
20190.86,-10.309999999997672,22560.385
20190.87,-10.299999999999272,22318.664
20190.88,-10.289999999997235,22318.664
20190.89,-10.279999999998836,22463.672
20190.9,-10.269999999996799,22366.992
20190.91,-10.2599999999984,22415.328
20190.92,-10.25,22608.754
20190.93,-10.239999999997963,22753.908
20190.94,-10.229999999999563,22608.754
20190.95,-10.219999999997526,22753.908
20190.96,-10.209999999999127,22657.131
20190.97,-10.19999999999709,22512.023
20190.98,-10.18999999999869,22560.385
20190.99,-10.179999999996653,22463.672
20191.0,-10.169999999998254,22657.131
20191.01,-10.159999999999854,22512.023
20191.02,-10.149999999997817,22560.385
20191.03,-10.139999999999418,22657.131
20191.04,-10.12999999999738,22608.754
20191.05,-10.119999999998981,22657.131
20191.06,-10.109999999996944,22608.754
20191.07,-10.099999999998545,22463.672
20191.08,-10.089999999996508,22560.385
20191.09,-10.079999999998108,22415.328
20191.1,-10.069999999999709,22318.664
20191.11,-10.059999999997672,22512.023
20191.12,-10.049999999999272,22415.328
20191.13,-10.039999999997235,22657.131
20191.14,-10.029999999998836,22947.563
20191.15,-10.019999999996799,22705.516
20191.16,-10.0099999999984,22705.516
20191.17,-10.0,22657.131
20191.18,-9.989999999997963,22608.754
20191.19,-9.979999999999563,22512.023
20191.2,-9.969999999997526,22173.729
20191.21,-9.959999999999127,22270.344
20191.22,-9.94999999999709,22463.672
20191.23,-9.93999999999869,22512.023
20191.24,-9.929999999996653,22657.131
20191.25,-9.919999999998254,22657.131
20191.26,-9.909999999999854,22415.328
20191.27,-9.899999999997817,22512.023
20191.28,-9.889999999999418,22657.131
20191.29,-9.87999999999738,22415.328
20191.3,-9.869999999998981,22560.385
20191.31,-9.859999999996944,22512.023
20191.32,-9.849999999998545,22463.672
20191.33,-9.839999999996508,22608.754
20191.34,-9.829999999998108,22753.908
20191.35,-9.819999999999709,22850.719
20191.36,-9.809999999997672,22753.908
20191.37,-9.799999999999272,22705.516
20191.38,-9.789999999997235,22705.516
20191.39,-9.779999999998836,22753.908
20191.4,-9.769999999996799,22415.328
20191.41,-9.7599999999984,22512.023
20191.42,-9.75,22366.992
20191.43,-9.739999999997963,22560.385
20191.44,-9.729999999999563,22608.754
20191.45,-9.719999999997526,22463.672
20191.46,-9.709999999999127,22318.664
20191.47,-9.69999999999709,22366.992
20191.48,-9.68999999999869,22318.664
20191.49,-9.679999999996653,22318.664
20191.5,-9.669999999998254,22318.664
20191.51,-9.659999999999854,22366.992
20191.52,-9.649999999997817,22222.031
20191.53,-9.639999999999418,22463.672
20191.54,-9.62999999999738,22415.328
20191.55,-9.619999999998981,22318.664
20191.56,-9.609999999996944,22657.131
20191.57,-9.599999999998545,22560.385
20191.58,-9.589999999996508,22753.908
20191.59,-9.579999999998108,22463.672
20191.6,-9.569999999999709,22318.664
20191.61,-9.559999999997672,22463.672
20191.62,-9.549999999999272,22366.992
20191.63,-9.539999999997235,22657.131
20191.64,-9.529999999998836,22657.131
20191.65,-9.519999999996799,22415.328
20191.66,-9.5099999999984,22753.908
20191.67,-9.5,22753.908
20191.68,-9.489999999997963,22802.309
20191.69,-9.479999999999563,22560.385
20191.7,-9.469999999997526,22415.328
20191.71,-9.459999999999127,22463.672
20191.72,-9.44999999999709,22366.992
20191.73,-9.43999999999869,22125.432
20191.74,-9.429999999996653,22270.344
20191.75,-9.419999999998254,22415.328
20191.76,-9.409999999999854,22415.328
20191.77,-9.399999999997817,22463.672
20191.78,-9.389999999999418,22512.023
20191.79,-9.37999999999738,22657.131
20191.8,-9.369999999998981,22560.385
20191.81,-9.359999999996944,22366.992
20191.82,-9.349999999998545,22415.328
20191.83,-9.339999999996508,22366.992
20191.84,-9.329999999998108,22512.023
20191.85,-9.319999999999709,22657.131
20191.86,-9.309999999997672,22560.385
20191.87,-9.299999999999272,22753.908
20191.88,-9.289999999997235,22850.719
20191.89,-9.279999999998836,22850.719
20191.9,-9.269999999996799,22753.908
20191.91,-9.2599999999984,22318.664
20191.92,-9.25,22318.664
20191.93,-9.239999999997963,22366.992
20191.94,-9.229999999999563,22463.672
20191.95,-9.219999999997526,22512.023
20191.96,-9.209999999999127,22608.754
20191.97,-9.19999999999709,22560.385
20191.98,-9.18999999999869,22657.131
20191.99,-9.179999999996653,22657.131
20192.0,-9.169999999998254,22705.516
20192.01,-9.159999999999854,22705.516
20192.02,-9.149999999997817,22705.516
20192.03,-9.139999999999418,22318.664
20192.04,-9.12999999999738,22463.672
20192.05,-9.119999999998981,22318.664
20192.06,-9.109999999996944,22512.023
20192.07,-9.099999999998545,22657.131
20192.08,-9.089999999996508,22802.309
20192.09,-9.079999999998108,22608.754
20192.1,-9.069999999999709,22608.754
20192.11,-9.059999999997672,22657.131
20192.12,-9.049999999999272,22415.328
20192.13,-9.039999999997235,22608.754
20192.14,-9.029999999998836,22512.023
20192.15,-9.019999999996799,22512.023
20192.16,-9.0099999999984,22560.385
20192.17,-9.0,22512.023
20192.18,-8.989999999997963,22608.754
20192.19,-8.979999999999563,22512.023
20192.2,-8.969999999997526,22753.908
20192.21,-8.959999999999127,22753.908
20192.22,-8.94999999999709,22608.754
20192.23,-8.93999999999869,22657.131
20192.24,-8.929999999996653,22560.385
20192.25,-8.919999999998254,22415.328
20192.26,-8.909999999999854,22512.023
20192.27,-8.899999999997817,22802.309
20192.28,-8.889999999999418,22318.664
20192.29,-8.87999999999738,22415.328
20192.3,-8.869999999998981,22512.023
20192.31,-8.859999999996944,22560.385
20192.32,-8.849999999998545,22415.328
20192.33,-8.839999999996508,22608.754
20192.34,-8.829999999998108,22608.754
20192.35,-8.819999999999709,22705.516
20192.36,-8.809999999997672,22705.516
20192.37,-8.799999999999272,22753.908
20192.38,-8.789999999997235,22608.754
20192.39,-8.779999999998836,22753.908
20192.4,-8.769999999996799,22560.385
20192.41,-8.7599999999984,22947.563
20192.42,-8.75,22415.328
20192.43,-8.739999999997963,22463.672
20192.44,-8.729999999999563,22318.664
20192.45,-8.719999999997526,22463.672
20192.46,-8.709999999999127,22415.328
20192.47,-8.69999999999709,22415.328
20192.48,-8.68999999999869,22512.023
20192.49,-8.679999999996653,22560.385
20192.5,-8.669999999998254,22463.672
20192.51,-8.659999999999854,22415.328
20192.52,-8.649999999997817,22512.023
20192.53,-8.639999999999418,22222.031
20192.54,-8.62999999999738,22270.344
20192.55,-8.619999999998981,22270.344
20192.56,-8.609999999996944,22366.992
20192.57,-8.599999999998545,22366.992
20192.58,-8.589999999996508,22366.992
20192.59,-8.579999999998108,22463.672
20192.6,-8.569999999999709,22705.516
20192.61,-8.559999999997672,22512.023
20192.62,-8.549999999999272,22415.328
20192.63,-8.539999999997235,22560.385
20192.64,-8.529999999998836,22512.023
20192.65,-8.519999999996799,22512.023
20192.66,-8.5099999999984,22512.023
20192.67,-8.5,22415.328
20192.68,-8.489999999997963,22415.328
20192.69,-8.479999999999563,22560.385
20192.7,-8.469999999997526,22753.908
20192.71,-8.459999999999127,22560.385
20192.72,-8.44999999999709,22802.309
20192.73,-8.43999999999869,22608.754
20192.74,-8.429999999996653,22753.908
20192.75,-8.419999999998254,22753.908
20192.76,-8.409999999999854,22366.992
20192.77,-8.399999999997817,22415.328
20192.78,-8.389999999999418,22657.131
20192.79,-8.37999999999738,22705.516
20192.8,-8.369999999998981,22657.131
20192.81,-8.359999999996944,22560.385
20192.82,-8.349999999998545,22802.309
20192.83,-8.339999999996508,22560.385
20192.84,-8.329999999998108,22512.023
20192.85,-8.319999999999709,22415.328
20192.86,-8.309999999997672,22560.385
20192.87,-8.299999999999272,22415.328
20192.88,-8.289999999997235,22366.992
20192.89,-8.279999999998836,22560.385
20192.9,-8.269999999996799,22753.908
20192.91,-8.2599999999984,22753.908
20192.92,-8.25,22657.131
20192.93,-8.239999999997963,22415.328
20192.94,-8.229999999999563,22753.908
20192.95,-8.219999999997526,22318.664
20192.96,-8.209999999999127,22318.664
20192.97,-8.19999999999709,22270.344
20192.98,-8.18999999999869,22366.992
20192.99,-8.179999999996653,22222.031
20193.0,-8.169999999998254,22463.672
20193.01,-8.159999999999854,22415.328
20193.02,-8.149999999997817,22560.385
20193.03,-8.139999999999418,22512.023
20193.04,-8.12999999999738,22512.023
20193.05,-8.119999999998981,22560.385
20193.06,-8.109999999996944,22318.664
20193.07,-8.099999999998545,22366.992
20193.08,-8.089999999996508,22415.328
20193.09,-8.079999999998108,22657.131
20193.1,-8.069999999999709,22608.754
20193.11,-8.059999999997672,22463.672
20193.12,-8.049999999999272,22753.908
20193.13,-8.039999999997235,22705.516
20193.14,-8.029999999998836,22899.137
20193.15,-8.019999999996799,22608.754
20193.16,-8.0099999999984,22512.023
20193.17,-8.0,22463.672
20193.18,-7.989999999997963,22512.023
20193.19,-7.979999999999563,22463.672
20193.2,-7.969999999997526,22318.664
20193.21,-7.959999999999127,22657.131
20193.22,-7.94999999999709,22463.672
20193.23,-7.93999999999869,22512.023
20193.24,-7.929999999996653,22512.023
20193.25,-7.919999999998254,22657.131
20193.26,-7.9099999999998545,22463.672
20193.27,-7.899999999997817,22608.754
20193.28,-7.889999999999418,22318.664
20193.29,-7.879999999997381,22657.131
20193.3,-7.869999999998981,22608.754
20193.31,-7.859999999996944,22512.023
20193.32,-7.849999999998545,22560.385
20193.33,-7.8399999999965075,22512.023
20193.34,-7.829999999998108,22512.023
20193.35,-7.819999999999709,22608.754
20193.36,-7.809999999997672,22512.023
20193.37,-7.799999999999272,22512.023
20193.38,-7.789999999997235,22415.328
20193.39,-7.779999999998836,22415.328
20193.4,-7.769999999996799,22512.023
20193.41,-7.759999999998399,22657.131
20193.42,-7.75,22657.131
20193.43,-7.739999999997963,22753.908
20193.44,-7.729999999999563,22899.137
20193.45,-7.719999999997526,22802.309
20193.46,-7.709999999999127,22608.754
20193.47,-7.69999999999709,22608.754
20193.48,-7.68999999999869,22560.385
20193.49,-7.679999999996653,22318.664
20193.5,-7.669999999998254,22415.328
20193.51,-7.6599999999998545,21932.332
20193.52,-7.649999999997817,22463.672
20193.53,-7.639999999999418,22415.328
20193.54,-7.629999999997381,22415.328
20193.55,-7.619999999998981,22560.385
20193.56,-7.609999999996944,22270.344
20193.57,-7.599999999998545,22318.664
20193.58,-7.5899999999965075,22270.344
20193.59,-7.579999999998108,22222.031
20193.6,-7.569999999999709,22318.664
20193.61,-7.559999999997672,22270.344
20193.62,-7.549999999999272,22512.023
20193.63,-7.539999999997235,22222.031
20193.64,-7.529999999998836,22560.385
20193.65,-7.519999999996799,22560.385
20193.66,-7.509999999998399,22318.664
20193.67,-7.5,22318.664
20193.68,-7.489999999997963,22415.328
20193.69,-7.479999999999563,22270.344
20193.7,-7.469999999997526,22318.664
20193.71,-7.459999999999127,22222.031
20193.72,-7.44999999999709,22463.672
20193.73,-7.43999999999869,22608.754
20193.74,-7.429999999996653,22512.023
20193.75,-7.419999999998254,22753.908
20193.76,-7.4099999999998545,22560.385
20193.77,-7.399999999997817,22657.131
20193.78,-7.389999999999418,22705.516
20193.79,-7.379999999997381,22850.719
20193.8,-7.369999999998981,22802.309
20193.81,-7.359999999996944,22608.754
20193.82,-7.349999999998545,22463.672
20193.83,-7.3399999999965075,22512.023
20193.84,-7.329999999998108,22560.385
20193.85,-7.319999999999709,22802.309
20193.86,-7.309999999997672,22512.023
20193.87,-7.299999999999272,22560.385
20193.88,-7.289999999997235,22560.385
20193.89,-7.279999999998836,22560.385
20193.9,-7.269999999996799,22560.385
20193.91,-7.259999999998399,22415.328
20193.92,-7.25,22560.385
20193.93,-7.239999999997963,22415.328
20193.94,-7.229999999999563,22463.672
20193.95,-7.219999999997526,22657.131
20193.96,-7.209999999999127,22608.754
20193.97,-7.19999999999709,22802.309
20193.98,-7.18999999999869,22512.023
20193.99,-7.179999999996653,22415.328
20194.0,-7.169999999998254,22512.023
20194.01,-7.1599999999998545,22657.131
20194.02,-7.149999999997817,22222.031
20194.03,-7.139999999999418,22463.672
20194.04,-7.129999999997381,22512.023
20194.05,-7.119999999998981,22560.385
20194.06,-7.109999999996944,22657.131
20194.07,-7.099999999998545,22560.385
20194.08,-7.0899999999965075,22560.385
20194.09,-7.079999999998108,22560.385
20194.1,-7.069999999999709,22560.385
20194.11,-7.059999999997672,22463.672
20194.12,-7.049999999999272,22512.023
20194.13,-7.039999999997235,22560.385
20194.14,-7.029999999998836,22802.309
20194.15,-7.019999999996799,22753.908
20194.16,-7.009999999998399,22850.719
20194.17,-7.0,22850.719
20194.18,-6.989999999997963,22560.385
20194.19,-6.979999999999563,22753.908
20194.2,-6.969999999997526,22560.385
20194.21,-6.959999999999127,22560.385
20194.22,-6.94999999999709,22512.023
20194.23,-6.93999999999869,22463.672
20194.24,-6.929999999996653,22512.023
20194.25,-6.919999999998254,22463.672
20194.26,-6.9099999999998545,22463.672
20194.27,-6.899999999997817,22705.516
20194.28,-6.889999999999418,22657.131
20194.29,-6.879999999997381,22512.023
20194.3,-6.869999999998981,22415.328
20194.31,-6.859999999996944,22560.385
20194.32,-6.849999999998545,22512.023
20194.33,-6.8399999999965075,22560.385
20194.34,-6.829999999998108,22463.672
20194.35,-6.819999999999709,22608.754
20194.36,-6.809999999997672,22850.719
20194.37,-6.799999999999272,22657.131
20194.38,-6.789999999997235,22657.131
20194.39,-6.779999999998836,22608.754
20194.4,-6.769999999996799,22463.672
20194.41,-6.759999999998399,22560.385
20194.42,-6.75,22415.328
20194.43,-6.739999999997963,22560.385
20194.44,-6.729999999999563,22415.328
20194.45,-6.719999999997526,22366.992
20194.46,-6.709999999999127,22657.131
20194.47,-6.69999999999709,22560.385
20194.48,-6.68999999999869,22705.516
20194.49,-6.679999999996653,22608.754
20194.5,-6.669999999998254,22366.992
20194.51,-6.6599999999998545,22657.131
20194.52,-6.649999999997817,22512.023
20194.53,-6.639999999999418,22463.672
20194.54,-6.629999999997381,22415.328
20194.55,-6.619999999998981,22318.664
20194.56,-6.609999999996944,22512.023
20194.57,-6.599999999998545,22366.992
20194.58,-6.5899999999965075,22560.385
20194.59,-6.579999999998108,22657.131
20194.6,-6.569999999999709,22415.328
20194.61,-6.559999999997672,22657.131
20194.62,-6.549999999999272,22366.992
20194.63,-6.539999999997235,22463.672
20194.64,-6.529999999998836,22222.031
20194.65,-6.519999999996799,22270.344
20194.66,-6.509999999998399,22366.992
20194.67,-6.5,22318.664
20194.68,-6.489999999997963,22560.385
20194.69,-6.479999999999563,22512.023
20194.7,-6.469999999997526,22512.023
20194.71,-6.459999999999127,22512.023
20194.72,-6.44999999999709,22318.664
20194.73,-6.43999999999869,22415.328
20194.74,-6.429999999996653,22222.031
20194.75,-6.419999999998254,22222.031
20194.76,-6.4099999999998545,22028.865
20194.77,-6.399999999997817,22222.031
20194.78,-6.389999999999418,22512.023
20194.79,-6.379999999997381,22463.672
20194.8,-6.369999999998981,22560.385
20194.81,-6.359999999996944,22463.672
20194.82,-6.349999999998545,22318.664
20194.83,-6.3399999999965075,22463.672
20194.84,-6.329999999998108,22608.754
20194.85,-6.319999999999709,22560.385
20194.86,-6.309999999997672,22463.672
20194.87,-6.299999999999272,22512.023
20194.88,-6.289999999997235,22560.385
20194.89,-6.279999999998836,22705.516
20194.9,-6.269999999996799,22657.131
20194.91,-6.259999999998399,22899.137
20194.92,-6.25,22753.908
20194.93,-6.239999999997963,22512.023
20194.94,-6.229999999999563,22657.131
20194.95,-6.219999999997526,22705.516
20194.96,-6.209999999999127,22560.385
20194.97,-6.19999999999709,22512.023
20194.98,-6.18999999999869,22512.023
20194.99,-6.179999999996653,22560.385
20195.0,-6.169999999998254,22560.385
20195.01,-6.1599999999998545,22560.385
20195.02,-6.149999999997817,22608.754
20195.03,-6.139999999999418,22560.385
20195.04,-6.129999999997381,22560.385
20195.05,-6.119999999998981,22657.131
20195.06,-6.109999999996944,22270.344
20195.07,-6.099999999998545,22415.328
20195.08,-6.0899999999965075,22512.023
20195.09,-6.079999999998108,22753.908
20195.1,-6.069999999999709,22608.754
20195.11,-6.059999999997672,22560.385
20195.12,-6.049999999999272,22560.385
20195.13,-6.039999999997235,22415.328
20195.14,-6.029999999998836,22608.754
20195.15,-6.019999999996799,22512.023
20195.16,-6.009999999998399,22657.131
20195.17,-6.0,22463.672
20195.18,-5.989999999997963,22463.672
20195.19,-5.979999999999563,22560.385
20195.2,-5.969999999997526,22608.754
20195.21,-5.959999999999127,22657.131
20195.22,-5.94999999999709,22753.908
20195.23,-5.93999999999869,22512.023
20195.24,-5.929999999996653,22753.908
20195.25,-5.919999999998254,22705.516
20195.26,-5.9099999999998545,22222.031
20195.27,-5.899999999997817,22463.672
20195.28,-5.889999999999418,22318.664
20195.29,-5.879999999997381,22415.328
20195.3,-5.869999999998981,22560.385
20195.31,-5.859999999996944,22657.131
20195.32,-5.849999999998545,22753.908
20195.33,-5.8399999999965075,22608.754
20195.34,-5.829999999998108,22560.385
20195.35,-5.819999999999709,22366.992
20195.36,-5.809999999997672,22366.992
20195.37,-5.799999999999272,22560.385
20195.38,-5.789999999997235,22318.664
20195.39,-5.779999999998836,22463.672
20195.4,-5.769999999996799,22318.664
20195.41,-5.759999999998399,22608.754
20195.42,-5.75,22512.023
20195.43,-5.739999999997963,22608.754
20195.44,-5.729999999999563,22415.328
20195.45,-5.719999999997526,22512.023
20195.46,-5.709999999999127,22125.432
20195.47,-5.69999999999709,22318.664
20195.48,-5.68999999999869,22512.023
20195.49,-5.679999999996653,22318.664
20195.5,-5.669999999998254,22512.023
20195.51,-5.6599999999998545,22657.131
20195.52,-5.649999999997817,22753.908
20195.53,-5.639999999999418,22608.754
20195.54,-5.629999999997381,22802.309
20195.55,-5.619999999998981,22705.516
20195.56,-5.609999999996944,22657.131
20195.57,-5.599999999998545,22608.754
20195.58,-5.5899999999965075,22366.992
20195.59,-5.579999999998108,22366.992
20195.6,-5.569999999999709,22318.664
20195.61,-5.559999999997672,22415.328
20195.62,-5.549999999999272,22463.672
20195.63,-5.539999999997235,22415.328
20195.64,-5.529999999998836,22850.719
20195.65,-5.519999999996799,22463.672
20195.66,-5.509999999998399,22318.664
20195.67,-5.5,22560.385
20195.68,-5.489999999997963,22463.672
20195.69,-5.479999999999563,22318.664
20195.7,-5.469999999997526,22366.992
20195.71,-5.459999999999127,22512.023
20195.72,-5.44999999999709,22512.023
20195.73,-5.43999999999869,22705.516
20195.74,-5.429999999996653,22608.754
20195.75,-5.419999999998254,22657.131
20195.76,-5.4099999999998545,22560.385
20195.77,-5.399999999997817,22608.754
20195.78,-5.389999999999418,22560.385
20195.79,-5.379999999997381,22608.754
20195.8,-5.369999999998981,22318.664
20195.81,-5.359999999996944,22318.664
20195.82,-5.349999999998545,22560.385
20195.83,-5.3399999999965075,22753.908
20195.84,-5.329999999998108,22512.023
20195.85,-5.319999999999709,22415.328
20195.86,-5.309999999997672,22512.023
20195.87,-5.299999999999272,22463.672
20195.88,-5.289999999997235,22415.328
20195.89,-5.279999999998836,22560.385
20195.9,-5.269999999996799,22463.672
20195.91,-5.259999999998399,22705.516
20195.92,-5.25,22657.131
20195.93,-5.239999999997963,22850.719
20195.94,-5.229999999999563,22753.908
20195.95,-5.219999999997526,22850.719
20195.96,-5.209999999999127,22657.131
20195.97,-5.19999999999709,22512.023
20195.98,-5.18999999999869,22463.672
20195.99,-5.179999999996653,22560.385
20196.0,-5.169999999998254,22415.328
20196.01,-5.1599999999998545,22415.328
20196.02,-5.149999999997817,22608.754
20196.03,-5.139999999999418,22608.754
20196.04,-5.129999999997381,22705.516
20196.05,-5.119999999998981,22560.385
20196.06,-5.109999999996944,22512.023
20196.07,-5.099999999998545,22463.672
20196.08,-5.0899999999965075,22463.672
20196.09,-5.079999999998108,22415.328
20196.1,-5.069999999999709,22463.672
20196.11,-5.059999999997672,22318.664
20196.12,-5.049999999999272,22705.516
20196.13,-5.039999999997235,22608.754
20196.14,-5.029999999998836,22705.516
20196.15,-5.019999999996799,22753.908
20196.16,-5.009999999998399,22608.754
20196.17,-5.0,22415.328
20196.18,-4.989999999997963,22512.023
20196.19,-4.979999999999563,22463.672
20196.2,-4.969999999997526,22463.672
20196.21,-4.959999999999127,22463.672
20196.22,-4.94999999999709,22512.023
20196.23,-4.93999999999869,22657.131
20196.24,-4.929999999996653,22560.385
20196.25,-4.919999999998254,22705.516
20196.26,-4.9099999999998545,22753.908
20196.27,-4.899999999997817,22705.516
20196.28,-4.889999999999418,22657.131
20196.29,-4.879999999997381,22318.664
20196.3,-4.869999999998981,22753.908
20196.31,-4.859999999996944,22705.516
20196.32,-4.849999999998545,22608.754
20196.33,-4.8399999999965075,22560.385
20196.34,-4.829999999998108,22560.385
20196.35,-4.819999999999709,22753.908
20196.36,-4.809999999997672,22705.516
20196.37,-4.799999999999272,22753.908
20196.38,-4.789999999997235,22753.908
20196.39,-4.779999999998836,22705.516
20196.4,-4.769999999996799,22512.023
20196.41,-4.759999999998399,22366.992
20196.42,-4.75,22222.031
20196.43,-4.739999999997963,22366.992
20196.44,-4.729999999999563,22415.328
20196.45,-4.719999999997526,22415.328
20196.46,-4.709999999999127,22415.328
20196.47,-4.69999999999709,22463.672
20196.48,-4.68999999999869,22415.328
20196.49,-4.679999999996653,22512.023
20196.5,-4.669999999998254,22318.664
20196.51,-4.6599999999998545,22463.672
20196.52,-4.649999999997817,22366.992
20196.53,-4.639999999999418,22270.344
20196.54,-4.629999999997381,22560.385
20196.55,-4.619999999998981,22560.385
20196.56,-4.609999999996944,22705.516
20196.57,-4.599999999998545,22705.516
20196.58,-4.5899999999965075,22705.516
20196.59,-4.579999999998108,22608.754
20196.6,-4.569999999999709,22705.516
20196.61,-4.559999999997672,22560.385
20196.62,-4.549999999999272,22608.754
20196.63,-4.539999999997235,22318.664
20196.64,-4.529999999998836,22705.516
20196.65,-4.519999999996799,22560.385
20196.66,-4.509999999998399,22560.385
20196.67,-4.5,22705.516
20196.68,-4.489999999997963,22512.023
20196.69,-4.479999999999563,22560.385
20196.7,-4.469999999997526,22415.328
20196.71,-4.459999999999127,22608.754
20196.72,-4.44999999999709,22512.023
20196.73,-4.43999999999869,22560.385
20196.74,-4.429999999996653,22318.664
20196.75,-4.419999999998254,22463.672
20196.76,-4.4099999999998545,22608.754
20196.77,-4.399999999997817,22463.672
20196.78,-4.389999999999418,22608.754
20196.79,-4.379999999997381,22850.719
20196.8,-4.369999999998981,22608.754
20196.81,-4.359999999996944,22512.023
20196.82,-4.349999999998545,22512.023
20196.83,-4.3399999999965075,22560.385
20196.84,-4.329999999998108,22705.516
20196.85,-4.319999999999709,22463.672
20196.86,-4.309999999997672,22657.131
20196.87,-4.299999999999272,22366.992
20196.88,-4.289999999997235,22463.672
20196.89,-4.279999999998836,22415.328
20196.9,-4.269999999996799,22560.385
20196.91,-4.259999999998399,22560.385
20196.92,-4.25,22463.672
20196.93,-4.239999999997963,22366.992
20196.94,-4.229999999999563,22463.672
20196.95,-4.219999999997526,22657.131
20196.96,-4.209999999999127,22512.023
20196.97,-4.19999999999709,22705.516
20196.98,-4.18999999999869,22802.309
20196.99,-4.179999999996653,23044.438
20197.0,-4.169999999998254,22512.023
20197.01,-4.1599999999998545,22512.023
20197.02,-4.149999999997817,22753.908
20197.03,-4.139999999999418,22512.023
20197.04,-4.129999999997381,22608.754
20197.05,-4.119999999998981,22463.672
20197.06,-4.109999999996944,22366.992
20197.07,-4.099999999998545,22608.754
20197.08,-4.0899999999965075,22512.023
20197.09,-4.079999999998108,22753.908
20197.1,-4.069999999999709,22802.309
20197.11,-4.059999999997672,22705.516
20197.12,-4.049999999999272,22318.664
20197.13,-4.039999999997235,22415.328
20197.14,-4.029999999998836,22512.023
20197.15,-4.019999999996799,22415.328
20197.16,-4.009999999998399,22657.131
20197.17,-4.0,22463.672
20197.18,-3.9899999999979627,22608.754
20197.19,-3.9799999999995634,22850.719
20197.2,-3.969999999997526,22705.516
20197.21,-3.959999999999127,22705.516
20197.22,-3.9499999999970896,22463.672
20197.23,-3.9399999999986903,22463.672
20197.24,-3.929999999996653,22560.385
20197.25,-3.9199999999982538,22318.664
20197.26,-3.9099999999998545,22415.328
20197.27,-3.899999999997817,22512.023
20197.28,-3.889999999999418,22560.385
20197.29,-3.8799999999973807,22753.908
20197.3,-3.8699999999989814,22560.385
20197.31,-3.859999999996944,22850.719
20197.32,-3.849999999998545,22657.131
20197.33,-3.8399999999965075,22850.719
20197.34,-3.8299999999981083,22560.385
20197.35,-3.819999999999709,22608.754
20197.36,-3.8099999999976717,22463.672
20197.37,-3.7999999999992724,22415.328
20197.38,-3.789999999997235,22512.023
20197.39,-3.779999999998836,22657.131
20197.4,-3.7699999999967986,22608.754
20197.41,-3.7599999999983993,22560.385
20197.42,-3.75,22512.023
20197.43,-3.7399999999979627,22560.385
20197.44,-3.7299999999995634,22366.992
20197.45,-3.719999999997526,22125.432
20197.46,-3.709999999999127,22366.992
20197.47,-3.6999999999970896,22125.432
20197.48,-3.6899999999986903,22125.432
20197.49,-3.679999999996653,22560.385
20197.5,-3.6699999999982538,22560.385
20197.51,-3.6599999999998545,22366.992
20197.52,-3.649999999997817,22608.754
20197.53,-3.639999999999418,22512.023
20197.54,-3.6299999999973807,22463.672
20197.55,-3.6199999999989814,22270.344
20197.56,-3.609999999996944,22415.328
20197.57,-3.599999999998545,22222.031
20197.58,-3.5899999999965075,22270.344
20197.59,-3.5799999999981083,22415.328
20197.6,-3.569999999999709,22512.023
20197.61,-3.5599999999976717,22560.385
20197.62,-3.5499999999992724,22705.516
20197.63,-3.539999999997235,22657.131
20197.64,-3.529999999998836,22705.516
20197.65,-3.5199999999967986,22560.385
20197.66,-3.5099999999983993,22753.908
20197.67,-3.5,22366.992
20197.68,-3.4899999999979627,22415.328
20197.69,-3.4799999999995634,22512.023
20197.7,-3.469999999997526,22512.023
20197.71,-3.459999999999127,22705.516
20197.72,-3.4499999999970896,22705.516
20197.73,-3.4399999999986903,22850.719
20197.74,-3.429999999996653,22947.563
20197.75,-3.4199999999982538,22753.908
20197.76,-3.4099999999998545,22415.328
20197.77,-3.399999999997817,22512.023
20197.78,-3.389999999999418,22512.023
20197.79,-3.3799999999973807,22512.023
20197.8,-3.3699999999989814,22512.023
20197.81,-3.359999999996944,22753.908
20197.82,-3.349999999998545,22512.023
20197.83,-3.3399999999965075,22705.516
20197.84,-3.3299999999981083,22753.908
20197.85,-3.319999999999709,22512.023
20197.86,-3.3099999999976717,22608.754
20197.87,-3.2999999999992724,22560.385
20197.88,-3.289999999997235,22222.031
20197.89,-3.279999999998836,22608.754
20197.9,-3.2699999999967986,22512.023
20197.91,-3.2599999999983993,22608.754
20197.92,-3.25,22705.516
20197.93,-3.2399999999979627,22512.023
20197.94,-3.2299999999995634,22608.754
20197.95,-3.219999999997526,22318.664
20197.96,-3.209999999999127,22560.385
20197.97,-3.1999999999970896,22366.992
20197.98,-3.1899999999986903,22318.664
20197.99,-3.179999999996653,22512.023
20198.0,-3.1699999999982538,22415.328
20198.01,-3.1599999999998545,22366.992
20198.02,-3.149999999997817,22415.328
20198.03,-3.139999999999418,22657.131
20198.04,-3.1299999999973807,22802.309
20198.05,-3.1199999999989814,22705.516
20198.06,-3.109999999996944,22512.023
20198.07,-3.099999999998545,22657.131
20198.08,-3.0899999999965075,22560.385
20198.09,-3.0799999999981083,22415.328
20198.1,-3.069999999999709,22463.672
20198.11,-3.0599999999976717,22415.328
20198.12,-3.0499999999992724,22415.328
20198.13,-3.039999999997235,22705.516
20198.14,-3.029999999998836,22995.996
20198.15,-3.0199999999967986,22560.385
20198.16,-3.0099999999983993,22608.754
20198.17,-3.0,22463.672
20198.18,-2.9899999999979627,22318.664
20198.19,-2.9799999999995634,22318.664
20198.2,-2.969999999997526,22366.992
20198.21,-2.959999999999127,22366.992
20198.22,-2.9499999999970896,22512.023
20198.23,-2.9399999999986903,22512.023
20198.24,-2.929999999996653,22657.131
20198.25,-2.9199999999982538,22657.131
20198.26,-2.9099999999998545,22705.516
20198.27,-2.899999999997817,22415.328
20198.28,-2.889999999999418,22366.992
20198.29,-2.8799999999973807,22366.992
20198.3,-2.8699999999989814,22173.729
20198.31,-2.859999999996944,22318.664
20198.32,-2.849999999998545,22657.131
20198.33,-2.8399999999965075,22560.385
20198.34,-2.8299999999981083,22608.754
20198.35,-2.819999999999709,22657.131
20198.36,-2.8099999999976717,22657.131
20198.37,-2.7999999999992724,22608.754
20198.38,-2.789999999997235,22222.031
20198.39,-2.779999999998836,22560.385
20198.4,-2.7699999999967986,22512.023
20198.41,-2.7599999999983993,22463.672
20198.42,-2.75,22415.328
20198.43,-2.7399999999979627,22560.385
20198.44,-2.7299999999995634,22512.023
20198.45,-2.719999999997526,22560.385
20198.46,-2.709999999999127,22657.131
20198.47,-2.6999999999970896,22415.328
20198.48,-2.6899999999986903,22608.754
20198.49,-2.679999999996653,22222.031
20198.5,-2.6699999999982538,22222.031
20198.51,-2.6599999999998545,22366.992
20198.52,-2.649999999997817,22995.996
20198.53,-2.639999999999418,22512.023
20198.54,-2.6299999999973807,21932.332
20198.55,-2.6199999999989814,21546.52
20198.56,-2.609999999996944,21401.973
20198.57,-2.599999999998545,21498.33
20198.58,-2.5899999999965075,21498.33
20198.59,-2.5799999999981083,23383.758
20198.6,-2.569999999999709,24355.436
20198.61,-2.5599999999976717,23529.301
20198.62,-2.5499999999992724,23480.779
20198.63,-2.539999999997235,24160.84
20198.64,-2.529999999998836,24452.783
20198.65,-2.5199999999967986,24696.291
20198.66,-2.5099999999983993,24647.572
20198.67,-2.5,24745.018
20198.68,-2.4899999999979627,24940.002
20198.69,-2.4799999999995634,24842.494
20198.7,-2.469999999997526,24745.018
20198.71,-2.459999999999127,24598.863
20198.72,-2.4499999999970896,24745.018
20198.73,-2.4399999999986903,24647.572
20198.74,-2.429999999996653,24647.572
20198.75,-2.4199999999982538,24501.469
20198.76,-2.4099999999998545,24452.783
20198.77,-2.399999999997817,24598.863
20198.78,-2.389999999999418,24598.863
20198.79,-2.3799999999973807,24501.469
20198.8,-2.3699999999989814,24647.572
20198.81,-2.359999999996944,24647.572
20198.82,-2.349999999998545,24647.572
20198.83,-2.3399999999965075,24598.863
20198.84,-2.3299999999981083,24696.291
20198.85,-2.319999999999709,24696.291
20198.86,-2.3099999999976717,24647.572
20198.87,-2.2999999999992724,24647.572
20198.88,-2.289999999997235,24647.572
20198.89,-2.279999999998836,24793.752
20198.9,-2.2699999999967986,24696.291
20198.91,-2.2599999999983993,24647.572
20198.92,-2.25,24501.469
20198.93,-2.2399999999979627,24550.162
20198.94,-2.2299999999995634,24501.469
20198.95,-2.219999999997526,24501.469
20198.96,-2.209999999999127,24598.863
20198.97,-2.1999999999970896,24647.572
20198.98,-2.1899999999986903,24598.863
20198.99,-2.179999999996653,24501.469
20199.0,-2.1699999999982538,24745.018
20199.01,-2.1599999999998545,24696.291
20199.02,-2.149999999997817,24696.291
20199.03,-2.139999999999418,24696.291
20199.04,-2.1299999999973807,24696.291
20199.05,-2.1199999999989814,24550.162
20199.06,-2.109999999996944,24647.572
20199.07,-2.099999999998545,24793.752
20199.08,-2.0899999999965075,24696.291
20199.09,-2.0799999999981083,24745.018
20199.1,-2.069999999999709,24745.018
20199.11,-2.0599999999976717,24696.291
20199.12,-2.0499999999992724,24452.783
20199.13,-2.039999999997235,24501.469
20199.14,-2.029999999998836,24793.752
20199.15,-2.0199999999967986,24745.018
20199.16,-2.0099999999983993,24550.162
20199.17,-2.0,24696.291
20199.18,-1.9899999999979627,24696.291
20199.19,-1.9799999999995634,24452.783
20199.2,-1.9699999999975262,24550.162
20199.21,-1.9599999999991269,24550.162
20199.22,-1.9499999999970896,24696.291
20199.23,-1.9399999999986903,24745.018
20199.24,-1.929999999996653,24598.863
20199.25,-1.9199999999982538,24696.291
20199.26,-1.9099999999998545,24647.572
20199.27,-1.8999999999978172,24598.863
20199.28,-1.889999999999418,24696.291
20199.29,-1.8799999999973807,24745.018
20199.3,-1.8699999999989814,24793.752
20199.31,-1.859999999996944,24696.291
20199.32,-1.8499999999985448,24891.244
20199.33,-1.8399999999965075,24940.002
20199.34,-1.8299999999981083,24842.494
20199.35,-1.819999999999709,24793.752
20199.36,-1.8099999999976717,24793.752
20199.37,-1.7999999999992724,24745.018
20199.38,-1.7899999999972351,24745.018
20199.39,-1.7799999999988358,25037.545
20199.4,-1.7699999999967986,24793.752
20199.41,-1.7599999999983993,24745.018
20199.42,-1.75,24793.752
20199.43,-1.7399999999979627,24745.018
20199.44,-1.7299999999995634,24647.572
20199.45,-1.7199999999975262,24745.018
20199.46,-1.7099999999991269,24793.752
20199.47,-1.6999999999970896,24696.291
20199.48,-1.6899999999986903,24696.291
20199.49,-1.679999999996653,24842.494
20199.5,-1.6699999999982538,24842.494
20199.51,-1.6599999999998545,24598.863
20199.52,-1.6499999999978172,24793.752
20199.53,-1.639999999999418,24647.572
20199.54,-1.6299999999973807,24745.018
20199.55,-1.6199999999989814,24793.752
20199.56,-1.609999999996944,24842.494
20199.57,-1.5999999999985448,24696.291
20199.58,-1.5899999999965075,24793.752
20199.59,-1.5799999999981083,24842.494
20199.6,-1.569999999999709,24745.018
20199.61,-1.5599999999976717,24745.018
20199.62,-1.5499999999992724,24793.752
20199.63,-1.5399999999972351,24793.752
20199.64,-1.5299999999988358,24940.002
20199.65,-1.5199999999967986,24745.018
20199.66,-1.5099999999983993,24842.494
20199.67,-1.5,24793.752
20199.68,-1.4899999999979627,24647.572
20199.69,-1.4799999999995634,24647.572
20199.7,-1.4699999999975262,24745.018
20199.71,-1.4599999999991269,24696.291
20199.72,-1.4499999999970896,24696.291
20199.73,-1.4399999999986903,24647.572
20199.74,-1.429999999996653,24793.752
20199.75,-1.4199999999982538,24988.77
20199.76,-1.4099999999998545,24647.572
20199.77,-1.3999999999978172,24647.572
20199.78,-1.389999999999418,24891.244
20199.79,-1.3799999999973807,24647.572
20199.8,-1.3699999999989814,24891.244
20199.81,-1.359999999996944,24940.002
20199.82,-1.3499999999985448,24745.018
20199.83,-1.3399999999965075,24842.494
20199.84,-1.3299999999981083,24940.002
20199.85,-1.319999999999709,24696.291
20199.86,-1.3099999999976717,24745.018
20199.87,-1.2999999999992724,24696.291
20199.88,-1.2899999999972351,24647.572
20199.89,-1.2799999999988358,24745.018
20199.9,-1.2699999999967986,24842.494
20199.91,-1.2599999999983993,24891.244
20199.92,-1.25,24891.244
20199.93,-1.2399999999979627,24891.244
20199.94,-1.2299999999995634,24842.494
20199.95,-1.2199999999975262,24745.018
20199.96,-1.2099999999991269,24696.291
20199.97,-1.1999999999970896,24891.244
20199.98,-1.1899999999986903,24793.752
20199.99,-1.179999999996653,24793.752
20200.0,-1.1699999999982538,24745.018
20200.01,-1.1599999999998545,24647.572
20200.02,-1.1499999999978172,24793.752
20200.03,-1.139999999999418,24745.018
20200.04,-1.1299999999973807,24745.018
20200.05,-1.1199999999989814,24793.752
20200.06,-1.109999999996944,24647.572
20200.07,-1.0999999999985448,24745.018
20200.08,-1.0899999999965075,24842.494
20200.09,-1.0799999999981083,24696.291
20200.1,-1.069999999999709,24696.291
20200.11,-1.0599999999976717,24647.572
20200.12,-1.0499999999992724,24696.291
20200.13,-1.0399999999972351,24598.863
20200.14,-1.0299999999988358,24891.244
20200.15,-1.0199999999967986,24647.572
20200.16,-1.0099999999983993,24793.752
20200.17,-1.0,24793.752
20200.18,-0.9899999999979627,24793.752
20200.19,-0.9799999999995634,24696.291
20200.2,-0.9699999999975262,24745.018
20200.21,-0.9599999999991269,24696.291
20200.22,-0.9499999999970896,24696.291
20200.23,-0.9399999999986903,24452.783
20200.24,-0.9299999999966531,24696.291
20200.25,-0.9199999999982538,24745.018
20200.26,-0.9099999999998545,24745.018
20200.27,-0.8999999999978172,24842.494
20200.28,-0.8899999999994179,24696.291
20200.29,-0.8799999999973807,24550.162
20200.3,-0.8699999999989814,24745.018
20200.31,-0.8599999999969441,24988.77
20200.32,-0.8499999999985448,24793.752
20200.33,-0.8399999999965075,24647.572
20200.34,-0.8299999999981083,24988.77
20200.35,-0.819999999999709,24842.494
20200.36,-0.8099999999976717,24793.752
20200.37,-0.7999999999992724,24647.572
20200.38,-0.7899999999972351,24745.018
20200.39,-0.7799999999988358,24940.002
20200.4,-0.7699999999967986,24793.752
20200.41,-0.7599999999983993,24696.291
20200.42,-0.75,24891.244
20200.43,-0.7399999999979627,24842.494
20200.44,-0.7299999999995634,24647.572
20200.45,-0.7199999999975262,24696.291
20200.46,-0.7099999999991269,24842.494
20200.47,-0.6999999999970896,24647.572
20200.48,-0.6899999999986903,24842.494
20200.49,-0.6799999999966531,24988.77
20200.5,-0.6699999999982538,24745.018
20200.51,-0.6599999999998545,24842.494
20200.52,-0.6499999999978172,24793.752
20200.53,-0.6399999999994179,24988.77
20200.54,-0.6299999999973807,24891.244
20200.55,-0.6199999999989814,24842.494
20200.56,-0.6099999999969441,24696.291
20200.57,-0.5999999999985448,24745.018
20200.58,-0.5899999999965075,24793.752
20200.59,-0.5799999999981083,24940.002
20200.6,-0.569999999999709,24647.572
20200.61,-0.5599999999976717,24793.752
20200.62,-0.5499999999992724,24891.244
20200.63,-0.5399999999972351,25037.545
20200.64,-0.5299999999988358,24940.002
20200.65,-0.5199999999967986,24793.752
20200.66,-0.5099999999983993,24745.018
20200.67,-0.5,24598.863
20200.68,-0.48999999999796273,24940.002
20200.69,-0.47999999999956344,24842.494
20200.7,-0.4699999999975262,24842.494
20200.71,-0.4599999999991269,24598.863
20200.72,-0.4499999999970896,24696.291
20200.73,-0.4399999999986903,24550.162
20200.74,-0.42999999999665306,24793.752
20200.75,-0.41999999999825377,24696.291
20200.76,-0.4099999999998545,24550.162
20200.77,-0.3999999999978172,24842.494
20200.78,-0.3899999999994179,24647.572
20200.79,-0.37999999999738066,24891.244
20200.8,-0.36999999999898137,24891.244
20200.81,-0.3599999999969441,24842.494
20200.82,-0.3499999999985448,24745.018
20200.83,-0.33999999999650754,24647.572
20200.84,-0.32999999999810825,24891.244
20200.85,-0.31999999999970896,24647.572
20200.86,-0.3099999999976717,25086.328
20200.87,-0.2999999999992724,24842.494
20200.88,-0.28999999999723514,24745.018
20200.89,-0.27999999999883585,24842.494
20200.9,-0.2699999999967986,24647.572
20200.91,-0.2599999999983993,24745.018
20200.92,-0.25,24696.291
20200.93,-0.23999999999796273,24647.572
20200.94,-0.22999999999956344,24842.494
20200.95,-0.21999999999752617,24647.572
20200.96,-0.20999999999912689,24745.018
20200.97,-0.19999999999708962,24793.752
20200.98,-0.18999999999869033,24696.291
20200.99,-0.17999999999665306,24745.018
20201.0,-0.16999999999825377,24940.002
20201.01,-0.15999999999985448,24647.572
20201.02,-0.1499999999978172,24696.291
20201.03,-0.13999999999941792,24696.291
20201.04,-0.12999999999738066,24842.494
20201.05,-0.11999999999898137,24842.494
20201.06,-0.1099999999969441,24940.002
20201.07,-0.09999999999854481,24891.244
20201.08,-0.08999999999650754,24745.018
20201.09,-0.07999999999810825,24891.244
20201.1,-0.06999999999970896,24940.002
20201.11,-0.059999999997671694,24842.494
20201.12,-0.049999999999272404,24647.572
20201.13,-0.039999999997235136,24550.162
20201.14,-0.029999999998835847,24598.863
20201.15,-0.01999999999679858,24940.002
20201.16,-0.00999999999839929,24988.77
20201.17,0.0,25135.119
20201.18,0.010000000002037268,24696.291
20201.19,0.020000000000436557,24793.752
20201.2,0.030000000002473826,24745.018
20201.21,0.040000000000873115,24793.752
20201.22,0.05000000000291038,24891.244
20201.23,0.06000000000130967,24793.752
20201.24,0.07000000000334694,24793.752
20201.25,0.08000000000174623,24696.291
20201.26,0.09000000000014552,24745.018
20201.27,0.10000000000218279,24988.77
20201.28,0.11000000000058208,24745.018
20201.29,0.12000000000261934,24842.494
20201.3,0.13000000000101863,24842.494
20201.31,0.1400000000030559,24745.018
20201.32,0.1500000000014552,24988.77
20201.33,0.16000000000349246,24745.018
20201.34,0.17000000000189175,24696.291
20201.35,0.18000000000029104,24793.752
20201.36,0.1900000000023283,24891.244
20201.37,0.2000000000007276,24647.572
20201.38,0.21000000000276486,24891.244
20201.39,0.22000000000116415,24842.494
20201.4,0.23000000000320142,24598.863
20201.41,0.2400000000016007,24842.494
20201.42,0.25,24696.291
20201.43,0.26000000000203727,24647.572
20201.44,0.27000000000043656,24745.018
20201.45,0.2800000000024738,24793.752
20201.46,0.2900000000008731,24745.018
20201.47,0.3000000000029104,23626.373
20201.48,0.3100000000013097,22995.996
20201.49,0.32000000000334694,23335.258
20201.5,0.33000000000174623,23480.779
20201.51,0.3400000000001455,23529.301
20201.52,0.3500000000021828,23723.475
20201.53,0.3600000000005821,23723.475
20201.54,0.37000000000261934,23480.779
20201.55,0.38000000000101863,23674.92
20201.56,0.3900000000030559,23626.373
20201.57,0.4000000000014552,23529.301
20201.58,0.41000000000349246,23626.373
20201.59,0.42000000000189175,23674.92
20201.6,0.43000000000029104,23529.301
20201.61,0.4400000000023283,23529.301
20201.62,0.4500000000007276,23674.92
20201.63,0.46000000000276486,23286.768
20201.64,0.47000000000116415,23286.768
20201.65,0.4800000000032014,23432.264
20201.66,0.4900000000016007,23772.039
20201.67,0.5,23772.039
20201.68,0.5100000000020373,23674.92
20201.69,0.5200000000004366,23723.475
20201.7,0.5300000000024738,23626.373
20201.71,0.5400000000008731,23529.301
20201.72,0.5500000000029104,23674.92
20201.73,0.5600000000013097,23674.92
20201.74,0.5700000000033469,23723.475
20201.75,0.5800000000017462,23966.375
20201.76,0.5900000000001455,23820.611
20201.77,0.6000000000021828,23723.475
20201.78,0.6100000000005821,23674.92
20201.79,0.6200000000026193,23044.438
20201.8,0.6300000000010186,23092.887
20201.81,0.6400000000030559,23335.258
20201.82,0.6500000000014552,23626.373
20201.83,0.6600000000034925,23529.301
20201.84,0.6700000000018917,23577.832
20201.85,0.680000000000291,23432.264
20201.86,0.6900000000023283,23529.301
20201.87,0.7000000000007276,23529.301
20201.88,0.7100000000027649,23432.264
20201.89,0.7200000000011642,23723.475
20201.9,0.7300000000032014,23432.264
20201.91,0.7400000000016007,23626.373
20201.92,0.75,23529.301
20201.93,0.7600000000020373,23529.301
20201.94,0.7700000000004366,23335.258
20201.95,0.7800000000024738,23092.887
20201.96,0.7900000000008731,23480.779
20201.97,0.8000000000029104,23577.832
20201.98,0.8100000000013097,23723.475
20201.99,0.8200000000033469,23772.039
20202.0,0.8300000000017462,23820.611
20202.01,0.8400000000001455,23723.475
20202.02,0.8500000000021828,23674.92
20202.03,0.8600000000005821,23674.92
20202.04,0.8700000000026193,23820.611
20202.05,0.8800000000010186,23674.92
20202.06,0.8900000000030559,23674.92
20202.07,0.9000000000014552,23723.475
20202.08,0.9100000000034925,23723.475
20202.09,0.9200000000018917,23480.779
20202.1,0.930000000000291,22995.996
20202.11,0.9400000000023283,23335.258
20202.12,0.9500000000007276,23723.475
20202.13,0.9600000000027649,23626.373
20202.14,0.9700000000011642,23723.475
20202.15,0.9800000000032014,23723.475
20202.16,0.9900000000016007,23820.611
20202.17,1.0,23869.189
20202.18,1.0100000000020373,23626.373
20202.19,1.0200000000004366,23723.475
20202.2,1.0300000000024738,23772.039
20202.21,1.0400000000008731,23820.611
20202.22,1.0500000000029104,23772.039
20202.23,1.0600000000013097,23869.189
20202.24,1.070000000003347,23723.475
20202.25,1.0800000000017462,23723.475
20202.26,1.0900000000001455,23092.887
20202.27,1.1000000000021828,23335.258
20202.28,1.110000000000582,23577.832
20202.29,1.1200000000026193,23480.779
20202.3,1.1300000000010186,23626.373
20202.31,1.140000000003056,23626.373
20202.32,1.1500000000014552,23674.92
20202.33,1.1600000000034925,23480.779
20202.34,1.1700000000018917,23626.373
20202.35,1.180000000000291,23674.92
20202.36,1.1900000000023283,23577.832
20202.37,1.2000000000007276,23772.039
20202.38,1.2100000000027649,23674.92
20202.39,1.2200000000011642,23820.611
20202.4,1.2300000000032014,23723.475
20202.41,1.2400000000016007,23141.346
20202.42,1.25,23044.438
20202.43,1.2600000000020373,23480.779
20202.44,1.2700000000004366,23286.768
20202.45,1.2800000000024738,23626.373
20202.46,1.2900000000008731,23723.475
20202.47,1.3000000000029104,23626.373
20202.48,1.3100000000013097,23723.475
20202.49,1.320000000003347,23529.301
20202.5,1.3300000000017462,23626.373
20202.51,1.3400000000001455,23723.475
20202.52,1.3500000000021828,23577.832
20202.53,1.360000000000582,23480.779
20202.54,1.3700000000026193,23723.475
20202.55,1.3800000000010186,23723.475
20202.56,1.390000000003056,23480.779
20202.57,1.4000000000014552,23044.438
20202.58,1.4100000000034925,23383.758
20202.59,1.4200000000018917,23529.301
20202.6,1.430000000000291,23723.475
20202.61,1.4400000000023283,23772.039
20202.62,1.4500000000007276,23869.189
20202.63,1.4600000000027649,23674.92
20202.64,1.4700000000011642,23820.611
20202.65,1.4800000000032014,23626.373
20202.66,1.4900000000016007,23820.611
20202.67,1.5,23917.777
20202.68,1.5100000000020373,23772.039
20202.69,1.5200000000004366,23772.039
20202.7,1.5300000000024738,23820.611
20202.71,1.5400000000008731,23917.777
20202.72,1.5500000000029104,23286.768
20202.73,1.5600000000013097,23335.258
20202.74,1.570000000003347,23529.301
20202.75,1.5800000000017462,23869.189
20202.76,1.5900000000001455,23674.92
20202.77,1.6000000000021828,23869.189
20202.78,1.610000000000582,24014.979
20202.79,1.6200000000026193,23723.475
20202.8,1.6300000000010186,23966.375
20202.81,1.640000000003056,23869.189
20202.82,1.6500000000014552,23917.777
20202.83,1.6600000000034925,23772.039
20202.84,1.6700000000018917,23966.375
20202.85,1.680000000000291,23966.375
20202.86,1.6900000000023283,23966.375
20202.87,1.7000000000007276,23529.301
20202.88,1.7100000000027649,23383.758
20202.89,1.7200000000011642,23286.768
20202.9,1.7300000000032014,23480.779
20202.91,1.7400000000016007,23723.475
20202.92,1.75,23674.92
20202.93,1.7600000000020373,23869.189
20202.94,1.7700000000004366,23869.189
20202.95,1.7800000000024738,23772.039
20202.96,1.7900000000008731,23820.611
20202.97,1.8000000000029104,23772.039
20202.98,1.8100000000013097,23772.039
20202.99,1.820000000003347,23674.92
20203.0,1.8300000000017462,23869.189
20203.01,1.8400000000001455,23772.039
20203.02,1.8500000000021828,23869.189
20203.03,1.860000000000582,23577.832
20203.04,1.8700000000026193,23092.887
20203.05,1.8800000000010186,23480.779
20203.06,1.890000000003056,23577.832
20203.07,1.9000000000014552,23577.832
20203.08,1.9100000000034925,23723.475
20203.09,1.9200000000018917,23529.301
20203.1,1.930000000000291,23577.832
20203.11,1.9400000000023283,23626.373
20203.12,1.9500000000007276,23674.92
20203.13,1.9600000000027649,23723.475
20203.14,1.9700000000011642,23577.832
20203.15,1.9800000000032014,23723.475
20203.16,1.9900000000016007,23772.039
20203.17,2.0,23577.832
20203.18,2.0100000000020373,23772.039
20203.19,2.0200000000004366,22995.996
20203.2,2.030000000002474,23286.768
20203.21,2.040000000000873,23577.832
20203.22,2.0500000000029104,23577.832
20203.23,2.0600000000013097,23480.779
20203.24,2.070000000003347,23869.189
20203.25,2.0800000000017462,23723.475
20203.26,2.0900000000001455,23480.779
20203.27,2.100000000002183,23674.92
20203.28,2.110000000000582,23723.475
20203.29,2.1200000000026193,23674.92
20203.3,2.1300000000010186,23480.779
20203.31,2.140000000003056,23577.832
20203.32,2.150000000001455,23869.189
20203.33,2.1600000000034925,23674.92
20203.34,2.1700000000018917,23286.768
20203.35,2.180000000000291,23141.346
20203.36,2.1900000000023283,23480.779
20203.37,2.2000000000007276,23529.301
20203.38,2.210000000002765,23529.301
20203.39,2.220000000001164,23626.373
20203.4,2.2300000000032014,23432.264
20203.41,2.2400000000016007,23480.779
20203.42,2.25,23577.832
20203.43,2.2600000000020373,23723.475
20203.44,2.2700000000004366,23335.258
20203.45,2.280000000002474,23674.92
20203.46,2.290000000000873,23626.373
20203.47,2.3000000000029104,23577.832
20203.48,2.3100000000013097,23480.779
20203.49,2.320000000003347,23723.475
20203.5,2.3300000000017462,23092.887
20203.51,2.3400000000001455,23383.758
20203.52,2.350000000002183,23772.039
20203.53,2.360000000000582,23820.611
20203.54,2.3700000000026193,23869.189
20203.55,2.3800000000010186,23674.92
20203.56,2.390000000003056,23723.475
20203.57,2.400000000001455,23772.039
20203.58,2.4100000000034925,23917.777
20203.59,2.4200000000018917,23820.611
20203.6,2.430000000000291,23820.611
20203.61,2.4400000000023283,23869.189
20203.62,2.4500000000007276,23820.611
20203.63,2.460000000002765,23772.039
20203.64,2.470000000001164,23869.189
20203.65,2.4800000000032014,23383.758
20203.66,2.4900000000016007,23335.258
20203.67,2.5,23674.92
20203.68,2.5100000000020373,23820.611
20203.69,2.5200000000004366,23626.373
20203.7,2.530000000002474,23917.777
20203.71,2.540000000000873,23674.92
20203.72,2.5500000000029104,23772.039
20203.73,2.5600000000013097,23772.039
20203.74,2.570000000003347,23869.189
20203.75,2.5800000000017462,23723.475
20203.76,2.5900000000001455,23723.475
20203.77,2.600000000002183,23723.475
20203.78,2.610000000000582,23917.777
20203.79,2.6200000000026193,23723.475
20203.8,2.6300000000010186,23917.777
20203.81,2.640000000003056,23238.285
20203.82,2.650000000001455,23529.301
20203.83,2.6600000000034925,23723.475
20203.84,2.6700000000018917,23966.375
20203.85,2.680000000000291,23917.777
20203.86,2.6900000000023283,23820.611
20203.87,2.7000000000007276,23869.189
20203.88,2.710000000002765,23917.777
20203.89,2.720000000001164,23869.189
20203.9,2.7300000000032014,23723.475
20203.91,2.7400000000016007,23869.189
20203.92,2.75,23917.777
20203.93,2.7600000000020373,23869.189
20203.94,2.7700000000004366,23869.189
20203.95,2.780000000002474,23820.611
20203.96,2.790000000000873,23723.475
20203.97,2.8000000000029104,23189.811
20203.98,2.8100000000013097,23335.258
20203.99,2.820000000003347,23626.373
20204.0,2.8300000000017462,23674.92
20204.01,2.8400000000001455,23723.475
20204.02,2.850000000002183,23723.475
20204.03,2.860000000000582,23480.779
20204.04,2.8700000000026193,23529.301
20204.05,2.8800000000010186,23626.373
20204.06,2.890000000003056,23577.832
20204.07,2.900000000001455,23723.475
20204.08,2.9100000000034925,23820.611
20204.09,2.9200000000018917,23723.475
20204.1,2.930000000000291,23626.373
20204.11,2.9400000000023283,23723.475
20204.12,2.9500000000007276,23044.438
20204.13,2.960000000002765,23238.285
20204.14,2.970000000001164,23577.832
20204.15,2.9800000000032014,23772.039
20204.16,2.9900000000016007,23626.373
20204.17,3.0,23966.375
20204.18,3.0100000000020373,23772.039
20204.19,3.0200000000004366,23529.301
20204.2,3.030000000002474,23772.039
20204.21,3.040000000000873,23772.039
20204.22,3.0500000000029104,23772.039
20204.23,3.0600000000013097,23820.611
20204.24,3.070000000003347,23966.375
20204.25,3.0800000000017462,23820.611
20204.26,3.0900000000001455,23626.373
20204.27,3.100000000002183,23626.373
20204.28,3.110000000000582,23141.346
20204.29,3.1200000000026193,23383.758
20204.3,3.1300000000010186,23626.373
20204.31,3.140000000003056,23674.92
20204.32,3.150000000001455,23820.611
20204.33,3.1600000000034925,23480.779
20204.34,3.1700000000018917,23480.779
20204.35,3.180000000000291,23626.373
20204.36,3.1900000000023283,23820.611
20204.37,3.2000000000007276,23674.92
20204.38,3.210000000002765,23869.189
20204.39,3.220000000001164,23869.189
20204.4,3.2300000000032014,23917.777
20204.41,3.2400000000016007,23529.301
20204.42,3.25,23820.611
20204.43,3.2600000000020373,23286.768
20204.44,3.2700000000004366,23092.887
20204.45,3.280000000002474,23674.92
20204.46,3.290000000000873,23480.779
20204.47,3.3000000000029104,23626.373
20204.48,3.3100000000013097,23820.611
20204.49,3.320000000003347,23723.475
20204.5,3.3300000000017462,23577.832
20204.51,3.3400000000001455,23723.475
20204.52,3.350000000002183,23772.039
20204.53,3.360000000000582,23674.92
20204.54,3.3700000000026193,23917.777
20204.55,3.3800000000010186,23869.189
20204.56,3.390000000003056,23723.475
20204.57,3.400000000001455,23674.92
20204.58,3.4100000000034925,23480.779
20204.59,3.4200000000018917,23189.811
20204.6,3.430000000000291,23335.258
20204.61,3.4400000000023283,23626.373
20204.62,3.4500000000007276,23674.92
20204.63,3.460000000002765,23723.475
20204.64,3.470000000001164,23917.777
20204.65,3.4800000000032014,23917.777
20204.66,3.4900000000016007,23772.039
20204.67,3.5,23820.611
20204.68,3.5100000000020373,24014.979
20204.69,3.5200000000004366,23820.611
20204.7,3.530000000002474,23723.475
20204.71,3.540000000000873,23723.475
20204.72,3.5500000000029104,23723.475
20204.73,3.5600000000013097,23869.189
20204.74,3.570000000003347,23189.811
20204.75,3.5800000000017462,23092.887
20204.76,3.5900000000001455,23286.768
20204.77,3.600000000002183,23577.832
20204.78,3.610000000000582,23286.768
20204.79,3.6200000000026193,23480.779
20204.8,3.6300000000010186,23383.758
20204.81,3.640000000003056,23626.373
20204.82,3.650000000001455,23335.258
20204.83,3.6600000000034925,23432.264
20204.84,3.6700000000018917,23626.373
20204.85,3.680000000000291,23529.301
20204.86,3.6900000000023283,23772.039
20204.87,3.7000000000007276,23529.301
20204.88,3.710000000002765,23529.301
20204.89,3.720000000001164,23577.832
20204.9,3.7300000000032014,22995.996
20204.91,3.7400000000016007,23092.887
20204.92,3.75,23723.475
20204.93,3.7600000000020373,23577.832
20204.94,3.7700000000004366,23674.92
20204.95,3.780000000002474,23917.777
20204.96,3.790000000000873,23820.611
20204.97,3.8000000000029104,23577.832
20204.98,3.8100000000013097,23529.301
20204.99,3.820000000003347,23674.92
20205.0,3.8300000000017462,23869.189
20205.01,3.8400000000001455,23869.189
20205.02,3.850000000002183,23820.611
20205.03,3.860000000000582,23869.189
20205.04,3.8700000000026193,23723.475
20205.05,3.8800000000010186,23335.258
20205.06,3.890000000003056,23383.758
20205.07,3.900000000001455,23529.301
20205.08,3.9100000000034925,23674.92
20205.09,3.9200000000018917,23674.92
20205.1,3.930000000000291,23869.189
20205.11,3.9400000000023283,23772.039
20205.12,3.9500000000007276,23966.375
20205.13,3.960000000002765,23869.189
20205.14,3.970000000001164,23917.777
20205.15,3.9800000000032014,23869.189
20205.16,3.9900000000016007,23772.039
20205.17,4.0,23966.375
20205.18,4.010000000002037,23772.039
20205.19,4.020000000000437,23723.475
20205.2,4.030000000002474,23869.189
20205.21,4.040000000000873,23092.887
20205.22,4.05000000000291,23092.887
20205.23,4.06000000000131,23529.301
20205.24,4.070000000003347,23723.475
20205.25,4.080000000001746,23577.832
20205.26,4.0900000000001455,23286.768
20205.27,4.100000000002183,23626.373
20205.28,4.110000000000582,23626.373
20205.29,4.120000000002619,23674.92
20205.3,4.130000000001019,23480.779
20205.31,4.140000000003056,23626.373
20205.32,4.150000000001455,23674.92
20205.33,4.1600000000034925,23723.475
20205.34,4.170000000001892,23577.832
20205.35,4.180000000000291,23626.373
20205.36,4.190000000002328,23092.887
20205.37,4.200000000000728,23383.758
20205.38,4.210000000002765,23432.264
20205.39,4.220000000001164,23480.779
20205.4,4.230000000003201,23577.832
20205.41,4.240000000001601,23626.373
20205.42,4.25,23529.301
20205.43,4.260000000002037,23577.832
20205.44,4.270000000000437,23480.779
20205.45,4.280000000002474,23529.301
20205.46,4.290000000000873,23626.373
20205.47,4.30000000000291,23577.832
20205.48,4.31000000000131,23869.189
20205.49,4.320000000003347,23966.375
20205.5,4.330000000001746,23674.92
20205.51,4.3400000000001455,23480.779
20205.52,4.350000000002183,23092.887
20205.53,4.360000000000582,23238.285
20205.54,4.370000000002619,23480.779
20205.55,4.380000000001019,23674.92
20205.56,4.390000000003056,23480.779
20205.57,4.400000000001455,23577.832
20205.58,4.4100000000034925,23674.92
20205.59,4.420000000001892,23432.264
20205.6,4.430000000000291,23480.779
20205.61,4.440000000002328,23480.779
20205.62,4.450000000000728,23480.779
20205.63,4.460000000002765,23529.301
20205.64,4.470000000001164,23772.039
20205.65,4.480000000003201,23820.611
20205.66,4.490000000001601,23480.779
20205.67,4.5,23189.811
20205.68,4.510000000002037,23189.811
20205.69,4.520000000000437,23189.811
20205.7,4.530000000002474,23577.832
20205.71,4.540000000000873,23529.301
20205.72,4.55000000000291,23723.475
20205.73,4.56000000000131,23820.611
20205.74,4.570000000003347,23820.611
20205.75,4.580000000001746,23626.373
20205.76,4.5900000000001455,23577.832
20205.77,4.600000000002183,23577.832
20205.78,4.610000000000582,23577.832
20205.79,4.620000000002619,23723.475
20205.8,4.630000000001019,23529.301
20205.81,4.640000000003056,23674.92
20205.82,4.650000000001455,23626.373
20205.83,4.6600000000034925,23092.887
20205.84,4.670000000001892,23529.301
20205.85,4.680000000000291,23529.301
20205.86,4.690000000002328,23723.475
20205.87,4.700000000000728,23674.92
20205.88,4.710000000002765,23626.373
20205.89,4.720000000001164,23820.611
20205.9,4.730000000003201,23869.189
20205.91,4.740000000001601,23626.373
20205.92,4.75,23820.611
20205.93,4.760000000002037,23772.039
20205.94,4.770000000000437,23820.611
20205.95,4.780000000002474,23917.777
20205.96,4.790000000000873,23674.92
20205.97,4.80000000000291,23626.373
20205.98,4.81000000000131,23335.258
20205.99,4.820000000003347,23044.438
20206.0,4.830000000001746,23335.258
20206.01,4.8400000000001455,23335.258
20206.02,4.850000000002183,23286.768
20206.03,4.860000000000582,23577.832
20206.04,4.870000000002619,23432.264
20206.05,4.880000000001019,23480.779
20206.06,4.890000000003056,23529.301
20206.07,4.900000000001455,23383.758
20206.08,4.9100000000034925,23432.264
20206.09,4.920000000001892,23480.779
20206.1,4.930000000000291,23529.301
20206.11,4.940000000002328,23383.758
20206.12,4.950000000000728,23577.832
20206.13,4.960000000002765,23626.373
20206.14,4.970000000001164,23092.887
20206.15,4.980000000003201,23092.887
20206.16,4.990000000001601,23286.768
20206.17,5.0,23383.758
20206.18,5.010000000002037,23480.779
20206.19,5.020000000000437,23626.373
20206.2,5.030000000002474,23432.264
20206.21,5.040000000000873,23723.475
20206.22,5.05000000000291,23674.92
20206.23,5.06000000000131,23480.779
20206.24,5.070000000003347,23480.779
20206.25,5.080000000001746,23529.301
20206.26,5.0900000000001455,23238.285
20206.27,5.100000000002183,23480.779
20206.28,5.110000000000582,23577.832
20206.29,5.120000000002619,23529.301
20206.3,5.130000000001019,23044.438
20206.31,5.140000000003056,23432.264
20206.32,5.150000000001455,23820.611
20206.33,5.1600000000034925,23674.92
20206.34,5.170000000001892,23917.777
20206.35,5.180000000000291,23772.039
20206.36,5.190000000002328,23577.832
20206.37,5.200000000000728,23820.611
20206.38,5.210000000002765,23674.92
20206.39,5.220000000001164,23966.375
20206.4,5.230000000003201,23772.039
20206.41,5.240000000001601,23917.777
20206.42,5.25,23966.375
20206.43,5.260000000002037,24112.211
20206.44,5.270000000000437,23772.039
20206.45,5.280000000002474,23674.92
20206.46,5.290000000000873,22560.385
20206.47,5.30000000000291,21980.594
20206.48,5.31000000000131,21642.924
20206.49,5.320000000003347,21642.924
20206.5,5.330000000001746,21401.973
20206.51,5.3400000000001455,21835.83
20206.52,5.350000000002183,23577.832
20206.53,5.360000000000582,24112.211
20206.54,5.370000000002619,23092.887
20206.55,5.380000000001019,23869.189
20206.56,5.390000000003056,24355.436
20206.57,5.400000000001455,24355.436
20206.58,5.4100000000034925,24306.775
20206.59,5.420000000001892,24452.783
20206.6,5.430000000000291,24696.291
20206.61,5.440000000002328,24355.436
20206.62,5.450000000000728,24404.105
20206.63,5.460000000002765,24696.291
20206.64,5.470000000001164,24550.162
20206.65,5.480000000003201,24404.105
20206.66,5.490000000001601,24404.105
20206.67,5.5,24501.469
20206.68,5.510000000002037,24647.572
20206.69,5.520000000000437,24452.783
20206.7,5.530000000002474,24598.863
20206.71,5.540000000000873,24355.436
20206.72,5.55000000000291,24501.469
20206.73,5.56000000000131,24452.783
20206.74,5.570000000003347,24550.162
20206.75,5.580000000001746,24501.469
20206.76,5.5900000000001455,24452.783
20206.77,5.600000000002183,24452.783
20206.78,5.610000000000582,24452.783
20206.79,5.620000000002619,24501.469
20206.8,5.630000000001019,24696.291
20206.81,5.640000000003056,24598.863
20206.82,5.650000000001455,24647.572
20206.83,5.6600000000034925,24404.105
20206.84,5.670000000001892,24550.162
20206.85,5.680000000000291,24501.469
20206.86,5.690000000002328,24452.783
20206.87,5.700000000000728,24550.162
20206.88,5.710000000002765,24452.783
20206.89,5.720000000001164,24452.783
20206.9,5.730000000003201,24550.162
20206.91,5.740000000001601,24501.469
20206.92,5.75,24404.105
20206.93,5.760000000002037,24598.863
20206.94,5.770000000000437,24452.783
20206.95,5.780000000002474,24745.018
20206.96,5.790000000000873,24647.572
20206.97,5.80000000000291,24550.162
20206.98,5.81000000000131,24501.469
20206.99,5.820000000003347,24452.783
20207.0,5.830000000001746,24501.469
20207.01,5.8400000000001455,24404.105
20207.02,5.850000000002183,24598.863
20207.03,5.860000000000582,24501.469
20207.04,5.870000000002619,24793.752
20207.05,5.880000000001019,24598.863
20207.06,5.890000000003056,24501.469
20207.07,5.900000000001455,24501.469
20207.08,5.9100000000034925,24696.291
20207.09,5.920000000001892,24550.162
20207.1,5.930000000000291,24598.863
20207.11,5.940000000002328,24501.469
20207.12,5.950000000000728,24452.783
20207.13,5.960000000002765,24404.105
20207.14,5.970000000001164,24550.162
20207.15,5.980000000003201,24452.783
20207.16,5.990000000001601,24598.863
20207.17,6.0,24696.291
20207.18,6.010000000002037,24598.863
20207.19,6.020000000000437,24550.162
20207.2,6.030000000002474,24598.863
20207.21,6.040000000000873,24452.783
20207.22,6.05000000000291,24404.105
20207.23,6.06000000000131,24306.775
20207.24,6.070000000003347,24258.121
20207.25,6.080000000001746,24452.783
20207.26,6.0900000000001455,24404.105
20207.27,6.100000000002183,24550.162
20207.28,6.110000000000582,24501.469
20207.29,6.120000000002619,24793.752
20207.3,6.130000000001019,24696.291
20207.31,6.140000000003056,24647.572
20207.32,6.150000000001455,24647.572
20207.33,6.1600000000034925,24745.018
20207.34,6.170000000001892,24647.572
20207.35,6.180000000000291,24842.494
20207.36,6.190000000002328,24647.572
20207.37,6.200000000000728,24745.018
20207.38,6.210000000002765,24842.494
20207.39,6.220000000001164,24988.77
20207.4,6.230000000003201,24891.244
20207.41,6.240000000001601,24696.291
20207.42,6.25,24647.572
20207.43,6.260000000002037,24891.244
20207.44,6.270000000000437,24745.018
20207.45,6.280000000002474,24647.572
20207.46,6.290000000000873,24598.863
20207.47,6.30000000000291,24598.863
20207.48,6.31000000000131,24745.018
20207.49,6.320000000003347,24793.752
20207.5,6.330000000001746,24842.494
20207.51,6.3400000000001455,24696.291
20207.52,6.350000000002183,24696.291
20207.53,6.360000000000582,24988.77
20207.54,6.370000000002619,24745.018
20207.55,6.380000000001019,24647.572
20207.56,6.390000000003056,24696.291
20207.57,6.400000000001455,24647.572
20207.58,6.4100000000034925,24696.291
20207.59,6.420000000001892,24696.291
20207.6,6.430000000000291,24745.018
20207.61,6.440000000002328,24793.752
20207.62,6.450000000000728,24647.572
20207.63,6.460000000002765,24696.291
20207.64,6.470000000001164,24647.572
20207.65,6.480000000003201,24745.018
20207.66,6.490000000001601,24745.018
20207.67,6.5,24647.572
20207.68,6.510000000002037,24696.291
20207.69,6.520000000000437,24647.572
20207.7,6.530000000002474,24891.244
20207.71,6.540000000000873,24793.752
20207.72,6.55000000000291,24598.863
20207.73,6.56000000000131,24745.018
20207.74,6.570000000003347,24696.291
20207.75,6.580000000001746,24647.572
20207.76,6.5900000000001455,24598.863
20207.77,6.600000000002183,24793.752
20207.78,6.610000000000582,24940.002
20207.79,6.620000000002619,24550.162
20207.8,6.630000000001019,24598.863
20207.81,6.640000000003056,24842.494
20207.82,6.650000000001455,24647.572
20207.83,6.6600000000034925,24745.018
20207.84,6.670000000001892,24793.752
20207.85,6.680000000000291,24598.863
20207.86,6.690000000002328,24647.572
20207.87,6.700000000000728,24745.018
20207.88,6.710000000002765,24696.291
20207.89,6.720000000001164,24940.002
20207.9,6.730000000003201,24647.572
20207.91,6.740000000001601,24793.752
20207.92,6.75,24501.469
20207.93,6.760000000002037,24452.783
20207.94,6.770000000000437,24550.162
20207.95,6.780000000002474,24647.572
20207.96,6.790000000000873,24647.572
20207.97,6.80000000000291,24745.018
20207.98,6.81000000000131,24745.018
20207.99,6.820000000003347,24598.863
20208.0,6.830000000001746,24696.291
20208.01,6.8400000000001455,24598.863
20208.02,6.850000000002183,24647.572
20208.03,6.860000000000582,24647.572
20208.04,6.870000000002619,24647.572
20208.05,6.880000000001019,24647.572
20208.06,6.890000000003056,24647.572
20208.07,6.900000000001455,24842.494
20208.08,6.9100000000034925,24696.291
20208.09,6.920000000001892,24891.244
20208.1,6.930000000000291,24745.018
20208.11,6.940000000002328,24550.162
20208.12,6.950000000000728,24550.162
20208.13,6.960000000002765,24647.572
20208.14,6.970000000001164,24745.018
20208.15,6.980000000003201,24793.752
20208.16,6.990000000001601,24647.572
20208.17,7.0,24745.018
20208.18,7.010000000002037,24501.469
20208.19,7.020000000000437,24647.572
20208.2,7.030000000002474,24793.752
20208.21,7.040000000000873,24745.018
20208.22,7.05000000000291,24696.291
20208.23,7.06000000000131,24793.752
20208.24,7.070000000003347,24842.494
20208.25,7.080000000001746,24842.494
20208.26,7.0900000000001455,24793.752
20208.27,7.100000000002183,24745.018
20208.28,7.110000000000582,24696.291
20208.29,7.120000000002619,24745.018
20208.3,7.130000000001019,24647.572
20208.31,7.140000000003056,24793.752
20208.32,7.150000000001455,24550.162
20208.33,7.1600000000034925,24598.863
20208.34,7.170000000001892,24696.291
20208.35,7.180000000000291,24452.783
20208.36,7.190000000002328,24550.162
20208.37,7.200000000000728,24598.863
20208.38,7.210000000002765,24598.863
20208.39,7.220000000001164,24842.494
20208.4,7.230000000003201,24647.572
20208.41,7.240000000001601,24842.494
20208.42,7.25,24745.018
20208.43,7.260000000002037,24842.494
20208.44,7.270000000000437,24793.752
20208.45,7.280000000002474,24793.752
20208.46,7.290000000000873,24696.291
20208.47,7.30000000000291,24696.291
20208.48,7.31000000000131,24745.018
20208.49,7.320000000003347,24647.572
20208.5,7.330000000001746,24696.291
20208.51,7.3400000000001455,24793.752
20208.52,7.350000000002183,24696.291
20208.53,7.360000000000582,24550.162
20208.54,7.370000000002619,24452.783
20208.55,7.380000000001019,24696.291
20208.56,7.390000000003056,24891.244
20208.57,7.400000000001455,24696.291
20208.58,7.4100000000034925,24598.863
20208.59,7.420000000001892,24452.783
20208.6,7.430000000000291,24793.752
20208.61,7.440000000002328,24793.752
20208.62,7.450000000000728,24696.291
20208.63,7.460000000002765,24598.863
20208.64,7.470000000001164,24745.018
20208.65,7.480000000003201,24598.863
20208.66,7.490000000001601,24745.018
20208.67,7.5,24647.572
20208.68,7.510000000002037,24452.783
20208.69,7.520000000000437,24696.291
20208.7,7.530000000002474,24696.291
20208.71,7.540000000000873,24696.291
20208.72,7.55000000000291,24550.162
20208.73,7.56000000000131,24598.863
20208.74,7.570000000003347,24647.572
20208.75,7.580000000001746,24842.494
20208.76,7.5900000000001455,24598.863
20208.77,7.600000000002183,24793.752
20208.78,7.610000000000582,24647.572
20208.79,7.620000000002619,24793.752
20208.8,7.630000000001019,24647.572
20208.81,7.640000000003056,24696.291
20208.82,7.650000000001455,24647.572
20208.83,7.6600000000034925,24696.291
20208.84,7.670000000001892,24647.572
20208.85,7.680000000000291,24647.572
20208.86,7.690000000002328,24745.018
20208.87,7.700000000000728,24745.018
20208.88,7.710000000002765,24696.291
20208.89,7.720000000001164,24598.863
20208.9,7.730000000003201,24550.162
20208.91,7.740000000001601,24647.572
20208.92,7.75,24842.494
20208.93,7.760000000002037,24696.291
20208.94,7.770000000000437,24647.572
20208.95,7.780000000002474,24842.494
20208.96,7.790000000000873,24598.863
20208.97,7.80000000000291,24842.494
20208.98,7.81000000000131,24793.752
20208.99,7.820000000003347,24355.436
20209.0,7.830000000001746,24793.752
20209.01,7.8400000000001455,24745.018
20209.02,7.850000000002183,24647.572
20209.03,7.860000000000582,24891.244
20209.04,7.870000000002619,24550.162
20209.05,7.880000000001019,24501.469
20209.06,7.890000000003056,24696.291
20209.07,7.900000000001455,24550.162
20209.08,7.9100000000034925,24793.752
20209.09,7.920000000001892,24696.291
20209.1,7.930000000000291,24793.752
20209.11,7.940000000002328,24647.572
20209.12,7.950000000000728,24793.752
20209.13,7.960000000002765,24647.572
20209.14,7.970000000001164,24598.863
20209.15,7.980000000003201,24647.572
20209.16,7.990000000001601,24647.572
20209.17,8.0,24647.572
20209.18,8.010000000002037,24598.863
20209.19,8.020000000000437,24452.783
20209.2,8.030000000002474,24891.244
20209.21,8.040000000000873,24842.494
20209.22,8.05000000000291,24647.572
20209.23,8.06000000000131,24842.494
20209.24,8.070000000003347,24696.291
20209.25,8.080000000001746,24696.291
20209.26,8.090000000000146,24550.162
20209.27,8.100000000002183,24647.572
20209.28,8.110000000000582,24647.572
20209.29,8.12000000000262,24696.291
20209.3,8.130000000001019,24696.291
20209.31,8.140000000003056,24696.291
20209.32,8.150000000001455,24696.291
20209.33,8.160000000003492,24696.291
20209.34,8.170000000001892,24647.572
20209.35,8.180000000000291,24745.018
20209.36,8.190000000002328,24745.018
20209.37,8.200000000000728,24598.863
20209.38,8.210000000002765,24550.162
20209.39,8.220000000001164,24550.162
20209.4,8.230000000003201,23092.887
20209.41,8.2400000000016,23092.887
20209.42,8.25,22802.309
20209.43,8.260000000002037,22753.908
20209.44,8.270000000000437,22318.664
20209.45,8.280000000002474,22560.385
20209.46,8.290000000000873,22657.131
20209.47,8.30000000000291,22802.309
20209.48,8.31000000000131,22608.754
20209.49,8.320000000003347,22608.754
20209.5,8.330000000001746,22463.672
20209.51,8.340000000000146,22560.385
20209.52,8.350000000002183,22608.754
20209.53,8.360000000000582,22560.385
20209.54,8.37000000000262,22512.023
20209.55,8.380000000001019,22753.908
20209.56,8.390000000003056,22802.309
20209.57,8.400000000001455,22608.754
20209.58,8.410000000003492,22512.023
20209.59,8.420000000001892,22608.754
20209.6,8.430000000000291,22608.754
20209.61,8.440000000002328,22512.023
20209.62,8.450000000000728,22850.719
20209.63,8.460000000002765,22705.516
20209.64,8.470000000001164,22802.309
20209.65,8.480000000003201,22657.131
20209.66,8.4900000000016,22463.672
20209.67,8.5,22657.131
20209.68,8.510000000002037,22318.664
20209.69,8.520000000000437,22512.023
20209.7,8.530000000002474,22753.908
20209.71,8.540000000000873,22802.309
20209.72,8.55000000000291,22705.516
20209.73,8.56000000000131,22560.385
20209.74,8.570000000003347,22657.131
20209.75,8.580000000001746,22608.754
20209.76,8.590000000000146,22318.664
20209.77,8.600000000002183,22512.023
20209.78,8.610000000000582,22705.516
20209.79,8.62000000000262,22705.516
20209.8,8.630000000001019,22512.023
20209.81,8.640000000003056,22415.328
20209.82,8.650000000001455,22318.664
20209.83,8.660000000003492,22270.344
20209.84,8.670000000001892,22270.344
20209.85,8.680000000000291,22415.328
20209.86,8.690000000002328,22608.754
20209.87,8.700000000000728,22463.672
20209.88,8.710000000002765,22512.023
20209.89,8.720000000001164,22463.672
20209.9,8.730000000003201,22560.385
20209.91,8.7400000000016,22463.672
20209.92,8.75,22705.516
20209.93,8.760000000002037,22512.023
20209.94,8.770000000000437,22512.023
20209.95,8.780000000002474,22318.664
20209.96,8.790000000000873,22608.754
20209.97,8.80000000000291,22415.328
20209.98,8.81000000000131,22512.023
20209.99,8.820000000003347,22560.385
20210.0,8.830000000001746,22560.385
20210.01,8.840000000000146,22318.664
20210.02,8.850000000002183,22657.131
20210.03,8.860000000000582,22415.328
20210.04,8.87000000000262,22415.328
20210.05,8.880000000001019,22608.754
20210.06,8.890000000003056,22463.672
20210.07,8.900000000001455,22318.664
20210.08,8.910000000003492,22318.664
20210.09,8.920000000001892,22125.432
20210.1,8.930000000000291,22270.344
20210.11,8.940000000002328,22463.672
20210.12,8.950000000000728,22657.131
20210.13,8.960000000002765,22222.031
20210.14,8.970000000001164,22415.328
20210.15,8.980000000003201,22125.432
20210.16,8.9900000000016,22366.992
20210.17,9.0,22366.992
20210.18,9.010000000002037,22366.992
20210.19,9.020000000000437,22366.992
20210.2,9.030000000002474,22657.131
20210.21,9.040000000000873,22415.328
20210.22,9.05000000000291,22560.385
20210.23,9.06000000000131,22560.385
20210.24,9.070000000003347,22318.664
20210.25,9.080000000001746,22463.672
20210.26,9.090000000000146,22318.664
20210.27,9.100000000002183,22560.385
20210.28,9.110000000000582,22463.672
20210.29,9.12000000000262,22753.908
20210.3,9.130000000001019,22705.516
20210.31,9.140000000003056,22560.385
20210.32,9.150000000001455,22753.908
20210.33,9.160000000003492,22512.023
20210.34,9.170000000001892,22657.131
20210.35,9.180000000000291,22608.754
20210.36,9.190000000002328,22463.672
20210.37,9.200000000000728,22318.664
20210.38,9.210000000002765,22415.328
20210.39,9.220000000001164,22463.672
20210.4,9.230000000003201,22366.992
20210.41,9.2400000000016,22657.131
20210.42,9.25,22463.672
20210.43,9.260000000002037,22850.719
20210.44,9.270000000000437,22657.131
20210.45,9.280000000002474,22415.328
20210.46,9.290000000000873,22463.672
20210.47,9.30000000000291,22560.385
20210.48,9.31000000000131,22512.023
20210.49,9.320000000003347,22608.754
20210.5,9.330000000001746,22415.328
20210.51,9.340000000000146,22270.344
20210.52,9.350000000002183,22512.023
20210.53,9.360000000000582,22318.664
20210.54,9.37000000000262,22608.754
20210.55,9.380000000001019,22560.385
20210.56,9.390000000003056,22415.328
20210.57,9.400000000001455,22318.664
20210.58,9.410000000003492,22415.328
20210.59,9.420000000001892,22318.664
20210.6,9.430000000000291,22318.664
20210.61,9.440000000002328,22270.344
20210.62,9.450000000000728,22512.023
20210.63,9.460000000002765,22318.664
20210.64,9.470000000001164,22657.131
20210.65,9.480000000003201,22463.672
20210.66,9.4900000000016,22415.328
20210.67,9.5,22463.672
20210.68,9.510000000002037,22415.328
20210.69,9.520000000000437,22415.328
20210.7,9.530000000002474,22415.328
20210.71,9.540000000000873,22222.031
20210.72,9.55000000000291,22366.992
20210.73,9.56000000000131,22560.385
20210.74,9.570000000003347,22463.672
20210.75,9.580000000001746,22366.992
20210.76,9.590000000000146,22318.664
20210.77,9.600000000002183,22560.385
20210.78,9.610000000000582,22318.664
20210.79,9.62000000000262,22270.344
20210.8,9.630000000001019,22222.031
20210.81,9.640000000003056,22270.344
20210.82,9.650000000001455,22366.992
20210.83,9.660000000003492,22560.385
20210.84,9.670000000001892,22318.664
20210.85,9.680000000000291,22415.328
20210.86,9.690000000002328,22415.328
20210.87,9.700000000000728,22463.672
20210.88,9.710000000002765,22463.672
20210.89,9.720000000001164,22560.385
20210.9,9.730000000003201,22463.672
20210.91,9.7400000000016,22560.385
20210.92,9.75,22608.754
20210.93,9.760000000002037,22608.754
20210.94,9.770000000000437,22512.023
20210.95,9.780000000002474,22512.023
20210.96,9.790000000000873,22608.754
20210.97,9.80000000000291,22463.672
20210.98,9.81000000000131,22366.992
20210.99,9.820000000003347,22463.672
20211.0,9.830000000001746,22560.385
20211.01,9.840000000000146,22415.328
20211.02,9.850000000002183,22560.385
20211.03,9.860000000000582,22512.023
20211.04,9.87000000000262,22753.908
20211.05,9.880000000001019,22512.023
20211.06,9.890000000003056,22657.131
20211.07,9.900000000001455,22318.664
20211.08,9.910000000003492,22318.664
20211.09,9.920000000001892,22366.992
20211.1,9.930000000000291,22463.672
20211.11,9.940000000002328,22463.672
20211.12,9.950000000000728,22463.672
20211.13,9.960000000002765,22608.754
20211.14,9.970000000001164,22753.908
20211.15,9.980000000003201,22366.992
20211.16,9.9900000000016,22366.992
20211.17,10.0,22512.023
20211.18,10.010000000002037,22512.023
20211.19,10.020000000000437,22318.664
20211.2,10.030000000002474,22318.664
20211.21,10.040000000000873,22415.328
20211.22,10.05000000000291,22463.672
20211.23,10.06000000000131,22463.672
20211.24,10.070000000003347,22608.754
20211.25,10.080000000001746,22657.131
20211.26,10.090000000000146,22753.908
20211.27,10.100000000002183,22705.516
20211.28,10.110000000000582,22270.344
20211.29,10.12000000000262,22512.023
20211.3,10.130000000001019,22415.328
20211.31,10.140000000003056,22318.664
20211.32,10.150000000001455,22463.672
20211.33,10.160000000003492,22705.516
20211.34,10.170000000001892,22512.023
20211.35,10.180000000000291,22753.908
20211.36,10.190000000002328,22753.908
20211.37,10.200000000000728,22560.385
20211.38,10.210000000002765,22560.385
20211.39,10.220000000001164,22705.516
20211.4,10.230000000003201,22415.328
20211.41,10.2400000000016,22415.328
20211.42,10.25,22222.031
20211.43,10.260000000002037,22463.672
20211.44,10.270000000000437,22512.023
20211.45,10.280000000002474,22415.328
20211.46,10.290000000000873,22657.131
20211.47,10.30000000000291,22657.131
20211.48,10.31000000000131,22512.023
20211.49,10.320000000003347,22560.385
20211.5,10.330000000001746,22366.992
20211.51,10.340000000000146,22270.344
20211.52,10.350000000002183,22512.023
20211.53,10.360000000000582,22415.328
20211.54,10.37000000000262,22608.754
20211.55,10.380000000001019,22657.131
20211.56,10.390000000003056,22705.516
20211.57,10.400000000001455,22415.328
20211.58,10.410000000003492,22512.023
20211.59,10.420000000001892,22415.328
20211.6,10.430000000000291,22415.328
20211.61,10.440000000002328,22318.664
20211.62,10.450000000000728,22415.328
20211.63,10.460000000002765,22415.328
20211.64,10.470000000001164,22753.908
20211.65,10.480000000003201,22560.385
20211.66,10.4900000000016,22753.908
20211.67,10.5,22512.023
20211.68,10.510000000002037,22512.023
20211.69,10.520000000000437,22318.664
20211.7,10.530000000002474,22608.754
20211.71,10.540000000000873,22657.131
20211.72,10.55000000000291,22512.023
20211.73,10.56000000000131,22366.992
20211.74,10.570000000003347,22560.385
20211.75,10.580000000001746,22802.309
20211.76,10.590000000000146,22608.754
20211.77,10.600000000002183,22512.023
20211.78,10.610000000000582,22415.328
20211.79,10.62000000000262,22366.992
20211.8,10.630000000001019,22318.664
20211.81,10.640000000003056,22608.754
20211.82,10.650000000001455,22512.023
20211.83,10.660000000003492,22463.672
20211.84,10.670000000001892,22318.664
20211.85,10.680000000000291,22415.328
20211.86,10.690000000002328,22270.344
20211.87,10.700000000000728,22512.023
20211.88,10.710000000002765,22705.516
20211.89,10.720000000001164,22560.385
20211.9,10.730000000003201,22463.672
20211.91,10.7400000000016,22318.664
20211.92,10.75,22318.664
20211.93,10.760000000002037,22318.664
20211.94,10.770000000000437,22463.672
20211.95,10.780000000002474,22463.672
20211.96,10.790000000000873,22512.023
20211.97,10.80000000000291,22657.131
20211.98,10.81000000000131,22560.385
20211.99,10.820000000003347,22608.754
20212.0,10.830000000001746,22318.664
20212.01,10.840000000000146,22222.031
20212.02,10.850000000002183,22463.672
20212.03,10.860000000000582,22753.908
20212.04,10.87000000000262,22366.992
20212.05,10.880000000001019,22463.672
20212.06,10.890000000003056,22463.672
20212.07,10.900000000001455,22657.131
20212.08,10.910000000003492,22947.563
20212.09,10.920000000001892,22512.023
20212.1,10.930000000000291,22802.309
20212.11,10.940000000002328,22705.516
20212.12,10.950000000000728,22512.023
20212.13,10.960000000002765,22318.664
20212.14,10.970000000001164,22560.385
20212.15,10.980000000003201,22222.031
20212.16,10.9900000000016,22318.664
20212.17,11.0,22705.516
20212.18,11.010000000002037,22802.309
20212.19,11.020000000000437,22608.754
20212.2,11.030000000002474,22608.754
20212.21,11.040000000000873,22560.385
20212.22,11.05000000000291,22173.729
20212.23,11.06000000000131,22270.344
20212.24,11.070000000003347,22366.992
20212.25,11.080000000001746,22366.992
20212.26,11.090000000000146,22415.328
20212.27,11.100000000002183,22512.023
20212.28,11.110000000000582,22512.023
20212.29,11.12000000000262,22512.023
20212.3,11.130000000001019,22608.754
20212.31,11.140000000003056,22463.672
20212.32,11.150000000001455,22318.664
20212.33,11.160000000003492,22366.992
20212.34,11.170000000001892,22270.344
20212.35,11.180000000000291,22608.754
20212.36,11.190000000002328,22753.908
20212.37,11.200000000000728,22366.992
20212.38,11.210000000002765,22560.385
20212.39,11.220000000001164,22753.908
20212.4,11.230000000003201,22608.754
20212.41,11.2400000000016,22657.131
20212.42,11.25,22657.131
20212.43,11.260000000002037,22366.992
20212.44,11.270000000000437,22366.992
20212.45,11.280000000002474,22608.754
20212.46,11.290000000000873,22608.754
20212.47,11.30000000000291,22657.131
20212.48,11.31000000000131,22512.023
20212.49,11.320000000003347,22608.754
20212.5,11.330000000001746,22512.023
20212.51,11.340000000000146,22366.992
20212.52,11.350000000002183,22608.754
20212.53,11.360000000000582,22415.328
20212.54,11.37000000000262,22366.992
20212.55,11.380000000001019,22366.992
20212.56,11.390000000003056,22318.664
20212.57,11.400000000001455,22463.672
20212.58,11.410000000003492,22657.131
20212.59,11.420000000001892,22802.309
20212.6,11.430000000000291,22753.908
20212.61,11.440000000002328,22512.023
20212.62,11.450000000000728,22608.754
20212.63,11.460000000002765,22608.754
20212.64,11.470000000001164,22415.328
20212.65,11.480000000003201,22415.328
20212.66,11.4900000000016,22366.992
20212.67,11.5,22415.328
20212.68,11.510000000002037,22705.516
20212.69,11.520000000000437,22318.664
20212.7,11.530000000002474,22463.672
20212.71,11.540000000000873,22560.385
20212.72,11.55000000000291,22366.992
20212.73,11.56000000000131,22318.664
20212.74,11.570000000003347,22318.664
20212.75,11.580000000001746,22415.328
20212.76,11.590000000000146,22512.023
20212.77,11.600000000002183,22512.023
20212.78,11.610000000000582,22270.344
20212.79,11.62000000000262,22512.023
20212.8,11.630000000001019,22657.131
20212.81,11.640000000003056,22802.309
20212.82,11.650000000001455,22657.131
20212.83,11.660000000003492,22463.672
20212.84,11.670000000001892,22270.344
20212.85,11.680000000000291,22125.432
20212.86,11.690000000002328,22318.664
20212.87,11.700000000000728,22222.031
20212.88,11.710000000002765,22318.664
20212.89,11.720000000001164,22657.131
20212.9,11.730000000003201,22560.385
20212.91,11.7400000000016,22512.023
20212.92,11.75,22366.992
20212.93,11.760000000002037,22463.672
20212.94,11.770000000000437,22415.328
20212.95,11.780000000002474,22415.328
20212.96,11.790000000000873,22415.328
20212.97,11.80000000000291,22512.023
20212.98,11.81000000000131,22608.754
20212.99,11.820000000003347,22318.664
20213.0,11.830000000001746,22415.328
20213.01,11.840000000000146,22608.754
20213.02,11.850000000002183,22512.023
20213.03,11.860000000000582,22366.992
20213.04,11.87000000000262,22366.992
20213.05,11.880000000001019,22318.664
20213.06,11.890000000003056,22125.432
20213.07,11.900000000001455,22318.664
20213.08,11.910000000003492,22512.023
20213.09,11.920000000001892,22560.385
20213.1,11.930000000000291,22608.754
20213.11,11.940000000002328,22608.754
20213.12,11.950000000000728,22657.131
20213.13,11.960000000002765,22608.754
20213.14,11.970000000001164,22753.908
20213.15,11.980000000003201,22657.131
20213.16,11.9900000000016,22463.672
20213.17,12.0,22415.328
20213.18,12.010000000002037,22125.432
20213.19,12.020000000000437,22415.328
20213.2,12.030000000002474,22463.672
20213.21,12.040000000000873,22415.328
20213.22,12.05000000000291,22318.664
20213.23,12.06000000000131,22705.516
20213.24,12.070000000003347,22512.023
20213.25,12.080000000001746,22463.672
20213.26,12.090000000000146,22415.328
20213.27,12.100000000002183,22512.023
20213.28,12.110000000000582,22608.754
20213.29,12.12000000000262,22512.023
20213.3,12.130000000001019,22463.672
20213.31,12.140000000003056,22705.516
20213.32,12.150000000001455,22512.023
20213.33,12.160000000003492,22705.516
20213.34,12.170000000001892,22512.023
20213.35,12.180000000000291,22463.672
20213.36,12.190000000002328,22415.328
20213.37,12.200000000000728,22415.328
20213.38,12.210000000002765,22463.672
20213.39,12.220000000001164,22415.328
20213.4,12.230000000003201,22415.328
20213.41,12.2400000000016,22512.023
20213.42,12.25,22512.023
20213.43,12.260000000002037,22463.672
20213.44,12.270000000000437,22560.385
20213.45,12.280000000002474,22657.131
20213.46,12.290000000000873,22318.664
20213.47,12.30000000000291,22512.023
20213.48,12.31000000000131,22560.385
20213.49,12.320000000003347,22318.664
20213.5,12.330000000001746,22415.328
20213.51,12.340000000000146,22657.131
20213.52,12.350000000002183,22753.908
20213.53,12.360000000000582,22753.908
20213.54,12.37000000000262,22608.754
20213.55,12.380000000001019,22512.023
20213.56,12.390000000003056,22463.672
20213.57,12.400000000001455,22415.328
20213.58,12.410000000003492,22366.992
20213.59,12.420000000001892,22415.328
20213.6,12.430000000000291,22415.328
20213.61,12.440000000002328,22512.023
20213.62,12.450000000000728,22705.516
20213.63,12.460000000002765,22753.908
20213.64,12.470000000001164,22753.908
20213.65,12.480000000003201,22608.754
20213.66,12.4900000000016,22608.754
20213.67,12.5,22415.328
20213.68,12.510000000002037,22657.131
20213.69,12.520000000000437,22366.992
20213.7,12.530000000002474,22463.672
20213.71,12.540000000000873,22415.328
20213.72,12.55000000000291,22560.385
20213.73,12.56000000000131,22657.131
20213.74,12.570000000003347,22705.516
20213.75,12.580000000001746,22463.672
20213.76,12.590000000000146,22222.031
20213.77,12.600000000002183,22463.672
20213.78,12.610000000000582,22366.992
20213.79,12.62000000000262,22415.328
20213.8,12.630000000001019,22560.385
20213.81,12.640000000003056,22415.328
20213.82,12.650000000001455,22657.131
20213.83,12.660000000003492,22657.131
20213.84,12.670000000001892,22608.754
20213.85,12.680000000000291,22560.385
20213.86,12.690000000002328,22657.131
20213.87,12.700000000000728,22512.023
20213.88,12.710000000002765,22753.908
20213.89,12.720000000001164,22608.754
20213.9,12.730000000003201,22463.672
20213.91,12.7400000000016,22512.023
20213.92,12.75,22512.023
20213.93,12.760000000002037,22512.023
20213.94,12.770000000000437,22705.516
20213.95,12.780000000002474,22657.131
20213.96,12.790000000000873,22608.754
20213.97,12.80000000000291,22512.023
20213.98,12.81000000000131,22125.432
20213.99,12.820000000003347,22318.664
20214.0,12.830000000001746,22222.031
20214.01,12.840000000000146,22366.992
20214.02,12.850000000002183,22512.023
20214.03,12.860000000000582,22608.754
20214.04,12.87000000000262,22560.385
20214.05,12.880000000001019,22512.023
20214.06,12.890000000003056,22560.385
20214.07,12.900000000001455,22415.328
20214.08,12.910000000003492,22270.344
20214.09,12.920000000001892,22512.023
20214.1,12.930000000000291,22608.754
20214.11,12.940000000002328,22270.344
20214.12,12.950000000000728,22560.385
20214.13,12.960000000002765,22753.908
20214.14,12.970000000001164,22657.131
20214.15,12.980000000003201,22705.516
20214.16,12.9900000000016,22415.328
20214.17,13.0,22608.754
20214.18,13.010000000002037,22415.328
20214.19,13.020000000000437,22560.385
20214.2,13.030000000002474,22222.031
20214.21,13.040000000000873,22512.023
20214.22,13.05000000000291,22512.023
20214.23,13.06000000000131,22512.023
20214.24,13.070000000003347,22802.309
20214.25,13.080000000001746,22657.131
20214.26,13.090000000000146,22512.023
20214.27,13.100000000002183,22608.754
20214.28,13.110000000000582,22560.385
20214.29,13.12000000000262,22560.385
20214.3,13.130000000001019,22415.328
20214.31,13.140000000003056,22705.516
20214.32,13.150000000001455,22463.672
20214.33,13.160000000003492,22512.023
20214.34,13.170000000001892,22415.328
20214.35,13.180000000000291,22705.516
20214.36,13.190000000002328,22705.516
20214.37,13.200000000000728,22560.385
20214.38,13.210000000002765,22657.131
20214.39,13.220000000001164,22512.023
20214.4,13.230000000003201,22512.023
20214.41,13.2400000000016,22366.992
20214.42,13.25,22512.023
20214.43,13.260000000002037,22415.328
20214.44,13.270000000000437,22657.131
20214.45,13.280000000002474,22753.908
20214.46,13.290000000000873,22608.754
20214.47,13.30000000000291,22512.023
20214.48,13.31000000000131,22512.023
20214.49,13.320000000003347,22318.664
20214.5,13.330000000001746,22318.664
20214.51,13.340000000000146,22560.385
20214.52,13.350000000002183,22512.023
20214.53,13.360000000000582,22415.328
20214.54,13.37000000000262,22463.672
20214.55,13.380000000001019,22560.385
20214.56,13.390000000003056,22705.516
20214.57,13.400000000001455,22560.385
20214.58,13.410000000003492,22657.131
20214.59,13.420000000001892,22753.908
20214.6,13.430000000000291,22463.672
20214.61,13.440000000002328,22366.992
20214.62,13.450000000000728,22366.992
20214.63,13.460000000002765,22366.992
20214.64,13.470000000001164,22608.754
20214.65,13.480000000003201,22753.908
20214.66,13.4900000000016,22657.131
20214.67,13.5,22608.754
20214.68,13.510000000002037,22512.023
20214.69,13.520000000000437,22463.672
20214.7,13.530000000002474,22415.328
20214.71,13.540000000000873,22463.672
20214.72,13.55000000000291,22318.664
20214.73,13.56000000000131,22560.385
20214.74,13.570000000003347,22560.385
20214.75,13.580000000001746,22560.385
20214.76,13.590000000000146,22608.754
20214.77,13.600000000002183,22560.385
20214.78,13.610000000000582,22512.023
20214.79,13.62000000000262,22560.385
20214.8,13.630000000001019,22463.672
20214.81,13.640000000003056,22366.992
20214.82,13.650000000001455,22512.023
20214.83,13.660000000003492,22512.023
20214.84,13.670000000001892,22512.023
20214.85,13.680000000000291,22415.328
20214.86,13.690000000002328,22753.908
20214.87,13.700000000000728,22512.023
20214.88,13.710000000002765,22608.754
20214.89,13.720000000001164,22753.908
20214.9,13.730000000003201,22560.385
20214.91,13.7400000000016,22512.023
20214.92,13.75,22463.672
20214.93,13.760000000002037,22705.516
20214.94,13.770000000000437,22512.023
20214.95,13.780000000002474,22560.385
20214.96,13.790000000000873,22512.023
20214.97,13.80000000000291,22560.385
20214.98,13.81000000000131,22318.664
20214.99,13.820000000003347,22657.131
20215.0,13.830000000001746,22463.672
20215.01,13.840000000000146,22366.992
20215.02,13.850000000002183,22560.385
20215.03,13.860000000000582,22415.328
20215.04,13.87000000000262,22222.031
20215.05,13.880000000001019,22463.672
20215.06,13.890000000003056,22415.328
20215.07,13.900000000001455,22463.672
20215.08,13.910000000003492,22318.664
20215.09,13.920000000001892,22512.023
20215.1,13.930000000000291,22463.672
20215.11,13.940000000002328,22463.672
20215.12,13.950000000000728,22463.672
20215.13,13.960000000002765,22366.992
20215.14,13.970000000001164,22608.754
20215.15,13.980000000003201,22463.672
20215.16,13.9900000000016,22512.023
20215.17,14.0,22560.385
20215.18,14.010000000002037,22560.385
20215.19,14.020000000000437,22657.131
20215.2,14.030000000002474,22318.664
20215.21,14.040000000000873,22608.754
20215.22,14.05000000000291,22608.754
20215.23,14.06000000000131,22366.992
20215.24,14.070000000003347,22415.328
20215.25,14.080000000001746,22512.023
20215.26,14.090000000000146,22608.754
20215.27,14.100000000002183,22705.516
20215.28,14.110000000000582,22753.908
20215.29,14.12000000000262,22753.908
20215.3,14.130000000001019,22802.309
20215.31,14.140000000003056,22560.385
20215.32,14.150000000001455,22270.344
20215.33,14.160000000003492,22366.992
20215.34,14.170000000001892,22222.031
20215.35,14.180000000000291,22415.328
20215.36,14.190000000002328,22512.023
20215.37,14.200000000000728,22608.754
20215.38,14.210000000002765,22753.908
20215.39,14.220000000001164,22802.309
20215.4,14.230000000003201,22463.672
20215.41,14.2400000000016,22463.672
20215.42,14.25,22657.131
20215.43,14.260000000002037,22318.664
20215.44,14.270000000000437,22512.023
20215.45,14.280000000002474,22366.992
20215.46,14.290000000000873,22415.328
20215.47,14.30000000000291,22512.023
20215.48,14.31000000000131,22512.023
20215.49,14.320000000003347,22463.672
20215.5,14.330000000001746,22415.328
20215.51,14.340000000000146,22463.672
20215.52,14.350000000002183,22318.664
20215.53,14.360000000000582,22366.992
20215.54,14.37000000000262,22560.385
20215.55,14.380000000001019,22415.328
20215.56,14.390000000003056,22318.664
20215.57,14.400000000001455,22318.664
20215.58,14.410000000003492,22512.023
20215.59,14.420000000001892,22415.328
20215.6,14.430000000000291,22512.023
20215.61,14.440000000002328,22657.131
20215.62,14.450000000000728,22512.023
20215.63,14.460000000002765,22512.023
20215.64,14.470000000001164,22560.385
20215.65,14.480000000003201,22608.754
20215.66,14.4900000000016,22366.992
20215.67,14.5,22512.023
20215.68,14.510000000002037,22318.664
20215.69,14.520000000000437,22463.672
20215.7,14.530000000002474,22802.309
20215.71,14.540000000000873,22657.131
20215.72,14.55000000000291,22560.385
20215.73,14.56000000000131,22318.664
20215.74,14.570000000003347,22366.992
20215.75,14.580000000001746,22415.328
20215.76,14.590000000000146,22318.664
20215.77,14.600000000002183,22463.672
20215.78,14.610000000000582,22366.992
20215.79,14.62000000000262,22560.385
20215.8,14.630000000001019,22802.309
20215.81,14.640000000003056,22560.385
20215.82,14.650000000001455,22512.023
20215.83,14.660000000003492,22318.664
20215.84,14.670000000001892,22415.328
20215.85,14.680000000000291,22318.664
20215.86,14.690000000002328,22463.672
20215.87,14.700000000000728,22415.328
20215.88,14.710000000002765,22560.385
20215.89,14.720000000001164,22366.992
20215.9,14.730000000003201,22560.385
20215.91,14.7400000000016,22657.131
20215.92,14.75,22560.385
20215.93,14.760000000002037,22608.754
20215.94,14.770000000000437,22608.754
20215.95,14.780000000002474,22705.516
20215.96,14.790000000000873,22463.672
20215.97,14.80000000000291,22560.385
20215.98,14.81000000000131,22463.672
20215.99,14.820000000003347,22608.754
20216.0,14.830000000001746,22705.516
20216.01,14.840000000000146,22802.309
20216.02,14.850000000002183,22512.023
20216.03,14.860000000000582,22705.516
20216.04,14.87000000000262,22512.023
20216.05,14.880000000001019,22318.664
20216.06,14.890000000003056,22318.664
20216.07,14.900000000001455,22512.023
20216.08,14.910000000003492,22366.992
20216.09,14.920000000001892,22560.385
20216.1,14.930000000000291,22512.023
20216.11,14.940000000002328,22318.664
20216.12,14.950000000000728,22463.672
20216.13,14.960000000002765,22705.516
20216.14,14.970000000001164,22753.908
20216.15,14.980000000003201,22512.023
20216.16,14.9900000000016,22463.672
20216.17,15.0,22608.754
20216.18,15.010000000002037,22463.672
20216.19,15.020000000000437,22608.754
20216.2,15.030000000002474,22608.754
20216.21,15.040000000000873,22657.131
20216.22,15.05000000000291,22560.385
20216.23,15.06000000000131,22463.672
20216.24,15.070000000003347,22560.385
20216.25,15.080000000001746,22512.023
20216.26,15.090000000000146,22657.131
20216.27,15.100000000002183,22560.385
20216.28,15.110000000000582,22608.754
20216.29,15.12000000000262,22753.908
20216.3,15.130000000001019,22753.908
20216.31,15.140000000003056,22705.516
20216.32,15.150000000001455,22753.908
20216.33,15.160000000003492,22753.908
20216.34,15.170000000001892,22608.754
20216.35,15.180000000000291,22657.131
20216.36,15.190000000002328,22608.754
20216.37,15.200000000000728,22463.672
20216.38,15.210000000002765,22318.664
20216.39,15.220000000001164,22560.385
20216.4,15.230000000003201,22463.672
20216.41,15.2400000000016,22463.672
20216.42,15.25,22463.672
20216.43,15.260000000002037,22753.908
20216.44,15.270000000000437,22608.754
20216.45,15.280000000002474,22512.023
20216.46,15.290000000000873,22463.672
20216.47,15.30000000000291,22512.023
20216.48,15.31000000000131,22512.023
20216.49,15.320000000003347,22608.754
20216.5,15.330000000001746,22560.385
20216.51,15.340000000000146,22415.328
20216.52,15.350000000002183,22512.023
20216.53,15.360000000000582,22753.908
20216.54,15.37000000000262,22512.023
20216.55,15.380000000001019,22463.672
20216.56,15.390000000003056,22463.672
20216.57,15.400000000001455,22318.664
20216.58,15.410000000003492,22463.672
20216.59,15.420000000001892,22512.023
20216.6,15.430000000000291,22415.328
20216.61,15.440000000002328,22705.516
20216.62,15.450000000000728,22560.385
20216.63,15.460000000002765,22560.385
20216.64,15.470000000001164,22947.563
20216.65,15.480000000003201,22560.385
20216.66,15.4900000000016,22512.023
20216.67,15.5,22657.131
20216.68,15.510000000002037,22415.328
20216.69,15.520000000000437,22560.385
20216.7,15.530000000002474,22512.023
20216.71,15.540000000000873,22753.908
20216.72,15.55000000000291,22512.023
20216.73,15.56000000000131,22657.131
20216.74,15.570000000003347,22463.672
20216.75,15.580000000001746,22463.672
20216.76,15.590000000000146,22415.328
20216.77,15.600000000002183,22657.131
20216.78,15.610000000000582,22463.672
20216.79,15.62000000000262,22512.023
20216.8,15.630000000001019,22415.328
20216.81,15.640000000003056,22463.672
20216.82,15.650000000001455,22415.328
20216.83,15.660000000003492,22560.385
20216.84,15.670000000001892,22512.023
20216.85,15.680000000000291,22512.023
20216.86,15.690000000002328,22512.023
20216.87,15.700000000000728,22512.023
20216.88,15.710000000002765,22415.328
20216.89,15.720000000001164,22560.385
20216.9,15.730000000003201,22318.664
20216.91,15.7400000000016,22318.664
20216.92,15.75,22608.754
20216.93,15.760000000002037,22560.385
20216.94,15.770000000000437,22947.563
20216.95,15.780000000002474,22560.385
20216.96,15.790000000000873,22560.385
20216.97,15.80000000000291,22463.672
20216.98,15.81000000000131,22318.664
20216.99,15.820000000003347,22753.908
20217.0,15.830000000001746,22222.031
20217.01,15.840000000000146,22512.023
20217.02,15.850000000002183,22705.516
20217.03,15.860000000000582,22608.754
20217.04,15.87000000000262,22657.131
20217.05,15.880000000001019,22560.385
20217.06,15.890000000003056,22608.754
20217.07,15.900000000001455,22657.131
20217.08,15.910000000003492,22512.023
20217.09,15.920000000001892,22463.672
20217.1,15.930000000000291,22173.729
20217.11,15.940000000002328,22415.328
20217.12,15.950000000000728,22415.328
20217.13,15.960000000002765,22512.023
20217.14,15.970000000001164,22608.754
20217.15,15.980000000003201,22512.023
20217.16,15.9900000000016,22608.754
20217.17,16.0,22222.031
20217.18,16.010000000002037,22463.672
20217.19,16.020000000000437,22366.992
20217.2,16.030000000002474,22366.992
20217.21,16.040000000000873,22366.992
20217.22,16.05000000000291,22415.328
20217.23,16.06000000000131,22512.023
20217.24,16.070000000003347,22366.992
20217.25,16.080000000001746,22802.309
20217.26,16.090000000000146,22608.754
20217.27,16.100000000002183,22657.131
20217.28,16.110000000000582,22560.385
20217.29,16.12000000000262,22270.344
20217.3,16.13000000000102,22415.328
20217.31,16.140000000003056,22366.992
20217.32,16.150000000001455,22415.328
20217.33,16.160000000003492,22415.328
20217.34,16.17000000000189,22463.672
20217.35,16.18000000000029,22463.672
20217.36,16.19000000000233,22608.754
20217.37,16.200000000000728,22657.131
20217.38,16.210000000002765,22415.328
20217.39,16.220000000001164,22415.328
20217.4,16.2300000000032,22366.992
20217.41,16.2400000000016,22415.328
20217.42,16.25,22657.131
20217.43,16.260000000002037,22608.754
20217.44,16.270000000000437,22657.131
20217.45,16.280000000002474,22463.672
20217.46,16.290000000000873,22560.385
20217.47,16.30000000000291,22512.023
20217.48,16.31000000000131,22512.023
20217.49,16.320000000003347,22463.672
20217.5,16.330000000001746,22560.385
20217.51,16.340000000000146,22415.328
20217.52,16.350000000002183,22560.385
20217.53,16.360000000000582,22125.432
20217.54,16.37000000000262,22560.385
20217.55,16.38000000000102,22657.131
20217.56,16.390000000003056,22560.385
20217.57,16.400000000001455,22705.516
20217.58,16.410000000003492,22657.131
20217.59,16.42000000000189,22512.023
20217.6,16.43000000000029,22125.432
20217.61,16.44000000000233,22270.344
20217.62,16.450000000000728,22415.328
20217.63,16.460000000002765,22415.328
20217.64,16.470000000001164,22415.328
20217.65,16.4800000000032,22318.664
20217.66,16.4900000000016,22512.023
20217.67,16.5,22705.516
20217.68,16.510000000002037,22415.328
20217.69,16.520000000000437,22415.328
20217.7,16.530000000002474,22415.328
20217.71,16.540000000000873,22463.672
20217.72,16.55000000000291,22415.328
20217.73,16.56000000000131,22512.023
20217.74,16.570000000003347,22415.328
20217.75,16.580000000001746,22560.385
20217.76,16.590000000000146,22463.672
20217.77,16.600000000002183,22512.023
20217.78,16.610000000000582,22753.908
20217.79,16.62000000000262,22560.385
20217.8,16.63000000000102,22415.328
20217.81,16.640000000003056,22366.992
20217.82,16.650000000001455,22125.432
20217.83,16.660000000003492,22222.031
20217.84,16.67000000000189,22512.023
20217.85,16.68000000000029,22222.031
20217.86,16.69000000000233,22512.023
20217.87,16.700000000000728,22463.672
20217.88,16.710000000002765,22366.992
20217.89,16.720000000001164,22318.664
20217.9,16.7300000000032,22415.328
20217.91,16.7400000000016,22318.664
20217.92,16.75,22560.385
20217.93,16.760000000002037,22318.664
20217.94,16.770000000000437,22415.328
20217.95,16.780000000002474,22463.672
20217.96,16.790000000000873,22657.131
20217.97,16.80000000000291,22512.023
20217.98,16.81000000000131,22560.385
20217.99,16.820000000003347,22415.328
20218.0,16.830000000001746,22463.672
20218.01,16.840000000000146,22366.992
20218.02,16.850000000002183,22463.672
20218.03,16.860000000000582,22463.672
20218.04,16.87000000000262,22366.992
20218.05,16.88000000000102,22415.328
20218.06,16.890000000003056,22608.754
20218.07,16.900000000001455,22753.908
20218.08,16.910000000003492,22657.131
20218.09,16.92000000000189,22560.385
20218.1,16.93000000000029,22512.023
20218.11,16.94000000000233,22463.672
20218.12,16.950000000000728,22463.672
20218.13,16.960000000002765,22512.023
20218.14,16.970000000001164,22463.672
20218.15,16.9800000000032,22366.992
20218.16,16.9900000000016,22463.672
20218.17,17.0,22318.664
20218.18,17.010000000002037,22512.023
20218.19,17.020000000000437,22512.023
20218.2,17.030000000002474,22608.754
20218.21,17.040000000000873,22657.131
20218.22,17.05000000000291,22560.385
20218.23,17.06000000000131,22173.729
20218.24,17.070000000003347,22366.992
20218.25,17.080000000001746,22512.023
20218.26,17.090000000000146,22463.672
20218.27,17.100000000002183,23092.887
20218.28,17.110000000000582,22560.385
20218.29,17.12000000000262,21835.83
20218.3,17.13000000000102,21594.717
20218.31,17.140000000003056,21401.973
20218.32,17.150000000001455,21353.809
20218.33,17.160000000003492,21498.33
20218.34,17.17000000000189,23189.811
20218.35,17.18000000000029,24452.783
20218.36,17.19000000000233,23674.92
20218.37,17.200000000000728,23238.285
20218.38,17.210000000002765,24258.121
20218.39,17.220000000001164,24793.752
20218.4,17.2300000000032,24404.105
20218.41,17.2400000000016,24355.436
20218.42,17.25,24696.291
20218.43,17.260000000002037,24550.162
20218.44,17.270000000000437,24598.863
20218.45,17.280000000002474,24452.783
20218.46,17.290000000000873,24647.572
20218.47,17.30000000000291,24550.162
20218.48,17.31000000000131,24696.291
20218.49,17.320000000003347,24404.105
20218.5,17.330000000001746,24696.291
20218.51,17.340000000000146,24452.783
20218.52,17.350000000002183,24696.291
20218.53,17.360000000000582,24550.162
20218.54,17.37000000000262,24696.291
20218.55,17.38000000000102,24793.752
20218.56,17.390000000003056,24647.572
20218.57,17.400000000001455,24696.291
20218.58,17.410000000003492,24745.018
20218.59,17.42000000000189,24647.572
20218.6,17.43000000000029,24501.469
20218.61,17.44000000000233,24647.572
20218.62,17.450000000000728,24647.572
20218.63,17.460000000002765,24452.783
20218.64,17.470000000001164,24842.494
20218.65,17.4800000000032,24452.783
20218.66,17.4900000000016,24647.572
20218.67,17.5,24891.244
20218.68,17.510000000002037,24647.572
20218.69,17.520000000000437,24647.572
20218.7,17.530000000002474,24745.018
20218.71,17.540000000000873,24647.572
20218.72,17.55000000000291,24550.162
20218.73,17.56000000000131,24647.572
20218.74,17.570000000003347,24696.291
20218.75,17.580000000001746,24598.863
20218.76,17.590000000000146,24891.244
20218.77,17.600000000002183,24793.752
20218.78,17.610000000000582,24793.752
20218.79,17.62000000000262,24696.291
20218.8,17.63000000000102,24452.783
20218.81,17.640000000003056,24696.291
20218.82,17.650000000001455,24696.291
20218.83,17.660000000003492,24598.863
20218.84,17.67000000000189,24696.291
20218.85,17.68000000000029,24842.494
20218.86,17.69000000000233,24647.572
20218.87,17.700000000000728,24647.572
20218.88,17.710000000002765,24745.018
20218.89,17.720000000001164,24891.244
20218.9,17.7300000000032,24891.244
20218.91,17.7400000000016,24696.291
20218.92,17.75,24647.572
20218.93,17.760000000002037,24501.469
20218.94,17.770000000000437,24550.162
20218.95,17.780000000002474,24745.018
20218.96,17.790000000000873,24598.863
20218.97,17.80000000000291,24647.572
20218.98,17.81000000000131,24696.291
20218.99,17.820000000003347,24550.162
20219.0,17.830000000001746,24842.494
20219.01,17.840000000000146,24550.162
20219.02,17.850000000002183,24793.752
20219.03,17.860000000000582,24745.018
20219.04,17.87000000000262,24647.572
20219.05,17.88000000000102,24647.572
20219.06,17.890000000003056,24647.572
20219.07,17.900000000001455,24647.572
20219.08,17.910000000003492,24696.291
20219.09,17.92000000000189,24550.162
20219.1,17.93000000000029,24696.291
20219.11,17.94000000000233,24745.018
20219.12,17.950000000000728,24647.572
20219.13,17.960000000002765,24696.291
20219.14,17.970000000001164,24842.494
20219.15,17.9800000000032,24501.469
20219.16,17.9900000000016,24696.291
20219.17,18.0,24452.783
20219.18,18.010000000002037,24598.863
20219.19,18.020000000000437,24452.783
20219.2,18.030000000002474,24647.572
20219.21,18.040000000000873,24793.752
20219.22,18.05000000000291,24647.572
20219.23,18.06000000000131,24452.783
20219.24,18.070000000003347,24696.291
20219.25,18.080000000001746,24647.572
20219.26,18.090000000000146,24501.469
20219.27,18.100000000002183,24647.572
20219.28,18.110000000000582,24598.863
20219.29,18.12000000000262,24745.018
20219.3,18.13000000000102,24745.018
20219.31,18.140000000003056,24793.752
20219.32,18.150000000001455,24988.77
20219.33,18.160000000003492,24891.244
20219.34,18.17000000000189,24745.018
20219.35,18.18000000000029,24988.77
20219.36,18.19000000000233,24988.77
20219.37,18.200000000000728,24988.77
20219.38,18.210000000002765,24793.752
20219.39,18.220000000001164,24891.244
20219.4,18.2300000000032,24940.002
20219.41,18.2400000000016,24940.002
20219.42,18.25,24793.752
20219.43,18.260000000002037,24842.494
20219.44,18.270000000000437,24842.494
20219.45,18.280000000002474,24891.244
20219.46,18.290000000000873,24891.244
20219.47,18.30000000000291,25037.545
20219.48,18.31000000000131,24745.018
20219.49,18.320000000003347,24891.244
20219.5,18.330000000001746,24793.752
20219.51,18.340000000000146,24647.572
20219.52,18.350000000002183,24793.752
20219.53,18.360000000000582,24647.572
20219.54,18.37000000000262,24891.244
20219.55,18.38000000000102,24842.494
20219.56,18.390000000003056,24891.244
20219.57,18.400000000001455,24988.77
20219.58,18.410000000003492,24793.752
20219.59,18.42000000000189,24647.572
20219.6,18.43000000000029,24793.752
20219.61,18.44000000000233,24745.018
20219.62,18.450000000000728,24647.572
20219.63,18.460000000002765,24891.244
20219.64,18.470000000001164,24940.002
20219.65,18.4800000000032,24696.291
20219.66,18.4900000000016,24696.291
20219.67,18.5,24842.494
20219.68,18.510000000002037,24842.494
20219.69,18.520000000000437,24988.77
20219.7,18.530000000002474,24793.752
20219.71,18.540000000000873,24842.494
20219.72,18.55000000000291,24745.018
20219.73,18.56000000000131,24598.863
20219.74,18.570000000003347,24891.244
20219.75,18.580000000001746,24696.291
20219.76,18.590000000000146,24793.752
20219.77,18.600000000002183,24696.291
20219.78,18.610000000000582,24842.494
20219.79,18.62000000000262,24550.162
20219.8,18.63000000000102,24842.494
20219.81,18.640000000003056,24793.752
20219.82,18.650000000001455,24940.002
20219.83,18.660000000003492,24793.752
20219.84,18.67000000000189,24696.291
20219.85,18.68000000000029,24696.291
20219.86,18.69000000000233,24793.752
20219.87,18.700000000000728,24745.018
20219.88,18.710000000002765,24696.291
20219.89,18.720000000001164,24745.018
20219.9,18.7300000000032,24696.291
20219.91,18.7400000000016,24842.494
20219.92,18.75,24696.291
20219.93,18.760000000002037,24842.494
20219.94,18.770000000000437,24793.752
20219.95,18.780000000002474,24891.244
20219.96,18.790000000000873,24745.018
20219.97,18.80000000000291,24842.494
20219.98,18.81000000000131,24745.018
20219.99,18.820000000003347,24745.018
20220.0,18.830000000001746,24598.863
20220.01,18.840000000000146,24745.018
20220.02,18.850000000002183,24891.244
20220.03,18.860000000000582,24647.572
20220.04,18.87000000000262,24647.572
20220.05,18.88000000000102,24696.291
20220.06,18.890000000003056,24647.572
20220.07,18.900000000001455,24793.752
20220.08,18.910000000003492,24745.018
20220.09,18.92000000000189,24988.77
20220.1,18.93000000000029,24696.291
20220.11,18.94000000000233,24598.863
20220.12,18.950000000000728,24793.752
20220.13,18.960000000002765,24891.244
20220.14,18.970000000001164,24745.018
20220.15,18.9800000000032,24647.572
20220.16,18.9900000000016,24647.572
20220.17,19.0,24647.572
20220.18,19.010000000002037,24696.291
20220.19,19.020000000000437,24550.162
20220.2,19.030000000002474,24891.244
20220.21,19.040000000000873,24842.494
20220.22,19.05000000000291,24696.291
20220.23,19.06000000000131,24793.752
20220.24,19.070000000003347,24940.002
20220.25,19.080000000001746,24891.244
20220.26,19.090000000000146,24647.572
20220.27,19.100000000002183,24891.244
20220.28,19.110000000000582,24745.018
20220.29,19.12000000000262,24696.291
20220.3,19.13000000000102,24696.291
20220.31,19.140000000003056,24745.018
20220.32,19.150000000001455,24793.752
20220.33,19.160000000003492,24745.018
20220.34,19.17000000000189,25037.545
20220.35,19.18000000000029,24793.752
20220.36,19.19000000000233,24842.494
20220.37,19.200000000000728,24696.291
20220.38,19.210000000002765,24842.494
20220.39,19.220000000001164,24940.002
20220.4,19.2300000000032,24647.572
20220.41,19.2400000000016,24696.291
20220.42,19.25,24696.291
20220.43,19.260000000002037,24793.752
20220.44,19.270000000000437,24842.494
20220.45,19.280000000002474,24891.244
20220.46,19.290000000000873,24891.244
20220.47,19.30000000000291,24745.018
20220.48,19.31000000000131,24696.291
20220.49,19.320000000003347,24745.018
20220.5,19.330000000001746,24647.572
20220.51,19.340000000000146,24696.291
20220.52,19.350000000002183,24891.244
20220.53,19.360000000000582,24696.291
20220.54,19.37000000000262,24745.018
20220.55,19.38000000000102,24793.752
20220.56,19.390000000003056,24842.494
20220.57,19.400000000001455,24793.752
20220.58,19.410000000003492,24745.018
20220.59,19.42000000000189,24793.752
20220.6,19.43000000000029,24647.572
20220.61,19.44000000000233,24793.752
20220.62,19.450000000000728,24647.572
20220.63,19.460000000002765,24598.863
20220.64,19.470000000001164,24793.752
20220.65,19.4800000000032,24550.162
20220.66,19.4900000000016,24696.291
20220.67,19.5,24647.572
20220.68,19.510000000002037,24793.752
20220.69,19.520000000000437,24745.018
20220.7,19.530000000002474,24940.002
20220.71,19.540000000000873,24842.494
20220.72,19.55000000000291,24745.018
20220.73,19.56000000000131,24745.018
20220.74,19.570000000003347,24793.752
20220.75,19.580000000001746,24891.244
20220.76,19.590000000000146,24891.244
20220.77,19.600000000002183,24745.018
20220.78,19.610000000000582,24793.752
20220.79,19.62000000000262,24745.018
20220.8,19.63000000000102,24745.018
20220.81,19.640000000003056,24842.494
20220.82,19.650000000001455,24745.018
20220.83,19.660000000003492,24745.018
20220.84,19.67000000000189,24940.002
20220.85,19.68000000000029,24647.572
20220.86,19.69000000000233,24745.018
20220.87,19.700000000000728,24598.863
20220.88,19.710000000002765,24647.572
20220.89,19.720000000001164,24891.244
20220.9,19.7300000000032,24745.018
20220.91,19.7400000000016,24793.752
20220.92,19.75,24598.863
20220.93,19.760000000002037,24647.572
20220.94,19.770000000000437,24842.494
20220.95,19.780000000002474,24891.244
20220.96,19.790000000000873,24647.572
20220.97,19.80000000000291,24793.752
20220.98,19.81000000000131,24940.002
20220.99,19.820000000003347,24745.018
20221.0,19.830000000001746,24842.494
20221.01,19.840000000000146,24696.291
20221.02,19.850000000002183,24696.291
20221.03,19.860000000000582,24598.863
20221.04,19.87000000000262,24842.494
20221.05,19.88000000000102,24891.244
20221.06,19.890000000003056,24647.572
20221.07,19.900000000001455,24793.752
20221.08,19.910000000003492,24891.244
20221.09,19.92000000000189,24793.752
20221.1,19.93000000000029,24745.018
20221.11,19.94000000000233,24598.863
20221.12,19.950000000000728,24647.572
20221.13,19.960000000002765,24696.291
20221.14,19.970000000001164,24891.244
20221.15,19.9800000000032,24647.572
20221.16,19.9900000000016,24647.572
20221.17,20.0,24891.244
20221.18,20.010000000002037,24793.752
20221.19,20.020000000000437,24647.572
20221.2,20.030000000002474,24842.494
20221.21,20.040000000000873,24988.77
20221.22,20.05000000000291,23869.189
20221.23,20.06000000000131,23141.346
20221.24,20.070000000003347,22802.309
20221.25,20.080000000001746,23286.768
20221.26,20.090000000000146,23432.264
20221.27,20.100000000002183,23529.301
20221.28,20.110000000000582,23432.264
20221.29,20.12000000000262,23432.264
20221.3,20.13000000000102,23626.373
20221.31,20.140000000003056,23383.758
20221.32,20.150000000001455,23480.779
20221.33,20.160000000003492,23383.758
20221.34,20.17000000000189,23092.887
20221.35,20.18000000000029,23383.758
20221.36,20.19000000000233,23626.373
20221.37,20.200000000000728,23480.779
20221.38,20.210000000002765,23189.811
20221.39,20.220000000001164,23141.346
20221.4,20.2300000000032,23286.768
20221.41,20.2400000000016,23674.92
20221.42,20.25,23723.475
20221.43,20.260000000002037,23820.611
20221.44,20.270000000000437,23723.475
20221.45,20.280000000002474,23772.039
20221.46,20.290000000000873,23917.777
20221.47,20.30000000000291,23723.475
20221.48,20.31000000000131,23772.039
20221.49,20.320000000003347,23869.189
20221.5,20.330000000001746,23723.475
20221.51,20.340000000000146,23480.779
20221.52,20.350000000002183,23626.373
20221.53,20.360000000000582,23772.039
20221.54,20.37000000000262,23189.811
20221.55,20.38000000000102,23238.285
20221.56,20.390000000003056,23577.832
20221.57,20.400000000001455,23820.611
20221.58,20.410000000003492,23772.039
20221.59,20.42000000000189,23820.611
20221.6,20.43000000000029,23820.611
20221.61,20.44000000000233,23869.189
20221.62,20.450000000000728,23772.039
20221.63,20.460000000002765,23674.92
20221.64,20.470000000001164,23869.189
20221.65,20.4800000000032,23869.189
20221.66,20.4900000000016,23723.475
20221.67,20.5,23674.92
20221.68,20.510000000002037,23917.777
20221.69,20.520000000000437,23577.832
20221.7,20.530000000002474,23092.887
20221.71,20.540000000000873,23335.258
20221.72,20.55000000000291,23529.301
20221.73,20.56000000000131,23529.301
20221.74,20.570000000003347,23577.832
20221.75,20.580000000001746,23674.92
20221.76,20.590000000000146,23723.475
20221.77,20.600000000002183,23723.475
20221.78,20.610000000000582,23577.832
20221.79,20.62000000000262,23820.611
20221.8,20.63000000000102,23480.779
20221.81,20.640000000003056,23772.039
20221.82,20.650000000001455,23723.475
20221.83,20.660000000003492,23723.475
20221.84,20.67000000000189,23723.475
20221.85,20.68000000000029,23238.285
20221.86,20.69000000000233,22995.996
20221.87,20.700000000000728,23723.475
20221.88,20.710000000002765,23820.611
20221.89,20.720000000001164,23820.611
20221.9,20.7300000000032,23674.92
20221.91,20.7400000000016,23917.777
20221.92,20.75,23772.039
20221.93,20.760000000002037,23674.92
20221.94,20.770000000000437,23966.375
20221.95,20.780000000002474,23723.475
20221.96,20.790000000000873,24014.979
20221.97,20.80000000000291,23674.92
20221.98,20.81000000000131,23917.777
20221.99,20.820000000003347,23820.611
20222.0,20.830000000001746,23917.777
20222.01,20.840000000000146,23044.438
20222.02,20.850000000002183,23383.758
20222.03,20.860000000000582,23286.768
20222.04,20.87000000000262,23626.373
20222.05,20.88000000000102,23723.475
20222.06,20.890000000003056,23723.475
20222.07,20.900000000001455,23480.779
20222.08,20.910000000003492,23917.777
20222.09,20.92000000000189,23674.92
20222.1,20.93000000000029,23820.611
20222.11,20.94000000000233,23723.475
20222.12,20.950000000000728,23674.92
20222.13,20.960000000002765,23626.373
20222.14,20.970000000001164,23966.375
20222.15,20.9800000000032,23723.475
20222.16,20.9900000000016,23286.768
20222.17,21.0,23189.811
20222.18,21.010000000002037,23286.768
20222.19,21.020000000000437,23480.779
20222.2,21.030000000002474,23723.475
20222.21,21.040000000000873,23869.189
20222.22,21.05000000000291,23723.475
20222.23,21.06000000000131,23869.189
20222.24,21.070000000003347,23626.373
20222.25,21.080000000001746,23869.189
20222.26,21.090000000000146,23480.779
20222.27,21.100000000002183,23820.611
20222.28,21.110000000000582,23917.777
20222.29,21.12000000000262,23723.475
20222.3,21.13000000000102,23674.92
20222.31,21.140000000003056,23772.039
20222.32,21.150000000001455,23092.887
20222.33,21.160000000003492,23335.258
20222.34,21.17000000000189,23626.373
20222.35,21.18000000000029,23577.832
20222.36,21.19000000000233,23723.475
20222.37,21.200000000000728,23772.039
20222.38,21.210000000002765,23674.92
20222.39,21.220000000001164,23723.475
20222.4,21.2300000000032,23626.373
20222.41,21.2400000000016,23674.92
20222.42,21.25,23626.373
20222.43,21.260000000002037,23820.611
20222.44,21.270000000000437,23917.777
20222.45,21.280000000002474,23869.189
20222.46,21.290000000000873,23772.039
20222.47,21.30000000000291,23432.264
20222.48,21.31000000000131,23238.285
20222.49,21.320000000003347,23480.779
20222.5,21.330000000001746,23529.301
20222.51,21.340000000000146,23626.373
20222.52,21.350000000002183,23626.373
20222.53,21.360000000000582,23772.039
20222.54,21.37000000000262,23917.777
20222.55,21.38000000000102,23674.92
20222.56,21.390000000003056,23674.92
20222.57,21.400000000001455,23723.475
20222.58,21.410000000003492,23772.039
20222.59,21.42000000000189,23772.039
20222.6,21.43000000000029,23917.777
20222.61,21.44000000000233,23917.777
20222.62,21.450000000000728,23674.92
20222.63,21.460000000002765,23189.811
20222.64,21.470000000001164,23529.301
20222.65,21.4800000000032,23383.758
20222.66,21.4900000000016,23626.373
20222.67,21.5,23626.373
20222.68,21.510000000002037,23820.611
20222.69,21.520000000000437,23917.777
20222.7,21.530000000002474,23674.92
20222.71,21.540000000000873,23674.92
20222.72,21.55000000000291,23626.373
20222.73,21.56000000000131,23626.373
20222.74,21.570000000003347,23772.039
20222.75,21.580000000001746,23674.92
20222.76,21.590000000000146,23820.611
20222.77,21.600000000002183,23820.611
20222.78,21.610000000000582,23772.039
20222.79,21.62000000000262,23092.887
20222.8,21.63000000000102,23286.768
20222.81,21.640000000003056,23529.301
20222.82,21.650000000001455,23723.475
20222.83,21.660000000003492,23529.301
20222.84,21.67000000000189,23480.779
20222.85,21.68000000000029,23723.475
20222.86,21.69000000000233,23772.039
20222.87,21.700000000000728,23820.611
20222.88,21.710000000002765,23869.189
20222.89,21.720000000001164,23723.475
20222.9,21.7300000000032,23626.373
20222.91,21.7400000000016,23772.039
20222.92,21.75,23626.373
20222.93,21.760000000002037,23674.92
20222.94,21.770000000000437,23044.438
20222.95,21.780000000002474,23480.779
20222.96,21.790000000000873,23286.768
20222.97,21.80000000000291,23674.92
20222.98,21.81000000000131,23820.611
20222.99,21.820000000003347,23820.611
20223.0,21.830000000001746,23772.039
20223.01,21.840000000000146,23772.039
20223.02,21.850000000002183,23723.475
20223.03,21.860000000000582,23772.039
20223.04,21.87000000000262,23820.611
20223.05,21.88000000000102,23772.039
20223.06,21.890000000003056,23869.189
20223.07,21.900000000001455,23723.475
20223.08,21.910000000003492,23626.373
20223.09,21.92000000000189,23529.301
20223.1,21.93000000000029,23141.346
20223.11,21.94000000000233,23383.758
20223.12,21.950000000000728,23529.301
20223.13,21.960000000002765,23626.373
20223.14,21.970000000001164,23869.189
20223.15,21.9800000000032,23869.189
20223.16,21.9900000000016,23626.373
20223.17,22.0,23772.039
20223.18,22.010000000002037,23577.832
20223.19,22.020000000000437,23286.768
20223.2,22.030000000002474,23626.373
20223.21,22.040000000000873,23577.832
20223.22,22.05000000000291,23577.832
20223.23,22.06000000000131,23674.92
20223.24,22.070000000003347,23480.779
20223.25,22.080000000001746,22995.996
20223.26,22.090000000000146,22995.996
20223.27,22.100000000002183,23480.779
20223.28,22.110000000000582,23480.779
20223.29,22.12000000000262,23674.92
20223.3,22.13000000000102,23674.92
20223.31,22.140000000003056,23723.475
20223.32,22.150000000001455,23577.832
20223.33,22.160000000003492,23626.373
20223.34,22.17000000000189,23480.779
20223.35,22.18000000000029,23674.92
20223.36,22.19000000000233,23723.475
20223.37,22.200000000000728,23869.189
20223.38,22.210000000002765,23674.92
20223.39,22.220000000001164,23966.375
20223.4,22.2300000000032,23674.92
20223.41,22.2400000000016,23189.811
20223.42,22.25,23383.758
20223.43,22.260000000002037,23626.373
20223.44,22.270000000000437,23480.779
20223.45,22.280000000002474,23626.373
20223.46,22.290000000000873,23723.475
20223.47,22.30000000000291,23772.039
20223.48,22.31000000000131,23820.611
20223.49,22.320000000003347,23772.039
20223.5,22.330000000001746,23674.92
20223.51,22.340000000000146,23529.301
20223.52,22.350000000002183,23820.611
20223.53,22.360000000000582,23772.039
20223.54,22.37000000000262,23674.92
20223.55,22.38000000000102,23723.475
20223.56,22.390000000003056,23092.887
20223.57,22.400000000001455,23189.811
20223.58,22.410000000003492,23529.301
20223.59,22.42000000000189,23577.832
20223.6,22.43000000000029,23383.758
20223.61,22.44000000000233,23772.039
20223.62,22.450000000000728,23480.779
20223.63,22.460000000002765,23820.611
20223.64,22.470000000001164,23869.189
20223.65,22.4800000000032,23772.039
20223.66,22.4900000000016,23772.039
20223.67,22.5,23480.779
20223.68,22.510000000002037,23772.039
20223.69,22.520000000000437,23723.475
20223.7,22.530000000002474,23674.92
20223.71,22.540000000000873,23674.92
20223.72,22.55000000000291,23092.887
20223.73,22.56000000000131,23480.779
20223.74,22.570000000003347,23286.768
20223.75,22.580000000001746,23626.373
20223.76,22.590000000000146,23577.832
20223.77,22.600000000002183,23480.779
20223.78,22.610000000000582,23674.92
20223.79,22.62000000000262,23626.373
20223.8,22.63000000000102,23674.92
20223.81,22.640000000003056,23626.373
20223.82,22.650000000001455,23480.779
20223.83,22.660000000003492,23480.779
20223.84,22.67000000000189,23772.039
20223.85,22.68000000000029,23626.373
20223.86,22.69000000000233,23674.92
20223.87,22.700000000000728,23092.887
20223.88,22.710000000002765,23092.887
20223.89,22.720000000001164,23577.832
20223.9,22.7300000000032,23529.301
20223.91,22.7400000000016,23820.611
20223.92,22.75,23674.92
20223.93,22.760000000002037,23772.039
20223.94,22.770000000000437,23674.92
20223.95,22.780000000002474,23772.039
20223.96,22.790000000000873,23723.475
20223.97,22.80000000000291,23820.611
20223.98,22.81000000000131,23917.777
20223.99,22.820000000003347,23772.039
20224.0,22.830000000001746,23626.373
20224.01,22.840000000000146,23577.832
20224.02,22.850000000002183,23723.475
20224.03,22.860000000000582,23141.346
20224.04,22.87000000000262,23092.887
20224.05,22.88000000000102,23335.258
20224.06,22.890000000003056,23335.258
20224.07,22.900000000001455,23432.264
20224.08,22.910000000003492,23238.285
20224.09,22.92000000000189,23335.258
20224.1,22.93000000000029,23480.779
20224.11,22.94000000000233,23480.779
20224.12,22.950000000000728,23286.768
20224.13,22.960000000002765,23383.758
20224.14,22.970000000001164,23335.258
20224.15,22.9800000000032,23286.768
20224.16,22.9900000000016,23383.758
20224.17,23.0,23432.264
20224.18,23.010000000002037,22899.137
20224.19,23.020000000000437,22850.719
20224.2,23.030000000002474,23335.258
20224.21,23.040000000000873,23529.301
20224.22,23.05000000000291,23480.779
20224.23,23.06000000000131,23480.779
20224.24,23.070000000003347,23626.373
20224.25,23.080000000001746,23529.301
20224.26,23.090000000000146,23383.758
20224.27,23.100000000002183,23626.373
20224.28,23.110000000000582,23577.832
20224.29,23.12000000000262,23723.475
20224.3,23.13000000000102,23480.779
20224.31,23.140000000003056,23529.301
20224.32,23.150000000001455,23529.301
20224.33,23.160000000003492,23480.779
20224.34,23.17000000000189,23189.811
20224.35,23.18000000000029,23092.887
20224.36,23.19000000000233,23335.258
20224.37,23.200000000000728,23723.475
20224.38,23.210000000002765,23869.189
20224.39,23.220000000001164,23820.611
20224.4,23.2300000000032,23917.777
20224.41,23.2400000000016,23626.373
20224.42,23.25,23869.189
20224.43,23.260000000002037,23480.779
20224.44,23.270000000000437,23723.475
20224.45,23.280000000002474,23674.92
20224.46,23.290000000000873,23723.475
20224.47,23.30000000000291,23723.475
20224.48,23.31000000000131,23626.373
20224.49,23.320000000003347,23092.887
20224.5,23.330000000001746,23383.758
20224.51,23.340000000000146,23238.285
20224.52,23.350000000002183,23674.92
20224.53,23.360000000000582,23626.373
20224.54,23.37000000000262,23917.777
20224.55,23.38000000000102,23772.039
20224.56,23.390000000003056,23577.832
20224.57,23.400000000001455,23480.779
20224.58,23.410000000003492,23577.832
20224.59,23.42000000000189,23432.264
20224.6,23.43000000000029,23577.832
20224.61,23.44000000000233,23772.039
20224.62,23.450000000000728,23917.777
20224.63,23.460000000002765,23674.92
20224.64,23.470000000001164,23626.373
20224.65,23.4800000000032,23044.438
20224.66,23.4900000000016,23432.264
20224.67,23.5,23577.832
20224.68,23.510000000002037,23480.779
20224.69,23.520000000000437,23869.189
20224.7,23.530000000002474,23626.373
20224.71,23.540000000000873,23820.611
20224.72,23.55000000000291,23723.475
20224.73,23.56000000000131,23917.777
20224.74,23.570000000003347,23674.92
20224.75,23.580000000001746,23626.373
20224.76,23.590000000000146,23674.92
20224.77,23.600000000002183,23869.189
20224.78,23.610000000000582,23869.189
20224.79,23.62000000000262,23820.611
20224.8,23.63000000000102,23383.758
20224.81,23.640000000003056,23189.811
20224.82,23.650000000001455,23335.258
20224.83,23.660000000003492,23480.779
20224.84,23.67000000000189,23723.475
20224.85,23.68000000000029,23723.475
20224.86,23.69000000000233,23674.92
20224.87,23.700000000000728,23820.611
20224.88,23.710000000002765,23723.475
20224.89,23.720000000001164,23917.777
20224.9,23.7300000000032,23917.777
20224.91,23.7400000000016,23577.832
20224.92,23.75,23772.039
20224.93,23.760000000002037,23723.475
20224.94,23.770000000000437,23917.777
20224.95,23.780000000002474,23723.475
20224.96,23.790000000000873,23238.285
20224.97,23.80000000000291,23383.758
20224.98,23.81000000000131,23480.779
20224.99,23.820000000003347,23820.611
20225.0,23.830000000001746,23772.039
20225.01,23.840000000000146,23723.475
20225.02,23.850000000002183,23674.92
20225.03,23.860000000000582,23723.475
20225.04,23.87000000000262,23626.373
20225.05,23.88000000000102,23577.832
20225.06,23.890000000003056,23674.92
20225.07,23.900000000001455,23529.301
20225.08,23.910000000003492,23626.373
20225.09,23.92000000000189,23772.039
20225.1,23.93000000000029,23674.92
20225.11,23.94000000000233,23286.768
20225.12,23.950000000000728,23092.887
20225.13,23.960000000002765,23335.258
20225.14,23.970000000001164,23480.779
20225.15,23.9800000000032,23577.832
20225.16,23.9900000000016,23626.373
20225.17,24.0,23529.301
20225.18,24.010000000002037,23529.301
20225.19,24.020000000000437,23480.779
20225.2,24.030000000002474,23869.189
20225.21,24.040000000000873,23917.777
20225.22,24.05000000000291,23335.258
20225.23,24.06000000000131,23674.92
20225.24,24.070000000003347,23577.832
20225.25,24.080000000001746,23577.832
20225.26,24.090000000000146,23674.92
20225.27,24.100000000002183,23092.887
20225.28,24.110000000000582,23044.438
20225.29,24.12000000000262,23383.758
20225.3,24.13000000000102,23480.779
20225.31,24.140000000003056,23432.264
20225.32,24.150000000001455,23674.92
20225.33,24.160000000003492,23432.264
20225.34,24.17000000000189,23480.779
20225.35,24.18000000000029,23480.779
20225.36,24.19000000000233,23626.373
20225.37,24.200000000000728,23626.373
20225.38,24.210000000002765,23577.832
20225.39,24.220000000001164,23626.373
20225.4,24.2300000000032,23480.779
20225.41,24.2400000000016,23626.373
20225.42,24.25,23141.346
20225.43,24.260000000002037,23044.438
20225.44,24.270000000000437,23335.258
20225.45,24.280000000002474,23626.373
20225.46,24.290000000000873,23480.779
20225.47,24.30000000000291,23383.758
20225.48,24.31000000000131,23577.832
20225.49,24.320000000003347,23529.301
20225.5,24.330000000001746,23529.301
20225.51,24.340000000000146,23626.373
20225.52,24.350000000002183,23529.301
20225.53,24.360000000000582,23626.373
20225.54,24.37000000000262,23529.301
20225.55,24.38000000000102,23529.301
20225.56,24.390000000003056,23674.92
20225.57,24.400000000001455,23674.92
20225.58,24.410000000003492,22802.309
20225.59,24.42000000000189,23238.285
20225.6,24.43000000000029,23432.264
20225.61,24.44000000000233,23674.92
20225.62,24.450000000000728,23529.301
20225.63,24.460000000002765,23674.92
20225.64,24.470000000001164,23723.475
20225.65,24.4800000000032,23432.264
20225.66,24.4900000000016,23674.92
20225.67,24.5,23626.373
20225.68,24.510000000002037,23723.475
20225.69,24.520000000000437,23480.779
20225.7,24.530000000002474,23626.373
20225.71,24.540000000000873,23626.373
20225.72,24.55000000000291,23674.92
20225.73,24.56000000000131,23577.832
20225.74,24.570000000003347,23044.438
20225.75,24.580000000001746,23432.264
20225.76,24.590000000000146,23432.264
20225.77,24.600000000002183,23480.779
20225.78,24.610000000000582,23577.832
20225.79,24.62000000000262,23723.475
20225.8,24.63000000000102,23723.475
20225.81,24.640000000003056,23626.373
20225.82,24.650000000001455,23966.375
20225.83,24.660000000003492,23674.92
20225.84,24.67000000000189,23869.189
20225.85,24.68000000000029,23820.611
20225.86,24.69000000000233,23820.611
20225.87,24.700000000000728,23772.039
20225.88,24.710000000002765,23772.039
20225.89,24.720000000001164,23141.346
20225.9,24.7300000000032,23238.285
20225.91,24.7400000000016,23383.758
20225.92,24.75,23432.264
20225.93,24.760000000002037,23480.779
20225.94,24.770000000000437,23383.758
20225.95,24.780000000002474,23626.373
20225.96,24.790000000000873,23529.301
20225.97,24.80000000000291,23480.779
20225.98,24.81000000000131,23626.373
20225.99,24.820000000003347,23480.779
20226.0,24.830000000001746,23529.301
20226.01,24.840000000000146,23480.779
20226.02,24.850000000002183,23626.373
20226.03,24.860000000000582,23577.832
20226.04,24.87000000000262,23383.758
20226.05,24.88000000000102,23092.887
20226.06,24.890000000003056,23529.301
20226.07,24.900000000001455,23820.611
20226.08,24.910000000003492,23820.611
20226.09,24.92000000000189,23869.189
20226.1,24.93000000000029,24014.979
20226.11,24.94000000000233,23966.375
20226.12,24.950000000000728,23772.039
20226.13,24.960000000002765,23723.475
20226.14,24.970000000001164,23869.189
20226.15,24.9800000000032,23917.777
20226.16,24.9900000000016,23820.611
20226.17,25.0,23917.777
20226.18,25.010000000002037,23869.189
20226.19,25.020000000000437,23917.777
20226.2,25.030000000002474,23674.92
20226.21,25.040000000000873,22753.908
20226.22,25.05000000000291,22125.432
20226.23,25.06000000000131,21739.359
20226.24,25.070000000003347,21642.924
20226.25,25.080000000001746,21450.146
20226.26,25.090000000000146,21884.076
20226.27,25.100000000002183,23772.039
20226.28,25.110000000000582,24452.783
20226.29,25.12000000000262,23238.285
20226.3,25.13000000000102,23772.039
20226.31,25.140000000003056,24355.436
20226.32,25.150000000001455,24647.572
20226.33,25.160000000003492,24452.783
20226.34,25.17000000000189,24745.018
20226.35,25.18000000000029,24647.572
20226.36,25.19000000000233,24501.469
20226.37,25.200000000000728,24452.783
20226.38,25.210000000002765,24550.162
20226.39,25.220000000001164,24501.469
20226.4,25.2300000000032,24452.783
20226.41,25.2400000000016,24598.863
20226.42,25.25,24598.863
20226.43,25.260000000002037,24404.105
20226.44,25.270000000000437,24501.469
20226.45,25.280000000002474,24501.469
20226.46,25.290000000000873,24501.469
20226.47,25.30000000000291,24550.162
20226.48,25.31000000000131,24891.244
20226.49,25.320000000003347,24598.863
20226.5,25.330000000001746,24550.162
20226.51,25.340000000000146,24501.469
20226.52,25.350000000002183,24501.469
20226.53,25.360000000000582,24501.469
20226.54,25.37000000000262,24550.162
20226.55,25.38000000000102,24550.162
20226.56,25.390000000003056,24647.572
20226.57,25.400000000001455,24550.162
20226.58,25.410000000003492,24550.162
20226.59,25.42000000000189,24404.105
20226.6,25.43000000000029,24550.162
20226.61,25.44000000000233,24647.572
20226.62,25.450000000000728,24452.783
20226.63,25.460000000002765,24598.863
20226.64,25.470000000001164,24696.291
20226.65,25.4800000000032,24598.863
20226.66,25.4900000000016,24452.783
20226.67,25.5,24355.436
20226.68,25.510000000002037,24452.783
20226.69,25.520000000000437,24793.752
20226.7,25.530000000002474,24696.291
20226.71,25.540000000000873,24647.572
20226.72,25.55000000000291,24550.162
20226.73,25.56000000000131,24598.863
20226.74,25.570000000003347,24501.469
20226.75,25.580000000001746,24842.494
20226.76,25.590000000000146,24550.162
20226.77,25.600000000002183,24696.291
20226.78,25.610000000000582,24647.572
20226.79,25.62000000000262,24647.572
20226.8,25.63000000000102,24501.469
20226.81,25.640000000003056,24598.863
20226.82,25.650000000001455,24598.863
20226.83,25.660000000003492,24598.863
20226.84,25.67000000000189,24647.572
20226.85,25.68000000000029,24404.105
20226.86,25.69000000000233,24355.436
20226.87,25.700000000000728,24598.863
20226.88,25.710000000002765,24404.105
20226.89,25.720000000001164,24647.572
20226.9,25.7300000000032,24598.863
20226.91,25.7400000000016,24452.783
20226.92,25.75,24647.572
20226.93,25.760000000002037,24696.291
20226.94,25.770000000000437,24452.783
20226.95,25.780000000002474,24598.863
20226.96,25.790000000000873,24647.572
20226.97,25.80000000000291,24404.105
20226.98,25.81000000000131,24355.436
20226.99,25.820000000003347,24501.469
20227.0,25.830000000001746,24598.863
20227.01,25.840000000000146,24550.162
20227.02,25.850000000002183,24647.572
20227.03,25.860000000000582,24355.436
20227.04,25.87000000000262,24598.863
20227.05,25.88000000000102,24793.752
20227.06,25.890000000003056,24598.863
20227.07,25.900000000001455,24404.105
20227.08,25.910000000003492,24550.162
20227.09,25.92000000000189,24696.291
20227.1,25.93000000000029,24550.162
20227.11,25.94000000000233,24550.162
20227.12,25.950000000000728,24306.775
20227.13,25.960000000002765,24696.291
20227.14,25.970000000001164,24452.783
20227.15,25.9800000000032,24696.291
20227.16,25.9900000000016,24501.469
20227.17,26.0,24501.469
20227.18,26.010000000002037,24355.436
20227.19,26.020000000000437,24647.572
20227.2,26.030000000002474,24647.572
20227.21,26.040000000000873,24647.572
20227.22,26.05000000000291,24745.018
20227.23,26.06000000000131,24745.018
20227.24,26.070000000003347,24647.572
20227.25,26.080000000001746,24745.018
20227.26,26.090000000000146,24647.572
20227.27,26.100000000002183,24745.018
20227.28,26.110000000000582,24745.018
20227.29,26.12000000000262,24598.863
20227.3,26.13000000000102,24696.291
20227.31,26.140000000003056,24550.162
20227.32,26.150000000001455,24940.002
20227.33,26.160000000003492,24793.752
20227.34,26.17000000000189,24793.752
20227.35,26.18000000000029,24745.018
20227.36,26.19000000000233,24891.244
20227.37,26.200000000000728,24891.244
20227.38,26.210000000002765,24793.752
20227.39,26.220000000001164,24891.244
20227.4,26.2300000000032,24647.572
20227.41,26.2400000000016,24793.752
20227.42,26.25,24842.494
20227.43,26.260000000002037,24696.291
20227.44,26.270000000000437,24598.863
20227.45,26.280000000002474,24745.018
20227.46,26.290000000000873,24647.572
20227.47,26.30000000000291,24647.572
20227.48,26.31000000000131,24550.162
20227.49,26.320000000003347,24745.018
20227.5,26.330000000001746,24842.494
20227.51,26.340000000000146,24696.291
20227.52,26.350000000002183,24842.494
20227.53,26.360000000000582,24842.494
20227.54,26.37000000000262,24647.572
20227.55,26.38000000000102,24598.863
20227.56,26.390000000003056,24891.244
20227.57,26.400000000001455,24745.018
20227.58,26.410000000003492,24891.244
20227.59,26.42000000000189,24891.244
20227.6,26.43000000000029,24745.018
20227.61,26.44000000000233,24647.572
20227.62,26.450000000000728,24696.291
20227.63,26.460000000002765,24842.494
20227.64,26.470000000001164,24891.244
20227.65,26.4800000000032,24696.291
20227.66,26.4900000000016,24696.291
20227.67,26.5,24793.752
20227.68,26.510000000002037,24891.244
20227.69,26.520000000000437,24745.018
20227.7,26.530000000002474,24842.494
20227.71,26.540000000000873,24891.244
20227.72,26.55000000000291,24793.752
20227.73,26.56000000000131,25037.545
20227.74,26.570000000003347,24891.244
20227.75,26.580000000001746,24842.494
20227.76,26.590000000000146,24891.244
20227.77,26.600000000002183,24647.572
20227.78,26.610000000000582,24550.162
20227.79,26.62000000000262,24696.291
20227.8,26.63000000000102,24891.244
20227.81,26.640000000003056,24550.162
20227.82,26.650000000001455,24842.494
20227.83,26.660000000003492,24793.752
20227.84,26.67000000000189,24891.244
20227.85,26.68000000000029,24988.77
20227.86,26.69000000000233,24793.752
20227.87,26.700000000000728,24745.018
20227.88,26.710000000002765,24647.572
20227.89,26.720000000001164,24745.018
20227.9,26.7300000000032,24598.863
20227.91,26.7400000000016,24550.162
20227.92,26.75,24940.002
20227.93,26.760000000002037,24647.572
20227.94,26.770000000000437,24842.494
20227.95,26.780000000002474,25086.328
20227.96,26.790000000000873,24745.018
20227.97,26.80000000000291,24891.244
20227.98,26.81000000000131,24988.77
20227.99,26.820000000003347,24598.863
20228.0,26.830000000001746,24793.752
20228.01,26.840000000000146,24891.244
20228.02,26.850000000002183,24940.002
20228.03,26.860000000000582,24988.77
20228.04,26.87000000000262,24793.752
20228.05,26.88000000000102,24940.002
20228.06,26.890000000003056,24891.244
20228.07,26.900000000001455,24647.572
20228.08,26.910000000003492,24647.572
20228.09,26.92000000000189,24891.244
20228.1,26.93000000000029,24647.572
20228.11,26.94000000000233,24647.572
20228.12,26.950000000000728,24647.572
20228.13,26.960000000002765,24598.863
20228.14,26.970000000001164,24891.244
20228.15,26.9800000000032,24696.291
20228.16,26.9900000000016,24550.162
20228.17,27.0,24696.291
20228.18,27.010000000002037,24891.244
20228.19,27.020000000000437,24793.752
20228.2,27.030000000002474,24745.018
20228.21,27.040000000000873,24696.291
20228.22,27.05000000000291,24891.244
20228.23,27.06000000000131,24647.572
20228.24,27.070000000003347,24793.752
20228.25,27.080000000001746,24452.783
20228.26,27.090000000000146,24696.291
20228.27,27.100000000002183,24891.244
20228.28,27.110000000000582,24550.162
20228.29,27.12000000000262,24696.291
20228.3,27.13000000000102,25086.328
20228.31,27.140000000003056,24793.752
20228.32,27.150000000001455,24891.244
20228.33,27.160000000003492,24745.018
20228.34,27.17000000000189,24842.494
20228.35,27.18000000000029,24793.752
20228.36,27.19000000000233,24842.494
20228.37,27.200000000000728,24647.572
20228.38,27.210000000002765,24891.244
20228.39,27.220000000001164,24842.494
20228.4,27.2300000000032,24647.572
20228.41,27.2400000000016,24842.494
20228.42,27.25,24598.863
20228.43,27.260000000002037,24988.77
20228.44,27.270000000000437,24745.018
20228.45,27.280000000002474,24647.572
20228.46,27.290000000000873,24550.162
20228.47,27.30000000000291,24745.018
20228.48,27.31000000000131,24842.494
20228.49,27.320000000003347,24842.494
20228.5,27.330000000001746,24891.244
20228.51,27.340000000000146,24647.572
20228.52,27.350000000002183,24793.752
20228.53,27.360000000000582,24793.752
20228.54,27.37000000000262,24842.494
20228.55,27.38000000000102,24696.291
20228.56,27.390000000003056,24745.018
20228.57,27.400000000001455,24647.572
20228.58,27.410000000003492,24745.018
20228.59,27.42000000000189,24745.018
20228.6,27.43000000000029,24793.752
20228.61,27.44000000000233,24842.494
20228.62,27.450000000000728,24988.77
20228.63,27.460000000002765,24745.018
20228.64,27.470000000001164,24891.244
20228.65,27.4800000000032,24696.291
20228.66,27.4900000000016,24891.244
20228.67,27.5,24647.572
20228.68,27.510000000002037,24745.018
20228.69,27.520000000000437,24647.572
20228.7,27.530000000002474,24745.018
20228.71,27.540000000000873,24550.162
20228.72,27.55000000000291,24745.018
20228.73,27.56000000000131,24988.77
20228.74,27.570000000003347,24647.572
20228.75,27.580000000001746,24696.291
20228.76,27.590000000000146,24647.572
20228.77,27.600000000002183,24745.018
20228.78,27.610000000000582,24696.291
20228.79,27.62000000000262,24745.018
20228.8,27.63000000000102,24696.291
20228.81,27.640000000003056,24842.494
20228.82,27.650000000001455,24940.002
20228.83,27.660000000003492,24696.291
20228.84,27.67000000000189,24745.018
20228.85,27.68000000000029,24696.291
20228.86,27.69000000000233,24647.572
20228.87,27.700000000000728,24745.018
20228.88,27.710000000002765,24891.244
20228.89,27.720000000001164,24988.77
20228.9,27.7300000000032,24647.572
20228.91,27.7400000000016,24696.291
20228.92,27.75,24891.244
20228.93,27.760000000002037,24891.244
20228.94,27.770000000000437,24891.244
20228.95,27.780000000002474,24696.291
20228.96,27.790000000000873,24745.018
20228.97,27.80000000000291,24891.244
20228.98,27.81000000000131,25135.119
20228.99,27.820000000003347,24793.752
20229.0,27.830000000001746,24842.494
20229.01,27.840000000000146,24598.863
20229.02,27.850000000002183,24793.752
20229.03,27.860000000000582,24891.244
20229.04,27.87000000000262,24745.018
20229.05,27.88000000000102,24891.244
20229.06,27.890000000003056,24842.494
20229.07,27.900000000001455,24696.291
20229.08,27.910000000003492,24745.018
20229.09,27.92000000000189,24793.752
20229.1,27.93000000000029,24793.752
20229.11,27.94000000000233,24988.77
20229.12,27.950000000000728,24793.752
20229.13,27.960000000002765,24891.244
20229.14,27.970000000001164,24745.018
20229.15,27.9800000000032,23480.779
20229.16,27.9900000000016,23092.887
20229.17,28.0,23092.887
20229.18,28.010000000002037,22705.516
20229.19,28.020000000000437,22560.385
20229.2,28.030000000002474,22512.023
20229.21,28.040000000000873,22608.754
20229.22,28.05000000000291,22705.516
20229.23,28.06000000000131,22802.309
20229.24,28.070000000003347,22705.516
20229.25,28.080000000001746,22608.754
20229.26,28.090000000000146,22463.672
20229.27,28.100000000002183,22560.385
20229.28,28.110000000000582,22608.754
20229.29,28.12000000000262,22705.516
20229.3,28.13000000000102,22657.131
20229.31,28.140000000003056,22705.516
20229.32,28.150000000001455,22512.023
20229.33,28.160000000003492,22657.131
20229.34,28.17000000000189,22318.664
20229.35,28.18000000000029,22512.023
20229.36,28.19000000000233,22705.516
20229.37,28.200000000000728,22512.023
20229.38,28.210000000002765,22415.328
20229.39,28.220000000001164,22657.131
20229.4,28.2300000000032,22463.672
20229.41,28.2400000000016,22560.385
20229.42,28.25,22415.328
20229.43,28.260000000002037,22753.908
20229.44,28.270000000000437,22512.023
20229.45,28.280000000002474,22753.908
20229.46,28.290000000000873,22753.908
20229.47,28.30000000000291,22753.908
20229.48,28.31000000000131,22657.131
20229.49,28.320000000003347,22560.385
20229.5,28.330000000001746,22512.023
20229.51,28.340000000000146,22512.023
20229.52,28.350000000002183,22753.908
20229.53,28.360000000000582,22753.908
20229.54,28.37000000000262,22560.385
20229.55,28.38000000000102,22415.328
20229.56,28.390000000003056,22173.729
20229.57,28.400000000001455,22270.344
20229.58,28.410000000003492,22366.992
20229.59,28.42000000000189,22270.344
20229.6,28.43000000000029,22270.344
20229.61,28.44000000000233,22077.145
20229.62,28.450000000000728,22222.031
20229.63,28.460000000002765,22318.664
20229.64,28.470000000001164,22512.023
20229.65,28.4800000000032,22415.328
20229.66,28.4900000000016,22270.344
20229.67,28.5,22463.672
20229.68,28.510000000002037,22512.023
20229.69,28.520000000000437,22366.992
20229.7,28.530000000002474,22415.328
20229.71,28.540000000000873,22318.664
20229.72,28.55000000000291,22560.385
20229.73,28.56000000000131,22512.023
20229.74,28.570000000003347,22415.328
20229.75,28.580000000001746,22512.023
20229.76,28.590000000000146,22415.328
20229.77,28.600000000002183,22657.131
20229.78,28.610000000000582,22512.023
20229.79,28.62000000000262,22560.385
20229.8,28.63000000000102,22560.385
20229.81,28.640000000003056,22512.023
20229.82,28.650000000001455,22366.992
20229.83,28.660000000003492,22608.754
20229.84,28.67000000000189,22560.385
20229.85,28.68000000000029,22657.131
20229.86,28.69000000000233,22512.023
20229.87,28.700000000000728,22753.908
20229.88,28.710000000002765,22608.754
20229.89,28.720000000001164,22608.754
20229.9,28.7300000000032,22560.385
20229.91,28.7400000000016,22463.672
20229.92,28.75,22366.992
20229.93,28.760000000002037,22366.992
20229.94,28.770000000000437,22366.992
20229.95,28.780000000002474,22705.516
20229.96,28.790000000000873,22657.131
20229.97,28.80000000000291,22415.328
20229.98,28.81000000000131,22705.516
20229.99,28.820000000003347,22608.754
20230.0,28.830000000001746,22512.023
20230.01,28.840000000000146,22366.992
20230.02,28.850000000002183,22415.328
20230.03,28.860000000000582,22318.664
20230.04,28.87000000000262,22415.328
20230.05,28.88000000000102,22753.908
20230.06,28.890000000003056,22657.131
20230.07,28.900000000001455,22657.131
20230.08,28.910000000003492,22560.385
20230.09,28.92000000000189,22366.992
20230.1,28.93000000000029,22560.385
20230.11,28.94000000000233,22270.344
20230.12,28.950000000000728,22512.023
20230.13,28.960000000002765,22415.328
20230.14,28.970000000001164,22608.754
20230.15,28.9800000000032,22657.131
20230.16,28.9900000000016,22657.131
20230.17,29.0,22512.023
20230.18,29.010000000002037,22705.516
20230.19,29.020000000000437,22705.516
20230.2,29.030000000002474,22753.908
20230.21,29.040000000000873,22560.385
20230.22,29.05000000000291,22608.754
20230.23,29.06000000000131,22753.908
20230.24,29.070000000003347,22512.023
20230.25,29.080000000001746,22560.385
20230.26,29.090000000000146,22753.908
20230.27,29.100000000002183,22415.328
20230.28,29.110000000000582,22657.131
20230.29,29.12000000000262,22705.516
20230.3,29.13000000000102,22608.754
20230.31,29.140000000003056,22512.023
20230.32,29.150000000001455,22657.131
20230.33,29.160000000003492,22512.023
20230.34,29.17000000000189,22753.908
20230.35,29.18000000000029,22705.516
20230.36,29.19000000000233,22512.023
20230.37,29.200000000000728,22802.309
20230.38,29.210000000002765,22850.719
20230.39,29.220000000001164,22512.023
20230.4,29.2300000000032,22608.754
20230.41,29.2400000000016,22415.328
20230.42,29.25,22415.328
20230.43,29.260000000002037,22366.992
20230.44,29.270000000000437,22318.664
20230.45,29.280000000002474,22366.992
20230.46,29.290000000000873,22512.023
20230.47,29.30000000000291,22415.328
20230.48,29.31000000000131,22415.328
20230.49,29.320000000003347,22415.328
20230.5,29.330000000001746,22802.309
20230.51,29.340000000000146,22512.023
20230.52,29.350000000002183,22463.672
20230.53,29.360000000000582,22560.385
20230.54,29.37000000000262,22318.664
20230.55,29.38000000000102,22705.516
20230.56,29.390000000003056,22850.719
20230.57,29.400000000001455,22705.516
20230.58,29.410000000003492,22608.754
20230.59,29.42000000000189,22608.754
20230.6,29.43000000000029,22560.385
20230.61,29.44000000000233,22270.344
20230.62,29.450000000000728,22270.344
20230.63,29.460000000002765,22173.729
20230.64,29.470000000001164,22463.672
20230.65,29.4800000000032,22657.131
20230.66,29.4900000000016,22560.385
20230.67,29.5,22415.328
20230.68,29.510000000002037,22415.328
20230.69,29.520000000000437,22415.328
20230.7,29.530000000002474,22560.385
20230.71,29.540000000000873,22366.992
20230.72,29.55000000000291,22318.664
20230.73,29.56000000000131,22318.664
20230.74,29.570000000003347,22463.672
20230.75,29.580000000001746,22463.672
20230.76,29.590000000000146,22608.754
20230.77,29.600000000002183,22947.563
20230.78,29.610000000000582,22753.908
20230.79,29.62000000000262,22705.516
20230.8,29.63000000000102,22560.385
20230.81,29.640000000003056,22318.664
20230.82,29.650000000001455,22415.328
20230.83,29.660000000003492,22366.992
20230.84,29.67000000000189,22512.023
20230.85,29.68000000000029,22415.328
20230.86,29.69000000000233,22608.754
20230.87,29.700000000000728,22753.908
20230.88,29.710000000002765,22753.908
20230.89,29.720000000001164,22753.908
20230.9,29.7300000000032,22512.023
20230.91,29.7400000000016,22608.754
20230.92,29.75,22608.754
20230.93,29.760000000002037,22657.131
20230.94,29.770000000000437,22657.131
20230.95,29.780000000002474,22512.023
20230.96,29.790000000000873,22802.309
20230.97,29.80000000000291,22753.908
20230.98,29.81000000000131,22657.131
20230.99,29.820000000003347,22657.131
20231.0,29.830000000001746,22753.908
20231.01,29.840000000000146,22415.328
20231.02,29.850000000002183,22512.023
20231.03,29.860000000000582,22415.328
20231.04,29.87000000000262,22608.754
20231.05,29.88000000000102,22222.031
20231.06,29.890000000003056,22512.023
20231.07,29.900000000001455,22560.385
20231.08,29.910000000003492,22560.385
20231.09,29.92000000000189,22657.131
20231.1,29.93000000000029,22560.385
20231.11,29.94000000000233,22512.023
20231.12,29.950000000000728,22512.023
20231.13,29.960000000002765,22318.664
20231.14,29.970000000001164,22463.672
20231.15,29.9800000000032,22366.992
20231.16,29.9900000000016,22173.729
20231.17,30.0,22512.023
20231.18,30.010000000002037,22463.672
20231.19,30.020000000000437,22753.908
20231.2,30.030000000002474,22608.754
20231.21,30.040000000000873,22753.908
20231.22,30.05000000000291,22705.516
20231.23,30.06000000000131,22705.516
20231.24,30.070000000003347,22560.385
20231.25,30.080000000001746,22608.754
20231.26,30.090000000000146,22512.023
20231.27,30.100000000002183,22560.385
20231.28,30.110000000000582,22802.309
20231.29,30.12000000000262,22705.516
20231.3,30.13000000000102,22850.719
20231.31,30.140000000003056,22560.385
20231.32,30.150000000001455,22463.672
20231.33,30.160000000003492,22366.992
20231.34,30.17000000000189,22173.729
20231.35,30.18000000000029,22222.031
20231.36,30.19000000000233,22222.031
20231.37,30.200000000000728,22318.664
20231.38,30.210000000002765,22415.328
20231.39,30.220000000001164,22560.385
20231.4,30.2300000000032,22608.754
20231.41,30.2400000000016,22705.516
20231.42,30.25,22657.131
20231.43,30.260000000002037,22560.385
20231.44,30.270000000000437,22318.664
20231.45,30.280000000002474,22512.023
20231.46,30.290000000000873,22560.385
20231.47,30.30000000000291,22318.664
20231.48,30.31000000000131,22415.328
20231.49,30.320000000003347,22512.023
20231.5,30.330000000001746,22657.131
20231.51,30.340000000000146,22222.031
20231.52,30.350000000002183,22463.672
20231.53,30.360000000000582,22512.023
20231.54,30.37000000000262,22125.432
20231.55,30.38000000000102,22415.328
20231.56,30.390000000003056,22270.344
20231.57,30.400000000001455,22608.754
20231.58,30.410000000003492,22463.672
20231.59,30.42000000000189,22560.385
20231.6,30.43000000000029,22318.664
20231.61,30.44000000000233,22463.672
20231.62,30.450000000000728,22463.672
20231.63,30.460000000002765,22657.131
20231.64,30.470000000001164,22463.672
20231.65,30.4800000000032,22463.672
20231.66,30.4900000000016,22608.754
20231.67,30.5,22366.992
20231.68,30.510000000002037,22270.344
20231.69,30.520000000000437,22463.672
20231.7,30.530000000002474,22560.385
20231.71,30.540000000000873,22560.385
20231.72,30.55000000000291,22512.023
20231.73,30.56000000000131,22415.328
20231.74,30.570000000003347,22560.385
20231.75,30.580000000001746,22608.754
20231.76,30.590000000000146,22512.023
20231.77,30.600000000002183,22512.023
20231.78,30.610000000000582,22560.385
20231.79,30.62000000000262,22415.328
20231.8,30.63000000000102,22463.672
20231.81,30.640000000003056,22753.908
20231.82,30.650000000001455,22512.023
20231.83,30.660000000003492,22512.023
20231.84,30.67000000000189,22608.754
20231.85,30.68000000000029,22463.672
20231.86,30.69000000000233,22270.344
20231.87,30.700000000000728,22463.672
20231.88,30.710000000002765,22366.992
20231.89,30.720000000001164,22560.385
20231.9,30.7300000000032,22463.672
20231.91,30.7400000000016,22608.754
20231.92,30.75,22512.023
20231.93,30.760000000002037,22657.131
20231.94,30.770000000000437,22705.516
20231.95,30.780000000002474,22608.754
20231.96,30.790000000000873,22560.385
20231.97,30.80000000000291,22608.754
20231.98,30.81000000000131,22560.385
20231.99,30.820000000003347,22560.385
20232.0,30.830000000001746,22415.328
20232.01,30.840000000000146,22753.908
20232.02,30.850000000002183,22850.719
20232.03,30.860000000000582,22753.908
20232.04,30.87000000000262,22512.023
20232.05,30.88000000000102,22560.385
20232.06,30.890000000003056,22415.328
20232.07,30.900000000001455,22512.023
20232.08,30.910000000003492,22366.992
20232.09,30.92000000000189,22366.992
20232.1,30.93000000000029,22270.344
20232.11,30.94000000000233,22705.516
20232.12,30.950000000000728,22608.754
20232.13,30.960000000002765,22512.023
20232.14,30.970000000001164,22753.908
20232.15,30.9800000000032,22753.908
20232.16,30.9900000000016,22657.131
20232.17,31.0,22512.023
20232.18,31.010000000002037,22608.754
20232.19,31.020000000000437,22318.664
20232.2,31.030000000002474,22512.023
20232.21,31.040000000000873,22512.023
20232.22,31.05000000000291,22318.664
20232.23,31.06000000000131,22512.023
20232.24,31.070000000003347,22415.328
20232.25,31.080000000001746,22608.754
20232.26,31.090000000000146,22366.992
20232.27,31.100000000002183,22608.754
20232.28,31.110000000000582,22366.992
20232.29,31.12000000000262,22366.992
20232.3,31.13000000000102,22270.344
20232.31,31.140000000003056,22270.344
20232.32,31.150000000001455,22366.992
20232.33,31.160000000003492,22560.385
20232.34,31.17000000000189,22899.137
20232.35,31.18000000000029,22415.328
20232.36,31.19000000000233,22512.023
20232.37,31.200000000000728,22560.385
20232.38,31.210000000002765,22318.664
20232.39,31.220000000001164,22270.344
20232.4,31.2300000000032,22077.145
20232.41,31.2400000000016,22125.432
20232.42,31.25,22270.344
20232.43,31.260000000002037,22366.992
20232.44,31.270000000000437,22366.992
20232.45,31.280000000002474,22366.992
20232.46,31.290000000000873,22608.754
20232.47,31.30000000000291,22608.754
20232.48,31.31000000000131,22512.023
20232.49,31.320000000003347,22560.385
20232.5,31.330000000001746,22366.992
20232.51,31.340000000000146,22415.328
20232.52,31.350000000002183,22463.672
20232.53,31.360000000000582,22560.385
20232.54,31.37000000000262,22560.385
20232.55,31.38000000000102,22705.516
20232.56,31.390000000003056,22512.023
20232.57,31.400000000001455,22366.992
20232.58,31.410000000003492,22560.385
20232.59,31.42000000000189,22415.328
20232.6,31.43000000000029,22366.992
20232.61,31.44000000000233,22318.664
20232.62,31.450000000000728,22512.023
20232.63,31.460000000002765,22657.131
20232.64,31.470000000001164,22608.754
20232.65,31.4800000000032,22802.309
20232.66,31.4900000000016,22753.908
20232.67,31.5,22850.719
20232.68,31.510000000002037,22657.131
20232.69,31.520000000000437,22850.719
20232.7,31.530000000002474,22463.672
20232.71,31.540000000000873,22608.754
20232.72,31.55000000000291,22608.754
20232.73,31.56000000000131,22560.385
20232.74,31.570000000003347,22560.385
20232.75,31.580000000001746,22415.328
20232.76,31.590000000000146,22415.328
20232.77,31.600000000002183,22366.992
20232.78,31.610000000000582,22753.908
20232.79,31.62000000000262,22512.023
20232.8,31.63000000000102,22270.344
20232.81,31.640000000003056,22125.432
20232.82,31.650000000001455,22366.992
20232.83,31.660000000003492,22366.992
20232.84,31.67000000000189,22512.023
20232.85,31.68000000000029,22560.385
20232.86,31.69000000000233,22463.672
20232.87,31.700000000000728,22705.516
20232.88,31.710000000002765,22560.385
20232.89,31.720000000001164,22705.516
20232.9,31.7300000000032,22318.664
20232.91,31.7400000000016,22463.672
20232.92,31.75,22318.664
20232.93,31.760000000002037,22318.664
20232.94,31.770000000000437,22463.672
20232.95,31.780000000002474,22560.385
20232.96,31.790000000000873,22560.385
20232.97,31.80000000000291,22753.908
20232.98,31.81000000000131,22753.908
20232.99,31.820000000003347,22657.131
20233.0,31.830000000001746,22753.908
20233.01,31.840000000000146,22318.664
20233.02,31.850000000002183,22608.754
20233.03,31.860000000000582,22608.754
20233.04,31.87000000000262,22512.023
20233.05,31.88000000000102,22608.754
20233.06,31.890000000003056,22608.754
20233.07,31.900000000001455,22850.719
20233.08,31.910000000003492,22947.563
20233.09,31.92000000000189,22560.385
20233.1,31.93000000000029,22415.328
20233.11,31.94000000000233,22512.023
20233.12,31.950000000000728,22415.328
20233.13,31.960000000002765,22366.992
20233.14,31.970000000001164,22512.023
20233.15,31.9800000000032,22463.672
20233.16,31.9900000000016,22657.131
20233.17,32.0,22753.908
20233.18,32.01000000000204,22657.131
20233.19,32.02000000000044,22657.131
20233.2,32.030000000002474,22608.754
20233.21,32.04000000000087,22608.754
20233.22,32.05000000000291,22608.754
20233.23,32.06000000000131,22657.131
20233.24,32.07000000000335,22415.328
20233.25,32.080000000001746,22753.908
20233.26,32.090000000000146,22512.023
20233.27,32.10000000000218,22512.023
20233.28,32.11000000000058,22366.992
20233.29,32.12000000000262,22415.328
20233.3,32.13000000000102,22512.023
20233.31,32.140000000003056,22512.023
20233.32,32.150000000001455,22270.344
20233.33,32.16000000000349,22366.992
20233.34,32.17000000000189,22270.344
20233.35,32.18000000000029,22415.328
20233.36,32.19000000000233,22415.328
20233.37,32.20000000000073,22608.754
20233.38,32.210000000002765,22512.023
20233.39,32.220000000001164,22802.309
20233.4,32.2300000000032,22753.908
20233.41,32.2400000000016,22512.023
20233.42,32.25,22560.385
20233.43,32.26000000000204,22366.992
20233.44,32.27000000000044,22366.992
20233.45,32.280000000002474,22173.729
20233.46,32.29000000000087,22366.992
20233.47,32.30000000000291,22415.328
20233.48,32.31000000000131,22222.031
20233.49,32.32000000000335,22415.328
20233.5,32.330000000001746,22366.992
20233.51,32.340000000000146,22415.328
20233.52,32.35000000000218,22560.385
20233.53,32.36000000000058,22560.385
20233.54,32.37000000000262,22560.385
20233.55,32.38000000000102,22366.992
20233.56,32.390000000003056,22318.664
20233.57,32.400000000001455,22512.023
20233.58,32.41000000000349,22560.385
20233.59,32.42000000000189,22705.516
20233.6,32.43000000000029,22318.664
20233.61,32.44000000000233,22512.023
20233.62,32.45000000000073,22318.664
20233.63,32.460000000002765,22415.328
20233.64,32.470000000001164,22560.385
20233.65,32.4800000000032,22318.664
20233.66,32.4900000000016,22366.992
20233.67,32.5,22366.992
20233.68,32.51000000000204,22560.385
20233.69,32.52000000000044,22657.131
20233.7,32.530000000002474,22608.754
20233.71,32.54000000000087,22608.754
20233.72,32.55000000000291,22753.908
20233.73,32.56000000000131,22512.023
20233.74,32.57000000000335,22512.023
20233.75,32.580000000001746,22512.023
20233.76,32.590000000000146,22415.328
20233.77,32.60000000000218,22608.754
20233.78,32.61000000000058,22657.131
20233.79,32.62000000000262,22753.908
20233.8,32.63000000000102,22657.131
20233.81,32.640000000003056,22318.664
20233.82,32.650000000001455,22560.385
20233.83,32.66000000000349,22463.672
20233.84,32.67000000000189,22608.754
20233.85,32.68000000000029,22463.672
20233.86,32.69000000000233,22318.664
20233.87,32.70000000000073,22415.328
20233.88,32.710000000002765,22463.672
20233.89,32.720000000001164,22705.516
20233.9,32.7300000000032,22463.672
20233.91,32.7400000000016,22608.754
20233.92,32.75,22608.754
20233.93,32.76000000000204,22512.023
20233.94,32.77000000000044,22318.664
20233.95,32.780000000002474,22512.023
20233.96,32.79000000000087,22463.672
20233.97,32.80000000000291,22270.344
20233.98,32.81000000000131,22415.328
20233.99,32.82000000000335,22173.729
20234.0,32.830000000001746,22657.131
20234.01,32.840000000000146,22753.908
20234.02,32.85000000000218,22657.131
20234.03,32.86000000000058,22366.992
20234.04,32.87000000000262,22512.023
20234.05,32.88000000000102,22705.516
20234.06,32.890000000003056,22512.023
20234.07,32.900000000001455,22560.385
20234.08,32.91000000000349,22318.664
20234.09,32.92000000000189,22512.023
20234.1,32.93000000000029,22705.516
20234.11,32.94000000000233,22512.023
20234.12,32.95000000000073,22657.131
20234.13,32.960000000002765,22608.754
20234.14,32.970000000001164,22802.309
20234.15,32.9800000000032,22366.992
20234.16,32.9900000000016,22318.664
20234.17,33.0,22463.672
20234.18,33.01000000000204,22415.328
20234.19,33.02000000000044,22318.664
20234.2,33.030000000002474,22560.385
20234.21,33.04000000000087,22512.023
20234.22,33.05000000000291,22512.023
20234.23,33.06000000000131,22753.908
20234.24,33.07000000000335,22705.516
20234.25,33.080000000001746,22657.131
20234.26,33.090000000000146,22366.992
20234.27,33.10000000000218,22463.672
20234.28,33.11000000000058,22366.992
20234.29,33.12000000000262,22366.992
20234.3,33.13000000000102,22512.023
20234.31,33.140000000003056,22463.672
20234.32,33.150000000001455,22705.516
20234.33,33.16000000000349,22560.385
20234.34,33.17000000000189,22222.031
20234.35,33.18000000000029,22463.672
20234.36,33.19000000000233,22366.992
20234.37,33.20000000000073,22366.992
20234.38,33.210000000002765,22173.729
20234.39,33.220000000001164,22366.992
20234.4,33.2300000000032,22173.729
20234.41,33.2400000000016,22463.672
20234.42,33.25,22366.992
20234.43,33.26000000000204,22560.385
20234.44,33.27000000000044,22657.131
20234.45,33.280000000002474,22415.328
20234.46,33.29000000000087,22512.023
20234.47,33.30000000000291,22270.344
20234.48,33.31000000000131,22560.385
20234.49,33.32000000000335,22415.328
20234.5,33.330000000001746,22366.992
20234.51,33.340000000000146,22173.729
20234.52,33.35000000000218,22415.328
20234.53,33.36000000000058,22366.992
20234.54,33.37000000000262,22415.328
20234.55,33.38000000000102,22415.328
20234.56,33.390000000003056,22028.865
20234.57,33.400000000001455,22125.432
20234.58,33.41000000000349,22173.729
20234.59,33.42000000000189,22173.729
20234.6,33.43000000000029,22270.344
20234.61,33.44000000000233,22222.031
20234.62,33.45000000000073,22318.664
20234.63,33.460000000002765,22512.023
20234.64,33.470000000001164,22512.023
20234.65,33.4800000000032,22366.992
20234.66,33.4900000000016,22415.328
20234.67,33.5,22512.023
20234.68,33.51000000000204,22366.992
20234.69,33.52000000000044,22366.992
20234.7,33.530000000002474,22222.031
20234.71,33.54000000000087,22318.664
20234.72,33.55000000000291,22512.023
20234.73,33.56000000000131,22608.754
20234.74,33.57000000000335,22753.908
20234.75,33.580000000001746,22512.023
20234.76,33.590000000000146,22560.385
20234.77,33.60000000000218,22463.672
20234.78,33.61000000000058,22560.385
20234.79,33.62000000000262,22512.023
20234.8,33.63000000000102,22366.992
20234.81,33.640000000003056,22753.908
20234.82,33.650000000001455,22608.754
20234.83,33.66000000000349,22753.908
20234.84,33.67000000000189,22753.908
20234.85,33.68000000000029,22657.131
20234.86,33.69000000000233,22657.131
20234.87,33.70000000000073,22512.023
20234.88,33.710000000002765,22318.664
20234.89,33.720000000001164,22318.664
20234.9,33.7300000000032,22463.672
20234.91,33.7400000000016,22512.023
20234.92,33.75,22222.031
20234.93,33.76000000000204,22512.023
20234.94,33.77000000000044,22512.023
20234.95,33.780000000002474,22705.516
20234.96,33.79000000000087,22705.516
20234.97,33.80000000000291,22657.131
20234.98,33.81000000000131,22560.385
20234.99,33.82000000000335,22415.328
20235.0,33.830000000001746,22512.023
20235.01,33.840000000000146,22415.328
20235.02,33.85000000000218,22318.664
20235.03,33.86000000000058,22415.328
20235.04,33.87000000000262,22463.672
20235.05,33.88000000000102,22560.385
20235.06,33.890000000003056,22608.754
20235.07,33.900000000001455,22512.023
20235.08,33.91000000000349,22560.385
20235.09,33.92000000000189,22657.131
20235.1,33.93000000000029,22560.385
20235.11,33.94000000000233,22366.992
20235.12,33.95000000000073,22560.385
20235.13,33.960000000002765,22415.328
20235.14,33.970000000001164,22560.385
20235.15,33.9800000000032,22463.672
20235.16,33.9900000000016,22802.309
20235.17,34.0,22753.908
20235.18,34.01000000000204,22753.908
20235.19,34.02000000000044,22415.328
20235.2,34.030000000002474,22222.031
20235.21,34.04000000000087,22222.031
20235.22,34.05000000000291,22173.729
20235.23,34.06000000000131,22222.031
20235.24,34.07000000000335,22318.664
20235.25,34.080000000001746,22366.992
20235.26,34.090000000000146,22415.328
20235.27,34.10000000000218,22366.992
20235.28,34.11000000000058,22318.664
20235.29,34.12000000000262,22512.023
20235.3,34.13000000000102,22415.328
20235.31,34.140000000003056,22366.992
20235.32,34.150000000001455,22560.385
20235.33,34.16000000000349,22415.328
20235.34,34.17000000000189,22512.023
20235.35,34.18000000000029,22705.516
20235.36,34.19000000000233,22608.754
20235.37,34.20000000000073,22753.908
20235.38,34.210000000002765,22608.754
20235.39,34.220000000001164,22560.385
20235.4,34.2300000000032,22415.328
20235.41,34.2400000000016,22463.672
20235.42,34.25,22366.992
20235.43,34.26000000000204,22028.865
20235.44,34.27000000000044,22270.344
20235.45,34.280000000002474,22463.672
20235.46,34.29000000000087,22415.328
20235.47,34.30000000000291,22512.023
20235.48,34.31000000000131,22560.385
20235.49,34.32000000000335,22415.328
20235.5,34.330000000001746,22318.664
20235.51,34.340000000000146,22463.672
20235.52,34.35000000000218,22512.023
20235.53,34.36000000000058,22270.344
20235.54,34.37000000000262,22512.023
20235.55,34.38000000000102,22705.516
20235.56,34.390000000003056,22560.385
20235.57,34.400000000001455,22512.023
20235.58,34.41000000000349,22608.754
20235.59,34.42000000000189,22463.672
20235.6,34.43000000000029,22512.023
20235.61,34.44000000000233,22560.385
20235.62,34.45000000000073,22366.992
20235.63,34.460000000002765,22608.754
20235.64,34.470000000001164,22560.385
20235.65,34.4800000000032,22560.385
20235.66,34.4900000000016,22463.672
20235.67,34.5,22608.754
20235.68,34.51000000000204,22705.516
20235.69,34.52000000000044,22657.131
20235.7,34.530000000002474,22512.023
20235.71,34.54000000000087,22366.992
20235.72,34.55000000000291,22512.023
20235.73,34.56000000000131,22366.992
20235.74,34.57000000000335,22463.672
20235.75,34.580000000001746,22125.432
20235.76,34.590000000000146,22173.729
20235.77,34.60000000000218,22512.023
20235.78,34.61000000000058,22415.328
20235.79,34.62000000000262,22560.385
20235.8,34.63000000000102,22850.719
20235.81,34.640000000003056,22753.908
20235.82,34.650000000001455,22657.131
20235.83,34.66000000000349,22463.672
20235.84,34.67000000000189,22415.328
20235.85,34.68000000000029,22318.664
20235.86,34.69000000000233,22608.754
20235.87,34.70000000000073,22753.908
20235.88,34.710000000002765,22608.754
20235.89,34.720000000001164,22899.137
20235.9,34.7300000000032,22560.385
20235.91,34.7400000000016,22753.908
20235.92,34.75,22512.023
20235.93,34.76000000000204,22415.328
20235.94,34.77000000000044,22415.328
20235.95,34.780000000002474,22318.664
20235.96,34.79000000000087,22366.992
20235.97,34.80000000000291,22560.385
20235.98,34.81000000000131,22463.672
20235.99,34.82000000000335,22512.023
20236.0,34.830000000001746,22366.992
20236.01,34.840000000000146,22608.754
20236.02,34.85000000000218,22705.516
20236.03,34.86000000000058,22753.908
20236.04,34.87000000000262,22415.328
20236.05,34.88000000000102,22463.672
20236.06,34.890000000003056,22366.992
20236.07,34.900000000001455,22463.672
20236.08,34.91000000000349,22318.664
20236.09,34.92000000000189,22512.023
20236.1,34.93000000000029,22560.385
20236.11,34.94000000000233,22415.328
20236.12,34.95000000000073,22415.328
20236.13,34.960000000002765,22512.023
20236.14,34.970000000001164,22463.672
20236.15,34.9800000000032,22415.328
20236.16,34.9900000000016,22560.385
20236.17,35.0,22512.023
20236.18,35.01000000000204,22705.516
20236.19,35.02000000000044,22753.908
20236.2,35.030000000002474,22705.516
20236.21,35.04000000000087,22560.385
20236.22,35.05000000000291,22705.516
20236.23,35.06000000000131,22705.516
20236.24,35.07000000000335,22512.023
20236.25,35.080000000001746,22512.023
20236.26,35.090000000000146,22318.664
20236.27,35.10000000000218,22366.992
20236.28,35.11000000000058,22270.344
20236.29,35.12000000000262,22512.023
20236.3,35.13000000000102,22222.031
20236.31,35.140000000003056,22366.992
20236.32,35.150000000001455,22415.328
20236.33,35.16000000000349,22366.992
20236.34,35.17000000000189,22222.031
20236.35,35.18000000000029,22366.992
20236.36,35.19000000000233,22463.672
20236.37,35.20000000000073,22463.672
20236.38,35.210000000002765,22415.328
20236.39,35.220000000001164,22463.672
20236.4,35.2300000000032,22560.385
20236.41,35.2400000000016,22657.131
20236.42,35.25,22753.908
20236.43,35.26000000000204,22657.131
20236.44,35.27000000000044,22415.328
20236.45,35.280000000002474,22415.328
20236.46,35.29000000000087,22415.328
20236.47,35.30000000000291,22173.729
20236.48,35.31000000000131,22366.992
20236.49,35.32000000000335,22270.344
20236.5,35.330000000001746,22270.344
20236.51,35.340000000000146,22463.672
20236.52,35.35000000000218,22415.328
20236.53,35.36000000000058,22415.328
20236.54,35.37000000000262,22415.328
20236.55,35.38000000000102,22366.992
20236.56,35.390000000003056,22512.023
20236.57,35.400000000001455,22463.672
20236.58,35.41000000000349,22463.672
20236.59,35.42000000000189,22318.664
20236.6,35.43000000000029,22560.385
20236.61,35.44000000000233,22560.385
20236.62,35.45000000000073,22560.385
20236.63,35.460000000002765,22657.131
20236.64,35.470000000001164,22512.023
20236.65,35.4800000000032,22318.664
20236.66,35.4900000000016,22415.328
20236.67,35.5,22463.672
20236.68,35.51000000000204,22608.754
20236.69,35.52000000000044,22366.992
20236.7,35.530000000002474,22463.672
20236.71,35.54000000000087,22705.516
20236.72,35.55000000000291,22753.908
20236.73,35.56000000000131,22753.908
20236.74,35.57000000000335,22560.385
20236.75,35.580000000001746,22560.385
20236.76,35.590000000000146,22657.131
20236.77,35.60000000000218,22657.131
20236.78,35.61000000000058,22318.664
20236.79,35.62000000000262,22415.328
20236.8,35.63000000000102,22657.131
20236.81,35.640000000003056,22415.328
20236.82,35.650000000001455,22560.385
20236.83,35.66000000000349,22512.023
20236.84,35.67000000000189,22560.385
20236.85,35.68000000000029,22560.385
20236.86,35.69000000000233,22657.131
20236.87,35.70000000000073,22560.385
20236.88,35.710000000002765,22463.672
20236.89,35.720000000001164,22753.908
20236.9,35.7300000000032,22463.672
20236.91,35.7400000000016,22415.328
20236.92,35.75,22657.131
20236.93,35.76000000000204,22608.754
20236.94,35.77000000000044,22608.754
20236.95,35.780000000002474,22560.385
20236.96,35.79000000000087,22560.385
20236.97,35.80000000000291,22753.908
20236.98,35.81000000000131,22415.328
20236.99,35.82000000000335,22318.664
20237.0,35.830000000001746,22366.992
20237.01,35.840000000000146,22463.672
20237.02,35.85000000000218,22512.023
20237.03,35.86000000000058,22560.385
20237.04,35.87000000000262,22657.131
20237.05,35.88000000000102,22608.754
20237.06,35.890000000003056,22705.516
20237.07,35.900000000001455,22560.385
20237.08,35.91000000000349,22270.344
20237.09,35.92000000000189,22415.328
20237.1,35.93000000000029,22318.664
20237.11,35.94000000000233,22463.672
20237.12,35.95000000000073,22512.023
20237.13,35.960000000002765,22512.023
20237.14,35.970000000001164,22705.516
20237.15,35.9800000000032,22608.754
20237.16,35.9900000000016,22560.385
20237.17,36.0,22415.328
20237.18,36.01000000000204,22560.385
20237.19,36.02000000000044,22415.328
20237.2,36.030000000002474,22222.031
20237.21,36.04000000000087,22415.328
20237.22,36.05000000000291,22512.023
20237.23,36.06000000000131,22463.672
20237.24,36.07000000000335,22753.908
20237.25,36.080000000001746,22657.131
20237.26,36.090000000000146,22657.131
20237.27,36.10000000000218,22560.385
20237.28,36.11000000000058,22608.754
20237.29,36.12000000000262,22753.908
20237.3,36.13000000000102,22463.672
20237.31,36.140000000003056,22463.672
20237.32,36.150000000001455,22415.328
20237.33,36.16000000000349,22753.908
20237.34,36.17000000000189,22270.344
20237.35,36.18000000000029,22415.328
20237.36,36.19000000000233,22366.992
20237.37,36.20000000000073,22222.031
20237.38,36.210000000002765,22270.344
20237.39,36.220000000001164,22560.385
20237.4,36.2300000000032,22173.729
20237.41,36.2400000000016,22270.344
20237.42,36.25,22512.023
20237.43,36.26000000000204,22705.516
20237.44,36.27000000000044,22608.754
20237.45,36.280000000002474,22657.131
20237.46,36.29000000000087,22947.563
20237.47,36.30000000000291,22560.385
20237.48,36.31000000000131,22560.385
20237.49,36.32000000000335,22512.023
20237.5,36.330000000001746,22512.023
20237.51,36.340000000000146,22415.328
20237.52,36.35000000000218,22318.664
20237.53,36.36000000000058,22318.664
20237.54,36.37000000000262,22463.672
20237.55,36.38000000000102,22463.672
20237.56,36.390000000003056,22366.992
20237.57,36.400000000001455,22657.131
20237.58,36.41000000000349,22463.672
20237.59,36.42000000000189,22463.672
20237.6,36.43000000000029,22366.992
20237.61,36.44000000000233,22366.992
20237.62,36.45000000000073,22463.672
20237.63,36.460000000002765,22318.664
20237.64,36.470000000001164,22753.908
20237.65,36.4800000000032,22657.131
20237.66,36.4900000000016,22657.131
20237.67,36.5,22802.309
20237.68,36.51000000000204,22512.023
20237.69,36.52000000000044,22512.023
20237.7,36.530000000002474,22366.992
20237.71,36.54000000000087,22512.023
20237.72,36.55000000000291,22318.664
20237.73,36.56000000000131,22463.672
20237.74,36.57000000000335,22608.754
20237.75,36.580000000001746,22657.131
20237.76,36.590000000000146,22705.516
20237.77,36.60000000000218,22753.908
20237.78,36.61000000000058,22512.023
20237.79,36.62000000000262,22512.023
20237.8,36.63000000000102,22560.385
20237.81,36.640000000003056,22608.754
20237.82,36.650000000001455,22512.023
20237.83,36.66000000000349,22463.672
20237.84,36.67000000000189,22512.023
20237.85,36.68000000000029,22705.516
20237.86,36.69000000000233,22705.516
20237.87,36.70000000000073,22512.023
20237.88,36.710000000002765,22270.344
20237.89,36.720000000001164,22753.908
20237.9,36.7300000000032,22560.385
20237.91,36.7400000000016,22318.664
20237.92,36.75,22366.992
20237.93,36.76000000000204,22463.672
20237.94,36.77000000000044,22512.023
20237.95,36.780000000002474,22705.516
20237.96,36.79000000000087,22512.023
20237.97,36.80000000000291,22657.131
20237.98,36.81000000000131,22560.385
20237.99,36.82000000000335,22705.516
20238.0,36.830000000001746,22753.908
20238.01,36.840000000000146,22560.385
20238.02,36.85000000000218,23044.438
20238.03,36.86000000000058,22028.865
20238.04,36.87000000000262,21305.65
20238.05,36.88000000000102,21064.984
20238.06,36.890000000003056,21113.102
20238.07,36.900000000001455,20968.775
20238.08,36.91000000000349,20920.684
20238.09,36.92000000000189,20872.6
20238.1,36.93000000000029,21064.984
20238.11,36.94000000000233,21113.102
20238.12,36.95000000000073,20968.775
20238.13,36.960000000002765,21209.359
20238.14,36.970000000001164,21016.877
20238.15,36.9800000000032,20920.684
20238.16,36.9900000000016,21016.877
20238.17,37.0,21113.102
20238.18,37.01000000000204,21113.102
20238.19,37.02000000000044,21064.984
20238.2,37.030000000002474,21064.984
20238.21,37.04000000000087,21209.359
20238.22,37.05000000000291,20776.455
20238.23,37.06000000000131,21064.984
20238.24,37.07000000000335,21113.102
20238.25,37.080000000001746,21305.65
20238.26,37.090000000000146,21161.227
20238.27,37.10000000000218,21161.227
20238.28,37.11000000000058,21016.877
20238.29,37.12000000000262,21016.877
20238.3,37.13000000000102,21064.984
20238.31,37.140000000003056,20776.455
20238.32,37.150000000001455,20968.775
20238.33,37.16000000000349,20968.775
20238.34,37.17000000000189,21161.227
20238.35,37.18000000000029,20968.775
20238.36,37.19000000000233,21064.984
20238.37,37.20000000000073,21064.984
20238.38,37.210000000002765,21161.227
20238.39,37.220000000001164,21594.717
20238.4,37.2300000000032,22705.516
20238.41,37.2400000000016,23044.438
20238.42,37.25,23141.346
20238.43,37.26000000000204,23092.887
20238.44,37.27000000000044,23286.768
20238.45,37.280000000002474,23529.301
20238.46,37.29000000000087,23286.768
20238.47,37.30000000000291,22947.563
20238.48,37.31000000000131,22657.131
20238.49,37.32000000000335,22608.754
20238.5,37.330000000001746,22173.729
20238.51,37.340000000000146,19960.539
20238.52,37.35000000000218,19099.188
20238.53,37.36000000000058,18478.738
20238.54,37.37000000000262,18431.066
20238.55,37.38000000000102,18335.752
20238.56,37.390000000003056,18431.066
20238.57,37.400000000001455,18335.752
20238.58,37.41000000000349,18335.752
20238.59,37.42000000000189,18478.738
20238.6,37.43000000000029,18526.416
20238.61,37.44000000000233,18574.102
20238.62,37.45000000000073,18431.066
20238.63,37.460000000002765,18383.406
20238.64,37.470000000001164,18478.738
20238.65,37.4800000000032,18383.406
20238.66,37.4900000000016,18478.738
20238.67,37.5,18335.752
20238.68,37.51000000000204,18335.752
20238.69,37.52000000000044,18383.406
20238.7,37.530000000002474,18431.066
20238.71,37.54000000000087,18383.406
20238.72,37.55000000000291,18288.105
20238.73,37.56000000000131,18478.738
20238.74,37.57000000000335,18097.604
20238.75,37.580000000001746,18383.406
20238.76,37.590000000000146,18288.105
20238.77,37.60000000000218,18431.066
20238.78,37.61000000000058,18288.105
20238.79,37.62000000000262,18621.797
20238.8,37.63000000000102,18526.416
20238.81,37.640000000003056,18526.416
20238.82,37.650000000001455,18383.406
20238.83,37.66000000000349,18478.738
20238.84,37.67000000000189,18383.406
20238.85,37.68000000000029,18478.738
20238.86,37.69000000000233,18383.406
20238.87,37.70000000000073,18335.752
20238.88,37.710000000002765,18240.469
20238.89,37.720000000001164,18574.102
20238.9,37.7300000000032,18288.105
20238.91,37.7400000000016,18431.066
20238.92,37.75,18288.105
20238.93,37.76000000000204,18526.416
20238.94,37.77000000000044,18478.738
20238.95,37.780000000002474,18621.797
20238.96,37.79000000000087,18383.406
20238.97,37.80000000000291,18383.406
20238.98,37.81000000000131,18478.738
20238.99,37.82000000000335,18288.105
20239.0,37.830000000001746,18335.752
20239.01,37.840000000000146,18478.738
20239.02,37.85000000000218,18478.738
20239.03,37.86000000000058,18383.406
20239.04,37.87000000000262,18240.469
20239.05,37.88000000000102,18383.406
20239.06,37.890000000003056,18383.406
20239.07,37.900000000001455,18288.105
20239.08,37.91000000000349,18288.105
20239.09,37.92000000000189,18335.752
20239.1,37.93000000000029,18431.066
20239.11,37.94000000000233,18526.416
20239.12,37.95000000000073,18383.406
20239.13,37.960000000002765,18431.066
20239.14,37.970000000001164,18383.406
20239.15,37.9800000000032,18335.752
20239.16,37.9900000000016,18383.406
20239.17,38.0,18288.105
20239.18,38.01000000000204,18431.066
20239.19,38.02000000000044,18526.416
20239.2,38.030000000002474,18478.738
20239.21,38.04000000000087,18574.102
20239.22,38.05000000000291,18574.102
20239.23,38.06000000000131,18431.066
20239.24,38.07000000000335,18383.406
20239.25,38.080000000001746,18431.066
20239.26,38.090000000000146,18288.105
20239.27,38.10000000000218,18478.738
20239.28,38.11000000000058,18574.102
20239.29,38.12000000000262,18431.066
20239.3,38.13000000000102,18478.738
20239.31,38.140000000003056,18288.105
20239.32,38.150000000001455,18478.738
20239.33,38.16000000000349,18526.416
20239.34,38.17000000000189,18478.738
20239.35,38.18000000000029,18431.066
20239.36,38.19000000000233,18574.102
20239.37,38.20000000000073,18288.105
20239.38,38.210000000002765,18478.738
20239.39,38.220000000001164,18431.066
20239.4,38.2300000000032,18574.102
20239.41,38.2400000000016,18431.066
20239.42,38.25,18478.738
20239.43,38.26000000000204,18526.416
20239.44,38.27000000000044,18288.105
20239.45,38.280000000002474,18288.105
20239.46,38.29000000000087,18526.416
20239.47,38.30000000000291,18621.797
20239.48,38.31000000000131,18717.209
20239.49,38.32000000000335,18478.738
20239.5,38.330000000001746,18288.105
20239.51,38.340000000000146,18288.105
20239.52,38.35000000000218,18288.105
20239.53,38.36000000000058,18621.797
20239.54,38.37000000000262,18478.738
20239.55,38.38000000000102,18478.738
20239.56,38.390000000003056,18431.066
20239.57,38.400000000001455,18478.738
20239.58,38.41000000000349,18288.105
20239.59,38.42000000000189,18478.738
20239.6,38.43000000000029,18431.066
20239.61,38.44000000000233,18574.102
20239.62,38.45000000000073,18478.738
20239.63,38.460000000002765,18288.105
20239.64,38.470000000001164,18574.102
20239.65,38.4800000000032,18574.102
20239.66,38.4900000000016,18621.797
20239.67,38.5,18240.469
20239.68,38.51000000000204,18383.406
20239.69,38.52000000000044,18478.738
20239.7,38.530000000002474,18526.416
20239.71,38.54000000000087,18478.738
20239.72,38.55000000000291,18669.498
20239.73,38.56000000000131,18526.416
20239.74,38.57000000000335,18526.416
20239.75,38.580000000001746,18431.066
20239.76,38.590000000000146,18288.105
20239.77,38.60000000000218,18526.416
20239.78,38.61000000000058,18478.738
20239.79,38.62000000000262,18526.416
20239.8,38.63000000000102,18526.416
20239.81,38.640000000003056,18478.738
20239.82,38.650000000001455,18621.797
20239.83,38.66000000000349,18431.066
20239.84,38.67000000000189,18478.738
20239.85,38.68000000000029,18478.738
20239.86,38.69000000000233,18335.752
20239.87,38.70000000000073,18574.102
20239.88,38.710000000002765,18383.406
20239.89,38.720000000001164,18478.738
20239.9,38.7300000000032,18383.406
20239.91,38.7400000000016,18621.797
20239.92,38.75,18526.416
20239.93,38.76000000000204,18335.752
20239.94,38.77000000000044,18621.797
20239.95,38.780000000002474,18526.416
20239.96,38.79000000000087,18383.406
20239.97,38.80000000000291,18478.738
20239.98,38.81000000000131,18526.416
20239.99,38.82000000000335,18478.738
20240.0,38.830000000001746,18478.738
20240.01,38.840000000000146,18288.105
20240.02,38.85000000000218,18383.406
20240.03,38.86000000000058,18478.738
20240.04,38.87000000000262,18335.752
20240.05,38.88000000000102,18478.738
20240.06,38.890000000003056,18526.416
20240.07,38.900000000001455,18288.105
20240.08,38.91000000000349,18383.406
20240.09,38.92000000000189,18574.102
20240.1,38.93000000000029,18574.102
20240.11,38.94000000000233,18526.416
20240.12,38.95000000000073,18431.066
20240.13,38.960000000002765,18335.752
20240.14,38.970000000001164,18431.066
20240.15,38.9800000000032,18621.797
20240.16,38.9900000000016,18335.752
20240.17,39.0,18288.105
20240.18,39.01000000000204,18288.105
20240.19,39.02000000000044,18192.838
20240.2,39.030000000002474,18383.406
20240.21,39.04000000000087,18288.105
20240.22,39.05000000000291,18145.217
20240.23,39.06000000000131,18335.752
20240.24,39.07000000000335,18478.738
20240.25,39.080000000001746,18526.416
20240.26,39.090000000000146,18526.416
20240.27,39.10000000000218,18526.416
20240.28,39.11000000000058,18288.105
20240.29,39.12000000000262,18478.738
20240.3,39.13000000000102,18335.752
20240.31,39.140000000003056,18335.752
20240.32,39.150000000001455,18526.416
20240.33,39.16000000000349,18431.066
20240.34,39.17000000000189,18383.406
20240.35,39.18000000000029,18383.406
20240.36,39.19000000000233,18478.738
20240.37,39.20000000000073,18526.416
20240.38,39.210000000002765,18383.406
20240.39,39.220000000001164,18431.066
20240.4,39.2300000000032,18431.066
20240.41,39.2400000000016,18431.066
20240.42,39.25,18574.102
20240.43,39.26000000000204,18478.738
20240.44,39.27000000000044,18383.406
20240.45,39.280000000002474,18431.066
20240.46,39.29000000000087,18288.105
20240.47,39.30000000000291,18288.105
20240.48,39.31000000000131,18574.102
20240.49,39.32000000000335,18526.416
20240.5,39.330000000001746,18383.406
20240.51,39.340000000000146,18240.469
20240.52,39.35000000000218,18478.738
20240.53,39.36000000000058,18383.406
20240.54,39.37000000000262,18288.105
20240.55,39.38000000000102,18478.738
20240.56,39.390000000003056,18240.469
20240.57,39.400000000001455,18478.738
20240.58,39.41000000000349,18621.797
20240.59,39.42000000000189,18383.406
20240.6,39.43000000000029,18431.066
20240.61,39.44000000000233,18335.752
20240.62,39.45000000000073,18288.105
20240.63,39.460000000002765,18526.416
20240.64,39.470000000001164,18526.416
20240.65,39.4800000000032,18431.066
20240.66,39.4900000000016,18621.797
20240.67,39.5,18383.406
20240.68,39.51000000000204,18431.066
20240.69,39.52000000000044,18526.416
20240.7,39.530000000002474,18431.066
20240.71,39.54000000000087,18478.738
20240.72,39.55000000000291,18431.066
20240.73,39.56000000000131,18383.406
20240.74,39.57000000000335,18383.406
20240.75,39.580000000001746,18526.416
20240.76,39.590000000000146,18240.469
20240.77,39.60000000000218,18288.105
20240.78,39.61000000000058,18383.406
20240.79,39.62000000000262,18431.066
20240.8,39.63000000000102,18383.406
20240.81,39.640000000003056,18478.738
20240.82,39.650000000001455,18478.738
20240.83,39.66000000000349,18240.469
20240.84,39.67000000000189,18383.406
20240.85,39.68000000000029,18478.738
20240.86,39.69000000000233,18621.797
20240.87,39.70000000000073,18478.738
20240.88,39.710000000002765,18574.102
20240.89,39.720000000001164,18383.406
20240.9,39.7300000000032,18288.105
20240.91,39.7400000000016,18526.416
20240.92,39.75,18478.738
20240.93,39.76000000000204,18478.738
20240.94,39.77000000000044,18288.105
20240.95,39.780000000002474,18431.066
20240.96,39.79000000000087,18431.066
20240.97,39.80000000000291,18431.066
20240.98,39.81000000000131,18383.406
20240.99,39.82000000000335,18526.416
20241.0,39.830000000001746,18145.217
20241.01,39.840000000000146,18621.797
20241.02,39.85000000000218,18383.406
20241.03,39.86000000000058,18383.406
20241.04,39.87000000000262,18431.066
20241.05,39.88000000000102,18192.838
20241.06,39.890000000003056,18621.797
20241.07,39.900000000001455,18431.066
20241.08,39.91000000000349,18526.416
20241.09,39.92000000000189,18478.738
20241.1,39.93000000000029,18621.797
20241.11,39.94000000000233,18383.406
20241.12,39.95000000000073,18383.406
20241.13,39.960000000002765,18478.738
20241.14,39.970000000001164,18478.738
20241.15,39.9800000000032,18288.105
20241.16,39.9900000000016,18431.066
20241.17,40.0,18288.105
20241.18,40.01000000000204,18478.738
20241.19,40.02000000000044,18431.066
20241.2,40.030000000002474,18478.738
20241.21,40.04000000000087,18383.406
20241.22,40.05000000000291,18431.066
20241.23,40.06000000000131,18431.066
20241.24,40.07000000000335,18335.752
20241.25,40.080000000001746,18288.105
20241.26,40.090000000000146,18431.066
20241.27,40.10000000000218,18717.209
20241.28,40.11000000000058,18288.105
20241.29,40.12000000000262,18478.738
20241.3,40.13000000000102,18383.406
20241.31,40.140000000003056,18383.406
20241.32,40.150000000001455,18526.416
20241.33,40.16000000000349,18478.738
20241.34,40.17000000000189,18526.416
20241.35,40.18000000000029,18526.416
20241.36,40.19000000000233,18621.797
20241.37,40.20000000000073,18383.406
20241.38,40.210000000002765,18431.066
20241.39,40.220000000001164,18526.416
20241.4,40.2300000000032,18288.105
20241.41,40.2400000000016,18288.105
20241.42,40.25,18574.102
20241.43,40.26000000000204,18335.752
20241.44,40.27000000000044,18526.416
20241.45,40.280000000002474,18621.797
20241.46,40.29000000000087,18478.738
20241.47,40.30000000000291,18478.738
20241.48,40.31000000000131,18478.738
20241.49,40.32000000000335,18478.738
20241.5,40.330000000001746,18288.105
20241.51,40.340000000000146,18335.752
20241.52,40.35000000000218,18478.738
20241.53,40.36000000000058,18478.738
20241.54,40.37000000000262,18478.738
20241.55,40.38000000000102,18335.752
20241.56,40.390000000003056,18574.102
20241.57,40.400000000001455,18478.738
20241.58,40.41000000000349,18526.416
20241.59,40.42000000000189,18335.752
20241.6,40.43000000000029,18383.406
20241.61,40.44000000000233,18288.105
20241.62,40.45000000000073,18621.797
20241.63,40.460000000002765,18478.738
20241.64,40.470000000001164,18431.066
20241.65,40.4800000000032,18335.752
20241.66,40.4900000000016,18383.406
20241.67,40.5,18288.105
20241.68,40.51000000000204,18383.406
20241.69,40.52000000000044,18478.738
20241.7,40.530000000002474,18526.416
20241.71,40.54000000000087,18335.752
20241.72,40.55000000000291,18526.416
20241.73,40.56000000000131,18335.752
20241.74,40.57000000000335,18574.102
20241.75,40.580000000001746,18478.738
20241.76,40.590000000000146,18431.066
20241.77,40.60000000000218,18574.102
20241.78,40.61000000000058,18335.752
20241.79,40.62000000000262,18574.102
20241.8,40.63000000000102,18526.416
20241.81,40.640000000003056,18383.406
20241.82,40.650000000001455,18431.066
20241.83,40.66000000000349,18383.406
20241.84,40.67000000000189,18335.752
20241.85,40.68000000000029,18383.406
20241.86,40.69000000000233,18335.752
20241.87,40.70000000000073,18526.416
20241.88,40.710000000002765,18526.416
20241.89,40.720000000001164,18526.416
20241.9,40.7300000000032,18383.406
20241.91,40.7400000000016,18383.406
20241.92,40.75,18478.738
20241.93,40.76000000000204,18478.738
20241.94,40.77000000000044,18431.066
20241.95,40.780000000002474,18526.416
20241.96,40.79000000000087,18335.752
20241.97,40.80000000000291,18526.416
20241.98,40.81000000000131,18383.406
20241.99,40.82000000000335,18478.738
20242.0,40.830000000001746,18478.738
20242.01,40.840000000000146,18383.406
20242.02,40.85000000000218,18478.738
20242.03,40.86000000000058,18431.066
20242.04,40.87000000000262,18431.066
20242.05,40.88000000000102,18574.102
20242.06,40.890000000003056,18478.738
20242.07,40.900000000001455,18383.406
20242.08,40.91000000000349,18478.738
20242.09,40.92000000000189,18192.838
20242.1,40.93000000000029,18288.105
20242.11,40.94000000000233,18478.738
20242.12,40.95000000000073,18478.738
20242.13,40.960000000002765,18335.752
20242.14,40.970000000001164,18717.209
20242.15,40.9800000000032,18288.105
20242.16,40.9900000000016,18288.105
20242.17,41.0,18431.066
20242.18,41.01000000000204,18478.738
20242.19,41.02000000000044,18288.105
20242.2,41.030000000002474,18335.752
20242.21,41.04000000000087,18192.838
20242.22,41.05000000000291,18097.604
20242.23,41.06000000000131,18431.066
20242.24,41.07000000000335,18383.406
20242.25,41.080000000001746,18431.066
20242.26,41.090000000000146,18431.066
20242.27,41.10000000000218,18288.105
20242.28,41.11000000000058,18526.416
20242.29,41.12000000000262,18335.752
20242.3,41.13000000000102,18478.738
20242.31,41.140000000003056,18335.752
20242.32,41.150000000001455,18383.406
20242.33,41.16000000000349,18383.406
20242.34,41.17000000000189,18526.416
20242.35,41.18000000000029,18383.406
20242.36,41.19000000000233,18526.416
20242.37,41.20000000000073,18526.416
20242.38,41.210000000002765,18478.738
20242.39,41.220000000001164,18478.738
20242.4,41.2300000000032,18526.416
20242.41,41.2400000000016,18383.406
20242.42,41.25,18288.105
20242.43,41.26000000000204,18431.066
20242.44,41.27000000000044,18621.797
20242.45,41.280000000002474,18335.752
20242.46,41.29000000000087,18478.738
20242.47,41.30000000000291,18431.066
20242.48,41.31000000000131,18478.738
20242.49,41.32000000000335,18478.738
20242.5,41.330000000001746,18431.066
20242.51,41.340000000000146,18192.838
20242.52,41.35000000000218,18335.752
20242.53,41.36000000000058,18431.066
20242.54,41.37000000000262,18383.406
20242.55,41.38000000000102,18431.066
20242.56,41.390000000003056,18621.797
20242.57,41.400000000001455,18478.738
20242.58,41.41000000000349,18478.738
20242.59,41.42000000000189,18478.738
20242.6,41.43000000000029,18288.105
20242.61,41.44000000000233,18621.797
20242.62,41.45000000000073,18526.416
20242.63,41.460000000002765,18383.406
20242.64,41.470000000001164,18526.416
20242.65,41.4800000000032,18383.406
20242.66,41.4900000000016,18526.416
20242.67,41.5,18478.738
20242.68,41.51000000000204,18526.416
20242.69,41.52000000000044,18478.738
20242.7,41.530000000002474,18478.738
20242.71,41.54000000000087,18431.066
20242.72,41.55000000000291,18335.752
20242.73,41.56000000000131,18335.752
20242.74,41.57000000000335,18431.066
20242.75,41.580000000001746,18621.797
20242.76,41.590000000000146,18431.066
20242.77,41.60000000000218,18574.102
20242.78,41.61000000000058,18478.738
20242.79,41.62000000000262,18526.416
20242.8,41.63000000000102,18526.416
20242.81,41.640000000003056,18621.797
20242.82,41.650000000001455,18574.102
20242.83,41.66000000000349,18335.752
20242.84,41.67000000000189,18669.498
20242.85,41.68000000000029,18478.738
20242.86,41.69000000000233,18431.066
20242.87,41.70000000000073,18383.406
20242.88,41.710000000002765,18335.752
20242.89,41.720000000001164,18526.416
20242.9,41.7300000000032,18383.406
20242.91,41.7400000000016,18717.209
20242.92,41.75,18526.416
20242.93,41.76000000000204,18288.105
20242.94,41.77000000000044,18335.752
20242.95,41.780000000002474,18478.738
20242.96,41.79000000000087,18335.752
20242.97,41.80000000000291,18431.066
20242.98,41.81000000000131,18526.416
20242.99,41.82000000000335,18526.416
20243.0,41.830000000001746,18717.209
20243.01,41.840000000000146,18526.416
20243.02,41.85000000000218,18478.738
20243.03,41.86000000000058,18574.102
20243.04,41.87000000000262,18526.416
20243.05,41.88000000000102,18478.738
20243.06,41.890000000003056,18621.797
20243.07,41.900000000001455,18478.738
20243.08,41.91000000000349,18526.416
20243.09,41.92000000000189,18431.066
20243.1,41.93000000000029,18621.797
20243.11,41.94000000000233,18478.738
20243.12,41.95000000000073,18383.406
20243.13,41.960000000002765,18240.469
20243.14,41.970000000001164,18431.066
20243.15,41.9800000000032,18335.752
20243.16,41.9900000000016,18478.738
20243.17,42.0,18526.416
20243.18,42.01000000000204,18526.416
20243.19,42.02000000000044,18383.406
20243.2,42.030000000002474,18526.416
20243.21,42.04000000000087,18335.752
20243.22,42.05000000000291,18335.752
20243.23,42.06000000000131,18431.066
20243.24,42.07000000000335,18526.416
20243.25,42.080000000001746,18669.498
20243.26,42.090000000000146,18335.752
20243.27,42.10000000000218,18478.738
20243.28,42.11000000000058,18431.066
20243.29,42.12000000000262,18526.416
20243.3,42.13000000000102,18383.406
20243.31,42.140000000003056,18478.738
20243.32,42.150000000001455,18335.752
20243.33,42.16000000000349,18621.797
20243.34,42.17000000000189,18431.066
20243.35,42.18000000000029,18383.406
20243.36,42.19000000000233,18383.406
20243.37,42.20000000000073,18288.105
20243.38,42.210000000002765,18478.738
20243.39,42.220000000001164,18574.102
20243.4,42.2300000000032,18383.406
20243.41,42.2400000000016,18478.738
20243.42,42.25,18526.416
20243.43,42.26000000000204,18478.738
20243.44,42.27000000000044,18526.416
20243.45,42.280000000002474,18383.406
20243.46,42.29000000000087,18478.738
20243.47,42.30000000000291,18478.738
20243.48,42.31000000000131,18574.102
20243.49,42.32000000000335,18383.406
20243.5,42.330000000001746,18478.738
20243.51,42.340000000000146,18383.406
20243.52,42.35000000000218,18526.416
20243.53,42.36000000000058,18478.738
20243.54,42.37000000000262,18574.102
20243.55,42.38000000000102,18478.738
20243.56,42.390000000003056,18478.738
20243.57,42.400000000001455,18526.416
20243.58,42.41000000000349,18383.406
20243.59,42.42000000000189,18526.416
20243.6,42.43000000000029,18431.066
20243.61,42.44000000000233,18717.209
20243.62,42.45000000000073,18526.416
20243.63,42.460000000002765,18478.738
20243.64,42.470000000001164,18526.416
20243.65,42.4800000000032,18526.416
20243.66,42.4900000000016,18526.416
20243.67,42.5,18478.738
20243.68,42.51000000000204,18431.066
20243.69,42.52000000000044,18478.738
20243.7,42.530000000002474,18335.752
20243.71,42.54000000000087,18478.738
20243.72,42.55000000000291,18478.738
20243.73,42.56000000000131,18383.406
20243.74,42.57000000000335,18621.797
20243.75,42.580000000001746,18478.738
20243.76,42.590000000000146,18383.406
20243.77,42.60000000000218,18526.416
20243.78,42.61000000000058,18335.752
20243.79,42.62000000000262,18526.416
20243.8,42.63000000000102,18478.738
20243.81,42.640000000003056,18431.066
20243.82,42.650000000001455,18383.406
20243.83,42.66000000000349,18478.738
20243.84,42.67000000000189,18478.738
20243.85,42.68000000000029,18431.066
20243.86,42.69000000000233,18526.416
20243.87,42.70000000000073,18574.102
20243.88,42.710000000002765,18431.066
20243.89,42.720000000001164,18669.498
20243.9,42.7300000000032,18383.406
20243.91,42.7400000000016,18383.406
20243.92,42.75,18478.738
20243.93,42.76000000000204,18335.752
20243.94,42.77000000000044,18431.066
20243.95,42.780000000002474,18669.498
20243.96,42.79000000000087,18526.416
20243.97,42.80000000000291,18669.498
20243.98,42.81000000000131,18431.066
20243.99,42.82000000000335,18431.066
20244.0,42.830000000001746,18431.066
20244.01,42.840000000000146,18383.406
20244.02,42.85000000000218,18478.738
20244.03,42.86000000000058,18335.752
20244.04,42.87000000000262,18574.102
20244.05,42.88000000000102,18431.066
20244.06,42.890000000003056,18431.066
20244.07,42.900000000001455,18574.102
20244.08,42.91000000000349,18431.066
20244.09,42.92000000000189,18288.105
20244.1,42.93000000000029,18478.738
20244.11,42.94000000000233,18431.066
20244.12,42.95000000000073,18574.102
20244.13,42.960000000002765,18431.066
20244.14,42.970000000001164,18478.738
20244.15,42.9800000000032,18478.738
20244.16,42.9900000000016,18431.066
20244.17,43.0,18240.469
20244.18,43.01000000000204,18192.838
20244.19,43.02000000000044,18383.406
20244.2,43.030000000002474,18335.752
20244.21,43.04000000000087,18335.752
20244.22,43.05000000000291,18621.797
20244.23,43.06000000000131,18478.738
20244.24,43.07000000000335,18431.066
20244.25,43.080000000001746,18574.102
20244.26,43.090000000000146,18335.752
20244.27,43.10000000000218,18478.738
20244.28,43.11000000000058,18431.066
20244.29,43.12000000000262,18526.416
20244.3,43.13000000000102,18621.797
20244.31,43.140000000003056,18478.738
20244.32,43.150000000001455,18335.752
20244.33,43.16000000000349,18431.066
20244.34,43.17000000000189,18478.738
20244.35,43.18000000000029,18383.406
20244.36,43.19000000000233,18526.416
20244.37,43.20000000000073,18478.738
20244.38,43.210000000002765,18717.209
20244.39,43.220000000001164,18574.102
20244.4,43.2300000000032,18431.066
20244.41,43.2400000000016,18526.416
20244.42,43.25,18335.752
20244.43,43.26000000000204,18431.066
20244.44,43.27000000000044,18764.928
20244.45,43.280000000002474,18288.105
20244.46,43.29000000000087,18335.752
20244.47,43.30000000000291,18478.738
20244.48,43.31000000000131,18621.797
20244.49,43.32000000000335,18478.738
20244.5,43.330000000001746,18288.105
20244.51,43.340000000000146,18478.738
20244.52,43.35000000000218,18431.066
20244.53,43.36000000000058,18431.066
20244.54,43.37000000000262,18383.406
20244.55,43.38000000000102,18526.416
20244.56,43.390000000003056,18574.102
20244.57,43.400000000001455,18478.738
20244.58,43.41000000000349,18621.797
20244.59,43.42000000000189,18526.416
20244.6,43.43000000000029,18526.416
20244.61,43.44000000000233,18335.752
20244.62,43.45000000000073,18478.738
20244.63,43.460000000002765,18478.738
20244.64,43.470000000001164,18717.209
20244.65,43.4800000000032,18431.066
20244.66,43.4900000000016,18288.105
20244.67,43.5,18431.066
20244.68,43.51000000000204,18335.752
20244.69,43.52000000000044,18526.416
20244.7,43.530000000002474,18383.406
20244.71,43.54000000000087,18431.066
20244.72,43.55000000000291,18383.406
20244.73,43.56000000000131,18621.797
20244.74,43.57000000000335,18526.416
20244.75,43.580000000001746,18526.416
20244.76,43.590000000000146,18383.406
20244.77,43.60000000000218,18288.105
20244.78,43.61000000000058,18526.416
20244.79,43.62000000000262,18478.738
20244.8,43.63000000000102,18526.416
20244.81,43.640000000003056,18431.066
20244.82,43.650000000001455,18669.498
20244.83,43.66000000000349,18431.066
20244.84,43.67000000000189,18478.738
20244.85,43.68000000000029,18574.102
20244.86,43.69000000000233,18335.752
20244.87,43.70000000000073,18574.102
20244.88,43.710000000002765,18431.066
20244.89,43.720000000001164,18526.416
20244.9,43.7300000000032,18526.416
20244.91,43.7400000000016,18431.066
20244.92,43.75,18526.416
20244.93,43.76000000000204,18383.406
20244.94,43.77000000000044,18478.738
20244.95,43.780000000002474,18526.416
20244.96,43.79000000000087,18669.498
20244.97,43.80000000000291,18431.066
20244.98,43.81000000000131,18383.406
20244.99,43.82000000000335,18478.738
20245.0,43.830000000001746,18621.797
20245.01,43.840000000000146,18478.738
20245.02,43.85000000000218,18574.102
20245.03,43.86000000000058,18383.406
20245.04,43.87000000000262,18383.406
20245.05,43.88000000000102,18288.105
20245.06,43.890000000003056,18431.066
20245.07,43.900000000001455,18383.406
20245.08,43.91000000000349,18526.416
20245.09,43.92000000000189,18526.416
20245.1,43.93000000000029,18335.752
20245.11,43.94000000000233,18478.738
20245.12,43.95000000000073,18478.738
20245.13,43.960000000002765,18669.498
20245.14,43.970000000001164,18574.102
20245.15,43.9800000000032,18383.406
20245.16,43.9900000000016,18383.406
20245.17,44.0,18478.738
20245.18,44.01000000000204,18478.738
20245.19,44.02000000000044,18526.416
20245.2,44.030000000002474,18383.406
20245.21,44.04000000000087,18574.102
20245.22,44.05000000000291,18526.416
20245.23,44.06000000000131,18478.738
20245.24,44.07000000000335,18574.102
20245.25,44.080000000001746,18574.102
20245.26,44.090000000000146,18526.416
20245.27,44.10000000000218,18478.738
20245.28,44.11000000000058,18288.105
20245.29,44.12000000000262,18478.738
20245.3,44.13000000000102,18383.406
20245.31,44.140000000003056,18478.738
20245.32,44.150000000001455,18526.416
20245.33,44.16000000000349,18335.752
20245.34,44.17000000000189,18288.105
20245.35,44.18000000000029,18383.406
20245.36,44.19000000000233,18335.752
20245.37,44.20000000000073,18526.416
20245.38,44.210000000002765,18574.102
20245.39,44.220000000001164,18478.738
20245.4,44.2300000000032,18383.406
20245.41,44.2400000000016,18288.105
20245.42,44.25,18431.066
20245.43,44.26000000000204,18574.102
20245.44,44.27000000000044,18526.416
20245.45,44.280000000002474,18383.406
20245.46,44.29000000000087,18431.066
20245.47,44.30000000000291,18431.066
20245.48,44.31000000000131,18383.406
20245.49,44.32000000000335,18335.752
20245.5,44.330000000001746,18288.105
20245.51,44.340000000000146,18478.738
20245.52,44.35000000000218,18478.738
20245.53,44.36000000000058,18526.416
20245.54,44.37000000000262,18526.416
20245.55,44.38000000000102,18431.066
20245.56,44.390000000003056,18478.738
20245.57,44.400000000001455,18431.066
20245.58,44.41000000000349,18526.416
20245.59,44.42000000000189,18574.102
20245.6,44.43000000000029,18478.738
20245.61,44.44000000000233,18335.752
20245.62,44.45000000000073,18383.406
20245.63,44.460000000002765,18478.738
20245.64,44.470000000001164,18574.102
20245.65,44.4800000000032,18288.105
20245.66,44.4900000000016,18335.752
20245.67,44.5,18383.406
20245.68,44.51000000000204,18574.102
20245.69,44.52000000000044,18478.738
20245.7,44.530000000002474,18383.406
20245.71,44.54000000000087,18383.406
20245.72,44.55000000000291,18288.105
20245.73,44.56000000000131,18383.406
20245.74,44.57000000000335,18431.066
20245.75,44.580000000001746,18478.738
20245.76,44.590000000000146,18431.066
20245.77,44.60000000000218,18669.498
20245.78,44.61000000000058,18526.416
20245.79,44.62000000000262,18431.066
20245.8,44.63000000000102,18335.752
20245.81,44.640000000003056,18431.066
20245.82,44.650000000001455,18383.406
20245.83,44.66000000000349,18383.406
20245.84,44.67000000000189,18526.416
20245.85,44.68000000000029,18478.738
20245.86,44.69000000000233,18288.105
20245.87,44.70000000000073,18717.209
20245.88,44.710000000002765,18478.738
20245.89,44.720000000001164,18764.928
20245.9,44.7300000000032,18526.416
20245.91,44.7400000000016,18478.738
20245.92,44.75,18383.406
20245.93,44.76000000000204,18335.752
20245.94,44.77000000000044,18431.066
20245.95,44.780000000002474,18526.416
20245.96,44.79000000000087,18526.416
20245.97,44.80000000000291,18478.738
20245.98,44.81000000000131,18478.738
20245.99,44.82000000000335,18478.738
20246.0,44.830000000001746,18478.738
20246.01,44.840000000000146,18383.406
20246.02,44.85000000000218,18431.066
20246.03,44.86000000000058,18478.738
20246.04,44.87000000000262,18478.738
20246.05,44.88000000000102,18240.469
20246.06,44.890000000003056,18431.066
20246.07,44.900000000001455,18478.738
20246.08,44.91000000000349,18478.738
20246.09,44.92000000000189,18383.406
20246.1,44.93000000000029,18431.066
20246.11,44.94000000000233,18574.102
20246.12,44.95000000000073,18621.797
20246.13,44.960000000002765,18335.752
20246.14,44.970000000001164,18478.738
20246.15,44.9800000000032,18288.105
20246.16,44.9900000000016,18383.406
20246.17,45.0,18431.066
20246.18,45.01000000000204,18097.604
20246.19,45.02000000000044,18383.406
20246.2,45.030000000002474,18478.738
20246.21,45.04000000000087,18431.066
20246.22,45.05000000000291,18621.797
20246.23,45.06000000000131,18431.066
20246.24,45.07000000000335,18431.066
20246.25,45.080000000001746,18383.406
20246.26,45.090000000000146,18383.406
20246.27,45.10000000000218,18574.102
20246.28,45.11000000000058,18431.066
20246.29,45.12000000000262,18526.416
20246.3,45.13000000000102,18526.416
20246.31,45.140000000003056,18478.738
20246.32,45.150000000001455,18478.738
20246.33,45.16000000000349,18335.752
20246.34,45.17000000000189,18478.738
20246.35,45.18000000000029,18383.406
20246.36,45.19000000000233,18574.102
20246.37,45.20000000000073,18478.738
20246.38,45.210000000002765,18478.738
20246.39,45.220000000001164,18621.797
20246.4,45.2300000000032,18478.738
20246.41,45.2400000000016,18478.738
20246.42,45.25,18526.416
20246.43,45.26000000000204,18431.066
20246.44,45.27000000000044,18335.752
20246.45,45.280000000002474,18431.066
20246.46,45.29000000000087,18526.416
20246.47,45.30000000000291,18717.209
20246.48,45.31000000000131,18621.797
20246.49,45.32000000000335,18478.738
20246.5,45.330000000001746,18478.738
20246.51,45.340000000000146,18288.105
20246.52,45.35000000000218,18383.406
20246.53,45.36000000000058,18478.738
20246.54,45.37000000000262,18812.656
20246.55,45.38000000000102,18478.738
20246.56,45.390000000003056,18478.738
20246.57,45.400000000001455,18431.066
20246.58,45.41000000000349,18431.066
20246.59,45.42000000000189,18431.066
20246.6,45.43000000000029,18335.752
20246.61,45.44000000000233,18526.416
20246.62,45.45000000000073,18431.066
20246.63,45.460000000002765,18621.797
20246.64,45.470000000001164,18669.498
20246.65,45.4800000000032,18478.738
20246.66,45.4900000000016,18717.209
20246.67,45.5,18526.416
20246.68,45.51000000000204,18478.738
20246.69,45.52000000000044,18574.102
20246.7,45.530000000002474,18288.105
20246.71,45.54000000000087,18288.105
20246.72,45.55000000000291,18478.738
20246.73,45.56000000000131,18478.738
20246.74,45.57000000000335,18526.416
20246.75,45.580000000001746,18526.416
20246.76,45.590000000000146,18574.102
20246.77,45.60000000000218,18526.416
20246.78,45.61000000000058,18478.738
20246.79,45.62000000000262,18478.738
20246.8,45.63000000000102,18621.797
20246.81,45.640000000003056,18669.498
20246.82,45.650000000001455,18526.416
20246.83,45.66000000000349,18478.738
20246.84,45.67000000000189,18383.406
20246.85,45.68000000000029,18574.102
20246.86,45.69000000000233,18335.752
20246.87,45.70000000000073,18288.105
20246.88,45.710000000002765,18431.066
20246.89,45.720000000001164,18717.209
20246.9,45.7300000000032,18574.102
20246.91,45.7400000000016,18335.752
20246.92,45.75,18288.105
20246.93,45.76000000000204,18383.406
20246.94,45.77000000000044,18478.738
20246.95,45.780000000002474,18335.752
20246.96,45.79000000000087,18478.738
20246.97,45.80000000000291,18621.797
20246.98,45.81000000000131,18478.738
20246.99,45.82000000000335,18478.738
20247.0,45.830000000001746,18574.102
20247.01,45.840000000000146,18288.105
20247.02,45.85000000000218,18288.105
20247.03,45.86000000000058,18526.416
20247.04,45.87000000000262,18621.797
20247.05,45.88000000000102,18335.752
20247.06,45.890000000003056,18478.738
20247.07,45.900000000001455,18621.797
20247.08,45.91000000000349,18478.738
20247.09,45.92000000000189,18621.797
20247.1,45.93000000000029,18574.102
20247.11,45.94000000000233,18383.406
20247.12,45.95000000000073,18288.105
20247.13,45.960000000002765,18478.738
20247.14,45.970000000001164,18621.797
20247.15,45.9800000000032,18383.406
20247.16,45.9900000000016,18431.066
20247.17,46.0,18478.738
20247.18,46.01000000000204,18621.797
20247.19,46.02000000000044,18431.066
20247.2,46.030000000002474,18335.752
20247.21,46.04000000000087,18431.066
20247.22,46.05000000000291,18526.416
20247.23,46.06000000000131,18621.797
20247.24,46.07000000000335,18526.416
20247.25,46.080000000001746,18478.738
20247.26,46.090000000000146,18717.209
20247.27,46.10000000000218,18526.416
20247.28,46.11000000000058,18383.406
20247.29,46.12000000000262,18478.738
20247.3,46.13000000000102,18526.416
20247.31,46.140000000003056,18526.416
20247.32,46.150000000001455,18621.797
20247.33,46.16000000000349,18621.797
20247.34,46.17000000000189,18478.738
20247.35,46.18000000000029,18526.416
20247.36,46.19000000000233,18431.066
20247.37,46.20000000000073,18526.416
20247.38,46.210000000002765,18383.406
20247.39,46.220000000001164,18526.416
20247.4,46.2300000000032,18288.105
20247.41,46.2400000000016,18478.738
20247.42,46.25,18621.797
20247.43,46.26000000000204,18526.416
20247.44,46.27000000000044,18478.738
20247.45,46.280000000002474,18717.209
20247.46,46.29000000000087,18526.416
20247.47,46.30000000000291,18526.416
20247.48,46.31000000000131,18478.738
20247.49,46.32000000000335,18288.105
20247.5,46.330000000001746,18478.738
20247.51,46.340000000000146,18431.066
20247.52,46.35000000000218,18383.406
20247.53,46.36000000000058,18478.738
20247.54,46.37000000000262,18431.066
20247.55,46.38000000000102,18669.498
20247.56,46.390000000003056,18335.752
20247.57,46.400000000001455,18717.209
20247.58,46.41000000000349,18574.102
20247.59,46.42000000000189,18526.416
20247.6,46.43000000000029,18383.406
20247.61,46.44000000000233,18478.738
20247.62,46.45000000000073,18812.656
20247.63,46.460000000002765,18383.406
20247.64,46.470000000001164,18288.105
20247.65,46.4800000000032,18288.105
20247.66,46.4900000000016,18526.416
20247.67,46.5,18574.102
20247.68,46.51000000000204,18526.416
20247.69,46.52000000000044,18431.066
20247.7,46.530000000002474,18383.406
20247.71,46.54000000000087,18574.102
20247.72,46.55000000000291,18431.066
20247.73,46.56000000000131,18240.469
20247.74,46.57000000000335,18335.752
20247.75,46.580000000001746,18431.066
20247.76,46.590000000000146,18478.738
20247.77,46.60000000000218,18574.102
20247.78,46.61000000000058,18478.738
20247.79,46.62000000000262,18431.066
20247.8,46.63000000000102,18383.406
20247.81,46.640000000003056,18288.105
20247.82,46.650000000001455,18478.738
20247.83,46.66000000000349,18478.738
20247.84,46.67000000000189,18431.066
20247.85,46.68000000000029,18574.102
20247.86,46.69000000000233,18526.416
20247.87,46.70000000000073,18621.797
20247.88,46.710000000002765,18431.066
20247.89,46.720000000001164,18717.209
20247.9,46.7300000000032,18383.406
20247.91,46.7400000000016,18526.416
20247.92,46.75,18288.105
20247.93,46.76000000000204,18526.416
20247.94,46.77000000000044,18478.738
20247.95,46.780000000002474,18431.066
20247.96,46.79000000000087,18431.066
20247.97,46.80000000000291,18621.797
20247.98,46.81000000000131,18288.105
20247.99,46.82000000000335,18431.066
20248.0,46.830000000001746,18478.738
20248.01,46.840000000000146,18478.738
20248.02,46.85000000000218,18431.066
20248.03,46.86000000000058,18574.102
20248.04,46.87000000000262,18478.738
20248.05,46.88000000000102,18478.738
20248.06,46.890000000003056,18478.738
20248.07,46.900000000001455,18335.752
20248.08,46.91000000000349,18526.416
20248.09,46.92000000000189,18478.738
20248.1,46.93000000000029,18574.102
20248.11,46.94000000000233,18383.406
20248.12,46.95000000000073,18574.102
20248.13,46.960000000002765,18717.209
20248.14,46.970000000001164,18526.416
20248.15,46.9800000000032,18240.469
20248.16,46.9900000000016,18383.406
20248.17,47.0,18383.406
20248.18,47.01000000000204,18431.066
20248.19,47.02000000000044,18240.469
20248.2,47.030000000002474,18383.406
20248.21,47.04000000000087,18240.469
20248.22,47.05000000000291,18335.752
20248.23,47.06000000000131,18431.066
20248.24,47.07000000000335,18288.105
20248.25,47.080000000001746,18431.066
20248.26,47.090000000000146,18050.0
20248.27,47.10000000000218,18431.066
20248.28,47.11000000000058,18478.738
20248.29,47.12000000000262,18192.838
20248.3,47.13000000000102,18526.416
20248.31,47.140000000003056,18383.406
20248.32,47.150000000001455,18526.416
20248.33,47.16000000000349,18383.406
20248.34,47.17000000000189,18478.738
20248.35,47.18000000000029,18526.416
20248.36,47.19000000000233,18383.406
20248.37,47.20000000000073,18288.105
20248.38,47.210000000002765,18431.066
20248.39,47.220000000001164,18478.738
20248.4,47.2300000000032,18288.105
20248.41,47.2400000000016,18431.066
20248.42,47.25,18431.066
20248.43,47.26000000000204,18526.416
20248.44,47.27000000000044,18431.066
20248.45,47.280000000002474,18717.209
20248.46,47.29000000000087,18574.102
20248.47,47.30000000000291,18478.738
20248.48,47.31000000000131,18478.738
20248.49,47.32000000000335,18335.752
20248.5,47.330000000001746,18383.406
20248.51,47.340000000000146,18383.406
20248.52,47.35000000000218,18383.406
20248.53,47.36000000000058,18526.416
20248.54,47.37000000000262,18478.738
20248.55,47.38000000000102,18478.738
20248.56,47.390000000003056,18288.105
20248.57,47.400000000001455,18526.416
20248.58,47.41000000000349,18478.738
20248.59,47.42000000000189,18431.066
20248.6,47.43000000000029,18431.066
20248.61,47.44000000000233,18478.738
20248.62,47.45000000000073,18669.498
20248.63,47.460000000002765,18240.469
20248.64,47.470000000001164,18478.738
20248.65,47.4800000000032,18383.406
20248.66,47.4900000000016,18478.738
20248.67,47.5,18431.066
20248.68,47.51000000000204,18478.738
20248.69,47.52000000000044,18383.406
20248.7,47.530000000002474,18526.416
20248.71,47.54000000000087,18574.102
20248.72,47.55000000000291,18526.416
20248.73,47.56000000000131,18526.416
20248.74,47.57000000000335,18526.416
20248.75,47.580000000001746,18574.102
20248.76,47.590000000000146,18526.416
20248.77,47.60000000000218,18478.738
20248.78,47.61000000000058,18526.416
20248.79,47.62000000000262,18669.498
20248.8,47.63000000000102,18574.102
20248.81,47.640000000003056,18383.406
20248.82,47.650000000001455,18431.066
20248.83,47.66000000000349,18526.416
20248.84,47.67000000000189,18383.406
20248.85,47.68000000000029,18383.406
20248.86,47.69000000000233,18478.738
20248.87,47.70000000000073,18431.066
20248.88,47.710000000002765,18621.797
20248.89,47.720000000001164,18717.209
20248.9,47.7300000000032,18478.738
20248.91,47.7400000000016,18478.738
20248.92,47.75,18478.738
20248.93,47.76000000000204,18574.102
20248.94,47.77000000000044,18431.066
20248.95,47.780000000002474,18478.738
20248.96,47.79000000000087,18526.416
20248.97,47.80000000000291,18621.797
20248.98,47.81000000000131,18478.738
20248.99,47.82000000000335,18526.416
20249.0,47.830000000001746,18383.406
20249.01,47.840000000000146,18335.752
20249.02,47.85000000000218,18526.416
20249.03,47.86000000000058,18240.469
20249.04,47.87000000000262,18192.838
20249.05,47.88000000000102,18621.797
20249.06,47.890000000003056,18383.406
20249.07,47.900000000001455,18526.416
20249.08,47.91000000000349,18621.797
20249.09,47.92000000000189,18431.066
20249.1,47.93000000000029,18478.738
20249.11,47.94000000000233,18478.738
20249.12,47.95000000000073,18431.066
20249.13,47.960000000002765,18526.416
20249.14,47.970000000001164,18812.656
20249.15,47.9800000000032,18526.416
20249.16,47.9900000000016,18383.406
20249.17,48.0,18621.797
20249.18,48.01000000000204,18431.066
20249.19,48.02000000000044,18431.066
20249.2,48.030000000002474,18526.416
20249.21,48.04000000000087,18431.066
20249.22,48.05000000000291,18478.738
20249.23,48.06000000000131,18669.498
20249.24,48.07000000000335,18335.752
20249.25,48.080000000001746,18478.738
20249.26,48.090000000000146,18288.105
20249.27,48.10000000000218,18574.102
20249.28,48.11000000000058,18526.416
20249.29,48.12000000000262,18526.416
20249.3,48.13000000000102,18478.738
20249.31,48.140000000003056,18431.066
20249.32,48.150000000001455,18478.738
20249.33,48.16000000000349,18574.102
20249.34,48.17000000000189,18335.752
20249.35,48.18000000000029,18574.102
20249.36,48.19000000000233,18574.102
20249.37,48.20000000000073,18478.738
20249.38,48.210000000002765,18526.416
20249.39,48.220000000001164,18717.209
20249.4,48.2300000000032,18526.416
20249.41,48.2400000000016,18526.416
20249.42,48.25,18431.066
20249.43,48.26000000000204,18478.738
20249.44,48.27000000000044,18526.416
20249.45,48.280000000002474,18288.105
20249.46,48.29000000000087,18335.752
20249.47,48.30000000000291,18431.066
20249.48,48.31000000000131,18574.102
20249.49,48.32000000000335,18478.738
20249.5,48.330000000001746,18478.738
20249.51,48.340000000000146,18526.416
20249.52,48.35000000000218,18526.416
20249.53,48.36000000000058,18383.406
20249.54,48.37000000000262,18526.416
20249.55,48.38000000000102,18669.498
20249.56,48.390000000003056,18478.738
20249.57,48.400000000001455,18526.416
20249.58,48.41000000000349,18383.406
20249.59,48.42000000000189,18621.797
20249.6,48.43000000000029,18335.752
20249.61,48.44000000000233,18431.066
20249.62,48.45000000000073,18526.416
20249.63,48.460000000002765,18717.209
20249.64,48.470000000001164,18526.416
20249.65,48.4800000000032,18431.066
20249.66,48.4900000000016,18526.416
20249.67,48.5,18478.738
20249.68,48.51000000000204,18478.738
20249.69,48.52000000000044,18335.752
20249.7,48.530000000002474,18574.102
20249.71,48.54000000000087,18288.105
20249.72,48.55000000000291,18335.752
20249.73,48.56000000000131,18335.752
20249.74,48.57000000000335,18574.102
20249.75,48.580000000001746,18526.416
20249.76,48.590000000000146,18574.102
20249.77,48.60000000000218,18621.797
20249.78,48.61000000000058,18478.738
20249.79,48.62000000000262,18526.416
20249.8,48.63000000000102,18478.738
20249.81,48.640000000003056,18431.066
20249.82,48.650000000001455,18526.416
20249.83,48.66000000000349,18574.102
20249.84,48.67000000000189,18526.416
20249.85,48.68000000000029,18621.797
20249.86,48.69000000000233,18526.416
20249.87,48.70000000000073,18288.105
20249.88,48.710000000002765,18574.102
20249.89,48.720000000001164,18621.797
20249.9,48.7300000000032,18478.738
20249.91,48.7400000000016,18383.406
20249.92,48.75,18669.498
20249.93,48.76000000000204,18431.066
20249.94,48.77000000000044,18621.797
20249.95,48.780000000002474,18526.416
20249.96,48.79000000000087,18431.066
20249.97,48.80000000000291,18431.066
20249.98,48.81000000000131,18717.209
20249.99,48.82000000000335,18478.738
20250.0,48.830000000001746,18574.102
20250.01,48.840000000000146,18574.102
20250.02,48.85000000000218,18574.102
20250.03,48.86000000000058,18478.738
20250.04,48.87000000000262,18621.797
20250.05,48.88000000000102,18383.406
20250.06,48.890000000003056,18621.797
20250.07,48.900000000001455,18478.738
20250.08,48.91000000000349,18431.066
20250.09,48.92000000000189,18717.209
20250.1,48.93000000000029,18478.738
20250.11,48.94000000000233,18478.738
20250.12,48.95000000000073,18526.416
20250.13,48.960000000002765,18574.102
20250.14,48.970000000001164,18383.406
20250.15,48.9800000000032,18288.105
20250.16,48.9900000000016,18431.066
20250.17,49.0,18526.416
20250.18,49.01000000000204,18478.738
20250.19,49.02000000000044,18526.416
20250.2,49.030000000002474,18478.738
20250.21,49.04000000000087,18431.066
20250.22,49.05000000000291,18478.738
20250.23,49.06000000000131,18431.066
20250.24,49.07000000000335,18383.406
20250.25,49.080000000001746,18621.797
20250.26,49.090000000000146,18383.406
20250.27,49.10000000000218,18717.209
20250.28,49.11000000000058,18478.738
20250.29,49.12000000000262,18669.498
20250.3,49.13000000000102,18478.738
20250.31,49.140000000003056,18574.102
20250.32,49.150000000001455,18526.416
20250.33,49.16000000000349,18431.066
20250.34,49.17000000000189,18431.066
20250.35,49.18000000000029,18621.797
20250.36,49.19000000000233,18383.406
20250.37,49.20000000000073,18574.102
20250.38,49.210000000002765,18621.797
20250.39,49.220000000001164,18574.102
20250.4,49.2300000000032,18526.416
20250.41,49.2400000000016,18526.416
20250.42,49.25,18383.406
20250.43,49.26000000000204,18431.066
20250.44,49.27000000000044,18478.738
20250.45,49.280000000002474,18431.066
20250.46,49.29000000000087,18574.102
20250.47,49.30000000000291,18478.738
20250.48,49.31000000000131,18526.416
20250.49,49.32000000000335,18431.066
20250.5,49.330000000001746,18335.752
20250.51,49.340000000000146,18526.416
20250.52,49.35000000000218,18526.416
20250.53,49.36000000000058,18478.738
20250.54,49.37000000000262,18526.416
20250.55,49.38000000000102,18431.066
20250.56,49.390000000003056,18478.738
20250.57,49.400000000001455,18574.102
20250.58,49.41000000000349,18478.738
20250.59,49.42000000000189,18478.738
20250.6,49.43000000000029,18526.416
20250.61,49.44000000000233,18669.498
20250.62,49.45000000000073,18478.738
20250.63,49.460000000002765,18526.416
20250.64,49.470000000001164,18431.066
20250.65,49.4800000000032,18383.406
20250.66,49.4900000000016,18431.066
20250.67,49.5,18335.752
20250.68,49.51000000000204,18478.738
20250.69,49.52000000000044,18478.738
20250.7,49.530000000002474,18478.738
20250.71,49.54000000000087,18431.066
20250.72,49.55000000000291,18526.416
20250.73,49.56000000000131,18478.738
20250.74,49.57000000000335,18288.105
20250.75,49.580000000001746,18383.406
20250.76,49.590000000000146,18431.066
20250.77,49.60000000000218,18526.416
20250.78,49.61000000000058,18574.102
20250.79,49.62000000000262,18669.498
20250.8,49.63000000000102,18526.416
20250.81,49.640000000003056,18526.416
20250.82,49.650000000001455,18574.102
20250.83,49.66000000000349,18383.406
20250.84,49.67000000000189,18478.738
20250.85,49.68000000000029,18383.406
20250.86,49.69000000000233,18526.416
20250.87,49.70000000000073,18574.102
20250.88,49.710000000002765,18383.406
20250.89,49.720000000001164,18621.797
20250.9,49.7300000000032,18478.738
20250.91,49.7400000000016,18288.105
20250.92,49.75,18431.066
20250.93,49.76000000000204,18431.066
20250.94,49.77000000000044,18574.102
20250.95,49.780000000002474,18526.416
20250.96,49.79000000000087,18478.738
20250.97,49.80000000000291,18431.066
20250.98,49.81000000000131,18478.738
20250.99,49.82000000000335,18383.406
20251.0,49.830000000001746,18431.066
20251.01,49.840000000000146,18335.752
20251.02,49.85000000000218,18383.406
20251.03,49.86000000000058,18478.738
20251.04,49.87000000000262,18574.102
20251.05,49.88000000000102,18574.102
20251.06,49.890000000003056,18478.738
20251.07,49.900000000001455,18526.416
20251.08,49.91000000000349,18383.406
20251.09,49.92000000000189,18526.416
20251.1,49.93000000000029,18288.105
20251.11,49.94000000000233,18526.416
20251.12,49.95000000000073,18574.102
20251.13,49.960000000002765,18574.102
20251.14,49.970000000001164,18478.738
20251.15,49.9800000000032,18288.105
20251.16,49.9900000000016,18383.406
20251.17,50.0,18478.738
20251.18,50.01000000000204,18669.498
20251.19,50.02000000000044,18288.105
20251.2,50.030000000002474,18526.416
20251.21,50.04000000000087,18383.406
20251.22,50.05000000000291,18574.102
20251.23,50.06000000000131,18478.738
20251.24,50.07000000000335,18431.066
20251.25,50.080000000001746,18383.406
20251.26,50.090000000000146,18478.738
20251.27,50.10000000000218,18574.102
20251.28,50.11000000000058,18574.102
20251.29,50.12000000000262,18478.738
20251.3,50.13000000000102,19194.764
20251.31,50.140000000003056,20152.309
20251.32,50.150000000001455,20296.221
20251.33,50.16000000000349,20296.221
20251.34,50.17000000000189,20392.201
20251.35,50.18000000000029,20344.207
20251.36,50.19000000000233,20296.221
20251.37,50.20000000000073,20392.201
20251.38,50.210000000002765,20296.221
20251.39,50.220000000001164,20344.207
20251.4,50.2300000000032,20296.221
20251.41,50.2400000000016,20344.207
20251.42,50.25,20296.221
20251.43,50.26000000000204,20344.207
20251.44,50.27000000000044,20392.201
20251.45,50.280000000002474,20440.205
20251.46,50.29000000000087,20296.221
20251.47,50.30000000000291,20248.24
20251.48,50.31000000000131,20440.205
20251.49,50.32000000000335,20344.207
20251.5,50.330000000001746,20104.354
20251.51,50.340000000000146,20200.271
20251.52,50.35000000000218,20488.217
20251.53,50.36000000000058,20392.201
20251.54,50.37000000000262,20440.205
20251.55,50.38000000000102,20392.201
20251.56,50.390000000003056,20344.207
20251.57,50.400000000001455,20392.201
20251.58,50.41000000000349,20104.354
20251.59,50.42000000000189,20344.207
20251.6,50.43000000000029,20440.205
20251.61,50.44000000000233,20152.309
20251.62,50.45000000000073,20392.201
20251.63,50.460000000002765,20536.236
20251.64,50.470000000001164,20344.207
20251.65,50.4800000000032,20104.354
20251.66,50.4900000000016,20344.207
20251.67,50.5,20248.24
20251.68,50.51000000000204,20200.271
20251.69,50.52000000000044,20200.271
20251.7,50.530000000002474,20104.354
20251.71,50.54000000000087,20248.24
20251.72,50.55000000000291,20200.271
20251.73,50.56000000000131,20392.201
20251.74,50.57000000000335,20248.24
20251.75,50.580000000001746,20152.309
20251.76,50.590000000000146,20008.469
20251.77,50.60000000000218,20440.205
20251.78,50.61000000000058,20440.205
20251.79,50.62000000000262,20200.271
20251.8,50.63000000000102,20296.221
20251.81,50.640000000003056,20296.221
20251.82,50.650000000001455,20200.271
20251.83,50.66000000000349,20344.207
20251.84,50.67000000000189,20248.24
20251.85,50.68000000000029,20248.24
20251.86,50.69000000000233,20152.309
20251.87,50.70000000000073,20248.24
20251.88,50.710000000002765,20392.201
20251.89,50.720000000001164,20296.221
20251.9,50.7300000000032,20248.24
20251.91,50.7400000000016,20344.207
20251.92,50.75,20296.221
20251.93,50.76000000000204,20248.24
20251.94,50.77000000000044,20200.271
20251.95,50.780000000002474,20536.236
20251.96,50.79000000000087,20152.309
20251.97,50.80000000000291,20200.271
20251.98,50.81000000000131,20440.205
20251.99,50.82000000000335,20536.236
20252.0,50.830000000001746,20536.236
20252.01,50.840000000000146,20248.24
20252.02,50.85000000000218,20344.207
20252.03,50.86000000000058,20296.221
20252.04,50.87000000000262,20248.24
20252.05,50.88000000000102,20200.271
20252.06,50.890000000003056,20296.221
20252.07,50.900000000001455,20392.201
20252.08,50.91000000000349,20344.207
20252.09,50.92000000000189,20296.221
20252.1,50.93000000000029,20440.205
20252.11,50.94000000000233,20344.207
20252.12,50.95000000000073,20248.24
20252.13,50.960000000002765,20296.221
20252.14,50.970000000001164,20296.221
20252.15,50.9800000000032,20344.207
20252.16,50.9900000000016,20536.236
20252.17,51.0,20392.201
20252.18,51.01000000000204,20296.221
20252.19,51.02000000000044,20248.24
20252.2,51.030000000002474,20344.207
20252.21,51.04000000000087,20344.207
20252.22,51.05000000000291,20248.24
20252.23,51.06000000000131,20248.24
20252.24,51.07000000000335,20344.207
20252.25,51.080000000001746,20200.271
20252.26,51.090000000000146,20344.207
20252.27,51.10000000000218,20488.217
20252.28,51.11000000000058,20440.205
20252.29,51.12000000000262,20200.271
20252.3,51.13000000000102,20296.221
20252.31,51.140000000003056,20536.236
20252.32,51.150000000001455,20248.24
20252.33,51.16000000000349,20248.24
20252.34,51.17000000000189,20200.271
20252.35,51.18000000000029,20392.201
20252.36,51.19000000000233,20344.207
20252.37,51.20000000000073,20296.221
20252.38,51.210000000002765,20104.354
20252.39,51.220000000001164,20392.201
20252.4,51.2300000000032,20248.24
20252.41,51.2400000000016,20152.309
20252.42,51.25,20152.309
20252.43,51.26000000000204,20104.354
20252.44,51.27000000000044,20248.24
20252.45,51.280000000002474,20152.309
20252.46,51.29000000000087,20200.271
20252.47,51.30000000000291,20200.271
20252.48,51.31000000000131,20200.271
20252.49,51.32000000000335,20152.309
20252.5,51.330000000001746,20296.221
20252.51,51.340000000000146,20248.24
20252.52,51.35000000000218,20392.201
20252.53,51.36000000000058,20200.271
20252.54,51.37000000000262,20296.221
20252.55,51.38000000000102,20344.207
20252.56,51.390000000003056,20200.271
20252.57,51.400000000001455,20248.24
20252.58,51.41000000000349,20200.271
20252.59,51.42000000000189,20104.354
20252.6,51.43000000000029,20200.271
20252.61,51.44000000000233,20200.271
20252.62,51.45000000000073,20248.24
20252.63,51.460000000002765,20296.221
20252.64,51.470000000001164,20344.207
20252.65,51.4800000000032,20200.271
20252.66,51.4900000000016,20296.221
20252.67,51.5,20152.309
20252.68,51.51000000000204,20248.24
20252.69,51.52000000000044,20488.217
20252.7,51.530000000002474,20200.271
20252.71,51.54000000000087,20488.217
20252.72,51.55000000000291,20344.207
20252.73,51.56000000000131,20152.309
20252.74,51.57000000000335,20248.24
20252.75,51.580000000001746,20200.271
20252.76,51.590000000000146,20200.271
20252.77,51.60000000000218,20392.201
20252.78,51.61000000000058,20488.217
20252.79,51.62000000000262,20200.271
20252.8,51.63000000000102,20200.271
20252.81,51.640000000003056,20392.201
20252.82,51.650000000001455,20392.201
20252.83,51.66000000000349,20392.201
20252.84,51.67000000000189,20344.207
20252.85,51.68000000000029,20536.236
20252.86,51.69000000000233,20296.221
20252.87,51.70000000000073,20344.207
20252.88,51.710000000002765,20392.201
20252.89,51.720000000001164,20488.217
20252.9,51.7300000000032,20344.207
20252.91,51.7400000000016,20200.271
20252.92,51.75,20152.309
20252.93,51.76000000000204,20152.309
20252.94,51.77000000000044,20296.221
20252.95,51.780000000002474,20344.207
20252.96,51.79000000000087,20344.207
20252.97,51.80000000000291,20392.201
20252.98,51.81000000000131,20248.24
20252.99,51.82000000000335,20440.205
20253.0,51.830000000001746,20344.207
20253.01,51.840000000000146,20248.24
20253.02,51.85000000000218,20344.207
20253.03,51.86000000000058,20440.205
20253.04,51.87000000000262,20248.24
20253.05,51.88000000000102,20200.271
20253.06,51.890000000003056,20344.207
20253.07,51.900000000001455,20440.205
20253.08,51.91000000000349,20248.24
20253.09,51.92000000000189,20248.24
20253.1,51.93000000000029,20200.271
20253.11,51.94000000000233,20344.207
20253.12,51.95000000000073,20392.201
20253.13,51.960000000002765,20200.271
20253.14,51.970000000001164,20296.221
20253.15,51.9800000000032,20296.221
20253.16,51.9900000000016,20200.271
20253.17,52.0,20440.205
20253.18,52.01000000000204,20248.24
20253.19,52.02000000000044,20152.309
20253.2,52.030000000002474,20440.205
20253.21,52.04000000000087,20200.271
20253.22,52.05000000000291,20296.221
20253.23,52.06000000000131,20296.221
20253.24,52.07000000000335,20296.221
20253.25,52.080000000001746,20200.271
20253.26,52.090000000000146,20200.271
20253.27,52.10000000000218,20248.24
20253.28,52.11000000000058,20296.221
20253.29,52.12000000000262,20152.309
20253.3,52.13000000000102,20392.201
20253.31,52.140000000003056,20104.354
20253.32,52.150000000001455,20344.207
20253.33,52.16000000000349,20248.24
20253.34,52.17000000000189,20392.201
20253.35,52.18000000000029,20440.205
20253.36,52.19000000000233,20536.236
20253.37,52.20000000000073,20392.201
20253.38,52.210000000002765,20344.207
20253.39,52.220000000001164,20104.354
20253.4,52.2300000000032,20248.24
20253.41,52.2400000000016,20392.201
20253.42,52.25,20344.207
20253.43,52.26000000000204,20104.354
20253.44,52.27000000000044,20392.201
20253.45,52.280000000002474,20104.354
20253.46,52.29000000000087,20200.271
20253.47,52.30000000000291,20344.207
20253.48,52.31000000000131,20392.201
20253.49,52.32000000000335,20392.201
20253.5,52.330000000001746,20344.207
20253.51,52.340000000000146,20200.271
20253.52,52.35000000000218,20344.207
20253.53,52.36000000000058,20152.309
20253.54,52.37000000000262,20440.205
20253.55,52.38000000000102,20296.221
20253.56,52.390000000003056,20296.221
20253.57,52.400000000001455,20248.24
20253.58,52.41000000000349,20248.24
20253.59,52.42000000000189,20440.205
20253.6,52.43000000000029,20248.24
20253.61,52.44000000000233,20200.271
20253.62,52.45000000000073,20488.217
20253.63,52.460000000002765,20392.201
20253.64,52.470000000001164,20392.201
20253.65,52.4800000000032,20392.201
20253.66,52.4900000000016,20248.24
20253.67,52.5,20248.24
20253.68,52.51000000000204,20200.271
20253.69,52.52000000000044,20392.201
20253.7,52.530000000002474,20488.217
20253.71,52.54000000000087,20248.24
20253.72,52.55000000000291,20104.354
20253.73,52.56000000000131,20248.24
20253.74,52.57000000000335,20296.221
20253.75,52.580000000001746,20392.201
20253.76,52.590000000000146,20344.207
20253.77,52.60000000000218,20200.271
20253.78,52.61000000000058,20392.201
20253.79,52.62000000000262,20392.201
20253.8,52.63000000000102,20200.271
20253.81,52.640000000003056,20248.24
20253.82,52.650000000001455,20152.309
20253.83,52.66000000000349,20200.271
20253.84,52.67000000000189,20296.221
20253.85,52.68000000000029,20248.24
20253.86,52.69000000000233,20200.271
20253.87,52.70000000000073,20344.207
20253.88,52.710000000002765,20392.201
20253.89,52.720000000001164,20200.271
20253.9,52.7300000000032,20296.221
20253.91,52.7400000000016,20056.408
20253.92,52.75,20200.271
20253.93,52.76000000000204,20344.207
20253.94,52.77000000000044,20152.309
20253.95,52.780000000002474,20152.309
20253.96,52.79000000000087,20200.271
20253.97,52.80000000000291,20296.221
20253.98,52.81000000000131,20344.207
20253.99,52.82000000000335,20440.205
20254.0,52.830000000001746,20344.207
20254.01,52.840000000000146,20152.309
20254.02,52.85000000000218,20200.271
20254.03,52.86000000000058,20440.205
20254.04,52.87000000000262,20200.271
20254.05,52.88000000000102,20392.201
20254.06,52.890000000003056,20440.205
20254.07,52.900000000001455,20344.207
20254.08,52.91000000000349,20344.207
20254.09,52.92000000000189,20344.207
20254.1,52.93000000000029,20200.271
20254.11,52.94000000000233,21305.65
20254.12,52.95000000000073,22028.865
20254.13,52.960000000002765,22222.031
20254.14,52.970000000001164,22463.672
20254.15,52.9800000000032,22318.664
20254.16,52.9900000000016,22463.672
20254.17,53.0,22560.385
20254.18,53.01000000000204,22415.328
20254.19,53.02000000000044,22608.754
20254.2,53.030000000002474,22560.385
20254.21,53.04000000000087,22463.672
20254.22,53.05000000000291,22415.328
20254.23,53.06000000000131,22560.385
20254.24,53.07000000000335,22415.328
20254.25,53.080000000001746,22415.328
20254.26,53.090000000000146,22318.664
20254.27,53.10000000000218,22463.672
20254.28,53.11000000000058,22463.672
20254.29,53.12000000000262,22415.328
20254.3,53.13000000000102,22415.328
20254.31,53.140000000003056,22415.328
20254.32,53.150000000001455,22560.385
20254.33,53.16000000000349,22463.672
20254.34,53.17000000000189,22657.131
20254.35,53.18000000000029,22512.023
20254.36,53.19000000000233,22415.328
20254.37,53.20000000000073,22560.385
20254.38,53.210000000002765,22366.992
20254.39,53.220000000001164,22415.328
20254.4,53.2300000000032,22512.023
20254.41,53.2400000000016,22463.672
20254.42,53.25,22560.385
20254.43,53.26000000000204,22512.023
20254.44,53.27000000000044,22222.031
20254.45,53.280000000002474,22318.664
20254.46,53.29000000000087,22318.664
20254.47,53.30000000000291,22366.992
20254.48,53.31000000000131,22560.385
20254.49,53.32000000000335,22415.328
20254.5,53.330000000001746,22366.992
20254.51,53.340000000000146,22222.031
20254.52,53.35000000000218,22657.131
20254.53,53.36000000000058,22415.328
20254.54,53.37000000000262,22657.131
20254.55,53.38000000000102,22318.664
20254.56,53.390000000003056,22415.328
20254.57,53.400000000001455,22512.023
20254.58,53.41000000000349,22512.023
20254.59,53.42000000000189,22512.023
20254.6,53.43000000000029,22463.672
20254.61,53.44000000000233,22415.328
20254.62,53.45000000000073,22463.672
20254.63,53.460000000002765,22657.131
20254.64,53.470000000001164,22560.385
20254.65,53.4800000000032,22318.664
20254.66,53.4900000000016,22318.664
20254.67,53.5,22463.672
20254.68,53.51000000000204,22512.023
20254.69,53.52000000000044,22318.664
20254.7,53.530000000002474,22366.992
20254.71,53.54000000000087,22318.664
20254.72,53.55000000000291,22463.672
20254.73,53.56000000000131,22463.672
20254.74,53.57000000000335,22415.328
20254.75,53.580000000001746,22318.664
20254.76,53.590000000000146,22463.672
20254.77,53.60000000000218,22463.672
20254.78,53.61000000000058,22366.992
20254.79,53.62000000000262,22512.023
20254.8,53.63000000000102,22415.328
20254.81,53.640000000003056,22512.023
20254.82,53.650000000001455,22560.385
20254.83,53.66000000000349,22270.344
20254.84,53.67000000000189,22512.023
20254.85,53.68000000000029,22318.664
20254.86,53.69000000000233,22270.344
20254.87,53.70000000000073,22318.664
20254.88,53.710000000002765,22415.328
20254.89,53.720000000001164,22657.131
20254.9,53.7300000000032,22463.672
20254.91,53.7400000000016,22366.992
20254.92,53.75,22270.344
20254.93,53.76000000000204,22463.672
20254.94,53.77000000000044,22415.328
20254.95,53.780000000002474,22415.328
20254.96,53.79000000000087,22608.754
20254.97,53.80000000000291,22415.328
20254.98,53.81000000000131,22366.992
20254.99,53.82000000000335,22463.672
20255.0,53.830000000001746,22753.908
20255.01,53.840000000000146,22318.664
20255.02,53.85000000000218,22560.385
20255.03,53.86000000000058,22512.023
20255.04,53.87000000000262,22753.908
20255.05,53.88000000000102,22512.023
20255.06,53.890000000003056,22560.385
20255.07,53.900000000001455,22366.992
20255.08,53.91000000000349,22366.992
20255.09,53.92000000000189,22560.385
20255.1,53.93000000000029,22318.664
20255.11,53.94000000000233,22415.328
20255.12,53.95000000000073,22512.023
20255.13,53.960000000002765,22463.672
20255.14,53.970000000001164,22705.516
20255.15,53.9800000000032,22850.719
20255.16,53.9900000000016,22415.328
20255.17,54.0,22560.385
20255.18,54.01000000000204,22415.328
20255.19,54.02000000000044,22512.023
20255.2,54.030000000002474,22463.672
20255.21,54.04000000000087,22415.328
20255.22,54.05000000000291,22366.992
20255.23,54.06000000000131,22512.023
20255.24,54.07000000000335,22705.516
20255.25,54.080000000001746,22657.131
20255.26,54.090000000000146,22560.385
20255.27,54.10000000000218,22608.754
20255.28,54.11000000000058,22512.023
20255.29,54.12000000000262,22560.385
20255.3,54.13000000000102,22512.023
20255.31,54.140000000003056,22463.672
20255.32,54.150000000001455,22463.672
20255.33,54.16000000000349,22560.385
20255.34,54.17000000000189,22463.672
20255.35,54.18000000000029,22705.516
20255.36,54.19000000000233,22366.992
20255.37,54.20000000000073,22366.992
20255.38,54.210000000002765,22463.672
20255.39,54.220000000001164,22512.023
20255.4,54.2300000000032,22463.672
20255.41,54.2400000000016,22463.672
20255.42,54.25,22366.992
20255.43,54.26000000000204,22463.672
20255.44,54.27000000000044,22463.672
20255.45,54.280000000002474,22608.754
20255.46,54.29000000000087,22657.131
20255.47,54.30000000000291,22512.023
20255.48,54.31000000000131,22415.328
20255.49,54.32000000000335,22608.754
20255.5,54.330000000001746,22415.328
20255.51,54.340000000000146,22415.328
20255.52,54.35000000000218,22512.023
20255.53,54.36000000000058,22560.385
20255.54,54.37000000000262,22318.664
20255.55,54.38000000000102,22512.023
20255.56,54.390000000003056,22512.023
20255.57,54.400000000001455,22608.754
20255.58,54.41000000000349,22415.328
20255.59,54.42000000000189,22657.131
20255.6,54.43000000000029,22318.664
20255.61,54.44000000000233,22512.023
20255.62,54.45000000000073,22512.023
20255.63,54.460000000002765,22705.516
20255.64,54.470000000001164,22560.385
20255.65,54.4800000000032,22512.023
20255.66,54.4900000000016,22415.328
20255.67,54.5,22366.992
20255.68,54.51000000000204,22318.664
20255.69,54.52000000000044,22318.664
20255.7,54.530000000002474,22560.385
20255.71,54.54000000000087,22753.908
20255.72,54.55000000000291,22560.385
20255.73,54.56000000000131,22318.664
20255.74,54.57000000000335,22608.754
20255.75,54.580000000001746,22753.908
20255.76,54.590000000000146,22366.992
20255.77,54.60000000000218,22318.664
20255.78,54.61000000000058,22463.672
20255.79,54.62000000000262,22512.023
20255.8,54.63000000000102,22415.328
20255.81,54.640000000003056,22318.664
20255.82,54.650000000001455,22512.023
20255.83,54.66000000000349,22415.328
20255.84,54.67000000000189,22463.672
20255.85,54.68000000000029,22415.328
20255.86,54.69000000000233,22657.131
20255.87,54.70000000000073,22560.385
20255.88,54.710000000002765,22512.023
20255.89,54.720000000001164,22705.516
20255.9,54.7300000000032,22270.344
20255.91,54.7400000000016,22512.023
20255.92,54.75,22463.672
20255.93,54.76000000000204,22270.344
20255.94,54.77000000000044,22318.664
20255.95,54.780000000002474,22512.023
20255.96,54.79000000000087,22753.908
20255.97,54.80000000000291,22705.516
20255.98,54.81000000000131,22560.385
20255.99,54.82000000000335,22512.023
20256.0,54.830000000001746,22463.672
20256.01,54.840000000000146,22222.031
20256.02,54.85000000000218,22366.992
20256.03,54.86000000000058,22366.992
20256.04,54.87000000000262,22463.672
20256.05,54.88000000000102,22415.328
20256.06,54.890000000003056,22512.023
20256.07,54.900000000001455,22512.023
20256.08,54.91000000000349,22366.992
20256.09,54.92000000000189,22657.131
20256.1,54.93000000000029,22366.992
20256.11,54.94000000000233,22318.664
20256.12,54.95000000000073,22415.328
20256.13,54.960000000002765,22318.664
20256.14,54.970000000001164,22415.328
20256.15,54.9800000000032,22270.344
20256.16,54.9900000000016,22463.672
20256.17,55.0,22366.992
20256.18,55.01000000000204,22318.664
20256.19,55.02000000000044,22222.031
20256.2,55.030000000002474,22366.992
20256.21,55.04000000000087,22222.031
20256.22,55.05000000000291,22318.664
20256.23,55.06000000000131,22173.729
20256.24,55.07000000000335,22415.328
20256.25,55.080000000001746,22318.664
20256.26,55.090000000000146,22222.031
20256.27,55.10000000000218,22415.328
20256.28,55.11000000000058,22366.992
20256.29,55.12000000000262,22318.664
20256.3,55.13000000000102,22173.729
20256.31,55.140000000003056,22415.328
20256.32,55.150000000001455,22125.432
20256.33,55.16000000000349,22222.031
20256.34,55.17000000000189,22366.992
20256.35,55.18000000000029,22318.664
20256.36,55.19000000000233,22318.664
20256.37,55.20000000000073,22415.328
20256.38,55.210000000002765,22077.145
20256.39,55.220000000001164,22318.664
20256.4,55.2300000000032,22028.865
20256.41,55.2400000000016,22415.328
20256.42,55.25,22415.328
20256.43,55.26000000000204,22270.344
20256.44,55.27000000000044,22463.672
20256.45,55.280000000002474,22366.992
20256.46,55.29000000000087,22560.385
20256.47,55.30000000000291,22318.664
20256.48,55.31000000000131,22366.992
20256.49,55.32000000000335,22463.672
20256.5,55.330000000001746,22222.031
20256.51,55.340000000000146,22222.031
20256.52,55.35000000000218,22318.664
20256.53,55.36000000000058,22318.664
20256.54,55.37000000000262,22318.664
20256.55,55.38000000000102,22318.664
20256.56,55.390000000003056,22415.328
20256.57,55.400000000001455,22366.992
20256.58,55.41000000000349,22415.328
20256.59,55.42000000000189,22415.328
20256.6,55.43000000000029,22318.664
20256.61,55.44000000000233,22415.328
20256.62,55.45000000000073,22463.672
20256.63,55.460000000002765,22415.328
20256.64,55.470000000001164,22318.664
20256.65,55.4800000000032,22270.344
20256.66,55.4900000000016,22125.432
20256.67,55.5,22415.328
20256.68,55.51000000000204,22318.664
20256.69,55.52000000000044,22366.992
20256.7,55.530000000002474,22222.031
20256.71,55.54000000000087,22270.344
20256.72,55.55000000000291,22270.344
20256.73,55.56000000000131,22366.992
20256.74,55.57000000000335,22366.992
20256.75,55.580000000001746,22366.992
20256.76,55.590000000000146,22318.664
20256.77,55.60000000000218,22318.664
20256.78,55.61000000000058,22270.344
20256.79,55.62000000000262,22318.664
20256.8,55.63000000000102,22463.672
20256.81,55.640000000003056,22270.344
20256.82,55.650000000001455,22560.385
20256.83,55.66000000000349,22270.344
20256.84,55.67000000000189,22077.145
20256.85,55.68000000000029,22270.344
20256.86,55.69000000000233,22318.664
20256.87,55.70000000000073,22318.664
20256.88,55.710000000002765,22415.328
20256.89,55.720000000001164,22415.328
20256.9,55.7300000000032,22222.031
20256.91,55.7400000000016,22173.729
20256.92,55.75,22463.672
20256.93,55.76000000000204,22270.344
20256.94,55.77000000000044,22318.664
20256.95,55.780000000002474,22366.992
20256.96,55.79000000000087,22270.344
20256.97,55.80000000000291,22222.031
20256.98,55.81000000000131,22366.992
20256.99,55.82000000000335,22463.672
20257.0,55.830000000001746,22270.344
20257.01,55.840000000000146,22270.344
20257.02,55.85000000000218,22366.992
20257.03,55.86000000000058,22366.992
20257.04,55.87000000000262,22125.432
20257.05,55.88000000000102,22366.992
20257.06,55.890000000003056,22560.385
20257.07,55.900000000001455,22318.664
20257.08,55.91000000000349,22222.031
20257.09,55.92000000000189,22173.729
20257.1,55.93000000000029,22222.031
20257.11,55.94000000000233,22415.328
20257.12,55.95000000000073,22366.992
20257.13,55.960000000002765,22318.664
20257.14,55.970000000001164,22415.328
20257.15,55.9800000000032,22415.328
20257.16,55.9900000000016,22560.385
20257.17,56.0,22463.672
20257.18,56.01000000000204,22415.328
20257.19,56.02000000000044,22415.328
20257.2,56.030000000002474,22415.328
20257.21,56.04000000000087,22415.328
20257.22,56.05000000000291,22415.328
20257.23,56.06000000000131,22366.992
20257.24,56.07000000000335,22270.344
20257.25,56.080000000001746,22463.672
20257.26,56.090000000000146,22366.992
20257.27,56.10000000000218,22415.328
20257.28,56.11000000000058,22415.328
20257.29,56.12000000000262,22608.754
20257.3,56.13000000000102,22560.385
20257.31,56.140000000003056,22463.672
20257.32,56.150000000001455,22318.664
20257.33,56.16000000000349,22560.385
20257.34,56.17000000000189,22463.672
20257.35,56.18000000000029,22415.328
20257.36,56.19000000000233,22415.328
20257.37,56.20000000000073,22318.664
20257.38,56.210000000002765,22560.385
20257.39,56.220000000001164,22560.385
20257.4,56.2300000000032,22512.023
20257.41,56.2400000000016,22463.672
20257.42,56.25,22512.023
20257.43,56.26000000000204,22415.328
20257.44,56.27000000000044,22463.672
20257.45,56.280000000002474,22608.754
20257.46,56.29000000000087,22318.664
20257.47,56.30000000000291,22366.992
20257.48,56.31000000000131,22366.992
20257.49,56.32000000000335,22512.023
20257.5,56.330000000001746,22463.672
20257.51,56.340000000000146,22415.328
20257.52,56.35000000000218,22512.023
20257.53,56.36000000000058,22512.023
20257.54,56.37000000000262,22560.385
20257.55,56.38000000000102,22512.023
20257.56,56.390000000003056,22415.328
20257.57,56.400000000001455,22415.328
20257.58,56.41000000000349,22318.664
20257.59,56.42000000000189,22560.385
20257.6,56.43000000000029,22318.664
20257.61,56.44000000000233,22463.672
20257.62,56.45000000000073,22366.992
20257.63,56.460000000002765,22463.672
20257.64,56.470000000001164,22463.672
20257.65,56.4800000000032,22512.023
20257.66,56.4900000000016,22463.672
20257.67,56.5,22512.023
20257.68,56.51000000000204,22657.131
20257.69,56.52000000000044,22366.992
20257.7,56.530000000002474,22560.385
20257.71,56.54000000000087,22463.672
20257.72,56.55000000000291,22705.516
20257.73,56.56000000000131,22318.664
20257.74,56.57000000000335,22463.672
20257.75,56.580000000001746,22415.328
20257.76,56.590000000000146,22318.664
20257.77,56.60000000000218,22366.992
20257.78,56.61000000000058,22560.385
20257.79,56.62000000000262,22318.664
20257.8,56.63000000000102,22657.131
20257.81,56.640000000003056,22463.672
20257.82,56.650000000001455,22318.664
20257.83,56.66000000000349,22415.328
20257.84,56.67000000000189,22415.328
20257.85,56.68000000000029,22366.992
20257.86,56.69000000000233,22318.664
20257.87,56.70000000000073,22560.385
20257.88,56.710000000002765,22512.023
20257.89,56.720000000001164,22318.664
20257.9,56.7300000000032,22415.328
20257.91,56.7400000000016,22318.664
20257.92,56.75,22318.664
20257.93,56.76000000000204,22318.664
20257.94,56.77000000000044,22705.516
20257.95,56.780000000002474,22560.385
20257.96,56.79000000000087,22560.385
20257.97,56.80000000000291,22463.672
20257.98,56.81000000000131,22415.328
20257.99,56.82000000000335,22415.328
20258.0,56.830000000001746,22560.385
20258.01,56.840000000000146,22512.023
20258.02,56.85000000000218,22463.672
20258.03,56.86000000000058,22270.344
20258.04,56.87000000000262,22415.328
20258.05,56.88000000000102,22560.385
20258.06,56.890000000003056,22512.023
20258.07,56.900000000001455,22560.385
20258.08,56.91000000000349,22366.992
20258.09,56.92000000000189,22318.664
20258.1,56.93000000000029,22512.023
20258.11,56.94000000000233,22415.328
20258.12,56.95000000000073,22415.328
20258.13,56.960000000002765,22366.992
20258.14,56.970000000001164,22512.023
20258.15,56.9800000000032,22366.992
20258.16,56.9900000000016,22318.664
20258.17,57.0,22270.344
20258.18,57.01000000000204,22318.664
20258.19,57.02000000000044,22415.328
20258.2,57.030000000002474,22318.664
20258.21,57.04000000000087,22222.031
20258.22,57.05000000000291,22222.031
20258.23,57.06000000000131,22270.344
20258.24,57.07000000000335,22366.992
20258.25,57.080000000001746,22318.664
20258.26,57.090000000000146,22270.344
20258.27,57.10000000000218,22415.328
20258.28,57.11000000000058,22512.023
20258.29,57.12000000000262,22318.664
20258.3,57.13000000000102,22318.664
20258.31,57.140000000003056,22366.992
20258.32,57.150000000001455,22463.672
20258.33,57.16000000000349,22318.664
20258.34,57.17000000000189,22415.328
20258.35,57.18000000000029,22222.031
20258.36,57.19000000000233,22318.664
20258.37,57.20000000000073,22366.992
20258.38,57.210000000002765,22512.023
20258.39,57.220000000001164,22415.328
20258.4,57.2300000000032,22366.992
20258.41,57.2400000000016,22415.328
20258.42,57.25,22222.031
20258.43,57.26000000000204,22415.328
20258.44,57.27000000000044,22318.664
20258.45,57.280000000002474,22463.672
20258.46,57.29000000000087,22125.432
20258.47,57.30000000000291,22222.031
20258.48,57.31000000000131,22415.328
20258.49,57.32000000000335,22366.992
20258.5,57.330000000001746,22560.385
20258.51,57.340000000000146,22318.664
20258.52,57.35000000000218,22560.385
20258.53,57.36000000000058,22463.672
20258.54,57.37000000000262,22318.664
20258.55,57.38000000000102,22415.328
20258.56,57.390000000003056,22318.664
20258.57,57.400000000001455,22318.664
20258.58,57.41000000000349,22366.992
20258.59,57.42000000000189,22222.031
20258.6,57.43000000000029,22366.992
20258.61,57.44000000000233,22366.992
20258.62,57.45000000000073,22222.031
20258.63,57.460000000002765,22318.664
20258.64,57.470000000001164,22415.328
20258.65,57.4800000000032,22415.328
20258.66,57.4900000000016,22415.328
20258.67,57.5,22366.992
20258.68,57.51000000000204,22463.672
20258.69,57.52000000000044,22463.672
20258.7,57.530000000002474,22222.031
20258.71,57.54000000000087,22366.992
20258.72,57.55000000000291,22318.664
20258.73,57.56000000000131,22318.664
20258.74,57.57000000000335,22366.992
20258.75,57.580000000001746,22318.664
20258.76,57.590000000000146,22318.664
20258.77,57.60000000000218,22366.992
20258.78,57.61000000000058,22415.328
20258.79,57.62000000000262,22222.031
20258.8,57.63000000000102,22270.344
20258.81,57.640000000003056,22560.385
20258.82,57.650000000001455,22366.992
20258.83,57.66000000000349,22657.131
20258.84,57.67000000000189,22463.672
20258.85,57.68000000000029,22463.672
20258.86,57.69000000000233,22270.344
20258.87,57.70000000000073,22366.992
20258.88,57.710000000002765,22318.664
20258.89,57.720000000001164,22463.672
20258.9,57.7300000000032,22270.344
20258.91,57.7400000000016,22415.328
20258.92,57.75,22415.328
20258.93,57.76000000000204,22512.023
20258.94,57.77000000000044,22512.023
20258.95,57.780000000002474,22463.672
20258.96,57.79000000000087,22318.664
20258.97,57.80000000000291,22318.664
20258.98,57.81000000000131,22173.729
20258.99,57.82000000000335,22173.729
20259.0,57.830000000001746,22173.729
20259.01,57.840000000000146,22270.344
20259.02,57.85000000000218,22222.031
20259.03,57.86000000000058,22463.672
20259.04,57.87000000000262,22077.145
20259.05,57.88000000000102,22415.328
20259.06,57.890000000003056,22366.992
20259.07,57.900000000001455,22318.664
20259.08,57.91000000000349,22270.344
20259.09,57.92000000000189,22077.145
20259.1,57.93000000000029,22415.328
20259.11,57.94000000000233,22512.023
20259.12,57.95000000000073,22463.672
20259.13,57.960000000002765,22608.754
20259.14,57.970000000001164,22415.328
20259.15,57.9800000000032,22366.992
20259.16,57.9900000000016,22366.992
20259.17,58.0,22415.328
20259.18,58.01000000000204,22415.328
20259.19,58.02000000000044,22512.023
20259.2,58.030000000002474,22415.328
20259.21,58.04000000000087,22318.664
20259.22,58.05000000000291,22318.664
20259.23,58.06000000000131,22512.023
20259.24,58.07000000000335,22608.754
20259.25,58.080000000001746,22366.992
20259.26,58.090000000000146,22463.672
20259.27,58.10000000000218,22463.672
20259.28,58.11000000000058,22705.516
20259.29,58.12000000000262,22560.385
20259.3,58.13000000000102,22512.023
20259.31,58.140000000003056,22366.992
20259.32,58.150000000001455,22560.385
20259.33,58.16000000000349,22415.328
20259.34,58.17000000000189,22366.992
20259.35,58.18000000000029,22318.664
20259.36,58.19000000000233,22512.023
20259.37,58.20000000000073,22415.328
20259.38,58.210000000002765,22463.672
20259.39,58.220000000001164,22222.031
20259.4,58.2300000000032,22463.672
20259.41,58.2400000000016,22463.672
20259.42,58.25,22463.672
20259.43,58.26000000000204,22560.385
20259.44,58.27000000000044,22608.754
20259.45,58.280000000002474,22608.754
20259.46,58.29000000000087,22463.672
20259.47,58.30000000000291,22463.672
20259.48,58.31000000000131,22366.992
20259.49,58.32000000000335,22463.672
20259.5,58.330000000001746,22512.023
20259.51,58.340000000000146,22270.344
20259.52,58.35000000000218,22512.023
20259.53,58.36000000000058,22463.672
20259.54,58.37000000000262,22512.023
20259.55,58.38000000000102,22366.992
20259.56,58.390000000003056,22318.664
20259.57,58.400000000001455,22415.328
20259.58,58.41000000000349,22318.664
20259.59,58.42000000000189,22463.672
20259.6,58.43000000000029,22512.023
20259.61,58.44000000000233,22270.344
20259.62,58.45000000000073,22512.023
20259.63,58.460000000002765,22463.672
20259.64,58.470000000001164,22415.328
20259.65,58.4800000000032,22318.664
20259.66,58.4900000000016,22512.023
20259.67,58.5,22512.023
20259.68,58.51000000000204,22415.328
20259.69,58.52000000000044,22512.023
20259.7,58.530000000002474,22512.023
20259.71,58.54000000000087,22415.328
20259.72,58.55000000000291,22463.672
20259.73,58.56000000000131,22463.672
20259.74,58.57000000000335,22512.023
20259.75,58.580000000001746,22318.664
20259.76,58.590000000000146,22318.664
20259.77,58.60000000000218,22512.023
20259.78,58.61000000000058,22463.672
20259.79,58.62000000000262,22318.664
20259.8,58.63000000000102,22463.672
20259.81,58.640000000003056,22560.385
20259.82,58.650000000001455,22415.328
20259.83,58.66000000000349,22463.672
20259.84,58.67000000000189,22125.432
20259.85,58.68000000000029,22270.344
20259.86,58.69000000000233,22318.664
20259.87,58.70000000000073,22560.385
20259.88,58.710000000002765,22318.664
20259.89,58.720000000001164,22512.023
20259.9,58.7300000000032,22512.023
20259.91,58.7400000000016,22560.385
20259.92,58.75,22415.328
20259.93,58.76000000000204,22366.992
20259.94,58.77000000000044,22560.385
20259.95,58.780000000002474,22318.664
20259.96,58.79000000000087,22463.672
20259.97,58.80000000000291,22366.992
20259.98,58.81000000000131,22318.664
20259.99,58.82000000000335,22366.992
20260.0,58.830000000001746,22270.344
20260.01,58.840000000000146,22560.385
20260.02,58.85000000000218,22366.992
20260.03,58.86000000000058,22415.328
20260.04,58.87000000000262,22512.023
20260.05,58.88000000000102,22463.672
20260.06,58.890000000003056,22415.328
20260.07,58.900000000001455,22463.672
20260.08,58.91000000000349,22512.023
20260.09,58.92000000000189,22512.023
20260.1,58.93000000000029,22366.992
20260.11,58.94000000000233,22415.328
20260.12,58.95000000000073,22366.992
20260.13,58.960000000002765,22318.664
20260.14,58.970000000001164,22463.672
20260.15,58.9800000000032,22366.992
20260.16,58.9900000000016,22318.664
20260.17,59.0,22560.385
20260.18,59.01000000000204,22222.031
20260.19,59.02000000000044,22270.344
20260.2,59.030000000002474,22560.385
20260.21,59.04000000000087,22318.664
20260.22,59.05000000000291,22366.992
20260.23,59.06000000000131,22560.385
20260.24,59.07000000000335,22463.672
20260.25,59.080000000001746,22366.992
20260.26,59.090000000000146,22463.672
20260.27,59.10000000000218,22415.328
20260.28,59.11000000000058,22415.328
20260.29,59.12000000000262,22318.664
20260.3,59.13000000000102,22318.664
20260.31,59.140000000003056,22318.664
20260.32,59.150000000001455,22366.992
20260.33,59.16000000000349,22366.992
20260.34,59.17000000000189,22463.672
20260.35,59.18000000000029,22366.992
20260.36,59.19000000000233,22366.992
20260.37,59.20000000000073,22270.344
20260.38,59.210000000002765,22222.031
20260.39,59.220000000001164,22270.344
20260.4,59.2300000000032,22366.992
20260.41,59.2400000000016,22415.328
20260.42,59.25,22366.992
20260.43,59.26000000000204,22318.664
20260.44,59.27000000000044,22173.729
20260.45,59.280000000002474,22366.992
20260.46,59.29000000000087,22463.672
20260.47,59.30000000000291,22463.672
20260.48,59.31000000000131,22366.992
20260.49,59.32000000000335,22463.672
20260.5,59.330000000001746,22222.031
20260.51,59.340000000000146,22415.328
20260.52,59.35000000000218,22366.992
20260.53,59.36000000000058,22512.023
20260.54,59.37000000000262,22366.992
20260.55,59.38000000000102,22366.992
20260.56,59.390000000003056,22125.432
20260.57,59.400000000001455,22173.729
20260.58,59.41000000000349,22318.664
20260.59,59.42000000000189,22415.328
20260.6,59.43000000000029,22270.344
20260.61,59.44000000000233,22415.328
20260.62,59.45000000000073,22270.344
20260.63,59.460000000002765,22222.031
20260.64,59.470000000001164,22366.992
20260.65,59.4800000000032,22463.672
20260.66,59.4900000000016,22366.992
20260.67,59.5,22270.344
20260.68,59.51000000000204,22366.992
20260.69,59.52000000000044,22270.344
20260.7,59.530000000002474,22318.664
20260.71,59.54000000000087,22270.344
20260.72,59.55000000000291,22512.023
20260.73,59.56000000000131,22270.344
20260.74,59.57000000000335,22512.023
20260.75,59.580000000001746,22270.344
20260.76,59.590000000000146,22366.992
20260.77,59.60000000000218,22222.031
20260.78,59.61000000000058,22222.031
20260.79,59.62000000000262,22125.432
20260.8,59.63000000000102,22366.992
20260.81,59.640000000003056,22318.664
20260.82,59.650000000001455,22415.328
20260.83,59.66000000000349,22415.328
20260.84,59.67000000000189,22318.664
20260.85,59.68000000000029,22463.672
20260.86,59.69000000000233,22415.328
20260.87,59.70000000000073,22415.328
20260.88,59.710000000002765,22366.992
20260.89,59.720000000001164,22366.992
20260.9,59.7300000000032,22366.992
20260.91,59.7400000000016,22125.432
20260.92,59.75,22125.432
20260.93,59.76000000000204,22318.664
20260.94,59.77000000000044,22318.664
20260.95,59.780000000002474,22366.992
20260.96,59.79000000000087,22222.031
20260.97,59.80000000000291,22270.344
20260.98,59.81000000000131,22125.432
20260.99,59.82000000000335,22318.664
20261.0,59.830000000001746,22270.344
20261.01,59.840000000000146,22173.729
20261.02,59.85000000000218,22318.664
20261.03,59.86000000000058,22173.729
20261.04,59.87000000000262,22222.031
20261.05,59.88000000000102,22173.729
20261.06,59.890000000003056,22222.031
20261.07,59.900000000001455,22366.992
20261.08,59.91000000000349,22512.023
20261.09,59.92000000000189,22366.992
20261.1,59.93000000000029,22415.328
20261.11,59.94000000000233,22415.328
20261.12,59.95000000000073,22463.672
20261.13,59.960000000002765,22366.992
20261.14,59.970000000001164,22512.023
20261.15,59.9800000000032,22608.754
20261.16,59.9900000000016,22366.992
20261.17,60.0,22222.031
20261.18,60.01000000000204,22512.023
20261.19,60.02000000000044,22222.031
20261.2,60.030000000002474,22463.672
20261.21,60.04000000000087,22366.992
20261.22,60.05000000000291,22415.328
20261.23,60.06000000000131,22463.672
20261.24,60.07000000000335,22318.664
20261.25,60.080000000001746,22415.328
20261.26,60.090000000000146,22463.672
20261.27,60.10000000000218,22366.992
20261.28,60.11000000000058,22463.672
20261.29,60.12000000000262,22270.344
20261.3,60.13000000000102,22512.023
20261.31,60.140000000003056,22318.664
20261.32,60.150000000001455,22415.328
20261.33,60.16000000000349,22463.672
20261.34,60.17000000000189,22366.992
20261.35,60.18000000000029,22318.664
20261.36,60.19000000000233,22415.328
20261.37,60.20000000000073,22318.664
20261.38,60.210000000002765,22608.754
20261.39,60.220000000001164,22560.385
20261.4,60.2300000000032,22415.328
20261.41,60.2400000000016,22560.385
20261.42,60.25,22318.664
20261.43,60.26000000000204,22270.344
20261.44,60.27000000000044,22270.344
20261.45,60.280000000002474,22366.992
20261.46,60.29000000000087,22415.328
20261.47,60.30000000000291,22366.992
20261.48,60.31000000000131,22463.672
20261.49,60.32000000000335,22318.664
20261.5,60.330000000001746,22125.432
20261.51,60.340000000000146,22318.664
20261.52,60.35000000000218,22463.672
20261.53,60.36000000000058,22560.385
20261.54,60.37000000000262,22318.664
20261.55,60.38000000000102,22560.385
20261.56,60.390000000003056,22463.672
20261.57,60.400000000001455,22270.344
20261.58,60.41000000000349,22318.664
20261.59,60.42000000000189,22366.992
20261.6,60.43000000000029,22270.344
20261.61,60.44000000000233,22512.023
20261.62,60.45000000000073,22608.754
20261.63,60.460000000002765,22463.672
20261.64,60.470000000001164,22512.023
20261.65,60.4800000000032,22463.672
20261.66,60.4900000000016,22415.328
20261.67,60.5,22657.131
20261.68,60.51000000000204,22415.328
20261.69,60.52000000000044,22366.992
20261.7,60.530000000002474,22705.516
20261.71,60.54000000000087,22415.328
20261.72,60.55000000000291,22463.672
20261.73,60.56000000000131,22463.672
20261.74,60.57000000000335,22222.031
20261.75,60.580000000001746,22415.328
20261.76,60.590000000000146,22415.328
20261.77,60.60000000000218,22318.664
20261.78,60.61000000000058,22222.031
20261.79,60.62000000000262,22608.754
20261.8,60.63000000000102,22463.672
20261.81,60.640000000003056,22463.672
20261.82,60.650000000001455,22512.023
20261.83,60.66000000000349,22463.672
20261.84,60.67000000000189,22560.385
20261.85,60.68000000000029,22463.672
20261.86,60.69000000000233,22560.385
20261.87,60.70000000000073,22318.664
20261.88,60.710000000002765,22366.992
20261.89,60.720000000001164,22560.385
20261.9,60.7300000000032,22366.992
20261.91,60.7400000000016,22415.328
20261.92,60.75,22608.754
20261.93,60.76000000000204,22318.664
20261.94,60.77000000000044,22366.992
20261.95,60.780000000002474,22318.664
20261.96,60.79000000000087,22415.328
20261.97,60.80000000000291,22415.328
20261.98,60.81000000000131,22415.328
20261.99,60.82000000000335,22318.664
20262.0,60.830000000001746,22366.992
20262.01,60.840000000000146,22270.344
20262.02,60.85000000000218,22366.992
20262.03,60.86000000000058,22366.992
20262.04,60.87000000000262,22608.754
20262.05,60.88000000000102,22415.328
20262.06,60.890000000003056,22366.992
20262.07,60.900000000001455,22415.328
20262.08,60.91000000000349,22463.672
20262.09,60.92000000000189,22463.672
20262.1,60.93000000000029,22318.664
20262.11,60.94000000000233,22222.031
20262.12,60.95000000000073,22366.992
20262.13,60.960000000002765,22318.664
20262.14,60.970000000001164,22318.664
20262.15,60.9800000000032,22318.664
20262.16,60.9900000000016,22222.031
20262.17,61.0,22318.664
20262.18,61.01000000000204,22318.664
20262.19,61.02000000000044,22173.729
20262.2,61.030000000002474,22463.672
20262.21,61.04000000000087,22270.344
20262.22,61.05000000000291,22270.344
20262.23,61.06000000000131,22560.385
20262.24,61.07000000000335,22415.328
20262.25,61.080000000001746,22560.385
20262.26,61.090000000000146,22222.031
20262.27,61.10000000000218,22560.385
20262.28,61.11000000000058,22318.664
20262.29,61.12000000000262,22270.344
20262.3,61.13000000000102,22318.664
20262.31,61.140000000003056,22366.992
20262.32,61.150000000001455,22366.992
20262.33,61.16000000000349,22463.672
20262.34,61.17000000000189,22173.729
20262.35,61.18000000000029,22512.023
20262.36,61.19000000000233,22463.672
20262.37,61.20000000000073,22463.672
20262.38,61.210000000002765,22270.344
20262.39,61.220000000001164,22560.385
20262.4,61.2300000000032,22366.992
20262.41,61.2400000000016,22366.992
20262.42,61.25,22270.344
20262.43,61.26000000000204,22270.344
20262.44,61.27000000000044,22270.344
20262.45,61.280000000002474,22463.672
20262.46,61.29000000000087,22560.385
20262.47,61.30000000000291,22222.031
20262.48,61.31000000000131,22318.664
20262.49,61.32000000000335,22415.328
20262.5,61.330000000001746,22366.992
20262.51,61.340000000000146,22366.992
20262.52,61.35000000000218,22366.992
20262.53,61.36000000000058,22318.664
20262.54,61.37000000000262,22125.432
20262.55,61.38000000000102,22222.031
20262.56,61.390000000003056,22270.344
20262.57,61.400000000001455,22366.992
20262.58,61.41000000000349,22318.664
20262.59,61.42000000000189,22366.992
20262.6,61.43000000000029,22366.992
20262.61,61.44000000000233,22318.664
20262.62,61.45000000000073,22366.992
20262.63,61.460000000002765,22415.328
20262.64,61.470000000001164,22318.664
20262.65,61.4800000000032,22125.432
20262.66,61.4900000000016,22270.344
20262.67,61.5,22222.031
20262.68,61.51000000000204,22222.031
20262.69,61.52000000000044,22318.664
20262.7,61.530000000002474,22415.328
20262.71,61.54000000000087,22657.131
20262.72,61.55000000000291,22415.328
20262.73,61.56000000000131,22270.344
20262.74,61.57000000000335,22560.385
20262.75,61.580000000001746,22222.031
20262.76,61.590000000000146,22366.992
20262.77,61.60000000000218,22415.328
20262.78,61.61000000000058,22222.031
20262.79,61.62000000000262,22512.023
20262.8,61.63000000000102,22512.023
20262.81,61.640000000003056,22270.344
20262.82,61.650000000001455,22463.672
20262.83,61.66000000000349,22463.672
20262.84,61.67000000000189,22415.328
20262.85,61.68000000000029,22512.023
20262.86,61.69000000000233,22222.031
20262.87,61.70000000000073,22318.664
20262.88,61.710000000002765,22222.031
20262.89,61.720000000001164,22318.664
20262.9,61.7300000000032,22415.328
20262.91,61.7400000000016,22270.344
20262.92,61.75,22463.672
20262.93,61.76000000000204,22463.672
20262.94,61.77000000000044,22415.328
20262.95,61.780000000002474,22415.328
20262.96,61.79000000000087,22270.344
20262.97,61.80000000000291,22366.992
20262.98,61.81000000000131,22366.992
20262.99,61.82000000000335,22415.328
20263.0,61.830000000001746,22173.729
20263.01,61.840000000000146,22366.992
20263.02,61.85000000000218,22366.992
20263.03,61.86000000000058,22270.344
20263.04,61.87000000000262,22512.023
20263.05,61.88000000000102,22415.328
20263.06,61.890000000003056,22318.664
20263.07,61.900000000001455,22318.664
20263.08,61.91000000000349,22415.328
20263.09,61.92000000000189,22366.992
20263.1,61.93000000000029,22608.754
20263.11,61.94000000000233,22366.992
20263.12,61.95000000000073,22415.328
20263.13,61.960000000002765,22270.344
20263.14,61.970000000001164,22512.023
20263.15,61.9800000000032,22512.023
20263.16,61.9900000000016,22415.328
20263.17,62.0,22512.023
20263.18,62.01000000000204,22512.023
20263.19,62.02000000000044,22463.672
20263.2,62.030000000002474,22753.908
20263.21,62.04000000000087,22415.328
20263.22,62.05000000000291,22318.664
20263.23,62.06000000000131,22366.992
20263.24,62.07000000000335,22463.672
20263.25,62.080000000001746,22415.328
20263.26,62.090000000000146,22512.023
20263.27,62.10000000000218,22560.385
20263.28,62.11000000000058,22366.992
20263.29,62.12000000000262,22512.023
20263.3,62.13000000000102,22463.672
20263.31,62.140000000003056,22366.992
20263.32,62.150000000001455,22366.992
20263.33,62.16000000000349,22415.328
20263.34,62.17000000000189,22366.992
20263.35,62.18000000000029,22463.672
20263.36,62.19000000000233,22512.023
20263.37,62.20000000000073,22512.023
20263.38,62.210000000002765,22415.328
20263.39,62.220000000001164,22512.023
20263.4,62.2300000000032,22318.664
20263.41,62.2400000000016,22512.023
20263.42,62.25,22463.672
20263.43,62.26000000000204,22270.344
20263.44,62.27000000000044,22512.023
20263.45,62.280000000002474,22366.992
20263.46,62.29000000000087,22512.023
20263.47,62.30000000000291,22415.328
20263.48,62.31000000000131,22608.754
20263.49,62.32000000000335,22222.031
20263.5,62.330000000001746,22222.031
20263.51,62.340000000000146,22415.328
20263.52,62.35000000000218,22463.672
20263.53,62.36000000000058,22318.664
20263.54,62.37000000000262,22463.672
20263.55,62.38000000000102,22318.664
20263.56,62.390000000003056,22463.672
20263.57,62.400000000001455,22415.328
20263.58,62.41000000000349,22560.385
20263.59,62.42000000000189,22512.023
20263.6,62.43000000000029,22560.385
20263.61,62.44000000000233,22560.385
20263.62,62.45000000000073,22512.023
20263.63,62.460000000002765,22125.432
20263.64,62.470000000001164,22463.672
20263.65,62.4800000000032,22415.328
20263.66,62.4900000000016,22318.664
20263.67,62.5,22463.672
20263.68,62.51000000000204,22415.328
20263.69,62.52000000000044,22512.023
20263.7,62.530000000002474,22560.385
20263.71,62.54000000000087,22463.672
20263.72,62.55000000000291,22415.328
20263.73,62.56000000000131,22463.672
20263.74,62.57000000000335,22512.023
20263.75,62.580000000001746,22366.992
20263.76,62.590000000000146,22415.328
20263.77,62.60000000000218,22560.385
20263.78,62.61000000000058,22318.664
20263.79,62.62000000000262,22366.992
20263.8,62.63000000000102,22463.672
20263.81,62.640000000003056,22318.664
20263.82,62.650000000001455,22512.023
20263.83,62.66000000000349,22415.328
20263.84,62.67000000000189,22512.023
20263.85,62.68000000000029,22415.328
20263.86,62.69000000000233,22512.023
20263.87,62.70000000000073,22366.992
20263.88,62.710000000002765,22270.344
20263.89,62.720000000001164,22318.664
20263.9,62.7300000000032,22512.023
20263.91,62.7400000000016,22463.672
20263.92,62.75,22366.992
20263.93,62.76000000000204,22270.344
20263.94,62.77000000000044,22415.328
20263.95,62.780000000002474,22512.023
20263.96,62.79000000000087,22415.328
20263.97,62.80000000000291,22173.729
20263.98,62.81000000000131,22415.328
20263.99,62.82000000000335,22270.344
20264.0,62.830000000001746,22463.672
20264.01,62.840000000000146,22463.672
20264.02,62.85000000000218,22415.328
20264.03,62.86000000000058,22560.385
20264.04,62.87000000000262,22463.672
20264.05,62.88000000000102,22415.328
20264.06,62.890000000003056,22366.992
20264.07,62.900000000001455,22415.328
20264.08,62.91000000000349,22318.664
20264.09,62.92000000000189,22415.328
20264.1,62.93000000000029,22366.992
20264.11,62.94000000000233,22318.664
20264.12,62.95000000000073,22318.664
20264.13,62.960000000002765,22270.344
20264.14,62.970000000001164,22463.672
20264.15,62.9800000000032,22318.664
20264.16,62.9900000000016,22270.344
20264.17,63.0,22173.729
20264.18,63.01000000000204,22366.992
20264.19,63.02000000000044,22173.729
20264.2,63.030000000002474,22270.344
20264.21,63.04000000000087,22415.328
20264.22,63.05000000000291,22270.344
20264.23,63.06000000000131,22415.328
20264.24,63.07000000000335,22318.664
20264.25,63.080000000001746,22125.432
20264.26,63.090000000000146,22463.672
20264.27,63.10000000000218,22366.992
20264.28,63.11000000000058,22463.672
20264.29,63.12000000000262,22366.992
20264.3,63.13000000000102,22270.344
20264.31,63.140000000003056,22270.344
20264.32,63.150000000001455,22173.729
20264.33,63.16000000000349,22415.328
20264.34,63.17000000000189,22270.344
20264.35,63.18000000000029,22077.145
20264.36,63.19000000000233,22222.031
20264.37,63.20000000000073,22270.344
20264.38,63.210000000002765,22318.664
20264.39,63.220000000001164,22318.664
20264.4,63.2300000000032,22366.992
20264.41,63.2400000000016,22560.385
20264.42,63.25,22415.328
20264.43,63.26000000000204,22270.344
20264.44,63.27000000000044,22318.664
20264.45,63.280000000002474,22270.344
20264.46,63.29000000000087,22366.992
20264.47,63.30000000000291,22366.992
20264.48,63.31000000000131,22318.664
20264.49,63.32000000000335,22463.672
20264.5,63.330000000001746,22415.328
20264.51,63.340000000000146,22366.992
20264.52,63.35000000000218,22463.672
20264.53,63.36000000000058,22415.328
20264.54,63.37000000000262,22222.031
20264.55,63.38000000000102,22366.992
20264.56,63.390000000003056,22366.992
20264.57,63.400000000001455,22463.672
20264.58,63.41000000000349,22463.672
20264.59,63.42000000000189,22657.131
20264.6,63.43000000000029,22318.664
20264.61,63.44000000000233,22366.992
20264.62,63.45000000000073,22366.992
20264.63,63.460000000002765,22366.992
20264.64,63.470000000001164,22222.031
20264.65,63.4800000000032,22463.672
20264.66,63.4900000000016,22366.992
20264.67,63.5,22318.664
20264.68,63.51000000000204,22270.344
20264.69,63.52000000000044,22415.328
20264.7,63.530000000002474,22366.992
20264.71,63.54000000000087,22318.664
20264.72,63.55000000000291,22173.729
20264.73,63.56000000000131,22318.664
20264.74,63.57000000000335,22270.344
20264.75,63.580000000001746,22560.385
20264.76,63.590000000000146,22222.031
20264.77,63.60000000000218,22415.328
20264.78,63.61000000000058,22222.031
20264.79,63.62000000000262,22270.344
20264.8,63.63000000000102,22270.344
20264.81,63.640000000003056,22415.328
20264.82,63.650000000001455,22366.992
20264.83,63.66000000000349,22463.672
20264.84,63.67000000000189,22366.992
20264.85,63.68000000000029,22415.328
20264.86,63.69000000000233,22512.023
20264.87,63.70000000000073,22270.344
20264.88,63.710000000002765,22318.664
20264.89,63.720000000001164,22270.344
20264.9,63.7300000000032,22318.664
20264.91,63.7400000000016,22463.672
20264.92,63.75,22222.031
20264.93,63.76000000000204,22415.328
20264.94,63.77000000000044,22560.385
20264.95,63.780000000002474,22366.992
20264.96,63.79000000000087,22366.992
20264.97,63.80000000000291,22463.672
20264.98,63.81000000000131,22270.344
20264.99,63.82000000000335,22415.328
20265.0,63.830000000001746,22415.328
20265.01,63.840000000000146,22222.031
20265.02,63.85000000000218,22415.328
20265.03,63.86000000000058,22270.344
20265.04,63.87000000000262,22463.672
20265.05,63.88000000000102,22318.664
20265.06,63.890000000003056,22366.992
20265.07,63.900000000001455,22366.992
20265.08,63.91000000000349,22415.328
20265.09,63.92000000000189,22415.328
20265.1,63.93000000000029,22415.328
20265.11,63.94000000000233,22366.992
20265.12,63.95000000000073,22560.385
20265.13,63.960000000002765,22512.023
20265.14,63.970000000001164,22560.385
20265.15,63.9800000000032,22512.023
20265.16,63.9900000000016,22463.672
20265.17,64.0,22463.672
20265.18,64.01000000000204,22512.023
20265.19,64.02000000000044,22318.664
20265.2,64.03000000000247,22463.672
20265.21,64.04000000000087,22318.664
20265.22,64.05000000000291,22222.031
20265.23,64.06000000000131,22512.023
20265.24,64.07000000000335,22512.023
20265.25,64.08000000000175,22270.344
20265.26,64.09000000000015,22463.672
20265.27,64.10000000000218,22366.992
20265.28,64.11000000000058,22512.023
20265.29,64.12000000000262,22415.328
20265.3,64.13000000000102,22463.672
20265.31,64.14000000000306,22415.328
20265.32,64.15000000000146,22463.672
20265.33,64.16000000000349,22512.023
20265.34,64.17000000000189,22463.672
20265.35,64.18000000000029,22318.664
20265.36,64.19000000000233,22512.023
20265.37,64.20000000000073,22560.385
20265.38,64.21000000000276,22366.992
20265.39,64.22000000000116,22366.992
20265.4,64.2300000000032,22463.672
20265.41,64.2400000000016,22415.328
20265.42,64.25,22366.992
20265.43,64.26000000000204,22415.328
20265.44,64.27000000000044,22318.664
20265.45,64.28000000000247,22270.344
20265.46,64.29000000000087,22415.328
20265.47,64.30000000000291,22512.023
20265.48,64.31000000000131,22415.328
20265.49,64.32000000000335,22318.664
20265.5,64.33000000000175,22415.328
20265.51,64.34000000000015,22366.992
20265.52,64.35000000000218,22415.328
20265.53,64.36000000000058,22318.664
20265.54,64.37000000000262,22512.023
20265.55,64.38000000000102,22560.385
20265.56,64.39000000000306,22415.328
20265.57,64.40000000000146,22415.328
20265.58,64.41000000000349,22415.328
20265.59,64.42000000000189,22657.131
20265.6,64.43000000000029,22463.672
20265.61,64.44000000000233,22318.664
20265.62,64.45000000000073,22318.664
20265.63,64.46000000000276,22366.992
20265.64,64.47000000000116,22463.672
20265.65,64.4800000000032,22560.385
20265.66,64.4900000000016,22705.516
20265.67,64.5,22366.992
20265.68,64.51000000000204,22318.664
20265.69,64.52000000000044,22270.344
20265.7,64.53000000000247,22318.664
20265.71,64.54000000000087,22463.672
20265.72,64.55000000000291,22173.729
20265.73,64.56000000000131,22366.992
20265.74,64.57000000000335,22366.992
20265.75,64.58000000000175,22318.664
20265.76,64.59000000000015,22318.664
20265.77,64.60000000000218,22415.328
20265.78,64.61000000000058,22560.385
20265.79,64.62000000000262,22608.754
20265.8,64.63000000000102,22415.328
20265.81,64.64000000000306,22366.992
20265.82,64.65000000000146,22366.992
20265.83,64.66000000000349,22512.023
20265.84,64.67000000000189,22366.992
20265.85,64.68000000000029,22463.672
20265.86,64.69000000000233,22512.023
20265.87,64.70000000000073,22512.023
20265.88,64.71000000000276,22608.754
20265.89,64.72000000000116,22560.385
20265.9,64.7300000000032,22463.672
20265.91,64.7400000000016,22463.672
20265.92,64.75,22560.385
20265.93,64.76000000000204,22512.023
20265.94,64.77000000000044,22366.992
20265.95,64.78000000000247,22512.023
20265.96,64.79000000000087,22608.754
20265.97,64.80000000000291,22366.992
20265.98,64.81000000000131,22463.672
20265.99,64.82000000000335,22366.992
20266.0,64.83000000000175,22318.664
20266.01,64.84000000000015,22366.992
20266.02,64.85000000000218,22560.385
20266.03,64.86000000000058,22318.664
20266.04,64.87000000000262,22560.385
20266.05,64.88000000000102,22415.328
20266.06,64.89000000000306,22318.664
20266.07,64.90000000000146,22463.672
20266.08,64.91000000000349,22463.672
20266.09,64.92000000000189,22512.023
20266.1,64.93000000000029,22415.328
20266.11,64.94000000000233,22415.328
20266.12,64.95000000000073,22560.385
20266.13,64.96000000000276,22366.992
20266.14,64.97000000000116,22512.023
20266.15,64.9800000000032,22512.023
20266.16,64.9900000000016,22415.328
20266.17,65.0,22415.328
20266.18,65.01000000000204,22415.328
20266.19,65.02000000000044,22366.992
20266.2,65.03000000000247,22415.328
20266.21,65.04000000000087,22415.328
20266.22,65.05000000000291,22366.992
20266.23,65.06000000000131,22415.328
20266.24,65.07000000000335,22512.023
20266.25,65.08000000000175,22366.992
20266.26,65.09000000000015,22415.328
20266.27,65.10000000000218,22366.992
20266.28,65.11000000000058,22318.664
20266.29,65.12000000000262,22560.385
20266.3,65.13000000000102,22463.672
20266.31,65.14000000000306,22366.992
20266.32,65.15000000000146,22512.023
20266.33,65.16000000000349,22512.023
20266.34,65.17000000000189,22366.992
20266.35,65.18000000000029,22463.672
20266.36,65.19000000000233,22560.385
20266.37,65.20000000000073,22560.385
20266.38,65.21000000000276,22512.023
20266.39,65.22000000000116,22463.672
20266.4,65.2300000000032,22560.385
20266.41,65.2400000000016,22463.672
20266.42,65.25,22657.131
20266.43,65.26000000000204,22463.672
20266.44,65.27000000000044,22512.023
20266.45,65.28000000000247,22512.023
20266.46,65.29000000000087,22512.023
20266.47,65.30000000000291,22366.992
20266.48,65.31000000000131,22318.664
20266.49,65.32000000000335,22318.664
20266.5,65.33000000000175,22318.664
20266.51,65.34000000000015,22512.023
20266.52,65.35000000000218,22318.664
20266.53,65.36000000000058,22463.672
20266.54,65.37000000000262,22366.992
20266.55,65.38000000000102,22415.328
20266.56,65.39000000000306,22366.992
20266.57,65.40000000000146,22560.385
20266.58,65.41000000000349,22415.328
20266.59,65.42000000000189,22366.992
20266.6,65.43000000000029,22463.672
20266.61,65.44000000000233,22318.664
20266.62,65.45000000000073,22512.023
20266.63,65.46000000000276,22512.023
20266.64,65.47000000000116,22657.131
20266.65,65.4800000000032,22318.664
20266.66,65.4900000000016,22560.385
20266.67,65.5,22463.672
20266.68,65.51000000000204,22318.664
20266.69,65.52000000000044,22270.344
20266.7,65.53000000000247,22560.385
20266.71,65.54000000000087,22415.328
20266.72,65.55000000000291,22318.664
20266.73,65.56000000000131,22366.992
20266.74,65.57000000000335,22366.992
20266.75,65.58000000000175,22415.328
20266.76,65.59000000000015,22318.664
20266.77,65.60000000000218,22463.672
20266.78,65.61000000000058,22463.672
20266.79,65.62000000000262,22173.729
20266.8,65.63000000000102,22463.672
20266.81,65.64000000000306,22415.328
20266.82,65.65000000000146,22366.992
20266.83,65.66000000000349,22463.672
20266.84,65.67000000000189,22222.031
20266.85,65.68000000000029,22366.992
20266.86,65.69000000000233,22463.672
20266.87,65.70000000000073,22608.754
20266.88,65.71000000000276,22366.992
20266.89,65.72000000000116,22222.031
20266.9,65.7300000000032,22318.664
20266.91,65.7400000000016,22222.031
20266.92,65.75,22318.664
20266.93,65.76000000000204,22318.664
20266.94,65.77000000000044,22415.328
20266.95,65.78000000000247,22415.328
20266.96,65.79000000000087,22318.664
20266.97,65.80000000000291,22463.672
20266.98,65.81000000000131,22463.672
20266.99,65.82000000000335,22366.992
20267.0,65.83000000000175,22270.344
20267.01,65.84000000000015,22222.031
20267.02,65.85000000000218,22415.328
20267.03,65.86000000000058,22366.992
20267.04,65.87000000000262,22366.992
20267.05,65.88000000000102,22270.344
20267.06,65.89000000000306,22366.992
20267.07,65.90000000000146,22560.385
20267.08,65.91000000000349,22463.672
20267.09,65.92000000000189,22366.992
20267.1,65.93000000000029,22415.328
20267.11,65.94000000000233,22560.385
20267.12,65.95000000000073,22415.328
20267.13,65.96000000000276,22415.328
20267.14,65.97000000000116,22657.131
20267.15,65.9800000000032,22415.328
20267.16,65.9900000000016,22657.131
20267.17,66.0,22366.992
20267.18,66.01000000000204,22560.385
20267.19,66.02000000000044,22366.992
20267.2,66.03000000000247,22318.664
20267.21,66.04000000000087,22366.992
20267.22,66.05000000000291,22608.754
20267.23,66.06000000000131,22415.328
20267.24,66.07000000000335,22415.328
20267.25,66.08000000000175,22463.672
20267.26,66.09000000000015,22318.664
20267.27,66.10000000000218,22560.385
20267.28,66.11000000000058,22463.672
20267.29,66.12000000000262,22318.664
20267.3,66.13000000000102,22366.992
20267.31,66.14000000000306,22415.328
20267.32,66.15000000000146,22415.328
20267.33,66.16000000000349,22366.992
20267.34,66.17000000000189,22560.385
20267.35,66.18000000000029,22415.328
20267.36,66.19000000000233,22512.023
20267.37,66.20000000000073,22463.672
20267.38,66.21000000000276,22512.023
20267.39,66.22000000000116,22512.023
20267.4,66.2300000000032,22512.023
20267.41,66.2400000000016,22463.672
20267.42,66.25,22463.672
20267.43,66.26000000000204,22318.664
20267.44,66.27000000000044,22463.672
20267.45,66.28000000000247,22608.754
20267.46,66.29000000000087,22560.385
20267.47,66.30000000000291,22560.385
20267.48,66.31000000000131,22560.385
20267.49,66.32000000000335,22560.385
20267.5,66.33000000000175,22560.385
20267.51,66.34000000000015,22318.664
20267.52,66.35000000000218,22318.664
20267.53,66.36000000000058,22657.131
20267.54,66.37000000000262,22512.023
20267.55,66.38000000000102,22366.992
20267.56,66.39000000000306,22366.992
20267.57,66.40000000000146,22560.385
20267.58,66.41000000000349,22657.131
20267.59,66.42000000000189,22415.328
20267.6,66.43000000000029,22366.992
20267.61,66.44000000000233,22415.328
20267.62,66.45000000000073,22512.023
20267.63,66.46000000000276,22318.664
20267.64,66.47000000000116,22415.328
20267.65,66.4800000000032,22222.031
20267.66,66.4900000000016,22560.385
20267.67,66.5,22560.385
20267.68,66.51000000000204,22415.328
20267.69,66.52000000000044,22560.385
20267.7,66.53000000000247,22560.385
20267.71,66.54000000000087,22318.664
20267.72,66.55000000000291,22366.992
20267.73,66.56000000000131,22463.672
20267.74,66.57000000000335,22608.754
20267.75,66.58000000000175,22608.754
20267.76,66.59000000000015,22222.031
20267.77,66.60000000000218,22366.992
20267.78,66.61000000000058,22415.328
20267.79,66.62000000000262,22512.023
20267.8,66.63000000000102,22512.023
20267.81,66.64000000000306,22366.992
20267.82,66.65000000000146,22318.664
20267.83,66.66000000000349,22463.672
20267.84,66.67000000000189,22415.328
20267.85,66.68000000000029,22560.385
20267.86,66.69000000000233,22318.664
20267.87,66.70000000000073,22415.328
20267.88,66.71000000000276,22415.328
20267.89,66.72000000000116,22560.385
20267.9,66.7300000000032,22753.908
20267.91,66.7400000000016,22560.385
20267.92,66.75,22657.131
20267.93,66.76000000000204,22560.385
20267.94,66.77000000000044,22415.328
20267.95,66.78000000000247,22415.328
20267.96,66.79000000000087,22512.023
20267.97,66.80000000000291,22415.328
20267.98,66.81000000000131,22608.754
20267.99,66.82000000000335,22318.664
20268.0,66.83000000000175,22415.328
20268.01,66.84000000000015,22463.672
20268.02,66.85000000000218,22608.754
20268.03,66.86000000000058,22366.992
20268.04,66.87000000000262,22415.328
20268.05,66.88000000000102,22512.023
20268.06,66.89000000000306,22318.664
20268.07,66.90000000000146,22415.328
20268.08,66.91000000000349,22366.992
20268.09,66.92000000000189,22318.664
20268.1,66.93000000000029,22270.344
20268.11,66.94000000000233,22270.344
20268.12,66.95000000000073,22463.672
20268.13,66.96000000000276,22366.992
20268.14,66.97000000000116,22753.908
20268.15,66.9800000000032,22366.992
20268.16,66.9900000000016,22463.672
20268.17,67.0,22318.664
20268.18,67.01000000000204,22366.992
20268.19,67.02000000000044,22125.432
20268.2,67.03000000000247,22463.672
20268.21,67.04000000000087,22415.328
20268.22,67.05000000000291,22560.385
20268.23,67.06000000000131,22560.385
20268.24,67.07000000000335,22366.992
20268.25,67.08000000000175,22415.328
20268.26,67.09000000000015,22318.664
20268.27,67.10000000000218,22366.992
20268.28,67.11000000000058,22463.672
20268.29,67.12000000000262,22512.023
20268.3,67.13000000000102,22512.023
20268.31,67.14000000000306,22415.328
20268.32,67.15000000000146,22512.023
20268.33,67.16000000000349,22560.385
20268.34,67.17000000000189,22463.672
20268.35,67.18000000000029,22366.992
20268.36,67.19000000000233,22366.992
20268.37,67.20000000000073,22366.992
20268.38,67.21000000000276,22415.328
20268.39,67.22000000000116,22512.023
20268.4,67.2300000000032,22366.992
20268.41,67.2400000000016,22366.992
20268.42,67.25,22560.385
20268.43,67.26000000000204,22318.664
20268.44,67.27000000000044,22415.328
20268.45,67.28000000000247,22415.328
20268.46,67.29000000000087,22366.992
20268.47,67.30000000000291,22415.328
20268.48,67.31000000000131,22463.672
20268.49,67.32000000000335,22560.385
20268.5,67.33000000000175,22463.672
20268.51,67.34000000000015,22318.664
20268.52,67.35000000000218,22366.992
20268.53,67.36000000000058,22415.328
20268.54,67.37000000000262,22318.664
20268.55,67.38000000000102,22463.672
20268.56,67.39000000000306,22366.992
20268.57,67.40000000000146,22366.992
20268.58,67.41000000000349,22366.992
20268.59,67.42000000000189,22318.664
20268.6,67.43000000000029,22270.344
20268.61,67.44000000000233,22318.664
20268.62,67.45000000000073,22366.992
20268.63,67.46000000000276,22318.664
20268.64,67.47000000000116,22415.328
20268.65,67.4800000000032,22512.023
20268.66,67.4900000000016,22222.031
20268.67,67.5,22173.729
20268.68,67.51000000000204,22318.664
20268.69,67.52000000000044,22415.328
20268.7,67.53000000000247,22366.992
20268.71,67.54000000000087,22512.023
20268.72,67.55000000000291,22463.672
20268.73,67.56000000000131,22560.385
20268.74,67.57000000000335,22463.672
20268.75,67.58000000000175,22366.992
20268.76,67.59000000000015,22415.328
20268.77,67.60000000000218,22270.344
20268.78,67.61000000000058,22463.672
20268.79,67.62000000000262,22366.992
20268.8,67.63000000000102,22415.328
20268.81,67.64000000000306,22318.664
20268.82,67.65000000000146,22270.344
20268.83,67.66000000000349,22366.992
20268.84,67.67000000000189,22560.385
20268.85,67.68000000000029,22270.344
20268.86,67.69000000000233,22415.328
20268.87,67.70000000000073,22270.344
20268.88,67.71000000000276,22318.664
20268.89,67.72000000000116,22512.023
20268.9,67.7300000000032,22415.328
20268.91,67.7400000000016,22366.992
20268.92,67.75,22415.328
20268.93,67.76000000000204,22366.992
20268.94,67.77000000000044,22463.672
20268.95,67.78000000000247,22173.729
20268.96,67.79000000000087,22366.992
20268.97,67.80000000000291,22415.328
20268.98,67.81000000000131,22512.023
20268.99,67.82000000000335,22415.328
20269.0,67.83000000000175,22560.385
20269.01,67.84000000000015,22366.992
20269.02,67.85000000000218,22463.672
20269.03,67.86000000000058,22366.992
20269.04,67.87000000000262,22512.023
20269.05,67.88000000000102,22512.023
20269.06,67.89000000000306,22366.992
20269.07,67.90000000000146,22366.992
20269.08,67.91000000000349,22463.672
20269.09,67.92000000000189,22608.754
20269.1,67.93000000000029,22463.672
20269.11,67.94000000000233,22608.754
20269.12,67.95000000000073,22415.328
20269.13,67.96000000000276,22415.328
20269.14,67.97000000000116,22463.672
20269.15,67.9800000000032,22366.992
20269.16,67.9900000000016,22512.023
20269.17,68.0,22366.992
20269.18,68.01000000000204,22463.672
20269.19,68.02000000000044,22366.992
20269.2,68.03000000000247,22222.031
20269.21,68.04000000000087,22560.385
20269.22,68.05000000000291,22657.131
20269.23,68.06000000000131,22560.385
20269.24,68.07000000000335,22463.672
20269.25,68.08000000000175,22560.385
20269.26,68.09000000000015,22173.729
20269.27,68.10000000000218,22318.664
20269.28,68.11000000000058,22512.023
20269.29,68.12000000000262,22463.672
20269.3,68.13000000000102,22415.328
20269.31,68.14000000000306,22415.328
20269.32,68.15000000000146,22560.385
20269.33,68.16000000000349,22560.385
20269.34,68.17000000000189,22608.754
20269.35,68.18000000000029,22415.328
20269.36,68.19000000000233,22512.023
20269.37,68.20000000000073,22318.664
20269.38,68.21000000000276,22512.023
20269.39,68.22000000000116,22318.664
20269.4,68.2300000000032,22318.664
20269.41,68.2400000000016,22560.385
20269.42,68.25,22463.672
20269.43,68.26000000000204,22512.023
20269.44,68.27000000000044,22657.131
20269.45,68.28000000000247,22512.023
20269.46,68.29000000000087,22366.992
20269.47,68.30000000000291,22705.516
20269.48,68.31000000000131,22512.023
20269.49,68.32000000000335,22608.754
20269.5,68.33000000000175,22560.385
20269.51,68.34000000000015,22366.992
20269.52,68.35000000000218,22463.672
20269.53,68.36000000000058,22366.992
20269.54,68.37000000000262,22415.328
20269.55,68.38000000000102,22318.664
20269.56,68.39000000000306,22657.131
20269.57,68.40000000000146,22512.023
20269.58,68.41000000000349,22512.023
20269.59,68.42000000000189,22657.131
20269.6,68.43000000000029,22366.992
20269.61,68.44000000000233,22318.664
20269.62,68.45000000000073,22560.385
20269.63,68.46000000000276,22560.385
20269.64,68.47000000000116,22463.672
20269.65,68.4800000000032,22222.031
20269.66,68.4900000000016,22366.992
20269.67,68.5,22560.385
20269.68,68.51000000000204,22512.023
20269.69,68.52000000000044,22560.385
20269.7,68.53000000000247,22415.328
20269.71,68.54000000000087,22318.664
20269.72,68.55000000000291,22318.664
20269.73,68.56000000000131,22463.672
20269.74,68.57000000000335,22463.672
20269.75,68.58000000000175,22415.328
20269.76,68.59000000000015,22318.664
20269.77,68.60000000000218,22463.672
20269.78,68.61000000000058,22463.672
20269.79,68.62000000000262,22366.992
20269.8,68.63000000000102,22512.023
20269.81,68.64000000000306,22512.023
20269.82,68.65000000000146,22512.023
20269.83,68.66000000000349,22463.672
20269.84,68.67000000000189,22366.992
20269.85,68.68000000000029,22657.131
20269.86,68.69000000000233,22463.672
20269.87,68.70000000000073,22560.385
20269.88,68.71000000000276,22608.754
20269.89,68.72000000000116,22415.328
20269.9,68.7300000000032,22512.023
20269.91,68.7400000000016,22512.023
20269.92,68.75,22318.664
20269.93,68.76000000000204,22512.023
20269.94,68.77000000000044,22415.328
20269.95,68.78000000000247,22318.664
20269.96,68.79000000000087,22415.328
20269.97,68.80000000000291,22463.672
20269.98,68.81000000000131,22366.992
20269.99,68.82000000000335,22608.754
20270.0,68.83000000000175,22560.385
20270.01,68.84000000000015,22415.328
20270.02,68.85000000000218,22560.385
20270.03,68.86000000000058,22753.908
20270.04,68.87000000000262,22463.672
20270.05,68.88000000000102,22512.023
20270.06,68.89000000000306,22463.672
20270.07,68.90000000000146,22512.023
20270.08,68.91000000000349,22366.992
20270.09,68.92000000000189,22560.385
20270.1,68.93000000000029,22366.992
20270.11,68.94000000000233,22512.023
20270.12,68.95000000000073,22366.992
20270.13,68.96000000000276,22415.328
20270.14,68.97000000000116,22415.328
20270.15,68.9800000000032,22366.992
20270.16,68.9900000000016,22560.385
20270.17,69.0,22608.754
20270.18,69.01000000000204,22608.754
20270.19,69.02000000000044,22512.023
20270.2,69.03000000000247,22463.672
20270.21,69.04000000000087,22560.385
20270.22,69.05000000000291,22318.664
20270.23,69.06000000000131,22222.031
20270.24,69.07000000000335,22366.992
20270.25,69.08000000000175,22270.344
20270.26,69.09000000000015,22463.672
20270.27,69.10000000000218,22366.992
20270.28,69.11000000000058,22318.664
20270.29,69.12000000000262,22415.328
20270.3,69.13000000000102,22463.672
20270.31,69.14000000000306,22415.328
20270.32,69.15000000000146,22560.385
20270.33,69.16000000000349,22366.992
20270.34,69.17000000000189,22270.344
20270.35,69.18000000000029,22463.672
20270.36,69.19000000000233,22753.908
20270.37,69.20000000000073,22415.328
20270.38,69.21000000000276,22512.023
20270.39,69.22000000000116,22463.672
20270.4,69.2300000000032,22366.992
20270.41,69.2400000000016,22463.672
20270.42,69.25,22318.664
20270.43,69.26000000000204,22318.664
20270.44,69.27000000000044,22366.992
20270.45,69.28000000000247,22608.754
20270.46,69.29000000000087,22415.328
20270.47,69.30000000000291,22463.672
20270.48,69.31000000000131,22366.992
20270.49,69.32000000000335,22366.992
20270.5,69.33000000000175,22608.754
20270.51,69.34000000000015,22415.328
20270.52,69.35000000000218,22463.672
20270.53,69.36000000000058,22560.385
20270.54,69.37000000000262,22512.023
20270.55,69.38000000000102,22657.131
20270.56,69.39000000000306,22366.992
20270.57,69.40000000000146,22608.754
20270.58,69.41000000000349,22415.328
20270.59,69.42000000000189,22463.672
20270.6,69.43000000000029,22270.344
20270.61,69.44000000000233,22270.344
20270.62,69.45000000000073,22318.664
20270.63,69.46000000000276,22415.328
20270.64,69.47000000000116,22560.385
20270.65,69.4800000000032,22415.328
20270.66,69.4900000000016,22366.992
20270.67,69.5,22463.672
20270.68,69.51000000000204,22463.672
20270.69,69.52000000000044,22560.385
20270.7,69.53000000000247,22608.754
20270.71,69.54000000000087,22512.023
20270.72,69.55000000000291,22463.672
20270.73,69.56000000000131,22512.023
20270.74,69.57000000000335,22463.672
20270.75,69.58000000000175,22512.023
20270.76,69.59000000000015,22222.031
20270.77,69.60000000000218,22512.023
20270.78,69.61000000000058,22512.023
20270.79,69.62000000000262,22318.664
20270.8,69.63000000000102,22608.754
20270.81,69.64000000000306,22415.328
20270.82,69.65000000000146,22415.328
20270.83,69.66000000000349,22463.672
20270.84,69.67000000000189,22560.385
20270.85,69.68000000000029,22415.328
20270.86,69.69000000000233,22512.023
20270.87,69.70000000000073,22512.023
20270.88,69.71000000000276,22560.385
20270.89,69.72000000000116,22318.664
20270.9,69.7300000000032,22318.664
20270.91,69.7400000000016,22657.131
20270.92,69.75,22512.023
20270.93,69.76000000000204,22463.672
20270.94,69.77000000000044,22366.992
20270.95,69.78000000000247,22512.023
20270.96,69.79000000000087,22560.385
20270.97,69.80000000000291,22560.385
20270.98,69.81000000000131,22512.023
20270.99,69.82000000000335,22463.672
20271.0,69.83000000000175,22415.328
20271.01,69.84000000000015,22270.344
20271.02,69.85000000000218,22415.328
20271.03,69.86000000000058,22415.328
20271.04,69.87000000000262,22415.328
20271.05,69.88000000000102,22560.385
20271.06,69.89000000000306,22318.664
20271.07,69.90000000000146,22560.385
20271.08,69.91000000000349,22560.385
20271.09,69.92000000000189,22512.023
20271.1,69.93000000000029,22657.131
20271.11,69.94000000000233,22463.672
20271.12,69.95000000000073,22463.672
20271.13,69.96000000000276,22512.023
20271.14,69.97000000000116,22415.328
20271.15,69.9800000000032,22463.672
20271.16,69.9900000000016,22608.754
20271.17,70.0,22366.992
20271.18,70.01000000000204,22415.328
20271.19,70.02000000000044,22415.328
20271.2,70.03000000000247,22463.672
20271.21,70.04000000000087,22608.754
20271.22,70.05000000000291,22318.664
20271.23,70.06000000000131,22270.344
20271.24,70.07000000000335,22463.672
20271.25,70.08000000000175,22270.344
20271.26,70.09000000000015,22415.328
20271.27,70.10000000000218,22366.992
20271.28,70.11000000000058,22560.385
20271.29,70.12000000000262,22463.672
20271.3,70.13000000000102,22318.664
20271.31,70.14000000000306,22560.385
20271.32,70.15000000000146,22318.664
20271.33,70.16000000000349,22415.328
20271.34,70.17000000000189,22512.023
20271.35,70.18000000000029,22318.664
20271.36,70.19000000000233,22366.992
20271.37,70.20000000000073,22512.023
20271.38,70.21000000000276,22463.672
20271.39,70.22000000000116,22463.672
20271.4,70.2300000000032,22318.664
20271.41,70.2400000000016,22560.385
20271.42,70.25,22753.908
20271.43,70.26000000000204,22608.754
20271.44,70.27000000000044,22705.516
20271.45,70.28000000000247,22512.023
20271.46,70.29000000000087,22560.385
20271.47,70.30000000000291,22512.023
20271.48,70.31000000000131,22463.672
20271.49,70.32000000000335,22560.385
20271.5,70.33000000000175,22463.672
20271.51,70.34000000000015,22560.385
20271.52,70.35000000000218,22657.131
20271.53,70.36000000000058,22560.385
20271.54,70.37000000000262,22463.672
20271.55,70.38000000000102,22608.754
20271.56,70.39000000000306,22512.023
20271.57,70.40000000000146,22608.754
20271.58,70.41000000000349,22512.023
20271.59,70.42000000000189,22512.023
20271.6,70.43000000000029,22463.672
20271.61,70.44000000000233,22560.385
20271.62,70.45000000000073,22415.328
20271.63,70.46000000000276,22415.328
20271.64,70.47000000000116,22560.385
20271.65,70.4800000000032,22415.328
20271.66,70.4900000000016,22366.992
20271.67,70.5,22512.023
20271.68,70.51000000000204,22657.131
20271.69,70.52000000000044,22657.131
20271.7,70.53000000000247,22512.023
20271.71,70.54000000000087,22463.672
20271.72,70.55000000000291,22512.023
20271.73,70.56000000000131,22366.992
20271.74,70.57000000000335,22560.385
20271.75,70.58000000000175,22560.385
20271.76,70.59000000000015,22415.328
20271.77,70.60000000000218,22512.023
20271.78,70.61000000000058,22512.023
20271.79,70.62000000000262,22560.385
20271.8,70.63000000000102,22705.516
20271.81,70.64000000000306,22802.309
20271.82,70.65000000000146,22512.023
20271.83,70.66000000000349,22318.664
20271.84,70.67000000000189,22560.385
20271.85,70.68000000000029,22415.328
20271.86,70.69000000000233,22560.385
20271.87,70.70000000000073,22366.992
20271.88,70.71000000000276,22366.992
20271.89,70.72000000000116,22512.023
20271.9,70.7300000000032,22512.023
20271.91,70.7400000000016,22560.385
20271.92,70.75,22512.023
20271.93,70.76000000000204,22512.023
20271.94,70.77000000000044,22318.664
20271.95,70.78000000000247,22318.664
20271.96,70.79000000000087,22463.672
20271.97,70.80000000000291,22512.023
20271.98,70.81000000000131,22753.908
20271.99,70.82000000000335,22657.131
20272.0,70.83000000000175,22512.023
20272.01,70.84000000000015,22415.328
20272.02,70.85000000000218,22366.992
20272.03,70.86000000000058,22512.023
20272.04,70.87000000000262,22560.385
20272.05,70.88000000000102,22463.672
20272.06,70.89000000000306,22415.328
20272.07,70.90000000000146,22366.992
20272.08,70.91000000000349,22318.664
20272.09,70.92000000000189,22463.672
20272.1,70.93000000000029,22222.031
20272.11,70.94000000000233,22512.023
20272.12,70.95000000000073,22270.344
20272.13,70.96000000000276,22125.432
20272.14,70.97000000000116,22560.385
20272.15,70.9800000000032,22512.023
20272.16,70.9900000000016,22222.031
20272.17,71.0,22270.344
20272.18,71.01000000000204,22318.664
20272.19,71.02000000000044,22222.031
20272.2,71.03000000000247,22366.992
20272.21,71.04000000000087,22415.328
20272.22,71.05000000000291,22318.664
20272.23,71.06000000000131,22318.664
20272.24,71.07000000000335,22366.992
20272.25,71.08000000000175,22270.344
20272.26,71.09000000000015,22222.031
20272.27,71.10000000000218,22608.754
20272.28,71.11000000000058,22270.344
20272.29,71.12000000000262,22608.754
20272.3,71.13000000000102,22318.664
20272.31,71.14000000000306,22560.385
20272.32,71.15000000000146,22463.672
20272.33,71.16000000000349,22318.664
20272.34,71.17000000000189,22463.672
20272.35,71.18000000000029,22366.992
20272.36,71.19000000000233,22366.992
20272.37,71.20000000000073,22366.992
20272.38,71.21000000000276,22560.385
20272.39,71.22000000000116,22318.664
20272.4,71.2300000000032,22463.672
20272.41,71.2400000000016,22463.672
20272.42,71.25,22415.328
20272.43,71.26000000000204,22463.672
20272.44,71.27000000000044,22366.992
20272.45,71.28000000000247,22366.992
20272.46,71.29000000000087,22318.664
20272.47,71.30000000000291,22415.328
20272.48,71.31000000000131,22415.328
20272.49,71.32000000000335,22318.664
20272.5,71.33000000000175,22608.754
20272.51,71.34000000000015,22222.031
20272.52,71.35000000000218,22415.328
20272.53,71.36000000000058,22463.672
20272.54,71.37000000000262,22415.328
20272.55,71.38000000000102,22415.328
20272.56,71.39000000000306,22463.672
20272.57,71.40000000000146,22318.664
20272.58,71.41000000000349,22270.344
20272.59,71.42000000000189,22366.992
20272.6,71.43000000000029,22125.432
20272.61,71.44000000000233,22463.672
20272.62,71.45000000000073,22318.664
20272.63,71.46000000000276,22366.992
20272.64,71.47000000000116,22512.023
20272.65,71.4800000000032,22270.344
20272.66,71.4900000000016,22415.328
20272.67,71.5,22512.023
20272.68,71.51000000000204,22222.031
20272.69,71.52000000000044,22270.344
20272.7,71.53000000000247,22318.664
20272.71,71.54000000000087,22366.992
20272.72,71.55000000000291,22366.992
20272.73,71.56000000000131,22366.992
20272.74,71.57000000000335,22270.344
20272.75,71.58000000000175,22512.023
20272.76,71.59000000000015,22270.344
20272.77,71.60000000000218,22366.992
20272.78,71.61000000000058,22318.664
20272.79,71.62000000000262,22415.328
20272.8,71.63000000000102,22318.664
20272.81,71.64000000000306,22463.672
20272.82,71.65000000000146,22270.344
20272.83,71.66000000000349,22415.328
20272.84,71.67000000000189,22318.664
20272.85,71.68000000000029,22318.664
20272.86,71.69000000000233,22125.432
20272.87,71.70000000000073,22415.328
20272.88,71.71000000000276,22366.992
20272.89,71.72000000000116,22512.023
20272.9,71.7300000000032,22366.992
20272.91,71.7400000000016,22318.664
20272.92,71.75,22415.328
20272.93,71.76000000000204,22366.992
20272.94,71.77000000000044,22270.344
20272.95,71.78000000000247,22415.328
20272.96,71.79000000000087,22270.344
20272.97,71.80000000000291,22415.328
20272.98,71.81000000000131,22463.672
20272.99,71.82000000000335,22366.992
20273.0,71.83000000000175,22366.992
20273.01,71.84000000000015,22125.432
20273.02,71.85000000000218,22560.385
20273.03,71.86000000000058,22318.664
20273.04,71.87000000000262,22366.992
20273.05,71.88000000000102,22512.023
20273.06,71.89000000000306,22463.672
20273.07,71.90000000000146,22560.385
20273.08,71.91000000000349,22318.664
20273.09,71.92000000000189,22512.023
20273.1,71.93000000000029,22318.664
20273.11,71.94000000000233,22560.385
20273.12,71.95000000000073,22366.992
20273.13,71.96000000000276,22318.664
20273.14,71.97000000000116,22560.385
20273.15,71.9800000000032,22415.328
20273.16,71.9900000000016,22463.672
20273.17,72.0,22366.992
20273.18,72.01000000000204,22318.664
20273.19,72.02000000000044,22318.664
20273.2,72.03000000000247,22560.385
20273.21,72.04000000000087,22318.664
20273.22,72.05000000000291,22463.672
20273.23,72.06000000000131,22512.023
20273.24,72.07000000000335,22415.328
20273.25,72.08000000000175,22366.992
20273.26,72.09000000000015,22415.328
20273.27,72.10000000000218,22366.992
20273.28,72.11000000000058,22366.992
20273.29,72.12000000000262,22318.664
20273.3,72.13000000000102,22463.672
20273.31,72.14000000000306,22560.385
20273.32,72.15000000000146,22415.328
20273.33,72.16000000000349,22463.672
20273.34,72.17000000000189,22366.992
20273.35,72.18000000000029,22560.385
20273.36,72.19000000000233,22608.754
20273.37,72.20000000000073,22318.664
20273.38,72.21000000000276,22512.023
20273.39,72.22000000000116,22753.908
20273.4,72.2300000000032,22366.992
20273.41,72.2400000000016,22318.664
20273.42,72.25,22463.672
20273.43,72.26000000000204,22318.664
20273.44,72.27000000000044,22560.385
20273.45,72.28000000000247,22415.328
20273.46,72.29000000000087,22415.328
20273.47,72.30000000000291,22512.023
20273.48,72.31000000000131,22415.328
20273.49,72.32000000000335,22608.754
20273.5,72.33000000000175,22512.023
20273.51,72.34000000000015,22512.023
20273.52,72.35000000000218,22463.672
20273.53,72.36000000000058,22512.023
20273.54,72.37000000000262,22415.328
20273.55,72.38000000000102,22415.328
20273.56,72.39000000000306,22560.385
20273.57,72.40000000000146,22512.023
20273.58,72.41000000000349,22560.385
20273.59,72.42000000000189,22318.664
20273.6,72.43000000000029,22318.664
20273.61,72.44000000000233,22560.385
20273.62,72.45000000000073,22318.664
20273.63,72.46000000000276,22560.385
20273.64,72.47000000000116,22657.131
20273.65,72.4800000000032,22463.672
20273.66,72.4900000000016,22318.664
20273.67,72.5,22415.328
20273.68,72.51000000000204,22318.664
20273.69,72.52000000000044,22463.672
20273.7,72.53000000000247,22560.385
20273.71,72.54000000000087,22463.672
20273.72,72.55000000000291,22318.664
20273.73,72.56000000000131,22415.328
20273.74,72.57000000000335,22415.328
20273.75,72.58000000000175,22657.131
20273.76,72.59000000000015,22560.385
20273.77,72.60000000000218,22560.385
20273.78,72.61000000000058,22318.664
20273.79,72.62000000000262,22318.664
20273.8,72.63000000000102,22463.672
20273.81,72.64000000000306,22366.992
20273.82,72.65000000000146,22366.992
20273.83,72.66000000000349,22415.328
20273.84,72.67000000000189,22560.385
20273.85,72.68000000000029,22560.385
20273.86,72.69000000000233,22270.344
20273.87,72.70000000000073,22463.672
20273.88,72.71000000000276,22366.992
20273.89,72.72000000000116,22512.023
20273.9,72.7300000000032,22270.344
20273.91,72.7400000000016,22512.023
20273.92,72.75,22512.023
20273.93,72.76000000000204,22512.023
20273.94,72.77000000000044,22560.385
20273.95,72.78000000000247,22512.023
20273.96,72.79000000000087,22560.385
20273.97,72.80000000000291,22560.385
20273.98,72.81000000000131,22366.992
20273.99,72.82000000000335,22512.023
20274.0,72.83000000000175,22463.672
20274.01,72.84000000000015,22512.023
20274.02,72.85000000000218,22512.023
20274.03,72.86000000000058,22222.031
20274.04,72.87000000000262,22463.672
20274.05,72.88000000000102,22270.344
20274.06,72.89000000000306,22512.023
20274.07,72.90000000000146,22512.023
20274.08,72.91000000000349,22222.031
20274.09,72.92000000000189,22270.344
20274.1,72.93000000000029,22318.664
20274.11,72.94000000000233,22366.992
20274.12,72.95000000000073,22463.672
20274.13,72.96000000000276,22463.672
20274.14,72.97000000000116,22463.672
20274.15,72.9800000000032,22560.385
20274.16,72.9900000000016,22560.385
20274.17,73.0,22318.664
20274.18,73.01000000000204,22415.328
20274.19,73.02000000000044,22270.344
20274.2,73.03000000000247,22366.992
20274.21,73.04000000000087,22512.023
20274.22,73.05000000000291,22512.023
20274.23,73.06000000000131,22512.023
20274.24,73.07000000000335,22415.328
20274.25,73.08000000000175,22415.328
20274.26,73.09000000000015,22463.672
20274.27,73.10000000000218,22415.328
20274.28,73.11000000000058,22512.023
20274.29,73.12000000000262,22270.344
20274.3,73.13000000000102,22415.328
20274.31,73.14000000000306,22463.672
20274.32,73.15000000000146,22463.672
20274.33,73.16000000000349,22657.131
20274.34,73.17000000000189,22366.992
20274.35,73.18000000000029,22366.992
20274.36,73.19000000000233,22318.664
20274.37,73.20000000000073,22415.328
20274.38,73.21000000000276,22512.023
20274.39,73.22000000000116,22657.131
20274.4,73.2300000000032,22415.328
20274.41,73.2400000000016,22415.328
20274.42,73.25,22463.672
20274.43,73.26000000000204,22415.328
20274.44,73.27000000000044,22366.992
20274.45,73.28000000000247,22608.754
20274.46,73.29000000000087,22366.992
20274.47,73.30000000000291,22560.385
20274.48,73.31000000000131,22512.023
20274.49,73.32000000000335,22270.344
20274.5,73.33000000000175,22270.344
20274.51,73.34000000000015,22270.344
20274.52,73.35000000000218,22463.672
20274.53,73.36000000000058,22415.328
20274.54,73.37000000000262,22463.672
20274.55,73.38000000000102,22318.664
20274.56,73.39000000000306,22318.664
20274.57,73.40000000000146,22318.664
20274.58,73.41000000000349,22560.385
20274.59,73.42000000000189,22608.754
20274.6,73.43000000000029,22415.328
20274.61,73.44000000000233,22366.992
20274.62,73.45000000000073,22270.344
20274.63,73.46000000000276,22318.664
20274.64,73.47000000000116,22318.664
20274.65,73.4800000000032,22512.023
20274.66,73.4900000000016,22657.131
20274.67,73.5,22366.992
20274.68,73.51000000000204,22415.328
20274.69,73.52000000000044,22560.385
20274.7,73.53000000000247,22512.023
20274.71,73.54000000000087,22366.992
20274.72,73.55000000000291,22560.385
20274.73,73.56000000000131,22270.344
20274.74,73.57000000000335,22463.672
20274.75,73.58000000000175,22366.992
20274.76,73.59000000000015,22318.664
20274.77,73.60000000000218,22463.672
20274.78,73.61000000000058,22512.023
20274.79,73.62000000000262,22463.672
20274.8,73.63000000000102,22415.328
20274.81,73.64000000000306,22463.672
20274.82,73.65000000000146,22415.328
20274.83,73.66000000000349,22125.432
20274.84,73.67000000000189,22560.385
20274.85,73.68000000000029,22512.023
20274.86,73.69000000000233,22318.664
20274.87,73.70000000000073,22415.328
20274.88,73.71000000000276,22560.385
20274.89,73.72000000000116,22512.023
20274.9,73.7300000000032,22560.385
20274.91,73.7400000000016,22512.023
20274.92,73.75,22463.672
20274.93,73.76000000000204,22366.992
20274.94,73.77000000000044,22415.328
20274.95,73.78000000000247,22463.672
20274.96,73.79000000000087,22512.023
20274.97,73.80000000000291,22512.023
20274.98,73.81000000000131,22222.031
20274.99,73.82000000000335,22366.992
20275.0,73.83000000000175,22318.664
20275.01,73.84000000000015,22366.992
20275.02,73.85000000000218,22657.131
20275.03,73.86000000000058,22318.664
20275.04,73.87000000000262,22415.328
20275.05,73.88000000000102,22512.023
20275.06,73.89000000000306,22560.385
20275.07,73.90000000000146,22512.023
20275.08,73.91000000000349,22560.385
20275.09,73.92000000000189,22608.754
20275.1,73.93000000000029,22415.328
20275.11,73.94000000000233,22560.385
20275.12,73.95000000000073,22560.385
20275.13,73.96000000000276,22608.754
20275.14,73.97000000000116,22560.385
20275.15,73.9800000000032,22512.023
20275.16,73.9900000000016,22512.023
20275.17,74.0,22512.023
20275.18,74.01000000000204,22415.328
20275.19,74.02000000000044,22463.672
20275.2,74.03000000000247,22222.031
20275.21,74.04000000000087,22657.131
20275.22,74.05000000000291,22366.992
20275.23,74.06000000000131,22318.664
20275.24,74.07000000000335,22415.328
20275.25,74.08000000000175,22463.672
20275.26,74.09000000000015,22608.754
20275.27,74.10000000000218,22608.754
20275.28,74.11000000000058,22463.672
20275.29,74.12000000000262,22270.344
20275.3,74.13000000000102,22415.328
20275.31,74.14000000000306,22560.385
20275.32,74.15000000000146,22560.385
20275.33,74.16000000000349,22753.908
20275.34,74.17000000000189,22560.385
20275.35,74.18000000000029,22222.031
20275.36,74.19000000000233,22318.664
20275.37,74.20000000000073,22463.672
20275.38,74.21000000000276,22366.992
20275.39,74.22000000000116,22512.023
20275.4,74.2300000000032,22366.992
20275.41,74.2400000000016,22560.385
20275.42,74.25,22512.023
20275.43,74.26000000000204,22366.992
20275.44,74.27000000000044,22463.672
20275.45,74.28000000000247,22463.672
20275.46,74.29000000000087,22318.664
20275.47,74.30000000000291,22270.344
20275.48,74.31000000000131,22415.328
20275.49,74.32000000000335,22560.385
20275.5,74.33000000000175,22512.023
20275.51,74.34000000000015,22366.992
20275.52,74.35000000000218,22512.023
20275.53,74.36000000000058,22512.023
20275.54,74.37000000000262,22512.023
20275.55,74.38000000000102,22270.344
20275.56,74.39000000000306,22415.328
20275.57,74.40000000000146,22318.664
20275.58,74.41000000000349,22657.131
20275.59,74.42000000000189,22415.328
20275.6,74.43000000000029,22463.672
20275.61,74.44000000000233,22366.992
20275.62,74.45000000000073,22463.672
20275.63,74.46000000000276,22463.672
20275.64,74.47000000000116,22560.385
20275.65,74.4800000000032,22415.328
20275.66,74.4900000000016,22512.023
20275.67,74.5,22560.385
20275.68,74.51000000000204,22318.664
20275.69,74.52000000000044,22753.908
20275.7,74.53000000000247,22657.131
20275.71,74.54000000000087,22657.131
20275.72,74.55000000000291,22512.023
20275.73,74.56000000000131,22512.023
20275.74,74.57000000000335,22512.023
20275.75,74.58000000000175,22463.672
20275.76,74.59000000000015,22463.672
20275.77,74.60000000000218,22463.672
20275.78,74.61000000000058,22512.023
20275.79,74.62000000000262,22366.992
20275.8,74.63000000000102,22608.754
20275.81,74.64000000000306,22512.023
20275.82,74.65000000000146,22512.023
20275.83,74.66000000000349,22415.328
20275.84,74.67000000000189,22415.328
20275.85,74.68000000000029,22512.023
20275.86,74.69000000000233,22512.023
20275.87,74.70000000000073,22512.023
20275.88,74.71000000000276,22512.023
20275.89,74.72000000000116,22463.672
20275.9,74.7300000000032,22415.328
20275.91,74.7400000000016,22560.385
20275.92,74.75,22512.023
20275.93,74.76000000000204,22463.672
20275.94,74.77000000000044,22318.664
20275.95,74.78000000000247,22512.023
20275.96,74.79000000000087,22415.328
20275.97,74.80000000000291,22560.385
20275.98,74.81000000000131,22657.131
20275.99,74.82000000000335,22560.385
20276.0,74.83000000000175,22463.672
20276.01,74.84000000000015,22318.664
20276.02,74.85000000000218,22560.385
20276.03,74.86000000000058,22512.023
20276.04,74.87000000000262,22415.328
20276.05,74.88000000000102,22560.385
20276.06,74.89000000000306,22415.328
20276.07,74.90000000000146,22318.664
20276.08,74.91000000000349,22222.031
20276.09,74.92000000000189,22318.664
20276.1,74.93000000000029,22270.344
20276.11,74.94000000000233,22512.023
20276.12,74.95000000000073,22512.023
20276.13,74.96000000000276,22318.664
20276.14,74.97000000000116,22560.385
20276.15,74.9800000000032,22366.992
20276.16,74.9900000000016,22318.664
20276.17,75.0,22318.664
20276.18,75.01000000000204,22366.992
20276.19,75.02000000000044,22463.672
20276.2,75.03000000000247,22318.664
20276.21,75.04000000000087,22415.328
20276.22,75.05000000000291,22366.992
20276.23,75.06000000000131,22318.664
20276.24,75.07000000000335,22512.023
20276.25,75.08000000000175,22318.664
20276.26,75.09000000000015,22318.664
20276.27,75.10000000000218,22608.754
20276.28,75.11000000000058,22222.031
20276.29,75.12000000000262,22415.328
20276.3,75.13000000000102,22366.992
20276.31,75.14000000000306,22222.031
20276.32,75.15000000000146,22512.023
20276.33,75.16000000000349,22366.992
20276.34,75.17000000000189,22560.385
20276.35,75.18000000000029,22366.992
20276.36,75.19000000000233,22560.385
20276.37,75.20000000000073,22318.664
20276.38,75.21000000000276,22366.992
20276.39,75.22000000000116,22560.385
20276.4,75.2300000000032,22366.992
20276.41,75.2400000000016,22512.023
20276.42,75.25,22705.516
20276.43,75.26000000000204,22415.328
20276.44,75.27000000000044,22560.385
20276.45,75.28000000000247,22560.385
20276.46,75.29000000000087,22318.664
20276.47,75.30000000000291,22463.672
20276.48,75.31000000000131,22222.031
20276.49,75.32000000000335,22415.328
20276.5,75.33000000000175,22366.992
20276.51,75.34000000000015,22173.729
20276.52,75.35000000000218,22318.664
20276.53,75.36000000000058,22366.992
20276.54,75.37000000000262,22366.992
20276.55,75.38000000000102,22318.664
20276.56,75.39000000000306,22318.664
20276.57,75.40000000000146,22657.131
20276.58,75.41000000000349,22318.664
20276.59,75.42000000000189,22415.328
20276.6,75.43000000000029,22366.992
20276.61,75.44000000000233,22512.023
20276.62,75.45000000000073,22366.992
20276.63,75.46000000000276,22318.664
20276.64,75.47000000000116,22366.992
20276.65,75.4800000000032,22318.664
20276.66,75.4900000000016,22318.664
20276.67,75.5,22463.672
20276.68,75.51000000000204,22560.385
20276.69,75.52000000000044,22222.031
20276.7,75.53000000000247,22173.729
20276.71,75.54000000000087,22512.023
20276.72,75.55000000000291,22463.672
20276.73,75.56000000000131,22560.385
20276.74,75.57000000000335,22366.992
20276.75,75.58000000000175,22512.023
20276.76,75.59000000000015,22366.992
20276.77,75.60000000000218,22318.664
20276.78,75.61000000000058,22173.729
20276.79,75.62000000000262,22463.672
20276.8,75.63000000000102,22512.023
20276.81,75.64000000000306,22512.023
20276.82,75.65000000000146,22415.328
20276.83,75.66000000000349,22366.992
20276.84,75.67000000000189,22512.023
20276.85,75.68000000000029,22463.672
20276.86,75.69000000000233,22463.672
20276.87,75.70000000000073,22415.328
20276.88,75.71000000000276,22463.672
20276.89,75.72000000000116,22463.672
20276.9,75.7300000000032,22512.023
20276.91,75.7400000000016,22463.672
20276.92,75.75,22318.664
20276.93,75.76000000000204,22415.328
20276.94,75.77000000000044,22222.031
20276.95,75.78000000000247,22415.328
20276.96,75.79000000000087,22415.328
20276.97,75.80000000000291,22366.992
20276.98,75.81000000000131,22512.023
20276.99,75.82000000000335,22463.672
20277.0,75.83000000000175,22318.664
20277.01,75.84000000000015,22366.992
20277.02,75.85000000000218,22560.385
20277.03,75.86000000000058,22366.992
20277.04,75.87000000000262,22318.664
20277.05,75.88000000000102,22415.328
20277.06,75.89000000000306,22415.328
20277.07,75.90000000000146,22318.664
20277.08,75.91000000000349,22463.672
20277.09,75.92000000000189,22560.385
20277.1,75.93000000000029,22366.992
20277.11,75.94000000000233,22366.992
20277.12,75.95000000000073,22366.992
20277.13,75.96000000000276,22366.992
20277.14,75.97000000000116,22657.131
20277.15,75.9800000000032,22366.992
20277.16,75.9900000000016,22366.992
20277.17,76.0,22366.992
20277.18,76.01000000000204,22415.328
20277.19,76.02000000000044,22222.031
20277.2,76.03000000000247,22512.023
20277.21,76.04000000000087,22463.672
20277.22,76.05000000000291,22512.023
20277.23,76.06000000000131,22512.023
20277.24,76.07000000000335,22463.672
20277.25,76.08000000000175,22512.023
20277.26,76.09000000000015,22512.023
20277.27,76.10000000000218,22318.664
20277.28,76.11000000000058,22463.672
20277.29,76.12000000000262,22463.672
20277.3,76.13000000000102,22608.754
20277.31,76.14000000000306,22415.328
20277.32,76.15000000000146,22608.754
20277.33,76.16000000000349,22366.992
20277.34,76.17000000000189,22415.328
20277.35,76.18000000000029,22415.328
20277.36,76.19000000000233,22705.516
20277.37,76.20000000000073,22463.672
20277.38,76.21000000000276,22463.672
20277.39,76.22000000000116,22512.023
20277.4,76.2300000000032,22318.664
20277.41,76.2400000000016,22463.672
20277.42,76.25,22366.992
20277.43,76.26000000000204,22512.023
20277.44,76.27000000000044,22318.664
20277.45,76.28000000000247,22318.664
20277.46,76.29000000000087,22415.328
20277.47,76.30000000000291,22560.385
20277.48,76.31000000000131,22318.664
20277.49,76.32000000000335,22560.385
20277.5,76.33000000000175,22463.672
20277.51,76.34000000000015,22463.672
20277.52,76.35000000000218,22705.516
20277.53,76.36000000000058,22705.516
20277.54,76.37000000000262,22512.023
20277.55,76.38000000000102,22366.992
20277.56,76.39000000000306,22560.385
20277.57,76.40000000000146,22415.328
20277.58,76.41000000000349,22512.023
20277.59,76.42000000000189,22415.328
20277.6,76.43000000000029,22463.672
20277.61,76.44000000000233,22415.328
20277.62,76.45000000000073,22560.385
20277.63,76.46000000000276,22366.992
20277.64,76.47000000000116,22318.664
20277.65,76.4800000000032,22366.992
20277.66,76.4900000000016,22415.328
20277.67,76.5,22560.385
20277.68,76.51000000000204,22560.385
20277.69,76.52000000000044,22415.328
20277.7,76.53000000000247,22560.385
20277.71,76.54000000000087,22318.664
20277.72,76.55000000000291,22512.023
20277.73,76.56000000000131,22512.023
20277.74,76.57000000000335,22366.992
20277.75,76.58000000000175,22560.385
20277.76,76.59000000000015,22366.992
20277.77,76.60000000000218,22560.385
20277.78,76.61000000000058,22512.023
20277.79,76.62000000000262,22512.023
20277.8,76.63000000000102,22512.023
20277.81,76.64000000000306,22512.023
20277.82,76.65000000000146,22222.031
20277.83,76.66000000000349,22415.328
20277.84,76.67000000000189,22705.516
20277.85,76.68000000000029,22415.328
20277.86,76.69000000000233,22318.664
20277.87,76.70000000000073,22415.328
20277.88,76.71000000000276,22415.328
20277.89,76.72000000000116,22415.328
20277.9,76.7300000000032,22560.385
20277.91,76.7400000000016,22318.664
20277.92,76.75,22415.328
20277.93,76.76000000000204,22560.385
20277.94,76.77000000000044,22560.385
20277.95,76.78000000000247,22608.754
20277.96,76.79000000000087,22560.385
20277.97,76.80000000000291,22512.023
20277.98,76.81000000000131,22222.031
20277.99,76.82000000000335,22560.385
20278.0,76.83000000000175,22318.664
20278.01,76.84000000000015,22222.031
20278.02,76.85000000000218,22560.385
20278.03,76.86000000000058,22463.672
20278.04,76.87000000000262,22463.672
20278.05,76.88000000000102,22512.023
20278.06,76.89000000000306,22463.672
20278.07,76.90000000000146,22318.664
20278.08,76.91000000000349,22415.328
20278.09,76.92000000000189,22415.328
20278.1,76.93000000000029,22415.328
20278.11,76.94000000000233,22415.328
20278.12,76.95000000000073,22415.328
20278.13,76.96000000000276,22318.664
20278.14,76.97000000000116,22560.385
20278.15,76.9800000000032,22318.664
20278.16,76.9900000000016,22463.672
20278.17,77.0,22415.328
20278.18,77.01000000000204,22318.664
20278.19,77.02000000000044,22560.385
20278.2,77.03000000000247,22415.328
20278.21,77.04000000000087,22415.328
20278.22,77.05000000000291,22222.031
20278.23,77.06000000000131,22318.664
20278.24,77.07000000000335,22560.385
20278.25,77.08000000000175,22415.328
20278.26,77.09000000000015,22560.385
20278.27,77.10000000000218,22608.754
20278.28,77.11000000000058,22560.385
20278.29,77.12000000000262,22415.328
20278.3,77.13000000000102,22560.385
20278.31,77.14000000000306,22512.023
20278.32,77.15000000000146,22512.023
20278.33,77.16000000000349,22415.328
20278.34,77.17000000000189,22366.992
20278.35,77.18000000000029,22318.664
20278.36,77.19000000000233,22415.328
20278.37,77.20000000000073,22657.131
20278.38,77.21000000000276,22415.328
20278.39,77.22000000000116,22415.328
20278.4,77.2300000000032,22560.385
20278.41,77.2400000000016,22560.385
20278.42,77.25,22415.328
20278.43,77.26000000000204,22560.385
20278.44,77.27000000000044,22512.023
20278.45,77.28000000000247,22463.672
20278.46,77.29000000000087,22415.328
20278.47,77.30000000000291,22415.328
20278.48,77.31000000000131,22560.385
20278.49,77.32000000000335,22415.328
20278.5,77.33000000000175,22270.344
20278.51,77.34000000000015,22366.992
20278.52,77.35000000000218,22415.328
20278.53,77.36000000000058,22512.023
20278.54,77.37000000000262,22512.023
20278.55,77.38000000000102,22318.664
20278.56,77.39000000000306,22560.385
20278.57,77.40000000000146,22318.664
20278.58,77.41000000000349,22366.992
20278.59,77.42000000000189,22415.328
20278.6,77.43000000000029,22512.023
20278.61,77.44000000000233,22512.023
20278.62,77.45000000000073,22512.023
20278.63,77.46000000000276,22512.023
20278.64,77.47000000000116,22560.385
20278.65,77.4800000000032,22222.031
20278.66,77.4900000000016,22415.328
20278.67,77.5,22463.672
20278.68,77.51000000000204,22560.385
20278.69,77.52000000000044,22463.672
20278.7,77.53000000000247,22415.328
20278.71,77.54000000000087,22366.992
20278.72,77.55000000000291,22366.992
20278.73,77.56000000000131,22463.672
20278.74,77.57000000000335,22415.328
20278.75,77.58000000000175,22318.664
20278.76,77.59000000000015,22173.729
20278.77,77.60000000000218,22512.023
20278.78,77.61000000000058,22415.328
20278.79,77.62000000000262,22608.754
20278.8,77.63000000000102,22270.344
20278.81,77.64000000000306,22657.131
20278.82,77.65000000000146,22366.992
20278.83,77.66000000000349,22415.328
20278.84,77.67000000000189,22463.672
20278.85,77.68000000000029,22512.023
20278.86,77.69000000000233,22415.328
20278.87,77.70000000000073,22318.664
20278.88,77.71000000000276,22415.328
20278.89,77.72000000000116,22512.023
20278.9,77.7300000000032,22560.385
20278.91,77.7400000000016,22512.023
20278.92,77.75,22318.664
20278.93,77.76000000000204,22318.664
20278.94,77.77000000000044,22366.992
20278.95,77.78000000000247,22463.672
20278.96,77.79000000000087,22463.672
20278.97,77.80000000000291,22512.023
20278.98,77.81000000000131,22560.385
20278.99,77.82000000000335,22463.672
20279.0,77.83000000000175,22318.664
20279.01,77.84000000000015,22415.328
20279.02,77.85000000000218,22705.516
20279.03,77.86000000000058,22657.131
20279.04,77.87000000000262,22512.023
20279.05,77.88000000000102,22415.328
20279.06,77.89000000000306,22366.992
20279.07,77.90000000000146,22512.023
20279.08,77.91000000000349,22415.328
20279.09,77.92000000000189,22463.672
20279.1,77.93000000000029,22270.344
20279.11,77.94000000000233,22318.664
20279.12,77.95000000000073,22366.992
20279.13,77.96000000000276,22415.328
20279.14,77.97000000000116,22753.908
20279.15,77.9800000000032,22512.023
20279.16,77.9900000000016,22415.328
20279.17,78.0,22415.328
20279.18,78.01000000000204,22560.385
20279.19,78.02000000000044,22463.672
20279.2,78.03000000000247,22415.328
20279.21,78.04000000000087,22415.328
20279.22,78.05000000000291,22463.672
20279.23,78.06000000000131,22560.385
20279.24,78.07000000000335,22415.328
20279.25,78.08000000000175,22318.664
20279.26,78.09000000000015,22270.344
20279.27,78.10000000000218,22512.023
20279.28,78.11000000000058,22608.754
20279.29,78.12000000000262,22415.328
20279.3,78.13000000000102,22608.754
20279.31,78.14000000000306,22560.385
20279.32,78.15000000000146,22705.516
20279.33,78.16000000000349,22415.328
20279.34,78.17000000000189,22512.023
20279.35,78.18000000000029,22318.664
20279.36,78.19000000000233,22366.992
20279.37,78.20000000000073,22512.023
20279.38,78.21000000000276,22512.023
20279.39,78.22000000000116,22512.023
20279.4,78.2300000000032,22415.328
20279.41,78.2400000000016,22415.328
20279.42,78.25,22270.344
20279.43,78.26000000000204,22463.672
20279.44,78.27000000000044,22560.385
20279.45,78.28000000000247,22366.992
20279.46,78.29000000000087,22366.992
20279.47,78.30000000000291,22512.023
20279.48,78.31000000000131,22415.328
20279.49,78.32000000000335,22560.385
20279.5,78.33000000000175,22415.328
20279.51,78.34000000000015,22318.664
20279.52,78.35000000000218,22415.328
20279.53,78.36000000000058,22415.328
20279.54,78.37000000000262,22560.385
20279.55,78.38000000000102,22657.131
20279.56,78.39000000000306,22657.131
20279.57,78.40000000000146,22560.385
20279.58,78.41000000000349,22366.992
20279.59,78.42000000000189,22512.023
20279.6,78.43000000000029,22463.672
20279.61,78.44000000000233,22270.344
20279.62,78.45000000000073,22512.023
20279.63,78.46000000000276,22125.432
20279.64,78.47000000000116,22318.664
20279.65,78.4800000000032,22270.344
20279.66,78.4900000000016,22415.328
20279.67,78.5,22657.131
20279.68,78.51000000000204,22318.664
20279.69,78.52000000000044,22366.992
20279.7,78.53000000000247,22560.385
20279.71,78.54000000000087,22415.328
20279.72,78.55000000000291,22512.023
20279.73,78.56000000000131,22512.023
20279.74,78.57000000000335,22463.672
20279.75,78.58000000000175,22366.992
20279.76,78.59000000000015,22270.344
20279.77,78.60000000000218,22560.385
20279.78,78.61000000000058,22415.328
20279.79,78.62000000000262,22463.672
20279.8,78.63000000000102,22608.754
20279.81,78.64000000000306,22366.992
20279.82,78.65000000000146,22222.031
20279.83,78.66000000000349,22512.023
20279.84,78.67000000000189,22657.131
20279.85,78.68000000000029,22318.664
20279.86,78.69000000000233,22415.328
20279.87,78.70000000000073,22366.992
20279.88,78.71000000000276,22415.328
20279.89,78.72000000000116,22512.023
20279.9,78.7300000000032,22608.754
20279.91,78.7400000000016,22512.023
20279.92,78.75,22512.023
20279.93,78.76000000000204,22512.023
20279.94,78.77000000000044,22463.672
20279.95,78.78000000000247,22366.992
20279.96,78.79000000000087,22512.023
20279.97,78.80000000000291,22560.385
20279.98,78.81000000000131,22560.385
20279.99,78.82000000000335,22463.672
20280.0,78.83000000000175,22560.385
20280.01,78.84000000000015,22318.664
20280.02,78.85000000000218,22366.992
20280.03,78.86000000000058,22366.992
20280.04,78.87000000000262,22512.023
20280.05,78.88000000000102,22560.385
20280.06,78.89000000000306,22270.344
20280.07,78.90000000000146,22366.992
20280.08,78.91000000000349,22318.664
20280.09,78.92000000000189,22366.992
20280.1,78.93000000000029,22366.992
20280.11,78.94000000000233,22415.328
20280.12,78.95000000000073,22415.328
20280.13,78.96000000000276,22560.385
20280.14,78.97000000000116,22608.754
20280.15,78.9800000000032,22608.754
20280.16,78.9900000000016,22318.664
20280.17,79.0,22366.992
20280.18,79.01000000000204,22415.328
20280.19,79.02000000000044,22463.672
20280.2,79.03000000000247,22318.664
20280.21,79.04000000000087,22366.992
20280.22,79.05000000000291,22318.664
20280.23,79.06000000000131,22415.328
20280.24,79.07000000000335,22463.672
20280.25,79.08000000000175,22366.992
20280.26,79.09000000000015,22270.344
20280.27,79.10000000000218,22415.328
20280.28,79.11000000000058,22415.328
20280.29,79.12000000000262,22415.328
20280.3,79.13000000000102,22415.328
20280.31,79.14000000000306,22463.672
20280.32,79.15000000000146,22318.664
20280.33,79.16000000000349,22366.992
20280.34,79.17000000000189,22560.385
20280.35,79.18000000000029,22366.992
20280.36,79.19000000000233,22463.672
20280.37,79.20000000000073,22366.992
20280.38,79.21000000000276,22270.344
20280.39,79.22000000000116,22463.672
20280.4,79.2300000000032,22366.992
20280.41,79.2400000000016,22463.672
20280.42,79.25,22366.992
20280.43,79.26000000000204,22125.432
20280.44,79.27000000000044,22318.664
20280.45,79.28000000000247,22463.672
20280.46,79.29000000000087,22512.023
20280.47,79.30000000000291,22415.328
20280.48,79.31000000000131,22222.031
20280.49,79.32000000000335,22560.385
20280.5,79.33000000000175,22222.031
20280.51,79.34000000000015,22318.664
20280.52,79.35000000000218,22415.328
20280.53,79.36000000000058,22463.672
20280.54,79.37000000000262,22270.344
20280.55,79.38000000000102,22463.672
20280.56,79.39000000000306,22366.992
20280.57,79.40000000000146,22415.328
20280.58,79.41000000000349,22270.344
20280.59,79.42000000000189,22366.992
20280.6,79.43000000000029,22318.664
20280.61,79.44000000000233,22463.672
20280.62,79.45000000000073,22270.344
20280.63,79.46000000000276,22512.023
20280.64,79.47000000000116,22415.328
20280.65,79.4800000000032,22463.672
20280.66,79.4900000000016,22512.023
20280.67,79.5,22415.328
20280.68,79.51000000000204,22463.672
20280.69,79.52000000000044,22222.031
20280.7,79.53000000000247,22222.031
20280.71,79.54000000000087,22463.672
20280.72,79.55000000000291,22366.992
20280.73,79.56000000000131,22318.664
20280.74,79.57000000000335,22222.031
20280.75,79.58000000000175,22463.672
20280.76,79.59000000000015,22415.328
20280.77,79.60000000000218,22318.664
20280.78,79.61000000000058,22318.664
20280.79,79.62000000000262,22560.385
20280.8,79.63000000000102,22270.344
20280.81,79.64000000000306,22512.023
20280.82,79.65000000000146,22366.992
20280.83,79.66000000000349,22366.992
20280.84,79.67000000000189,22366.992
20280.85,79.68000000000029,22415.328
20280.86,79.69000000000233,22463.672
20280.87,79.70000000000073,22463.672
20280.88,79.71000000000276,22318.664
20280.89,79.72000000000116,22657.131
20280.9,79.7300000000032,22463.672
20280.91,79.7400000000016,22560.385
20280.92,79.75,22560.385
20280.93,79.76000000000204,22366.992
20280.94,79.77000000000044,22415.328
20280.95,79.78000000000247,22463.672
20280.96,79.79000000000087,22318.664
20280.97,79.80000000000291,22318.664
20280.98,79.81000000000131,22318.664
20280.99,79.82000000000335,22366.992
20281.0,79.83000000000175,22512.023
20281.01,79.84000000000015,22318.664
20281.02,79.85000000000218,22512.023
20281.03,79.86000000000058,22366.992
20281.04,79.87000000000262,22463.672
20281.05,79.88000000000102,22415.328
20281.06,79.89000000000306,22318.664
20281.07,79.90000000000146,22318.664
20281.08,79.91000000000349,22560.385
20281.09,79.92000000000189,22560.385
20281.1,79.93000000000029,22463.672
20281.11,79.94000000000233,22366.992
20281.12,79.95000000000073,22415.328
20281.13,79.96000000000276,22318.664
20281.14,79.97000000000116,22512.023
20281.15,79.9800000000032,22270.344
20281.16,79.9900000000016,22415.328
20281.17,80.0,22560.385
