time_ms,time_relative_ms,current_ua
7649.83,-169.3199999999997,21546.52
7649.84,-169.3099999999995,21594.717
7649.85,-169.29999999999927,21401.973
7649.86,-169.28999999999996,21642.924
7649.87,-169.27999999999975,21691.139
7649.88,-169.26999999999953,21594.717
7649.89,-169.2599999999993,21498.33
7649.9,-169.25,21642.924
7649.91,-169.23999999999978,21691.139
7649.92,-169.22999999999956,21353.809
7649.93,-169.21999999999935,21498.33
7649.94,-169.21000000000004,21691.139
7649.95,-169.19999999999982,21739.359
7649.96,-169.1899999999996,21498.33
7649.97,-169.17999999999938,21546.52
7649.98,-169.17000000000007,21739.359
7649.99,-169.15999999999985,21642.924
7650.0,-169.14999999999964,21642.924
7650.01,-169.13999999999942,21401.973
7650.02,-169.1299999999992,21691.139
7650.03,-169.1199999999999,21739.359
7650.04,-169.10999999999967,21642.924
7650.05,-169.09999999999945,21498.33
7650.06,-169.08999999999924,21642.924
7650.07,-169.07999999999993,21787.59
7650.08,-169.0699999999997,21642.924
7650.09,-169.0599999999995,21884.076
7650.1,-169.04999999999927,21691.139
7650.11,-169.03999999999996,21691.139
7650.12,-169.02999999999975,21691.139
7650.13,-169.01999999999953,21691.139
7650.14,-169.0099999999993,21498.33
7650.15,-169.0,21594.717
7650.16,-168.98999999999978,21594.717
7650.17,-168.97999999999956,21642.924
7650.18,-168.96999999999935,21739.359
7650.19,-168.96000000000004,21546.52
7650.2,-168.94999999999982,21450.146
7650.21,-168.9399999999996,21739.359
7650.22,-168.92999999999938,21691.139
7650.23,-168.92000000000007,21691.139
7650.24,-168.90999999999985,21594.717
7650.25,-168.89999999999964,21546.52
7650.26,-168.88999999999942,21691.139
7650.27,-168.8799999999992,21546.52
7650.28,-168.8699999999999,21691.139
7650.29,-168.85999999999967,21787.59
7650.3,-168.84999999999945,21594.717
7650.31,-168.83999999999924,21691.139
7650.32,-168.82999999999993,21594.717
7650.33,-168.8199999999997,21594.717
7650.34,-168.8099999999995,21642.924
7650.35,-168.79999999999927,21498.33
7650.36,-168.78999999999996,21739.359
7650.37,-168.77999999999975,21691.139
7650.38,-168.76999999999953,21450.146
7650.39,-168.7599999999993,21546.52
7650.4,-168.75,21691.139
7650.41,-168.73999999999978,21594.717
7650.42,-168.72999999999956,21594.717
7650.43,-168.71999999999935,21498.33
7650.44,-168.71000000000004,21546.52
7650.45,-168.69999999999982,21739.359
7650.46,-168.6899999999996,21787.59
7650.47,-168.67999999999938,21691.139
7650.48,-168.67000000000007,21739.359
7650.49,-168.65999999999985,21642.924
7650.5,-168.64999999999964,21594.717
7650.51,-168.63999999999942,21498.33
7650.52,-168.6299999999992,21594.717
7650.53,-168.6199999999999,21594.717
7650.54,-168.60999999999967,21691.139
7650.55,-168.59999999999945,21353.809
7650.56,-168.58999999999924,21691.139
7650.57,-168.57999999999993,21739.359
7650.58,-168.5699999999997,21739.359
7650.59,-168.5599999999995,21546.52
7650.6,-168.54999999999927,21642.924
7650.61,-168.53999999999996,21739.359
7650.62,-168.52999999999975,21691.139
7650.63,-168.51999999999953,21546.52
7650.64,-168.5099999999993,21546.52
7650.65,-168.5,21546.52
7650.66,-168.48999999999978,21594.717
7650.67,-168.47999999999956,21642.924
7650.68,-168.46999999999935,21739.359
7650.69,-168.46000000000004,21835.83
7650.7,-168.44999999999982,21642.924
7650.71,-168.4399999999996,21691.139
7650.72,-168.42999999999938,21450.146
7650.73,-168.42000000000007,21498.33
7650.74,-168.40999999999985,21691.139
7650.75,-168.39999999999964,21835.83
7650.76,-168.38999999999942,21546.52
7650.77,-168.3799999999992,21642.924
7650.78,-168.3699999999999,21787.59
7650.79,-168.35999999999967,21642.924
7650.8,-168.34999999999945,21594.717
7650.81,-168.33999999999924,21691.139
7650.82,-168.32999999999993,21642.924
7650.83,-168.3199999999997,21546.52
7650.84,-168.3099999999995,21594.717
7650.85,-168.29999999999927,21546.52
7650.86,-168.28999999999996,21642.924
7650.87,-168.27999999999975,21691.139
7650.88,-168.26999999999953,21450.146
7650.89,-168.2599999999993,21642.924
7650.9,-168.25,21546.52
7650.91,-168.23999999999978,21739.359
7650.92,-168.22999999999956,21498.33
7650.93,-168.21999999999935,21691.139
7650.94,-168.21000000000004,21594.717
7650.95,-168.19999999999982,21546.52
7650.96,-168.1899999999996,21594.717
7650.97,-168.17999999999938,21691.139
7650.98,-168.17000000000007,21594.717
7650.99,-168.15999999999985,21739.359
7651.0,-168.14999999999964,21835.83
7651.01,-168.13999999999942,21642.924
7651.02,-168.1299999999992,21739.359
7651.03,-168.1199999999999,21691.139
7651.04,-168.10999999999967,21642.924
7651.05,-168.09999999999945,21546.52
7651.06,-168.08999999999924,21787.59
7651.07,-168.07999999999993,21450.146
7651.08,-168.0699999999997,21739.359
7651.09,-168.0599999999995,21546.52
7651.1,-168.04999999999927,21594.717
7651.11,-168.03999999999996,21739.359
7651.12,-168.02999999999975,21642.924
7651.13,-168.01999999999953,21642.924
7651.14,-168.0099999999993,21642.924
7651.15,-168.0,21594.717
7651.16,-167.98999999999978,21594.717
7651.17,-167.97999999999956,21642.924
7651.18,-167.96999999999935,21642.924
7651.19,-167.96000000000004,21691.139
7651.2,-167.94999999999982,21546.52
7651.21,-167.9399999999996,21642.924
7651.22,-167.92999999999938,21739.359
7651.23,-167.92000000000007,21787.59
7651.24,-167.90999999999985,21594.717
7651.25,-167.89999999999964,21594.717
7651.26,-167.88999999999942,21787.59
7651.27,-167.8799999999992,21546.52
7651.28,-167.8699999999999,21691.139
7651.29,-167.85999999999967,21835.83
7651.3,-167.84999999999945,21546.52
7651.31,-167.83999999999924,21546.52
7651.32,-167.82999999999993,21739.359
7651.33,-167.8199999999997,21691.139
7651.34,-167.8099999999995,21546.52
7651.35,-167.79999999999927,21450.146
7651.36,-167.78999999999996,21691.139
7651.37,-167.77999999999975,21546.52
7651.38,-167.76999999999953,21594.717
7651.39,-167.7599999999993,21642.924
7651.4,-167.75,21691.139
7651.41,-167.73999999999978,21739.359
7651.42,-167.72999999999956,21594.717
7651.43,-167.71999999999935,21401.973
7651.44,-167.71000000000004,21642.924
7651.45,-167.69999999999982,21594.717
7651.46,-167.6899999999996,21498.33
7651.47,-167.67999999999938,21546.52
7651.48,-167.67000000000007,21498.33
7651.49,-167.65999999999985,21546.52
7651.5,-167.64999999999964,21546.52
7651.51,-167.63999999999942,21401.973
7651.52,-167.6299999999992,21691.139
7651.53,-167.6199999999999,21546.52
7651.54,-167.60999999999967,21691.139
7651.55,-167.59999999999945,21546.52
7651.56,-167.58999999999924,21787.59
7651.57,-167.57999999999993,21642.924
7651.58,-167.5699999999997,21546.52
7651.59,-167.5599999999995,21691.139
7651.6,-167.54999999999927,21546.52
7651.61,-167.53999999999996,21594.717
7651.62,-167.52999999999975,21739.359
7651.63,-167.51999999999953,21498.33
7651.64,-167.5099999999993,21691.139
7651.65,-167.5,21642.924
7651.66,-167.48999999999978,21691.139
7651.67,-167.47999999999956,21642.924
7651.68,-167.46999999999935,21691.139
7651.69,-167.46000000000004,21884.076
7651.7,-167.44999999999982,21691.139
7651.71,-167.4399999999996,21691.139
7651.72,-167.42999999999938,21594.717
7651.73,-167.42000000000007,21642.924
7651.74,-167.40999999999985,21594.717
7651.75,-167.39999999999964,21594.717
7651.76,-167.38999999999942,21498.33
7651.77,-167.3799999999992,21546.52
7651.78,-167.3699999999999,21835.83
7651.79,-167.35999999999967,21642.924
7651.8,-167.34999999999945,21787.59
7651.81,-167.33999999999924,21932.332
7651.82,-167.32999999999993,21739.359
7651.83,-167.3199999999997,21691.139
7651.84,-167.3099999999995,21594.717
7651.85,-167.29999999999927,21594.717
7651.86,-167.28999999999996,21739.359
7651.87,-167.27999999999975,21739.359
7651.88,-167.26999999999953,21642.924
7651.89,-167.2599999999993,21546.52
7651.9,-167.25,21739.359
7651.91,-167.23999999999978,21739.359
7651.92,-167.22999999999956,21594.717
7651.93,-167.21999999999935,21642.924
7651.94,-167.21000000000004,21594.717
7651.95,-167.19999999999982,21642.924
7651.96,-167.1899999999996,21594.717
7651.97,-167.17999999999938,21546.52
7651.98,-167.17000000000007,21642.924
7651.99,-167.15999999999985,21498.33
7652.0,-167.14999999999964,21691.139
7652.01,-167.13999999999942,21594.717
7652.02,-167.1299999999992,21594.717
7652.03,-167.1199999999999,21787.59
7652.04,-167.10999999999967,21594.717
7652.05,-167.09999999999945,21642.924
7652.06,-167.08999999999924,21787.59
7652.07,-167.07999999999993,21594.717
7652.08,-167.0699999999997,21594.717
7652.09,-167.0599999999995,21546.52
7652.1,-167.04999999999927,21498.33
7652.11,-167.03999999999996,21546.52
7652.12,-167.02999999999975,21546.52
7652.13,-167.01999999999953,21594.717
7652.14,-167.0099999999993,21642.924
7652.15,-167.0,21787.59
7652.16,-166.98999999999978,21594.717
7652.17,-166.97999999999956,21642.924
7652.18,-166.96999999999935,21594.717
7652.19,-166.96000000000004,21546.52
7652.2,-166.94999999999982,21546.52
7652.21,-166.9399999999996,21642.924
7652.22,-166.92999999999938,21546.52
7652.23,-166.92000000000007,21498.33
7652.24,-166.90999999999985,21594.717
7652.25,-166.89999999999964,21691.139
7652.26,-166.88999999999942,21546.52
7652.27,-166.8799999999992,21739.359
7652.28,-166.8699999999999,21594.717
7652.29,-166.85999999999967,21594.717
7652.3,-166.84999999999945,21401.973
7652.31,-166.83999999999924,21594.717
7652.32,-166.82999999999993,21642.924
7652.33,-166.8199999999997,21546.52
7652.34,-166.8099999999995,21642.924
7652.35,-166.79999999999927,21739.359
7652.36,-166.78999999999996,21691.139
7652.37,-166.77999999999975,21594.717
7652.38,-166.76999999999953,21546.52
7652.39,-166.7599999999993,21691.139
7652.4,-166.75,21739.359
7652.41,-166.73999999999978,21691.139
7652.42,-166.72999999999956,21546.52
7652.43,-166.71999999999935,21594.717
7652.44,-166.71000000000004,21498.33
7652.45,-166.69999999999982,21546.52
7652.46,-166.6899999999996,21498.33
7652.47,-166.67999999999938,21739.359
7652.48,-166.67000000000007,21546.52
7652.49,-166.65999999999985,21594.717
7652.5,-166.64999999999964,21642.924
7652.51,-166.63999999999942,21450.146
7652.52,-166.6299999999992,21594.717
7652.53,-166.6199999999999,21787.59
7652.54,-166.60999999999967,21739.359
7652.55,-166.59999999999945,21642.924
7652.56,-166.58999999999924,21691.139
7652.57,-166.57999999999993,21594.717
7652.58,-166.5699999999997,21835.83
7652.59,-166.5599999999995,21498.33
7652.6,-166.54999999999927,21642.924
7652.61,-166.53999999999996,21642.924
7652.62,-166.52999999999975,21787.59
7652.63,-166.51999999999953,21546.52
7652.64,-166.5099999999993,21546.52
7652.65,-166.5,21642.924
7652.66,-166.48999999999978,21884.076
7652.67,-166.47999999999956,21546.52
7652.68,-166.46999999999935,21787.59
7652.69,-166.46000000000004,21546.52
7652.7,-166.44999999999982,21642.924
7652.71,-166.4399999999996,21450.146
7652.72,-166.42999999999938,21498.33
7652.73,-166.42000000000007,21546.52
7652.74,-166.40999999999985,21594.717
7652.75,-166.39999999999964,21691.139
7652.76,-166.38999999999942,21594.717
7652.77,-166.3799999999992,21498.33
7652.78,-166.3699999999999,21401.973
7652.79,-166.35999999999967,21546.52
7652.8,-166.34999999999945,21739.359
7652.81,-166.33999999999924,21787.59
7652.82,-166.32999999999993,21642.924
7652.83,-166.3199999999997,21980.594
7652.84,-166.3099999999995,21642.924
7652.85,-166.29999999999927,21401.973
7652.86,-166.28999999999996,21787.59
7652.87,-166.27999999999975,21546.52
7652.88,-166.26999999999953,21498.33
7652.89,-166.2599999999993,21642.924
7652.9,-166.25,21546.52
7652.91,-166.23999999999978,21594.717
7652.92,-166.22999999999956,21691.139
7652.93,-166.21999999999935,21739.359
7652.94,-166.21000000000004,21594.717
7652.95,-166.19999999999982,21642.924
7652.96,-166.1899999999996,21642.924
7652.97,-166.17999999999938,21450.146
7652.98,-166.17000000000007,21594.717
7652.99,-166.15999999999985,21739.359
7653.0,-166.14999999999964,21691.139
7653.01,-166.13999999999942,21594.717
7653.02,-166.1299999999992,21787.59
7653.03,-166.1199999999999,21691.139
7653.04,-166.10999999999967,21642.924
7653.05,-166.09999999999945,21691.139
7653.06,-166.08999999999924,21642.924
7653.07,-166.07999999999993,21546.52
7653.08,-166.0699999999997,21594.717
7653.09,-166.0599999999995,21594.717
7653.1,-166.04999999999927,21594.717
7653.11,-166.03999999999996,21691.139
7653.12,-166.02999999999975,21691.139
7653.13,-166.01999999999953,21594.717
7653.14,-166.0099999999993,21594.717
7653.15,-166.0,21546.52
7653.16,-165.98999999999978,21884.076
7653.17,-165.97999999999956,21691.139
7653.18,-165.96999999999935,21642.924
7653.19,-165.96000000000004,21642.924
7653.2,-165.94999999999982,21691.139
7653.21,-165.9399999999996,21642.924
7653.22,-165.92999999999938,21594.717
7653.23,-165.92000000000007,21642.924
7653.24,-165.90999999999985,21546.52
7653.25,-165.89999999999964,21594.717
7653.26,-165.88999999999942,21739.359
7653.27,-165.8799999999992,21594.717
7653.28,-165.8699999999999,21642.924
7653.29,-165.85999999999967,21787.59
7653.3,-165.84999999999945,21642.924
7653.31,-165.83999999999924,21691.139
7653.32,-165.82999999999993,21787.59
7653.33,-165.8199999999997,21642.924
7653.34,-165.8099999999995,21594.717
7653.35,-165.79999999999927,21546.52
7653.36,-165.78999999999996,21691.139
7653.37,-165.77999999999975,21594.717
7653.38,-165.76999999999953,21546.52
7653.39,-165.7599999999993,21594.717
7653.4,-165.75,21642.924
7653.41,-165.73999999999978,21739.359
7653.42,-165.72999999999956,21546.52
7653.43,-165.71999999999935,21401.973
7653.44,-165.71000000000004,21691.139
7653.45,-165.69999999999982,21594.717
7653.46,-165.6899999999996,21739.359
7653.47,-165.67999999999938,21691.139
7653.48,-165.67000000000007,21594.717
7653.49,-165.65999999999985,21739.359
7653.5,-165.64999999999964,21691.139
7653.51,-165.63999999999942,21450.146
7653.52,-165.6299999999992,21787.59
7653.53,-165.6199999999999,21739.359
7653.54,-165.60999999999967,21546.52
7653.55,-165.59999999999945,21594.717
7653.56,-165.58999999999924,21739.359
7653.57,-165.57999999999993,21884.076
7653.58,-165.5699999999997,21691.139
7653.59,-165.5599999999995,21691.139
7653.6,-165.54999999999927,21739.359
7653.61,-165.53999999999996,21594.717
7653.62,-165.52999999999975,21739.359
7653.63,-165.51999999999953,21642.924
7653.64,-165.5099999999993,21594.717
7653.65,-165.5,21884.076
7653.66,-165.48999999999978,21835.83
7653.67,-165.47999999999956,21691.139
7653.68,-165.46999999999935,21546.52
7653.69,-165.46000000000004,21546.52
7653.7,-165.44999999999982,21787.59
7653.71,-165.4399999999996,21691.139
7653.72,-165.42999999999938,21642.924
7653.73,-165.42000000000007,21642.924
7653.74,-165.40999999999985,21642.924
7653.75,-165.39999999999964,21739.359
7653.76,-165.38999999999942,21546.52
7653.77,-165.3799999999992,21450.146
7653.78,-165.3699999999999,21498.33
7653.79,-165.35999999999967,21498.33
7653.8,-165.34999999999945,22125.432
7653.81,-165.33999999999924,22947.563
7653.82,-165.32999999999993,23529.301
7653.83,-165.3199999999997,23820.611
7653.84,-165.3099999999995,23820.611
7653.85,-165.29999999999927,23966.375
7653.86,-165.28999999999996,24014.979
7653.87,-165.27999999999975,23723.475
7653.88,-165.26999999999953,23917.777
7653.89,-165.2599999999993,23723.475
7653.9,-165.25,23723.475
7653.91,-165.23999999999978,23869.189
7653.92,-165.22999999999956,23772.039
7653.93,-165.21999999999935,23772.039
7653.94,-165.21000000000004,23772.039
7653.95,-165.19999999999982,23820.611
7653.96,-165.1899999999996,23674.92
7653.97,-165.17999999999938,23917.777
7653.98,-165.17000000000007,23480.779
7653.99,-165.15999999999985,23917.777
7654.0,-165.14999999999964,23869.189
7654.01,-165.13999999999942,23820.611
7654.02,-165.1299999999992,24014.979
7654.03,-165.1199999999999,23772.039
7654.04,-165.10999999999967,23723.475
7654.05,-165.09999999999945,23674.92
7654.06,-165.08999999999924,23674.92
7654.07,-165.07999999999993,23529.301
7654.08,-165.0699999999997,23723.475
7654.09,-165.0599999999995,23577.832
7654.1,-165.04999999999927,23723.475
7654.11,-165.03999999999996,23674.92
7654.12,-165.02999999999975,23674.92
7654.13,-165.01999999999953,23674.92
7654.14,-165.0099999999993,23674.92
7654.15,-165.0,23674.92
7654.16,-164.98999999999978,23674.92
7654.17,-164.97999999999956,24014.979
7654.18,-164.96999999999935,23869.189
7654.19,-164.96000000000004,23772.039
7654.2,-164.94999999999982,23772.039
7654.21,-164.9399999999996,23674.92
7654.22,-164.92999999999938,23577.832
7654.23,-164.92000000000007,23577.832
7654.24,-164.90999999999985,23723.475
7654.25,-164.89999999999964,23869.189
7654.26,-164.88999999999942,23869.189
7654.27,-164.8799999999992,23869.189
7654.28,-164.8699999999999,23674.92
7654.29,-164.85999999999967,23772.039
7654.3,-164.84999999999945,23674.92
7654.31,-164.83999999999924,23820.611
7654.32,-164.82999999999993,23772.039
7654.33,-164.8199999999997,23723.475
7654.34,-164.8099999999995,23674.92
7654.35,-164.79999999999927,23820.611
7654.36,-164.78999999999996,23723.475
7654.37,-164.77999999999975,23723.475
7654.38,-164.76999999999953,23529.301
7654.39,-164.7599999999993,23917.777
7654.4,-164.75,23723.475
7654.41,-164.73999999999978,23820.611
7654.42,-164.72999999999956,23820.611
7654.43,-164.71999999999935,23674.92
7654.44,-164.71000000000004,23820.611
7654.45,-164.69999999999982,23917.777
7654.46,-164.6899999999996,23917.777
7654.47,-164.67999999999938,23772.039
7654.48,-164.67000000000007,23917.777
7654.49,-164.65999999999985,23577.832
7654.5,-164.64999999999964,23820.611
7654.51,-164.63999999999942,23772.039
7654.52,-164.6299999999992,24014.979
7654.53,-164.6199999999999,23917.777
7654.54,-164.60999999999967,23917.777
7654.55,-164.59999999999945,23966.375
7654.56,-164.58999999999924,23820.611
7654.57,-164.57999999999993,23626.373
7654.58,-164.5699999999997,23723.475
7654.59,-164.5599999999995,23723.475
7654.6,-164.54999999999927,23674.92
7654.61,-164.53999999999996,23626.373
7654.62,-164.52999999999975,23869.189
7654.63,-164.51999999999953,23772.039
7654.64,-164.5099999999993,23820.611
7654.65,-164.5,24696.291
7654.66,-164.48999999999978,24793.752
7654.67,-164.47999999999956,24842.494
7654.68,-164.46999999999935,24647.572
7654.69,-164.46000000000004,24891.244
7654.7,-164.44999999999982,24940.002
7654.71,-164.4399999999996,24940.002
7654.72,-164.42999999999938,23966.375
7654.73,-164.42000000000007,22560.385
7654.74,-164.40999999999985,21835.83
7654.75,-164.39999999999964,21498.33
7654.76,-164.38999999999942,21450.146
7654.77,-164.3799999999992,21498.33
7654.78,-164.3699999999999,21498.33
7654.79,-164.35999999999967,21691.139
7654.8,-164.34999999999945,21594.717
7654.81,-164.33999999999924,21353.809
7654.82,-164.32999999999993,21594.717
7654.83,-164.3199999999997,21401.973
7654.84,-164.3099999999995,21401.973
7654.85,-164.29999999999927,21353.809
7654.86,-164.28999999999996,21450.146
7654.87,-164.27999999999975,21450.146
7654.88,-164.26999999999953,21546.52
7654.89,-164.2599999999993,21546.52
7654.9,-164.25,21546.52
7654.91,-164.23999999999978,21691.139
7654.92,-164.22999999999956,21498.33
7654.93,-164.21999999999935,21546.52
7654.94,-164.21000000000004,21498.33
7654.95,-164.19999999999982,21401.973
7654.96,-164.1899999999996,21498.33
7654.97,-164.17999999999938,21353.809
7654.98,-164.17000000000007,21498.33
7654.99,-164.15999999999985,21546.52
7655.0,-164.14999999999964,21594.717
7655.01,-164.13999999999942,21739.359
7655.02,-164.1299999999992,21450.146
7655.03,-164.1199999999999,21546.52
7655.04,-164.10999999999967,21401.973
7655.05,-164.09999999999945,21401.973
7655.06,-164.08999999999924,21546.52
7655.07,-164.07999999999993,21450.146
7655.08,-164.0699999999997,21450.146
7655.09,-164.0599999999995,21787.59
7655.1,-164.04999999999927,21450.146
7655.11,-164.03999999999996,21498.33
7655.12,-164.02999999999975,21498.33
7655.13,-164.01999999999953,21546.52
7655.14,-164.0099999999993,21498.33
7655.15,-164.0,21498.33
7655.16,-163.98999999999978,21594.717
7655.17,-163.97999999999956,21401.973
7655.18,-163.96999999999935,21401.973
7655.19,-163.96000000000004,21594.717
7655.2,-163.94999999999982,21642.924
7655.21,-163.9399999999996,21498.33
7655.22,-163.92999999999938,21546.52
7655.23,-163.92000000000007,21594.717
7655.24,-163.90999999999985,21498.33
7655.25,-163.89999999999964,21546.52
7655.26,-163.88999999999942,21401.973
7655.27,-163.8799999999992,21450.146
7655.28,-163.8699999999999,21546.52
7655.29,-163.85999999999967,21546.52
7655.3,-163.84999999999945,21546.52
7655.31,-163.83999999999924,21498.33
7655.32,-163.82999999999993,21546.52
7655.33,-163.8199999999997,21594.717
7655.34,-163.8099999999995,21546.52
7655.35,-163.79999999999927,21498.33
7655.36,-163.78999999999996,21401.973
7655.37,-163.77999999999975,21450.146
7655.38,-163.76999999999953,21691.139
7655.39,-163.7599999999993,21450.146
7655.4,-163.75,21401.973
7655.41,-163.73999999999978,21401.973
7655.42,-163.72999999999956,21546.52
7655.43,-163.71999999999935,21498.33
7655.44,-163.71000000000004,21450.146
7655.45,-163.69999999999982,21546.52
7655.46,-163.6899999999996,21498.33
7655.47,-163.67999999999938,21401.973
7655.48,-163.67000000000007,21546.52
7655.49,-163.65999999999985,21546.52
7655.5,-163.64999999999964,21691.139
7655.51,-163.63999999999942,21498.33
7655.52,-163.6299999999992,21401.973
7655.53,-163.6199999999999,21594.717
7655.54,-163.60999999999967,21401.973
7655.55,-163.59999999999945,21353.809
7655.56,-163.58999999999924,21257.502
7655.57,-163.57999999999993,21401.973
7655.58,-163.5699999999997,21546.52
7655.59,-163.5599999999995,21353.809
7655.6,-163.54999999999927,21594.717
7655.61,-163.53999999999996,21353.809
7655.62,-163.52999999999975,21546.52
7655.63,-163.51999999999953,21642.924
7655.64,-163.5099999999993,21546.52
7655.65,-163.5,21546.52
7655.66,-163.48999999999978,21546.52
7655.67,-163.47999999999956,21691.139
7655.68,-163.46999999999935,21401.973
7655.69,-163.46000000000004,21401.973
7655.7,-163.44999999999982,21691.139
7655.71,-163.4399999999996,21691.139
7655.72,-163.42999999999938,21546.52
7655.73,-163.42000000000007,21642.924
7655.74,-163.40999999999985,21305.65
7655.75,-163.39999999999964,21691.139
7655.76,-163.38999999999942,21401.973
7655.77,-163.3799999999992,21498.33
7655.78,-163.3699999999999,21498.33
7655.79,-163.35999999999967,21498.33
7655.8,-163.34999999999945,21498.33
7655.81,-163.33999999999924,21546.52
7655.82,-163.32999999999993,21401.973
7655.83,-163.3199999999997,21353.809
7655.84,-163.3099999999995,21498.33
7655.85,-163.29999999999927,21546.52
7655.86,-163.28999999999996,21450.146
7655.87,-163.27999999999975,21642.924
7655.88,-163.26999999999953,21401.973
7655.89,-163.2599999999993,21305.65
7655.9,-163.25,21450.146
7655.91,-163.23999999999978,21401.973
7655.92,-163.22999999999956,21498.33
7655.93,-163.21999999999935,21594.717
7655.94,-163.21000000000004,21594.717
7655.95,-163.19999999999982,21498.33
7655.96,-163.1899999999996,21546.52
7655.97,-163.17999999999938,21450.146
7655.98,-163.17000000000007,21642.924
7655.99,-163.15999999999985,21450.146
7656.0,-163.14999999999964,21594.717
7656.01,-163.13999999999942,21401.973
7656.02,-163.1299999999992,21498.33
7656.03,-163.1199999999999,21353.809
7656.04,-163.10999999999967,21305.65
7656.05,-163.09999999999945,21305.65
7656.06,-163.08999999999924,21450.146
7656.07,-163.07999999999993,21353.809
7656.08,-163.0699999999997,21353.809
7656.09,-163.0599999999995,21594.717
7656.1,-163.04999999999927,21401.973
7656.11,-163.03999999999996,21546.52
7656.12,-163.02999999999975,21594.717
7656.13,-163.01999999999953,21450.146
7656.14,-163.0099999999993,21305.65
7656.15,-163.0,21305.65
7656.16,-162.98999999999978,21691.139
7656.17,-162.97999999999956,21642.924
7656.18,-162.96999999999935,21546.52
7656.19,-162.96000000000004,21450.146
7656.2,-162.94999999999982,21401.973
7656.21,-162.9399999999996,21546.52
7656.22,-162.92999999999938,21401.973
7656.23,-162.92000000000007,21401.973
7656.24,-162.90999999999985,21642.924
7656.25,-162.89999999999964,21546.52
7656.26,-162.88999999999942,21450.146
7656.27,-162.8799999999992,21257.502
7656.28,-162.8699999999999,21353.809
7656.29,-162.85999999999967,21546.52
7656.3,-162.84999999999945,21401.973
7656.31,-162.83999999999924,21450.146
7656.32,-162.82999999999993,21450.146
7656.33,-162.8199999999997,21450.146
7656.34,-162.8099999999995,21498.33
7656.35,-162.79999999999927,21450.146
7656.36,-162.78999999999996,21594.717
7656.37,-162.77999999999975,21450.146
7656.38,-162.76999999999953,21594.717
7656.39,-162.7599999999993,21450.146
7656.4,-162.75,21401.973
7656.41,-162.73999999999978,21450.146
7656.42,-162.72999999999956,21498.33
7656.43,-162.71999999999935,21353.809
7656.44,-162.71000000000004,21498.33
7656.45,-162.69999999999982,21498.33
7656.46,-162.6899999999996,21498.33
7656.47,-162.67999999999938,21498.33
7656.48,-162.67000000000007,21450.146
7656.49,-162.65999999999985,21546.52
7656.5,-162.64999999999964,21450.146
7656.51,-162.63999999999942,21594.717
7656.52,-162.6299999999992,21498.33
7656.53,-162.6199999999999,21305.65
7656.54,-162.60999999999967,21594.717
7656.55,-162.59999999999945,21450.146
7656.56,-162.58999999999924,21450.146
7656.57,-162.57999999999993,21353.809
7656.58,-162.5699999999997,21450.146
7656.59,-162.5599999999995,21498.33
7656.6,-162.54999999999927,21450.146
7656.61,-162.53999999999996,21450.146
7656.62,-162.52999999999975,21353.809
7656.63,-162.51999999999953,21498.33
7656.64,-162.5099999999993,21401.973
7656.65,-162.5,21787.59
7656.66,-162.48999999999978,21498.33
7656.67,-162.47999999999956,21642.924
7656.68,-162.46999999999935,21401.973
7656.69,-162.46000000000004,21546.52
7656.7,-162.44999999999982,21450.146
7656.71,-162.4399999999996,21498.33
7656.72,-162.42999999999938,21401.973
7656.73,-162.42000000000007,21450.146
7656.74,-162.40999999999985,21594.717
7656.75,-162.39999999999964,21546.52
7656.76,-162.38999999999942,21353.809
7656.77,-162.3799999999992,21498.33
7656.78,-162.3699999999999,21401.973
7656.79,-162.35999999999967,21594.717
7656.8,-162.34999999999945,21450.146
7656.81,-162.33999999999924,21498.33
7656.82,-162.32999999999993,21353.809
7656.83,-162.3199999999997,21498.33
7656.84,-162.3099999999995,21305.65
7656.85,-162.29999999999927,21401.973
7656.86,-162.28999999999996,21594.717
7656.87,-162.27999999999975,21546.52
7656.88,-162.26999999999953,21450.146
7656.89,-162.2599999999993,21257.502
7656.9,-162.25,21450.146
7656.91,-162.23999999999978,21546.52
7656.92,-162.22999999999956,21546.52
7656.93,-162.21999999999935,21353.809
7656.94,-162.21000000000004,21498.33
7656.95,-162.19999999999982,21450.146
7656.96,-162.1899999999996,21594.717
7656.97,-162.17999999999938,21546.52
7656.98,-162.17000000000007,21594.717
7656.99,-162.15999999999985,21450.146
7657.0,-162.14999999999964,21498.33
7657.01,-162.13999999999942,21353.809
7657.02,-162.1299999999992,21209.359
7657.03,-162.1199999999999,21546.52
7657.04,-162.10999999999967,21739.359
7657.05,-162.09999999999945,21450.146
7657.06,-162.08999999999924,21353.809
7657.07,-162.07999999999993,21594.717
7657.08,-162.0699999999997,21450.146
7657.09,-162.0599999999995,21161.227
7657.1,-162.04999999999927,21401.973
7657.11,-162.03999999999996,21305.65
7657.12,-162.02999999999975,21450.146
7657.13,-162.01999999999953,21353.809
7657.14,-162.0099999999993,21594.717
7657.15,-162.0,21450.146
7657.16,-161.98999999999978,21401.973
7657.17,-161.97999999999956,21305.65
7657.18,-161.96999999999935,21305.65
7657.19,-161.96000000000004,21594.717
7657.2,-161.94999999999982,21691.139
7657.21,-161.9399999999996,21787.59
7657.22,-161.92999999999938,21498.33
7657.23,-161.92000000000007,21498.33
7657.24,-161.90999999999985,21594.717
7657.25,-161.89999999999964,21594.717
7657.26,-161.88999999999942,21546.52
7657.27,-161.8799999999992,21401.973
7657.28,-161.8699999999999,21498.33
7657.29,-161.85999999999967,21642.924
7657.3,-161.84999999999945,21401.973
7657.31,-161.83999999999924,21594.717
7657.32,-161.82999999999993,21691.139
7657.33,-161.8199999999997,21305.65
7657.34,-161.8099999999995,21257.502
7657.35,-161.79999999999927,21401.973
7657.36,-161.78999999999996,21498.33
7657.37,-161.77999999999975,21546.52
7657.38,-161.76999999999953,21401.973
7657.39,-161.7599999999993,21064.984
7657.4,-161.75,21305.65
7657.41,-161.73999999999978,21401.973
7657.42,-161.72999999999956,21546.52
7657.43,-161.71999999999935,21450.146
7657.44,-161.71000000000004,21450.146
7657.45,-161.69999999999982,21450.146
7657.46,-161.6899999999996,21498.33
7657.47,-161.67999999999938,21594.717
7657.48,-161.67000000000007,21498.33
7657.49,-161.65999999999985,21498.33
7657.5,-161.64999999999964,21353.809
7657.51,-161.63999999999942,21450.146
7657.52,-161.6299999999992,21546.52
7657.53,-161.6199999999999,21353.809
7657.54,-161.60999999999967,21498.33
7657.55,-161.59999999999945,21498.33
7657.56,-161.58999999999924,21450.146
7657.57,-161.57999999999993,21401.973
7657.58,-161.5699999999997,21642.924
7657.59,-161.5599999999995,21257.502
7657.6,-161.54999999999927,21353.809
7657.61,-161.53999999999996,21498.33
7657.62,-161.52999999999975,21450.146
7657.63,-161.51999999999953,21353.809
7657.64,-161.5099999999993,21498.33
7657.65,-161.5,21450.146
7657.66,-161.48999999999978,21450.146
7657.67,-161.47999999999956,21594.717
7657.68,-161.46999999999935,21401.973
7657.69,-161.46000000000004,21161.227
7657.7,-161.44999999999982,21498.33
7657.71,-161.4399999999996,21450.146
7657.72,-161.42999999999938,21450.146
7657.73,-161.42000000000007,21450.146
7657.74,-161.40999999999985,21498.33
7657.75,-161.39999999999964,21498.33
7657.76,-161.38999999999942,21257.502
7657.77,-161.3799999999992,21594.717
7657.78,-161.3699999999999,21450.146
7657.79,-161.35999999999967,21498.33
7657.8,-161.34999999999945,21450.146
7657.81,-161.33999999999924,21546.52
7657.82,-161.32999999999993,21450.146
7657.83,-161.3199999999997,21642.924
7657.84,-161.3099999999995,21450.146
7657.85,-161.29999999999927,21450.146
7657.86,-161.28999999999996,21546.52
7657.87,-161.27999999999975,21594.717
7657.88,-161.26999999999953,21305.65
7657.89,-161.2599999999993,21498.33
7657.9,-161.25,21546.52
7657.91,-161.23999999999978,21546.52
7657.92,-161.22999999999956,21401.973
7657.93,-161.21999999999935,21450.146
7657.94,-161.21000000000004,21401.973
7657.95,-161.19999999999982,21353.809
7657.96,-161.1899999999996,21642.924
7657.97,-161.17999999999938,21546.52
7657.98,-161.17000000000007,21594.717
7657.99,-161.15999999999985,21594.717
7658.0,-161.14999999999964,21401.973
7658.01,-161.13999999999942,21642.924
7658.02,-161.1299999999992,21498.33
7658.03,-161.1199999999999,21546.52
7658.04,-161.10999999999967,21353.809
7658.05,-161.09999999999945,21353.809
7658.06,-161.08999999999924,21594.717
7658.07,-161.07999999999993,21498.33
7658.08,-161.0699999999997,21450.146
7658.09,-161.0599999999995,21401.973
7658.1,-161.04999999999927,21546.52
7658.11,-161.03999999999996,21594.717
7658.12,-161.02999999999975,21594.717
7658.13,-161.01999999999953,21498.33
7658.14,-161.0099999999993,21401.973
7658.15,-161.0,21594.717
7658.16,-160.98999999999978,21498.33
7658.17,-160.97999999999956,21546.52
7658.18,-160.96999999999935,21257.502
7658.19,-160.96000000000004,21594.717
7658.2,-160.94999999999982,21739.359
7658.21,-160.9399999999996,21353.809
7658.22,-160.92999999999938,21353.809
7658.23,-160.92000000000007,21498.33
7658.24,-160.90999999999985,21498.33
7658.25,-160.89999999999964,21498.33
7658.26,-160.88999999999942,21401.973
7658.27,-160.8799999999992,21642.924
7658.28,-160.8699999999999,21498.33
7658.29,-160.85999999999967,21546.52
7658.3,-160.84999999999945,21642.924
7658.31,-160.83999999999924,21642.924
7658.32,-160.82999999999993,21642.924
7658.33,-160.8199999999997,21642.924
7658.34,-160.8099999999995,21450.146
7658.35,-160.79999999999927,21498.33
7658.36,-160.78999999999996,21594.717
7658.37,-160.77999999999975,21498.33
7658.38,-160.76999999999953,21401.973
7658.39,-160.7599999999993,21353.809
7658.4,-160.75,21498.33
7658.41,-160.73999999999978,21546.52
7658.42,-160.72999999999956,21498.33
7658.43,-160.71999999999935,21642.924
7658.44,-160.71000000000004,21642.924
7658.45,-160.69999999999982,21546.52
7658.46,-160.6899999999996,21691.139
7658.47,-160.67999999999938,21450.146
7658.48,-160.67000000000007,21594.717
7658.49,-160.65999999999985,21546.52
7658.5,-160.64999999999964,21450.146
7658.51,-160.63999999999942,21450.146
7658.52,-160.6299999999992,21450.146
7658.53,-160.6199999999999,21401.973
7658.54,-160.60999999999967,21594.717
7658.55,-160.59999999999945,21401.973
7658.56,-160.58999999999924,21594.717
7658.57,-160.57999999999993,21353.809
7658.58,-160.5699999999997,21594.717
7658.59,-160.5599999999995,21401.973
7658.6,-160.54999999999927,21450.146
7658.61,-160.53999999999996,21546.52
7658.62,-160.52999999999975,21642.924
7658.63,-160.51999999999953,21594.717
7658.64,-160.5099999999993,21450.146
7658.65,-160.5,21594.717
7658.66,-160.48999999999978,21642.924
7658.67,-160.47999999999956,21546.52
7658.68,-160.46999999999935,21353.809
7658.69,-160.46000000000004,21546.52
7658.7,-160.44999999999982,21498.33
7658.71,-160.4399999999996,21353.809
7658.72,-160.42999999999938,21450.146
7658.73,-160.42000000000007,21498.33
7658.74,-160.40999999999985,21546.52
7658.75,-160.39999999999964,21498.33
7658.76,-160.38999999999942,21546.52
7658.77,-160.3799999999992,21546.52
7658.78,-160.3699999999999,21594.717
7658.79,-160.35999999999967,21691.139
7658.8,-160.34999999999945,21450.146
7658.81,-160.33999999999924,21498.33
7658.82,-160.32999999999993,21498.33
7658.83,-160.3199999999997,21498.33
7658.84,-160.3099999999995,21498.33
7658.85,-160.29999999999927,21498.33
7658.86,-160.28999999999996,21546.52
7658.87,-160.27999999999975,21353.809
7658.88,-160.26999999999953,21498.33
7658.89,-160.2599999999993,21594.717
7658.9,-160.25,21450.146
7658.91,-160.23999999999978,21450.146
7658.92,-160.22999999999956,21594.717
7658.93,-160.21999999999935,21353.809
7658.94,-160.21000000000004,21401.973
7658.95,-160.19999999999982,21594.717
7658.96,-160.1899999999996,21353.809
7658.97,-160.17999999999938,21594.717
7658.98,-160.17000000000007,21353.809
7658.99,-160.15999999999985,21546.52
7659.0,-160.14999999999964,21498.33
7659.01,-160.13999999999942,21401.973
7659.02,-160.1299999999992,21401.973
7659.03,-160.1199999999999,21257.502
7659.04,-160.10999999999967,21353.809
7659.05,-160.09999999999945,21401.973
7659.06,-160.08999999999924,21691.139
7659.07,-160.07999999999993,21401.973
7659.08,-160.0699999999997,21498.33
7659.09,-160.0599999999995,21450.146
7659.1,-160.04999999999927,21401.973
7659.11,-160.03999999999996,21401.973
7659.12,-160.02999999999975,21546.52
7659.13,-160.01999999999953,21546.52
7659.14,-160.0099999999993,21450.146
7659.15,-160.0,21450.146
7659.16,-159.98999999999978,21546.52
7659.17,-159.97999999999956,21546.52
7659.18,-159.96999999999935,21594.717
7659.19,-159.96000000000004,21401.973
7659.2,-159.94999999999982,21594.717
7659.21,-159.9399999999996,21691.139
7659.22,-159.92999999999938,21594.717
7659.23,-159.92000000000007,21401.973
7659.24,-159.90999999999985,21450.146
7659.25,-159.89999999999964,21739.359
7659.26,-159.88999999999942,21498.33
7659.27,-159.8799999999992,21498.33
7659.28,-159.8699999999999,21401.973
7659.29,-159.85999999999967,21546.52
7659.3,-159.84999999999945,21353.809
7659.31,-159.83999999999924,21498.33
7659.32,-159.82999999999993,21498.33
7659.33,-159.8199999999997,21257.502
7659.34,-159.8099999999995,21594.717
7659.35,-159.79999999999927,21450.146
7659.36,-159.78999999999996,21257.502
7659.37,-159.77999999999975,21401.973
7659.38,-159.76999999999953,21498.33
7659.39,-159.7599999999993,21450.146
7659.4,-159.75,21594.717
7659.41,-159.73999999999978,21546.52
7659.42,-159.72999999999956,21546.52
7659.43,-159.71999999999935,21353.809
7659.44,-159.71000000000004,21546.52
7659.45,-159.69999999999982,21546.52
7659.46,-159.6899999999996,21594.717
7659.47,-159.67999999999938,21594.717
7659.48,-159.67000000000007,21450.146
7659.49,-159.65999999999985,21546.52
7659.5,-159.64999999999964,21642.924
7659.51,-159.63999999999942,21546.52
7659.52,-159.6299999999992,21305.65
7659.53,-159.6199999999999,21450.146
7659.54,-159.60999999999967,21546.52
7659.55,-159.59999999999945,21353.809
7659.56,-159.58999999999924,21594.717
7659.57,-159.57999999999993,21353.809
7659.58,-159.5699999999997,21498.33
7659.59,-159.5599999999995,21642.924
7659.6,-159.54999999999927,21450.146
7659.61,-159.53999999999996,21594.717
7659.62,-159.52999999999975,21691.139
7659.63,-159.51999999999953,21546.52
7659.64,-159.5099999999993,21546.52
7659.65,-159.5,21739.359
7659.66,-159.48999999999978,21594.717
7659.67,-159.47999999999956,21450.146
7659.68,-159.46999999999935,21594.717
7659.69,-159.46000000000004,21401.973
7659.7,-159.44999999999982,21498.33
7659.71,-159.4399999999996,21594.717
7659.72,-159.42999999999938,21257.502
7659.73,-159.42000000000007,21401.973
7659.74,-159.40999999999985,21450.146
7659.75,-159.39999999999964,21594.717
7659.76,-159.38999999999942,21401.973
7659.77,-159.3799999999992,21401.973
7659.78,-159.3699999999999,21257.502
7659.79,-159.35999999999967,21594.717
7659.8,-159.34999999999945,21594.717
7659.81,-159.33999999999924,21498.33
7659.82,-159.32999999999993,21546.52
7659.83,-159.3199999999997,21546.52
7659.84,-159.3099999999995,21353.809
7659.85,-159.29999999999927,21546.52
7659.86,-159.28999999999996,21546.52
7659.87,-159.27999999999975,21401.973
7659.88,-159.26999999999953,21594.717
7659.89,-159.2599999999993,21498.33
7659.9,-159.25,21642.924
7659.91,-159.23999999999978,21450.146
7659.92,-159.22999999999956,21305.65
7659.93,-159.21999999999935,21257.502
7659.94,-159.21000000000004,21691.139
7659.95,-159.19999999999982,21546.52
7659.96,-159.1899999999996,21546.52
7659.97,-159.17999999999938,21450.146
7659.98,-159.17000000000007,21353.809
7659.99,-159.15999999999985,21401.973
7660.0,-159.14999999999964,21401.973
7660.01,-159.13999999999942,21401.973
7660.02,-159.1299999999992,21594.717
7660.03,-159.1199999999999,21401.973
7660.04,-159.10999999999967,21401.973
7660.05,-159.09999999999945,21594.717
7660.06,-159.08999999999924,21498.33
7660.07,-159.07999999999993,21594.717
7660.08,-159.0699999999997,21305.65
7660.09,-159.0599999999995,21353.809
7660.1,-159.04999999999927,21498.33
7660.11,-159.03999999999996,21450.146
7660.12,-159.02999999999975,21305.65
7660.13,-159.01999999999953,21546.52
7660.14,-159.0099999999993,21401.973
7660.15,-159.0,21642.924
7660.16,-158.98999999999978,21546.52
7660.17,-158.97999999999956,21353.809
7660.18,-158.96999999999935,21594.717
7660.19,-158.96000000000004,21594.717
7660.2,-158.94999999999982,21594.717
7660.21,-158.9399999999996,21546.52
7660.22,-158.92999999999938,21305.65
7660.23,-158.92000000000007,21498.33
7660.24,-158.90999999999985,21401.973
7660.25,-158.89999999999964,21546.52
7660.26,-158.88999999999942,21546.52
7660.27,-158.8799999999992,21642.924
7660.28,-158.8699999999999,21642.924
7660.29,-158.85999999999967,21546.52
7660.3,-158.84999999999945,21546.52
7660.31,-158.83999999999924,21691.139
7660.32,-158.82999999999993,21546.52
7660.33,-158.8199999999997,21546.52
7660.34,-158.8099999999995,21498.33
7660.35,-158.79999999999927,21353.809
7660.36,-158.78999999999996,21353.809
7660.37,-158.77999999999975,21353.809
7660.38,-158.76999999999953,21546.52
7660.39,-158.7599999999993,21498.33
7660.4,-158.75,21594.717
7660.41,-158.73999999999978,21353.809
7660.42,-158.72999999999956,21594.717
7660.43,-158.71999999999935,21498.33
7660.44,-158.71000000000004,21498.33
7660.45,-158.69999999999982,21450.146
7660.46,-158.6899999999996,21546.52
7660.47,-158.67999999999938,21498.33
7660.48,-158.67000000000007,21546.52
7660.49,-158.65999999999985,21353.809
7660.5,-158.64999999999964,21594.717
7660.51,-158.63999999999942,21594.717
7660.52,-158.6299999999992,21594.717
7660.53,-158.6199999999999,21594.717
7660.54,-158.60999999999967,21594.717
7660.55,-158.59999999999945,21401.973
7660.56,-158.58999999999924,21546.52
7660.57,-158.57999999999993,21450.146
7660.58,-158.5699999999997,21691.139
7660.59,-158.5599999999995,21498.33
7660.6,-158.54999999999927,21546.52
7660.61,-158.53999999999996,21498.33
7660.62,-158.52999999999975,21546.52
7660.63,-158.51999999999953,21546.52
7660.64,-158.5099999999993,21691.139
7660.65,-158.5,21739.359
7660.66,-158.48999999999978,21642.924
7660.67,-158.47999999999956,21498.33
7660.68,-158.46999999999935,21353.809
7660.69,-158.46000000000004,21546.52
7660.7,-158.44999999999982,21498.33
7660.71,-158.4399999999996,21498.33
7660.72,-158.42999999999938,21642.924
7660.73,-158.42000000000007,21546.52
7660.74,-158.40999999999985,21594.717
7660.75,-158.39999999999964,21594.717
7660.76,-158.38999999999942,21498.33
7660.77,-158.3799999999992,21498.33
7660.78,-158.3699999999999,21594.717
7660.79,-158.35999999999967,21401.973
7660.8,-158.34999999999945,21353.809
7660.81,-158.33999999999924,21594.717
7660.82,-158.32999999999993,21546.52
7660.83,-158.3199999999997,21594.717
7660.84,-158.3099999999995,21401.973
7660.85,-158.29999999999927,21401.973
7660.86,-158.28999999999996,21546.52
7660.87,-158.27999999999975,21691.139
7660.88,-158.26999999999953,21594.717
7660.89,-158.2599999999993,21498.33
7660.9,-158.25,21691.139
7660.91,-158.23999999999978,21787.59
7660.92,-158.22999999999956,21450.146
7660.93,-158.21999999999935,21257.502
7660.94,-158.21000000000004,21594.717
7660.95,-158.19999999999982,21546.52
7660.96,-158.1899999999996,21594.717
7660.97,-158.17999999999938,21353.809
7660.98,-158.17000000000007,21498.33
7660.99,-158.15999999999985,21546.52
7661.0,-158.14999999999964,21498.33
7661.01,-158.13999999999942,21594.717
7661.02,-158.1299999999992,21353.809
7661.03,-158.1199999999999,21787.59
7661.04,-158.10999999999967,21642.924
7661.05,-158.09999999999945,21546.52
7661.06,-158.08999999999924,21546.52
7661.07,-158.07999999999993,21353.809
7661.08,-158.0699999999997,21642.924
7661.09,-158.0599999999995,21401.973
7661.1,-158.04999999999927,21546.52
7661.11,-158.03999999999996,21401.973
7661.12,-158.02999999999975,21401.973
7661.13,-158.01999999999953,21353.809
7661.14,-158.0099999999993,21450.146
7661.15,-158.0,21546.52
7661.16,-157.98999999999978,21546.52
7661.17,-157.97999999999956,21257.502
7661.18,-157.96999999999935,21401.973
7661.19,-157.96000000000004,21498.33
7661.2,-157.94999999999982,21594.717
7661.21,-157.9399999999996,21546.52
7661.22,-157.92999999999938,21594.717
7661.23,-157.92000000000007,21546.52
7661.24,-157.90999999999985,21498.33
7661.25,-157.89999999999964,21691.139
7661.26,-157.88999999999942,21594.717
7661.27,-157.8799999999992,21450.146
7661.28,-157.8699999999999,21691.139
7661.29,-157.85999999999967,21594.717
7661.3,-157.84999999999945,21642.924
7661.31,-157.83999999999924,21498.33
7661.32,-157.82999999999993,21594.717
7661.33,-157.8199999999997,21642.924
7661.34,-157.8099999999995,21787.59
7661.35,-157.79999999999927,21450.146
7661.36,-157.78999999999996,21594.717
7661.37,-157.77999999999975,21594.717
7661.38,-157.76999999999953,21353.809
7661.39,-157.7599999999993,21450.146
7661.4,-157.75,21546.52
7661.41,-157.73999999999978,21546.52
7661.42,-157.72999999999956,21594.717
7661.43,-157.71999999999935,21691.139
7661.44,-157.71000000000004,21546.52
7661.45,-157.69999999999982,21450.146
7661.46,-157.6899999999996,21642.924
7661.47,-157.67999999999938,21353.809
7661.48,-157.67000000000007,21642.924
7661.49,-157.65999999999985,21353.809
7661.5,-157.64999999999964,21594.717
7661.51,-157.63999999999942,21353.809
7661.52,-157.6299999999992,21498.33
7661.53,-157.6199999999999,21498.33
7661.54,-157.60999999999967,21546.52
7661.55,-157.59999999999945,21498.33
7661.56,-157.58999999999924,21498.33
7661.57,-157.57999999999993,21594.717
7661.58,-157.5699999999997,21546.52
7661.59,-157.5599999999995,21594.717
7661.6,-157.54999999999927,21546.52
7661.61,-157.53999999999996,21450.146
7661.62,-157.52999999999975,21498.33
7661.63,-157.51999999999953,21546.52
7661.64,-157.5099999999993,21739.359
7661.65,-157.5,21498.33
7661.66,-157.48999999999978,21450.146
7661.67,-157.47999999999956,21594.717
7661.68,-157.46999999999935,21642.924
7661.69,-157.46000000000004,21739.359
7661.7,-157.44999999999982,21353.809
7661.71,-157.4399999999996,21546.52
7661.72,-157.42999999999938,21546.52
7661.73,-157.42000000000007,21642.924
7661.74,-157.40999999999985,21691.139
7661.75,-157.39999999999964,21642.924
7661.76,-157.38999999999942,21594.717
7661.77,-157.3799999999992,21546.52
7661.78,-157.3699999999999,21546.52
7661.79,-157.35999999999967,21498.33
7661.8,-157.34999999999945,21594.717
7661.81,-157.33999999999924,21546.52
7661.82,-157.32999999999993,21546.52
7661.83,-157.3199999999997,21594.717
7661.84,-157.3099999999995,21546.52
7661.85,-157.29999999999927,21594.717
7661.86,-157.28999999999996,21546.52
7661.87,-157.27999999999975,21450.146
7661.88,-157.26999999999953,21642.924
7661.89,-157.2599999999993,21594.717
7661.9,-157.25,21546.52
7661.91,-157.23999999999978,21594.717
7661.92,-157.22999999999956,21450.146
7661.93,-157.21999999999935,21642.924
7661.94,-157.21000000000004,21594.717
7661.95,-157.19999999999982,21450.146
7661.96,-157.1899999999996,21353.809
7661.97,-157.17999999999938,21450.146
7661.98,-157.17000000000007,21401.973
7661.99,-157.15999999999985,21498.33
7662.0,-157.14999999999964,21594.717
7662.01,-157.13999999999942,21401.973
7662.02,-157.1299999999992,21450.146
7662.03,-157.1199999999999,21691.139
7662.04,-157.10999999999967,21498.33
7662.05,-157.09999999999945,21642.924
7662.06,-157.08999999999924,21739.359
7662.07,-157.07999999999993,21498.33
7662.08,-157.0699999999997,21642.924
7662.09,-157.0599999999995,21450.146
7662.1,-157.04999999999927,21498.33
7662.11,-157.03999999999996,21642.924
7662.12,-157.02999999999975,21594.717
7662.13,-157.01999999999953,21594.717
7662.14,-157.0099999999993,21546.52
7662.15,-157.0,21546.52
7662.16,-156.98999999999978,21498.33
7662.17,-156.97999999999956,21353.809
7662.18,-156.96999999999935,21498.33
7662.19,-156.96000000000004,21450.146
7662.2,-156.94999999999982,21305.65
7662.21,-156.9399999999996,21594.717
7662.22,-156.92999999999938,21594.717
7662.23,-156.92000000000007,21546.52
7662.24,-156.90999999999985,21594.717
7662.25,-156.89999999999964,21739.359
7662.26,-156.88999999999942,21594.717
7662.27,-156.8799999999992,21498.33
7662.28,-156.8699999999999,21642.924
7662.29,-156.85999999999967,21787.59
7662.3,-156.84999999999945,21498.33
7662.31,-156.83999999999924,21594.717
7662.32,-156.82999999999993,21642.924
7662.33,-156.8199999999997,21546.52
7662.34,-156.8099999999995,21546.52
7662.35,-156.79999999999927,21739.359
7662.36,-156.78999999999996,21691.139
7662.37,-156.77999999999975,21594.717
7662.38,-156.76999999999953,21546.52
7662.39,-156.7599999999993,21353.809
7662.4,-156.75,21353.809
7662.41,-156.73999999999978,21450.146
7662.42,-156.72999999999956,21353.809
7662.43,-156.71999999999935,21401.973
7662.44,-156.71000000000004,21401.973
7662.45,-156.69999999999982,21546.52
7662.46,-156.6899999999996,21546.52
7662.47,-156.67999999999938,21546.52
7662.48,-156.67000000000007,21450.146
7662.49,-156.65999999999985,21642.924
7662.5,-156.64999999999964,21498.33
7662.51,-156.63999999999942,21546.52
7662.52,-156.6299999999992,21353.809
7662.53,-156.6199999999999,21498.33
7662.54,-156.60999999999967,21691.139
7662.55,-156.59999999999945,21161.227
7662.56,-156.58999999999924,21498.33
7662.57,-156.57999999999993,21642.924
7662.58,-156.5699999999997,21642.924
7662.59,-156.5599999999995,21498.33
7662.6,-156.54999999999927,21594.717
7662.61,-156.53999999999996,21691.139
7662.62,-156.52999999999975,21546.52
7662.63,-156.51999999999953,21498.33
7662.64,-156.5099999999993,21594.717
7662.65,-156.5,21594.717
7662.66,-156.48999999999978,21498.33
7662.67,-156.47999999999956,21498.33
7662.68,-156.46999999999935,21401.973
7662.69,-156.46000000000004,21546.52
7662.7,-156.44999999999982,21450.146
7662.71,-156.4399999999996,21498.33
7662.72,-156.42999999999938,21401.973
7662.73,-156.42000000000007,21353.809
7662.74,-156.40999999999985,21594.717
7662.75,-156.39999999999964,21353.809
7662.76,-156.38999999999942,21450.146
7662.77,-156.3799999999992,21546.52
7662.78,-156.3699999999999,21546.52
7662.79,-156.35999999999967,21450.146
7662.8,-156.34999999999945,21691.139
7662.81,-156.33999999999924,21546.52
7662.82,-156.32999999999993,21546.52
7662.83,-156.3199999999997,21642.924
7662.84,-156.3099999999995,21546.52
7662.85,-156.29999999999927,21594.717
7662.86,-156.28999999999996,21594.717
7662.87,-156.27999999999975,21691.139
7662.88,-156.26999999999953,21642.924
7662.89,-156.2599999999993,21353.809
7662.9,-156.25,21546.52
7662.91,-156.23999999999978,21546.52
7662.92,-156.22999999999956,21642.924
7662.93,-156.21999999999935,21594.717
7662.94,-156.21000000000004,21642.924
7662.95,-156.19999999999982,21594.717
7662.96,-156.1899999999996,21546.52
7662.97,-156.17999999999938,21691.139
7662.98,-156.17000000000007,21642.924
7662.99,-156.15999999999985,21401.973
7663.0,-156.14999999999964,21594.717
7663.01,-156.13999999999942,21257.502
7663.02,-156.1299999999992,21498.33
7663.03,-156.1199999999999,21546.52
7663.04,-156.10999999999967,21594.717
7663.05,-156.09999999999945,21498.33
7663.06,-156.08999999999924,21594.717
7663.07,-156.07999999999993,21450.146
7663.08,-156.0699999999997,21401.973
7663.09,-156.0599999999995,21546.52
7663.1,-156.04999999999927,21546.52
7663.11,-156.03999999999996,21594.717
7663.12,-156.02999999999975,21980.594
7663.13,-156.01999999999953,21546.52
7663.14,-156.0099999999993,21594.717
7663.15,-156.0,21594.717
7663.16,-155.98999999999978,21498.33
7663.17,-155.97999999999956,21594.717
7663.18,-155.96999999999935,21642.924
7663.19,-155.96000000000004,21401.973
7663.2,-155.94999999999982,21594.717
7663.21,-155.9399999999996,21450.146
7663.22,-155.92999999999938,21450.146
7663.23,-155.92000000000007,21546.52
7663.24,-155.90999999999985,21594.717
7663.25,-155.89999999999964,21498.33
7663.26,-155.88999999999942,21353.809
7663.27,-155.8799999999992,21498.33
7663.28,-155.8699999999999,21498.33
7663.29,-155.85999999999967,21546.52
7663.3,-155.84999999999945,21450.146
7663.31,-155.83999999999924,21594.717
7663.32,-155.82999999999993,21546.52
7663.33,-155.8199999999997,21546.52
7663.34,-155.8099999999995,21353.809
7663.35,-155.79999999999927,21401.973
7663.36,-155.78999999999996,21594.717
7663.37,-155.77999999999975,21546.52
7663.38,-155.76999999999953,21498.33
7663.39,-155.7599999999993,21450.146
7663.4,-155.75,21353.809
7663.41,-155.73999999999978,21594.717
7663.42,-155.72999999999956,21401.973
7663.43,-155.71999999999935,21450.146
7663.44,-155.71000000000004,21691.139
7663.45,-155.69999999999982,21739.359
7663.46,-155.6899999999996,21401.973
7663.47,-155.67999999999938,21642.924
7663.48,-155.67000000000007,21594.717
7663.49,-155.65999999999985,21450.146
7663.5,-155.64999999999964,21594.717
7663.51,-155.63999999999942,21546.52
7663.52,-155.6299999999992,21305.65
7663.53,-155.6199999999999,21498.33
7663.54,-155.60999999999967,21594.717
7663.55,-155.59999999999945,21498.33
7663.56,-155.58999999999924,21498.33
7663.57,-155.57999999999993,21450.146
7663.58,-155.5699999999997,21353.809
7663.59,-155.5599999999995,21450.146
7663.6,-155.54999999999927,21691.139
7663.61,-155.53999999999996,21401.973
7663.62,-155.52999999999975,21498.33
7663.63,-155.51999999999953,21594.717
7663.64,-155.5099999999993,21546.52
7663.65,-155.5,21739.359
7663.66,-155.48999999999978,21594.717
7663.67,-155.47999999999956,21739.359
7663.68,-155.46999999999935,21594.717
7663.69,-155.46000000000004,21450.146
7663.7,-155.44999999999982,21401.973
7663.71,-155.4399999999996,21305.65
7663.72,-155.42999999999938,21401.973
7663.73,-155.42000000000007,21498.33
7663.74,-155.40999999999985,21546.52
7663.75,-155.39999999999964,21498.33
7663.76,-155.38999999999942,21305.65
7663.77,-155.3799999999992,21498.33
7663.78,-155.3699999999999,21546.52
7663.79,-155.35999999999967,21884.076
7663.8,-155.34999999999945,21498.33
7663.81,-155.33999999999924,21642.924
7663.82,-155.32999999999993,21594.717
7663.83,-155.3199999999997,21642.924
7663.84,-155.3099999999995,21450.146
7663.85,-155.29999999999927,21594.717
7663.86,-155.28999999999996,21450.146
7663.87,-155.27999999999975,21257.502
7663.88,-155.26999999999953,21498.33
7663.89,-155.2599999999993,21642.924
7663.9,-155.25,21594.717
7663.91,-155.23999999999978,21787.59
7663.92,-155.22999999999956,21594.717
7663.93,-155.21999999999935,21305.65
7663.94,-155.21000000000004,21498.33
7663.95,-155.19999999999982,21642.924
7663.96,-155.1899999999996,21401.973
7663.97,-155.17999999999938,21498.33
7663.98,-155.17000000000007,21691.139
7663.99,-155.15999999999985,21642.924
7664.0,-155.14999999999964,21546.52
7664.01,-155.13999999999942,21498.33
7664.02,-155.1299999999992,21739.359
7664.03,-155.1199999999999,21691.139
7664.04,-155.10999999999967,21498.33
7664.05,-155.09999999999945,21450.146
7664.06,-155.08999999999924,21594.717
7664.07,-155.07999999999993,21546.52
7664.08,-155.0699999999997,21353.809
7664.09,-155.0599999999995,21353.809
7664.1,-155.04999999999927,21642.924
7664.11,-155.03999999999996,21691.139
7664.12,-155.02999999999975,21401.973
7664.13,-155.01999999999953,21401.973
7664.14,-155.0099999999993,21353.809
7664.15,-155.0,21642.924
7664.16,-154.98999999999978,21546.52
7664.17,-154.97999999999956,21450.146
7664.18,-154.96999999999935,21498.33
7664.19,-154.96000000000004,21546.52
7664.2,-154.94999999999982,21546.52
7664.21,-154.9399999999996,21594.717
7664.22,-154.92999999999938,21546.52
7664.23,-154.92000000000007,21594.717
7664.24,-154.90999999999985,21498.33
7664.25,-154.89999999999964,21498.33
7664.26,-154.88999999999942,21305.65
7664.27,-154.8799999999992,21594.717
7664.28,-154.8699999999999,21594.717
7664.29,-154.85999999999967,21594.717
7664.3,-154.84999999999945,21257.502
7664.31,-154.83999999999924,21594.717
7664.32,-154.82999999999993,21594.717
7664.33,-154.8199999999997,21594.717
7664.34,-154.8099999999995,21546.52
7664.35,-154.79999999999927,21450.146
7664.36,-154.78999999999996,21546.52
7664.37,-154.77999999999975,21546.52
7664.38,-154.76999999999953,21594.717
7664.39,-154.7599999999993,21691.139
7664.4,-154.75,21739.359
7664.41,-154.73999999999978,21546.52
7664.42,-154.72999999999956,21450.146
7664.43,-154.71999999999935,21546.52
7664.44,-154.71000000000004,21691.139
7664.45,-154.69999999999982,21450.146
7664.46,-154.6899999999996,21691.139
7664.47,-154.67999999999938,21401.973
7664.48,-154.67000000000007,21450.146
7664.49,-154.65999999999985,21691.139
7664.5,-154.64999999999964,21450.146
7664.51,-154.63999999999942,21594.717
7664.52,-154.6299999999992,21691.139
7664.53,-154.6199999999999,21498.33
7664.54,-154.60999999999967,21594.717
7664.55,-154.59999999999945,21498.33
7664.56,-154.58999999999924,21594.717
7664.57,-154.57999999999993,21691.139
7664.58,-154.5699999999997,21546.52
7664.59,-154.5599999999995,21546.52
7664.6,-154.54999999999927,21257.502
7664.61,-154.53999999999996,21546.52
7664.62,-154.52999999999975,21642.924
7664.63,-154.51999999999953,21594.717
7664.64,-154.5099999999993,21546.52
7664.65,-154.5,21691.139
7664.66,-154.48999999999978,21642.924
7664.67,-154.47999999999956,21594.717
7664.68,-154.46999999999935,21546.52
7664.69,-154.46000000000004,21546.52
7664.7,-154.44999999999982,21642.924
7664.71,-154.4399999999996,21594.717
7664.72,-154.42999999999938,21594.717
7664.73,-154.42000000000007,21642.924
7664.74,-154.40999999999985,21594.717
7664.75,-154.39999999999964,21594.717
7664.76,-154.38999999999942,21594.717
7664.77,-154.3799999999992,21691.139
7664.78,-154.3699999999999,21594.717
7664.79,-154.35999999999967,21642.924
7664.8,-154.34999999999945,21498.33
7664.81,-154.33999999999924,21739.359
7664.82,-154.32999999999993,21401.973
7664.83,-154.3199999999997,21691.139
7664.84,-154.3099999999995,21546.52
7664.85,-154.29999999999927,21594.717
7664.86,-154.28999999999996,21498.33
7664.87,-154.27999999999975,21642.924
7664.88,-154.26999999999953,21450.146
7664.89,-154.2599999999993,21498.33
7664.9,-154.25,21594.717
7664.91,-154.23999999999978,21787.59
7664.92,-154.22999999999956,21594.717
7664.93,-154.21999999999935,21498.33
7664.94,-154.21000000000004,21498.33
7664.95,-154.19999999999982,21691.139
7664.96,-154.1899999999996,21546.52
7664.97,-154.17999999999938,21594.717
7664.98,-154.17000000000007,21401.973
7664.99,-154.15999999999985,21691.139
7665.0,-154.14999999999964,21642.924
7665.01,-154.13999999999942,21546.52
7665.02,-154.1299999999992,21787.59
7665.03,-154.1199999999999,21691.139
7665.04,-154.10999999999967,21691.139
7665.05,-154.09999999999945,21257.502
7665.06,-154.08999999999924,21546.52
7665.07,-154.07999999999993,21642.924
7665.08,-154.0699999999997,21401.973
7665.09,-154.0599999999995,21353.809
7665.1,-154.04999999999927,21546.52
7665.11,-154.03999999999996,21594.717
7665.12,-154.02999999999975,21642.924
7665.13,-154.01999999999953,21498.33
7665.14,-154.0099999999993,21594.717
7665.15,-154.0,21498.33
7665.16,-153.98999999999978,21546.52
7665.17,-153.97999999999956,21546.52
7665.18,-153.96999999999935,21498.33
7665.19,-153.96000000000004,21594.717
7665.2,-153.94999999999982,21594.717
7665.21,-153.9399999999996,21450.146
7665.22,-153.92999999999938,21498.33
7665.23,-153.92000000000007,21546.52
7665.24,-153.90999999999985,21594.717
7665.25,-153.89999999999964,21642.924
7665.26,-153.88999999999942,21498.33
7665.27,-153.8799999999992,21498.33
7665.28,-153.8699999999999,21642.924
7665.29,-153.85999999999967,21642.924
7665.3,-153.84999999999945,21401.973
7665.31,-153.83999999999924,21546.52
7665.32,-153.82999999999993,21498.33
7665.33,-153.8199999999997,21498.33
7665.34,-153.8099999999995,21353.809
7665.35,-153.79999999999927,21401.973
7665.36,-153.78999999999996,21546.52
7665.37,-153.77999999999975,21884.076
7665.38,-153.76999999999953,21546.52
7665.39,-153.7599999999993,21450.146
7665.4,-153.75,21353.809
7665.41,-153.73999999999978,21546.52
7665.42,-153.72999999999956,21594.717
7665.43,-153.71999999999935,22560.385
7665.44,-153.71000000000004,23189.811
7665.45,-153.69999999999982,23772.039
7665.46,-153.6899999999996,23820.611
7665.47,-153.67999999999938,23917.777
7665.48,-153.67000000000007,23869.189
7665.49,-153.65999999999985,24014.979
7665.5,-153.64999999999964,23772.039
7665.51,-153.63999999999942,23674.92
7665.52,-153.6299999999992,23723.475
7665.53,-153.6199999999999,23674.92
7665.54,-153.60999999999967,23626.373
7665.55,-153.59999999999945,23626.373
7665.56,-153.58999999999924,23820.611
7665.57,-153.57999999999993,23869.189
7665.58,-153.5699999999997,23723.475
7665.59,-153.5599999999995,23723.475
7665.6,-153.54999999999927,23772.039
7665.61,-153.53999999999996,23820.611
7665.62,-153.52999999999975,23723.475
7665.63,-153.51999999999953,23917.777
7665.64,-153.5099999999993,23917.777
7665.65,-153.5,23674.92
7665.66,-153.48999999999978,23772.039
7665.67,-153.47999999999956,23723.475
7665.68,-153.46999999999935,23674.92
7665.69,-153.46000000000004,23674.92
7665.7,-153.44999999999982,23674.92
7665.71,-153.4399999999996,23577.832
7665.72,-153.42999999999938,23869.189
7665.73,-153.42000000000007,23723.475
7665.74,-153.40999999999985,23723.475
7665.75,-153.39999999999964,23820.611
7665.76,-153.38999999999942,23480.779
7665.77,-153.3799999999992,23772.039
7665.78,-153.3699999999999,23674.92
7665.79,-153.35999999999967,23772.039
7665.8,-153.34999999999945,23820.611
7665.81,-153.33999999999924,24014.979
7665.82,-153.32999999999993,23917.777
7665.83,-153.3199999999997,23820.611
7665.84,-153.3099999999995,23723.475
7665.85,-153.29999999999927,23480.779
7665.86,-153.28999999999996,23723.475
7665.87,-153.27999999999975,23723.475
7665.88,-153.26999999999953,23772.039
7665.89,-153.2599999999993,23820.611
7665.9,-153.25,23869.189
7665.91,-153.23999999999978,23820.611
7665.92,-153.22999999999956,23772.039
7665.93,-153.21999999999935,23529.301
7665.94,-153.21000000000004,23966.375
7665.95,-153.19999999999982,23772.039
7665.96,-153.1899999999996,23820.611
7665.97,-153.17999999999938,23869.189
7665.98,-153.17000000000007,23869.189
7665.99,-153.15999999999985,23674.92
7666.0,-153.14999999999964,23772.039
7666.01,-153.13999999999942,23626.373
7666.02,-153.1299999999992,23674.92
7666.03,-153.1199999999999,23820.611
7666.04,-153.10999999999967,23674.92
7666.05,-153.09999999999945,23723.475
7666.06,-153.08999999999924,23869.189
7666.07,-153.07999999999993,23674.92
7666.08,-153.0699999999997,23772.039
7666.09,-153.0599999999995,23820.611
7666.1,-153.04999999999927,23820.611
7666.11,-153.03999999999996,23772.039
7666.12,-153.02999999999975,23917.777
7666.13,-153.01999999999953,23772.039
7666.14,-153.0099999999993,23917.777
7666.15,-153.0,23917.777
7666.16,-152.98999999999978,23917.777
7666.17,-152.97999999999956,23674.92
7666.18,-152.96999999999935,23772.039
7666.19,-152.96000000000004,23772.039
7666.2,-152.94999999999982,23529.301
7666.21,-152.9399999999996,23723.475
7666.22,-152.92999999999938,23772.039
7666.23,-152.92000000000007,23674.92
7666.24,-152.90999999999985,23674.92
7666.25,-152.89999999999964,23674.92
7666.26,-152.88999999999942,23674.92
7666.27,-152.8799999999992,24306.775
7666.28,-152.8699999999999,24793.752
7666.29,-152.85999999999967,24988.77
7666.3,-152.84999999999945,24940.002
7666.31,-152.83999999999924,24940.002
7666.32,-152.82999999999993,24891.244
7666.33,-152.8199999999997,25037.545
7666.34,-152.8099999999995,24891.244
7666.35,-152.79999999999927,23529.301
7666.36,-152.78999999999996,22463.672
7666.37,-152.77999999999975,21884.076
7666.38,-152.76999999999953,21450.146
7666.39,-152.7599999999993,21498.33
7666.4,-152.75,21739.359
7666.41,-152.73999999999978,21787.59
7666.42,-152.72999999999956,21594.717
7666.43,-152.71999999999935,21546.52
7666.44,-152.71000000000004,21691.139
7666.45,-152.69999999999982,21546.52
7666.46,-152.6899999999996,21787.59
7666.47,-152.67999999999938,21546.52
7666.48,-152.67000000000007,21787.59
7666.49,-152.65999999999985,21835.83
7666.5,-152.64999999999964,21642.924
7666.51,-152.63999999999942,21546.52
7666.52,-152.6299999999992,21739.359
7666.53,-152.6199999999999,21739.359
7666.54,-152.60999999999967,21787.59
7666.55,-152.59999999999945,21642.924
7666.56,-152.58999999999924,21498.33
7666.57,-152.57999999999993,21739.359
7666.58,-152.5699999999997,21498.33
7666.59,-152.5599999999995,21594.717
7666.6,-152.54999999999927,21691.139
7666.61,-152.53999999999996,21546.52
7666.62,-152.52999999999975,21787.59
7666.63,-152.51999999999953,21642.924
7666.64,-152.5099999999993,21594.717
7666.65,-152.5,21594.717
7666.66,-152.48999999999978,21594.717
7666.67,-152.47999999999956,21642.924
7666.68,-152.46999999999935,21594.717
7666.69,-152.46000000000004,21691.139
7666.7,-152.44999999999982,21691.139
7666.71,-152.4399999999996,21642.924
7666.72,-152.42999999999938,21594.717
7666.73,-152.42000000000007,21642.924
7666.74,-152.40999999999985,21642.924
7666.75,-152.39999999999964,21835.83
7666.76,-152.38999999999942,21498.33
7666.77,-152.3799999999992,21450.146
7666.78,-152.3699999999999,21353.809
7666.79,-152.35999999999967,21642.924
7666.8,-152.34999999999945,21594.717
7666.81,-152.33999999999924,21546.52
7666.82,-152.32999999999993,21691.139
7666.83,-152.3199999999997,21691.139
7666.84,-152.3099999999995,21546.52
7666.85,-152.29999999999927,21691.139
7666.86,-152.28999999999996,21594.717
7666.87,-152.27999999999975,21546.52
7666.88,-152.26999999999953,21835.83
7666.89,-152.2599999999993,21787.59
7666.9,-152.25,21546.52
7666.91,-152.23999999999978,21642.924
7666.92,-152.22999999999956,21642.924
7666.93,-152.21999999999935,21594.717
7666.94,-152.21000000000004,21787.59
7666.95,-152.19999999999982,21642.924
7666.96,-152.1899999999996,21642.924
7666.97,-152.17999999999938,21594.717
7666.98,-152.17000000000007,21691.139
7666.99,-152.15999999999985,21642.924
7667.0,-152.14999999999964,21642.924
7667.01,-152.13999999999942,21594.717
7667.02,-152.1299999999992,21450.146
7667.03,-152.1199999999999,21739.359
7667.04,-152.10999999999967,21594.717
7667.05,-152.09999999999945,21498.33
7667.06,-152.08999999999924,21546.52
7667.07,-152.07999999999993,21835.83
7667.08,-152.0699999999997,21594.717
7667.09,-152.0599999999995,21498.33
7667.1,-152.04999999999927,21546.52
7667.11,-152.03999999999996,21642.924
7667.12,-152.02999999999975,21835.83
7667.13,-152.01999999999953,21498.33
7667.14,-152.0099999999993,21450.146
7667.15,-152.0,21401.973
7667.16,-151.98999999999978,21594.717
7667.17,-151.97999999999956,21594.717
7667.18,-151.96999999999935,21594.717
7667.19,-151.96000000000004,21546.52
7667.2,-151.94999999999982,21691.139
7667.21,-151.9399999999996,21835.83
7667.22,-151.92999999999938,21691.139
7667.23,-151.92000000000007,21546.52
7667.24,-151.90999999999985,21739.359
7667.25,-151.89999999999964,21739.359
7667.26,-151.88999999999942,21691.139
7667.27,-151.8799999999992,21401.973
7667.28,-151.8699999999999,21498.33
7667.29,-151.85999999999967,21594.717
7667.3,-151.84999999999945,21546.52
7667.31,-151.83999999999924,21546.52
7667.32,-151.82999999999993,21884.076
7667.33,-151.8199999999997,21546.52
7667.34,-151.8099999999995,21546.52
7667.35,-151.79999999999927,21450.146
7667.36,-151.78999999999996,21642.924
7667.37,-151.77999999999975,21642.924
7667.38,-151.76999999999953,21787.59
7667.39,-151.7599999999993,21450.146
7667.4,-151.75,21642.924
7667.41,-151.73999999999978,21691.139
7667.42,-151.72999999999956,21642.924
7667.43,-151.71999999999935,21546.52
7667.44,-151.71000000000004,21594.717
7667.45,-151.69999999999982,21594.717
7667.46,-151.6899999999996,21642.924
7667.47,-151.67999999999938,21450.146
7667.48,-151.67000000000007,21546.52
7667.49,-151.65999999999985,21642.924
7667.5,-151.64999999999964,21787.59
7667.51,-151.63999999999942,21546.52
7667.52,-151.6299999999992,21353.809
7667.53,-151.6199999999999,21787.59
7667.54,-151.60999999999967,21642.924
7667.55,-151.59999999999945,21546.52
7667.56,-151.58999999999924,21594.717
7667.57,-151.57999999999993,21739.359
7667.58,-151.5699999999997,21739.359
7667.59,-151.5599999999995,21787.59
7667.6,-151.54999999999927,21642.924
7667.61,-151.53999999999996,21594.717
7667.62,-151.52999999999975,21594.717
7667.63,-151.51999999999953,21739.359
7667.64,-151.5099999999993,21691.139
7667.65,-151.5,21739.359
7667.66,-151.48999999999978,21642.924
7667.67,-151.47999999999956,21594.717
7667.68,-151.46999999999935,21498.33
7667.69,-151.46000000000004,21691.139
7667.7,-151.44999999999982,21642.924
7667.71,-151.4399999999996,21642.924
7667.72,-151.42999999999938,21739.359
7667.73,-151.42000000000007,21691.139
7667.74,-151.40999999999985,21691.139
7667.75,-151.39999999999964,21787.59
7667.76,-151.38999999999942,21691.139
7667.77,-151.3799999999992,21353.809
7667.78,-151.3699999999999,21642.924
7667.79,-151.35999999999967,21691.139
7667.8,-151.34999999999945,21498.33
7667.81,-151.33999999999924,21787.59
7667.82,-151.32999999999993,21642.924
7667.83,-151.3199999999997,21594.717
7667.84,-151.3099999999995,21546.52
7667.85,-151.29999999999927,21594.717
7667.86,-151.28999999999996,21401.973
7667.87,-151.27999999999975,21739.359
7667.88,-151.26999999999953,21691.139
7667.89,-151.2599999999993,21450.146
7667.9,-151.25,21787.59
7667.91,-151.23999999999978,21739.359
7667.92,-151.22999999999956,21450.146
7667.93,-151.21999999999935,21546.52
7667.94,-151.21000000000004,21546.52
7667.95,-151.19999999999982,21498.33
7667.96,-151.1899999999996,21546.52
7667.97,-151.17999999999938,21691.139
7667.98,-151.17000000000007,21546.52
7667.99,-151.15999999999985,21642.924
7668.0,-151.14999999999964,21884.076
7668.01,-151.13999999999942,21450.146
7668.02,-151.1299999999992,21691.139
7668.03,-151.1199999999999,21642.924
7668.04,-151.10999999999967,21642.924
7668.05,-151.09999999999945,21594.717
7668.06,-151.08999999999924,21594.717
7668.07,-151.07999999999993,21739.359
7668.08,-151.0699999999997,21594.717
7668.09,-151.0599999999995,21450.146
7668.1,-151.04999999999927,21691.139
7668.11,-151.03999999999996,21450.146
7668.12,-151.02999999999975,21594.717
7668.13,-151.01999999999953,21642.924
7668.14,-151.0099999999993,21450.146
7668.15,-151.0,21594.717
7668.16,-150.98999999999978,21691.139
7668.17,-150.97999999999956,21739.359
7668.18,-150.96999999999935,21546.52
7668.19,-150.96000000000004,21498.33
7668.2,-150.94999999999982,21353.809
7668.21,-150.9399999999996,21739.359
7668.22,-150.92999999999938,21353.809
7668.23,-150.92000000000007,21594.717
7668.24,-150.90999999999985,21691.139
7668.25,-150.89999999999964,21691.139
7668.26,-150.88999999999942,21594.717
7668.27,-150.8799999999992,21594.717
7668.28,-150.8699999999999,21594.717
7668.29,-150.85999999999967,21642.924
7668.3,-150.84999999999945,21546.52
7668.31,-150.83999999999924,21546.52
7668.32,-150.82999999999993,21739.359
7668.33,-150.8199999999997,21546.52
7668.34,-150.8099999999995,21546.52
7668.35,-150.79999999999927,21401.973
7668.36,-150.78999999999996,21498.33
7668.37,-150.77999999999975,21739.359
7668.38,-150.76999999999953,21642.924
7668.39,-150.7599999999993,21353.809
7668.4,-150.75,21546.52
7668.41,-150.73999999999978,21594.717
7668.42,-150.72999999999956,21498.33
7668.43,-150.71999999999935,21546.52
7668.44,-150.71000000000004,21546.52
7668.45,-150.69999999999982,21498.33
7668.46,-150.6899999999996,21546.52
7668.47,-150.67999999999938,21691.139
7668.48,-150.67000000000007,21691.139
7668.49,-150.65999999999985,21594.717
7668.5,-150.64999999999964,21739.359
7668.51,-150.63999999999942,21787.59
7668.52,-150.6299999999992,21594.717
7668.53,-150.6199999999999,21498.33
7668.54,-150.60999999999967,21450.146
7668.55,-150.59999999999945,21642.924
7668.56,-150.58999999999924,21594.717
7668.57,-150.57999999999993,21642.924
7668.58,-150.5699999999997,21401.973
7668.59,-150.5599999999995,21546.52
7668.6,-150.54999999999927,21691.139
7668.61,-150.53999999999996,21498.33
7668.62,-150.52999999999975,21450.146
7668.63,-150.51999999999953,21787.59
7668.64,-150.5099999999993,21546.52
7668.65,-150.5,21594.717
7668.66,-150.48999999999978,21594.717
7668.67,-150.47999999999956,21642.924
7668.68,-150.46999999999935,21642.924
7668.69,-150.46000000000004,21498.33
7668.7,-150.44999999999982,21594.717
7668.71,-150.4399999999996,21691.139
7668.72,-150.42999999999938,21498.33
7668.73,-150.42000000000007,21353.809
7668.74,-150.40999999999985,21691.139
7668.75,-150.39999999999964,21739.359
7668.76,-150.38999999999942,21594.717
7668.77,-150.3799999999992,21642.924
7668.78,-150.3699999999999,21498.33
7668.79,-150.35999999999967,21498.33
7668.8,-150.34999999999945,21257.502
7668.81,-150.33999999999924,21642.924
7668.82,-150.32999999999993,21594.717
7668.83,-150.3199999999997,21546.52
7668.84,-150.3099999999995,21594.717
7668.85,-150.29999999999927,21450.146
7668.86,-150.28999999999996,21691.139
7668.87,-150.27999999999975,21691.139
7668.88,-150.26999999999953,21691.139
7668.89,-150.2599999999993,21787.59
7668.9,-150.25,21594.717
7668.91,-150.23999999999978,21787.59
7668.92,-150.22999999999956,21739.359
7668.93,-150.21999999999935,21691.139
7668.94,-150.21000000000004,21450.146
7668.95,-150.19999999999982,21546.52
7668.96,-150.1899999999996,21594.717
7668.97,-150.17999999999938,21498.33
7668.98,-150.17000000000007,21353.809
7668.99,-150.15999999999985,21642.924
7669.0,-150.14999999999964,21739.359
7669.01,-150.13999999999942,21546.52
7669.02,-150.1299999999992,21401.973
7669.03,-150.1199999999999,21401.973
7669.04,-150.10999999999967,21546.52
7669.05,-150.09999999999945,21642.924
7669.06,-150.08999999999924,21642.924
7669.07,-150.07999999999993,21594.717
7669.08,-150.0699999999997,21546.52
7669.09,-150.0599999999995,21594.717
7669.1,-150.04999999999927,21594.717
7669.11,-150.03999999999996,21546.52
7669.12,-150.02999999999975,21594.717
7669.13,-150.01999999999953,21546.52
7669.14,-150.0099999999993,21498.33
7669.15,-150.0,21594.717
7669.16,-149.98999999999978,21787.59
7669.17,-149.97999999999956,21546.52
7669.18,-149.96999999999935,21498.33
7669.19,-149.96000000000004,21835.83
7669.2,-149.94999999999982,21642.924
7669.21,-149.9399999999996,21691.139
7669.22,-149.92999999999938,21546.52
7669.23,-149.92000000000007,21642.924
7669.24,-149.90999999999985,21450.146
7669.25,-149.89999999999964,21787.59
7669.26,-149.88999999999942,21594.717
7669.27,-149.8799999999992,21498.33
7669.28,-149.8699999999999,21546.52
7669.29,-149.85999999999967,21594.717
7669.3,-149.84999999999945,21450.146
7669.31,-149.83999999999924,21546.52
7669.32,-149.82999999999993,21546.52
7669.33,-149.8199999999997,21691.139
7669.34,-149.8099999999995,21594.717
7669.35,-149.79999999999927,21450.146
7669.36,-149.78999999999996,21546.52
7669.37,-149.77999999999975,21546.52
7669.38,-149.76999999999953,21642.924
7669.39,-149.7599999999993,21642.924
7669.4,-149.75,21546.52
7669.41,-149.73999999999978,21546.52
7669.42,-149.72999999999956,21546.52
7669.43,-149.71999999999935,21353.809
7669.44,-149.71000000000004,21642.924
7669.45,-149.69999999999982,21546.52
7669.46,-149.6899999999996,21932.332
7669.47,-149.67999999999938,21691.139
7669.48,-149.67000000000007,21498.33
7669.49,-149.65999999999985,21594.717
7669.5,-149.64999999999964,21787.59
7669.51,-149.63999999999942,21546.52
7669.52,-149.6299999999992,21450.146
7669.53,-149.6199999999999,21498.33
7669.54,-149.60999999999967,21546.52
7669.55,-149.59999999999945,21546.52
7669.56,-149.58999999999924,21642.924
7669.57,-149.57999999999993,21450.146
7669.58,-149.5699999999997,21642.924
7669.59,-149.5599999999995,21691.139
7669.6,-149.54999999999927,21594.717
7669.61,-149.53999999999996,21739.359
7669.62,-149.52999999999975,21353.809
7669.63,-149.51999999999953,21401.973
7669.64,-149.5099999999993,21546.52
7669.65,-149.5,21642.924
7669.66,-149.48999999999978,21787.59
7669.67,-149.47999999999956,21835.83
7669.68,-149.46999999999935,21546.52
7669.69,-149.46000000000004,21642.924
7669.7,-149.44999999999982,21642.924
7669.71,-149.4399999999996,21546.52
7669.72,-149.42999999999938,21739.359
7669.73,-149.42000000000007,21691.139
7669.74,-149.40999999999985,21691.139
7669.75,-149.39999999999964,21787.59
7669.76,-149.38999999999942,21642.924
7669.77,-149.3799999999992,21546.52
7669.78,-149.3699999999999,21498.33
7669.79,-149.35999999999967,21594.717
7669.8,-149.34999999999945,21353.809
7669.81,-149.33999999999924,21594.717
7669.82,-149.32999999999993,21450.146
7669.83,-149.3199999999997,21642.924
7669.84,-149.3099999999995,21401.973
7669.85,-149.29999999999927,21594.717
7669.86,-149.28999999999996,21594.717
7669.87,-149.27999999999975,21642.924
7669.88,-149.26999999999953,21546.52
7669.89,-149.2599999999993,21353.809
7669.9,-149.25,21642.924
7669.91,-149.23999999999978,21739.359
7669.92,-149.22999999999956,21594.717
7669.93,-149.21999999999935,21642.924
7669.94,-149.21000000000004,21642.924
7669.95,-149.19999999999982,21691.139
7669.96,-149.1899999999996,21691.139
7669.97,-149.17999999999938,21450.146
7669.98,-149.17000000000007,21546.52
7669.99,-149.15999999999985,21691.139
7670.0,-149.14999999999964,21691.139
7670.01,-149.13999999999942,21498.33
7670.02,-149.1299999999992,21353.809
7670.03,-149.1199999999999,21498.33
7670.04,-149.10999999999967,21594.717
7670.05,-149.09999999999945,21450.146
7670.06,-149.08999999999924,21498.33
7670.07,-149.07999999999993,21498.33
7670.08,-149.0699999999997,21642.924
7670.09,-149.0599999999995,21691.139
7670.1,-149.04999999999927,21546.52
7670.11,-149.03999999999996,21594.717
7670.12,-149.02999999999975,21498.33
7670.13,-149.01999999999953,21498.33
7670.14,-149.0099999999993,21594.717
7670.15,-149.0,21642.924
7670.16,-148.98999999999978,21642.924
7670.17,-148.97999999999956,21450.146
7670.18,-148.96999999999935,21450.146
7670.19,-148.96000000000004,21642.924
7670.2,-148.94999999999982,21739.359
7670.21,-148.9399999999996,21642.924
7670.22,-148.92999999999938,21691.139
7670.23,-148.92000000000007,21546.52
7670.24,-148.90999999999985,21546.52
7670.25,-148.89999999999964,21691.139
7670.26,-148.88999999999942,21546.52
7670.27,-148.8799999999992,21691.139
7670.28,-148.8699999999999,21498.33
7670.29,-148.85999999999967,21691.139
7670.3,-148.84999999999945,21498.33
7670.31,-148.83999999999924,21450.146
7670.32,-148.82999999999993,21691.139
7670.33,-148.8199999999997,21546.52
7670.34,-148.8099999999995,21257.502
7670.35,-148.79999999999927,21691.139
7670.36,-148.78999999999996,21498.33
7670.37,-148.77999999999975,21642.924
7670.38,-148.76999999999953,21546.52
7670.39,-148.7599999999993,21546.52
7670.4,-148.75,21546.52
7670.41,-148.73999999999978,21642.924
7670.42,-148.72999999999956,21450.146
7670.43,-148.71999999999935,21835.83
7670.44,-148.71000000000004,21594.717
7670.45,-148.69999999999982,21450.146
7670.46,-148.6899999999996,21787.59
7670.47,-148.67999999999938,21594.717
7670.48,-148.67000000000007,21642.924
7670.49,-148.65999999999985,21642.924
7670.5,-148.64999999999964,21739.359
7670.51,-148.63999999999942,21498.33
7670.52,-148.6299999999992,21642.924
7670.53,-148.6199999999999,21546.52
7670.54,-148.60999999999967,21691.139
7670.55,-148.59999999999945,21546.52
7670.56,-148.58999999999924,21498.33
7670.57,-148.57999999999993,21691.139
7670.58,-148.5699999999997,21787.59
7670.59,-148.5599999999995,21642.924
7670.6,-148.54999999999927,21305.65
7670.61,-148.53999999999996,21450.146
7670.62,-148.52999999999975,21642.924
7670.63,-148.51999999999953,21401.973
7670.64,-148.5099999999993,21450.146
7670.65,-148.5,21498.33
7670.66,-148.48999999999978,21691.139
7670.67,-148.47999999999956,21546.52
7670.68,-148.46999999999935,21594.717
7670.69,-148.46000000000004,21450.146
7670.7,-148.44999999999982,21642.924
7670.71,-148.4399999999996,21594.717
7670.72,-148.42999999999938,21498.33
7670.73,-148.42000000000007,21642.924
7670.74,-148.40999999999985,21691.139
7670.75,-148.39999999999964,21498.33
7670.76,-148.38999999999942,21546.52
7670.77,-148.3799999999992,21401.973
7670.78,-148.3699999999999,21594.717
7670.79,-148.35999999999967,21642.924
7670.8,-148.34999999999945,21594.717
7670.81,-148.33999999999924,21401.973
7670.82,-148.32999999999993,21594.717
7670.83,-148.3199999999997,21594.717
7670.84,-148.3099999999995,21498.33
7670.85,-148.29999999999927,21546.52
7670.86,-148.28999999999996,21594.717
7670.87,-148.27999999999975,21642.924
7670.88,-148.26999999999953,21642.924
7670.89,-148.2599999999993,21691.139
7670.9,-148.25,21594.717
7670.91,-148.23999999999978,21739.359
7670.92,-148.22999999999956,21594.717
7670.93,-148.21999999999935,21498.33
7670.94,-148.21000000000004,21594.717
7670.95,-148.19999999999982,21450.146
7670.96,-148.1899999999996,21498.33
7670.97,-148.17999999999938,21546.52
7670.98,-148.17000000000007,21498.33
7670.99,-148.15999999999985,21594.717
7671.0,-148.14999999999964,21546.52
7671.01,-148.13999999999942,21450.146
7671.02,-148.1299999999992,21450.146
7671.03,-148.1199999999999,21594.717
7671.04,-148.10999999999967,21787.59
7671.05,-148.09999999999945,21642.924
7671.06,-148.08999999999924,21691.139
7671.07,-148.07999999999993,21450.146
7671.08,-148.0699999999997,21546.52
7671.09,-148.0599999999995,21594.717
7671.1,-148.04999999999927,21739.359
7671.11,-148.03999999999996,21642.924
7671.12,-148.02999999999975,21594.717
7671.13,-148.01999999999953,21787.59
7671.14,-148.0099999999993,21594.717
7671.15,-148.0,21546.52
7671.16,-147.98999999999978,21594.717
7671.17,-147.97999999999956,21642.924
7671.18,-147.96999999999935,21691.139
7671.19,-147.96000000000004,21642.924
7671.2,-147.94999999999982,21546.52
7671.21,-147.9399999999996,21594.717
7671.22,-147.92999999999938,21546.52
7671.23,-147.92000000000007,21546.52
7671.24,-147.90999999999985,21787.59
7671.25,-147.89999999999964,21739.359
7671.26,-147.88999999999942,21594.717
7671.27,-147.8799999999992,21691.139
7671.28,-147.8699999999999,21594.717
7671.29,-147.85999999999967,21594.717
7671.3,-147.84999999999945,21353.809
7671.31,-147.83999999999924,21498.33
7671.32,-147.82999999999993,21594.717
7671.33,-147.8199999999997,21546.52
7671.34,-147.8099999999995,21594.717
7671.35,-147.79999999999927,21498.33
7671.36,-147.78999999999996,21594.717
7671.37,-147.77999999999975,21642.924
7671.38,-147.76999999999953,21787.59
7671.39,-147.7599999999993,21546.52
7671.4,-147.75,21498.33
7671.41,-147.73999999999978,21594.717
7671.42,-147.72999999999956,21546.52
7671.43,-147.71999999999935,21594.717
7671.44,-147.71000000000004,21594.717
7671.45,-147.69999999999982,21594.717
7671.46,-147.6899999999996,21691.139
7671.47,-147.67999999999938,21642.924
7671.48,-147.67000000000007,21546.52
7671.49,-147.65999999999985,21642.924
7671.5,-147.64999999999964,21787.59
7671.51,-147.63999999999942,21594.717
7671.52,-147.6299999999992,21739.359
7671.53,-147.6199999999999,21787.59
7671.54,-147.60999999999967,21642.924
7671.55,-147.59999999999945,21546.52
7671.56,-147.58999999999924,21642.924
7671.57,-147.57999999999993,21450.146
7671.58,-147.5699999999997,21546.52
7671.59,-147.5599999999995,21546.52
7671.6,-147.54999999999927,21691.139
7671.61,-147.53999999999996,21642.924
7671.62,-147.52999999999975,21546.52
7671.63,-147.51999999999953,21353.809
7671.64,-147.5099999999993,21257.502
7671.65,-147.5,21450.146
7671.66,-147.48999999999978,21450.146
7671.67,-147.47999999999956,21257.502
7671.68,-147.46999999999935,21498.33
7671.69,-147.46000000000004,21353.809
7671.7,-147.44999999999982,21450.146
7671.71,-147.4399999999996,21450.146
7671.72,-147.42999999999938,21546.52
7671.73,-147.42000000000007,21642.924
7671.74,-147.40999999999985,21594.717
7671.75,-147.39999999999964,21546.52
7671.76,-147.38999999999942,21787.59
7671.77,-147.3799999999992,21498.33
7671.78,-147.3699999999999,21546.52
7671.79,-147.35999999999967,21546.52
7671.8,-147.34999999999945,21450.146
7671.81,-147.33999999999924,21642.924
7671.82,-147.32999999999993,21691.139
7671.83,-147.3199999999997,21691.139
7671.84,-147.3099999999995,21546.52
7671.85,-147.29999999999927,21594.717
7671.86,-147.28999999999996,21787.59
7671.87,-147.27999999999975,21642.924
7671.88,-147.26999999999953,21450.146
7671.89,-147.2599999999993,21642.924
7671.9,-147.25,21594.717
7671.91,-147.23999999999978,21787.59
7671.92,-147.22999999999956,21691.139
7671.93,-147.21999999999935,21450.146
7671.94,-147.21000000000004,21594.717
7671.95,-147.19999999999982,21546.52
7671.96,-147.1899999999996,21594.717
7671.97,-147.17999999999938,21642.924
7671.98,-147.17000000000007,21546.52
7671.99,-147.15999999999985,21787.59
7672.0,-147.14999999999964,21642.924
7672.01,-147.13999999999942,21450.146
7672.02,-147.1299999999992,21594.717
7672.03,-147.1199999999999,21546.52
7672.04,-147.10999999999967,21594.717
7672.05,-147.09999999999945,21546.52
7672.06,-147.08999999999924,21498.33
7672.07,-147.07999999999993,21691.139
7672.08,-147.0699999999997,21498.33
7672.09,-147.0599999999995,21546.52
7672.1,-147.04999999999927,21642.924
7672.11,-147.03999999999996,21594.717
7672.12,-147.02999999999975,21594.717
7672.13,-147.01999999999953,21546.52
7672.14,-147.0099999999993,21594.717
7672.15,-147.0,21594.717
7672.16,-146.98999999999978,21642.924
7672.17,-146.97999999999956,21787.59
7672.18,-146.96999999999935,21546.52
7672.19,-146.96000000000004,21642.924
7672.2,-146.94999999999982,21401.973
7672.21,-146.9399999999996,21787.59
7672.22,-146.92999999999938,21594.717
7672.23,-146.92000000000007,21691.139
7672.24,-146.90999999999985,21691.139
7672.25,-146.89999999999964,21739.359
7672.26,-146.88999999999942,21594.717
7672.27,-146.8799999999992,21450.146
7672.28,-146.8699999999999,21691.139
7672.29,-146.85999999999967,21787.59
7672.3,-146.84999999999945,21498.33
7672.31,-146.83999999999924,21642.924
7672.32,-146.82999999999993,21594.717
7672.33,-146.8199999999997,21739.359
7672.34,-146.8099999999995,21594.717
7672.35,-146.79999999999927,21642.924
7672.36,-146.78999999999996,21787.59
7672.37,-146.77999999999975,21594.717
7672.38,-146.76999999999953,21498.33
7672.39,-146.7599999999993,21450.146
7672.4,-146.75,21401.973
7672.41,-146.73999999999978,21642.924
7672.42,-146.72999999999956,21498.33
7672.43,-146.71999999999935,21594.717
7672.44,-146.71000000000004,21642.924
7672.45,-146.69999999999982,21739.359
7672.46,-146.6899999999996,21642.924
7672.47,-146.67999999999938,21546.52
7672.48,-146.67000000000007,21594.717
7672.49,-146.65999999999985,21739.359
7672.5,-146.64999999999964,21594.717
7672.51,-146.63999999999942,21594.717
7672.52,-146.6299999999992,21594.717
7672.53,-146.6199999999999,21642.924
7672.54,-146.60999999999967,21691.139
7672.55,-146.59999999999945,21401.973
7672.56,-146.58999999999924,21594.717
7672.57,-146.57999999999993,21787.59
7672.58,-146.5699999999997,21546.52
7672.59,-146.5599999999995,21594.717
7672.6,-146.54999999999927,21546.52
7672.61,-146.53999999999996,21642.924
7672.62,-146.52999999999975,21594.717
7672.63,-146.51999999999953,21594.717
7672.64,-146.5099999999993,21691.139
7672.65,-146.5,21642.924
7672.66,-146.48999999999978,21546.52
7672.67,-146.47999999999956,21498.33
7672.68,-146.46999999999935,21353.809
7672.69,-146.46000000000004,21546.52
7672.7,-146.44999999999982,21691.139
7672.71,-146.4399999999996,21353.809
7672.72,-146.42999999999938,21450.146
7672.73,-146.42000000000007,21691.139
7672.74,-146.40999999999985,21594.717
7672.75,-146.39999999999964,21546.52
7672.76,-146.38999999999942,21546.52
7672.77,-146.3799999999992,21305.65
7672.78,-146.3699999999999,21546.52
7672.79,-146.35999999999967,21642.924
7672.8,-146.34999999999945,21546.52
7672.81,-146.33999999999924,21546.52
7672.82,-146.32999999999993,21546.52
7672.83,-146.3199999999997,21546.52
7672.84,-146.3099999999995,21642.924
7672.85,-146.29999999999927,21498.33
7672.86,-146.28999999999996,21498.33
7672.87,-146.27999999999975,21594.717
7672.88,-146.26999999999953,21594.717
7672.89,-146.2599999999993,21691.139
7672.9,-146.25,21642.924
7672.91,-146.23999999999978,21594.717
7672.92,-146.22999999999956,21546.52
7672.93,-146.21999999999935,21546.52
7672.94,-146.21000000000004,21739.359
7672.95,-146.19999999999982,21546.52
7672.96,-146.1899999999996,21546.52
7672.97,-146.17999999999938,21594.717
7672.98,-146.17000000000007,21691.139
7672.99,-146.15999999999985,21642.924
7673.0,-146.14999999999964,21739.359
7673.01,-146.13999999999942,21546.52
7673.02,-146.1299999999992,21739.359
7673.03,-146.1199999999999,21691.139
7673.04,-146.10999999999967,21739.359
7673.05,-146.09999999999945,21691.139
7673.06,-146.08999999999924,21546.52
7673.07,-146.07999999999993,21787.59
7673.08,-146.0699999999997,21546.52
7673.09,-146.0599999999995,21594.717
7673.1,-146.04999999999927,21739.359
7673.11,-146.03999999999996,21450.146
7673.12,-146.02999999999975,21546.52
7673.13,-146.01999999999953,21594.717
7673.14,-146.0099999999993,21498.33
7673.15,-146.0,21498.33
7673.16,-145.98999999999978,21450.146
7673.17,-145.97999999999956,21401.973
7673.18,-145.96999999999935,21691.139
7673.19,-145.96000000000004,21594.717
7673.2,-145.94999999999982,21594.717
7673.21,-145.9399999999996,21691.139
7673.22,-145.92999999999938,21691.139
7673.23,-145.92000000000007,21642.924
7673.24,-145.90999999999985,21546.52
7673.25,-145.89999999999964,21546.52
7673.26,-145.88999999999942,21353.809
7673.27,-145.8799999999992,21498.33
7673.28,-145.8699999999999,21691.139
7673.29,-145.85999999999967,21642.924
7673.3,-145.84999999999945,21498.33
7673.31,-145.83999999999924,21691.139
7673.32,-145.82999999999993,21739.359
7673.33,-145.8199999999997,21594.717
7673.34,-145.8099999999995,21594.717
7673.35,-145.79999999999927,21498.33
7673.36,-145.78999999999996,21691.139
7673.37,-145.77999999999975,21546.52
7673.38,-145.76999999999953,21594.717
7673.39,-145.7599999999993,21594.717
7673.4,-145.75,21594.717
7673.41,-145.73999999999978,21787.59
7673.42,-145.72999999999956,21498.33
7673.43,-145.71999999999935,21546.52
7673.44,-145.71000000000004,21594.717
7673.45,-145.69999999999982,21691.139
7673.46,-145.6899999999996,21642.924
7673.47,-145.67999999999938,21642.924
7673.48,-145.67000000000007,21739.359
7673.49,-145.65999999999985,21594.717
7673.5,-145.64999999999964,21835.83
7673.51,-145.63999999999942,21739.359
7673.52,-145.6299999999992,21546.52
7673.53,-145.6199999999999,21691.139
7673.54,-145.60999999999967,21691.139
7673.55,-145.59999999999945,21546.52
7673.56,-145.58999999999924,21691.139
7673.57,-145.57999999999993,21546.52
7673.58,-145.5699999999997,21739.359
7673.59,-145.5599999999995,21594.717
7673.6,-145.54999999999927,21546.52
7673.61,-145.53999999999996,21498.33
7673.62,-145.52999999999975,21546.52
7673.63,-145.51999999999953,21450.146
7673.64,-145.5099999999993,21787.59
7673.65,-145.5,21594.717
7673.66,-145.48999999999978,21691.139
7673.67,-145.47999999999956,21884.076
7673.68,-145.46999999999935,21498.33
7673.69,-145.46000000000004,21594.717
7673.7,-145.44999999999982,21498.33
7673.71,-145.4399999999996,21691.139
7673.72,-145.42999999999938,21691.139
7673.73,-145.42000000000007,21691.139
7673.74,-145.40999999999985,21739.359
7673.75,-145.39999999999964,21691.139
7673.76,-145.38999999999942,21739.359
7673.77,-145.3799999999992,21739.359
7673.78,-145.3699999999999,21546.52
7673.79,-145.35999999999967,21594.717
7673.8,-145.34999999999945,21546.52
7673.81,-145.33999999999924,21884.076
7673.82,-145.32999999999993,21594.717
7673.83,-145.3199999999997,21787.59
7673.84,-145.3099999999995,21546.52
7673.85,-145.29999999999927,21546.52
7673.86,-145.28999999999996,21787.59
7673.87,-145.27999999999975,21642.924
7673.88,-145.26999999999953,21546.52
7673.89,-145.2599999999993,21594.717
7673.9,-145.25,21691.139
7673.91,-145.23999999999978,21691.139
7673.92,-145.22999999999956,21450.146
7673.93,-145.21999999999935,21594.717
7673.94,-145.21000000000004,21787.59
7673.95,-145.19999999999982,21642.924
7673.96,-145.1899999999996,21739.359
7673.97,-145.17999999999938,21498.33
7673.98,-145.17000000000007,21642.924
7673.99,-145.15999999999985,21546.52
7674.0,-145.14999999999964,21739.359
7674.01,-145.13999999999942,21594.717
7674.02,-145.1299999999992,21642.924
7674.03,-145.1199999999999,21546.52
7674.04,-145.10999999999967,21787.59
7674.05,-145.09999999999945,21691.139
7674.06,-145.08999999999924,21594.717
7674.07,-145.07999999999993,21739.359
7674.08,-145.0699999999997,21739.359
7674.09,-145.0599999999995,21450.146
7674.1,-145.04999999999927,21642.924
7674.11,-145.03999999999996,21739.359
7674.12,-145.02999999999975,21835.83
7674.13,-145.01999999999953,21498.33
7674.14,-145.0099999999993,21450.146
7674.15,-145.0,21546.52
7674.16,-144.98999999999978,21691.139
7674.17,-144.97999999999956,21787.59
7674.18,-144.96999999999935,21450.146
7674.19,-144.96000000000004,21594.717
7674.2,-144.94999999999982,21787.59
7674.21,-144.9399999999996,21546.52
7674.22,-144.92999999999938,21691.139
7674.23,-144.92000000000007,21787.59
7674.24,-144.90999999999985,21835.83
7674.25,-144.89999999999964,21546.52
7674.26,-144.88999999999942,21594.717
7674.27,-144.8799999999992,21642.924
7674.28,-144.8699999999999,21787.59
7674.29,-144.85999999999967,21642.924
7674.3,-144.84999999999945,21642.924
7674.31,-144.83999999999924,21739.359
7674.32,-144.82999999999993,21594.717
7674.33,-144.8199999999997,21498.33
7674.34,-144.8099999999995,21594.717
7674.35,-144.79999999999927,21594.717
7674.36,-144.78999999999996,21546.52
7674.37,-144.77999999999975,21642.924
7674.38,-144.76999999999953,21642.924
7674.39,-144.7599999999993,21691.139
7674.4,-144.75,21691.139
7674.41,-144.73999999999978,21546.52
7674.42,-144.72999999999956,21594.717
7674.43,-144.71999999999935,21498.33
7674.44,-144.71000000000004,21691.139
7674.45,-144.69999999999982,21594.717
7674.46,-144.6899999999996,21498.33
7674.47,-144.67999999999938,21642.924
7674.48,-144.67000000000007,21739.359
7674.49,-144.65999999999985,21546.52
7674.5,-144.64999999999964,21835.83
7674.51,-144.63999999999942,21642.924
7674.52,-144.6299999999992,21642.924
7674.53,-144.6199999999999,21739.359
7674.54,-144.60999999999967,21739.359
7674.55,-144.59999999999945,21691.139
7674.56,-144.58999999999924,21546.52
7674.57,-144.57999999999993,21642.924
7674.58,-144.5699999999997,21642.924
7674.59,-144.5599999999995,21691.139
7674.6,-144.54999999999927,21546.52
7674.61,-144.53999999999996,21546.52
7674.62,-144.52999999999975,21546.52
7674.63,-144.51999999999953,21450.146
7674.64,-144.5099999999993,21450.146
7674.65,-144.5,21594.717
7674.66,-144.48999999999978,21642.924
7674.67,-144.47999999999956,21450.146
7674.68,-144.46999999999935,21450.146
7674.69,-144.46000000000004,21739.359
7674.7,-144.44999999999982,21498.33
7674.71,-144.4399999999996,21450.146
7674.72,-144.42999999999938,21594.717
7674.73,-144.42000000000007,21594.717
7674.74,-144.40999999999985,21739.359
7674.75,-144.39999999999964,21642.924
7674.76,-144.38999999999942,21498.33
7674.77,-144.3799999999992,21691.139
7674.78,-144.3699999999999,21594.717
7674.79,-144.35999999999967,21642.924
7674.8,-144.34999999999945,21546.52
7674.81,-144.33999999999924,21787.59
7674.82,-144.32999999999993,21739.359
7674.83,-144.3199999999997,21835.83
7674.84,-144.3099999999995,21546.52
7674.85,-144.29999999999927,21691.139
7674.86,-144.28999999999996,21546.52
7674.87,-144.27999999999975,21546.52
7674.88,-144.26999999999953,21353.809
7674.89,-144.2599999999993,21450.146
7674.9,-144.25,21642.924
7674.91,-144.23999999999978,21739.359
7674.92,-144.22999999999956,21691.139
7674.93,-144.21999999999935,21642.924
7674.94,-144.21000000000004,21642.924
7674.95,-144.19999999999982,21594.717
7674.96,-144.1899999999996,21691.139
7674.97,-144.17999999999938,21691.139
7674.98,-144.17000000000007,21642.924
7674.99,-144.15999999999985,21353.809
7675.0,-144.14999999999964,21787.59
7675.01,-144.13999999999942,21594.717
7675.02,-144.1299999999992,21594.717
7675.03,-144.1199999999999,21787.59
7675.04,-144.10999999999967,21642.924
7675.05,-144.09999999999945,21257.502
7675.06,-144.08999999999924,21691.139
7675.07,-144.07999999999993,21691.139
7675.08,-144.0699999999997,21739.359
7675.09,-144.0599999999995,21594.717
7675.1,-144.04999999999927,21642.924
7675.11,-144.03999999999996,21546.52
7675.12,-144.02999999999975,21594.717
7675.13,-144.01999999999953,21594.717
7675.14,-144.0099999999993,21401.973
7675.15,-144.0,21642.924
7675.16,-143.98999999999978,21739.359
7675.17,-143.97999999999956,21498.33
7675.18,-143.96999999999935,21642.924
7675.19,-143.96000000000004,21450.146
7675.2,-143.94999999999982,21642.924
7675.21,-143.9399999999996,21594.717
7675.22,-143.92999999999938,21546.52
7675.23,-143.92000000000007,21642.924
7675.24,-143.90999999999985,21691.139
7675.25,-143.89999999999964,21739.359
7675.26,-143.88999999999942,21739.359
7675.27,-143.8799999999992,21835.83
7675.28,-143.8699999999999,21739.359
7675.29,-143.85999999999967,21691.139
7675.3,-143.84999999999945,21594.717
7675.31,-143.83999999999924,21594.717
7675.32,-143.82999999999993,21546.52
7675.33,-143.8199999999997,21546.52
7675.34,-143.8099999999995,21498.33
7675.35,-143.79999999999927,21450.146
7675.36,-143.78999999999996,21594.717
7675.37,-143.77999999999975,21642.924
7675.38,-143.76999999999953,21353.809
7675.39,-143.7599999999993,21498.33
7675.4,-143.75,21787.59
7675.41,-143.73999999999978,21691.139
7675.42,-143.72999999999956,21546.52
7675.43,-143.71999999999935,21691.139
7675.44,-143.71000000000004,21642.924
7675.45,-143.69999999999982,21642.924
7675.46,-143.6899999999996,21691.139
7675.47,-143.67999999999938,21691.139
7675.48,-143.67000000000007,21642.924
7675.49,-143.65999999999985,21642.924
7675.5,-143.64999999999964,21691.139
7675.51,-143.63999999999942,21594.717
7675.52,-143.6299999999992,21787.59
7675.53,-143.6199999999999,21739.359
7675.54,-143.60999999999967,21691.139
7675.55,-143.59999999999945,21594.717
7675.56,-143.58999999999924,21594.717
7675.57,-143.57999999999993,21691.139
7675.58,-143.5699999999997,21691.139
7675.59,-143.5599999999995,21594.717
7675.6,-143.54999999999927,21498.33
7675.61,-143.53999999999996,21546.52
7675.62,-143.52999999999975,21884.076
7675.63,-143.51999999999953,21739.359
7675.64,-143.5099999999993,21546.52
7675.65,-143.5,21739.359
7675.66,-143.48999999999978,21787.59
7675.67,-143.47999999999956,21787.59
7675.68,-143.46999999999935,21594.717
7675.69,-143.46000000000004,21498.33
7675.7,-143.44999999999982,21739.359
7675.71,-143.4399999999996,21498.33
7675.72,-143.42999999999938,21498.33
7675.73,-143.42000000000007,21642.924
7675.74,-143.40999999999985,21642.924
7675.75,-143.39999999999964,21594.717
7675.76,-143.38999999999942,21546.52
7675.77,-143.3799999999992,21691.139
7675.78,-143.3699999999999,21691.139
7675.79,-143.35999999999967,21642.924
7675.8,-143.34999999999945,21594.717
7675.81,-143.33999999999924,21739.359
7675.82,-143.32999999999993,21642.924
7675.83,-143.3199999999997,21739.359
7675.84,-143.3099999999995,21546.52
7675.85,-143.29999999999927,21691.139
7675.86,-143.28999999999996,21642.924
7675.87,-143.27999999999975,21642.924
7675.88,-143.26999999999953,21594.717
7675.89,-143.2599999999993,21691.139
7675.9,-143.25,21739.359
7675.91,-143.23999999999978,21739.359
7675.92,-143.22999999999956,21450.146
7675.93,-143.21999999999935,21546.52
7675.94,-143.21000000000004,21787.59
7675.95,-143.19999999999982,21642.924
7675.96,-143.1899999999996,21691.139
7675.97,-143.17999999999938,21594.717
7675.98,-143.17000000000007,21787.59
7675.99,-143.15999999999985,21642.924
7676.0,-143.14999999999964,21498.33
7676.01,-143.13999999999942,21739.359
7676.02,-143.1299999999992,21787.59
7676.03,-143.1199999999999,21594.717
7676.04,-143.10999999999967,21691.139
7676.05,-143.09999999999945,21546.52
7676.06,-143.08999999999924,21787.59
7676.07,-143.07999999999993,21642.924
7676.08,-143.0699999999997,21594.717
7676.09,-143.0599999999995,21594.717
7676.1,-143.04999999999927,21642.924
7676.11,-143.03999999999996,21546.52
7676.12,-143.02999999999975,21642.924
7676.13,-143.01999999999953,21739.359
7676.14,-143.0099999999993,21691.139
7676.15,-143.0,21594.717
7676.16,-142.98999999999978,21691.139
7676.17,-142.97999999999956,21691.139
7676.18,-142.96999999999935,21546.52
7676.19,-142.96000000000004,21739.359
7676.2,-142.94999999999982,21691.139
7676.21,-142.9399999999996,21739.359
7676.22,-142.92999999999938,21835.83
7676.23,-142.92000000000007,21642.924
7676.24,-142.90999999999985,21642.924
7676.25,-142.89999999999964,21353.809
7676.26,-142.88999999999942,21546.52
7676.27,-142.8799999999992,21594.717
7676.28,-142.8699999999999,21739.359
7676.29,-142.85999999999967,21546.52
7676.3,-142.84999999999945,21642.924
7676.31,-142.83999999999924,21787.59
7676.32,-142.82999999999993,21642.924
7676.33,-142.8199999999997,21739.359
7676.34,-142.8099999999995,21498.33
7676.35,-142.79999999999927,21546.52
7676.36,-142.78999999999996,21642.924
7676.37,-142.77999999999975,21594.717
7676.38,-142.76999999999953,21546.52
7676.39,-142.7599999999993,21691.139
7676.4,-142.75,21932.332
7676.41,-142.73999999999978,21884.076
7676.42,-142.72999999999956,21642.924
7676.43,-142.71999999999935,21450.146
7676.44,-142.71000000000004,21546.52
7676.45,-142.69999999999982,21450.146
7676.46,-142.6899999999996,21642.924
7676.47,-142.67999999999938,21594.717
7676.48,-142.67000000000007,21642.924
7676.49,-142.65999999999985,21787.59
7676.5,-142.64999999999964,21546.52
7676.51,-142.63999999999942,21739.359
7676.52,-142.6299999999992,21450.146
7676.53,-142.6199999999999,21835.83
7676.54,-142.60999999999967,21787.59
7676.55,-142.59999999999945,21691.139
7676.56,-142.58999999999924,21691.139
7676.57,-142.57999999999993,21739.359
7676.58,-142.5699999999997,21642.924
7676.59,-142.5599999999995,21546.52
7676.6,-142.54999999999927,21691.139
7676.61,-142.53999999999996,21691.139
7676.62,-142.52999999999975,21739.359
7676.63,-142.51999999999953,21498.33
7676.64,-142.5099999999993,21594.717
7676.65,-142.5,21546.52
7676.66,-142.48999999999978,21498.33
7676.67,-142.47999999999956,21691.139
7676.68,-142.46999999999935,21450.146
7676.69,-142.46000000000004,21450.146
7676.7,-142.44999999999982,21739.359
7676.71,-142.4399999999996,21691.139
7676.72,-142.42999999999938,21691.139
7676.73,-142.42000000000007,21594.717
7676.74,-142.40999999999985,21594.717
7676.75,-142.39999999999964,21642.924
7676.76,-142.38999999999942,21739.359
7676.77,-142.3799999999992,21498.33
7676.78,-142.3699999999999,21787.59
7676.79,-142.35999999999967,21594.717
7676.8,-142.34999999999945,21546.52
7676.81,-142.33999999999924,21594.717
7676.82,-142.32999999999993,21932.332
7676.83,-142.3199999999997,21594.717
7676.84,-142.3099999999995,21498.33
7676.85,-142.29999999999927,21787.59
7676.86,-142.28999999999996,21642.924
7676.87,-142.27999999999975,21787.59
7676.88,-142.26999999999953,21787.59
7676.89,-142.2599999999993,21739.359
7676.9,-142.25,21691.139
7676.91,-142.23999999999978,21739.359
7676.92,-142.22999999999956,21739.359
7676.93,-142.21999999999935,21450.146
7676.94,-142.21000000000004,21691.139
7676.95,-142.19999999999982,21691.139
7676.96,-142.1899999999996,21739.359
7676.97,-142.17999999999938,21353.809
7676.98,-142.17000000000007,21546.52
7676.99,-142.15999999999985,21739.359
7677.0,-142.14999999999964,21401.973
7677.01,-142.13999999999942,21353.809
7677.02,-142.1299999999992,21450.146
7677.03,-142.1199999999999,21450.146
7677.04,-142.10999999999967,21594.717
7677.05,-142.09999999999945,22125.432
7677.06,-142.08999999999924,23092.887
7677.07,-142.07999999999993,23383.758
7677.08,-142.0699999999997,23917.777
7677.09,-142.0599999999995,23820.611
7677.1,-142.04999999999927,23917.777
7677.11,-142.03999999999996,23966.375
7677.12,-142.02999999999975,23917.777
7677.13,-142.01999999999953,23480.779
7677.14,-142.0099999999993,23820.611
7677.15,-142.0,23674.92
7677.16,-141.98999999999978,23772.039
7677.17,-141.97999999999956,23674.92
7677.18,-141.96999999999935,23723.475
7677.19,-141.96000000000004,23626.373
7677.2,-141.94999999999982,23869.189
7677.21,-141.9399999999996,23674.92
7677.22,-141.92999999999938,23674.92
7677.23,-141.92000000000007,23577.832
7677.24,-141.90999999999985,23820.611
7677.25,-141.89999999999964,23820.611
7677.26,-141.88999999999942,23869.189
7677.27,-141.8799999999992,23723.475
7677.28,-141.8699999999999,23869.189
7677.29,-141.85999999999967,23772.039
7677.3,-141.84999999999945,23723.475
7677.31,-141.83999999999924,23772.039
7677.32,-141.82999999999993,23820.611
7677.33,-141.8199999999997,23674.92
7677.34,-141.8099999999995,23917.777
7677.35,-141.79999999999927,23723.475
7677.36,-141.78999999999996,23577.832
7677.37,-141.77999999999975,23529.301
7677.38,-141.76999999999953,23917.777
7677.39,-141.7599999999993,23820.611
7677.4,-141.75,23674.92
7677.41,-141.73999999999978,23674.92
7677.42,-141.72999999999956,23626.373
7677.43,-141.71999999999935,23674.92
7677.44,-141.71000000000004,23723.475
7677.45,-141.69999999999982,23820.611
7677.46,-141.6899999999996,23529.301
7677.47,-141.67999999999938,23577.832
7677.48,-141.67000000000007,23772.039
7677.49,-141.65999999999985,23529.301
7677.5,-141.64999999999964,23674.92
7677.51,-141.63999999999942,23820.611
7677.52,-141.6299999999992,23869.189
7677.53,-141.6199999999999,23723.475
7677.54,-141.60999999999967,23674.92
7677.55,-141.59999999999945,23723.475
7677.56,-141.58999999999924,23917.777
7677.57,-141.57999999999993,23723.475
7677.58,-141.5699999999997,23869.189
7677.59,-141.5599999999995,23869.189
7677.6,-141.54999999999927,24014.979
7677.61,-141.53999999999996,23966.375
7677.62,-141.52999999999975,23772.039
7677.63,-141.51999999999953,23626.373
7677.64,-141.5099999999993,23723.475
7677.65,-141.5,23480.779
7677.66,-141.48999999999978,23674.92
7677.67,-141.47999999999956,23772.039
7677.68,-141.46999999999935,23966.375
7677.69,-141.46000000000004,23480.779
7677.7,-141.44999999999982,23917.777
7677.71,-141.4399999999996,23917.777
7677.72,-141.42999999999938,23772.039
7677.73,-141.42000000000007,23869.189
7677.74,-141.40999999999985,23674.92
7677.75,-141.39999999999964,23917.777
7677.76,-141.38999999999942,23820.611
7677.77,-141.3799999999992,23869.189
7677.78,-141.3699999999999,24014.979
7677.79,-141.35999999999967,23966.375
7677.8,-141.34999999999945,23529.301
7677.81,-141.33999999999924,23869.189
7677.82,-141.32999999999993,23820.611
7677.83,-141.3199999999997,23723.475
7677.84,-141.3099999999995,23626.373
7677.85,-141.29999999999927,23917.777
7677.86,-141.28999999999996,23577.832
7677.87,-141.27999999999975,23723.475
7677.88,-141.26999999999953,23723.475
7677.89,-141.2599999999993,23917.777
7677.9,-141.25,24647.572
7677.91,-141.23999999999978,25037.545
7677.92,-141.22999999999956,25086.328
7677.93,-141.21999999999935,24842.494
7677.94,-141.21000000000004,24647.572
7677.95,-141.19999999999982,24647.572
7677.96,-141.1899999999996,24842.494
7677.97,-141.17999999999938,24014.979
7677.98,-141.17000000000007,22415.328
7677.99,-141.15999999999985,21787.59
7678.0,-141.14999999999964,21450.146
7678.01,-141.13999999999942,21401.973
7678.02,-141.1299999999992,21353.809
7678.03,-141.1199999999999,21450.146
7678.04,-141.10999999999967,21642.924
7678.05,-141.09999999999945,21642.924
7678.06,-141.08999999999924,21691.139
7678.07,-141.07999999999993,21353.809
7678.08,-141.0699999999997,21642.924
7678.09,-141.0599999999995,21594.717
7678.1,-141.04999999999927,21642.924
7678.11,-141.03999999999996,21546.52
7678.12,-141.02999999999975,21642.924
7678.13,-141.01999999999953,21450.146
7678.14,-141.0099999999993,21546.52
7678.15,-141.0,21498.33
7678.16,-140.98999999999978,21353.809
7678.17,-140.97999999999956,21691.139
7678.18,-140.96999999999935,21739.359
7678.19,-140.96000000000004,21642.924
7678.2,-140.94999999999982,21450.146
7678.21,-140.9399999999996,21353.809
7678.22,-140.92999999999938,21594.717
7678.23,-140.92000000000007,21353.809
7678.24,-140.90999999999985,21498.33
7678.25,-140.89999999999964,21450.146
7678.26,-140.88999999999942,21498.33
7678.27,-140.8799999999992,21450.146
7678.28,-140.8699999999999,21401.973
7678.29,-140.85999999999967,21450.146
7678.3,-140.84999999999945,21498.33
7678.31,-140.83999999999924,21353.809
7678.32,-140.82999999999993,21401.973
7678.33,-140.8199999999997,21739.359
7678.34,-140.8099999999995,21546.52
7678.35,-140.79999999999927,21594.717
7678.36,-140.78999999999996,21450.146
7678.37,-140.77999999999975,21353.809
7678.38,-140.76999999999953,21353.809
7678.39,-140.7599999999993,21401.973
7678.4,-140.75,21546.52
7678.41,-140.73999999999978,21498.33
7678.42,-140.72999999999956,21305.65
7678.43,-140.71999999999935,21305.65
7678.44,-140.71000000000004,21498.33
7678.45,-140.69999999999982,21642.924
7678.46,-140.6899999999996,21546.52
7678.47,-140.67999999999938,21498.33
7678.48,-140.67000000000007,21450.146
7678.49,-140.65999999999985,21450.146
7678.5,-140.64999999999964,21642.924
7678.51,-140.63999999999942,21450.146
7678.52,-140.6299999999992,21594.717
7678.53,-140.6199999999999,21594.717
7678.54,-140.60999999999967,21546.52
7678.55,-140.59999999999945,21642.924
7678.56,-140.58999999999924,21691.139
7678.57,-140.57999999999993,21642.924
7678.58,-140.5699999999997,21353.809
7678.59,-140.5599999999995,21450.146
7678.6,-140.54999999999927,21353.809
7678.61,-140.53999999999996,21450.146
7678.62,-140.52999999999975,21594.717
7678.63,-140.51999999999953,21546.52
7678.64,-140.5099999999993,21401.973
7678.65,-140.5,21691.139
7678.66,-140.48999999999978,21642.924
7678.67,-140.47999999999956,21546.52
7678.68,-140.46999999999935,21594.717
7678.69,-140.46000000000004,21498.33
7678.7,-140.44999999999982,21642.924
7678.71,-140.4399999999996,21691.139
7678.72,-140.42999999999938,21450.146
7678.73,-140.42000000000007,21498.33
7678.74,-140.40999999999985,21691.139
7678.75,-140.39999999999964,21450.146
7678.76,-140.38999999999942,21546.52
7678.77,-140.3799999999992,21594.717
7678.78,-140.3699999999999,21546.52
7678.79,-140.35999999999967,21642.924
7678.8,-140.34999999999945,21401.973
7678.81,-140.33999999999924,21401.973
7678.82,-140.32999999999993,21353.809
7678.83,-140.3199999999997,21691.139
7678.84,-140.3099999999995,21691.139
7678.85,-140.29999999999927,21594.717
7678.86,-140.28999999999996,21498.33
7678.87,-140.27999999999975,21498.33
7678.88,-140.26999999999953,21450.146
7678.89,-140.2599999999993,21546.52
7678.9,-140.25,21353.809
7678.91,-140.23999999999978,21691.139
7678.92,-140.22999999999956,21546.52
7678.93,-140.21999999999935,21546.52
7678.94,-140.21000000000004,21546.52
7678.95,-140.19999999999982,21594.717
7678.96,-140.1899999999996,21546.52
7678.97,-140.17999999999938,21546.52
7678.98,-140.17000000000007,21594.717
7678.99,-140.15999999999985,21546.52
7679.0,-140.14999999999964,21353.809
7679.01,-140.13999999999942,21305.65
7679.02,-140.1299999999992,21450.146
7679.03,-140.1199999999999,21401.973
7679.04,-140.10999999999967,21450.146
7679.05,-140.09999999999945,21353.809
7679.06,-140.08999999999924,21594.717
7679.07,-140.07999999999993,21450.146
7679.08,-140.0699999999997,21353.809
7679.09,-140.0599999999995,21594.717
7679.1,-140.04999999999927,21401.973
7679.11,-140.03999999999996,21450.146
7679.12,-140.02999999999975,21401.973
7679.13,-140.01999999999953,21305.65
7679.14,-140.0099999999993,21401.973
7679.15,-140.0,21401.973
7679.16,-139.98999999999978,21642.924
7679.17,-139.97999999999956,21401.973
7679.18,-139.96999999999935,21450.146
7679.19,-139.96000000000004,21450.146
7679.2,-139.94999999999982,21353.809
7679.21,-139.9399999999996,21353.809
7679.22,-139.92999999999938,21498.33
7679.23,-139.92000000000007,21401.973
7679.24,-139.90999999999985,21594.717
7679.25,-139.89999999999964,21642.924
7679.26,-139.88999999999942,21594.717
7679.27,-139.8799999999992,21401.973
7679.28,-139.8699999999999,21498.33
7679.29,-139.85999999999967,21450.146
7679.3,-139.84999999999945,21450.146
7679.31,-139.83999999999924,21594.717
7679.32,-139.82999999999993,21642.924
7679.33,-139.8199999999997,21691.139
7679.34,-139.8099999999995,21450.146
7679.35,-139.79999999999927,21594.717
7679.36,-139.78999999999996,21401.973
7679.37,-139.77999999999975,21642.924
7679.38,-139.76999999999953,21498.33
7679.39,-139.7599999999993,21546.52
7679.4,-139.75,21546.52
7679.41,-139.73999999999978,21498.33
7679.42,-139.72999999999956,21546.52
7679.43,-139.71999999999935,21642.924
7679.44,-139.71000000000004,21450.146
7679.45,-139.69999999999982,21546.52
7679.46,-139.6899999999996,21546.52
7679.47,-139.67999999999938,21546.52
7679.48,-139.67000000000007,21401.973
7679.49,-139.65999999999985,21594.717
7679.5,-139.64999999999964,21450.146
7679.51,-139.63999999999942,21353.809
7679.52,-139.6299999999992,21498.33
7679.53,-139.6199999999999,21401.973
7679.54,-139.60999999999967,21353.809
7679.55,-139.59999999999945,21161.227
7679.56,-139.58999999999924,21450.146
7679.57,-139.57999999999993,21546.52
7679.58,-139.5699999999997,21401.973
7679.59,-139.5599999999995,21498.33
7679.6,-139.54999999999927,21401.973
7679.61,-139.53999999999996,21594.717
7679.62,-139.52999999999975,21546.52
7679.63,-139.51999999999953,21594.717
7679.64,-139.5099999999993,21594.717
7679.65,-139.5,21353.809
7679.66,-139.48999999999978,21353.809
7679.67,-139.47999999999956,21450.146
7679.68,-139.46999999999935,21498.33
7679.69,-139.46000000000004,21401.973
7679.7,-139.44999999999982,21594.717
7679.71,-139.4399999999996,21257.502
7679.72,-139.42999999999938,21546.52
7679.73,-139.42000000000007,21401.973
7679.74,-139.40999999999985,21498.33
7679.75,-139.39999999999964,21401.973
7679.76,-139.38999999999942,21594.717
7679.77,-139.3799999999992,21642.924
7679.78,-139.3699999999999,21498.33
7679.79,-139.35999999999967,21594.717
7679.8,-139.34999999999945,21257.502
7679.81,-139.33999999999924,21353.809
7679.82,-139.32999999999993,21450.146
7679.83,-139.3199999999997,21546.52
7679.84,-139.3099999999995,21498.33
7679.85,-139.29999999999927,21594.717
7679.86,-139.28999999999996,21498.33
7679.87,-139.27999999999975,21450.146
7679.88,-139.26999999999953,21594.717
7679.89,-139.2599999999993,21594.717
7679.9,-139.25,21353.809
7679.91,-139.23999999999978,21498.33
7679.92,-139.22999999999956,21353.809
7679.93,-139.21999999999935,21546.52
7679.94,-139.21000000000004,21642.924
7679.95,-139.19999999999982,21353.809
7679.96,-139.1899999999996,21594.717
7679.97,-139.17999999999938,21691.139
7679.98,-139.17000000000007,21498.33
7679.99,-139.15999999999985,21642.924
7680.0,-139.14999999999964,21401.973
7680.01,-139.13999999999942,21546.52
7680.02,-139.1299999999992,21546.52
7680.03,-139.1199999999999,21401.973
7680.04,-139.10999999999967,21594.717
7680.05,-139.09999999999945,21450.146
7680.06,-139.08999999999924,21450.146
7680.07,-139.07999999999993,21498.33
7680.08,-139.0699999999997,21353.809
7680.09,-139.0599999999995,21498.33
7680.1,-139.04999999999927,21546.52
7680.11,-139.03999999999996,21450.146
7680.12,-139.02999999999975,21353.809
7680.13,-139.01999999999953,21594.717
7680.14,-139.0099999999993,21401.973
7680.15,-139.0,21546.52
7680.16,-138.98999999999978,21305.65
7680.17,-138.97999999999956,21594.717
7680.18,-138.96999999999935,21257.502
7680.19,-138.96000000000004,21642.924
7680.2,-138.94999999999982,21546.52
7680.21,-138.9399999999996,21546.52
7680.22,-138.92999999999938,21353.809
7680.23,-138.92000000000007,21498.33
7680.24,-138.90999999999985,21546.52
7680.25,-138.89999999999964,21546.52
7680.26,-138.88999999999942,21401.973
7680.27,-138.8799999999992,21594.717
7680.28,-138.8699999999999,21498.33
7680.29,-138.85999999999967,21450.146
7680.3,-138.84999999999945,21546.52
7680.31,-138.83999999999924,21594.717
7680.32,-138.82999999999993,21305.65
7680.33,-138.8199999999997,21353.809
7680.34,-138.8099999999995,21450.146
7680.35,-138.79999999999927,21353.809
7680.36,-138.78999999999996,21353.809
7680.37,-138.77999999999975,21401.973
7680.38,-138.76999999999953,21161.227
7680.39,-138.7599999999993,21642.924
7680.4,-138.75,21450.146
7680.41,-138.73999999999978,21401.973
7680.42,-138.72999999999956,21401.973
7680.43,-138.71999999999935,21498.33
7680.44,-138.71000000000004,21594.717
7680.45,-138.69999999999982,21401.973
7680.46,-138.6899999999996,21594.717
7680.47,-138.67999999999938,21450.146
7680.48,-138.67000000000007,21498.33
7680.49,-138.65999999999985,21546.52
7680.5,-138.64999999999964,21546.52
7680.51,-138.63999999999942,21401.973
7680.52,-138.6299999999992,21450.146
7680.53,-138.6199999999999,21787.59
7680.54,-138.60999999999967,21401.973
7680.55,-138.59999999999945,21498.33
7680.56,-138.58999999999924,21594.717
7680.57,-138.57999999999993,21594.717
7680.58,-138.5699999999997,21642.924
7680.59,-138.5599999999995,21546.52
7680.6,-138.54999999999927,21546.52
7680.61,-138.53999999999996,21546.52
7680.62,-138.52999999999975,21498.33
7680.63,-138.51999999999953,21450.146
7680.64,-138.5099999999993,21498.33
7680.65,-138.5,21498.33
7680.66,-138.48999999999978,21594.717
7680.67,-138.47999999999956,21498.33
7680.68,-138.46999999999935,21546.52
7680.69,-138.46000000000004,21498.33
7680.7,-138.44999999999982,21594.717
7680.71,-138.4399999999996,21642.924
7680.72,-138.42999999999938,21401.973
7680.73,-138.42000000000007,21546.52
7680.74,-138.40999999999985,21642.924
7680.75,-138.39999999999964,21642.924
7680.76,-138.38999999999942,21594.717
7680.77,-138.3799999999992,21546.52
7680.78,-138.3699999999999,21353.809
7680.79,-138.35999999999967,21691.139
7680.8,-138.34999999999945,21498.33
7680.81,-138.33999999999924,21594.717
7680.82,-138.32999999999993,21642.924
7680.83,-138.3199999999997,21594.717
7680.84,-138.3099999999995,21353.809
7680.85,-138.29999999999927,21642.924
7680.86,-138.28999999999996,21498.33
7680.87,-138.27999999999975,21401.973
7680.88,-138.26999999999953,21401.973
7680.89,-138.2599999999993,21401.973
7680.9,-138.25,21691.139
7680.91,-138.23999999999978,21594.717
7680.92,-138.22999999999956,21305.65
7680.93,-138.21999999999935,21546.52
7680.94,-138.21000000000004,21353.809
7680.95,-138.19999999999982,21450.146
7680.96,-138.1899999999996,21450.146
7680.97,-138.17999999999938,21450.146
7680.98,-138.17000000000007,21594.717
7680.99,-138.15999999999985,21498.33
7681.0,-138.14999999999964,21642.924
7681.01,-138.13999999999942,21498.33
7681.02,-138.1299999999992,21546.52
7681.03,-138.1199999999999,21594.717
7681.04,-138.10999999999967,21450.146
7681.05,-138.09999999999945,21450.146
7681.06,-138.08999999999924,21450.146
7681.07,-138.07999999999993,21498.33
7681.08,-138.0699999999997,21401.973
7681.09,-138.0599999999995,21498.33
7681.1,-138.04999999999927,21353.809
7681.11,-138.03999999999996,21450.146
7681.12,-138.02999999999975,21546.52
7681.13,-138.01999999999953,21498.33
7681.14,-138.0099999999993,21450.146
7681.15,-138.0,21594.717
7681.16,-137.98999999999978,21594.717
7681.17,-137.97999999999956,21546.52
7681.18,-137.96999999999935,21401.973
7681.19,-137.96000000000004,21498.33
7681.2,-137.94999999999982,21546.52
7681.21,-137.9399999999996,21498.33
7681.22,-137.92999999999938,21498.33
7681.23,-137.92000000000007,21498.33
7681.24,-137.90999999999985,21691.139
7681.25,-137.89999999999964,21353.809
7681.26,-137.88999999999942,21498.33
7681.27,-137.8799999999992,21594.717
7681.28,-137.8699999999999,21450.146
7681.29,-137.85999999999967,21594.717
7681.3,-137.84999999999945,21401.973
7681.31,-137.83999999999924,21498.33
7681.32,-137.82999999999993,21450.146
7681.33,-137.8199999999997,21450.146
7681.34,-137.8099999999995,21353.809
7681.35,-137.79999999999927,21594.717
7681.36,-137.78999999999996,21642.924
7681.37,-137.77999999999975,21498.33
7681.38,-137.76999999999953,21594.717
7681.39,-137.7599999999993,21401.973
7681.4,-137.75,21642.924
7681.41,-137.73999999999978,21450.146
7681.42,-137.72999999999956,21353.809
7681.43,-137.71999999999935,21546.52
7681.44,-137.71000000000004,21353.809
7681.45,-137.69999999999982,21353.809
7681.46,-137.6899999999996,21594.717
7681.47,-137.67999999999938,21353.809
7681.48,-137.67000000000007,21498.33
7681.49,-137.65999999999985,21450.146
7681.5,-137.64999999999964,21353.809
7681.51,-137.63999999999942,21498.33
7681.52,-137.6299999999992,21594.717
7681.53,-137.6199999999999,21450.146
7681.54,-137.60999999999967,21546.52
7681.55,-137.59999999999945,21546.52
7681.56,-137.58999999999924,21546.52
7681.57,-137.57999999999993,21498.33
7681.58,-137.5699999999997,21642.924
7681.59,-137.5599999999995,21642.924
7681.6,-137.54999999999927,21594.717
7681.61,-137.53999999999996,21594.717
7681.62,-137.52999999999975,21498.33
7681.63,-137.51999999999953,21305.65
7681.64,-137.5099999999993,21353.809
7681.65,-137.5,21546.52
7681.66,-137.48999999999978,21594.717
7681.67,-137.47999999999956,21498.33
7681.68,-137.46999999999935,21401.973
7681.69,-137.46000000000004,21401.973
7681.7,-137.44999999999982,21691.139
7681.71,-137.4399999999996,21594.717
7681.72,-137.42999999999938,21594.717
7681.73,-137.42000000000007,21546.52
7681.74,-137.40999999999985,21450.146
7681.75,-137.39999999999964,21787.59
7681.76,-137.38999999999942,21401.973
7681.77,-137.3799999999992,21546.52
7681.78,-137.3699999999999,21594.717
7681.79,-137.35999999999967,21498.33
7681.8,-137.34999999999945,21257.502
7681.81,-137.33999999999924,21594.717
7681.82,-137.32999999999993,21450.146
7681.83,-137.3199999999997,21401.973
7681.84,-137.3099999999995,21450.146
7681.85,-137.29999999999927,21161.227
7681.86,-137.28999999999996,21498.33
7681.87,-137.27999999999975,21450.146
7681.88,-137.26999999999953,21353.809
7681.89,-137.2599999999993,21546.52
7681.9,-137.25,21691.139
7681.91,-137.23999999999978,21498.33
7681.92,-137.22999999999956,21401.973
7681.93,-137.21999999999935,21498.33
7681.94,-137.21000000000004,21401.973
7681.95,-137.19999999999982,21450.146
7681.96,-137.1899999999996,21498.33
7681.97,-137.17999999999938,21691.139
7681.98,-137.17000000000007,21450.146
7681.99,-137.15999999999985,21594.717
7682.0,-137.14999999999964,21642.924
7682.01,-137.13999999999942,21401.973
7682.02,-137.1299999999992,21498.33
7682.03,-137.1199999999999,21594.717
7682.04,-137.10999999999967,21691.139
7682.05,-137.09999999999945,21498.33
7682.06,-137.08999999999924,21739.359
7682.07,-137.07999999999993,21546.52
7682.08,-137.0699999999997,21401.973
7682.09,-137.0599999999995,21305.65
7682.1,-137.04999999999927,21498.33
7682.11,-137.03999999999996,21594.717
7682.12,-137.02999999999975,21498.33
7682.13,-137.01999999999953,21401.973
7682.14,-137.0099999999993,21594.717
7682.15,-137.0,21353.809
7682.16,-136.98999999999978,21353.809
7682.17,-136.97999999999956,21401.973
7682.18,-136.96999999999935,21353.809
7682.19,-136.96000000000004,21401.973
7682.2,-136.94999999999982,21353.809
7682.21,-136.9399999999996,21450.146
7682.22,-136.92999999999938,21353.809
7682.23,-136.92000000000007,21305.65
7682.24,-136.90999999999985,21498.33
7682.25,-136.89999999999964,21401.973
7682.26,-136.88999999999942,21450.146
7682.27,-136.8799999999992,21787.59
7682.28,-136.8699999999999,21642.924
7682.29,-136.85999999999967,21594.717
7682.3,-136.84999999999945,21546.52
7682.31,-136.83999999999924,21594.717
7682.32,-136.82999999999993,21401.973
7682.33,-136.8199999999997,21691.139
7682.34,-136.8099999999995,21401.973
7682.35,-136.79999999999927,21209.359
7682.36,-136.78999999999996,21546.52
7682.37,-136.77999999999975,21546.52
7682.38,-136.76999999999953,21353.809
7682.39,-136.7599999999993,21450.146
7682.4,-136.75,21450.146
7682.41,-136.73999999999978,21353.809
7682.42,-136.72999999999956,21450.146
7682.43,-136.71999999999935,21353.809
7682.44,-136.71000000000004,21161.227
7682.45,-136.69999999999982,21401.973
7682.46,-136.6899999999996,21353.809
7682.47,-136.67999999999938,21353.809
7682.48,-136.67000000000007,21498.33
7682.49,-136.65999999999985,21450.146
7682.5,-136.64999999999964,21498.33
7682.51,-136.63999999999942,21450.146
7682.52,-136.6299999999992,21546.52
7682.53,-136.6199999999999,21498.33
7682.54,-136.60999999999967,21498.33
7682.55,-136.59999999999945,21450.146
7682.56,-136.58999999999924,21691.139
7682.57,-136.57999999999993,21546.52
7682.58,-136.5699999999997,21594.717
7682.59,-136.5599999999995,21594.717
7682.6,-136.54999999999927,21401.973
7682.61,-136.53999999999996,21401.973
7682.62,-136.52999999999975,21594.717
7682.63,-136.51999999999953,21353.809
7682.64,-136.5099999999993,21546.52
7682.65,-136.5,21498.33
7682.66,-136.48999999999978,21450.146
7682.67,-136.47999999999956,21401.973
7682.68,-136.46999999999935,21353.809
7682.69,-136.46000000000004,21594.717
7682.7,-136.44999999999982,21594.717
7682.71,-136.4399999999996,21594.717
7682.72,-136.42999999999938,21498.33
7682.73,-136.42000000000007,21546.52
7682.74,-136.40999999999985,21546.52
7682.75,-136.39999999999964,21450.146
7682.76,-136.38999999999942,21353.809
7682.77,-136.3799999999992,21450.146
7682.78,-136.3699999999999,21401.973
7682.79,-136.35999999999967,21450.146
7682.8,-136.34999999999945,21450.146
7682.81,-136.33999999999924,21594.717
7682.82,-136.32999999999993,21546.52
7682.83,-136.3199999999997,21401.973
7682.84,-136.3099999999995,21401.973
7682.85,-136.29999999999927,21305.65
7682.86,-136.28999999999996,21401.973
7682.87,-136.27999999999975,21353.809
7682.88,-136.26999999999953,21353.809
7682.89,-136.2599999999993,21353.809
7682.9,-136.25,21401.973
7682.91,-136.23999999999978,21691.139
7682.92,-136.22999999999956,21450.146
7682.93,-136.21999999999935,21546.52
7682.94,-136.21000000000004,21401.973
7682.95,-136.19999999999982,21642.924
7682.96,-136.1899999999996,21450.146
7682.97,-136.17999999999938,21257.502
7682.98,-136.17000000000007,21498.33
7682.99,-136.15999999999985,21450.146
7683.0,-136.14999999999964,21450.146
7683.01,-136.13999999999942,21498.33
7683.02,-136.1299999999992,21594.717
7683.03,-136.1199999999999,21353.809
7683.04,-136.10999999999967,21401.973
7683.05,-136.09999999999945,21161.227
7683.06,-136.08999999999924,21498.33
7683.07,-136.07999999999993,21401.973
7683.08,-136.0699999999997,21546.52
7683.09,-136.0599999999995,21498.33
7683.1,-136.04999999999927,21305.65
7683.11,-136.03999999999996,21498.33
7683.12,-136.02999999999975,21594.717
7683.13,-136.01999999999953,21594.717
7683.14,-136.0099999999993,21401.973
7683.15,-136.0,21401.973
7683.16,-135.98999999999978,21450.146
7683.17,-135.97999999999956,21498.33
7683.18,-135.96999999999935,21546.52
7683.19,-135.96000000000004,21546.52
7683.2,-135.94999999999982,21546.52
7683.21,-135.9399999999996,21353.809
7683.22,-135.92999999999938,21401.973
7683.23,-135.92000000000007,21546.52
7683.24,-135.90999999999985,21498.33
7683.25,-135.89999999999964,21498.33
7683.26,-135.88999999999942,21401.973
7683.27,-135.8799999999992,21353.809
7683.28,-135.8699999999999,21353.809
7683.29,-135.85999999999967,21498.33
7683.3,-135.84999999999945,21305.65
7683.31,-135.83999999999924,21353.809
7683.32,-135.82999999999993,21450.146
7683.33,-135.8199999999997,21450.146
7683.34,-135.8099999999995,21257.502
7683.35,-135.79999999999927,21209.359
7683.36,-135.78999999999996,21401.973
7683.37,-135.77999999999975,21642.924
7683.38,-135.76999999999953,21594.717
7683.39,-135.7599999999993,21546.52
7683.4,-135.75,21498.33
7683.41,-135.73999999999978,21305.65
7683.42,-135.72999999999956,21546.52
7683.43,-135.71999999999935,21498.33
7683.44,-135.71000000000004,21498.33
7683.45,-135.69999999999982,21450.146
7683.46,-135.6899999999996,21450.146
7683.47,-135.67999999999938,21257.502
7683.48,-135.67000000000007,21353.809
7683.49,-135.65999999999985,21546.52
7683.5,-135.64999999999964,21642.924
7683.51,-135.63999999999942,21498.33
7683.52,-135.6299999999992,21450.146
7683.53,-135.6199999999999,21546.52
7683.54,-135.60999999999967,21546.52
7683.55,-135.59999999999945,21546.52
7683.56,-135.58999999999924,21546.52
7683.57,-135.57999999999993,21498.33
7683.58,-135.5699999999997,21498.33
7683.59,-135.5599999999995,21353.809
7683.6,-135.54999999999927,21594.717
7683.61,-135.53999999999996,21450.146
7683.62,-135.52999999999975,21594.717
7683.63,-135.51999999999953,21546.52
7683.64,-135.5099999999993,21401.973
7683.65,-135.5,21353.809
7683.66,-135.48999999999978,21401.973
7683.67,-135.47999999999956,21546.52
7683.68,-135.46999999999935,21353.809
7683.69,-135.46000000000004,21594.717
7683.7,-135.44999999999982,21353.809
7683.71,-135.4399999999996,21401.973
7683.72,-135.42999999999938,21546.52
7683.73,-135.42000000000007,21401.973
7683.74,-135.40999999999985,21450.146
7683.75,-135.39999999999964,21594.717
7683.76,-135.38999999999942,21353.809
7683.77,-135.3799999999992,21642.924
7683.78,-135.3699999999999,21353.809
7683.79,-135.35999999999967,21691.139
7683.8,-135.34999999999945,21450.146
7683.81,-135.33999999999924,21305.65
7683.82,-135.32999999999993,21353.809
7683.83,-135.3199999999997,21594.717
7683.84,-135.3099999999995,21353.809
7683.85,-135.29999999999927,21450.146
7683.86,-135.28999999999996,21739.359
7683.87,-135.27999999999975,21450.146
7683.88,-135.26999999999953,21401.973
7683.89,-135.2599999999993,21353.809
7683.9,-135.25,21498.33
7683.91,-135.23999999999978,21353.809
7683.92,-135.22999999999956,21450.146
7683.93,-135.21999999999935,21642.924
7683.94,-135.21000000000004,21546.52
7683.95,-135.19999999999982,21642.924
7683.96,-135.1899999999996,21594.717
7683.97,-135.17999999999938,21594.717
7683.98,-135.17000000000007,21450.146
7683.99,-135.15999999999985,21498.33
7684.0,-135.14999999999964,21642.924
7684.01,-135.13999999999942,21450.146
7684.02,-135.1299999999992,21305.65
7684.03,-135.1199999999999,21546.52
7684.04,-135.10999999999967,21450.146
7684.05,-135.09999999999945,21594.717
7684.06,-135.08999999999924,21594.717
7684.07,-135.07999999999993,21546.52
7684.08,-135.0699999999997,21594.717
7684.09,-135.0599999999995,21450.146
7684.1,-135.04999999999927,21401.973
7684.11,-135.03999999999996,21498.33
7684.12,-135.02999999999975,21546.52
7684.13,-135.01999999999953,21546.52
7684.14,-135.0099999999993,21594.717
7684.15,-135.0,21594.717
7684.16,-134.98999999999978,21498.33
7684.17,-134.97999999999956,21546.52
7684.18,-134.96999999999935,21498.33
7684.19,-134.96000000000004,21594.717
7684.2,-134.94999999999982,21498.33
7684.21,-134.9399999999996,21594.717
7684.22,-134.92999999999938,21498.33
7684.23,-134.92000000000007,21450.146
7684.24,-134.90999999999985,21401.973
7684.25,-134.89999999999964,21498.33
7684.26,-134.88999999999942,21353.809
7684.27,-134.8799999999992,21401.973
7684.28,-134.8699999999999,21450.146
7684.29,-134.85999999999967,21594.717
7684.3,-134.84999999999945,21401.973
7684.31,-134.83999999999924,21450.146
7684.32,-134.82999999999993,21401.973
7684.33,-134.8199999999997,21353.809
7684.34,-134.8099999999995,21450.146
7684.35,-134.79999999999927,21498.33
7684.36,-134.78999999999996,21594.717
7684.37,-134.77999999999975,21498.33
7684.38,-134.76999999999953,21401.973
7684.39,-134.7599999999993,21401.973
7684.4,-134.75,21401.973
7684.41,-134.73999999999978,21450.146
7684.42,-134.72999999999956,21353.809
7684.43,-134.71999999999935,21450.146
7684.44,-134.71000000000004,21353.809
7684.45,-134.69999999999982,21594.717
7684.46,-134.6899999999996,21450.146
7684.47,-134.67999999999938,21594.717
7684.48,-134.67000000000007,21450.146
7684.49,-134.65999999999985,21594.717
7684.5,-134.64999999999964,21546.52
7684.51,-134.63999999999942,21401.973
7684.52,-134.6299999999992,21401.973
7684.53,-134.6199999999999,21498.33
7684.54,-134.60999999999967,21594.717
7684.55,-134.59999999999945,21546.52
7684.56,-134.58999999999924,21642.924
7684.57,-134.57999999999993,21450.146
7684.58,-134.5699999999997,21594.717
7684.59,-134.5599999999995,21594.717
7684.6,-134.54999999999927,21546.52
7684.61,-134.53999999999996,21642.924
7684.62,-134.52999999999975,21353.809
7684.63,-134.51999999999953,21498.33
7684.64,-134.5099999999993,21546.52
7684.65,-134.5,21594.717
7684.66,-134.48999999999978,21739.359
7684.67,-134.47999999999956,21691.139
7684.68,-134.46999999999935,21353.809
7684.69,-134.46000000000004,21401.973
7684.7,-134.44999999999982,21546.52
7684.71,-134.4399999999996,21209.359
7684.72,-134.42999999999938,21498.33
7684.73,-134.42000000000007,21594.717
7684.74,-134.40999999999985,21594.717
7684.75,-134.39999999999964,21642.924
7684.76,-134.38999999999942,21498.33
7684.77,-134.3799999999992,21401.973
7684.78,-134.3699999999999,21401.973
7684.79,-134.35999999999967,21353.809
7684.8,-134.34999999999945,21498.33
7684.81,-134.33999999999924,21498.33
7684.82,-134.32999999999993,21546.52
7684.83,-134.3199999999997,21546.52
7684.84,-134.3099999999995,21257.502
7684.85,-134.29999999999927,21450.146
7684.86,-134.28999999999996,21305.65
7684.87,-134.27999999999975,21546.52
7684.88,-134.26999999999953,21353.809
7684.89,-134.2599999999993,21353.809
7684.9,-134.25,21546.52
7684.91,-134.23999999999978,21401.973
7684.92,-134.22999999999956,21450.146
7684.93,-134.21999999999935,21353.809
7684.94,-134.21000000000004,21450.146
7684.95,-134.19999999999982,21642.924
7684.96,-134.1899999999996,21450.146
7684.97,-134.17999999999938,21401.973
7684.98,-134.17000000000007,21594.717
7684.99,-134.15999999999985,21353.809
7685.0,-134.14999999999964,21594.717
7685.01,-134.13999999999942,21450.146
7685.02,-134.1299999999992,21401.973
7685.03,-134.1199999999999,21305.65
7685.04,-134.10999999999967,21594.717
7685.05,-134.09999999999945,21546.52
7685.06,-134.08999999999924,21739.359
7685.07,-134.07999999999993,21498.33
7685.08,-134.0699999999997,21642.924
7685.09,-134.0599999999995,21594.717
7685.1,-134.04999999999927,21498.33
7685.11,-134.03999999999996,21642.924
7685.12,-134.02999999999975,21450.146
7685.13,-134.01999999999953,21305.65
7685.14,-134.0099999999993,21498.33
7685.15,-134.0,21642.924
7685.16,-133.98999999999978,21642.924
7685.17,-133.97999999999956,21594.717
7685.18,-133.96999999999935,21498.33
7685.19,-133.96000000000004,21401.973
7685.2,-133.94999999999982,21450.146
7685.21,-133.9399999999996,21450.146
7685.22,-133.92999999999938,21498.33
7685.23,-133.92000000000007,21498.33
7685.24,-133.90999999999985,21450.146
7685.25,-133.89999999999964,21546.52
7685.26,-133.88999999999942,21691.139
7685.27,-133.8799999999992,21498.33
7685.28,-133.8699999999999,21450.146
7685.29,-133.85999999999967,21401.973
7685.3,-133.84999999999945,21401.973
7685.31,-133.83999999999924,21450.146
7685.32,-133.82999999999993,21401.973
7685.33,-133.8199999999997,21546.52
7685.34,-133.8099999999995,21884.076
7685.35,-133.79999999999927,21498.33
7685.36,-133.78999999999996,21498.33
7685.37,-133.77999999999975,21594.717
7685.38,-133.76999999999953,21594.717
7685.39,-133.7599999999993,21450.146
7685.4,-133.75,21498.33
7685.41,-133.73999999999978,21498.33
7685.42,-133.72999999999956,21546.52
7685.43,-133.71999999999935,21450.146
7685.44,-133.71000000000004,21305.65
7685.45,-133.69999999999982,21787.59
7685.46,-133.6899999999996,21546.52
7685.47,-133.67999999999938,21546.52
7685.48,-133.67000000000007,21401.973
7685.49,-133.65999999999985,21401.973
7685.5,-133.64999999999964,21546.52
7685.51,-133.63999999999942,21546.52
7685.52,-133.6299999999992,21546.52
7685.53,-133.6199999999999,21546.52
7685.54,-133.60999999999967,21498.33
7685.55,-133.59999999999945,21546.52
7685.56,-133.58999999999924,21739.359
7685.57,-133.57999999999993,21546.52
7685.58,-133.5699999999997,21546.52
7685.59,-133.5599999999995,21450.146
7685.6,-133.54999999999927,21546.52
7685.61,-133.53999999999996,21353.809
7685.62,-133.52999999999975,21546.52
7685.63,-133.51999999999953,21450.146
7685.64,-133.5099999999993,21401.973
7685.65,-133.5,21498.33
7685.66,-133.48999999999978,21594.717
7685.67,-133.47999999999956,21498.33
7685.68,-133.46999999999935,21450.146
7685.69,-133.46000000000004,21450.146
7685.7,-133.44999999999982,21642.924
7685.71,-133.4399999999996,21498.33
7685.72,-133.42999999999938,21498.33
7685.73,-133.42000000000007,21450.146
7685.74,-133.40999999999985,21450.146
7685.75,-133.39999999999964,21353.809
7685.76,-133.38999999999942,21642.924
7685.77,-133.3799999999992,21401.973
7685.78,-133.3699999999999,21594.717
7685.79,-133.35999999999967,21642.924
7685.8,-133.34999999999945,21450.146
7685.81,-133.33999999999924,21546.52
7685.82,-133.32999999999993,21353.809
7685.83,-133.3199999999997,21401.973
7685.84,-133.3099999999995,21594.717
7685.85,-133.29999999999927,21498.33
7685.86,-133.28999999999996,21691.139
7685.87,-133.27999999999975,21642.924
7685.88,-133.26999999999953,21546.52
7685.89,-133.2599999999993,21305.65
7685.9,-133.25,21450.146
7685.91,-133.23999999999978,21546.52
7685.92,-133.22999999999956,21353.809
7685.93,-133.21999999999935,21498.33
7685.94,-133.21000000000004,21353.809
7685.95,-133.19999999999982,21305.65
7685.96,-133.1899999999996,21353.809
7685.97,-133.17999999999938,21594.717
7685.98,-133.17000000000007,21691.139
7685.99,-133.15999999999985,21546.52
7686.0,-133.14999999999964,21498.33
7686.01,-133.13999999999942,21498.33
7686.02,-133.1299999999992,21594.717
7686.03,-133.1199999999999,21546.52
7686.04,-133.10999999999967,21594.717
7686.05,-133.09999999999945,21401.973
7686.06,-133.08999999999924,21546.52
7686.07,-133.07999999999993,21450.146
7686.08,-133.0699999999997,21498.33
7686.09,-133.0599999999995,21691.139
7686.1,-133.04999999999927,21305.65
7686.11,-133.03999999999996,21691.139
7686.12,-133.02999999999975,21594.717
7686.13,-133.01999999999953,21546.52
7686.14,-133.0099999999993,21594.717
7686.15,-133.0,21691.139
7686.16,-132.98999999999978,21353.809
7686.17,-132.97999999999956,21498.33
7686.18,-132.96999999999935,21594.717
7686.19,-132.96000000000004,21450.146
7686.2,-132.94999999999982,21594.717
7686.21,-132.9399999999996,21594.717
7686.22,-132.92999999999938,21498.33
7686.23,-132.92000000000007,21401.973
7686.24,-132.90999999999985,21546.52
7686.25,-132.89999999999964,21353.809
7686.26,-132.88999999999942,21498.33
7686.27,-132.8799999999992,21401.973
7686.28,-132.8699999999999,21498.33
7686.29,-132.85999999999967,21257.502
7686.3,-132.84999999999945,21209.359
7686.31,-132.83999999999924,21594.717
7686.32,-132.82999999999993,21353.809
7686.33,-132.8199999999997,21401.973
7686.34,-132.8099999999995,21353.809
7686.35,-132.79999999999927,21257.502
7686.36,-132.78999999999996,21498.33
7686.37,-132.77999999999975,21498.33
7686.38,-132.76999999999953,21642.924
7686.39,-132.7599999999993,21498.33
7686.4,-132.75,21401.973
7686.41,-132.73999999999978,21498.33
7686.42,-132.72999999999956,21353.809
7686.43,-132.71999999999935,21498.33
7686.44,-132.71000000000004,21642.924
7686.45,-132.69999999999982,21546.52
7686.46,-132.6899999999996,21594.717
7686.47,-132.67999999999938,21401.973
7686.48,-132.67000000000007,21450.146
7686.49,-132.65999999999985,21305.65
7686.5,-132.64999999999964,21401.973
7686.51,-132.63999999999942,21498.33
7686.52,-132.6299999999992,21498.33
7686.53,-132.6199999999999,21594.717
7686.54,-132.60999999999967,21594.717
7686.55,-132.59999999999945,21546.52
7686.56,-132.58999999999924,21546.52
7686.57,-132.57999999999993,21594.717
7686.58,-132.5699999999997,21546.52
7686.59,-132.5599999999995,21691.139
7686.6,-132.54999999999927,21594.717
7686.61,-132.53999999999996,21450.146
7686.62,-132.52999999999975,21642.924
7686.63,-132.51999999999953,21450.146
7686.64,-132.5099999999993,21401.973
7686.65,-132.5,21498.33
7686.66,-132.48999999999978,21546.52
7686.67,-132.47999999999956,21642.924
7686.68,-132.46999999999935,21546.52
7686.69,-132.46000000000004,21498.33
7686.7,-132.44999999999982,21450.146
7686.71,-132.4399999999996,21594.717
7686.72,-132.42999999999938,21450.146
7686.73,-132.42000000000007,21353.809
7686.74,-132.40999999999985,21450.146
7686.75,-132.39999999999964,21498.33
7686.76,-132.38999999999942,21305.65
7686.77,-132.3799999999992,21353.809
7686.78,-132.3699999999999,21498.33
7686.79,-132.35999999999967,21546.52
7686.8,-132.34999999999945,21401.973
7686.81,-132.33999999999924,21546.52
7686.82,-132.32999999999993,21498.33
7686.83,-132.3199999999997,21353.809
7686.84,-132.3099999999995,21594.717
7686.85,-132.29999999999927,21739.359
7686.86,-132.28999999999996,21594.717
7686.87,-132.27999999999975,21353.809
7686.88,-132.26999999999953,21450.146
7686.89,-132.2599999999993,21498.33
7686.9,-132.25,21498.33
7686.91,-132.23999999999978,21546.52
7686.92,-132.22999999999956,21450.146
7686.93,-132.21999999999935,21594.717
7686.94,-132.21000000000004,21642.924
7686.95,-132.19999999999982,21594.717
7686.96,-132.1899999999996,21594.717
7686.97,-132.17999999999938,21594.717
7686.98,-132.17000000000007,21546.52
7686.99,-132.15999999999985,21401.973
7687.0,-132.14999999999964,21594.717
7687.01,-132.13999999999942,21498.33
7687.02,-132.1299999999992,21450.146
7687.03,-132.1199999999999,21546.52
7687.04,-132.10999999999967,21594.717
7687.05,-132.09999999999945,21401.973
7687.06,-132.08999999999924,21546.52
7687.07,-132.07999999999993,21401.973
7687.08,-132.0699999999997,21353.809
7687.09,-132.0599999999995,21257.502
7687.1,-132.04999999999927,21498.33
7687.11,-132.03999999999996,21450.146
7687.12,-132.02999999999975,21546.52
7687.13,-132.01999999999953,21642.924
7687.14,-132.0099999999993,21401.973
7687.15,-132.0,21450.146
7687.16,-131.98999999999978,21353.809
7687.17,-131.97999999999956,21401.973
7687.18,-131.96999999999935,21642.924
7687.19,-131.96000000000004,21642.924
7687.2,-131.94999999999982,21450.146
7687.21,-131.9399999999996,21257.502
7687.22,-131.92999999999938,21498.33
7687.23,-131.92000000000007,21498.33
7687.24,-131.90999999999985,21498.33
7687.25,-131.89999999999964,21594.717
7687.26,-131.88999999999942,21546.52
7687.27,-131.8799999999992,21353.809
7687.28,-131.8699999999999,21642.924
7687.29,-131.85999999999967,21546.52
7687.3,-131.84999999999945,21594.717
7687.31,-131.83999999999924,21450.146
7687.32,-131.82999999999993,21691.139
7687.33,-131.8199999999997,21642.924
7687.34,-131.8099999999995,21498.33
7687.35,-131.79999999999927,21498.33
7687.36,-131.78999999999996,21594.717
7687.37,-131.77999999999975,21642.924
7687.38,-131.76999999999953,21401.973
7687.39,-131.7599999999993,21305.65
7687.4,-131.75,21353.809
7687.41,-131.73999999999978,21642.924
7687.42,-131.72999999999956,21594.717
7687.43,-131.71999999999935,21642.924
7687.44,-131.71000000000004,21691.139
7687.45,-131.69999999999982,21787.59
7687.46,-131.6899999999996,21353.809
7687.47,-131.67999999999938,21546.52
7687.48,-131.67000000000007,21401.973
7687.49,-131.65999999999985,21353.809
7687.5,-131.64999999999964,21353.809
7687.51,-131.63999999999942,21353.809
7687.52,-131.6299999999992,21498.33
7687.53,-131.6199999999999,21498.33
7687.54,-131.60999999999967,21401.973
7687.55,-131.59999999999945,21691.139
7687.56,-131.58999999999924,21450.146
7687.57,-131.57999999999993,21691.139
7687.58,-131.5699999999997,21450.146
7687.59,-131.5599999999995,21594.717
7687.6,-131.54999999999927,21450.146
7687.61,-131.53999999999996,21498.33
7687.62,-131.52999999999975,21594.717
7687.63,-131.51999999999953,21546.52
7687.64,-131.5099999999993,21498.33
7687.65,-131.5,21546.52
7687.66,-131.48999999999978,21642.924
7687.67,-131.47999999999956,21450.146
7687.68,-131.46999999999935,21498.33
7687.69,-131.46000000000004,21594.717
7687.7,-131.44999999999982,21691.139
7687.71,-131.4399999999996,21498.33
7687.72,-131.42999999999938,21594.717
7687.73,-131.42000000000007,21546.52
7687.74,-131.40999999999985,21546.52
7687.75,-131.39999999999964,21546.52
7687.76,-131.38999999999942,21401.973
7687.77,-131.3799999999992,21257.502
7687.78,-131.3699999999999,21546.52
7687.79,-131.35999999999967,21450.146
7687.8,-131.34999999999945,21594.717
7687.81,-131.33999999999924,21642.924
7687.82,-131.32999999999993,21594.717
7687.83,-131.3199999999997,21642.924
7687.84,-131.3099999999995,21498.33
7687.85,-131.29999999999927,21401.973
7687.86,-131.28999999999996,21546.52
7687.87,-131.27999999999975,21691.139
7687.88,-131.26999999999953,21546.52
7687.89,-131.2599999999993,21353.809
7687.9,-131.25,21498.33
7687.91,-131.23999999999978,21642.924
7687.92,-131.22999999999956,21498.33
7687.93,-131.21999999999935,21546.52
7687.94,-131.21000000000004,21353.809
7687.95,-131.19999999999982,21594.717
7687.96,-131.1899999999996,21498.33
7687.97,-131.17999999999938,21691.139
7687.98,-131.17000000000007,21642.924
7687.99,-131.15999999999985,21691.139
7688.0,-131.14999999999964,21594.717
7688.01,-131.13999999999942,21594.717
7688.02,-131.1299999999992,21546.52
7688.03,-131.1199999999999,21546.52
7688.04,-131.10999999999967,21739.359
7688.05,-131.09999999999945,21498.33
7688.06,-131.08999999999924,21642.924
7688.07,-131.07999999999993,21594.717
7688.08,-131.0699999999997,21401.973
7688.09,-131.0599999999995,21305.65
7688.1,-131.04999999999927,21450.146
7688.11,-131.03999999999996,21594.717
7688.12,-131.02999999999975,21546.52
7688.13,-131.01999999999953,21594.717
7688.14,-131.0099999999993,21401.973
7688.15,-131.0,21642.924
7688.16,-130.98999999999978,21498.33
7688.17,-130.97999999999956,21642.924
7688.18,-130.96999999999935,21353.809
7688.19,-130.96000000000004,21498.33
7688.2,-130.94999999999982,21546.52
7688.21,-130.9399999999996,21401.973
7688.22,-130.92999999999938,21257.502
7688.23,-130.92000000000007,21546.52
7688.24,-130.90999999999985,21498.33
7688.25,-130.89999999999964,21546.52
7688.26,-130.88999999999942,21546.52
7688.27,-130.8799999999992,21498.33
7688.28,-130.8699999999999,21642.924
7688.29,-130.85999999999967,21401.973
7688.3,-130.84999999999945,21450.146
7688.31,-130.83999999999924,21546.52
7688.32,-130.82999999999993,21594.717
7688.33,-130.8199999999997,21642.924
7688.34,-130.8099999999995,21594.717
7688.35,-130.79999999999927,21450.146
7688.36,-130.78999999999996,21498.33
7688.37,-130.77999999999975,21691.139
7688.38,-130.76999999999953,21353.809
7688.39,-130.7599999999993,21498.33
7688.4,-130.75,21642.924
7688.41,-130.73999999999978,21594.717
7688.42,-130.72999999999956,21691.139
7688.43,-130.71999999999935,21691.139
7688.44,-130.71000000000004,21594.717
7688.45,-130.69999999999982,21546.52
7688.46,-130.6899999999996,21546.52
7688.47,-130.67999999999938,21594.717
7688.48,-130.67000000000007,21642.924
7688.49,-130.65999999999985,21498.33
7688.5,-130.64999999999964,21546.52
7688.51,-130.63999999999942,21450.146
7688.52,-130.6299999999992,21546.52
7688.53,-130.6199999999999,21691.139
7688.54,-130.60999999999967,21691.139
7688.55,-130.59999999999945,21546.52
7688.56,-130.58999999999924,21691.139
7688.57,-130.57999999999993,21642.924
7688.58,-130.5699999999997,21691.139
7688.59,-130.5599999999995,21498.33
7688.6,-130.54999999999927,21594.717
7688.61,-130.53999999999996,21642.924
7688.62,-130.52999999999975,21691.139
7688.63,-130.51999999999953,21257.502
7688.64,-130.5099999999993,21353.809
7688.65,-130.5,21353.809
7688.66,-130.48999999999978,21594.717
7688.67,-130.47999999999956,21787.59
7688.68,-130.46999999999935,22802.309
7688.69,-130.46000000000004,23335.258
7688.7,-130.44999999999982,23529.301
7688.71,-130.4399999999996,23674.92
7688.72,-130.42999999999938,23869.189
7688.73,-130.42000000000007,23480.779
7688.74,-130.40999999999985,23869.189
7688.75,-130.39999999999964,23577.832
7688.76,-130.38999999999942,23917.777
7688.77,-130.3799999999992,23480.779
7688.78,-130.3699999999999,23723.475
7688.79,-130.35999999999967,23674.92
7688.8,-130.34999999999945,23674.92
7688.81,-130.33999999999924,23723.475
7688.82,-130.32999999999993,23674.92
7688.83,-130.3199999999997,23723.475
7688.84,-130.3099999999995,23772.039
7688.85,-130.29999999999927,23674.92
7688.86,-130.28999999999996,23772.039
7688.87,-130.27999999999975,23966.375
7688.88,-130.26999999999953,24112.211
7688.89,-130.2599999999993,23820.611
7688.9,-130.25,23869.189
7688.91,-130.23999999999978,23772.039
7688.92,-130.22999999999956,23674.92
7688.93,-130.21999999999935,23626.373
7688.94,-130.21000000000004,23772.039
7688.95,-130.19999999999982,23626.373
7688.96,-130.1899999999996,23529.301
7688.97,-130.17999999999938,23480.779
7688.98,-130.17000000000007,23626.373
7688.99,-130.15999999999985,23577.832
7689.0,-130.14999999999964,23674.92
7689.01,-130.13999999999942,23626.373
7689.02,-130.1299999999992,23869.189
7689.03,-130.1199999999999,23917.777
7689.04,-130.10999999999967,23917.777
7689.05,-130.09999999999945,23529.301
7689.06,-130.08999999999924,23772.039
7689.07,-130.07999999999993,23772.039
7689.08,-130.0699999999997,23869.189
7689.09,-130.0599999999995,23626.373
7689.1,-130.04999999999927,23674.92
7689.11,-130.03999999999996,23674.92
7689.12,-130.02999999999975,23480.779
7689.13,-130.01999999999953,23577.832
7689.14,-130.0099999999993,23723.475
7689.15,-130.0,23674.92
7689.16,-129.98999999999978,23820.611
7689.17,-129.97999999999956,23577.832
7689.18,-129.96999999999935,23820.611
7689.19,-129.96000000000004,23820.611
7689.2,-129.94999999999982,23820.611
7689.21,-129.9399999999996,23917.777
7689.22,-129.92999999999938,23772.039
7689.23,-129.92000000000007,23820.611
7689.24,-129.90999999999985,23723.475
7689.25,-129.89999999999964,23626.373
7689.26,-129.88999999999942,23674.92
7689.27,-129.8799999999992,23674.92
7689.28,-129.8699999999999,23772.039
7689.29,-129.85999999999967,23723.475
7689.3,-129.84999999999945,23723.475
7689.31,-129.83999999999924,23723.475
7689.32,-129.82999999999993,23577.832
7689.33,-129.8199999999997,23869.189
7689.34,-129.8099999999995,23820.611
7689.35,-129.79999999999927,23772.039
7689.36,-129.78999999999996,23820.611
7689.37,-129.77999999999975,23917.777
7689.38,-129.76999999999953,23674.92
7689.39,-129.7599999999993,23869.189
7689.4,-129.75,23869.189
7689.41,-129.73999999999978,23772.039
7689.42,-129.72999999999956,23820.611
7689.43,-129.71999999999935,23529.301
7689.44,-129.71000000000004,23820.611
7689.45,-129.69999999999982,23723.475
7689.46,-129.6899999999996,23674.92
7689.47,-129.67999999999938,23674.92
7689.48,-129.67000000000007,23674.92
7689.49,-129.65999999999985,23820.611
7689.5,-129.64999999999964,23723.475
7689.51,-129.63999999999942,23820.611
7689.52,-129.6299999999992,24501.469
7689.53,-129.6199999999999,24988.77
7689.54,-129.60999999999967,24988.77
7689.55,-129.59999999999945,24891.244
7689.56,-129.58999999999924,24891.244
7689.57,-129.57999999999993,24891.244
7689.58,-129.5699999999997,24745.018
7689.59,-129.5599999999995,24598.863
7689.6,-129.54999999999927,23044.438
7689.61,-129.53999999999996,22077.145
7689.62,-129.52999999999975,21739.359
7689.63,-129.51999999999953,21594.717
7689.64,-129.5099999999993,21498.33
7689.65,-129.5,21739.359
7689.66,-129.48999999999978,21642.924
7689.67,-129.47999999999956,21691.139
7689.68,-129.46999999999935,21450.146
7689.69,-129.46000000000004,21546.52
7689.7,-129.44999999999982,21450.146
7689.71,-129.4399999999996,21642.924
7689.72,-129.42999999999938,21546.52
7689.73,-129.42000000000007,21546.52
7689.74,-129.40999999999985,21787.59
7689.75,-129.39999999999964,21642.924
7689.76,-129.38999999999942,21787.59
7689.77,-129.3799999999992,21691.139
7689.78,-129.3699999999999,21546.52
7689.79,-129.35999999999967,21691.139
7689.8,-129.34999999999945,21594.717
7689.81,-129.33999999999924,21594.717
7689.82,-129.32999999999993,21691.139
7689.83,-129.3199999999997,21642.924
7689.84,-129.3099999999995,21498.33
7689.85,-129.29999999999927,21642.924
7689.86,-129.28999999999996,21787.59
7689.87,-129.27999999999975,21884.076
7689.88,-129.26999999999953,21739.359
7689.89,-129.2599999999993,21450.146
7689.9,-129.25,21353.809
7689.91,-129.23999999999978,21546.52
7689.92,-129.22999999999956,21594.717
7689.93,-129.21999999999935,21353.809
7689.94,-129.21000000000004,21787.59
7689.95,-129.19999999999982,21739.359
7689.96,-129.1899999999996,21642.924
7689.97,-129.17999999999938,21546.52
7689.98,-129.17000000000007,21546.52
7689.99,-129.15999999999985,21691.139
7690.0,-129.14999999999964,21546.52
7690.01,-129.13999999999942,21691.139
7690.02,-129.1299999999992,21450.146
7690.03,-129.1199999999999,21642.924
7690.04,-129.10999999999967,21498.33
7690.05,-129.09999999999945,21739.359
7690.06,-129.08999999999924,21498.33
7690.07,-129.07999999999993,21691.139
7690.08,-129.0699999999997,21884.076
7690.09,-129.0599999999995,21691.139
7690.1,-129.04999999999927,21546.52
7690.11,-129.03999999999996,21642.924
7690.12,-129.02999999999975,21594.717
7690.13,-129.01999999999953,21546.52
7690.14,-129.0099999999993,21691.139
7690.15,-129.0,21787.59
7690.16,-128.98999999999978,21691.139
7690.17,-128.97999999999956,21787.59
7690.18,-128.96999999999935,21546.52
7690.19,-128.96000000000004,21498.33
7690.2,-128.94999999999982,21642.924
7690.21,-128.9399999999996,21787.59
7690.22,-128.92999999999938,21498.33
7690.23,-128.92000000000007,21739.359
7690.24,-128.90999999999985,21594.717
7690.25,-128.89999999999964,21739.359
7690.26,-128.88999999999942,21642.924
7690.27,-128.8799999999992,21546.52
7690.28,-128.8699999999999,21594.717
7690.29,-128.85999999999967,21498.33
7690.3,-128.84999999999945,21594.717
7690.31,-128.83999999999924,21594.717
7690.32,-128.82999999999993,21450.146
7690.33,-128.8199999999997,21546.52
7690.34,-128.8099999999995,21642.924
7690.35,-128.79999999999927,21450.146
7690.36,-128.78999999999996,21546.52
7690.37,-128.77999999999975,21739.359
7690.38,-128.76999999999953,21642.924
7690.39,-128.7599999999993,21642.924
7690.4,-128.75,21594.717
7690.41,-128.73999999999978,21546.52
7690.42,-128.72999999999956,21498.33
7690.43,-128.71999999999935,21498.33
7690.44,-128.71000000000004,21594.717
7690.45,-128.69999999999982,21642.924
7690.46,-128.6899999999996,21739.359
7690.47,-128.67999999999938,21546.52
7690.48,-128.67000000000007,21642.924
7690.49,-128.65999999999985,21594.717
7690.5,-128.64999999999964,21450.146
7690.51,-128.63999999999942,21450.146
7690.52,-128.6299999999992,21642.924
7690.53,-128.6199999999999,21401.973
7690.54,-128.60999999999967,21498.33
7690.55,-128.59999999999945,21450.146
7690.56,-128.58999999999924,21691.139
7690.57,-128.57999999999993,21546.52
7690.58,-128.5699999999997,21691.139
7690.59,-128.5599999999995,21546.52
7690.6,-128.54999999999927,21546.52
7690.61,-128.53999999999996,21594.717
7690.62,-128.52999999999975,21546.52
7690.63,-128.51999999999953,21594.717
7690.64,-128.5099999999993,21450.146
7690.65,-128.5,21498.33
7690.66,-128.48999999999978,21642.924
7690.67,-128.47999999999956,21594.717
7690.68,-128.46999999999935,21353.809
7690.69,-128.46000000000004,21401.973
7690.7,-128.44999999999982,21450.146
7690.71,-128.4399999999996,21691.139
7690.72,-128.42999999999938,21594.717
7690.73,-128.42000000000007,21546.52
7690.74,-128.40999999999985,21546.52
7690.75,-128.39999999999964,21594.717
7690.76,-128.38999999999942,21450.146
7690.77,-128.3799999999992,21498.33
7690.78,-128.3699999999999,21546.52
7690.79,-128.35999999999967,21546.52
7690.8,-128.34999999999945,21305.65
7690.81,-128.33999999999924,21498.33
7690.82,-128.32999999999993,21691.139
7690.83,-128.3199999999997,21642.924
7690.84,-128.3099999999995,21642.924
7690.85,-128.29999999999927,21594.717
7690.86,-128.28999999999996,21450.146
7690.87,-128.27999999999975,21498.33
7690.88,-128.26999999999953,21546.52
7690.89,-128.2599999999993,21546.52
7690.9,-128.25,21353.809
7690.91,-128.23999999999978,21353.809
7690.92,-128.22999999999956,21498.33
7690.93,-128.21999999999935,21353.809
7690.94,-128.21000000000004,21498.33
7690.95,-128.19999999999982,21691.139
7690.96,-128.1899999999996,21691.139
7690.97,-128.17999999999938,21594.717
7690.98,-128.17000000000007,21642.924
7690.99,-128.15999999999985,21787.59
7691.0,-128.14999999999964,21691.139
7691.01,-128.13999999999942,21594.717
7691.02,-128.1299999999992,21498.33
7691.03,-128.1199999999999,21594.717
7691.04,-128.10999999999967,21546.52
7691.05,-128.09999999999945,21401.973
7691.06,-128.08999999999924,21739.359
7691.07,-128.07999999999993,21691.139
7691.08,-128.0699999999997,21691.139
7691.09,-128.0599999999995,21642.924
7691.1,-128.04999999999927,21401.973
7691.11,-128.03999999999996,21450.146
7691.12,-128.02999999999975,21642.924
7691.13,-128.01999999999953,21642.924
7691.14,-128.0099999999993,21546.52
7691.15,-128.0,21691.139
7691.16,-127.98999999999978,21691.139
7691.17,-127.97999999999956,21642.924
7691.18,-127.96999999999935,21498.33
7691.19,-127.96000000000004,21353.809
7691.2,-127.94999999999982,21546.52
7691.21,-127.9399999999996,21594.717
7691.22,-127.92999999999938,21353.809
7691.23,-127.92000000000007,21594.717
7691.24,-127.90999999999985,21594.717
7691.25,-127.89999999999964,21498.33
7691.26,-127.88999999999942,21498.33
7691.27,-127.8799999999992,21594.717
7691.28,-127.86999999999989,21401.973
7691.29,-127.85999999999967,21691.139
7691.3,-127.84999999999945,21498.33
7691.31,-127.83999999999924,21594.717
7691.32,-127.82999999999993,21498.33
7691.33,-127.81999999999971,21546.52
7691.34,-127.80999999999949,21498.33
7691.35,-127.79999999999927,21546.52
7691.36,-127.78999999999996,21594.717
7691.37,-127.77999999999975,21546.52
7691.38,-127.76999999999953,21594.717
7691.39,-127.75999999999931,21546.52
7691.4,-127.75,21594.717
7691.41,-127.73999999999978,21546.52
7691.42,-127.72999999999956,21594.717
7691.43,-127.71999999999935,21450.146
7691.44,-127.71000000000004,21450.146
7691.45,-127.69999999999982,21691.139
7691.46,-127.6899999999996,21450.146
7691.47,-127.67999999999938,21353.809
7691.48,-127.67000000000007,21691.139
7691.49,-127.65999999999985,21642.924
7691.5,-127.64999999999964,21691.139
7691.51,-127.63999999999942,21787.59
7691.52,-127.6299999999992,21546.52
7691.53,-127.61999999999989,21594.717
7691.54,-127.60999999999967,21594.717
7691.55,-127.59999999999945,21642.924
7691.56,-127.58999999999924,21594.717
7691.57,-127.57999999999993,21546.52
7691.58,-127.56999999999971,21546.52
7691.59,-127.55999999999949,21546.52
7691.6,-127.54999999999927,21450.146
7691.61,-127.53999999999996,21594.717
7691.62,-127.52999999999975,21546.52
7691.63,-127.51999999999953,21353.809
7691.64,-127.50999999999931,21691.139
7691.65,-127.5,21691.139
7691.66,-127.48999999999978,21546.52
7691.67,-127.47999999999956,21450.146
7691.68,-127.46999999999935,21546.52
7691.69,-127.46000000000004,21546.52
7691.7,-127.44999999999982,21642.924
7691.71,-127.4399999999996,21498.33
7691.72,-127.42999999999938,21546.52
7691.73,-127.42000000000007,21546.52
7691.74,-127.40999999999985,21642.924
7691.75,-127.39999999999964,21691.139
7691.76,-127.38999999999942,21498.33
7691.77,-127.3799999999992,21450.146
7691.78,-127.36999999999989,21691.139
7691.79,-127.35999999999967,21594.717
7691.8,-127.34999999999945,21594.717
7691.81,-127.33999999999924,21594.717
7691.82,-127.32999999999993,21546.52
7691.83,-127.31999999999971,21546.52
7691.84,-127.30999999999949,21546.52
7691.85,-127.29999999999927,21546.52
7691.86,-127.28999999999996,21546.52
7691.87,-127.27999999999975,21401.973
7691.88,-127.26999999999953,21642.924
7691.89,-127.25999999999931,21642.924
7691.9,-127.25,21594.717
7691.91,-127.23999999999978,21546.52
7691.92,-127.22999999999956,21353.809
7691.93,-127.21999999999935,21594.717
7691.94,-127.21000000000004,21594.717
7691.95,-127.19999999999982,21498.33
7691.96,-127.1899999999996,21401.973
7691.97,-127.17999999999938,21450.146
7691.98,-127.17000000000007,21594.717
7691.99,-127.15999999999985,21594.717
7692.0,-127.14999999999964,21642.924
7692.01,-127.13999999999942,21498.33
7692.02,-127.1299999999992,21739.359
7692.03,-127.11999999999989,21498.33
7692.04,-127.10999999999967,21450.146
7692.05,-127.09999999999945,21450.146
7692.06,-127.08999999999924,21594.717
7692.07,-127.07999999999993,21498.33
7692.08,-127.06999999999971,21594.717
7692.09,-127.05999999999949,21594.717
7692.1,-127.04999999999927,21353.809
7692.11,-127.03999999999996,21642.924
7692.12,-127.02999999999975,21498.33
7692.13,-127.01999999999953,21691.139
7692.14,-127.00999999999931,21884.076
7692.15,-127.0,21401.973
7692.16,-126.98999999999978,21642.924
7692.17,-126.97999999999956,21594.717
7692.18,-126.96999999999935,21594.717
7692.19,-126.96000000000004,21546.52
7692.2,-126.94999999999982,21498.33
7692.21,-126.9399999999996,21594.717
7692.22,-126.92999999999938,21546.52
7692.23,-126.92000000000007,21498.33
7692.24,-126.90999999999985,21546.52
7692.25,-126.89999999999964,21546.52
7692.26,-126.88999999999942,21787.59
7692.27,-126.8799999999992,21353.809
7692.28,-126.86999999999989,21546.52
7692.29,-126.85999999999967,21642.924
7692.3,-126.84999999999945,21401.973
7692.31,-126.83999999999924,21546.52
7692.32,-126.82999999999993,21691.139
7692.33,-126.81999999999971,21594.717
7692.34,-126.80999999999949,21450.146
7692.35,-126.79999999999927,21401.973
7692.36,-126.78999999999996,21594.717
7692.37,-126.77999999999975,21546.52
7692.38,-126.76999999999953,21642.924
7692.39,-126.75999999999931,21642.924
7692.4,-126.75,21691.139
7692.41,-126.73999999999978,21642.924
7692.42,-126.72999999999956,21594.717
7692.43,-126.71999999999935,21498.33
7692.44,-126.71000000000004,21498.33
7692.45,-126.69999999999982,21691.139
7692.46,-126.6899999999996,21691.139
7692.47,-126.67999999999938,21450.146
7692.48,-126.67000000000007,21691.139
7692.49,-126.65999999999985,21594.717
7692.5,-126.64999999999964,21450.146
7692.51,-126.63999999999942,21498.33
7692.52,-126.6299999999992,21546.52
7692.53,-126.61999999999989,21691.139
7692.54,-126.60999999999967,21642.924
7692.55,-126.59999999999945,21594.717
7692.56,-126.58999999999924,21546.52
7692.57,-126.57999999999993,21450.146
7692.58,-126.56999999999971,21787.59
7692.59,-126.55999999999949,21691.139
7692.6,-126.54999999999927,21546.52
7692.61,-126.53999999999996,21450.146
7692.62,-126.52999999999975,21594.717
7692.63,-126.51999999999953,21594.717
7692.64,-126.50999999999931,21546.52
7692.65,-126.5,21401.973
7692.66,-126.48999999999978,21594.717
7692.67,-126.47999999999956,21353.809
7692.68,-126.46999999999935,21691.139
7692.69,-126.46000000000004,21642.924
7692.7,-126.44999999999982,21498.33
7692.71,-126.4399999999996,21450.146
7692.72,-126.42999999999938,21594.717
7692.73,-126.42000000000007,21546.52
7692.74,-126.40999999999985,21401.973
7692.75,-126.39999999999964,21546.52
7692.76,-126.38999999999942,21498.33
7692.77,-126.3799999999992,21546.52
7692.78,-126.36999999999989,21353.809
7692.79,-126.35999999999967,21546.52
7692.8,-126.34999999999945,21305.65
7692.81,-126.33999999999924,21691.139
7692.82,-126.32999999999993,21546.52
7692.83,-126.31999999999971,21546.52
7692.84,-126.30999999999949,21546.52
7692.85,-126.29999999999927,21498.33
7692.86,-126.28999999999996,21546.52
7692.87,-126.27999999999975,21546.52
7692.88,-126.26999999999953,21642.924
7692.89,-126.25999999999931,21450.146
7692.9,-126.25,21691.139
7692.91,-126.23999999999978,21691.139
7692.92,-126.22999999999956,21546.52
7692.93,-126.21999999999935,21401.973
7692.94,-126.21000000000004,21498.33
7692.95,-126.19999999999982,21546.52
7692.96,-126.1899999999996,21594.717
7692.97,-126.17999999999938,21498.33
7692.98,-126.17000000000007,21642.924
7692.99,-126.15999999999985,21546.52
7693.0,-126.14999999999964,21450.146
7693.01,-126.13999999999942,21642.924
7693.02,-126.1299999999992,21642.924
7693.03,-126.11999999999989,21498.33
7693.04,-126.10999999999967,21450.146
7693.05,-126.09999999999945,21498.33
7693.06,-126.08999999999924,21401.973
7693.07,-126.07999999999993,21546.52
7693.08,-126.06999999999971,21546.52
7693.09,-126.05999999999949,21546.52
7693.1,-126.04999999999927,21498.33
7693.11,-126.03999999999996,21546.52
7693.12,-126.02999999999975,21353.809
7693.13,-126.01999999999953,21450.146
7693.14,-126.00999999999931,21594.717
7693.15,-126.0,21546.52
7693.16,-125.98999999999978,21642.924
7693.17,-125.97999999999956,21642.924
7693.18,-125.96999999999935,21498.33
7693.19,-125.96000000000004,21691.139
7693.2,-125.94999999999982,21642.924
7693.21,-125.9399999999996,21546.52
7693.22,-125.92999999999938,21401.973
7693.23,-125.92000000000007,21739.359
7693.24,-125.90999999999985,21594.717
7693.25,-125.89999999999964,21594.717
7693.26,-125.88999999999942,21546.52
7693.27,-125.8799999999992,21594.717
7693.28,-125.86999999999989,21642.924
7693.29,-125.85999999999967,21546.52
7693.3,-125.84999999999945,21401.973
7693.31,-125.83999999999924,21739.359
7693.32,-125.82999999999993,21546.52
7693.33,-125.81999999999971,21691.139
7693.34,-125.80999999999949,21642.924
7693.35,-125.79999999999927,21450.146
7693.36,-125.78999999999996,21594.717
7693.37,-125.77999999999975,21642.924
7693.38,-125.76999999999953,21546.52
7693.39,-125.75999999999931,21450.146
7693.4,-125.75,21401.973
7693.41,-125.73999999999978,21691.139
7693.42,-125.72999999999956,21353.809
7693.43,-125.71999999999935,21450.146
7693.44,-125.71000000000004,21498.33
7693.45,-125.69999999999982,21498.33
7693.46,-125.6899999999996,21401.973
7693.47,-125.67999999999938,21401.973
7693.48,-125.67000000000007,21498.33
7693.49,-125.65999999999985,21594.717
7693.5,-125.64999999999964,21642.924
7693.51,-125.63999999999942,21642.924
7693.52,-125.6299999999992,21739.359
7693.53,-125.61999999999989,21498.33
7693.54,-125.60999999999967,21691.139
7693.55,-125.59999999999945,21498.33
7693.56,-125.58999999999924,21642.924
7693.57,-125.57999999999993,21546.52
7693.58,-125.56999999999971,21642.924
7693.59,-125.55999999999949,21353.809
7693.6,-125.54999999999927,21546.52
7693.61,-125.53999999999996,21498.33
7693.62,-125.52999999999975,21787.59
7693.63,-125.51999999999953,21691.139
7693.64,-125.50999999999931,21739.359
7693.65,-125.5,21546.52
7693.66,-125.48999999999978,21546.52
7693.67,-125.47999999999956,21691.139
7693.68,-125.46999999999935,21546.52
7693.69,-125.46000000000004,21594.717
7693.7,-125.44999999999982,21594.717
7693.71,-125.4399999999996,21498.33
7693.72,-125.42999999999938,21642.924
7693.73,-125.42000000000007,21594.717
7693.74,-125.40999999999985,21594.717
7693.75,-125.39999999999964,21980.594
7693.76,-125.38999999999942,21450.146
7693.77,-125.3799999999992,21642.924
7693.78,-125.36999999999989,21739.359
7693.79,-125.35999999999967,21642.924
7693.8,-125.34999999999945,21594.717
7693.81,-125.33999999999924,21450.146
7693.82,-125.32999999999993,21594.717
7693.83,-125.31999999999971,21546.52
7693.84,-125.30999999999949,21691.139
7693.85,-125.29999999999927,21401.973
7693.86,-125.28999999999996,21594.717
7693.87,-125.27999999999975,21498.33
7693.88,-125.26999999999953,21546.52
7693.89,-125.25999999999931,21401.973
7693.9,-125.25,21353.809
7693.91,-125.23999999999978,21739.359
7693.92,-125.22999999999956,21353.809
7693.93,-125.21999999999935,21498.33
7693.94,-125.21000000000004,21401.973
7693.95,-125.19999999999982,21691.139
7693.96,-125.1899999999996,21594.717
7693.97,-125.17999999999938,21546.52
7693.98,-125.17000000000007,21546.52
7693.99,-125.15999999999985,21546.52
7694.0,-125.14999999999964,21546.52
7694.01,-125.13999999999942,21498.33
7694.02,-125.1299999999992,21546.52
7694.03,-125.11999999999989,21546.52
7694.04,-125.10999999999967,21642.924
7694.05,-125.09999999999945,21450.146
7694.06,-125.08999999999924,21642.924
7694.07,-125.07999999999993,21498.33
7694.08,-125.06999999999971,21594.717
7694.09,-125.05999999999949,21546.52
7694.1,-125.04999999999927,21787.59
7694.11,-125.03999999999996,21691.139
7694.12,-125.02999999999975,21594.717
7694.13,-125.01999999999953,21546.52
7694.14,-125.00999999999931,21691.139
7694.15,-125.0,21594.717
7694.16,-124.98999999999978,21642.924
7694.17,-124.97999999999956,21546.52
7694.18,-124.96999999999935,21594.717
7694.19,-124.96000000000004,21450.146
7694.2,-124.94999999999982,21594.717
7694.21,-124.9399999999996,21353.809
7694.22,-124.92999999999938,21498.33
7694.23,-124.92000000000007,21498.33
7694.24,-124.90999999999985,21594.717
7694.25,-124.89999999999964,21594.717
7694.26,-124.88999999999942,21546.52
7694.27,-124.8799999999992,21594.717
7694.28,-124.86999999999989,21353.809
7694.29,-124.85999999999967,21691.139
7694.3,-124.84999999999945,21594.717
7694.31,-124.83999999999924,21642.924
7694.32,-124.82999999999993,21498.33
7694.33,-124.81999999999971,21642.924
7694.34,-124.80999999999949,21594.717
7694.35,-124.79999999999927,21353.809
7694.36,-124.78999999999996,21401.973
7694.37,-124.77999999999975,21691.139
7694.38,-124.76999999999953,21498.33
7694.39,-124.75999999999931,21642.924
7694.4,-124.75,21546.52
7694.41,-124.73999999999978,21594.717
7694.42,-124.72999999999956,21450.146
7694.43,-124.71999999999935,21353.809
7694.44,-124.71000000000004,21546.52
7694.45,-124.69999999999982,21546.52
7694.46,-124.6899999999996,21594.717
7694.47,-124.67999999999938,21450.146
7694.48,-124.67000000000007,21642.924
7694.49,-124.65999999999985,21546.52
7694.5,-124.64999999999964,21835.83
7694.51,-124.63999999999942,21546.52
7694.52,-124.6299999999992,21546.52
7694.53,-124.61999999999989,21594.717
7694.54,-124.60999999999967,21835.83
7694.55,-124.59999999999945,21546.52
7694.56,-124.58999999999924,21546.52
7694.57,-124.57999999999993,21546.52
7694.58,-124.56999999999971,21642.924
7694.59,-124.55999999999949,21642.924
7694.6,-124.54999999999927,21546.52
7694.61,-124.53999999999996,21642.924
7694.62,-124.52999999999975,21594.717
7694.63,-124.51999999999953,21450.146
7694.64,-124.50999999999931,21450.146
7694.65,-124.5,21594.717
7694.66,-124.48999999999978,21450.146
7694.67,-124.47999999999956,21546.52
7694.68,-124.46999999999935,21353.809
7694.69,-124.46000000000004,21498.33
7694.7,-124.44999999999982,21546.52
7694.71,-124.4399999999996,21594.717
7694.72,-124.42999999999938,21498.33
7694.73,-124.42000000000007,21594.717
7694.74,-124.40999999999985,21546.52
7694.75,-124.39999999999964,21450.146
7694.76,-124.38999999999942,21498.33
7694.77,-124.3799999999992,21691.139
7694.78,-124.36999999999989,21594.717
7694.79,-124.35999999999967,21450.146
7694.8,-124.34999999999945,21546.52
7694.81,-124.33999999999924,21642.924
7694.82,-124.32999999999993,21691.139
7694.83,-124.31999999999971,21884.076
7694.84,-124.30999999999949,21594.717
7694.85,-124.29999999999927,21642.924
7694.86,-124.28999999999996,21546.52
7694.87,-124.27999999999975,21594.717
7694.88,-124.26999999999953,21353.809
7694.89,-124.25999999999931,21498.33
7694.9,-124.25,21353.809
7694.91,-124.23999999999978,21787.59
7694.92,-124.22999999999956,21546.52
7694.93,-124.21999999999935,21257.502
7694.94,-124.21000000000004,21642.924
7694.95,-124.19999999999982,21594.717
7694.96,-124.1899999999996,21498.33
7694.97,-124.17999999999938,21353.809
7694.98,-124.17000000000007,21594.717
7694.99,-124.15999999999985,21498.33
7695.0,-124.14999999999964,21546.52
7695.01,-124.13999999999942,21642.924
7695.02,-124.1299999999992,21450.146
7695.03,-124.11999999999989,21594.717
7695.04,-124.10999999999967,21691.139
7695.05,-124.09999999999945,21353.809
7695.06,-124.08999999999924,21787.59
7695.07,-124.07999999999993,21787.59
7695.08,-124.06999999999971,21642.924
7695.09,-124.05999999999949,21353.809
7695.1,-124.04999999999927,21594.717
7695.11,-124.03999999999996,21594.717
7695.12,-124.02999999999975,21642.924
7695.13,-124.01999999999953,21787.59
7695.14,-124.00999999999931,21739.359
7695.15,-124.0,21739.359
7695.16,-123.98999999999978,21787.59
7695.17,-123.97999999999956,21739.359
7695.18,-123.96999999999935,21594.717
7695.19,-123.96000000000004,21498.33
7695.2,-123.94999999999982,21594.717
7695.21,-123.9399999999996,21353.809
7695.22,-123.92999999999938,21546.52
7695.23,-123.92000000000007,21691.139
7695.24,-123.90999999999985,21546.52
7695.25,-123.89999999999964,21642.924
7695.26,-123.88999999999942,21546.52
7695.27,-123.8799999999992,21642.924
7695.28,-123.86999999999989,21594.717
7695.29,-123.85999999999967,21739.359
7695.3,-123.84999999999945,21450.146
7695.31,-123.83999999999924,21787.59
7695.32,-123.82999999999993,21546.52
7695.33,-123.81999999999971,21739.359
7695.34,-123.80999999999949,21642.924
7695.35,-123.79999999999927,21642.924
7695.36,-123.78999999999996,21787.59
7695.37,-123.77999999999975,21546.52
7695.38,-123.76999999999953,21546.52
7695.39,-123.75999999999931,21739.359
7695.4,-123.75,21691.139
7695.41,-123.73999999999978,21787.59
7695.42,-123.72999999999956,21642.924
7695.43,-123.71999999999935,21594.717
7695.44,-123.71000000000004,21594.717
7695.45,-123.69999999999982,21594.717
7695.46,-123.6899999999996,21691.139
7695.47,-123.67999999999938,21546.52
7695.48,-123.67000000000007,21546.52
7695.49,-123.65999999999985,21787.59
7695.5,-123.64999999999964,21546.52
7695.51,-123.63999999999942,21353.809
7695.52,-123.6299999999992,21691.139
7695.53,-123.61999999999989,21787.59
7695.54,-123.60999999999967,21450.146
7695.55,-123.59999999999945,21450.146
7695.56,-123.58999999999924,21787.59
7695.57,-123.57999999999993,21691.139
7695.58,-123.56999999999971,21787.59
7695.59,-123.55999999999949,21787.59
7695.6,-123.54999999999927,21691.139
7695.61,-123.53999999999996,21691.139
7695.62,-123.52999999999975,21401.973
7695.63,-123.51999999999953,21691.139
7695.64,-123.50999999999931,21594.717
7695.65,-123.5,21642.924
7695.66,-123.48999999999978,21401.973
7695.67,-123.47999999999956,21450.146
7695.68,-123.46999999999935,21594.717
7695.69,-123.46000000000004,21691.139
7695.7,-123.44999999999982,21594.717
7695.71,-123.4399999999996,21594.717
7695.72,-123.42999999999938,21546.52
7695.73,-123.42000000000007,21546.52
7695.74,-123.40999999999985,21691.139
7695.75,-123.39999999999964,21594.717
7695.76,-123.38999999999942,21642.924
7695.77,-123.3799999999992,21594.717
7695.78,-123.36999999999989,21739.359
7695.79,-123.35999999999967,21546.52
7695.8,-123.34999999999945,21546.52
7695.81,-123.33999999999924,21884.076
7695.82,-123.32999999999993,21594.717
7695.83,-123.31999999999971,21594.717
7695.84,-123.30999999999949,21642.924
7695.85,-123.29999999999927,21498.33
7695.86,-123.28999999999996,21594.717
7695.87,-123.27999999999975,21642.924
7695.88,-123.26999999999953,21594.717
7695.89,-123.25999999999931,21594.717
7695.9,-123.25,21787.59
7695.91,-123.23999999999978,21594.717
7695.92,-123.22999999999956,21401.973
7695.93,-123.21999999999935,21546.52
7695.94,-123.21000000000004,21594.717
7695.95,-123.19999999999982,21498.33
7695.96,-123.1899999999996,21353.809
7695.97,-123.17999999999938,21546.52
7695.98,-123.17000000000007,21498.33
7695.99,-123.15999999999985,21594.717
7696.0,-123.14999999999964,21546.52
7696.01,-123.13999999999942,21594.717
7696.02,-123.1299999999992,21546.52
7696.03,-123.11999999999989,21498.33
7696.04,-123.10999999999967,21546.52
7696.05,-123.09999999999945,21594.717
7696.06,-123.08999999999924,21739.359
7696.07,-123.07999999999993,21546.52
7696.08,-123.06999999999971,21787.59
7696.09,-123.05999999999949,21498.33
7696.1,-123.04999999999927,21450.146
7696.11,-123.03999999999996,21594.717
7696.12,-123.02999999999975,21594.717
7696.13,-123.01999999999953,21450.146
7696.14,-123.00999999999931,21642.924
7696.15,-123.0,21498.33
7696.16,-122.98999999999978,21642.924
7696.17,-122.97999999999956,21594.717
7696.18,-122.96999999999935,21546.52
7696.19,-122.96000000000004,21739.359
7696.2,-122.94999999999982,21642.924
7696.21,-122.9399999999996,21642.924
7696.22,-122.92999999999938,21691.139
7696.23,-122.92000000000007,21691.139
7696.24,-122.90999999999985,21787.59
7696.25,-122.89999999999964,21498.33
7696.26,-122.88999999999942,21498.33
7696.27,-122.8799999999992,21594.717
7696.28,-122.86999999999989,21401.973
7696.29,-122.85999999999967,21450.146
7696.3,-122.84999999999945,21642.924
7696.31,-122.83999999999924,21498.33
7696.32,-122.82999999999993,21450.146
7696.33,-122.81999999999971,21546.52
7696.34,-122.80999999999949,21401.973
7696.35,-122.79999999999927,21691.139
7696.36,-122.78999999999996,21691.139
7696.37,-122.77999999999975,21739.359
7696.38,-122.76999999999953,21642.924
7696.39,-122.75999999999931,21546.52
7696.4,-122.75,21691.139
7696.41,-122.73999999999978,21546.52
7696.42,-122.72999999999956,21450.146
7696.43,-122.71999999999935,21498.33
7696.44,-122.71000000000004,21546.52
7696.45,-122.69999999999982,21546.52
7696.46,-122.6899999999996,21546.52
7696.47,-122.67999999999938,21353.809
7696.48,-122.67000000000007,21594.717
7696.49,-122.65999999999985,21546.52
7696.5,-122.64999999999964,21546.52
7696.51,-122.63999999999942,21498.33
7696.52,-122.6299999999992,21450.146
7696.53,-122.61999999999989,21546.52
7696.54,-122.60999999999967,21546.52
7696.55,-122.59999999999945,21450.146
7696.56,-122.58999999999924,21691.139
7696.57,-122.57999999999993,21787.59
7696.58,-122.56999999999971,21739.359
7696.59,-122.55999999999949,21594.717
7696.6,-122.54999999999927,21642.924
7696.61,-122.53999999999996,21691.139
7696.62,-122.52999999999975,21642.924
7696.63,-122.51999999999953,21498.33
7696.64,-122.50999999999931,21594.717
7696.65,-122.5,21594.717
7696.66,-122.48999999999978,21594.717
7696.67,-122.47999999999956,21546.52
7696.68,-122.46999999999935,21546.52
7696.69,-122.46000000000004,21546.52
7696.7,-122.44999999999982,21642.924
7696.71,-122.4399999999996,21642.924
7696.72,-122.42999999999938,21546.52
7696.73,-122.42000000000007,21546.52
7696.74,-122.40999999999985,21546.52
7696.75,-122.39999999999964,21691.139
7696.76,-122.38999999999942,21691.139
7696.77,-122.3799999999992,21546.52
7696.78,-122.36999999999989,21787.59
7696.79,-122.35999999999967,21546.52
7696.8,-122.34999999999945,21642.924
7696.81,-122.33999999999924,21546.52
7696.82,-122.32999999999993,21594.717
7696.83,-122.31999999999971,21884.076
7696.84,-122.30999999999949,21546.52
7696.85,-122.29999999999927,21739.359
7696.86,-122.28999999999996,21691.139
7696.87,-122.27999999999975,21594.717
7696.88,-122.26999999999953,21546.52
7696.89,-122.25999999999931,21594.717
7696.9,-122.25,21642.924
7696.91,-122.23999999999978,21691.139
7696.92,-122.22999999999956,21450.146
7696.93,-122.21999999999935,21450.146
7696.94,-122.21000000000004,21546.52
7696.95,-122.19999999999982,21594.717
7696.96,-122.1899999999996,21642.924
7696.97,-122.17999999999938,21498.33
7696.98,-122.17000000000007,21594.717
7696.99,-122.15999999999985,21594.717
7697.0,-122.14999999999964,21594.717
7697.01,-122.13999999999942,21691.139
7697.02,-122.1299999999992,21594.717
7697.03,-122.11999999999989,21691.139
7697.04,-122.10999999999967,21594.717
7697.05,-122.09999999999945,21642.924
7697.06,-122.08999999999924,21739.359
7697.07,-122.07999999999993,21642.924
7697.08,-122.06999999999971,21546.52
7697.09,-122.05999999999949,21353.809
7697.1,-122.04999999999927,21594.717
7697.11,-122.03999999999996,21450.146
7697.12,-122.02999999999975,21594.717
7697.13,-122.01999999999953,21498.33
7697.14,-122.00999999999931,21642.924
7697.15,-122.0,21594.717
7697.16,-121.98999999999978,21594.717
7697.17,-121.97999999999956,21353.809
7697.18,-121.96999999999935,21353.809
7697.19,-121.96000000000004,21594.717
7697.2,-121.94999999999982,21691.139
7697.21,-121.9399999999996,21450.146
7697.22,-121.92999999999938,21546.52
7697.23,-121.92000000000007,21401.973
7697.24,-121.90999999999985,21739.359
7697.25,-121.89999999999964,21546.52
7697.26,-121.88999999999942,21594.717
7697.27,-121.8799999999992,21642.924
7697.28,-121.86999999999989,21594.717
7697.29,-121.85999999999967,21546.52
7697.3,-121.84999999999945,21498.33
7697.31,-121.83999999999924,21594.717
7697.32,-121.82999999999993,21353.809
7697.33,-121.81999999999971,21739.359
7697.34,-121.80999999999949,21546.52
7697.35,-121.79999999999927,21691.139
7697.36,-121.78999999999996,21594.717
7697.37,-121.77999999999975,21642.924
7697.38,-121.76999999999953,21691.139
7697.39,-121.75999999999931,21498.33
7697.4,-121.75,21594.717
7697.41,-121.73999999999978,21691.139
7697.42,-121.72999999999956,21739.359
7697.43,-121.71999999999935,21594.717
7697.44,-121.71000000000004,21642.924
7697.45,-121.69999999999982,21787.59
7697.46,-121.6899999999996,21546.52
7697.47,-121.67999999999938,21594.717
7697.48,-121.67000000000007,21642.924
7697.49,-121.65999999999985,21787.59
7697.5,-121.64999999999964,21691.139
7697.51,-121.63999999999942,21594.717
7697.52,-121.6299999999992,21546.52
7697.53,-121.61999999999989,21787.59
7697.54,-121.60999999999967,21594.717
7697.55,-121.59999999999945,21498.33
7697.56,-121.58999999999924,21546.52
7697.57,-121.57999999999993,21594.717
7697.58,-121.56999999999971,21594.717
7697.59,-121.55999999999949,21691.139
7697.6,-121.54999999999927,21642.924
7697.61,-121.53999999999996,21691.139
7697.62,-121.52999999999975,21546.52
7697.63,-121.51999999999953,21546.52
7697.64,-121.50999999999931,21401.973
7697.65,-121.5,21546.52
7697.66,-121.48999999999978,21546.52
7697.67,-121.47999999999956,21498.33
7697.68,-121.46999999999935,21498.33
7697.69,-121.46000000000004,21450.146
7697.7,-121.44999999999982,21546.52
7697.71,-121.4399999999996,21498.33
7697.72,-121.42999999999938,21594.717
7697.73,-121.42000000000007,21546.52
7697.74,-121.40999999999985,21642.924
7697.75,-121.39999999999964,21546.52
7697.76,-121.38999999999942,21691.139
7697.77,-121.3799999999992,21642.924
7697.78,-121.36999999999989,21739.359
7697.79,-121.35999999999967,21642.924
7697.8,-121.34999999999945,21594.717
7697.81,-121.33999999999924,21642.924
7697.82,-121.32999999999993,21353.809
7697.83,-121.31999999999971,21546.52
7697.84,-121.30999999999949,21594.717
7697.85,-121.29999999999927,21594.717
7697.86,-121.28999999999996,21546.52
7697.87,-121.27999999999975,21498.33
7697.88,-121.26999999999953,21546.52
7697.89,-121.25999999999931,21642.924
7697.9,-121.25,21353.809
7697.91,-121.23999999999978,21642.924
7697.92,-121.22999999999956,21691.139
7697.93,-121.21999999999935,21450.146
7697.94,-121.21000000000004,21546.52
7697.95,-121.19999999999982,21642.924
7697.96,-121.1899999999996,21353.809
7697.97,-121.17999999999938,21546.52
7697.98,-121.17000000000007,21594.717
7697.99,-121.15999999999985,21691.139
7698.0,-121.14999999999964,21642.924
7698.01,-121.13999999999942,21401.973
7698.02,-121.1299999999992,21450.146
7698.03,-121.11999999999989,21546.52
7698.04,-121.10999999999967,21546.52
7698.05,-121.09999999999945,21450.146
7698.06,-121.08999999999924,21691.139
7698.07,-121.07999999999993,21594.717
7698.08,-121.06999999999971,21642.924
7698.09,-121.05999999999949,21594.717
7698.1,-121.04999999999927,21498.33
7698.11,-121.03999999999996,21498.33
7698.12,-121.02999999999975,21691.139
7698.13,-121.01999999999953,21498.33
7698.14,-121.00999999999931,21691.139
7698.15,-121.0,21691.139
7698.16,-120.98999999999978,21642.924
7698.17,-120.97999999999956,21691.139
7698.18,-120.96999999999935,21450.146
7698.19,-120.96000000000004,21594.717
7698.2,-120.94999999999982,21546.52
7698.21,-120.9399999999996,21546.52
7698.22,-120.92999999999938,21594.717
7698.23,-120.92000000000007,21642.924
7698.24,-120.90999999999985,21594.717
7698.25,-120.89999999999964,21642.924
7698.26,-120.88999999999942,21450.146
7698.27,-120.8799999999992,21401.973
7698.28,-120.86999999999989,21546.52
7698.29,-120.85999999999967,21594.717
7698.3,-120.84999999999945,21450.146
7698.31,-120.83999999999924,21787.59
7698.32,-120.82999999999993,21787.59
7698.33,-120.81999999999971,21546.52
7698.34,-120.80999999999949,21401.973
7698.35,-120.79999999999927,21401.973
7698.36,-120.78999999999996,21353.809
7698.37,-120.77999999999975,21546.52
7698.38,-120.76999999999953,21691.139
7698.39,-120.75999999999931,21353.809
7698.4,-120.75,21691.139
7698.41,-120.73999999999978,21739.359
7698.42,-120.72999999999956,21546.52
7698.43,-120.71999999999935,21498.33
7698.44,-120.71000000000004,21546.52
7698.45,-120.69999999999982,21594.717
7698.46,-120.6899999999996,21450.146
7698.47,-120.67999999999938,21401.973
7698.48,-120.67000000000007,21787.59
7698.49,-120.65999999999985,21642.924
7698.5,-120.64999999999964,21691.139
7698.51,-120.63999999999942,21739.359
7698.52,-120.6299999999992,21739.359
7698.53,-120.61999999999989,21642.924
7698.54,-120.60999999999967,21642.924
7698.55,-120.59999999999945,21546.52
7698.56,-120.58999999999924,21691.139
7698.57,-120.57999999999993,21642.924
7698.58,-120.56999999999971,21546.52
7698.59,-120.55999999999949,21498.33
7698.6,-120.54999999999927,21642.924
7698.61,-120.53999999999996,21884.076
7698.62,-120.52999999999975,21739.359
7698.63,-120.51999999999953,21594.717
7698.64,-120.50999999999931,21546.52
7698.65,-120.5,21546.52
7698.66,-120.48999999999978,21739.359
7698.67,-120.47999999999956,21450.146
7698.68,-120.46999999999935,21450.146
7698.69,-120.46000000000004,21642.924
7698.7,-120.44999999999982,21450.146
7698.71,-120.4399999999996,21498.33
7698.72,-120.42999999999938,21642.924
7698.73,-120.42000000000007,21739.359
7698.74,-120.40999999999985,21642.924
7698.75,-120.39999999999964,21594.717
7698.76,-120.38999999999942,21546.52
7698.77,-120.3799999999992,21450.146
7698.78,-120.36999999999989,21450.146
7698.79,-120.35999999999967,21546.52
7698.8,-120.34999999999945,21739.359
7698.81,-120.33999999999924,21546.52
7698.82,-120.32999999999993,21691.139
7698.83,-120.31999999999971,21787.59
7698.84,-120.30999999999949,21739.359
7698.85,-120.29999999999927,21546.52
7698.86,-120.28999999999996,21546.52
7698.87,-120.27999999999975,21642.924
7698.88,-120.26999999999953,21642.924
7698.89,-120.25999999999931,21498.33
7698.9,-120.25,21546.52
7698.91,-120.23999999999978,21642.924
7698.92,-120.22999999999956,21546.52
7698.93,-120.21999999999935,21594.717
7698.94,-120.21000000000004,21594.717
7698.95,-120.19999999999982,21642.924
7698.96,-120.1899999999996,21546.52
7698.97,-120.17999999999938,21450.146
7698.98,-120.17000000000007,21691.139
7698.99,-120.15999999999985,21546.52
7699.0,-120.14999999999964,21450.146
7699.01,-120.13999999999942,21691.139
7699.02,-120.1299999999992,21546.52
7699.03,-120.11999999999989,21642.924
7699.04,-120.10999999999967,21546.52
7699.05,-120.09999999999945,21642.924
7699.06,-120.08999999999924,21642.924
7699.07,-120.07999999999993,21498.33
7699.08,-120.06999999999971,21642.924
7699.09,-120.05999999999949,21594.717
7699.1,-120.04999999999927,21546.52
7699.11,-120.03999999999996,21691.139
7699.12,-120.02999999999975,21450.146
7699.13,-120.01999999999953,21546.52
7699.14,-120.00999999999931,21642.924
7699.15,-120.0,21739.359
7699.16,-119.98999999999978,21594.717
7699.17,-119.97999999999956,21450.146
7699.18,-119.96999999999935,21594.717
7699.19,-119.96000000000004,21642.924
7699.2,-119.94999999999982,21787.59
7699.21,-119.9399999999996,21594.717
7699.22,-119.92999999999938,21787.59
7699.23,-119.92000000000007,21594.717
7699.24,-119.90999999999985,21691.139
7699.25,-119.89999999999964,21546.52
7699.26,-119.88999999999942,21498.33
7699.27,-119.8799999999992,21594.717
7699.28,-119.86999999999989,21691.139
7699.29,-119.85999999999967,21594.717
7699.3,-119.84999999999945,21450.146
7699.31,-119.83999999999924,21691.139
7699.32,-119.82999999999993,21739.359
7699.33,-119.81999999999971,21739.359
7699.34,-119.80999999999949,21546.52
7699.35,-119.79999999999927,21642.924
7699.36,-119.78999999999996,21642.924
7699.37,-119.77999999999975,21787.59
7699.38,-119.76999999999953,21401.973
7699.39,-119.75999999999931,21691.139
7699.4,-119.75,21546.52
7699.41,-119.73999999999978,21739.359
7699.42,-119.72999999999956,21594.717
7699.43,-119.71999999999935,21691.139
7699.44,-119.71000000000004,21546.52
7699.45,-119.69999999999982,21594.717
7699.46,-119.6899999999996,21642.924
7699.47,-119.67999999999938,21691.139
7699.48,-119.67000000000007,21594.717
7699.49,-119.65999999999985,21594.717
7699.5,-119.64999999999964,21498.33
7699.51,-119.63999999999942,21546.52
7699.52,-119.6299999999992,21594.717
7699.53,-119.61999999999989,21642.924
7699.54,-119.60999999999967,21835.83
7699.55,-119.59999999999945,21739.359
7699.56,-119.58999999999924,21835.83
7699.57,-119.57999999999993,21594.717
7699.58,-119.56999999999971,21546.52
7699.59,-119.55999999999949,21546.52
7699.6,-119.54999999999927,21642.924
7699.61,-119.53999999999996,21739.359
7699.62,-119.52999999999975,21739.359
7699.63,-119.51999999999953,21546.52
7699.64,-119.50999999999931,21787.59
7699.65,-119.5,21884.076
7699.66,-119.48999999999978,21739.359
7699.67,-119.47999999999956,21594.717
7699.68,-119.46999999999935,21498.33
7699.69,-119.46000000000004,21642.924
7699.7,-119.44999999999982,21642.924
7699.71,-119.4399999999996,21498.33
7699.72,-119.42999999999938,21546.52
7699.73,-119.42000000000007,21739.359
7699.74,-119.40999999999985,21691.139
7699.75,-119.39999999999964,21450.146
7699.76,-119.38999999999942,21691.139
7699.77,-119.3799999999992,21642.924
7699.78,-119.36999999999989,21498.33
7699.79,-119.35999999999967,21594.717
7699.8,-119.34999999999945,21546.52
7699.81,-119.33999999999924,21739.359
7699.82,-119.32999999999993,21546.52
7699.83,-119.31999999999971,21739.359
7699.84,-119.30999999999949,21884.076
7699.85,-119.29999999999927,21594.717
7699.86,-119.28999999999996,21739.359
7699.87,-119.27999999999975,21691.139
7699.88,-119.26999999999953,21691.139
7699.89,-119.25999999999931,21546.52
7699.9,-119.25,21546.52
7699.91,-119.23999999999978,21739.359
7699.92,-119.22999999999956,21546.52
7699.93,-119.21999999999935,21353.809
7699.94,-119.21000000000004,21546.52
7699.95,-119.19999999999982,21691.139
7699.96,-119.1899999999996,21691.139
7699.97,-119.17999999999938,21546.52
7699.98,-119.17000000000007,21739.359
7699.99,-119.15999999999985,21691.139
7700.0,-119.14999999999964,21546.52
7700.01,-119.13999999999942,21642.924
7700.02,-119.1299999999992,21787.59
7700.03,-119.11999999999989,21787.59
7700.04,-119.10999999999967,21787.59
7700.05,-119.09999999999945,21835.83
7700.06,-119.08999999999924,21739.359
7700.07,-119.07999999999993,21546.52
7700.08,-119.06999999999971,21691.139
7700.09,-119.05999999999949,21691.139
7700.1,-119.04999999999927,21546.52
7700.11,-119.03999999999996,21739.359
7700.12,-119.02999999999975,21642.924
7700.13,-119.01999999999953,21546.52
7700.14,-119.00999999999931,21691.139
7700.15,-119.0,21739.359
7700.16,-118.98999999999978,21691.139
7700.17,-118.97999999999956,21739.359
7700.18,-118.96999999999935,21787.59
7700.19,-118.96000000000004,21739.359
7700.2,-118.94999999999982,21691.139
7700.21,-118.9399999999996,21546.52
7700.22,-118.92999999999938,21787.59
7700.23,-118.92000000000007,21835.83
7700.24,-118.90999999999985,21739.359
7700.25,-118.89999999999964,21594.717
7700.26,-118.88999999999942,21353.809
7700.27,-118.8799999999992,21305.65
7700.28,-118.86999999999989,21498.33
7700.29,-118.85999999999967,21787.59
7700.3,-118.84999999999945,22512.023
7700.31,-118.83999999999924,23189.811
7700.32,-118.82999999999993,23626.373
7700.33,-118.81999999999971,23723.475
7700.34,-118.80999999999949,23966.375
7700.35,-118.79999999999927,23723.475
7700.36,-118.78999999999996,24014.979
7700.37,-118.77999999999975,23917.777
7700.38,-118.76999999999953,23674.92
7700.39,-118.75999999999931,23723.475
7700.4,-118.75,23723.475
7700.41,-118.73999999999978,23674.92
7700.42,-118.72999999999956,23674.92
7700.43,-118.71999999999935,23820.611
7700.44,-118.71000000000004,23966.375
7700.45,-118.69999999999982,23723.475
7700.46,-118.6899999999996,23820.611
7700.47,-118.67999999999938,23480.779
7700.48,-118.67000000000007,23626.373
7700.49,-118.65999999999985,23917.777
7700.5,-118.64999999999964,23869.189
7700.51,-118.63999999999942,23917.777
7700.52,-118.6299999999992,23917.777
7700.53,-118.61999999999989,23966.375
7700.54,-118.60999999999967,23626.373
7700.55,-118.59999999999945,23626.373
7700.56,-118.58999999999924,23626.373
7700.57,-118.57999999999993,23723.475
7700.58,-118.56999999999971,23577.832
7700.59,-118.55999999999949,23723.475
7700.6,-118.54999999999927,23674.92
7700.61,-118.53999999999996,23917.777
7700.62,-118.52999999999975,23723.475
7700.63,-118.51999999999953,23723.475
7700.64,-118.50999999999931,23772.039
7700.65,-118.5,23577.832
7700.66,-118.48999999999978,23917.777
7700.67,-118.47999999999956,23820.611
7700.68,-118.46999999999935,23917.777
7700.69,-118.46000000000004,23674.92
7700.7,-118.44999999999982,23869.189
7700.71,-118.4399999999996,23917.777
7700.72,-118.42999999999938,23772.039
7700.73,-118.42000000000007,23723.475
7700.74,-118.40999999999985,23674.92
7700.75,-118.39999999999964,23577.832
7700.76,-118.38999999999942,24014.979
7700.77,-118.3799999999992,23674.92
7700.78,-118.36999999999989,23723.475
7700.79,-118.35999999999967,23674.92
7700.8,-118.34999999999945,23723.475
7700.81,-118.33999999999924,23674.92
7700.82,-118.32999999999993,23820.611
7700.83,-118.31999999999971,23674.92
7700.84,-118.30999999999949,23820.611
7700.85,-118.29999999999927,23917.777
7700.86,-118.28999999999996,23772.039
7700.87,-118.27999999999975,23869.189
7700.88,-118.26999999999953,23723.475
7700.89,-118.25999999999931,23820.611
7700.9,-118.25,23674.92
7700.91,-118.23999999999978,23820.611
7700.92,-118.22999999999956,23577.832
7700.93,-118.21999999999935,23772.039
7700.94,-118.21000000000004,23674.92
7700.95,-118.19999999999982,23772.039
7700.96,-118.1899999999996,23772.039
7700.97,-118.17999999999938,23772.039
7700.98,-118.17000000000007,23869.189
7700.99,-118.15999999999985,23674.92
7701.0,-118.14999999999964,23869.189
7701.01,-118.13999999999942,23966.375
7701.02,-118.1299999999992,24014.979
7701.03,-118.11999999999989,23723.475
7701.04,-118.10999999999967,23869.189
7701.05,-118.09999999999945,23917.777
7701.06,-118.08999999999924,23869.189
7701.07,-118.07999999999993,23674.92
7701.08,-118.06999999999971,23674.92
7701.09,-118.05999999999949,23626.373
7701.1,-118.04999999999927,23577.832
7701.11,-118.03999999999996,23529.301
7701.12,-118.02999999999975,23480.779
7701.13,-118.01999999999953,23772.039
7701.14,-118.00999999999931,23820.611
7701.15,-118.0,24891.244
7701.16,-117.98999999999978,25086.328
7701.17,-117.97999999999956,24745.018
7701.18,-117.96999999999935,24696.291
7701.19,-117.96000000000004,24696.291
7701.2,-117.94999999999982,24842.494
7701.21,-117.9399999999996,24842.494
7701.22,-117.92999999999938,23626.373
7701.23,-117.92000000000007,22270.344
7701.24,-117.90999999999985,21787.59
7701.25,-117.89999999999964,21353.809
7701.26,-117.88999999999942,21161.227
7701.27,-117.8799999999992,21498.33
7701.28,-117.86999999999989,21401.973
7701.29,-117.85999999999967,21546.52
7701.3,-117.84999999999945,21594.717
7701.31,-117.83999999999924,21498.33
7701.32,-117.82999999999993,21498.33
7701.33,-117.81999999999971,21691.139
7701.34,-117.80999999999949,21546.52
7701.35,-117.79999999999927,21642.924
7701.36,-117.78999999999996,21594.717
7701.37,-117.77999999999975,21498.33
7701.38,-117.76999999999953,21498.33
7701.39,-117.75999999999931,21498.33
7701.4,-117.75,21450.146
7701.41,-117.73999999999978,21594.717
7701.42,-117.72999999999956,21594.717
7701.43,-117.71999999999935,21450.146
7701.44,-117.71000000000004,21594.717
7701.45,-117.69999999999982,21691.139
7701.46,-117.6899999999996,21787.59
7701.47,-117.67999999999938,21498.33
7701.48,-117.67000000000007,21642.924
7701.49,-117.65999999999985,21546.52
7701.5,-117.64999999999964,21642.924
7701.51,-117.63999999999942,21546.52
7701.52,-117.6299999999992,21594.717
7701.53,-117.61999999999989,21450.146
7701.54,-117.60999999999967,21546.52
7701.55,-117.59999999999945,21450.146
7701.56,-117.58999999999924,21594.717
7701.57,-117.57999999999993,21401.973
7701.58,-117.56999999999971,21642.924
7701.59,-117.55999999999949,21594.717
7701.6,-117.54999999999927,21401.973
7701.61,-117.53999999999996,21546.52
7701.62,-117.52999999999975,21401.973
7701.63,-117.51999999999953,21546.52
7701.64,-117.50999999999931,21353.809
7701.65,-117.5,21594.717
7701.66,-117.48999999999978,21498.33
7701.67,-117.47999999999956,21546.52
7701.68,-117.46999999999935,21353.809
7701.69,-117.46000000000004,21450.146
7701.7,-117.44999999999982,21450.146
7701.71,-117.4399999999996,21594.717
7701.72,-117.42999999999938,21546.52
7701.73,-117.42000000000007,21594.717
7701.74,-117.40999999999985,21546.52
7701.75,-117.39999999999964,21498.33
7701.76,-117.38999999999942,21305.65
7701.77,-117.3799999999992,21642.924
7701.78,-117.36999999999989,21546.52
7701.79,-117.35999999999967,21498.33
7701.8,-117.34999999999945,21450.146
7701.81,-117.33999999999924,21546.52
7701.82,-117.32999999999993,21498.33
7701.83,-117.31999999999971,21594.717
7701.84,-117.30999999999949,21642.924
7701.85,-117.29999999999927,21546.52
7701.86,-117.28999999999996,21546.52
7701.87,-117.27999999999975,21450.146
7701.88,-117.26999999999953,21546.52
7701.89,-117.25999999999931,21450.146
7701.9,-117.25,21594.717
7701.91,-117.23999999999978,21594.717
7701.92,-117.22999999999956,21353.809
7701.93,-117.21999999999935,21353.809
7701.94,-117.21000000000004,21305.65
7701.95,-117.19999999999982,21594.717
7701.96,-117.1899999999996,21594.717
7701.97,-117.17999999999938,21498.33
7701.98,-117.17000000000007,21498.33
7701.99,-117.15999999999985,21450.146
7702.0,-117.14999999999964,21642.924
7702.01,-117.13999999999942,21594.717
7702.02,-117.1299999999992,21450.146
7702.03,-117.11999999999989,21498.33
7702.04,-117.10999999999967,21498.33
7702.05,-117.09999999999945,21353.809
7702.06,-117.08999999999924,21546.52
7702.07,-117.07999999999993,21546.52
7702.08,-117.06999999999971,21594.717
7702.09,-117.05999999999949,21594.717
7702.1,-117.04999999999927,21450.146
7702.11,-117.03999999999996,21546.52
7702.12,-117.02999999999975,21450.146
7702.13,-117.01999999999953,21353.809
7702.14,-117.00999999999931,21305.65
7702.15,-117.0,21401.973
7702.16,-116.98999999999978,21594.717
7702.17,-116.97999999999956,21498.33
7702.18,-116.96999999999935,21498.33
7702.19,-116.96000000000004,21594.717
7702.2,-116.94999999999982,21546.52
7702.21,-116.9399999999996,21450.146
7702.22,-116.92999999999938,21401.973
7702.23,-116.92000000000007,21353.809
7702.24,-116.90999999999985,21450.146
7702.25,-116.89999999999964,21450.146
7702.26,-116.88999999999942,21642.924
7702.27,-116.8799999999992,21498.33
7702.28,-116.86999999999989,21353.809
7702.29,-116.85999999999967,21546.52
7702.3,-116.84999999999945,21498.33
7702.31,-116.83999999999924,21546.52
7702.32,-116.82999999999993,21546.52
7702.33,-116.81999999999971,21546.52
7702.34,-116.80999999999949,21546.52
7702.35,-116.79999999999927,21498.33
7702.36,-116.78999999999996,21546.52
7702.37,-116.77999999999975,21546.52
7702.38,-116.76999999999953,21353.809
7702.39,-116.75999999999931,21353.809
7702.4,-116.75,21498.33
7702.41,-116.73999999999978,21450.146
7702.42,-116.72999999999956,21498.33
7702.43,-116.71999999999935,21546.52
7702.44,-116.71000000000004,21546.52
7702.45,-116.69999999999982,21546.52
7702.46,-116.6899999999996,21546.52
7702.47,-116.67999999999938,21257.502
7702.48,-116.67000000000007,21546.52
7702.49,-116.65999999999985,21546.52
7702.5,-116.64999999999964,21450.146
7702.51,-116.63999999999942,21594.717
7702.52,-116.6299999999992,21594.717
7702.53,-116.61999999999989,21401.973
7702.54,-116.60999999999967,21401.973
7702.55,-116.59999999999945,21450.146
7702.56,-116.58999999999924,21498.33
7702.57,-116.57999999999993,21450.146
7702.58,-116.56999999999971,21450.146
7702.59,-116.55999999999949,21257.502
7702.6,-116.54999999999927,21594.717
7702.61,-116.53999999999996,21546.52
7702.62,-116.52999999999975,21691.139
7702.63,-116.51999999999953,21450.146
7702.64,-116.50999999999931,21401.973
7702.65,-116.5,21835.83
7702.66,-116.48999999999978,21546.52
7702.67,-116.47999999999956,21450.146
7702.68,-116.46999999999935,21450.146
7702.69,-116.46000000000004,21594.717
7702.7,-116.44999999999982,21450.146
7702.71,-116.4399999999996,21401.973
7702.72,-116.42999999999938,21498.33
7702.73,-116.42000000000007,21498.33
7702.74,-116.40999999999985,21594.717
7702.75,-116.39999999999964,21546.52
7702.76,-116.38999999999942,21450.146
7702.77,-116.3799999999992,21401.973
7702.78,-116.36999999999989,21594.717
7702.79,-116.35999999999967,21642.924
7702.8,-116.34999999999945,21353.809
7702.81,-116.33999999999924,21353.809
7702.82,-116.32999999999993,21401.973
7702.83,-116.31999999999971,21546.52
7702.84,-116.30999999999949,21401.973
7702.85,-116.29999999999927,21546.52
7702.86,-116.28999999999996,21594.717
7702.87,-116.27999999999975,21691.139
7702.88,-116.26999999999953,21450.146
7702.89,-116.25999999999931,21450.146
7702.9,-116.25,21450.146
7702.91,-116.23999999999978,21305.65
7702.92,-116.22999999999956,21498.33
7702.93,-116.21999999999935,21257.502
7702.94,-116.21000000000004,21353.809
7702.95,-116.19999999999982,21353.809
7702.96,-116.1899999999996,21305.65
7702.97,-116.17999999999938,21353.809
7702.98,-116.17000000000007,21401.973
7702.99,-116.15999999999985,21546.52
7703.0,-116.14999999999964,21498.33
7703.01,-116.13999999999942,21450.146
7703.02,-116.1299999999992,21498.33
7703.03,-116.11999999999989,21691.139
7703.04,-116.10999999999967,21691.139
7703.05,-116.09999999999945,21353.809
7703.06,-116.08999999999924,21450.146
7703.07,-116.07999999999993,21546.52
7703.08,-116.06999999999971,21353.809
7703.09,-116.05999999999949,21257.502
7703.1,-116.04999999999927,21305.65
7703.11,-116.03999999999996,21594.717
7703.12,-116.02999999999975,21594.717
7703.13,-116.01999999999953,21546.52
7703.14,-116.00999999999931,21401.973
7703.15,-116.0,21257.502
7703.16,-115.98999999999978,21546.52
7703.17,-115.97999999999956,21498.33
7703.18,-115.96999999999935,21209.359
7703.19,-115.96000000000004,21594.717
7703.2,-115.94999999999982,21353.809
7703.21,-115.9399999999996,21546.52
7703.22,-115.92999999999938,21305.65
7703.23,-115.92000000000007,21450.146
7703.24,-115.90999999999985,21546.52
7703.25,-115.89999999999964,21691.139
7703.26,-115.88999999999942,21498.33
7703.27,-115.8799999999992,21594.717
7703.28,-115.86999999999989,21353.809
7703.29,-115.85999999999967,21401.973
7703.3,-115.84999999999945,21450.146
7703.31,-115.83999999999924,21594.717
7703.32,-115.82999999999993,21353.809
7703.33,-115.81999999999971,21353.809
7703.34,-115.80999999999949,21450.146
7703.35,-115.79999999999927,21546.52
7703.36,-115.78999999999996,21498.33
7703.37,-115.77999999999975,21546.52
7703.38,-115.76999999999953,21546.52
7703.39,-115.75999999999931,21401.973
7703.4,-115.75,21353.809
7703.41,-115.73999999999978,21401.973
7703.42,-115.72999999999956,21498.33
7703.43,-115.71999999999935,21546.52
7703.44,-115.71000000000004,21401.973
7703.45,-115.69999999999982,21739.359
7703.46,-115.6899999999996,21546.52
7703.47,-115.67999999999938,21594.717
7703.48,-115.67000000000007,21498.33
7703.49,-115.65999999999985,21546.52
7703.5,-115.64999999999964,21450.146
7703.51,-115.63999999999942,21401.973
7703.52,-115.6299999999992,21353.809
7703.53,-115.61999999999989,21498.33
7703.54,-115.60999999999967,21546.52
7703.55,-115.59999999999945,21450.146
7703.56,-115.58999999999924,21594.717
7703.57,-115.57999999999993,21401.973
7703.58,-115.56999999999971,21450.146
7703.59,-115.55999999999949,21353.809
7703.6,-115.54999999999927,21113.102
7703.61,-115.53999999999996,21594.717
7703.62,-115.52999999999975,21401.973
7703.63,-115.51999999999953,21498.33
7703.64,-115.50999999999931,21498.33
7703.65,-115.5,21450.146
7703.66,-115.48999999999978,21546.52
7703.67,-115.47999999999956,21498.33
7703.68,-115.46999999999935,21353.809
7703.69,-115.46000000000004,21594.717
7703.7,-115.44999999999982,21257.502
7703.71,-115.4399999999996,21305.65
7703.72,-115.42999999999938,21498.33
7703.73,-115.42000000000007,21353.809
7703.74,-115.40999999999985,21642.924
7703.75,-115.39999999999964,21401.973
7703.76,-115.38999999999942,21450.146
7703.77,-115.3799999999992,21546.52
7703.78,-115.36999999999989,21450.146
7703.79,-115.35999999999967,21884.076
7703.8,-115.34999999999945,21450.146
7703.81,-115.33999999999924,21691.139
7703.82,-115.32999999999993,21450.146
7703.83,-115.31999999999971,21450.146
7703.84,-115.30999999999949,21353.809
7703.85,-115.29999999999927,21498.33
7703.86,-115.28999999999996,21546.52
7703.87,-115.27999999999975,21498.33
7703.88,-115.26999999999953,21546.52
7703.89,-115.25999999999931,21450.146
7703.9,-115.25,21450.146
7703.91,-115.23999999999978,21353.809
7703.92,-115.22999999999956,21450.146
7703.93,-115.21999999999935,21353.809
7703.94,-115.21000000000004,21546.52
7703.95,-115.19999999999982,21353.809
7703.96,-115.1899999999996,21498.33
7703.97,-115.17999999999938,21353.809
7703.98,-115.17000000000007,21594.717
7703.99,-115.15999999999985,21401.973
7704.0,-115.14999999999964,21498.33
7704.01,-115.13999999999942,21401.973
7704.02,-115.1299999999992,21546.52
7704.03,-115.11999999999989,21594.717
7704.04,-115.10999999999967,21450.146
7704.05,-115.09999999999945,21450.146
7704.06,-115.08999999999924,21594.717
7704.07,-115.07999999999993,21353.809
7704.08,-115.06999999999971,21642.924
7704.09,-115.05999999999949,21498.33
7704.1,-115.04999999999927,21498.33
7704.11,-115.03999999999996,21450.146
7704.12,-115.02999999999975,21401.973
7704.13,-115.01999999999953,21498.33
7704.14,-115.00999999999931,21498.33
7704.15,-115.0,21498.33
7704.16,-114.98999999999978,21401.973
7704.17,-114.97999999999956,21353.809
7704.18,-114.96999999999935,21305.65
7704.19,-114.96000000000004,21498.33
7704.2,-114.94999999999982,21401.973
7704.21,-114.9399999999996,21450.146
7704.22,-114.92999999999938,21401.973
7704.23,-114.92000000000007,21546.52
7704.24,-114.90999999999985,21594.717
7704.25,-114.89999999999964,21353.809
7704.26,-114.88999999999942,21546.52
7704.27,-114.8799999999992,21498.33
7704.28,-114.86999999999989,21594.717
7704.29,-114.85999999999967,21450.146
7704.3,-114.84999999999945,21498.33
7704.31,-114.83999999999924,21594.717
7704.32,-114.82999999999993,21450.146
7704.33,-114.81999999999971,21401.973
7704.34,-114.80999999999949,21401.973
7704.35,-114.79999999999927,21498.33
7704.36,-114.78999999999996,21450.146
7704.37,-114.77999999999975,21546.52
7704.38,-114.76999999999953,21498.33
7704.39,-114.75999999999931,21257.502
7704.4,-114.75,21353.809
7704.41,-114.73999999999978,21546.52
7704.42,-114.72999999999956,21546.52
7704.43,-114.71999999999935,21401.973
7704.44,-114.71000000000004,21594.717
7704.45,-114.69999999999982,21594.717
7704.46,-114.6899999999996,21642.924
7704.47,-114.67999999999938,21594.717
7704.48,-114.67000000000007,21546.52
7704.49,-114.65999999999985,21305.65
7704.5,-114.64999999999964,21353.809
7704.51,-114.63999999999942,21450.146
7704.52,-114.6299999999992,21594.717
7704.53,-114.61999999999989,21353.809
7704.54,-114.60999999999967,21353.809
7704.55,-114.59999999999945,21450.146
7704.56,-114.58999999999924,21594.717
7704.57,-114.57999999999993,21546.52
7704.58,-114.56999999999971,21546.52
7704.59,-114.55999999999949,21498.33
7704.6,-114.54999999999927,21353.809
7704.61,-114.53999999999996,21594.717
7704.62,-114.52999999999975,21450.146
7704.63,-114.51999999999953,21498.33
7704.64,-114.50999999999931,21353.809
7704.65,-114.5,21450.146
7704.66,-114.48999999999978,21498.33
7704.67,-114.47999999999956,21450.146
7704.68,-114.46999999999935,21450.146
7704.69,-114.46000000000004,21450.146
7704.7,-114.44999999999982,21401.973
7704.71,-114.4399999999996,21594.717
7704.72,-114.42999999999938,21450.146
7704.73,-114.42000000000007,21498.33
7704.74,-114.40999999999985,21594.717
7704.75,-114.39999999999964,21594.717
7704.76,-114.38999999999942,21450.146
7704.77,-114.3799999999992,21498.33
7704.78,-114.36999999999989,21498.33
7704.79,-114.35999999999967,21739.359
7704.8,-114.34999999999945,21498.33
7704.81,-114.33999999999924,21546.52
7704.82,-114.32999999999993,21450.146
7704.83,-114.31999999999971,21498.33
7704.84,-114.30999999999949,21450.146
7704.85,-114.29999999999927,21353.809
7704.86,-114.28999999999996,21498.33
7704.87,-114.27999999999975,21498.33
7704.88,-114.26999999999953,21353.809
7704.89,-114.25999999999931,21401.973
7704.9,-114.25,21353.809
7704.91,-114.23999999999978,21401.973
7704.92,-114.22999999999956,21401.973
7704.93,-114.21999999999935,21401.973
7704.94,-114.21000000000004,21739.359
7704.95,-114.19999999999982,21546.52
7704.96,-114.1899999999996,21594.717
7704.97,-114.17999999999938,21353.809
7704.98,-114.17000000000007,21642.924
7704.99,-114.15999999999985,21498.33
7705.0,-114.14999999999964,21498.33
7705.01,-114.13999999999942,21498.33
7705.02,-114.1299999999992,21450.146
7705.03,-114.11999999999989,21546.52
7705.04,-114.10999999999967,21353.809
7705.05,-114.09999999999945,21498.33
7705.06,-114.08999999999924,21594.717
7705.07,-114.07999999999993,21546.52
7705.08,-114.06999999999971,21546.52
7705.09,-114.05999999999949,21353.809
7705.1,-114.04999999999927,21594.717
7705.11,-114.03999999999996,21498.33
7705.12,-114.02999999999975,21498.33
7705.13,-114.01999999999953,21401.973
7705.14,-114.00999999999931,21450.146
7705.15,-114.0,21546.52
7705.16,-113.98999999999978,21546.52
7705.17,-113.97999999999956,21546.52
7705.18,-113.96999999999935,21353.809
7705.19,-113.96000000000004,21546.52
7705.2,-113.94999999999982,21450.146
7705.21,-113.9399999999996,21450.146
7705.22,-113.92999999999938,21546.52
7705.23,-113.92000000000007,21594.717
7705.24,-113.90999999999985,21546.52
7705.25,-113.89999999999964,21305.65
7705.26,-113.88999999999942,21305.65
7705.27,-113.8799999999992,21498.33
7705.28,-113.86999999999989,21594.717
7705.29,-113.85999999999967,21546.52
7705.3,-113.84999999999945,21353.809
7705.31,-113.83999999999924,21353.809
7705.32,-113.82999999999993,21498.33
7705.33,-113.81999999999971,21594.717
7705.34,-113.80999999999949,21305.65
7705.35,-113.79999999999927,21401.973
7705.36,-113.78999999999996,21450.146
7705.37,-113.77999999999975,21546.52
7705.38,-113.76999999999953,21498.33
7705.39,-113.75999999999931,21450.146
7705.4,-113.75,21546.52
7705.41,-113.73999999999978,21498.33
7705.42,-113.72999999999956,21450.146
7705.43,-113.71999999999935,21353.809
7705.44,-113.71000000000004,21401.973
7705.45,-113.69999999999982,21401.973
7705.46,-113.6899999999996,21401.973
7705.47,-113.67999999999938,21450.146
7705.48,-113.67000000000007,21450.146
7705.49,-113.65999999999985,21450.146
7705.5,-113.64999999999964,21498.33
7705.51,-113.63999999999942,21353.809
7705.52,-113.6299999999992,21594.717
7705.53,-113.61999999999989,21546.52
7705.54,-113.60999999999967,21498.33
7705.55,-113.59999999999945,21353.809
7705.56,-113.58999999999924,21450.146
7705.57,-113.57999999999993,21353.809
7705.58,-113.56999999999971,21353.809
7705.59,-113.55999999999949,21209.359
7705.6,-113.54999999999927,21498.33
7705.61,-113.53999999999996,21401.973
7705.62,-113.52999999999975,21498.33
7705.63,-113.51999999999953,21401.973
7705.64,-113.50999999999931,21401.973
7705.65,-113.5,21353.809
7705.66,-113.48999999999978,21498.33
7705.67,-113.47999999999956,21353.809
7705.68,-113.46999999999935,21401.973
7705.69,-113.46000000000004,21401.973
7705.7,-113.44999999999982,21498.33
7705.71,-113.4399999999996,21401.973
7705.72,-113.42999999999938,21161.227
7705.73,-113.42000000000007,21594.717
7705.74,-113.40999999999985,21546.52
7705.75,-113.39999999999964,21450.146
7705.76,-113.38999999999942,21546.52
7705.77,-113.3799999999992,21594.717
7705.78,-113.36999999999989,21691.139
7705.79,-113.35999999999967,21450.146
7705.8,-113.34999999999945,21498.33
7705.81,-113.33999999999924,21353.809
7705.82,-113.32999999999993,21594.717
7705.83,-113.31999999999971,21594.717
7705.84,-113.30999999999949,21353.809
7705.85,-113.29999999999927,21305.65
7705.86,-113.28999999999996,21257.502
7705.87,-113.27999999999975,21257.502
7705.88,-113.26999999999953,21257.502
7705.89,-113.25999999999931,21305.65
7705.9,-113.25,21498.33
7705.91,-113.23999999999978,21739.359
7705.92,-113.22999999999956,21257.502
7705.93,-113.21999999999935,21594.717
7705.94,-113.21000000000004,21546.52
7705.95,-113.19999999999982,21642.924
7705.96,-113.1899999999996,21546.52
7705.97,-113.17999999999938,21401.973
7705.98,-113.17000000000007,21787.59
7705.99,-113.15999999999985,21450.146
7706.0,-113.14999999999964,21594.717
7706.01,-113.13999999999942,21401.973
7706.02,-113.1299999999992,21546.52
7706.03,-113.11999999999989,21450.146
7706.04,-113.10999999999967,21498.33
7706.05,-113.09999999999945,21305.65
7706.06,-113.08999999999924,21353.809
7706.07,-113.07999999999993,21257.502
7706.08,-113.06999999999971,21450.146
7706.09,-113.05999999999949,21498.33
7706.1,-113.04999999999927,21257.502
7706.11,-113.03999999999996,21546.52
7706.12,-113.02999999999975,21546.52
7706.13,-113.01999999999953,21498.33
7706.14,-113.00999999999931,21546.52
7706.15,-113.0,21450.146
7706.16,-112.98999999999978,21739.359
7706.17,-112.97999999999956,21450.146
7706.18,-112.96999999999935,21401.973
7706.19,-112.96000000000004,21546.52
7706.2,-112.94999999999982,21594.717
7706.21,-112.9399999999996,21642.924
7706.22,-112.92999999999938,21498.33
7706.23,-112.92000000000007,21594.717
7706.24,-112.90999999999985,21353.809
7706.25,-112.89999999999964,21401.973
7706.26,-112.88999999999942,21594.717
7706.27,-112.8799999999992,21642.924
7706.28,-112.86999999999989,21161.227
7706.29,-112.85999999999967,21401.973
7706.3,-112.84999999999945,21450.146
7706.31,-112.83999999999924,21546.52
7706.32,-112.82999999999993,21498.33
7706.33,-112.81999999999971,21401.973
7706.34,-112.80999999999949,21401.973
7706.35,-112.79999999999927,21546.52
7706.36,-112.78999999999996,21594.717
7706.37,-112.77999999999975,21642.924
7706.38,-112.76999999999953,21353.809
7706.39,-112.75999999999931,21401.973
7706.4,-112.75,21401.973
7706.41,-112.73999999999978,21594.717
7706.42,-112.72999999999956,21498.33
7706.43,-112.71999999999935,21787.59
7706.44,-112.71000000000004,21594.717
7706.45,-112.69999999999982,21498.33
7706.46,-112.6899999999996,21642.924
7706.47,-112.67999999999938,21450.146
7706.48,-112.67000000000007,21691.139
7706.49,-112.65999999999985,21353.809
7706.5,-112.64999999999964,21498.33
7706.51,-112.63999999999942,21353.809
7706.52,-112.6299999999992,21546.52
7706.53,-112.61999999999989,21209.359
7706.54,-112.60999999999967,21498.33
7706.55,-112.59999999999945,21257.502
7706.56,-112.58999999999924,21450.146
7706.57,-112.57999999999993,21546.52
7706.58,-112.56999999999971,21450.146
7706.59,-112.55999999999949,21353.809
7706.6,-112.54999999999927,21353.809
7706.61,-112.53999999999996,21498.33
7706.62,-112.52999999999975,21401.973
7706.63,-112.51999999999953,21401.973
7706.64,-112.50999999999931,21353.809
7706.65,-112.5,21353.809
7706.66,-112.48999999999978,21401.973
7706.67,-112.47999999999956,21353.809
7706.68,-112.46999999999935,21594.717
7706.69,-112.46000000000004,21594.717
7706.7,-112.44999999999982,21691.139
7706.71,-112.4399999999996,21498.33
7706.72,-112.42999999999938,21450.146
7706.73,-112.42000000000007,21546.52
7706.74,-112.40999999999985,21594.717
7706.75,-112.39999999999964,21498.33
7706.76,-112.38999999999942,21594.717
7706.77,-112.3799999999992,21546.52
7706.78,-112.36999999999989,21691.139
7706.79,-112.35999999999967,21546.52
7706.8,-112.34999999999945,21353.809
7706.81,-112.33999999999924,21642.924
7706.82,-112.32999999999993,21546.52
7706.83,-112.31999999999971,21594.717
7706.84,-112.30999999999949,21257.502
7706.85,-112.29999999999927,21498.33
7706.86,-112.28999999999996,21498.33
7706.87,-112.27999999999975,21546.52
7706.88,-112.26999999999953,21498.33
7706.89,-112.25999999999931,21450.146
7706.9,-112.25,21594.717
7706.91,-112.23999999999978,21498.33
7706.92,-112.22999999999956,21498.33
7706.93,-112.21999999999935,21450.146
7706.94,-112.21000000000004,21498.33
7706.95,-112.19999999999982,21546.52
7706.96,-112.1899999999996,21594.717
7706.97,-112.17999999999938,21642.924
7706.98,-112.17000000000007,21594.717
7706.99,-112.15999999999985,21594.717
7707.0,-112.14999999999964,21401.973
7707.01,-112.13999999999942,21401.973
7707.02,-112.1299999999992,21498.33
7707.03,-112.11999999999989,21691.139
7707.04,-112.10999999999967,21642.924
7707.05,-112.09999999999945,21498.33
7707.06,-112.08999999999924,21401.973
7707.07,-112.07999999999993,21546.52
7707.08,-112.06999999999971,21642.924
7707.09,-112.05999999999949,21450.146
7707.1,-112.04999999999927,21546.52
7707.11,-112.03999999999996,21594.717
7707.12,-112.02999999999975,21546.52
7707.13,-112.01999999999953,21594.717
7707.14,-112.00999999999931,21401.973
7707.15,-112.0,21450.146
7707.16,-111.98999999999978,21450.146
7707.17,-111.97999999999956,21353.809
7707.18,-111.96999999999935,21401.973
7707.19,-111.96000000000004,21546.52
7707.2,-111.94999999999982,21498.33
7707.21,-111.9399999999996,21546.52
7707.22,-111.92999999999938,21594.717
7707.23,-111.92000000000007,21642.924
7707.24,-111.90999999999985,21546.52
7707.25,-111.89999999999964,21642.924
7707.26,-111.88999999999942,21353.809
7707.27,-111.8799999999992,21642.924
7707.28,-111.86999999999989,21401.973
7707.29,-111.85999999999967,21546.52
7707.3,-111.84999999999945,21498.33
7707.31,-111.83999999999924,21739.359
7707.32,-111.82999999999993,21498.33
7707.33,-111.81999999999971,21594.717
7707.34,-111.80999999999949,21594.717
7707.35,-111.79999999999927,21498.33
7707.36,-111.78999999999996,21498.33
7707.37,-111.77999999999975,21739.359
7707.38,-111.76999999999953,21450.146
7707.39,-111.75999999999931,21498.33
7707.4,-111.75,21546.52
7707.41,-111.73999999999978,21450.146
7707.42,-111.72999999999956,21401.973
7707.43,-111.71999999999935,21450.146
7707.44,-111.71000000000004,21546.52
7707.45,-111.69999999999982,21546.52
7707.46,-111.6899999999996,21305.65
7707.47,-111.67999999999938,21546.52
7707.48,-111.67000000000007,21401.973
7707.49,-111.65999999999985,21498.33
7707.5,-111.64999999999964,21450.146
7707.51,-111.63999999999942,21594.717
7707.52,-111.6299999999992,21691.139
7707.53,-111.61999999999989,21498.33
7707.54,-111.60999999999967,21498.33
7707.55,-111.59999999999945,21498.33
7707.56,-111.58999999999924,21546.52
7707.57,-111.57999999999993,21401.973
7707.58,-111.56999999999971,21257.502
7707.59,-111.55999999999949,21305.65
7707.6,-111.54999999999927,21546.52
7707.61,-111.53999999999996,21401.973
7707.62,-111.52999999999975,21546.52
7707.63,-111.51999999999953,21498.33
7707.64,-111.50999999999931,21498.33
7707.65,-111.5,21642.924
7707.66,-111.48999999999978,21498.33
7707.67,-111.47999999999956,21305.65
7707.68,-111.46999999999935,21161.227
7707.69,-111.46000000000004,21401.973
7707.7,-111.44999999999982,21546.52
7707.71,-111.4399999999996,21450.146
7707.72,-111.42999999999938,21450.146
7707.73,-111.42000000000007,21450.146
7707.74,-111.40999999999985,21498.33
7707.75,-111.39999999999964,21498.33
7707.76,-111.38999999999942,21498.33
7707.77,-111.3799999999992,21450.146
7707.78,-111.36999999999989,21498.33
7707.79,-111.35999999999967,21594.717
7707.8,-111.34999999999945,21546.52
7707.81,-111.33999999999924,21787.59
7707.82,-111.32999999999993,21739.359
7707.83,-111.31999999999971,21450.146
7707.84,-111.30999999999949,21498.33
7707.85,-111.29999999999927,21450.146
7707.86,-111.28999999999996,21498.33
7707.87,-111.27999999999975,21691.139
7707.88,-111.26999999999953,21594.717
7707.89,-111.25999999999931,21450.146
7707.9,-111.25,21642.924
7707.91,-111.23999999999978,21642.924
7707.92,-111.22999999999956,21498.33
7707.93,-111.21999999999935,21353.809
7707.94,-111.21000000000004,21401.973
7707.95,-111.19999999999982,21546.52
7707.96,-111.1899999999996,21739.359
7707.97,-111.17999999999938,21498.33
7707.98,-111.17000000000007,21498.33
7707.99,-111.15999999999985,21546.52
7708.0,-111.14999999999964,21498.33
7708.01,-111.13999999999942,21498.33
7708.02,-111.1299999999992,21498.33
7708.03,-111.11999999999989,21450.146
7708.04,-111.10999999999967,21498.33
7708.05,-111.09999999999945,21546.52
7708.06,-111.08999999999924,21546.52
7708.07,-111.07999999999993,21401.973
7708.08,-111.06999999999971,21546.52
7708.09,-111.05999999999949,21450.146
7708.1,-111.04999999999927,21401.973
7708.11,-111.03999999999996,21498.33
7708.12,-111.02999999999975,21594.717
7708.13,-111.01999999999953,21546.52
7708.14,-111.00999999999931,21594.717
7708.15,-111.0,21498.33
7708.16,-110.98999999999978,21546.52
7708.17,-110.97999999999956,21642.924
7708.18,-110.96999999999935,21450.146
7708.19,-110.96000000000004,21401.973
7708.2,-110.94999999999982,21546.52
7708.21,-110.9399999999996,21642.924
7708.22,-110.92999999999938,21691.139
7708.23,-110.92000000000007,21546.52
7708.24,-110.90999999999985,21450.146
7708.25,-110.89999999999964,21305.65
7708.26,-110.88999999999942,21546.52
7708.27,-110.8799999999992,21450.146
7708.28,-110.86999999999989,21691.139
7708.29,-110.85999999999967,21450.146
7708.3,-110.84999999999945,21546.52
7708.31,-110.83999999999924,21401.973
7708.32,-110.82999999999993,21594.717
7708.33,-110.81999999999971,21546.52
7708.34,-110.80999999999949,21498.33
7708.35,-110.79999999999927,21401.973
7708.36,-110.78999999999996,21691.139
7708.37,-110.77999999999975,21594.717
7708.38,-110.76999999999953,21546.52
7708.39,-110.75999999999931,21498.33
7708.4,-110.75,21353.809
7708.41,-110.73999999999978,21691.139
7708.42,-110.72999999999956,21498.33
7708.43,-110.71999999999935,21546.52
7708.44,-110.71000000000004,21498.33
7708.45,-110.69999999999982,21594.717
7708.46,-110.6899999999996,21787.59
7708.47,-110.67999999999938,21594.717
7708.48,-110.67000000000007,21450.146
7708.49,-110.65999999999985,21546.52
7708.5,-110.64999999999964,21546.52
7708.51,-110.63999999999942,21450.146
7708.52,-110.6299999999992,21401.973
7708.53,-110.61999999999989,21594.717
7708.54,-110.60999999999967,21546.52
7708.55,-110.59999999999945,21353.809
7708.56,-110.58999999999924,21594.717
7708.57,-110.57999999999993,21594.717
7708.58,-110.56999999999971,21546.52
7708.59,-110.55999999999949,21594.717
7708.6,-110.54999999999927,21642.924
7708.61,-110.53999999999996,21546.52
7708.62,-110.52999999999975,21594.717
7708.63,-110.51999999999953,21450.146
7708.64,-110.50999999999931,21401.973
7708.65,-110.5,21546.52
7708.66,-110.48999999999978,21546.52
7708.67,-110.47999999999956,21594.717
7708.68,-110.46999999999935,21401.973
7708.69,-110.46000000000004,21353.809
7708.7,-110.44999999999982,21450.146
7708.71,-110.4399999999996,21546.52
7708.72,-110.42999999999938,21594.717
7708.73,-110.42000000000007,21498.33
7708.74,-110.40999999999985,21498.33
7708.75,-110.39999999999964,21594.717
7708.76,-110.38999999999942,21498.33
7708.77,-110.3799999999992,21642.924
7708.78,-110.36999999999989,21594.717
7708.79,-110.35999999999967,21498.33
7708.8,-110.34999999999945,21401.973
7708.81,-110.33999999999924,21546.52
7708.82,-110.32999999999993,21498.33
7708.83,-110.31999999999971,21594.717
7708.84,-110.30999999999949,21161.227
7708.85,-110.29999999999927,21450.146
7708.86,-110.28999999999996,21546.52
7708.87,-110.27999999999975,21546.52
7708.88,-110.26999999999953,21498.33
7708.89,-110.25999999999931,21401.973
7708.9,-110.25,21546.52
7708.91,-110.23999999999978,21691.139
7708.92,-110.22999999999956,21450.146
7708.93,-110.21999999999935,21498.33
7708.94,-110.21000000000004,21498.33
7708.95,-110.19999999999982,21594.717
7708.96,-110.1899999999996,21691.139
7708.97,-110.17999999999938,21401.973
7708.98,-110.17000000000007,21594.717
7708.99,-110.15999999999985,21546.52
7709.0,-110.14999999999964,21691.139
7709.01,-110.13999999999942,21498.33
7709.02,-110.1299999999992,21498.33
7709.03,-110.11999999999989,21642.924
7709.04,-110.10999999999967,21546.52
7709.05,-110.09999999999945,21546.52
7709.06,-110.08999999999924,21546.52
7709.07,-110.07999999999993,21450.146
7709.08,-110.06999999999971,21546.52
7709.09,-110.05999999999949,21353.809
7709.1,-110.04999999999927,21739.359
7709.11,-110.03999999999996,21594.717
7709.12,-110.02999999999975,21642.924
7709.13,-110.01999999999953,21642.924
7709.14,-110.00999999999931,21546.52
7709.15,-110.0,21594.717
7709.16,-109.98999999999978,21305.65
7709.17,-109.97999999999956,21546.52
7709.18,-109.96999999999935,21353.809
7709.19,-109.96000000000004,21642.924
7709.2,-109.94999999999982,21498.33
7709.21,-109.9399999999996,21546.52
7709.22,-109.92999999999938,21546.52
7709.23,-109.92000000000007,21498.33
7709.24,-109.90999999999985,21498.33
7709.25,-109.89999999999964,21353.809
7709.26,-109.88999999999942,21498.33
7709.27,-109.8799999999992,21642.924
7709.28,-109.86999999999989,21546.52
7709.29,-109.85999999999967,21594.717
7709.3,-109.84999999999945,21401.973
7709.31,-109.83999999999924,21787.59
7709.32,-109.82999999999993,21353.809
7709.33,-109.81999999999971,21594.717
7709.34,-109.80999999999949,21546.52
7709.35,-109.79999999999927,21594.717
7709.36,-109.78999999999996,21546.52
7709.37,-109.77999999999975,21642.924
7709.38,-109.76999999999953,21450.146
7709.39,-109.75999999999931,21353.809
7709.4,-109.75,21546.52
7709.41,-109.73999999999978,21594.717
7709.42,-109.72999999999956,21450.146
7709.43,-109.71999999999935,21642.924
7709.44,-109.71000000000004,21594.717
7709.45,-109.69999999999982,21787.59
7709.46,-109.6899999999996,21594.717
7709.47,-109.67999999999938,21642.924
7709.48,-109.67000000000007,21546.52
7709.49,-109.65999999999985,21498.33
7709.5,-109.64999999999964,21546.52
7709.51,-109.63999999999942,21546.52
7709.52,-109.6299999999992,21546.52
7709.53,-109.61999999999989,21546.52
7709.54,-109.60999999999967,21691.139
7709.55,-109.59999999999945,21498.33
7709.56,-109.58999999999924,21401.973
7709.57,-109.57999999999993,21498.33
7709.58,-109.56999999999971,21401.973
7709.59,-109.55999999999949,21209.359
7709.6,-109.54999999999927,21498.33
7709.61,-109.53999999999996,21594.717
7709.62,-109.52999999999975,21594.717
7709.63,-109.51999999999953,21546.52
7709.64,-109.50999999999931,21498.33
7709.65,-109.5,21642.924
7709.66,-109.48999999999978,21546.52
7709.67,-109.47999999999956,21546.52
7709.68,-109.46999999999935,21353.809
7709.69,-109.46000000000004,21594.717
7709.7,-109.44999999999982,21594.717
7709.71,-109.4399999999996,21546.52
7709.72,-109.42999999999938,21401.973
7709.73,-109.42000000000007,21450.146
7709.74,-109.40999999999985,21594.717
7709.75,-109.39999999999964,21401.973
7709.76,-109.38999999999942,21498.33
7709.77,-109.3799999999992,21353.809
7709.78,-109.36999999999989,21691.139
7709.79,-109.35999999999967,21546.52
7709.8,-109.34999999999945,21305.65
7709.81,-109.33999999999924,21594.717
7709.82,-109.32999999999993,21594.717
7709.83,-109.31999999999971,21691.139
7709.84,-109.30999999999949,21546.52
7709.85,-109.29999999999927,21594.717
7709.86,-109.28999999999996,21353.809
7709.87,-109.27999999999975,21546.52
7709.88,-109.26999999999953,21546.52
7709.89,-109.25999999999931,21642.924
7709.9,-109.25,21353.809
7709.91,-109.23999999999978,21450.146
7709.92,-109.22999999999956,21450.146
7709.93,-109.21999999999935,21691.139
7709.94,-109.21000000000004,21691.139
7709.95,-109.19999999999982,21739.359
7709.96,-109.1899999999996,21642.924
7709.97,-109.17999999999938,21546.52
7709.98,-109.17000000000007,21498.33
7709.99,-109.15999999999985,21691.139
7710.0,-109.14999999999964,21353.809
7710.01,-109.13999999999942,21498.33
7710.02,-109.1299999999992,21498.33
7710.03,-109.11999999999989,21498.33
7710.04,-109.10999999999967,21546.52
7710.05,-109.09999999999945,21594.717
7710.06,-109.08999999999924,21594.717
7710.07,-109.07999999999993,21305.65
7710.08,-109.06999999999971,21546.52
7710.09,-109.05999999999949,21353.809
7710.1,-109.04999999999927,21546.52
7710.11,-109.03999999999996,21642.924
7710.12,-109.02999999999975,21546.52
7710.13,-109.01999999999953,21594.717
7710.14,-109.00999999999931,21498.33
7710.15,-109.0,21691.139
7710.16,-108.98999999999978,21642.924
7710.17,-108.97999999999956,21450.146
7710.18,-108.96999999999935,21691.139
7710.19,-108.96000000000004,21498.33
7710.2,-108.94999999999982,21401.973
7710.21,-108.9399999999996,21450.146
7710.22,-108.92999999999938,21450.146
7710.23,-108.92000000000007,21401.973
7710.24,-108.90999999999985,21642.924
7710.25,-108.89999999999964,21353.809
7710.26,-108.88999999999942,21450.146
7710.27,-108.8799999999992,21594.717
7710.28,-108.86999999999989,21546.52
7710.29,-108.85999999999967,21546.52
7710.3,-108.84999999999945,21546.52
7710.31,-108.83999999999924,21594.717
7710.32,-108.82999999999993,21642.924
7710.33,-108.81999999999971,21401.973
7710.34,-108.80999999999949,21450.146
7710.35,-108.79999999999927,21594.717
7710.36,-108.78999999999996,21546.52
7710.37,-108.77999999999975,21546.52
7710.38,-108.76999999999953,21594.717
7710.39,-108.75999999999931,21691.139
7710.4,-108.75,21498.33
7710.41,-108.73999999999978,21401.973
7710.42,-108.72999999999956,21353.809
7710.43,-108.71999999999935,21546.52
7710.44,-108.71000000000004,21594.717
7710.45,-108.69999999999982,21739.359
7710.46,-108.6899999999996,21594.717
7710.47,-108.67999999999938,21642.924
7710.48,-108.67000000000007,21546.52
7710.49,-108.65999999999985,21498.33
7710.5,-108.64999999999964,21498.33
7710.51,-108.63999999999942,21642.924
7710.52,-108.6299999999992,21546.52
7710.53,-108.61999999999989,21546.52
7710.54,-108.60999999999967,21498.33
7710.55,-108.59999999999945,21594.717
7710.56,-108.58999999999924,21450.146
7710.57,-108.57999999999993,21691.139
7710.58,-108.56999999999971,21546.52
7710.59,-108.55999999999949,21594.717
7710.6,-108.54999999999927,21594.717
7710.61,-108.53999999999996,21401.973
7710.62,-108.52999999999975,21594.717
7710.63,-108.51999999999953,21594.717
7710.64,-108.50999999999931,21498.33
7710.65,-108.5,21594.717
7710.66,-108.48999999999978,21691.139
7710.67,-108.47999999999956,21546.52
7710.68,-108.46999999999935,21498.33
7710.69,-108.46000000000004,21450.146
7710.7,-108.44999999999982,21546.52
7710.71,-108.4399999999996,21257.502
7710.72,-108.42999999999938,21401.973
7710.73,-108.42000000000007,21546.52
7710.74,-108.40999999999985,21450.146
7710.75,-108.39999999999964,21450.146
7710.76,-108.38999999999942,21353.809
7710.77,-108.3799999999992,21546.52
7710.78,-108.36999999999989,21739.359
7710.79,-108.35999999999967,21450.146
7710.8,-108.34999999999945,21450.146
7710.81,-108.33999999999924,21594.717
7710.82,-108.32999999999993,21450.146
7710.83,-108.31999999999971,21691.139
7710.84,-108.30999999999949,21353.809
7710.85,-108.29999999999927,21498.33
7710.86,-108.28999999999996,21691.139
7710.87,-108.27999999999975,21401.973
7710.88,-108.26999999999953,21594.717
7710.89,-108.25999999999931,21450.146
7710.9,-108.25,21546.52
7710.91,-108.23999999999978,21594.717
7710.92,-108.22999999999956,21401.973
7710.93,-108.21999999999935,21498.33
7710.94,-108.21000000000004,21546.52
7710.95,-108.19999999999982,21450.146
7710.96,-108.1899999999996,21787.59
7710.97,-108.17999999999938,21642.924
7710.98,-108.17000000000007,21498.33
7710.99,-108.15999999999985,21594.717
7711.0,-108.14999999999964,21450.146
7711.01,-108.13999999999942,21642.924
7711.02,-108.1299999999992,21450.146
7711.03,-108.11999999999989,21835.83
7711.04,-108.10999999999967,21401.973
7711.05,-108.09999999999945,21691.139
7711.06,-108.08999999999924,21739.359
7711.07,-108.07999999999993,21546.52
7711.08,-108.06999999999971,21546.52
7711.09,-108.05999999999949,21498.33
7711.1,-108.04999999999927,21450.146
7711.11,-108.03999999999996,21594.717
7711.12,-108.02999999999975,21498.33
7711.13,-108.01999999999953,21257.502
7711.14,-108.00999999999931,21594.717
7711.15,-108.0,21594.717
7711.16,-107.98999999999978,21450.146
7711.17,-107.97999999999956,21498.33
7711.18,-107.96999999999935,21498.33
7711.19,-107.96000000000004,21594.717
7711.2,-107.94999999999982,21401.973
7711.21,-107.9399999999996,21546.52
7711.22,-107.92999999999938,21546.52
7711.23,-107.92000000000007,21546.52
7711.24,-107.90999999999985,21594.717
7711.25,-107.89999999999964,21594.717
7711.26,-107.88999999999942,21498.33
7711.27,-107.8799999999992,21546.52
7711.28,-107.86999999999989,21787.59
7711.29,-107.85999999999967,21594.717
7711.3,-107.84999999999945,21546.52
7711.31,-107.83999999999924,21353.809
7711.32,-107.82999999999993,21305.65
7711.33,-107.81999999999971,21498.33
7711.34,-107.80999999999949,21401.973
7711.35,-107.79999999999927,21546.52
7711.36,-107.78999999999996,21594.717
7711.37,-107.77999999999975,21594.717
7711.38,-107.76999999999953,21498.33
7711.39,-107.75999999999931,21594.717
7711.4,-107.75,21594.717
7711.41,-107.73999999999978,21594.717
7711.42,-107.72999999999956,21546.52
7711.43,-107.71999999999935,21353.809
7711.44,-107.71000000000004,21691.139
7711.45,-107.69999999999982,21642.924
7711.46,-107.6899999999996,21498.33
7711.47,-107.67999999999938,21546.52
7711.48,-107.67000000000007,21401.973
7711.49,-107.65999999999985,21594.717
7711.5,-107.64999999999964,21498.33
7711.51,-107.63999999999942,21401.973
7711.52,-107.6299999999992,21594.717
7711.53,-107.61999999999989,21498.33
7711.54,-107.60999999999967,21353.809
7711.55,-107.59999999999945,21594.717
7711.56,-107.58999999999924,21546.52
7711.57,-107.57999999999993,21691.139
7711.58,-107.56999999999971,21353.809
7711.59,-107.55999999999949,21546.52
7711.6,-107.54999999999927,21691.139
7711.61,-107.53999999999996,21546.52
7711.62,-107.52999999999975,21450.146
7711.63,-107.51999999999953,21353.809
7711.64,-107.50999999999931,21787.59
7711.65,-107.5,21546.52
7711.66,-107.48999999999978,21546.52
7711.67,-107.47999999999956,21594.717
7711.68,-107.46999999999935,21642.924
7711.69,-107.46000000000004,21450.146
7711.7,-107.44999999999982,21498.33
7711.71,-107.4399999999996,21546.52
7711.72,-107.42999999999938,21546.52
7711.73,-107.42000000000007,21546.52
7711.74,-107.40999999999985,21546.52
7711.75,-107.39999999999964,21546.52
7711.76,-107.38999999999942,21594.717
7711.77,-107.3799999999992,21450.146
7711.78,-107.36999999999989,21642.924
7711.79,-107.35999999999967,21450.146
7711.8,-107.34999999999945,21642.924
7711.81,-107.33999999999924,21787.59
7711.82,-107.32999999999993,21546.52
7711.83,-107.31999999999971,21546.52
7711.84,-107.30999999999949,21450.146
7711.85,-107.29999999999927,21642.924
7711.86,-107.28999999999996,21353.809
7711.87,-107.27999999999975,21546.52
7711.88,-107.26999999999953,21450.146
7711.89,-107.25999999999931,21401.973
7711.9,-107.25,21401.973
7711.91,-107.23999999999978,21161.227
7711.92,-107.22999999999956,22028.865
7711.93,-107.21999999999935,22947.563
7711.94,-107.21000000000004,23674.92
7711.95,-107.19999999999982,23869.189
7711.96,-107.1899999999996,23869.189
7711.97,-107.17999999999938,23869.189
7711.98,-107.17000000000007,23917.777
7711.99,-107.15999999999985,23772.039
7712.0,-107.14999999999964,23480.779
7712.01,-107.13999999999942,23723.475
7712.02,-107.1299999999992,23772.039
7712.03,-107.11999999999989,23529.301
7712.04,-107.10999999999967,23577.832
7712.05,-107.09999999999945,23723.475
7712.06,-107.08999999999924,23626.373
7712.07,-107.07999999999993,23820.611
7712.08,-107.06999999999971,23529.301
7712.09,-107.05999999999949,23772.039
7712.1,-107.04999999999927,23917.777
7712.11,-107.03999999999996,23723.475
7712.12,-107.02999999999975,23917.777
7712.13,-107.01999999999953,23772.039
7712.14,-107.00999999999931,23917.777
7712.15,-107.0,23869.189
7712.16,-106.98999999999978,23674.92
7712.17,-106.97999999999956,23626.373
7712.18,-106.96999999999935,23529.301
7712.19,-106.96000000000004,23626.373
7712.2,-106.94999999999982,23674.92
7712.21,-106.9399999999996,23723.475
7712.22,-106.92999999999938,23674.92
7712.23,-106.92000000000007,23577.832
7712.24,-106.90999999999985,23820.611
7712.25,-106.89999999999964,23626.373
7712.26,-106.88999999999942,23869.189
7712.27,-106.8799999999992,23723.475
7712.28,-106.86999999999989,23674.92
7712.29,-106.85999999999967,23869.189
7712.3,-106.84999999999945,24014.979
7712.31,-106.83999999999924,23820.611
7712.32,-106.82999999999993,23869.189
7712.33,-106.81999999999971,23674.92
7712.34,-106.80999999999949,23529.301
7712.35,-106.79999999999927,23917.777
7712.36,-106.78999999999996,23626.373
7712.37,-106.77999999999975,23577.832
7712.38,-106.76999999999953,23723.475
7712.39,-106.75999999999931,23820.611
7712.4,-106.75,23723.475
7712.41,-106.73999999999978,23674.92
7712.42,-106.72999999999956,23674.92
7712.43,-106.71999999999935,23772.039
7712.44,-106.71000000000004,23723.475
7712.45,-106.69999999999982,23723.475
7712.46,-106.6899999999996,23917.777
7712.47,-106.67999999999938,24112.211
7712.48,-106.67000000000007,23772.039
7712.49,-106.65999999999985,23917.777
7712.5,-106.64999999999964,23723.475
7712.51,-106.63999999999942,23626.373
7712.52,-106.6299999999992,23383.758
7712.53,-106.61999999999989,23674.92
7712.54,-106.60999999999967,23626.373
7712.55,-106.59999999999945,23674.92
7712.56,-106.58999999999924,23577.832
7712.57,-106.57999999999993,23723.475
7712.58,-106.56999999999971,23772.039
7712.59,-106.55999999999949,23626.373
7712.6,-106.54999999999927,23820.611
7712.61,-106.53999999999996,23626.373
7712.62,-106.52999999999975,23772.039
7712.63,-106.51999999999953,23869.189
7712.64,-106.50999999999931,23820.611
7712.65,-106.5,23820.611
7712.66,-106.48999999999978,23626.373
7712.67,-106.47999999999956,23674.92
7712.68,-106.46999999999935,23674.92
7712.69,-106.46000000000004,23577.832
7712.7,-106.44999999999982,23674.92
7712.71,-106.4399999999996,23869.189
7712.72,-106.42999999999938,23820.611
7712.73,-106.42000000000007,23723.475
7712.74,-106.40999999999985,23869.189
7712.75,-106.39999999999964,23723.475
7712.76,-106.38999999999942,23674.92
7712.77,-106.3799999999992,24696.291
7712.78,-106.36999999999989,25037.545
7712.79,-106.35999999999967,24842.494
7712.8,-106.34999999999945,24891.244
7712.81,-106.33999999999924,24842.494
7712.82,-106.32999999999993,24891.244
7712.83,-106.31999999999971,24745.018
7712.84,-106.30999999999949,24209.477
7712.85,-106.29999999999927,22705.516
7712.86,-106.28999999999996,21884.076
7712.87,-106.27999999999975,21450.146
7712.88,-106.26999999999953,21594.717
7712.89,-106.25999999999931,21691.139
7712.9,-106.25,21594.717
7712.91,-106.23999999999978,21884.076
7712.92,-106.22999999999956,21691.139
7712.93,-106.21999999999935,21546.52
7712.94,-106.21000000000004,21498.33
7712.95,-106.19999999999982,21594.717
7712.96,-106.1899999999996,21642.924
7712.97,-106.17999999999938,21594.717
7712.98,-106.17000000000007,21546.52
7712.99,-106.15999999999985,21546.52
7713.0,-106.14999999999964,21739.359
7713.01,-106.13999999999942,21691.139
7713.02,-106.1299999999992,21546.52
7713.03,-106.11999999999989,21691.139
7713.04,-106.10999999999967,21739.359
7713.05,-106.09999999999945,21594.717
7713.06,-106.08999999999924,21594.717
7713.07,-106.07999999999993,21739.359
7713.08,-106.06999999999971,21691.139
7713.09,-106.05999999999949,21642.924
7713.1,-106.04999999999927,21691.139
7713.11,-106.03999999999996,21546.52
7713.12,-106.02999999999975,21691.139
7713.13,-106.01999999999953,21353.809
7713.14,-106.00999999999931,21642.924
7713.15,-106.0,21739.359
7713.16,-105.98999999999978,21546.52
7713.17,-105.97999999999956,21594.717
7713.18,-105.96999999999935,21353.809
7713.19,-105.96000000000004,21739.359
7713.2,-105.94999999999982,21594.717
7713.21,-105.9399999999996,21353.809
7713.22,-105.92999999999938,21498.33
7713.23,-105.92000000000007,21546.52
7713.24,-105.90999999999985,21932.332
7713.25,-105.89999999999964,21594.717
7713.26,-105.88999999999942,21546.52
7713.27,-105.8799999999992,21546.52
7713.28,-105.86999999999989,21450.146
7713.29,-105.85999999999967,21691.139
7713.3,-105.84999999999945,21691.139
7713.31,-105.83999999999924,21980.594
7713.32,-105.82999999999993,21739.359
7713.33,-105.81999999999971,21546.52
7713.34,-105.80999999999949,21450.146
7713.35,-105.79999999999927,21401.973
7713.36,-105.78999999999996,21884.076
7713.37,-105.77999999999975,21546.52
7713.38,-105.76999999999953,21594.717
7713.39,-105.75999999999931,21594.717
7713.4,-105.75,21691.139
7713.41,-105.73999999999978,21642.924
7713.42,-105.72999999999956,21642.924
7713.43,-105.71999999999935,21642.924
7713.44,-105.71000000000004,21546.52
7713.45,-105.69999999999982,21546.52
7713.46,-105.6899999999996,21739.359
7713.47,-105.67999999999938,21691.139
7713.48,-105.67000000000007,21787.59
7713.49,-105.65999999999985,21787.59
7713.5,-105.64999999999964,21642.924
7713.51,-105.63999999999942,21642.924
7713.52,-105.6299999999992,21594.717
7713.53,-105.61999999999989,21498.33
7713.54,-105.60999999999967,21546.52
7713.55,-105.59999999999945,21546.52
7713.56,-105.58999999999924,21594.717
7713.57,-105.57999999999993,21691.139
7713.58,-105.56999999999971,21642.924
7713.59,-105.55999999999949,21498.33
7713.6,-105.54999999999927,21546.52
7713.61,-105.53999999999996,21498.33
7713.62,-105.52999999999975,21787.59
7713.63,-105.51999999999953,21498.33
7713.64,-105.50999999999931,21787.59
7713.65,-105.5,21642.924
7713.66,-105.48999999999978,21546.52
7713.67,-105.47999999999956,21594.717
7713.68,-105.46999999999935,21594.717
7713.69,-105.46000000000004,21594.717
7713.7,-105.44999999999982,21739.359
7713.71,-105.4399999999996,21594.717
7713.72,-105.42999999999938,21594.717
7713.73,-105.42000000000007,21691.139
7713.74,-105.40999999999985,21642.924
7713.75,-105.39999999999964,21642.924
7713.76,-105.38999999999942,21546.52
7713.77,-105.3799999999992,21691.139
7713.78,-105.36999999999989,21450.146
7713.79,-105.35999999999967,21739.359
7713.8,-105.34999999999945,21594.717
7713.81,-105.33999999999924,21642.924
7713.82,-105.32999999999993,21546.52
7713.83,-105.31999999999971,21739.359
7713.84,-105.30999999999949,21691.139
7713.85,-105.29999999999927,21642.924
7713.86,-105.28999999999996,21450.146
7713.87,-105.27999999999975,21594.717
7713.88,-105.26999999999953,21594.717
7713.89,-105.25999999999931,21691.139
7713.9,-105.25,21594.717
7713.91,-105.23999999999978,21691.139
7713.92,-105.22999999999956,21642.924
7713.93,-105.21999999999935,21450.146
7713.94,-105.21000000000004,21642.924
7713.95,-105.19999999999982,21594.717
7713.96,-105.1899999999996,21642.924
7713.97,-105.17999999999938,21498.33
7713.98,-105.17000000000007,21450.146
7713.99,-105.15999999999985,21594.717
7714.0,-105.14999999999964,21546.52
7714.01,-105.13999999999942,21546.52
7714.02,-105.1299999999992,21546.52
7714.03,-105.11999999999989,21691.139
7714.04,-105.10999999999967,21642.924
7714.05,-105.09999999999945,21546.52
7714.06,-105.08999999999924,21546.52
7714.07,-105.07999999999993,21594.717
7714.08,-105.06999999999971,21691.139
7714.09,-105.05999999999949,21450.146
7714.1,-105.04999999999927,21546.52
7714.11,-105.03999999999996,21546.52
7714.12,-105.02999999999975,21594.717
7714.13,-105.01999999999953,21546.52
7714.14,-105.00999999999931,21739.359
7714.15,-105.0,21498.33
7714.16,-104.98999999999978,21546.52
7714.17,-104.97999999999956,21450.146
7714.18,-104.96999999999935,21546.52
7714.19,-104.96000000000004,21642.924
7714.2,-104.94999999999982,21642.924
7714.21,-104.9399999999996,21642.924
7714.22,-104.92999999999938,21546.52
7714.23,-104.92000000000007,21739.359
7714.24,-104.90999999999985,21642.924
7714.25,-104.89999999999964,21739.359
7714.26,-104.88999999999942,21642.924
7714.27,-104.8799999999992,21642.924
7714.28,-104.86999999999989,21594.717
7714.29,-104.85999999999967,21642.924
7714.3,-104.84999999999945,21546.52
7714.31,-104.83999999999924,21594.717
7714.32,-104.82999999999993,21739.359
7714.33,-104.81999999999971,21642.924
7714.34,-104.80999999999949,21691.139
7714.35,-104.79999999999927,21594.717
7714.36,-104.78999999999996,21401.973
7714.37,-104.77999999999975,21691.139
7714.38,-104.76999999999953,21594.717
7714.39,-104.75999999999931,21691.139
7714.4,-104.75,21594.717
7714.41,-104.73999999999978,21642.924
7714.42,-104.72999999999956,21450.146
7714.43,-104.71999999999935,21739.359
7714.44,-104.71000000000004,21691.139
7714.45,-104.69999999999982,21642.924
7714.46,-104.6899999999996,21546.52
7714.47,-104.67999999999938,21739.359
7714.48,-104.67000000000007,21835.83
7714.49,-104.65999999999985,21739.359
7714.5,-104.64999999999964,21642.924
7714.51,-104.63999999999942,21739.359
7714.52,-104.6299999999992,21546.52
7714.53,-104.61999999999989,21594.717
7714.54,-104.60999999999967,21787.59
7714.55,-104.59999999999945,21498.33
7714.56,-104.58999999999924,21642.924
7714.57,-104.57999999999993,21498.33
7714.58,-104.56999999999971,21498.33
7714.59,-104.55999999999949,21401.973
7714.6,-104.54999999999927,21353.809
7714.61,-104.53999999999996,21546.52
7714.62,-104.52999999999975,21691.139
7714.63,-104.51999999999953,21594.717
7714.64,-104.50999999999931,21546.52
7714.65,-104.5,21546.52
7714.66,-104.48999999999978,21739.359
7714.67,-104.47999999999956,21450.146
7714.68,-104.46999999999935,21546.52
7714.69,-104.46000000000004,21498.33
7714.7,-104.44999999999982,21450.146
7714.71,-104.4399999999996,21450.146
7714.72,-104.42999999999938,21546.52
7714.73,-104.42000000000007,21546.52
7714.74,-104.40999999999985,21546.52
7714.75,-104.39999999999964,21594.717
7714.76,-104.38999999999942,21787.59
7714.77,-104.3799999999992,21353.809
7714.78,-104.36999999999989,21546.52
7714.79,-104.35999999999967,21691.139
7714.8,-104.34999999999945,21642.924
7714.81,-104.33999999999924,21546.52
7714.82,-104.32999999999993,21401.973
7714.83,-104.31999999999971,21787.59
7714.84,-104.30999999999949,21642.924
7714.85,-104.29999999999927,21594.717
7714.86,-104.28999999999996,21546.52
7714.87,-104.27999999999975,21691.139
7714.88,-104.26999999999953,21739.359
7714.89,-104.25999999999931,21546.52
7714.9,-104.25,21642.924
7714.91,-104.23999999999978,21691.139
7714.92,-104.22999999999956,21401.973
7714.93,-104.21999999999935,21594.717
7714.94,-104.21000000000004,21594.717
7714.95,-104.19999999999982,21787.59
7714.96,-104.1899999999996,21594.717
7714.97,-104.17999999999938,21450.146
7714.98,-104.17000000000007,21450.146
7714.99,-104.15999999999985,21739.359
7715.0,-104.14999999999964,21594.717
7715.01,-104.13999999999942,21642.924
7715.02,-104.1299999999992,21691.139
7715.03,-104.11999999999989,21642.924
7715.04,-104.10999999999967,21980.594
7715.05,-104.09999999999945,21546.52
7715.06,-104.08999999999924,21691.139
7715.07,-104.07999999999993,21787.59
7715.08,-104.06999999999971,21835.83
7715.09,-104.05999999999949,21691.139
7715.1,-104.04999999999927,21691.139
7715.11,-104.03999999999996,21450.146
7715.12,-104.02999999999975,21642.924
7715.13,-104.01999999999953,21642.924
7715.14,-104.00999999999931,21498.33
7715.15,-104.0,21691.139
7715.16,-103.98999999999978,21691.139
7715.17,-103.97999999999956,21546.52
7715.18,-103.96999999999935,21257.502
7715.19,-103.96000000000004,21594.717
7715.2,-103.94999999999982,21546.52
7715.21,-103.9399999999996,21594.717
7715.22,-103.92999999999938,21642.924
7715.23,-103.92000000000007,21546.52
7715.24,-103.90999999999985,21498.33
7715.25,-103.89999999999964,21546.52
7715.26,-103.88999999999942,21546.52
7715.27,-103.8799999999992,21546.52
7715.28,-103.86999999999989,21642.924
7715.29,-103.85999999999967,21546.52
7715.3,-103.84999999999945,21305.65
7715.31,-103.83999999999924,21642.924
7715.32,-103.82999999999993,21787.59
7715.33,-103.81999999999971,21594.717
7715.34,-103.80999999999949,21546.52
7715.35,-103.79999999999927,21546.52
7715.36,-103.78999999999996,21691.139
7715.37,-103.77999999999975,21642.924
7715.38,-103.76999999999953,21498.33
7715.39,-103.75999999999931,21546.52
7715.4,-103.75,21787.59
7715.41,-103.73999999999978,21739.359
7715.42,-103.72999999999956,21739.359
7715.43,-103.71999999999935,21642.924
7715.44,-103.71000000000004,21691.139
7715.45,-103.69999999999982,21498.33
7715.46,-103.6899999999996,21498.33
7715.47,-103.67999999999938,21498.33
7715.48,-103.67000000000007,21642.924
7715.49,-103.65999999999985,21594.717
7715.5,-103.64999999999964,21691.139
7715.51,-103.63999999999942,21353.809
7715.52,-103.6299999999992,21546.52
7715.53,-103.61999999999989,21594.717
7715.54,-103.60999999999967,21594.717
7715.55,-103.59999999999945,21450.146
7715.56,-103.58999999999924,21594.717
7715.57,-103.57999999999993,21498.33
7715.58,-103.56999999999971,21498.33
7715.59,-103.55999999999949,21498.33
7715.6,-103.54999999999927,21642.924
7715.61,-103.53999999999996,21450.146
7715.62,-103.52999999999975,21642.924
7715.63,-103.51999999999953,21401.973
7715.64,-103.50999999999931,21546.52
7715.65,-103.5,21546.52
7715.66,-103.48999999999978,21691.139
7715.67,-103.47999999999956,21642.924
7715.68,-103.46999999999935,21642.924
7715.69,-103.46000000000004,21546.52
7715.7,-103.44999999999982,21594.717
7715.71,-103.4399999999996,21594.717
7715.72,-103.42999999999938,21546.52
7715.73,-103.42000000000007,21594.717
7715.74,-103.40999999999985,21594.717
7715.75,-103.39999999999964,21546.52
7715.76,-103.38999999999942,21401.973
7715.77,-103.3799999999992,21594.717
7715.78,-103.36999999999989,21739.359
7715.79,-103.35999999999967,21594.717
7715.8,-103.34999999999945,21546.52
7715.81,-103.33999999999924,21739.359
7715.82,-103.32999999999993,21546.52
7715.83,-103.31999999999971,21691.139
7715.84,-103.30999999999949,21401.973
7715.85,-103.29999999999927,21594.717
7715.86,-103.28999999999996,21546.52
7715.87,-103.27999999999975,21546.52
7715.88,-103.26999999999953,21450.146
7715.89,-103.25999999999931,21498.33
7715.9,-103.25,21498.33
7715.91,-103.23999999999978,21739.359
7715.92,-103.22999999999956,21546.52
7715.93,-103.21999999999935,21546.52
7715.94,-103.21000000000004,21546.52
7715.95,-103.19999999999982,21739.359
7715.96,-103.1899999999996,21594.717
7715.97,-103.17999999999938,21498.33
7715.98,-103.17000000000007,21498.33
7715.99,-103.15999999999985,21498.33
7716.0,-103.14999999999964,21594.717
7716.01,-103.13999999999942,21594.717
7716.02,-103.1299999999992,21546.52
7716.03,-103.11999999999989,21353.809
7716.04,-103.10999999999967,21401.973
7716.05,-103.09999999999945,21642.924
7716.06,-103.08999999999924,21546.52
7716.07,-103.07999999999993,21450.146
7716.08,-103.06999999999971,21787.59
7716.09,-103.05999999999949,21691.139
7716.1,-103.04999999999927,21498.33
7716.11,-103.03999999999996,21594.717
7716.12,-103.02999999999975,21642.924
7716.13,-103.01999999999953,21498.33
7716.14,-103.00999999999931,21642.924
7716.15,-103.0,21450.146
7716.16,-102.98999999999978,21546.52
7716.17,-102.97999999999956,21546.52
7716.18,-102.96999999999935,21450.146
7716.19,-102.96000000000004,21546.52
7716.2,-102.94999999999982,21546.52
7716.21,-102.9399999999996,21787.59
7716.22,-102.92999999999938,21691.139
7716.23,-102.92000000000007,21546.52
7716.24,-102.90999999999985,21739.359
7716.25,-102.89999999999964,21546.52
7716.26,-102.88999999999942,21546.52
7716.27,-102.8799999999992,21546.52
7716.28,-102.86999999999989,21691.139
7716.29,-102.85999999999967,21546.52
7716.3,-102.84999999999945,21498.33
7716.31,-102.83999999999924,21546.52
7716.32,-102.82999999999993,21691.139
7716.33,-102.81999999999971,21353.809
7716.34,-102.80999999999949,21401.973
7716.35,-102.79999999999927,21546.52
7716.36,-102.78999999999996,21450.146
7716.37,-102.77999999999975,21642.924
7716.38,-102.76999999999953,21594.717
7716.39,-102.75999999999931,21594.717
7716.4,-102.75,21546.52
7716.41,-102.73999999999978,21691.139
7716.42,-102.72999999999956,21691.139
7716.43,-102.71999999999935,21642.924
7716.44,-102.71000000000004,21642.924
7716.45,-102.69999999999982,21787.59
7716.46,-102.6899999999996,21642.924
7716.47,-102.67999999999938,21546.52
7716.48,-102.67000000000007,21594.717
7716.49,-102.65999999999985,21642.924
7716.5,-102.64999999999964,21594.717
7716.51,-102.63999999999942,21353.809
7716.52,-102.6299999999992,21546.52
7716.53,-102.61999999999989,21353.809
7716.54,-102.60999999999967,21594.717
7716.55,-102.59999999999945,21401.973
7716.56,-102.58999999999924,21642.924
7716.57,-102.57999999999993,21739.359
7716.58,-102.56999999999971,21739.359
7716.59,-102.55999999999949,21642.924
7716.6,-102.54999999999927,21305.65
7716.61,-102.53999999999996,21642.924
7716.62,-102.52999999999975,21450.146
7716.63,-102.51999999999953,21546.52
7716.64,-102.50999999999931,21594.717
7716.65,-102.5,21498.33
7716.66,-102.48999999999978,21594.717
7716.67,-102.47999999999956,21546.52
7716.68,-102.46999999999935,21594.717
7716.69,-102.46000000000004,21884.076
7716.7,-102.44999999999982,21498.33
7716.71,-102.4399999999996,21353.809
7716.72,-102.42999999999938,21594.717
7716.73,-102.42000000000007,21546.52
7716.74,-102.40999999999985,21498.33
7716.75,-102.39999999999964,21642.924
7716.76,-102.38999999999942,21594.717
7716.77,-102.3799999999992,21594.717
7716.78,-102.36999999999989,21642.924
7716.79,-102.35999999999967,21546.52
7716.8,-102.34999999999945,21401.973
7716.81,-102.33999999999924,21594.717
7716.82,-102.32999999999993,21691.139
7716.83,-102.31999999999971,21642.924
7716.84,-102.30999999999949,21546.52
7716.85,-102.29999999999927,21594.717
7716.86,-102.28999999999996,21594.717
7716.87,-102.27999999999975,21546.52
7716.88,-102.26999999999953,21787.59
7716.89,-102.25999999999931,21642.924
7716.9,-102.25,21739.359
7716.91,-102.23999999999978,21835.83
7716.92,-102.22999999999956,21546.52
7716.93,-102.21999999999935,21353.809
7716.94,-102.21000000000004,21739.359
7716.95,-102.19999999999982,21787.59
7716.96,-102.1899999999996,21498.33
7716.97,-102.17999999999938,21691.139
7716.98,-102.17000000000007,21642.924
7716.99,-102.15999999999985,21594.717
7717.0,-102.14999999999964,21642.924
7717.01,-102.13999999999942,21594.717
7717.02,-102.1299999999992,21642.924
7717.03,-102.11999999999989,21546.52
7717.04,-102.10999999999967,21546.52
7717.05,-102.09999999999945,21450.146
7717.06,-102.08999999999924,21691.139
7717.07,-102.07999999999993,21787.59
7717.08,-102.06999999999971,21691.139
7717.09,-102.05999999999949,21594.717
7717.1,-102.04999999999927,21594.717
7717.11,-102.03999999999996,21594.717
7717.12,-102.02999999999975,21546.52
7717.13,-102.01999999999953,21691.139
7717.14,-102.00999999999931,21691.139
7717.15,-102.0,21594.717
7717.16,-101.98999999999978,21546.52
7717.17,-101.97999999999956,21594.717
7717.18,-101.96999999999935,21450.146
7717.19,-101.96000000000004,21594.717
7717.2,-101.94999999999982,21546.52
7717.21,-101.9399999999996,21594.717
7717.22,-101.92999999999938,21401.973
7717.23,-101.92000000000007,21642.924
7717.24,-101.90999999999985,21691.139
7717.25,-101.89999999999964,21594.717
7717.26,-101.88999999999942,21594.717
7717.27,-101.8799999999992,21594.717
7717.28,-101.86999999999989,21594.717
7717.29,-101.85999999999967,21594.717
7717.3,-101.84999999999945,21450.146
7717.31,-101.83999999999924,21691.139
7717.32,-101.82999999999993,21546.52
7717.33,-101.81999999999971,21739.359
7717.34,-101.80999999999949,21450.146
7717.35,-101.79999999999927,21787.59
7717.36,-101.78999999999996,21787.59
7717.37,-101.77999999999975,21739.359
7717.38,-101.76999999999953,21498.33
7717.39,-101.75999999999931,21691.139
7717.4,-101.75,21546.52
7717.41,-101.73999999999978,21739.359
7717.42,-101.72999999999956,21594.717
7717.43,-101.71999999999935,21739.359
7717.44,-101.71000000000004,21594.717
7717.45,-101.69999999999982,21739.359
7717.46,-101.6899999999996,21498.33
7717.47,-101.67999999999938,21546.52
7717.48,-101.67000000000007,21498.33
7717.49,-101.65999999999985,21594.717
7717.5,-101.64999999999964,21546.52
7717.51,-101.63999999999942,21498.33
7717.52,-101.6299999999992,21787.59
7717.53,-101.61999999999989,21594.717
7717.54,-101.60999999999967,21691.139
7717.55,-101.59999999999945,21594.717
7717.56,-101.58999999999924,21691.139
7717.57,-101.57999999999993,21594.717
7717.58,-101.56999999999971,21739.359
7717.59,-101.55999999999949,21787.59
7717.6,-101.54999999999927,21594.717
7717.61,-101.53999999999996,21594.717
7717.62,-101.52999999999975,21498.33
7717.63,-101.51999999999953,21642.924
7717.64,-101.50999999999931,21498.33
7717.65,-101.5,21642.924
7717.66,-101.48999999999978,21642.924
7717.67,-101.47999999999956,21594.717
7717.68,-101.46999999999935,21546.52
7717.69,-101.46000000000004,21594.717
7717.7,-101.44999999999982,21642.924
7717.71,-101.4399999999996,21498.33
7717.72,-101.42999999999938,21450.146
7717.73,-101.42000000000007,21450.146
7717.74,-101.40999999999985,21787.59
7717.75,-101.39999999999964,21594.717
7717.76,-101.38999999999942,21642.924
7717.77,-101.3799999999992,21546.52
7717.78,-101.36999999999989,21594.717
7717.79,-101.35999999999967,21739.359
7717.8,-101.34999999999945,21450.146
7717.81,-101.33999999999924,21642.924
7717.82,-101.32999999999993,21546.52
7717.83,-101.31999999999971,21642.924
7717.84,-101.30999999999949,21594.717
7717.85,-101.29999999999927,21401.973
7717.86,-101.28999999999996,21546.52
7717.87,-101.27999999999975,21546.52
7717.88,-101.26999999999953,21353.809
7717.89,-101.25999999999931,21450.146
7717.9,-101.25,21450.146
7717.91,-101.23999999999978,21353.809
7717.92,-101.22999999999956,21498.33
7717.93,-101.21999999999935,21353.809
7717.94,-101.21000000000004,21691.139
7717.95,-101.19999999999982,21546.52
7717.96,-101.1899999999996,21642.924
7717.97,-101.17999999999938,21642.924
7717.98,-101.17000000000007,21739.359
7717.99,-101.15999999999985,21691.139
7718.0,-101.14999999999964,21642.924
7718.01,-101.13999999999942,21594.717
7718.02,-101.1299999999992,21546.52
7718.03,-101.11999999999989,21594.717
7718.04,-101.10999999999967,21594.717
7718.05,-101.09999999999945,21498.33
7718.06,-101.08999999999924,21594.717
7718.07,-101.07999999999993,21691.139
7718.08,-101.06999999999971,21691.139
7718.09,-101.05999999999949,21546.52
7718.1,-101.04999999999927,21691.139
7718.11,-101.03999999999996,21546.52
7718.12,-101.02999999999975,21691.139
7718.13,-101.01999999999953,21498.33
7718.14,-101.00999999999931,21450.146
7718.15,-101.0,21594.717
7718.16,-100.98999999999978,21642.924
7718.17,-100.97999999999956,21498.33
7718.18,-100.96999999999935,21450.146
7718.19,-100.96000000000004,21401.973
7718.2,-100.94999999999982,21450.146
7718.21,-100.9399999999996,21498.33
7718.22,-100.92999999999938,21546.52
7718.23,-100.92000000000007,21546.52
7718.24,-100.90999999999985,21401.973
7718.25,-100.89999999999964,21546.52
7718.26,-100.88999999999942,21546.52
7718.27,-100.8799999999992,21546.52
7718.28,-100.86999999999989,21450.146
7718.29,-100.85999999999967,21594.717
7718.3,-100.84999999999945,21739.359
7718.31,-100.83999999999924,21787.59
7718.32,-100.82999999999993,21594.717
7718.33,-100.81999999999971,21691.139
7718.34,-100.80999999999949,21546.52
7718.35,-100.79999999999927,21691.139
7718.36,-100.78999999999996,21594.717
7718.37,-100.77999999999975,21787.59
7718.38,-100.76999999999953,21546.52
7718.39,-100.75999999999931,21691.139
7718.4,-100.75,21546.52
7718.41,-100.73999999999978,21594.717
7718.42,-100.72999999999956,21546.52
7718.43,-100.71999999999935,21450.146
7718.44,-100.71000000000004,21642.924
7718.45,-100.69999999999982,21546.52
7718.46,-100.6899999999996,21739.359
7718.47,-100.67999999999938,21594.717
7718.48,-100.67000000000007,21450.146
7718.49,-100.65999999999985,21546.52
7718.5,-100.64999999999964,21353.809
7718.51,-100.63999999999942,21450.146
7718.52,-100.6299999999992,21739.359
7718.53,-100.61999999999989,21739.359
7718.54,-100.60999999999967,21691.139
7718.55,-100.59999999999945,21546.52
7718.56,-100.58999999999924,21546.52
7718.57,-100.57999999999993,21546.52
7718.58,-100.56999999999971,21642.924
7718.59,-100.55999999999949,21642.924
7718.6,-100.54999999999927,21594.717
7718.61,-100.53999999999996,21642.924
7718.62,-100.52999999999975,21787.59
7718.63,-100.51999999999953,21642.924
7718.64,-100.50999999999931,21498.33
7718.65,-100.5,21739.359
7718.66,-100.48999999999978,21739.359
7718.67,-100.47999999999956,21546.52
7718.68,-100.46999999999935,21594.717
7718.69,-100.46000000000004,21642.924
7718.7,-100.44999999999982,21450.146
7718.71,-100.4399999999996,21498.33
7718.72,-100.42999999999938,21546.52
7718.73,-100.42000000000007,21739.359
7718.74,-100.40999999999985,21932.332
7718.75,-100.39999999999964,21642.924
7718.76,-100.38999999999942,21739.359
7718.77,-100.3799999999992,21498.33
7718.78,-100.36999999999989,21739.359
7718.79,-100.35999999999967,21594.717
7718.8,-100.34999999999945,21546.52
7718.81,-100.33999999999924,21739.359
7718.82,-100.32999999999993,21498.33
7718.83,-100.31999999999971,21739.359
7718.84,-100.30999999999949,21691.139
7718.85,-100.29999999999927,21691.139
7718.86,-100.28999999999996,21642.924
7718.87,-100.27999999999975,21691.139
7718.88,-100.26999999999953,21691.139
7718.89,-100.25999999999931,21546.52
7718.9,-100.25,21498.33
7718.91,-100.23999999999978,21594.717
7718.92,-100.22999999999956,21305.65
7718.93,-100.21999999999935,21739.359
7718.94,-100.21000000000004,21787.59
7718.95,-100.19999999999982,21594.717
7718.96,-100.1899999999996,21594.717
7718.97,-100.17999999999938,21787.59
7718.98,-100.17000000000007,21642.924
7718.99,-100.15999999999985,21739.359
7719.0,-100.14999999999964,21450.146
7719.01,-100.13999999999942,21546.52
7719.02,-100.1299999999992,21739.359
7719.03,-100.11999999999989,21498.33
7719.04,-100.10999999999967,21498.33
7719.05,-100.09999999999945,21498.33
7719.06,-100.08999999999924,21546.52
7719.07,-100.07999999999993,21594.717
7719.08,-100.06999999999971,21642.924
7719.09,-100.05999999999949,21498.33
7719.1,-100.04999999999927,21691.139
7719.11,-100.03999999999996,21594.717
7719.12,-100.02999999999975,21594.717
7719.13,-100.01999999999953,21450.146
7719.14,-100.00999999999931,21498.33
7719.15,-100.0,21691.139
7719.16,-99.98999999999978,21642.924
7719.17,-99.97999999999956,21691.139
7719.18,-99.96999999999935,21691.139
7719.19,-99.96000000000004,21642.924
7719.2,-99.94999999999982,21594.717
7719.21,-99.9399999999996,21401.973
7719.22,-99.92999999999938,21401.973
7719.23,-99.92000000000007,21594.717
7719.24,-99.90999999999985,21546.52
7719.25,-99.89999999999964,21353.809
7719.26,-99.88999999999942,21691.139
7719.27,-99.8799999999992,21546.52
7719.28,-99.86999999999989,21498.33
7719.29,-99.85999999999967,21450.146
7719.3,-99.84999999999945,21450.146
7719.31,-99.83999999999924,21691.139
7719.32,-99.82999999999993,21546.52
7719.33,-99.81999999999971,21594.717
7719.34,-99.80999999999949,21498.33
7719.35,-99.79999999999927,21691.139
7719.36,-99.78999999999996,21787.59
7719.37,-99.77999999999975,21594.717
7719.38,-99.76999999999953,21401.973
7719.39,-99.75999999999931,21691.139
7719.4,-99.75,21691.139
7719.41,-99.73999999999978,21691.139
7719.42,-99.72999999999956,21642.924
7719.43,-99.71999999999935,21546.52
7719.44,-99.71000000000004,21739.359
7719.45,-99.69999999999982,21739.359
7719.46,-99.6899999999996,21594.717
7719.47,-99.67999999999938,21594.717
7719.48,-99.67000000000007,21739.359
7719.49,-99.65999999999985,21835.83
7719.5,-99.64999999999964,21642.924
7719.51,-99.63999999999942,21787.59
7719.52,-99.6299999999992,21691.139
7719.53,-99.61999999999989,21787.59
7719.54,-99.60999999999967,21691.139
7719.55,-99.59999999999945,21691.139
7719.56,-99.58999999999924,21594.717
7719.57,-99.57999999999993,21594.717
7719.58,-99.56999999999971,21691.139
7719.59,-99.55999999999949,21642.924
7719.6,-99.54999999999927,21642.924
7719.61,-99.53999999999996,21498.33
7719.62,-99.52999999999975,21546.52
7719.63,-99.51999999999953,21546.52
7719.64,-99.50999999999931,21546.52
7719.65,-99.5,21450.146
7719.66,-99.48999999999978,21498.33
7719.67,-99.47999999999956,21450.146
7719.68,-99.46999999999935,21546.52
7719.69,-99.46000000000004,21642.924
7719.7,-99.44999999999982,21739.359
7719.71,-99.4399999999996,21450.146
7719.72,-99.42999999999938,21594.717
7719.73,-99.42000000000007,21739.359
7719.74,-99.40999999999985,21739.359
7719.75,-99.39999999999964,21546.52
7719.76,-99.38999999999942,21546.52
7719.77,-99.3799999999992,21450.146
7719.78,-99.36999999999989,21594.717
7719.79,-99.35999999999967,21450.146
7719.8,-99.34999999999945,21498.33
7719.81,-99.33999999999924,21835.83
7719.82,-99.32999999999993,21787.59
7719.83,-99.31999999999971,21691.139
7719.84,-99.30999999999949,21498.33
7719.85,-99.29999999999927,21594.717
7719.86,-99.28999999999996,21787.59
7719.87,-99.27999999999975,21787.59
7719.88,-99.26999999999953,21353.809
7719.89,-99.25999999999931,21546.52
7719.9,-99.25,21546.52
7719.91,-99.23999999999978,21546.52
7719.92,-99.22999999999956,21546.52
7719.93,-99.21999999999935,21498.33
7719.94,-99.21000000000004,21691.139
7719.95,-99.19999999999982,21691.139
7719.96,-99.1899999999996,21546.52
7719.97,-99.17999999999938,21642.924
7719.98,-99.17000000000007,21787.59
7719.99,-99.15999999999985,21594.717
7720.0,-99.14999999999964,21691.139
7720.01,-99.13999999999942,21546.52
7720.02,-99.1299999999992,21739.359
7720.03,-99.11999999999989,21498.33
7720.04,-99.10999999999967,21642.924
7720.05,-99.09999999999945,21594.717
7720.06,-99.08999999999924,21546.52
7720.07,-99.07999999999993,21546.52
7720.08,-99.06999999999971,21594.717
7720.09,-99.05999999999949,21546.52
7720.1,-99.04999999999927,21594.717
7720.11,-99.03999999999996,21739.359
7720.12,-99.02999999999975,21594.717
7720.13,-99.01999999999953,21594.717
7720.14,-99.00999999999931,21691.139
7720.15,-99.0,21642.924
7720.16,-98.98999999999978,21835.83
7720.17,-98.97999999999956,21594.717
7720.18,-98.96999999999935,21594.717
7720.19,-98.96000000000004,21498.33
7720.2,-98.94999999999982,21594.717
7720.21,-98.9399999999996,21787.59
7720.22,-98.92999999999938,21642.924
7720.23,-98.92000000000007,21546.52
7720.24,-98.90999999999985,21787.59
7720.25,-98.89999999999964,21642.924
7720.26,-98.88999999999942,21642.924
7720.27,-98.8799999999992,21498.33
7720.28,-98.86999999999989,21787.59
7720.29,-98.85999999999967,21691.139
7720.3,-98.84999999999945,21546.52
7720.31,-98.83999999999924,21739.359
7720.32,-98.82999999999993,21642.924
7720.33,-98.81999999999971,21353.809
7720.34,-98.80999999999949,21691.139
7720.35,-98.79999999999927,21353.809
7720.36,-98.78999999999996,21546.52
7720.37,-98.77999999999975,21450.146
7720.38,-98.76999999999953,21450.146
7720.39,-98.75999999999931,21691.139
7720.4,-98.75,21642.924
7720.41,-98.73999999999978,21642.924
7720.42,-98.72999999999956,21691.139
7720.43,-98.71999999999935,21691.139
7720.44,-98.71000000000004,21739.359
7720.45,-98.69999999999982,21642.924
7720.46,-98.6899999999996,21546.52
7720.47,-98.67999999999938,21739.359
7720.48,-98.67000000000007,21546.52
7720.49,-98.65999999999985,21691.139
7720.5,-98.64999999999964,21546.52
7720.51,-98.63999999999942,21546.52
7720.52,-98.6299999999992,21642.924
7720.53,-98.61999999999989,21787.59
7720.54,-98.60999999999967,21546.52
7720.55,-98.59999999999945,21642.924
7720.56,-98.58999999999924,21787.59
7720.57,-98.57999999999993,21594.717
7720.58,-98.56999999999971,21401.973
7720.59,-98.55999999999949,21546.52
7720.6,-98.54999999999927,21498.33
7720.61,-98.53999999999996,21739.359
7720.62,-98.52999999999975,21546.52
7720.63,-98.51999999999953,21257.502
7720.64,-98.50999999999931,21401.973
7720.65,-98.5,21546.52
7720.66,-98.48999999999978,21691.139
7720.67,-98.47999999999956,21691.139
7720.68,-98.46999999999935,21787.59
7720.69,-98.46000000000004,21787.59
7720.7,-98.44999999999982,21594.717
7720.71,-98.4399999999996,21498.33
7720.72,-98.42999999999938,21691.139
7720.73,-98.42000000000007,21642.924
7720.74,-98.40999999999985,21787.59
7720.75,-98.39999999999964,21835.83
7720.76,-98.38999999999942,21546.52
7720.77,-98.3799999999992,21642.924
7720.78,-98.36999999999989,21642.924
7720.79,-98.35999999999967,21546.52
7720.8,-98.34999999999945,21546.52
7720.81,-98.33999999999924,21594.717
7720.82,-98.32999999999993,21642.924
7720.83,-98.31999999999971,21450.146
7720.84,-98.30999999999949,21401.973
7720.85,-98.29999999999927,21594.717
7720.86,-98.28999999999996,21642.924
7720.87,-98.27999999999975,21787.59
7720.88,-98.26999999999953,21691.139
7720.89,-98.25999999999931,21546.52
7720.9,-98.25,21642.924
7720.91,-98.23999999999978,21594.717
7720.92,-98.22999999999956,21642.924
7720.93,-98.21999999999935,21594.717
7720.94,-98.21000000000004,21739.359
7720.95,-98.19999999999982,21642.924
7720.96,-98.1899999999996,21594.717
7720.97,-98.17999999999938,21642.924
7720.98,-98.17000000000007,21739.359
7720.99,-98.15999999999985,21787.59
7721.0,-98.14999999999964,21498.33
7721.01,-98.13999999999942,21546.52
7721.02,-98.1299999999992,21642.924
7721.03,-98.11999999999989,21691.139
7721.04,-98.10999999999967,21739.359
7721.05,-98.09999999999945,21498.33
7721.06,-98.08999999999924,21691.139
7721.07,-98.07999999999993,21787.59
7721.08,-98.06999999999971,21642.924
7721.09,-98.05999999999949,21787.59
7721.1,-98.04999999999927,21546.52
7721.11,-98.03999999999996,21450.146
7721.12,-98.02999999999975,21691.139
7721.13,-98.01999999999953,21594.717
7721.14,-98.00999999999931,21546.52
7721.15,-98.0,21739.359
7721.16,-97.98999999999978,21594.717
7721.17,-97.97999999999956,21691.139
7721.18,-97.96999999999935,21594.717
7721.19,-97.96000000000004,21546.52
7721.2,-97.94999999999982,21642.924
7721.21,-97.9399999999996,21642.924
7721.22,-97.92999999999938,21642.924
7721.23,-97.92000000000007,21642.924
7721.24,-97.90999999999985,21642.924
7721.25,-97.89999999999964,21594.717
7721.26,-97.88999999999942,21642.924
7721.27,-97.8799999999992,21691.139
7721.28,-97.86999999999989,21450.146
7721.29,-97.85999999999967,21498.33
7721.3,-97.84999999999945,21401.973
7721.31,-97.83999999999924,21546.52
7721.32,-97.82999999999993,21546.52
7721.33,-97.81999999999971,21642.924
7721.34,-97.80999999999949,21401.973
7721.35,-97.79999999999927,21642.924
7721.36,-97.78999999999996,21401.973
7721.37,-97.77999999999975,21546.52
7721.38,-97.76999999999953,21642.924
7721.39,-97.75999999999931,21498.33
7721.4,-97.75,21884.076
7721.41,-97.73999999999978,21884.076
7721.42,-97.72999999999956,21691.139
7721.43,-97.71999999999935,21691.139
7721.44,-97.71000000000004,21691.139
7721.45,-97.69999999999982,21546.52
7721.46,-97.6899999999996,21498.33
7721.47,-97.67999999999938,21546.52
7721.48,-97.67000000000007,21787.59
7721.49,-97.65999999999985,21691.139
7721.5,-97.64999999999964,21787.59
7721.51,-97.63999999999942,21546.52
7721.52,-97.6299999999992,21739.359
7721.53,-97.61999999999989,21787.59
7721.54,-97.60999999999967,21498.33
7721.55,-97.59999999999945,21739.359
7721.56,-97.58999999999924,21739.359
7721.57,-97.57999999999993,21498.33
7721.58,-97.56999999999971,21546.52
7721.59,-97.55999999999949,21642.924
7721.6,-97.54999999999927,21498.33
7721.61,-97.53999999999996,21787.59
7721.62,-97.52999999999975,21546.52
7721.63,-97.51999999999953,21691.139
7721.64,-97.50999999999931,21642.924
7721.65,-97.5,21546.52
7721.66,-97.48999999999978,21546.52
7721.67,-97.47999999999956,21642.924
7721.68,-97.46999999999935,21450.146
7721.69,-97.46000000000004,21691.139
7721.7,-97.44999999999982,21546.52
7721.71,-97.4399999999996,21353.809
7721.72,-97.42999999999938,21546.52
7721.73,-97.42000000000007,21546.52
7721.74,-97.40999999999985,21498.33
7721.75,-97.39999999999964,21787.59
7721.76,-97.38999999999942,21498.33
7721.77,-97.3799999999992,21787.59
7721.78,-97.36999999999989,21594.717
7721.79,-97.35999999999967,21450.146
7721.8,-97.34999999999945,21498.33
7721.81,-97.33999999999924,21546.52
7721.82,-97.32999999999993,21642.924
7721.83,-97.31999999999971,21691.139
7721.84,-97.30999999999949,21450.146
7721.85,-97.29999999999927,21787.59
7721.86,-97.28999999999996,21594.717
7721.87,-97.27999999999975,21450.146
7721.88,-97.26999999999953,21450.146
7721.89,-97.25999999999931,21498.33
7721.9,-97.25,21450.146
7721.91,-97.23999999999978,21546.52
7721.92,-97.22999999999956,21450.146
7721.93,-97.21999999999935,21546.52
7721.94,-97.21000000000004,21884.076
7721.95,-97.19999999999982,21787.59
7721.96,-97.1899999999996,21594.717
7721.97,-97.17999999999938,21546.52
7721.98,-97.17000000000007,21594.717
7721.99,-97.15999999999985,21450.146
7722.0,-97.14999999999964,21450.146
7722.01,-97.13999999999942,21498.33
7722.02,-97.1299999999992,21594.717
7722.03,-97.11999999999989,21546.52
7722.04,-97.10999999999967,21642.924
7722.05,-97.09999999999945,21594.717
7722.06,-97.08999999999924,21642.924
7722.07,-97.07999999999993,21642.924
7722.08,-97.06999999999971,21498.33
7722.09,-97.05999999999949,21594.717
7722.1,-97.04999999999927,21691.139
7722.11,-97.03999999999996,21691.139
7722.12,-97.02999999999975,21546.52
7722.13,-97.01999999999953,21787.59
7722.14,-97.00999999999931,21739.359
7722.15,-97.0,21739.359
7722.16,-96.98999999999978,21642.924
7722.17,-96.97999999999956,21498.33
7722.18,-96.96999999999935,21498.33
7722.19,-96.96000000000004,21546.52
7722.2,-96.94999999999982,21498.33
7722.21,-96.9399999999996,21594.717
7722.22,-96.92999999999938,21498.33
7722.23,-96.92000000000007,21691.139
7722.24,-96.90999999999985,21450.146
7722.25,-96.89999999999964,21546.52
7722.26,-96.88999999999942,21691.139
7722.27,-96.8799999999992,21787.59
7722.28,-96.86999999999989,21835.83
7722.29,-96.85999999999967,21353.809
7722.3,-96.84999999999945,21739.359
7722.31,-96.83999999999924,21642.924
7722.32,-96.82999999999993,21546.52
7722.33,-96.81999999999971,21787.59
7722.34,-96.80999999999949,21546.52
7722.35,-96.79999999999927,21450.146
7722.36,-96.78999999999996,21691.139
7722.37,-96.77999999999975,21450.146
7722.38,-96.76999999999953,21498.33
7722.39,-96.75999999999931,21594.717
7722.4,-96.75,21739.359
7722.41,-96.73999999999978,21739.359
7722.42,-96.72999999999956,21498.33
7722.43,-96.71999999999935,21498.33
7722.44,-96.71000000000004,21498.33
7722.45,-96.69999999999982,21691.139
7722.46,-96.6899999999996,21642.924
7722.47,-96.67999999999938,21401.973
7722.48,-96.67000000000007,21546.52
7722.49,-96.65999999999985,21546.52
7722.5,-96.64999999999964,21787.59
7722.51,-96.63999999999942,21594.717
7722.52,-96.6299999999992,21546.52
7722.53,-96.61999999999989,21691.139
7722.54,-96.60999999999967,21642.924
7722.55,-96.59999999999945,21691.139
7722.56,-96.58999999999924,21739.359
7722.57,-96.57999999999993,21739.359
7722.58,-96.56999999999971,21450.146
7722.59,-96.55999999999949,21642.924
7722.6,-96.54999999999927,21691.139
7722.61,-96.53999999999996,21546.52
7722.62,-96.52999999999975,21642.924
7722.63,-96.51999999999953,21594.717
7722.64,-96.50999999999931,21691.139
7722.65,-96.5,21739.359
7722.66,-96.48999999999978,21353.809
7722.67,-96.47999999999956,21594.717
7722.68,-96.46999999999935,21787.59
7722.69,-96.46000000000004,21739.359
7722.7,-96.44999999999982,21739.359
7722.71,-96.4399999999996,21450.146
7722.72,-96.42999999999938,21739.359
7722.73,-96.42000000000007,21594.717
7722.74,-96.40999999999985,21642.924
7722.75,-96.39999999999964,21546.52
7722.76,-96.38999999999942,21546.52
7722.77,-96.3799999999992,21739.359
7722.78,-96.36999999999989,21787.59
7722.79,-96.35999999999967,21739.359
7722.8,-96.34999999999945,21787.59
7722.81,-96.33999999999924,21642.924
7722.82,-96.32999999999993,21498.33
7722.83,-96.31999999999971,21498.33
7722.84,-96.30999999999949,21739.359
7722.85,-96.29999999999927,21691.139
7722.86,-96.28999999999996,21642.924
7722.87,-96.27999999999975,21546.52
7722.88,-96.26999999999953,21594.717
7722.89,-96.25999999999931,21739.359
7722.9,-96.25,21691.139
7722.91,-96.23999999999978,21691.139
7722.92,-96.22999999999956,21594.717
7722.93,-96.21999999999935,21546.52
7722.94,-96.21000000000004,21546.52
7722.95,-96.19999999999982,21787.59
7722.96,-96.1899999999996,21546.52
7722.97,-96.17999999999938,21691.139
7722.98,-96.17000000000007,21594.717
7722.99,-96.15999999999985,21642.924
7723.0,-96.14999999999964,21642.924
7723.01,-96.13999999999942,21642.924
7723.02,-96.1299999999992,21642.924
7723.03,-96.11999999999989,21401.973
7723.04,-96.10999999999967,21594.717
7723.05,-96.09999999999945,21546.52
7723.06,-96.08999999999924,21594.717
7723.07,-96.07999999999993,21691.139
7723.08,-96.06999999999971,21642.924
7723.09,-96.05999999999949,21498.33
7723.1,-96.04999999999927,21594.717
7723.11,-96.03999999999996,21546.52
7723.12,-96.02999999999975,21498.33
7723.13,-96.01999999999953,21353.809
7723.14,-96.00999999999931,21594.717
7723.15,-96.0,21739.359
7723.16,-95.98999999999978,21594.717
7723.17,-95.97999999999956,21353.809
7723.18,-95.96999999999935,21546.52
7723.19,-95.96000000000004,21642.924
7723.2,-95.94999999999982,21787.59
7723.21,-95.9399999999996,21450.146
7723.22,-95.92999999999938,21594.717
7723.23,-95.92000000000007,21594.717
7723.24,-95.90999999999985,21546.52
7723.25,-95.89999999999964,21691.139
7723.26,-95.88999999999942,21450.146
7723.27,-95.8799999999992,21787.59
7723.28,-95.86999999999989,21739.359
7723.29,-95.85999999999967,21739.359
7723.3,-95.84999999999945,21594.717
7723.31,-95.83999999999924,21835.83
7723.32,-95.82999999999993,21739.359
7723.33,-95.81999999999971,21642.924
7723.34,-95.80999999999949,21642.924
7723.35,-95.79999999999927,21980.594
7723.36,-95.78999999999996,21642.924
7723.37,-95.77999999999975,21642.924
7723.38,-95.76999999999953,21739.359
7723.39,-95.75999999999931,21642.924
7723.4,-95.75,21835.83
7723.41,-95.73999999999978,21691.139
7723.42,-95.72999999999956,21642.924
7723.43,-95.71999999999935,21642.924
7723.44,-95.71000000000004,21691.139
7723.45,-95.69999999999982,21787.59
7723.46,-95.6899999999996,21546.52
7723.47,-95.67999999999938,21498.33
7723.48,-95.67000000000007,21739.359
7723.49,-95.65999999999985,21691.139
7723.5,-95.64999999999964,21498.33
7723.51,-95.63999999999942,21450.146
7723.52,-95.6299999999992,21353.809
7723.53,-95.61999999999989,21353.809
7723.54,-95.60999999999967,21787.59
7723.55,-95.59999999999945,22753.908
7723.56,-95.58999999999924,23238.285
7723.57,-95.57999999999993,23820.611
7723.58,-95.56999999999971,23869.189
7723.59,-95.55999999999949,23917.777
7723.6,-95.54999999999927,23917.777
7723.61,-95.53999999999996,23820.611
7723.62,-95.52999999999975,23820.611
7723.63,-95.51999999999953,23869.189
7723.64,-95.50999999999931,23723.475
7723.65,-95.5,23723.475
7723.66,-95.48999999999978,23626.373
7723.67,-95.47999999999956,23674.92
7723.68,-95.46999999999935,23917.777
7723.69,-95.46000000000004,23820.611
7723.7,-95.44999999999982,23674.92
7723.71,-95.4399999999996,23674.92
7723.72,-95.42999999999938,23674.92
7723.73,-95.42000000000007,23772.039
7723.74,-95.40999999999985,23772.039
7723.75,-95.39999999999964,23723.475
7723.76,-95.38999999999942,23917.777
7723.77,-95.3799999999992,24014.979
7723.78,-95.36999999999989,23917.777
7723.79,-95.35999999999967,23577.832
7723.8,-95.34999999999945,23674.92
7723.81,-95.33999999999924,23772.039
7723.82,-95.32999999999993,23820.611
7723.83,-95.31999999999971,23626.373
7723.84,-95.30999999999949,23723.475
7723.85,-95.29999999999927,23674.92
7723.86,-95.28999999999996,23674.92
7723.87,-95.27999999999975,23723.475
7723.88,-95.26999999999953,23772.039
7723.89,-95.25999999999931,23723.475
7723.9,-95.25,23772.039
7723.91,-95.23999999999978,23772.039
7723.92,-95.22999999999956,23772.039
7723.93,-95.21999999999935,23772.039
7723.94,-95.21000000000004,23820.611
7723.95,-95.19999999999982,23723.475
7723.96,-95.1899999999996,23723.475
7723.97,-95.17999999999938,23723.475
7723.98,-95.17000000000007,23529.301
7723.99,-95.15999999999985,23577.832
7724.0,-95.14999999999964,23626.373
7724.01,-95.13999999999942,23772.039
7724.02,-95.1299999999992,23626.373
7724.03,-95.11999999999989,23577.832
7724.04,-95.10999999999967,23626.373
7724.05,-95.09999999999945,23626.373
7724.06,-95.08999999999924,23772.039
7724.07,-95.07999999999993,23723.475
7724.08,-95.06999999999971,23820.611
7724.09,-95.05999999999949,23820.611
7724.1,-95.04999999999927,23820.611
7724.11,-95.03999999999996,23529.301
7724.12,-95.02999999999975,23626.373
7724.13,-95.01999999999953,23674.92
7724.14,-95.00999999999931,23820.611
7724.15,-95.0,23529.301
7724.16,-94.98999999999978,23626.373
7724.17,-94.97999999999956,23577.832
7724.18,-94.96999999999935,23820.611
7724.19,-94.96000000000004,23626.373
7724.2,-94.94999999999982,23626.373
7724.21,-94.9399999999996,23869.189
7724.22,-94.92999999999938,23577.832
7724.23,-94.92000000000007,23723.475
7724.24,-94.90999999999985,23674.92
7724.25,-94.89999999999964,23626.373
7724.26,-94.88999999999942,23626.373
7724.27,-94.8799999999992,23869.189
7724.28,-94.86999999999989,23772.039
7724.29,-94.85999999999967,23869.189
7724.3,-94.84999999999945,23723.475
7724.31,-94.83999999999924,23820.611
7724.32,-94.82999999999993,23723.475
7724.33,-94.81999999999971,23577.832
7724.34,-94.80999999999949,23723.475
7724.35,-94.79999999999927,23917.777
7724.36,-94.78999999999996,23577.832
7724.37,-94.77999999999975,23723.475
7724.38,-94.76999999999953,23674.92
7724.39,-94.75999999999931,23966.375
7724.4,-94.75,24793.752
7724.41,-94.73999999999978,24940.002
7724.42,-94.72999999999956,24696.291
7724.43,-94.71999999999935,24891.244
7724.44,-94.71000000000004,24793.752
7724.45,-94.69999999999982,24842.494
7724.46,-94.6899999999996,24745.018
7724.47,-94.67999999999938,23529.301
7724.48,-94.67000000000007,22270.344
7724.49,-94.65999999999985,21787.59
7724.5,-94.64999999999964,21498.33
7724.51,-94.63999999999942,21353.809
7724.52,-94.6299999999992,21498.33
7724.53,-94.61999999999989,21691.139
7724.54,-94.60999999999967,21450.146
7724.55,-94.59999999999945,21498.33
7724.56,-94.58999999999924,21546.52
7724.57,-94.57999999999993,21642.924
7724.58,-94.56999999999971,21546.52
7724.59,-94.55999999999949,21401.973
7724.6,-94.54999999999927,21401.973
7724.61,-94.53999999999996,21546.52
7724.62,-94.52999999999975,21450.146
7724.63,-94.51999999999953,21450.146
7724.64,-94.50999999999931,21401.973
7724.65,-94.5,21353.809
7724.66,-94.48999999999978,21450.146
7724.67,-94.47999999999956,21691.139
7724.68,-94.46999999999935,21546.52
7724.69,-94.46000000000004,21450.146
7724.7,-94.44999999999982,21353.809
7724.71,-94.4399999999996,21594.717
7724.72,-94.42999999999938,21401.973
7724.73,-94.42000000000007,21642.924
7724.74,-94.40999999999985,21498.33
7724.75,-94.39999999999964,21642.924
7724.76,-94.38999999999942,21594.717
7724.77,-94.3799999999992,21498.33
7724.78,-94.36999999999989,21450.146
7724.79,-94.35999999999967,21353.809
7724.8,-94.34999999999945,21594.717
7724.81,-94.33999999999924,21594.717
7724.82,-94.32999999999993,21353.809
7724.83,-94.31999999999971,21450.146
7724.84,-94.30999999999949,21353.809
7724.85,-94.29999999999927,21546.52
7724.86,-94.28999999999996,21498.33
7724.87,-94.27999999999975,21401.973
7724.88,-94.26999999999953,21450.146
7724.89,-94.25999999999931,21498.33
7724.9,-94.25,21546.52
7724.91,-94.23999999999978,21594.717
7724.92,-94.22999999999956,21305.65
7724.93,-94.21999999999935,21305.65
7724.94,-94.21000000000004,21498.33
7724.95,-94.19999999999982,21546.52
7724.96,-94.1899999999996,21642.924
7724.97,-94.17999999999938,21450.146
7724.98,-94.17000000000007,21450.146
7724.99,-94.15999999999985,21450.146
7725.0,-94.14999999999964,21498.33
7725.01,-94.13999999999942,21161.227
7725.02,-94.1299999999992,21401.973
7725.03,-94.11999999999989,21401.973
7725.04,-94.10999999999967,21691.139
7725.05,-94.09999999999945,21353.809
7725.06,-94.08999999999924,21546.52
7725.07,-94.07999999999993,21450.146
7725.08,-94.06999999999971,21498.33
7725.09,-94.05999999999949,21546.52
7725.1,-94.04999999999927,21546.52
7725.11,-94.03999999999996,21594.717
7725.12,-94.02999999999975,21546.52
7725.13,-94.01999999999953,21353.809
7725.14,-94.00999999999931,21401.973
7725.15,-94.0,21450.146
7725.16,-93.98999999999978,21546.52
7725.17,-93.97999999999956,21401.973
7725.18,-93.96999999999935,21450.146
7725.19,-93.96000000000004,21594.717
7725.2,-93.94999999999982,21353.809
7725.21,-93.9399999999996,21353.809
7725.22,-93.92999999999938,21546.52
7725.23,-93.92000000000007,21594.717
7725.24,-93.90999999999985,21498.33
7725.25,-93.89999999999964,21739.359
7725.26,-93.88999999999942,21546.52
7725.27,-93.8799999999992,21498.33
7725.28,-93.86999999999989,21401.973
7725.29,-93.85999999999967,21401.973
7725.3,-93.84999999999945,21305.65
7725.31,-93.83999999999924,21498.33
7725.32,-93.82999999999993,21546.52
7725.33,-93.81999999999971,21594.717
7725.34,-93.80999999999949,21401.973
7725.35,-93.79999999999927,21594.717
7725.36,-93.78999999999996,21594.717
7725.37,-93.77999999999975,21450.146
7725.38,-93.76999999999953,21498.33
7725.39,-93.75999999999931,21498.33
7725.4,-93.75,21787.59
7725.41,-93.73999999999978,21353.809
7725.42,-93.72999999999956,21401.973
7725.43,-93.71999999999935,21353.809
7725.44,-93.71000000000004,21450.146
7725.45,-93.69999999999982,21546.52
7725.46,-93.6899999999996,21691.139
7725.47,-93.67999999999938,21594.717
7725.48,-93.67000000000007,21546.52
7725.49,-93.65999999999985,21450.146
7725.5,-93.64999999999964,21546.52
7725.51,-93.63999999999942,21305.65
7725.52,-93.6299999999992,21498.33
7725.53,-93.61999999999989,21642.924
7725.54,-93.60999999999967,21498.33
7725.55,-93.59999999999945,21353.809
7725.56,-93.58999999999924,21546.52
7725.57,-93.57999999999993,21546.52
7725.58,-93.56999999999971,21450.146
7725.59,-93.55999999999949,21498.33
7725.6,-93.54999999999927,21401.973
7725.61,-93.53999999999996,21498.33
7725.62,-93.52999999999975,21546.52
7725.63,-93.51999999999953,21450.146
7725.64,-93.50999999999931,21498.33
7725.65,-93.5,21209.359
7725.66,-93.48999999999978,21498.33
7725.67,-93.47999999999956,21401.973
7725.68,-93.46999999999935,21401.973
7725.69,-93.46000000000004,21401.973
7725.7,-93.44999999999982,21450.146
7725.71,-93.4399999999996,21594.717
7725.72,-93.42999999999938,21546.52
7725.73,-93.42000000000007,21546.52
7725.74,-93.40999999999985,21401.973
7725.75,-93.39999999999964,21498.33
7725.76,-93.38999999999942,21450.146
7725.77,-93.3799999999992,21401.973
7725.78,-93.36999999999989,21498.33
7725.79,-93.35999999999967,21450.146
7725.8,-93.34999999999945,21401.973
7725.81,-93.33999999999924,21450.146
7725.82,-93.32999999999993,21498.33
7725.83,-93.31999999999971,21450.146
7725.84,-93.30999999999949,21450.146
7725.85,-93.29999999999927,21353.809
7725.86,-93.28999999999996,21594.717
7725.87,-93.27999999999975,21691.139
7725.88,-93.26999999999953,21498.33
7725.89,-93.25999999999931,21353.809
7725.9,-93.25,21498.33
7725.91,-93.23999999999978,21546.52
7725.92,-93.22999999999956,21401.973
7725.93,-93.21999999999935,21450.146
7725.94,-93.21000000000004,21498.33
7725.95,-93.19999999999982,21594.717
7725.96,-93.1899999999996,21209.359
7725.97,-93.17999999999938,21401.973
7725.98,-93.17000000000007,21546.52
7725.99,-93.15999999999985,21498.33
7726.0,-93.14999999999964,21450.146
7726.01,-93.13999999999942,21450.146
7726.02,-93.1299999999992,21450.146
7726.03,-93.11999999999989,21353.809
7726.04,-93.10999999999967,21450.146
7726.05,-93.09999999999945,21450.146
7726.06,-93.08999999999924,21691.139
7726.07,-93.07999999999993,21546.52
7726.08,-93.06999999999971,21691.139
7726.09,-93.05999999999949,21401.973
7726.1,-93.04999999999927,21594.717
7726.11,-93.03999999999996,21498.33
7726.12,-93.02999999999975,21594.717
7726.13,-93.01999999999953,21305.65
7726.14,-93.00999999999931,21498.33
7726.15,-93.0,21546.52
7726.16,-92.98999999999978,21546.52
7726.17,-92.97999999999956,21546.52
7726.18,-92.96999999999935,21546.52
7726.19,-92.96000000000004,21546.52
7726.2,-92.94999999999982,21691.139
7726.21,-92.9399999999996,21546.52
7726.22,-92.92999999999938,21450.146
7726.23,-92.92000000000007,21401.973
7726.24,-92.90999999999985,21594.717
7726.25,-92.89999999999964,21498.33
7726.26,-92.88999999999942,21353.809
7726.27,-92.8799999999992,21450.146
7726.28,-92.86999999999989,21498.33
7726.29,-92.85999999999967,21401.973
7726.3,-92.84999999999945,21353.809
7726.31,-92.83999999999924,21594.717
7726.32,-92.82999999999993,21594.717
7726.33,-92.81999999999971,21546.52
7726.34,-92.80999999999949,21401.973
7726.35,-92.79999999999927,21161.227
7726.36,-92.78999999999996,21498.33
7726.37,-92.77999999999975,21305.65
7726.38,-92.76999999999953,21353.809
7726.39,-92.75999999999931,21353.809
7726.4,-92.75,21450.146
7726.41,-92.73999999999978,21401.973
7726.42,-92.72999999999956,21450.146
7726.43,-92.71999999999935,21450.146
7726.44,-92.71000000000004,21594.717
7726.45,-92.69999999999982,21353.809
7726.46,-92.6899999999996,21353.809
7726.47,-92.67999999999938,21401.973
7726.48,-92.67000000000007,21450.146
7726.49,-92.65999999999985,21257.502
7726.5,-92.64999999999964,21594.717
7726.51,-92.63999999999942,21257.502
7726.52,-92.6299999999992,21498.33
7726.53,-92.61999999999989,21353.809
7726.54,-92.60999999999967,21450.146
7726.55,-92.59999999999945,21401.973
7726.56,-92.58999999999924,21546.52
7726.57,-92.57999999999993,21498.33
7726.58,-92.56999999999971,21546.52
7726.59,-92.55999999999949,21450.146
7726.6,-92.54999999999927,21498.33
7726.61,-92.53999999999996,21691.139
7726.62,-92.52999999999975,21642.924
7726.63,-92.51999999999953,21401.973
7726.64,-92.50999999999931,21450.146
7726.65,-92.5,21401.973
7726.66,-92.48999999999978,21546.52
7726.67,-92.47999999999956,21546.52
7726.68,-92.46999999999935,21257.502
7726.69,-92.46000000000004,21401.973
7726.7,-92.44999999999982,21594.717
7726.71,-92.4399999999996,21498.33
7726.72,-92.42999999999938,21594.717
7726.73,-92.42000000000007,21401.973
7726.74,-92.40999999999985,21546.52
7726.75,-92.39999999999964,21450.146
7726.76,-92.38999999999942,21353.809
7726.77,-92.3799999999992,21305.65
7726.78,-92.36999999999989,21353.809
7726.79,-92.35999999999967,21498.33
7726.8,-92.34999999999945,21450.146
7726.81,-92.33999999999924,21498.33
7726.82,-92.32999999999993,21353.809
7726.83,-92.31999999999971,21546.52
7726.84,-92.30999999999949,21353.809
7726.85,-92.29999999999927,21498.33
7726.86,-92.28999999999996,21401.973
7726.87,-92.27999999999975,21401.973
7726.88,-92.26999999999953,21594.717
7726.89,-92.25999999999931,21498.33
7726.9,-92.25,21353.809
7726.91,-92.23999999999978,21498.33
7726.92,-92.22999999999956,21642.924
7726.93,-92.21999999999935,21450.146
7726.94,-92.21000000000004,21498.33
7726.95,-92.19999999999982,21546.52
7726.96,-92.1899999999996,21401.973
7726.97,-92.17999999999938,21498.33
7726.98,-92.17000000000007,21498.33
7726.99,-92.15999999999985,21546.52
7727.0,-92.14999999999964,21546.52
7727.01,-92.13999999999942,21498.33
7727.02,-92.1299999999992,21787.59
7727.03,-92.11999999999989,21691.139
7727.04,-92.10999999999967,21450.146
7727.05,-92.09999999999945,21642.924
7727.06,-92.08999999999924,21546.52
7727.07,-92.07999999999993,21594.717
7727.08,-92.06999999999971,21353.809
7727.09,-92.05999999999949,21450.146
7727.1,-92.04999999999927,21353.809
7727.11,-92.03999999999996,21450.146
7727.12,-92.02999999999975,21498.33
7727.13,-92.01999999999953,21546.52
7727.14,-92.00999999999931,21401.973
7727.15,-92.0,21546.52
7727.16,-91.98999999999978,21787.59
7727.17,-91.97999999999956,21546.52
7727.18,-91.96999999999935,21401.973
7727.19,-91.96000000000004,21353.809
7727.2,-91.94999999999982,21450.146
7727.21,-91.9399999999996,21594.717
7727.22,-91.92999999999938,21305.65
7727.23,-91.92000000000007,21161.227
7727.24,-91.90999999999985,21305.65
7727.25,-91.89999999999964,21353.809
7727.26,-91.88999999999942,21498.33
7727.27,-91.8799999999992,21305.65
7727.28,-91.86999999999989,21450.146
7727.29,-91.85999999999967,21594.717
7727.3,-91.84999999999945,21401.973
7727.31,-91.83999999999924,21594.717
7727.32,-91.82999999999993,21546.52
7727.33,-91.81999999999971,21546.52
7727.34,-91.80999999999949,21546.52
7727.35,-91.79999999999927,21546.52
7727.36,-91.78999999999996,21401.973
7727.37,-91.77999999999975,21594.717
7727.38,-91.76999999999953,21401.973
7727.39,-91.75999999999931,21401.973
7727.4,-91.75,21450.146
7727.41,-91.73999999999978,21353.809
7727.42,-91.72999999999956,21401.973
7727.43,-91.71999999999935,21401.973
7727.44,-91.71000000000004,21450.146
7727.45,-91.69999999999982,21498.33
7727.46,-91.6899999999996,21450.146
7727.47,-91.67999999999938,21305.65
7727.48,-91.67000000000007,21691.139
7727.49,-91.65999999999985,21498.33
7727.5,-91.64999999999964,21498.33
7727.51,-91.63999999999942,21353.809
7727.52,-91.6299999999992,21353.809
7727.53,-91.61999999999989,21498.33
7727.54,-91.60999999999967,21546.52
7727.55,-91.59999999999945,21257.502
7727.56,-91.58999999999924,21353.809
7727.57,-91.57999999999993,21594.717
7727.58,-91.56999999999971,21546.52
7727.59,-91.55999999999949,21450.146
7727.6,-91.54999999999927,21353.809
7727.61,-91.53999999999996,21498.33
7727.62,-91.52999999999975,21594.717
7727.63,-91.51999999999953,21594.717
7727.64,-91.50999999999931,21401.973
7727.65,-91.5,21353.809
7727.66,-91.48999999999978,21450.146
7727.67,-91.47999999999956,21450.146
7727.68,-91.46999999999935,21498.33
7727.69,-91.46000000000004,21450.146
7727.7,-91.44999999999982,21546.52
7727.71,-91.4399999999996,21450.146
7727.72,-91.42999999999938,21450.146
7727.73,-91.42000000000007,21450.146
7727.74,-91.40999999999985,21450.146
7727.75,-91.39999999999964,21642.924
7727.76,-91.38999999999942,21257.502
7727.77,-91.3799999999992,21498.33
7727.78,-91.36999999999989,21498.33
7727.79,-91.35999999999967,21642.924
7727.8,-91.34999999999945,21498.33
7727.81,-91.33999999999924,21498.33
7727.82,-91.32999999999993,21498.33
7727.83,-91.31999999999971,21691.139
7727.84,-91.30999999999949,21353.809
7727.85,-91.29999999999927,21498.33
7727.86,-91.28999999999996,21450.146
7727.87,-91.27999999999975,21450.146
7727.88,-91.26999999999953,21450.146
7727.89,-91.25999999999931,21498.33
7727.9,-91.25,21498.33
7727.91,-91.23999999999978,21450.146
7727.92,-91.22999999999956,21450.146
7727.93,-91.21999999999935,21498.33
7727.94,-91.21000000000004,21546.52
7727.95,-91.19999999999982,21450.146
7727.96,-91.1899999999996,21498.33
7727.97,-91.17999999999938,21305.65
7727.98,-91.17000000000007,21401.973
7727.99,-91.15999999999985,21353.809
7728.0,-91.14999999999964,21594.717
7728.01,-91.13999999999942,21450.146
7728.02,-91.1299999999992,21450.146
7728.03,-91.11999999999989,21546.52
7728.04,-91.10999999999967,21498.33
7728.05,-91.09999999999945,21353.809
7728.06,-91.08999999999924,21642.924
7728.07,-91.07999999999993,21498.33
7728.08,-91.06999999999971,21546.52
7728.09,-91.05999999999949,21450.146
7728.1,-91.04999999999927,21401.973
7728.11,-91.03999999999996,21353.809
7728.12,-91.02999999999975,21546.52
7728.13,-91.01999999999953,21546.52
7728.14,-91.00999999999931,21546.52
7728.15,-91.0,21450.146
7728.16,-90.98999999999978,21450.146
7728.17,-90.97999999999956,21353.809
7728.18,-90.96999999999935,21498.33
7728.19,-90.96000000000004,21546.52
7728.2,-90.94999999999982,21594.717
7728.21,-90.9399999999996,21450.146
7728.22,-90.92999999999938,21401.973
7728.23,-90.92000000000007,21642.924
7728.24,-90.90999999999985,21546.52
7728.25,-90.89999999999964,21594.717
7728.26,-90.88999999999942,21498.33
7728.27,-90.8799999999992,21353.809
7728.28,-90.86999999999989,21450.146
7728.29,-90.85999999999967,21498.33
7728.3,-90.84999999999945,21353.809
7728.31,-90.83999999999924,21546.52
7728.32,-90.82999999999993,21498.33
7728.33,-90.81999999999971,21594.717
7728.34,-90.80999999999949,21257.502
7728.35,-90.79999999999927,21353.809
7728.36,-90.78999999999996,21450.146
7728.37,-90.77999999999975,21498.33
7728.38,-90.76999999999953,21305.65
7728.39,-90.75999999999931,21546.52
7728.4,-90.75,21498.33
7728.41,-90.73999999999978,21594.717
7728.42,-90.72999999999956,21642.924
7728.43,-90.71999999999935,21161.227
7728.44,-90.71000000000004,21161.227
7728.45,-90.69999999999982,21450.146
7728.46,-90.6899999999996,21498.33
7728.47,-90.67999999999938,21594.717
7728.48,-90.67000000000007,21450.146
7728.49,-90.65999999999985,21353.809
7728.5,-90.64999999999964,21546.52
7728.51,-90.63999999999942,21450.146
7728.52,-90.6299999999992,21546.52
7728.53,-90.61999999999989,21498.33
7728.54,-90.60999999999967,21594.717
7728.55,-90.59999999999945,21401.973
7728.56,-90.58999999999924,21594.717
7728.57,-90.57999999999993,21498.33
7728.58,-90.56999999999971,21353.809
7728.59,-90.55999999999949,21257.502
7728.6,-90.54999999999927,21546.52
7728.61,-90.53999999999996,21450.146
7728.62,-90.52999999999975,21546.52
7728.63,-90.51999999999953,21546.52
7728.64,-90.50999999999931,21450.146
7728.65,-90.5,21594.717
7728.66,-90.48999999999978,21401.973
7728.67,-90.47999999999956,21401.973
7728.68,-90.46999999999935,21401.973
7728.69,-90.46000000000004,21305.65
7728.7,-90.44999999999982,21353.809
7728.71,-90.4399999999996,21401.973
7728.72,-90.42999999999938,21257.502
7728.73,-90.42000000000007,21498.33
7728.74,-90.40999999999985,21594.717
7728.75,-90.39999999999964,21450.146
7728.76,-90.38999999999942,21401.973
7728.77,-90.3799999999992,21594.717
7728.78,-90.36999999999989,21450.146
7728.79,-90.35999999999967,21257.502
7728.8,-90.34999999999945,21401.973
7728.81,-90.33999999999924,21498.33
7728.82,-90.32999999999993,21401.973
7728.83,-90.31999999999971,21498.33
7728.84,-90.30999999999949,21594.717
7728.85,-90.29999999999927,21594.717
7728.86,-90.28999999999996,21353.809
7728.87,-90.27999999999975,21353.809
7728.88,-90.26999999999953,21353.809
7728.89,-90.25999999999931,21498.33
7728.9,-90.25,21739.359
7728.91,-90.23999999999978,21353.809
7728.92,-90.22999999999956,21305.65
7728.93,-90.21999999999935,21257.502
7728.94,-90.21000000000004,21353.809
7728.95,-90.19999999999982,21401.973
7728.96,-90.1899999999996,21450.146
7728.97,-90.17999999999938,21353.809
7728.98,-90.17000000000007,21787.59
7728.99,-90.15999999999985,21691.139
7729.0,-90.14999999999964,21546.52
7729.01,-90.13999999999942,21546.52
7729.02,-90.1299999999992,21353.809
7729.03,-90.11999999999989,21353.809
7729.04,-90.10999999999967,21546.52
7729.05,-90.09999999999945,21401.973
7729.06,-90.08999999999924,21353.809
7729.07,-90.07999999999993,21594.717
7729.08,-90.06999999999971,21450.146
7729.09,-90.05999999999949,21498.33
7729.1,-90.04999999999927,21401.973
7729.11,-90.03999999999996,21401.973
7729.12,-90.02999999999975,21401.973
7729.13,-90.01999999999953,21353.809
7729.14,-90.00999999999931,21353.809
7729.15,-90.0,21450.146
7729.16,-89.98999999999978,21594.717
7729.17,-89.97999999999956,21594.717
7729.18,-89.96999999999935,21401.973
7729.19,-89.96000000000004,21401.973
7729.2,-89.94999999999982,21691.139
7729.21,-89.9399999999996,21498.33
7729.22,-89.92999999999938,21498.33
7729.23,-89.92000000000007,21401.973
7729.24,-89.90999999999985,21450.146
7729.25,-89.89999999999964,21353.809
7729.26,-89.88999999999942,21546.52
7729.27,-89.8799999999992,21450.146
7729.28,-89.86999999999989,21257.502
7729.29,-89.85999999999967,21401.973
7729.3,-89.84999999999945,21257.502
7729.31,-89.83999999999924,21594.717
7729.32,-89.82999999999993,21498.33
7729.33,-89.81999999999971,21498.33
7729.34,-89.80999999999949,21161.227
7729.35,-89.79999999999927,21546.52
7729.36,-89.78999999999996,21353.809
7729.37,-89.77999999999975,21305.65
7729.38,-89.76999999999953,21353.809
7729.39,-89.75999999999931,21450.146
7729.4,-89.75,21642.924
7729.41,-89.73999999999978,21450.146
7729.42,-89.72999999999956,21498.33
7729.43,-89.71999999999935,21401.973
7729.44,-89.71000000000004,21546.52
7729.45,-89.69999999999982,21498.33
7729.46,-89.6899999999996,21401.973
7729.47,-89.67999999999938,21353.809
7729.48,-89.67000000000007,21353.809
7729.49,-89.65999999999985,21498.33
7729.5,-89.64999999999964,21594.717
7729.51,-89.63999999999942,21401.973
7729.52,-89.6299999999992,21546.52
7729.53,-89.61999999999989,21594.717
7729.54,-89.60999999999967,21498.33
7729.55,-89.59999999999945,21353.809
7729.56,-89.58999999999924,21546.52
7729.57,-89.57999999999993,21450.146
7729.58,-89.56999999999971,21642.924
7729.59,-89.55999999999949,21353.809
7729.6,-89.54999999999927,21305.65
7729.61,-89.53999999999996,21498.33
7729.62,-89.52999999999975,21401.973
7729.63,-89.51999999999953,21401.973
7729.64,-89.50999999999931,21450.146
7729.65,-89.5,21353.809
7729.66,-89.48999999999978,21450.146
7729.67,-89.47999999999956,21498.33
7729.68,-89.46999999999935,21546.52
7729.69,-89.46000000000004,21353.809
7729.7,-89.44999999999982,21546.52
7729.71,-89.4399999999996,21498.33
7729.72,-89.42999999999938,21353.809
7729.73,-89.42000000000007,21401.973
7729.74,-89.40999999999985,21401.973
7729.75,-89.39999999999964,21450.146
7729.76,-89.38999999999942,21305.65
7729.77,-89.3799999999992,21401.973
7729.78,-89.36999999999989,21353.809
7729.79,-89.35999999999967,21401.973
7729.8,-89.34999999999945,21257.502
7729.81,-89.33999999999924,21353.809
7729.82,-89.32999999999993,21305.65
7729.83,-89.31999999999971,21161.227
7729.84,-89.30999999999949,21401.973
7729.85,-89.29999999999927,21450.146
7729.86,-89.28999999999996,21305.65
7729.87,-89.27999999999975,21401.973
7729.88,-89.26999999999953,21353.809
7729.89,-89.25999999999931,21498.33
7729.9,-89.25,21498.33
7729.91,-89.23999999999978,21594.717
7729.92,-89.22999999999956,21498.33
7729.93,-89.21999999999935,21353.809
7729.94,-89.21000000000004,21546.52
7729.95,-89.19999999999982,21450.146
7729.96,-89.1899999999996,21257.502
7729.97,-89.17999999999938,21401.973
7729.98,-89.17000000000007,21594.717
7729.99,-89.15999999999985,21498.33
7730.0,-89.14999999999964,21594.717
7730.01,-89.13999999999942,21642.924
7730.02,-89.1299999999992,21642.924
7730.03,-89.11999999999989,21450.146
7730.04,-89.10999999999967,21546.52
7730.05,-89.09999999999945,21498.33
7730.06,-89.08999999999924,21594.717
7730.07,-89.07999999999993,21546.52
7730.08,-89.06999999999971,21642.924
7730.09,-89.05999999999949,21498.33
7730.1,-89.04999999999927,21546.52
7730.11,-89.03999999999996,21401.973
7730.12,-89.02999999999975,21546.52
7730.13,-89.01999999999953,21546.52
7730.14,-89.00999999999931,21450.146
7730.15,-89.0,21546.52
7730.16,-88.98999999999978,21546.52
7730.17,-88.97999999999956,21450.146
7730.18,-88.96999999999935,21353.809
7730.19,-88.96000000000004,21594.717
7730.2,-88.94999999999982,21546.52
7730.21,-88.9399999999996,21498.33
7730.22,-88.92999999999938,21450.146
7730.23,-88.92000000000007,21353.809
7730.24,-88.90999999999985,21546.52
7730.25,-88.89999999999964,21498.33
7730.26,-88.88999999999942,21498.33
7730.27,-88.8799999999992,21498.33
7730.28,-88.86999999999989,21546.52
7730.29,-88.85999999999967,21594.717
7730.3,-88.84999999999945,21450.146
7730.31,-88.83999999999924,21498.33
7730.32,-88.82999999999993,21353.809
7730.33,-88.81999999999971,21450.146
7730.34,-88.80999999999949,21642.924
7730.35,-88.79999999999927,21498.33
7730.36,-88.78999999999996,21353.809
7730.37,-88.77999999999975,21546.52
7730.38,-88.76999999999953,21450.146
7730.39,-88.75999999999931,21353.809
7730.4,-88.75,21450.146
7730.41,-88.73999999999978,21401.973
7730.42,-88.72999999999956,21498.33
7730.43,-88.71999999999935,21594.717
7730.44,-88.71000000000004,21546.52
7730.45,-88.69999999999982,21353.809
7730.46,-88.6899999999996,21594.717
7730.47,-88.67999999999938,21450.146
7730.48,-88.67000000000007,21546.52
7730.49,-88.65999999999985,21594.717
7730.5,-88.64999999999964,21450.146
7730.51,-88.63999999999942,21305.65
7730.52,-88.6299999999992,21594.717
7730.53,-88.61999999999989,21498.33
7730.54,-88.60999999999967,21401.973
7730.55,-88.59999999999945,21498.33
7730.56,-88.58999999999924,21257.502
7730.57,-88.57999999999993,21401.973
7730.58,-88.56999999999971,21305.65
7730.59,-88.55999999999949,21401.973
7730.6,-88.54999999999927,21257.502
7730.61,-88.53999999999996,21450.146
7730.62,-88.52999999999975,21546.52
7730.63,-88.51999999999953,21401.973
7730.64,-88.50999999999931,21498.33
7730.65,-88.5,21594.717
7730.66,-88.48999999999978,21642.924
7730.67,-88.47999999999956,21450.146
7730.68,-88.46999999999935,21498.33
7730.69,-88.46000000000004,21498.33
7730.7,-88.44999999999982,21691.139
7730.71,-88.4399999999996,21498.33
7730.72,-88.42999999999938,21353.809
7730.73,-88.42000000000007,21353.809
7730.74,-88.40999999999985,21546.52
7730.75,-88.39999999999964,21209.359
7730.76,-88.38999999999942,21498.33
7730.77,-88.3799999999992,21594.717
7730.78,-88.36999999999989,21498.33
7730.79,-88.35999999999967,21401.973
7730.8,-88.34999999999945,21401.973
7730.81,-88.33999999999924,21353.809
7730.82,-88.32999999999993,21353.809
7730.83,-88.31999999999971,21594.717
7730.84,-88.30999999999949,21257.502
7730.85,-88.29999999999927,21450.146
7730.86,-88.28999999999996,21450.146
7730.87,-88.27999999999975,21594.717
7730.88,-88.26999999999953,21498.33
7730.89,-88.25999999999931,21450.146
7730.9,-88.25,21450.146
7730.91,-88.23999999999978,21353.809
7730.92,-88.22999999999956,21450.146
7730.93,-88.21999999999935,21353.809
7730.94,-88.21000000000004,21546.52
7730.95,-88.19999999999982,21450.146
7730.96,-88.1899999999996,21353.809
7730.97,-88.17999999999938,21450.146
7730.98,-88.17000000000007,21450.146
7730.99,-88.15999999999985,21498.33
7731.0,-88.14999999999964,21450.146
7731.01,-88.13999999999942,21498.33
7731.02,-88.1299999999992,21546.52
7731.03,-88.11999999999989,21546.52
7731.04,-88.10999999999967,21546.52
7731.05,-88.09999999999945,21739.359
7731.06,-88.08999999999924,21305.65
7731.07,-88.07999999999993,21401.973
7731.08,-88.06999999999971,21594.717
7731.09,-88.05999999999949,21594.717
7731.1,-88.04999999999927,21498.33
7731.11,-88.03999999999996,21353.809
7731.12,-88.02999999999975,21546.52
7731.13,-88.01999999999953,21546.52
7731.14,-88.00999999999931,21546.52
7731.15,-88.0,21450.146
7731.16,-87.98999999999978,21546.52
7731.17,-87.97999999999956,21305.65
7731.18,-87.96999999999935,21305.65
7731.19,-87.96000000000004,21594.717
7731.2,-87.94999999999982,21594.717
7731.21,-87.9399999999996,21498.33
7731.22,-87.92999999999938,21401.973
7731.23,-87.92000000000007,21546.52
7731.24,-87.90999999999985,21739.359
7731.25,-87.89999999999964,21594.717
7731.26,-87.88999999999942,21594.717
7731.27,-87.8799999999992,21450.146
7731.28,-87.86999999999989,21353.809
7731.29,-87.85999999999967,21498.33
7731.3,-87.84999999999945,21401.973
7731.31,-87.83999999999924,21498.33
7731.32,-87.82999999999993,21353.809
7731.33,-87.81999999999971,21353.809
7731.34,-87.80999999999949,21305.65
7731.35,-87.79999999999927,21401.973
7731.36,-87.78999999999996,21594.717
7731.37,-87.77999999999975,21546.52
7731.38,-87.76999999999953,21401.973
7731.39,-87.75999999999931,21498.33
7731.4,-87.75,21594.717
7731.41,-87.73999999999978,21594.717
7731.42,-87.72999999999956,21642.924
7731.43,-87.71999999999935,21594.717
7731.44,-87.71000000000004,21546.52
7731.45,-87.69999999999982,21739.359
7731.46,-87.6899999999996,21546.52
7731.47,-87.67999999999938,21401.973
7731.48,-87.67000000000007,21546.52
7731.49,-87.65999999999985,21594.717
7731.5,-87.64999999999964,21257.502
7731.51,-87.63999999999942,21498.33
7731.52,-87.6299999999992,21401.973
7731.53,-87.61999999999989,21450.146
7731.54,-87.60999999999967,21642.924
7731.55,-87.59999999999945,21257.502
7731.56,-87.58999999999924,21353.809
7731.57,-87.57999999999993,21546.52
7731.58,-87.56999999999971,21450.146
7731.59,-87.55999999999949,21401.973
7731.6,-87.54999999999927,21546.52
7731.61,-87.53999999999996,21353.809
7731.62,-87.52999999999975,21401.973
7731.63,-87.51999999999953,21353.809
7731.64,-87.50999999999931,21401.973
7731.65,-87.5,21546.52
7731.66,-87.48999999999978,21546.52
7731.67,-87.47999999999956,21305.65
7731.68,-87.46999999999935,21450.146
7731.69,-87.46000000000004,21498.33
7731.7,-87.44999999999982,21353.809
7731.71,-87.4399999999996,21401.973
7731.72,-87.42999999999938,21401.973
7731.73,-87.42000000000007,21642.924
7731.74,-87.40999999999985,21353.809
7731.75,-87.39999999999964,21401.973
7731.76,-87.38999999999942,21546.52
7731.77,-87.3799999999992,21546.52
7731.78,-87.36999999999989,21498.33
7731.79,-87.35999999999967,21642.924
7731.8,-87.34999999999945,21498.33
7731.81,-87.33999999999924,21257.502
7731.82,-87.32999999999993,21450.146
7731.83,-87.31999999999971,21594.717
7731.84,-87.30999999999949,21450.146
7731.85,-87.29999999999927,21642.924
7731.86,-87.28999999999996,21594.717
7731.87,-87.27999999999975,21546.52
7731.88,-87.26999999999953,21450.146
7731.89,-87.25999999999931,21546.52
7731.9,-87.25,21450.146
7731.91,-87.23999999999978,21546.52
7731.92,-87.22999999999956,21498.33
7731.93,-87.21999999999935,21401.973
7731.94,-87.21000000000004,21546.52
7731.95,-87.19999999999982,21594.717
7731.96,-87.1899999999996,21594.717
7731.97,-87.17999999999938,21498.33
7731.98,-87.17000000000007,21305.65
7731.99,-87.15999999999985,21498.33
7732.0,-87.14999999999964,21353.809
7732.01,-87.13999999999942,21401.973
7732.02,-87.1299999999992,21498.33
7732.03,-87.11999999999989,21642.924
7732.04,-87.10999999999967,21450.146
7732.05,-87.09999999999945,21401.973
7732.06,-87.08999999999924,21450.146
7732.07,-87.07999999999993,21353.809
7732.08,-87.06999999999971,21691.139
7732.09,-87.05999999999949,21401.973
7732.1,-87.04999999999927,21739.359
7732.11,-87.03999999999996,21642.924
7732.12,-87.02999999999975,21353.809
7732.13,-87.01999999999953,21353.809
7732.14,-87.00999999999931,21546.52
7732.15,-87.0,21546.52
7732.16,-86.98999999999978,21498.33
7732.17,-86.97999999999956,21498.33
7732.18,-86.96999999999935,21498.33
7732.19,-86.96000000000004,21401.973
7732.2,-86.94999999999982,21450.146
7732.21,-86.9399999999996,21450.146
7732.22,-86.92999999999938,21450.146
7732.23,-86.92000000000007,21401.973
7732.24,-86.90999999999985,21450.146
7732.25,-86.89999999999964,21353.809
7732.26,-86.88999999999942,21450.146
7732.27,-86.8799999999992,21257.502
7732.28,-86.86999999999989,21353.809
7732.29,-86.85999999999967,21305.65
7732.3,-86.84999999999945,21691.139
7732.31,-86.83999999999924,21594.717
7732.32,-86.82999999999993,21498.33
7732.33,-86.81999999999971,21594.717
7732.34,-86.80999999999949,21594.717
7732.35,-86.79999999999927,21642.924
7732.36,-86.78999999999996,21498.33
7732.37,-86.77999999999975,21498.33
7732.38,-86.76999999999953,21594.717
7732.39,-86.75999999999931,21450.146
7732.4,-86.75,21401.973
7732.41,-86.73999999999978,21594.717
7732.42,-86.72999999999956,21450.146
7732.43,-86.71999999999935,21594.717
7732.44,-86.71000000000004,21546.52
7732.45,-86.69999999999982,21401.973
7732.46,-86.6899999999996,21450.146
7732.47,-86.67999999999938,21257.502
7732.48,-86.67000000000007,21450.146
7732.49,-86.65999999999985,21450.146
7732.5,-86.64999999999964,21353.809
7732.51,-86.63999999999942,21498.33
7732.52,-86.6299999999992,21450.146
7732.53,-86.61999999999989,21546.52
7732.54,-86.60999999999967,21353.809
7732.55,-86.59999999999945,21450.146
7732.56,-86.58999999999924,21546.52
7732.57,-86.57999999999993,21401.973
7732.58,-86.56999999999971,21401.973
7732.59,-86.55999999999949,21498.33
7732.6,-86.54999999999927,21401.973
7732.61,-86.53999999999996,21594.717
7732.62,-86.52999999999975,21594.717
7732.63,-86.51999999999953,21450.146
7732.64,-86.50999999999931,21401.973
7732.65,-86.5,21498.33
7732.66,-86.48999999999978,21642.924
7732.67,-86.47999999999956,21498.33
7732.68,-86.46999999999935,21498.33
7732.69,-86.46000000000004,21594.717
7732.7,-86.44999999999982,21546.52
7732.71,-86.4399999999996,21450.146
7732.72,-86.42999999999938,21257.502
7732.73,-86.42000000000007,21450.146
7732.74,-86.40999999999985,21739.359
7732.75,-86.39999999999964,21498.33
7732.76,-86.38999999999942,21401.973
7732.77,-86.3799999999992,21401.973
7732.78,-86.36999999999989,21594.717
7732.79,-86.35999999999967,21498.33
7732.8,-86.34999999999945,21450.146
7732.81,-86.33999999999924,21546.52
7732.82,-86.32999999999993,21353.809
7732.83,-86.31999999999971,21401.973
7732.84,-86.30999999999949,21594.717
7732.85,-86.29999999999927,21642.924
7732.86,-86.28999999999996,21546.52
7732.87,-86.27999999999975,21691.139
7732.88,-86.26999999999953,21498.33
7732.89,-86.25999999999931,21450.146
7732.9,-86.25,21498.33
7732.91,-86.23999999999978,21787.59
7732.92,-86.22999999999956,21498.33
7732.93,-86.21999999999935,21594.717
7732.94,-86.21000000000004,21546.52
7732.95,-86.19999999999982,21546.52
7732.96,-86.1899999999996,21498.33
7732.97,-86.17999999999938,21450.146
7732.98,-86.17000000000007,21353.809
7732.99,-86.15999999999985,21450.146
7733.0,-86.14999999999964,21353.809
7733.01,-86.13999999999942,21401.973
7733.02,-86.1299999999992,21642.924
7733.03,-86.11999999999989,21691.139
7733.04,-86.10999999999967,21498.33
7733.05,-86.09999999999945,21594.717
7733.06,-86.08999999999924,21594.717
7733.07,-86.07999999999993,21546.52
7733.08,-86.06999999999971,21401.973
7733.09,-86.05999999999949,21305.65
7733.1,-86.04999999999927,21546.52
7733.11,-86.03999999999996,21546.52
7733.12,-86.02999999999975,21594.717
7733.13,-86.01999999999953,21450.146
7733.14,-86.00999999999931,21498.33
7733.15,-86.0,21594.717
7733.16,-85.98999999999978,21498.33
7733.17,-85.97999999999956,21594.717
7733.18,-85.96999999999935,21546.52
7733.19,-85.96000000000004,21642.924
7733.2,-85.94999999999982,21642.924
7733.21,-85.9399999999996,21353.809
7733.22,-85.92999999999938,21450.146
7733.23,-85.92000000000007,21546.52
7733.24,-85.90999999999985,21642.924
7733.25,-85.89999999999964,21450.146
7733.26,-85.88999999999942,21353.809
7733.27,-85.8799999999992,21594.717
7733.28,-85.86999999999989,21450.146
7733.29,-85.85999999999967,21642.924
7733.3,-85.84999999999945,21450.146
7733.31,-85.83999999999924,21546.52
7733.32,-85.82999999999993,21401.973
7733.33,-85.81999999999971,21498.33
7733.34,-85.80999999999949,21546.52
7733.35,-85.79999999999927,21450.146
7733.36,-85.78999999999996,21546.52
7733.37,-85.77999999999975,21498.33
7733.38,-85.76999999999953,21546.52
7733.39,-85.75999999999931,21594.717
7733.4,-85.75,21642.924
7733.41,-85.73999999999978,21594.717
7733.42,-85.72999999999956,21546.52
7733.43,-85.71999999999935,21546.52
7733.44,-85.71000000000004,21594.717
7733.45,-85.69999999999982,21594.717
7733.46,-85.6899999999996,21353.809
7733.47,-85.67999999999938,21594.717
7733.48,-85.67000000000007,21401.973
7733.49,-85.65999999999985,21353.809
7733.5,-85.64999999999964,21257.502
7733.51,-85.63999999999942,21594.717
7733.52,-85.6299999999992,21642.924
7733.53,-85.61999999999989,21642.924
7733.54,-85.60999999999967,21257.502
7733.55,-85.59999999999945,21594.717
7733.56,-85.58999999999924,21691.139
7733.57,-85.57999999999993,21450.146
7733.58,-85.56999999999971,21450.146
7733.59,-85.55999999999949,21594.717
7733.6,-85.54999999999927,21498.33
7733.61,-85.53999999999996,21787.59
7733.62,-85.52999999999975,21691.139
7733.63,-85.51999999999953,21305.65
7733.64,-85.50999999999931,21546.52
7733.65,-85.5,21594.717
7733.66,-85.48999999999978,21450.146
7733.67,-85.47999999999956,21498.33
7733.68,-85.46999999999935,21305.65
7733.69,-85.46000000000004,21546.52
7733.7,-85.44999999999982,21594.717
7733.71,-85.4399999999996,21401.973
7733.72,-85.42999999999938,21594.717
7733.73,-85.42000000000007,21546.52
7733.74,-85.40999999999985,21450.146
7733.75,-85.39999999999964,21691.139
7733.76,-85.38999999999942,21498.33
7733.77,-85.3799999999992,21401.973
7733.78,-85.36999999999989,21401.973
7733.79,-85.35999999999967,21498.33
7733.8,-85.34999999999945,21787.59
7733.81,-85.33999999999924,21594.717
7733.82,-85.32999999999993,21401.973
7733.83,-85.31999999999971,21642.924
7733.84,-85.30999999999949,21450.146
7733.85,-85.29999999999927,21546.52
7733.86,-85.28999999999996,21594.717
7733.87,-85.27999999999975,21546.52
7733.88,-85.26999999999953,21353.809
7733.89,-85.25999999999931,21594.717
7733.9,-85.25,21546.52
7733.91,-85.23999999999978,21450.146
7733.92,-85.22999999999956,21546.52
7733.93,-85.21999999999935,21498.33
7733.94,-85.21000000000004,21594.717
7733.95,-85.19999999999982,21642.924
7733.96,-85.1899999999996,21450.146
7733.97,-85.17999999999938,21546.52
7733.98,-85.17000000000007,21642.924
7733.99,-85.15999999999985,21642.924
7734.0,-85.14999999999964,21353.809
7734.01,-85.13999999999942,21401.973
7734.02,-85.1299999999992,21450.146
7734.03,-85.11999999999989,21691.139
7734.04,-85.10999999999967,21546.52
7734.05,-85.09999999999945,21691.139
7734.06,-85.08999999999924,21546.52
7734.07,-85.07999999999993,21498.33
7734.08,-85.06999999999971,21498.33
7734.09,-85.05999999999949,21353.809
7734.1,-85.04999999999927,21498.33
7734.11,-85.03999999999996,21594.717
7734.12,-85.02999999999975,21498.33
7734.13,-85.01999999999953,21594.717
7734.14,-85.00999999999931,21257.502
7734.15,-85.0,21161.227
7734.16,-84.98999999999978,21546.52
7734.17,-84.97999999999956,21353.809
7734.18,-84.96999999999935,21450.146
7734.19,-84.96000000000004,21498.33
7734.2,-84.94999999999982,21787.59
7734.21,-84.9399999999996,21546.52
7734.22,-84.92999999999938,21594.717
7734.23,-84.92000000000007,21450.146
7734.24,-84.90999999999985,21594.717
7734.25,-84.89999999999964,21594.717
7734.26,-84.88999999999942,21450.146
7734.27,-84.8799999999992,21546.52
7734.28,-84.86999999999989,21401.973
7734.29,-84.85999999999967,21401.973
7734.3,-84.84999999999945,21353.809
7734.31,-84.83999999999924,21546.52
7734.32,-84.82999999999993,21594.717
7734.33,-84.81999999999971,21546.52
7734.34,-84.80999999999949,21450.146
7734.35,-84.79999999999927,21450.146
7734.36,-84.78999999999996,21594.717
7734.37,-84.77999999999975,21450.146
7734.38,-84.76999999999953,21594.717
7734.39,-84.75999999999931,21787.59
7734.4,-84.75,21546.52
7734.41,-84.73999999999978,21642.924
7734.42,-84.72999999999956,21546.52
7734.43,-84.71999999999935,21498.33
7734.44,-84.71000000000004,21450.146
7734.45,-84.69999999999982,21546.52
7734.46,-84.6899999999996,21450.146
7734.47,-84.67999999999938,21594.717
7734.48,-84.67000000000007,21594.717
7734.49,-84.65999999999985,21498.33
7734.5,-84.64999999999964,21594.717
7734.51,-84.63999999999942,21401.973
7734.52,-84.6299999999992,21691.139
7734.53,-84.61999999999989,21594.717
7734.54,-84.60999999999967,21787.59
7734.55,-84.59999999999945,21594.717
7734.56,-84.58999999999924,21642.924
7734.57,-84.57999999999993,21450.146
7734.58,-84.56999999999971,21642.924
7734.59,-84.55999999999949,21594.717
7734.6,-84.54999999999927,21546.52
7734.61,-84.53999999999996,21691.139
7734.62,-84.52999999999975,21691.139
7734.63,-84.51999999999953,21353.809
7734.64,-84.50999999999931,21450.146
7734.65,-84.5,21450.146
7734.66,-84.48999999999978,21594.717
7734.67,-84.47999999999956,21594.717
7734.68,-84.46999999999935,21450.146
7734.69,-84.46000000000004,21594.717
7734.7,-84.44999999999982,21546.52
7734.71,-84.4399999999996,21594.717
7734.72,-84.42999999999938,21450.146
7734.73,-84.42000000000007,21594.717
7734.74,-84.40999999999985,21594.717
7734.75,-84.39999999999964,21450.146
7734.76,-84.38999999999942,21546.52
7734.77,-84.3799999999992,21594.717
7734.78,-84.36999999999989,21546.52
7734.79,-84.35999999999967,21450.146
7734.8,-84.34999999999945,21498.33
7734.81,-84.33999999999924,21546.52
7734.82,-84.32999999999993,21546.52
7734.83,-84.31999999999971,21546.52
7734.84,-84.30999999999949,21450.146
7734.85,-84.29999999999927,21546.52
7734.86,-84.28999999999996,21353.809
7734.87,-84.27999999999975,21498.33
7734.88,-84.26999999999953,21353.809
7734.89,-84.25999999999931,21498.33
7734.9,-84.25,21739.359
7734.91,-84.23999999999978,21594.717
7734.92,-84.22999999999956,21546.52
7734.93,-84.21999999999935,21498.33
7734.94,-84.21000000000004,21594.717
7734.95,-84.19999999999982,21450.146
7734.96,-84.1899999999996,21450.146
7734.97,-84.17999999999938,21642.924
7734.98,-84.17000000000007,21594.717
7734.99,-84.15999999999985,21642.924
7735.0,-84.14999999999964,21401.973
7735.01,-84.13999999999942,21546.52
7735.02,-84.1299999999992,21594.717
7735.03,-84.11999999999989,21642.924
7735.04,-84.10999999999967,21546.52
7735.05,-84.09999999999945,21546.52
7735.06,-84.08999999999924,21691.139
7735.07,-84.07999999999993,21594.717
7735.08,-84.06999999999971,21642.924
7735.09,-84.05999999999949,21353.809
7735.1,-84.04999999999927,21546.52
7735.11,-84.03999999999996,21450.146
7735.12,-84.02999999999975,21498.33
7735.13,-84.01999999999953,21546.52
7735.14,-84.00999999999931,21401.973
7735.15,-84.0,21305.65
7735.16,-83.98999999999978,21450.146
7735.17,-83.97999999999956,22173.729
7735.18,-83.96999999999935,22899.137
7735.19,-83.96000000000004,23480.779
7735.2,-83.94999999999982,23723.475
7735.21,-83.9399999999996,23820.611
7735.22,-83.92999999999938,23869.189
7735.23,-83.92000000000007,23869.189
7735.24,-83.90999999999985,23820.611
7735.25,-83.89999999999964,23723.475
7735.26,-83.88999999999942,23917.777
7735.27,-83.8799999999992,23480.779
7735.28,-83.86999999999989,23626.373
7735.29,-83.85999999999967,23723.475
7735.3,-83.84999999999945,23917.777
7735.31,-83.83999999999924,23820.611
7735.32,-83.82999999999993,23723.475
7735.33,-83.81999999999971,23674.92
7735.34,-83.80999999999949,23772.039
7735.35,-83.79999999999927,23723.475
7735.36,-83.78999999999996,23772.039
7735.37,-83.77999999999975,23917.777
7735.38,-83.76999999999953,23917.777
7735.39,-83.75999999999931,24014.979
7735.4,-83.75,24014.979
7735.41,-83.73999999999978,23820.611
7735.42,-83.72999999999956,23917.777
7735.43,-83.71999999999935,23480.779
7735.44,-83.71000000000004,23480.779
7735.45,-83.69999999999982,23577.832
7735.46,-83.6899999999996,23577.832
7735.47,-83.67999999999938,23723.475
7735.48,-83.67000000000007,23820.611
7735.49,-83.65999999999985,23674.92
7735.5,-83.64999999999964,23674.92
7735.51,-83.63999999999942,23626.373
7735.52,-83.6299999999992,23917.777
7735.53,-83.61999999999989,23869.189
7735.54,-83.60999999999967,23772.039
7735.55,-83.59999999999945,23869.189
7735.56,-83.58999999999924,23723.475
7735.57,-83.57999999999993,23772.039
7735.58,-83.56999999999971,23529.301
7735.59,-83.55999999999949,23577.832
7735.6,-83.54999999999927,23674.92
7735.61,-83.53999999999996,23577.832
7735.62,-83.52999999999975,23723.475
7735.63,-83.51999999999953,23723.475
7735.64,-83.50999999999931,23723.475
7735.65,-83.5,23626.373
7735.66,-83.48999999999978,23723.475
7735.67,-83.47999999999956,23674.92
7735.68,-83.46999999999935,23820.611
7735.69,-83.46000000000004,23626.373
7735.7,-83.44999999999982,23869.189
7735.71,-83.4399999999996,23674.92
7735.72,-83.42999999999938,23869.189
7735.73,-83.42000000000007,23674.92
7735.74,-83.40999999999985,23820.611
7735.75,-83.39999999999964,23723.475
7735.76,-83.38999999999942,23577.832
7735.77,-83.3799999999992,23626.373
7735.78,-83.36999999999989,23432.264
7735.79,-83.35999999999967,23577.832
7735.8,-83.34999999999945,23432.264
7735.81,-83.33999999999924,23674.92
7735.82,-83.32999999999993,23723.475
7735.83,-83.31999999999971,23723.475
7735.84,-83.30999999999949,23820.611
7735.85,-83.29999999999927,23772.039
7735.86,-83.28999999999996,23577.832
7735.87,-83.27999999999975,23966.375
7735.88,-83.26999999999953,23674.92
7735.89,-83.25999999999931,23966.375
7735.9,-83.25,23869.189
7735.91,-83.23999999999978,23723.475
7735.92,-83.22999999999956,23723.475
7735.93,-83.21999999999935,23529.301
7735.94,-83.21000000000004,23577.832
7735.95,-83.19999999999982,23626.373
7735.96,-83.1899999999996,23577.832
7735.97,-83.17999999999938,23626.373
7735.98,-83.17000000000007,23529.301
7735.99,-83.15999999999985,23577.832
7736.0,-83.14999999999964,23674.92
7736.01,-83.13999999999942,23674.92
7736.02,-83.1299999999992,24355.436
7736.03,-83.11999999999989,24793.752
7736.04,-83.10999999999967,24940.002
7736.05,-83.09999999999945,24647.572
7736.06,-83.08999999999924,24696.291
7736.07,-83.07999999999993,24745.018
7736.08,-83.06999999999971,24793.752
7736.09,-83.05999999999949,24306.775
7736.1,-83.04999999999927,22947.563
7736.11,-83.03999999999996,21884.076
7736.12,-83.02999999999975,21498.33
7736.13,-83.01999999999953,21546.52
7736.14,-83.00999999999931,21594.717
7736.15,-83.0,21594.717
7736.16,-82.98999999999978,21450.146
7736.17,-82.97999999999956,21498.33
7736.18,-82.96999999999935,21594.717
7736.19,-82.96000000000004,21546.52
7736.2,-82.94999999999982,21642.924
7736.21,-82.9399999999996,21594.717
7736.22,-82.92999999999938,21594.717
7736.23,-82.92000000000007,21594.717
7736.24,-82.90999999999985,21642.924
7736.25,-82.89999999999964,21594.717
7736.26,-82.88999999999942,21401.973
7736.27,-82.8799999999992,21498.33
7736.28,-82.86999999999989,21546.52
7736.29,-82.85999999999967,21594.717
7736.3,-82.84999999999945,21594.717
7736.31,-82.83999999999924,21642.924
7736.32,-82.82999999999993,21498.33
7736.33,-82.81999999999971,21498.33
7736.34,-82.80999999999949,21546.52
7736.35,-82.79999999999927,21691.139
7736.36,-82.78999999999996,21739.359
7736.37,-82.77999999999975,21739.359
7736.38,-82.76999999999953,21594.717
7736.39,-82.75999999999931,21353.809
7736.4,-82.75,21739.359
7736.41,-82.73999999999978,21450.146
7736.42,-82.72999999999956,21546.52
7736.43,-82.71999999999935,21353.809
7736.44,-82.71000000000004,21642.924
7736.45,-82.69999999999982,21642.924
7736.46,-82.6899999999996,21691.139
7736.47,-82.67999999999938,21546.52
7736.48,-82.67000000000007,21498.33
7736.49,-82.65999999999985,21546.52
7736.5,-82.64999999999964,21546.52
7736.51,-82.63999999999942,21450.146
7736.52,-82.6299999999992,21498.33
7736.53,-82.61999999999989,21546.52
7736.54,-82.60999999999967,21498.33
7736.55,-82.59999999999945,21450.146
7736.56,-82.58999999999924,21594.717
7736.57,-82.57999999999993,21498.33
7736.58,-82.56999999999971,21691.139
7736.59,-82.55999999999949,21594.717
7736.6,-82.54999999999927,21594.717
7736.61,-82.53999999999996,21546.52
7736.62,-82.52999999999975,21691.139
7736.63,-82.51999999999953,21546.52
7736.64,-82.50999999999931,21594.717
7736.65,-82.5,21546.52
7736.66,-82.48999999999978,21498.33
7736.67,-82.47999999999956,21594.717
7736.68,-82.46999999999935,21691.139
7736.69,-82.46000000000004,21594.717
7736.7,-82.44999999999982,21546.52
7736.71,-82.4399999999996,21739.359
7736.72,-82.42999999999938,21450.146
7736.73,-82.42000000000007,21353.809
7736.74,-82.40999999999985,21498.33
7736.75,-82.39999999999964,21450.146
7736.76,-82.38999999999942,21739.359
7736.77,-82.3799999999992,21642.924
7736.78,-82.36999999999989,21546.52
7736.79,-82.35999999999967,21546.52
7736.8,-82.34999999999945,21353.809
7736.81,-82.33999999999924,21594.717
7736.82,-82.32999999999993,21450.146
7736.83,-82.31999999999971,21546.52
7736.84,-82.30999999999949,21546.52
7736.85,-82.29999999999927,21450.146
7736.86,-82.28999999999996,21739.359
7736.87,-82.27999999999975,21594.717
7736.88,-82.26999999999953,21594.717
7736.89,-82.25999999999931,21450.146
7736.9,-82.25,21546.52
7736.91,-82.23999999999978,21498.33
7736.92,-82.22999999999956,21498.33
7736.93,-82.21999999999935,21353.809
7736.94,-82.21000000000004,21401.973
7736.95,-82.19999999999982,21642.924
7736.96,-82.1899999999996,21450.146
7736.97,-82.17999999999938,21353.809
7736.98,-82.17000000000007,21546.52
7736.99,-82.15999999999985,21787.59
7737.0,-82.14999999999964,21450.146
7737.01,-82.13999999999942,21450.146
7737.02,-82.1299999999992,21594.717
7737.03,-82.11999999999989,21594.717
7737.04,-82.10999999999967,21642.924
7737.05,-82.09999999999945,21642.924
7737.06,-82.08999999999924,21642.924
7737.07,-82.07999999999993,21450.146
7737.08,-82.06999999999971,21691.139
7737.09,-82.05999999999949,21546.52
7737.1,-82.04999999999927,21739.359
7737.11,-82.03999999999996,21642.924
7737.12,-82.02999999999975,21642.924
7737.13,-82.01999999999953,21835.83
7737.14,-82.00999999999931,21353.809
7737.15,-82.0,21450.146
7737.16,-81.98999999999978,21401.973
7737.17,-81.97999999999956,21498.33
7737.18,-81.96999999999935,21594.717
7737.19,-81.96000000000004,21642.924
7737.2,-81.94999999999982,21739.359
7737.21,-81.9399999999996,21594.717
7737.22,-81.92999999999938,21594.717
7737.23,-81.92000000000007,21498.33
7737.24,-81.90999999999985,21691.139
7737.25,-81.89999999999964,21691.139
7737.26,-81.88999999999942,21594.717
7737.27,-81.8799999999992,21401.973
7737.28,-81.86999999999989,21594.717
7737.29,-81.85999999999967,21498.33
7737.3,-81.84999999999945,21642.924
7737.31,-81.83999999999924,21642.924
7737.32,-81.82999999999993,21691.139
7737.33,-81.81999999999971,21546.52
7737.34,-81.80999999999949,21642.924
7737.35,-81.79999999999927,21546.52
7737.36,-81.78999999999996,21739.359
7737.37,-81.77999999999975,21739.359
7737.38,-81.76999999999953,21450.146
7737.39,-81.75999999999931,21594.717
7737.4,-81.75,21546.52
7737.41,-81.73999999999978,21353.809
7737.42,-81.72999999999956,21498.33
7737.43,-81.71999999999935,21450.146
7737.44,-81.71000000000004,21353.809
7737.45,-81.69999999999982,21546.52
7737.46,-81.6899999999996,21642.924
7737.47,-81.67999999999938,21498.33
7737.48,-81.67000000000007,21642.924
7737.49,-81.65999999999985,21498.33
7737.5,-81.64999999999964,21739.359
7737.51,-81.63999999999942,21450.146
7737.52,-81.6299999999992,21450.146
7737.53,-81.61999999999989,21642.924
7737.54,-81.60999999999967,21787.59
7737.55,-81.59999999999945,21401.973
7737.56,-81.58999999999924,21739.359
7737.57,-81.57999999999993,21594.717
7737.58,-81.56999999999971,21691.139
7737.59,-81.55999999999949,21739.359
7737.6,-81.54999999999927,21498.33
7737.61,-81.53999999999996,21739.359
7737.62,-81.52999999999975,21498.33
7737.63,-81.51999999999953,21594.717
7737.64,-81.50999999999931,21642.924
7737.65,-81.5,21642.924
7737.66,-81.48999999999978,21546.52
7737.67,-81.47999999999956,21401.973
7737.68,-81.46999999999935,21450.146
7737.69,-81.46000000000004,21691.139
7737.7,-81.44999999999982,21642.924
7737.71,-81.4399999999996,21691.139
7737.72,-81.42999999999938,21594.717
7737.73,-81.42000000000007,21642.924
7737.74,-81.40999999999985,21498.33
7737.75,-81.39999999999964,21642.924
7737.76,-81.38999999999942,21401.973
7737.77,-81.3799999999992,21498.33
7737.78,-81.36999999999989,21642.924
7737.79,-81.35999999999967,21546.52
7737.8,-81.34999999999945,21353.809
7737.81,-81.33999999999924,21594.717
7737.82,-81.32999999999993,21594.717
7737.83,-81.31999999999971,21401.973
7737.84,-81.30999999999949,21691.139
7737.85,-81.29999999999927,21594.717
7737.86,-81.28999999999996,21594.717
7737.87,-81.27999999999975,21739.359
7737.88,-81.26999999999953,21691.139
7737.89,-81.25999999999931,21498.33
7737.9,-81.25,21642.924
7737.91,-81.23999999999978,21642.924
7737.92,-81.22999999999956,21257.502
7737.93,-81.21999999999935,21450.146
7737.94,-81.21000000000004,21642.924
7737.95,-81.19999999999982,21787.59
7737.96,-81.1899999999996,21642.924
7737.97,-81.17999999999938,21546.52
7737.98,-81.17000000000007,21498.33
7737.99,-81.15999999999985,21642.924
7738.0,-81.14999999999964,21739.359
7738.01,-81.13999999999942,21546.52
7738.02,-81.1299999999992,21642.924
7738.03,-81.11999999999989,21642.924
7738.04,-81.10999999999967,21546.52
7738.05,-81.09999999999945,21594.717
7738.06,-81.08999999999924,21739.359
7738.07,-81.07999999999993,21546.52
7738.08,-81.06999999999971,21884.076
7738.09,-81.05999999999949,21498.33
7738.1,-81.04999999999927,21257.502
7738.11,-81.03999999999996,21594.717
7738.12,-81.02999999999975,21594.717
7738.13,-81.01999999999953,21546.52
7738.14,-81.00999999999931,21498.33
7738.15,-81.0,21498.33
7738.16,-80.98999999999978,21691.139
7738.17,-80.97999999999956,21546.52
7738.18,-80.96999999999935,21546.52
7738.19,-80.96000000000004,21594.717
7738.2,-80.94999999999982,21594.717
7738.21,-80.9399999999996,21546.52
7738.22,-80.92999999999938,21450.146
7738.23,-80.92000000000007,21546.52
7738.24,-80.90999999999985,21594.717
7738.25,-80.89999999999964,21594.717
7738.26,-80.88999999999942,21498.33
7738.27,-80.8799999999992,21546.52
7738.28,-80.86999999999989,21594.717
7738.29,-80.85999999999967,21450.146
7738.3,-80.84999999999945,21739.359
7738.31,-80.83999999999924,21546.52
7738.32,-80.82999999999993,21594.717
7738.33,-80.81999999999971,21691.139
7738.34,-80.80999999999949,21594.717
7738.35,-80.79999999999927,21594.717
7738.36,-80.78999999999996,21594.717
7738.37,-80.77999999999975,21546.52
7738.38,-80.76999999999953,21498.33
7738.39,-80.75999999999931,21401.973
7738.4,-80.75,21498.33
7738.41,-80.73999999999978,21546.52
7738.42,-80.72999999999956,21642.924
7738.43,-80.71999999999935,21353.809
7738.44,-80.71000000000004,21498.33
7738.45,-80.69999999999982,21450.146
7738.46,-80.6899999999996,21450.146
7738.47,-80.67999999999938,21353.809
7738.48,-80.67000000000007,21594.717
7738.49,-80.65999999999985,21546.52
7738.5,-80.64999999999964,21401.973
7738.51,-80.63999999999942,21450.146
7738.52,-80.6299999999992,21450.146
7738.53,-80.61999999999989,21594.717
7738.54,-80.60999999999967,21594.717
7738.55,-80.59999999999945,21450.146
7738.56,-80.58999999999924,21498.33
7738.57,-80.57999999999993,21594.717
7738.58,-80.56999999999971,21691.139
7738.59,-80.55999999999949,21594.717
7738.6,-80.54999999999927,21691.139
7738.61,-80.53999999999996,21642.924
7738.62,-80.52999999999975,21787.59
7738.63,-80.51999999999953,21498.33
7738.64,-80.50999999999931,21642.924
7738.65,-80.5,21787.59
7738.66,-80.48999999999978,21739.359
7738.67,-80.47999999999956,21546.52
7738.68,-80.46999999999935,21546.52
7738.69,-80.46000000000004,21546.52
7738.7,-80.44999999999982,21546.52
7738.71,-80.4399999999996,21546.52
7738.72,-80.42999999999938,21498.33
7738.73,-80.42000000000007,21498.33
7738.74,-80.40999999999985,21498.33
7738.75,-80.39999999999964,21594.717
7738.76,-80.38999999999942,21450.146
7738.77,-80.3799999999992,21401.973
7738.78,-80.36999999999989,21450.146
7738.79,-80.35999999999967,21642.924
7738.8,-80.34999999999945,21546.52
7738.81,-80.33999999999924,21546.52
7738.82,-80.32999999999993,21642.924
7738.83,-80.31999999999971,21594.717
7738.84,-80.30999999999949,21691.139
7738.85,-80.29999999999927,21594.717
7738.86,-80.28999999999996,21642.924
7738.87,-80.27999999999975,21498.33
7738.88,-80.26999999999953,21594.717
7738.89,-80.25999999999931,21546.52
7738.9,-80.25,21594.717
7738.91,-80.23999999999978,21787.59
7738.92,-80.22999999999956,21498.33
7738.93,-80.21999999999935,21642.924
7738.94,-80.21000000000004,21546.52
7738.95,-80.19999999999982,21691.139
7738.96,-80.1899999999996,21498.33
7738.97,-80.17999999999938,21498.33
7738.98,-80.17000000000007,21450.146
7738.99,-80.15999999999985,21546.52
7739.0,-80.14999999999964,21546.52
7739.01,-80.13999999999942,21546.52
7739.02,-80.1299999999992,21546.52
7739.03,-80.11999999999989,21691.139
7739.04,-80.10999999999967,21739.359
7739.05,-80.09999999999945,21546.52
7739.06,-80.08999999999924,21787.59
7739.07,-80.07999999999993,21498.33
7739.08,-80.06999999999971,21594.717
7739.09,-80.05999999999949,21498.33
7739.1,-80.04999999999927,21450.146
7739.11,-80.03999999999996,21353.809
7739.12,-80.02999999999975,21450.146
7739.13,-80.01999999999953,21594.717
7739.14,-80.00999999999931,21594.717
7739.15,-80.0,21642.924
7739.16,-79.98999999999978,21594.717
7739.17,-79.97999999999956,21498.33
7739.18,-79.96999999999935,21642.924
7739.19,-79.96000000000004,21450.146
7739.2,-79.94999999999982,21594.717
7739.21,-79.9399999999996,21594.717
7739.22,-79.92999999999938,21594.717
7739.23,-79.92000000000007,21594.717
7739.24,-79.90999999999985,21546.52
7739.25,-79.89999999999964,21594.717
7739.26,-79.88999999999942,21450.146
7739.27,-79.8799999999992,21691.139
7739.28,-79.86999999999989,21498.33
7739.29,-79.85999999999967,21642.924
7739.3,-79.84999999999945,21450.146
7739.31,-79.83999999999924,21594.717
7739.32,-79.82999999999993,21546.52
7739.33,-79.81999999999971,21594.717
7739.34,-79.80999999999949,21642.924
7739.35,-79.79999999999927,21498.33
7739.36,-79.78999999999996,21498.33
7739.37,-79.77999999999975,21594.717
7739.38,-79.76999999999953,21498.33
7739.39,-79.75999999999931,21546.52
7739.4,-79.75,21642.924
7739.41,-79.73999999999978,21594.717
7739.42,-79.72999999999956,21642.924
7739.43,-79.71999999999935,21498.33
7739.44,-79.71000000000004,21546.52
7739.45,-79.69999999999982,21353.809
7739.46,-79.6899999999996,21546.52
7739.47,-79.67999999999938,21498.33
7739.48,-79.67000000000007,21546.52
7739.49,-79.65999999999985,21546.52
7739.5,-79.64999999999964,21546.52
7739.51,-79.63999999999942,21353.809
7739.52,-79.6299999999992,21498.33
7739.53,-79.61999999999989,21546.52
7739.54,-79.60999999999967,21691.139
7739.55,-79.59999999999945,21546.52
7739.56,-79.58999999999924,21498.33
7739.57,-79.57999999999993,21401.973
7739.58,-79.56999999999971,21691.139
7739.59,-79.55999999999949,21546.52
7739.6,-79.54999999999927,21546.52
7739.61,-79.53999999999996,21498.33
7739.62,-79.52999999999975,21546.52
7739.63,-79.51999999999953,21498.33
7739.64,-79.50999999999931,21594.717
7739.65,-79.5,21498.33
7739.66,-79.48999999999978,21691.139
7739.67,-79.47999999999956,21498.33
7739.68,-79.46999999999935,21594.717
7739.69,-79.46000000000004,21594.717
7739.7,-79.44999999999982,21642.924
7739.71,-79.4399999999996,21642.924
7739.72,-79.42999999999938,21401.973
7739.73,-79.42000000000007,21450.146
7739.74,-79.40999999999985,21353.809
7739.75,-79.39999999999964,21594.717
7739.76,-79.38999999999942,21594.717
7739.77,-79.3799999999992,21546.52
7739.78,-79.36999999999989,21691.139
7739.79,-79.35999999999967,21642.924
7739.8,-79.34999999999945,21691.139
7739.81,-79.33999999999924,21498.33
7739.82,-79.32999999999993,21546.52
7739.83,-79.31999999999971,21450.146
7739.84,-79.30999999999949,21594.717
7739.85,-79.29999999999927,21642.924
7739.86,-79.28999999999996,21546.52
7739.87,-79.27999999999975,21450.146
7739.88,-79.26999999999953,21450.146
7739.89,-79.25999999999931,21401.973
7739.9,-79.25,21401.973
7739.91,-79.23999999999978,21594.717
7739.92,-79.22999999999956,21305.65
7739.93,-79.21999999999935,21401.973
7739.94,-79.21000000000004,21401.973
7739.95,-79.19999999999982,21353.809
7739.96,-79.1899999999996,21642.924
7739.97,-79.17999999999938,21594.717
7739.98,-79.17000000000007,21594.717
7739.99,-79.15999999999985,21594.717
7740.0,-79.14999999999964,21594.717
7740.01,-79.13999999999942,21594.717
7740.02,-79.1299999999992,21546.52
7740.03,-79.11999999999989,21691.139
7740.04,-79.10999999999967,21594.717
7740.05,-79.09999999999945,21450.146
7740.06,-79.08999999999924,21642.924
7740.07,-79.07999999999993,21691.139
7740.08,-79.06999999999971,21353.809
7740.09,-79.05999999999949,21450.146
7740.1,-79.04999999999927,21546.52
7740.11,-79.03999999999996,21594.717
7740.12,-79.02999999999975,21594.717
7740.13,-79.01999999999953,21691.139
7740.14,-79.00999999999931,21642.924
7740.15,-79.0,21642.924
7740.16,-78.98999999999978,21739.359
7740.17,-78.97999999999956,21594.717
7740.18,-78.96999999999935,21498.33
7740.19,-78.96000000000004,21642.924
7740.2,-78.94999999999982,21594.717
7740.21,-78.9399999999996,21401.973
7740.22,-78.92999999999938,21498.33
7740.23,-78.92000000000007,21787.59
7740.24,-78.90999999999985,21691.139
7740.25,-78.89999999999964,21787.59
7740.26,-78.88999999999942,21594.717
7740.27,-78.8799999999992,21546.52
7740.28,-78.86999999999989,21546.52
7740.29,-78.85999999999967,21642.924
7740.3,-78.84999999999945,21498.33
7740.31,-78.83999999999924,21594.717
7740.32,-78.82999999999993,21691.139
7740.33,-78.81999999999971,21642.924
7740.34,-78.80999999999949,21594.717
7740.35,-78.79999999999927,21450.146
7740.36,-78.78999999999996,21642.924
7740.37,-78.77999999999975,21642.924
7740.38,-78.76999999999953,21594.717
7740.39,-78.75999999999931,21594.717
7740.4,-78.75,21594.717
7740.41,-78.73999999999978,21739.359
7740.42,-78.72999999999956,21353.809
7740.43,-78.71999999999935,21546.52
7740.44,-78.71000000000004,21739.359
7740.45,-78.69999999999982,21450.146
7740.46,-78.6899999999996,21498.33
7740.47,-78.67999999999938,21498.33
7740.48,-78.67000000000007,21594.717
7740.49,-78.65999999999985,21353.809
7740.5,-78.64999999999964,21787.59
7740.51,-78.63999999999942,21498.33
7740.52,-78.6299999999992,21546.52
7740.53,-78.61999999999989,21401.973
7740.54,-78.60999999999967,21450.146
7740.55,-78.59999999999945,21401.973
7740.56,-78.58999999999924,21546.52
7740.57,-78.57999999999993,21498.33
7740.58,-78.56999999999971,21594.717
7740.59,-78.55999999999949,21546.52
7740.6,-78.54999999999927,21546.52
7740.61,-78.53999999999996,21739.359
7740.62,-78.52999999999975,21884.076
7740.63,-78.51999999999953,21691.139
7740.64,-78.50999999999931,21787.59
7740.65,-78.5,21642.924
7740.66,-78.48999999999978,21546.52
7740.67,-78.47999999999956,21450.146
7740.68,-78.46999999999935,21450.146
7740.69,-78.46000000000004,21401.973
7740.7,-78.44999999999982,21739.359
7740.71,-78.4399999999996,21498.33
7740.72,-78.42999999999938,21353.809
7740.73,-78.42000000000007,21498.33
7740.74,-78.40999999999985,21691.139
7740.75,-78.39999999999964,21450.146
7740.76,-78.38999999999942,21353.809
7740.77,-78.3799999999992,21498.33
7740.78,-78.36999999999989,21642.924
7740.79,-78.35999999999967,21642.924
7740.8,-78.34999999999945,21546.52
7740.81,-78.33999999999924,21739.359
7740.82,-78.32999999999993,21691.139
7740.83,-78.31999999999971,21691.139
7740.84,-78.30999999999949,21546.52
7740.85,-78.29999999999927,21546.52
7740.86,-78.28999999999996,21450.146
7740.87,-78.27999999999975,21450.146
7740.88,-78.26999999999953,21498.33
7740.89,-78.25999999999931,21498.33
7740.9,-78.25,21594.717
7740.91,-78.23999999999978,21691.139
7740.92,-78.22999999999956,21450.146
7740.93,-78.21999999999935,21546.52
7740.94,-78.21000000000004,21787.59
7740.95,-78.19999999999982,21546.52
7740.96,-78.1899999999996,21450.146
7740.97,-78.17999999999938,21787.59
7740.98,-78.17000000000007,21594.717
7740.99,-78.15999999999985,21401.973
7741.0,-78.14999999999964,21450.146
7741.01,-78.13999999999942,21594.717
7741.02,-78.1299999999992,21642.924
7741.03,-78.11999999999989,21691.139
7741.04,-78.10999999999967,21787.59
7741.05,-78.09999999999945,21546.52
7741.06,-78.08999999999924,21546.52
7741.07,-78.07999999999993,21594.717
7741.08,-78.06999999999971,21546.52
7741.09,-78.05999999999949,21353.809
7741.1,-78.04999999999927,21546.52
7741.11,-78.03999999999996,21691.139
7741.12,-78.02999999999975,21642.924
7741.13,-78.01999999999953,21450.146
7741.14,-78.00999999999931,21498.33
7741.15,-78.0,21546.52
7741.16,-77.98999999999978,21353.809
7741.17,-77.97999999999956,21353.809
7741.18,-77.96999999999935,21401.973
7741.19,-77.96000000000004,21594.717
7741.2,-77.94999999999982,21450.146
7741.21,-77.9399999999996,21642.924
7741.22,-77.92999999999938,21642.924
7741.23,-77.92000000000007,21787.59
7741.24,-77.90999999999985,21739.359
7741.25,-77.89999999999964,21546.52
7741.26,-77.88999999999942,21450.146
7741.27,-77.8799999999992,21594.717
7741.28,-77.86999999999989,21739.359
7741.29,-77.85999999999967,21546.52
7741.3,-77.84999999999945,21787.59
7741.31,-77.83999999999924,21642.924
7741.32,-77.82999999999993,21642.924
7741.33,-77.81999999999971,21594.717
7741.34,-77.80999999999949,21691.139
7741.35,-77.79999999999927,21642.924
7741.36,-77.78999999999996,21739.359
7741.37,-77.77999999999975,21787.59
7741.38,-77.76999999999953,21498.33
7741.39,-77.75999999999931,21353.809
7741.4,-77.75,21498.33
7741.41,-77.73999999999978,21546.52
7741.42,-77.72999999999956,21546.52
7741.43,-77.71999999999935,21546.52
7741.44,-77.71000000000004,21401.973
7741.45,-77.69999999999982,21498.33
7741.46,-77.6899999999996,21498.33
7741.47,-77.67999999999938,21450.146
7741.48,-77.67000000000007,21450.146
7741.49,-77.65999999999985,21691.139
7741.5,-77.64999999999964,21450.146
7741.51,-77.63999999999942,21642.924
7741.52,-77.6299999999992,21642.924
7741.53,-77.61999999999989,21642.924
7741.54,-77.60999999999967,21691.139
7741.55,-77.59999999999945,21546.52
7741.56,-77.58999999999924,21546.52
7741.57,-77.57999999999993,21594.717
7741.58,-77.56999999999971,21739.359
7741.59,-77.55999999999949,21546.52
7741.6,-77.54999999999927,21594.717
7741.61,-77.53999999999996,21546.52
7741.62,-77.52999999999975,21546.52
7741.63,-77.51999999999953,21691.139
7741.64,-77.50999999999931,21594.717
7741.65,-77.5,21594.717
7741.66,-77.48999999999978,21835.83
7741.67,-77.47999999999956,21739.359
7741.68,-77.46999999999935,21691.139
7741.69,-77.46000000000004,21450.146
7741.7,-77.44999999999982,21450.146
7741.71,-77.4399999999996,21642.924
7741.72,-77.42999999999938,21546.52
7741.73,-77.42000000000007,21642.924
7741.74,-77.40999999999985,21594.717
7741.75,-77.39999999999964,21739.359
7741.76,-77.38999999999942,21450.146
7741.77,-77.3799999999992,21594.717
7741.78,-77.36999999999989,21546.52
7741.79,-77.35999999999967,21353.809
7741.8,-77.34999999999945,21498.33
7741.81,-77.33999999999924,21594.717
7741.82,-77.32999999999993,21691.139
7741.83,-77.31999999999971,21739.359
7741.84,-77.30999999999949,21546.52
7741.85,-77.29999999999927,21594.717
7741.86,-77.28999999999996,21594.717
7741.87,-77.27999999999975,21498.33
7741.88,-77.26999999999953,21642.924
7741.89,-77.25999999999931,21691.139
7741.9,-77.25,21642.924
7741.91,-77.23999999999978,21835.83
7741.92,-77.22999999999956,21450.146
7741.93,-77.21999999999935,21594.717
7741.94,-77.21000000000004,21594.717
7741.95,-77.19999999999982,21450.146
7741.96,-77.1899999999996,21594.717
7741.97,-77.17999999999938,21739.359
7741.98,-77.17000000000007,21594.717
7741.99,-77.15999999999985,21594.717
7742.0,-77.14999999999964,21594.717
7742.01,-77.13999999999942,21787.59
7742.02,-77.1299999999992,21594.717
7742.03,-77.11999999999989,21594.717
7742.04,-77.10999999999967,21642.924
7742.05,-77.09999999999945,21594.717
7742.06,-77.08999999999924,21691.139
7742.07,-77.07999999999993,21787.59
7742.08,-77.06999999999971,21594.717
7742.09,-77.05999999999949,21691.139
7742.1,-77.04999999999927,21594.717
7742.11,-77.03999999999996,21739.359
7742.12,-77.02999999999975,21739.359
7742.13,-77.01999999999953,21594.717
7742.14,-77.00999999999931,21498.33
7742.15,-77.0,21450.146
7742.16,-76.98999999999978,21450.146
7742.17,-76.97999999999956,21546.52
7742.18,-76.96999999999935,21594.717
7742.19,-76.96000000000004,21546.52
7742.2,-76.94999999999982,21498.33
7742.21,-76.9399999999996,21594.717
7742.22,-76.92999999999938,21546.52
7742.23,-76.92000000000007,21739.359
7742.24,-76.90999999999985,21546.52
7742.25,-76.89999999999964,21546.52
7742.26,-76.88999999999942,21498.33
7742.27,-76.8799999999992,21642.924
7742.28,-76.86999999999989,21739.359
7742.29,-76.85999999999967,21594.717
7742.3,-76.84999999999945,21546.52
7742.31,-76.83999999999924,21642.924
7742.32,-76.82999999999993,21546.52
7742.33,-76.81999999999971,21546.52
7742.34,-76.80999999999949,21787.59
7742.35,-76.79999999999927,21594.717
7742.36,-76.78999999999996,21787.59
7742.37,-76.77999999999975,21594.717
7742.38,-76.76999999999953,21642.924
7742.39,-76.75999999999931,21498.33
7742.4,-76.75,21450.146
7742.41,-76.73999999999978,21498.33
7742.42,-76.72999999999956,21546.52
7742.43,-76.71999999999935,21642.924
7742.44,-76.71000000000004,21642.924
7742.45,-76.69999999999982,21546.52
7742.46,-76.6899999999996,21401.973
7742.47,-76.67999999999938,21594.717
7742.48,-76.67000000000007,21691.139
7742.49,-76.65999999999985,21594.717
7742.5,-76.64999999999964,21594.717
7742.51,-76.63999999999942,21642.924
7742.52,-76.6299999999992,21691.139
7742.53,-76.61999999999989,21546.52
7742.54,-76.60999999999967,21642.924
7742.55,-76.59999999999945,21498.33
7742.56,-76.58999999999924,21787.59
7742.57,-76.57999999999993,21787.59
7742.58,-76.56999999999971,21594.717
7742.59,-76.55999999999949,21498.33
7742.6,-76.54999999999927,21450.146
7742.61,-76.53999999999996,21691.139
7742.62,-76.52999999999975,21642.924
7742.63,-76.51999999999953,21594.717
7742.64,-76.50999999999931,21642.924
7742.65,-76.5,21642.924
7742.66,-76.48999999999978,21691.139
7742.67,-76.47999999999956,21884.076
7742.68,-76.46999999999935,21787.59
7742.69,-76.46000000000004,21594.717
7742.7,-76.44999999999982,21642.924
7742.71,-76.4399999999996,21257.502
7742.72,-76.42999999999938,21498.33
7742.73,-76.42000000000007,21739.359
7742.74,-76.40999999999985,21739.359
7742.75,-76.39999999999964,21691.139
7742.76,-76.38999999999942,21787.59
7742.77,-76.3799999999992,21787.59
7742.78,-76.36999999999989,21642.924
7742.79,-76.35999999999967,21739.359
7742.8,-76.34999999999945,21691.139
7742.81,-76.33999999999924,21594.717
7742.82,-76.32999999999993,21594.717
7742.83,-76.31999999999971,21401.973
7742.84,-76.30999999999949,21691.139
7742.85,-76.29999999999927,21546.52
7742.86,-76.28999999999996,21691.139
7742.87,-76.27999999999975,21594.717
7742.88,-76.26999999999953,21691.139
7742.89,-76.25999999999931,21594.717
7742.9,-76.25,21498.33
7742.91,-76.23999999999978,21739.359
7742.92,-76.22999999999956,21594.717
7742.93,-76.21999999999935,21594.717
7742.94,-76.21000000000004,21642.924
7742.95,-76.19999999999982,21787.59
7742.96,-76.1899999999996,21546.52
7742.97,-76.17999999999938,21739.359
7742.98,-76.17000000000007,21642.924
7742.99,-76.15999999999985,21546.52
7743.0,-76.14999999999964,21594.717
7743.01,-76.13999999999942,21642.924
7743.02,-76.1299999999992,21739.359
7743.03,-76.11999999999989,21691.139
7743.04,-76.10999999999967,21691.139
7743.05,-76.09999999999945,21594.717
7743.06,-76.08999999999924,21884.076
7743.07,-76.07999999999993,21546.52
7743.08,-76.06999999999971,21739.359
7743.09,-76.05999999999949,21691.139
7743.1,-76.04999999999927,21739.359
7743.11,-76.03999999999996,21739.359
7743.12,-76.02999999999975,21787.59
7743.13,-76.01999999999953,21691.139
7743.14,-76.00999999999931,21498.33
7743.15,-76.0,21691.139
7743.16,-75.98999999999978,21546.52
7743.17,-75.97999999999956,21498.33
7743.18,-75.96999999999935,21546.52
7743.19,-75.96000000000004,21691.139
7743.2,-75.94999999999982,21546.52
7743.21,-75.9399999999996,21642.924
7743.22,-75.92999999999938,21739.359
7743.23,-75.92000000000007,21594.717
7743.24,-75.90999999999985,21546.52
7743.25,-75.89999999999964,21546.52
7743.26,-75.88999999999942,21642.924
7743.27,-75.8799999999992,21546.52
7743.28,-75.86999999999989,21546.52
7743.29,-75.85999999999967,21642.924
7743.3,-75.84999999999945,21546.52
7743.31,-75.83999999999924,21691.139
7743.32,-75.82999999999993,21739.359
7743.33,-75.81999999999971,21450.146
7743.34,-75.80999999999949,21642.924
7743.35,-75.79999999999927,21835.83
7743.36,-75.78999999999996,21546.52
7743.37,-75.77999999999975,21642.924
7743.38,-75.76999999999953,21546.52
7743.39,-75.75999999999931,21691.139
7743.4,-75.75,21787.59
7743.41,-75.73999999999978,21835.83
7743.42,-75.72999999999956,21642.924
7743.43,-75.71999999999935,21546.52
7743.44,-75.71000000000004,21691.139
7743.45,-75.69999999999982,21594.717
7743.46,-75.6899999999996,21546.52
7743.47,-75.67999999999938,21642.924
7743.48,-75.67000000000007,21450.146
7743.49,-75.65999999999985,21642.924
7743.5,-75.64999999999964,21498.33
7743.51,-75.63999999999942,21787.59
7743.52,-75.6299999999992,21594.717
7743.53,-75.61999999999989,21546.52
7743.54,-75.60999999999967,21691.139
7743.55,-75.59999999999945,21642.924
7743.56,-75.58999999999924,21642.924
7743.57,-75.57999999999993,21787.59
7743.58,-75.56999999999971,21691.139
7743.59,-75.55999999999949,21546.52
7743.6,-75.54999999999927,21498.33
7743.61,-75.53999999999996,21498.33
7743.62,-75.52999999999975,21450.146
7743.63,-75.51999999999953,21546.52
7743.64,-75.50999999999931,21546.52
7743.65,-75.5,21642.924
7743.66,-75.48999999999978,21642.924
7743.67,-75.47999999999956,21594.717
7743.68,-75.46999999999935,21642.924
7743.69,-75.46000000000004,21546.52
7743.7,-75.44999999999982,21691.139
7743.71,-75.4399999999996,21498.33
7743.72,-75.42999999999938,21787.59
7743.73,-75.42000000000007,21594.717
7743.74,-75.40999999999985,21835.83
7743.75,-75.39999999999964,21691.139
7743.76,-75.38999999999942,21691.139
7743.77,-75.3799999999992,21594.717
7743.78,-75.36999999999989,21642.924
7743.79,-75.35999999999967,21594.717
7743.8,-75.34999999999945,21546.52
7743.81,-75.33999999999924,21691.139
7743.82,-75.32999999999993,21546.52
7743.83,-75.31999999999971,21594.717
7743.84,-75.30999999999949,21642.924
7743.85,-75.29999999999927,21546.52
7743.86,-75.28999999999996,21739.359
7743.87,-75.27999999999975,21691.139
7743.88,-75.26999999999953,21691.139
7743.89,-75.25999999999931,21691.139
7743.9,-75.25,21450.146
7743.91,-75.23999999999978,21594.717
7743.92,-75.22999999999956,21642.924
7743.93,-75.21999999999935,21498.33
7743.94,-75.21000000000004,21691.139
7743.95,-75.19999999999982,21739.359
7743.96,-75.1899999999996,21498.33
7743.97,-75.17999999999938,21498.33
7743.98,-75.17000000000007,21642.924
7743.99,-75.15999999999985,21739.359
7744.0,-75.14999999999964,21787.59
7744.01,-75.13999999999942,21546.52
7744.02,-75.1299999999992,21498.33
7744.03,-75.11999999999989,21450.146
7744.04,-75.10999999999967,21594.717
7744.05,-75.09999999999945,21546.52
7744.06,-75.08999999999924,21642.924
7744.07,-75.07999999999993,21642.924
7744.08,-75.06999999999971,21498.33
7744.09,-75.05999999999949,21546.52
7744.1,-75.04999999999927,21594.717
7744.11,-75.03999999999996,21642.924
7744.12,-75.02999999999975,21546.52
7744.13,-75.01999999999953,21691.139
7744.14,-75.00999999999931,21739.359
7744.15,-75.0,21594.717
7744.16,-74.98999999999978,21546.52
7744.17,-74.97999999999956,21546.52
7744.18,-74.96999999999935,21498.33
7744.19,-74.96000000000004,21546.52
7744.2,-74.94999999999982,21739.359
7744.21,-74.9399999999996,21450.146
7744.22,-74.92999999999938,21739.359
7744.23,-74.92000000000007,21594.717
7744.24,-74.90999999999985,21546.52
7744.25,-74.89999999999964,21353.809
7744.26,-74.88999999999942,21739.359
7744.27,-74.8799999999992,21642.924
7744.28,-74.86999999999989,21691.139
7744.29,-74.85999999999967,21691.139
7744.3,-74.84999999999945,21642.924
7744.31,-74.83999999999924,21691.139
7744.32,-74.82999999999993,21642.924
7744.33,-74.81999999999971,21691.139
7744.34,-74.80999999999949,21739.359
7744.35,-74.79999999999927,21353.809
7744.36,-74.78999999999996,21498.33
7744.37,-74.77999999999975,21642.924
7744.38,-74.76999999999953,21594.717
7744.39,-74.75999999999931,21642.924
7744.4,-74.75,21546.52
7744.41,-74.73999999999978,21546.52
7744.42,-74.72999999999956,21401.973
7744.43,-74.71999999999935,21642.924
7744.44,-74.71000000000004,21642.924
7744.45,-74.69999999999982,21498.33
7744.46,-74.6899999999996,21642.924
7744.47,-74.67999999999938,21498.33
7744.48,-74.67000000000007,21594.717
7744.49,-74.65999999999985,21546.52
7744.5,-74.64999999999964,21642.924
7744.51,-74.63999999999942,21594.717
7744.52,-74.6299999999992,21642.924
7744.53,-74.61999999999989,21739.359
7744.54,-74.60999999999967,21546.52
7744.55,-74.59999999999945,21642.924
7744.56,-74.58999999999924,21787.59
7744.57,-74.57999999999993,21546.52
7744.58,-74.56999999999971,21739.359
7744.59,-74.55999999999949,21546.52
7744.6,-74.54999999999927,21546.52
7744.61,-74.53999999999996,21691.139
7744.62,-74.52999999999975,21642.924
7744.63,-74.51999999999953,21642.924
7744.64,-74.50999999999931,21401.973
7744.65,-74.5,21642.924
7744.66,-74.48999999999978,21739.359
7744.67,-74.47999999999956,21787.59
7744.68,-74.46999999999935,21739.359
7744.69,-74.46000000000004,21787.59
7744.7,-74.44999999999982,21594.717
7744.71,-74.4399999999996,21691.139
7744.72,-74.42999999999938,21739.359
7744.73,-74.42000000000007,21787.59
7744.74,-74.40999999999985,21450.146
7744.75,-74.39999999999964,21691.139
7744.76,-74.38999999999942,21691.139
7744.77,-74.3799999999992,21642.924
7744.78,-74.36999999999989,21546.52
7744.79,-74.35999999999967,21546.52
7744.8,-74.34999999999945,21594.717
7744.81,-74.33999999999924,21691.139
7744.82,-74.32999999999993,21739.359
7744.83,-74.31999999999971,21546.52
7744.84,-74.30999999999949,21642.924
7744.85,-74.29999999999927,21450.146
7744.86,-74.28999999999996,21787.59
7744.87,-74.27999999999975,21835.83
7744.88,-74.26999999999953,21642.924
7744.89,-74.25999999999931,21642.924
7744.9,-74.25,21546.52
7744.91,-74.23999999999978,21932.332
7744.92,-74.22999999999956,21594.717
7744.93,-74.21999999999935,21498.33
7744.94,-74.21000000000004,21498.33
7744.95,-74.19999999999982,21594.717
7744.96,-74.1899999999996,21691.139
7744.97,-74.17999999999938,21835.83
7744.98,-74.17000000000007,21642.924
7744.99,-74.15999999999985,21691.139
7745.0,-74.14999999999964,21594.717
7745.01,-74.13999999999942,21691.139
7745.02,-74.1299999999992,21594.717
7745.03,-74.11999999999989,21787.59
7745.04,-74.10999999999967,21546.52
7745.05,-74.09999999999945,21546.52
7745.06,-74.08999999999924,21642.924
7745.07,-74.07999999999993,21594.717
7745.08,-74.06999999999971,21353.809
7745.09,-74.05999999999949,21594.717
7745.1,-74.04999999999927,21787.59
7745.11,-74.03999999999996,21642.924
7745.12,-74.02999999999975,21594.717
7745.13,-74.01999999999953,21546.52
7745.14,-74.00999999999931,21787.59
7745.15,-74.0,21546.52
7745.16,-73.98999999999978,21642.924
7745.17,-73.97999999999956,21450.146
7745.18,-73.96999999999935,21594.717
7745.19,-73.96000000000004,21691.139
7745.2,-73.94999999999982,21594.717
7745.21,-73.9399999999996,21642.924
7745.22,-73.92999999999938,21884.076
7745.23,-73.92000000000007,21594.717
7745.24,-73.90999999999985,21691.139
7745.25,-73.89999999999964,21401.973
7745.26,-73.88999999999942,21594.717
7745.27,-73.8799999999992,21546.52
7745.28,-73.86999999999989,21642.924
7745.29,-73.85999999999967,21642.924
7745.3,-73.84999999999945,21546.52
7745.31,-73.83999999999924,21594.717
7745.32,-73.82999999999993,21642.924
7745.33,-73.81999999999971,21642.924
7745.34,-73.80999999999949,21642.924
7745.35,-73.79999999999927,21691.139
7745.36,-73.78999999999996,21787.59
7745.37,-73.77999999999975,21739.359
7745.38,-73.76999999999953,21787.59
7745.39,-73.75999999999931,21787.59
7745.4,-73.75,21642.924
7745.41,-73.73999999999978,21642.924
7745.42,-73.72999999999956,21546.52
7745.43,-73.71999999999935,21835.83
7745.44,-73.71000000000004,21691.139
7745.45,-73.69999999999982,21835.83
7745.46,-73.6899999999996,21691.139
7745.47,-73.67999999999938,21498.33
7745.48,-73.67000000000007,21546.52
7745.49,-73.65999999999985,21739.359
7745.5,-73.64999999999964,21498.33
7745.51,-73.63999999999942,21642.924
7745.52,-73.6299999999992,21546.52
7745.53,-73.61999999999989,21594.717
7745.54,-73.60999999999967,21691.139
7745.55,-73.59999999999945,21546.52
7745.56,-73.58999999999924,21691.139
7745.57,-73.57999999999993,21691.139
7745.58,-73.56999999999971,21739.359
7745.59,-73.55999999999949,21691.139
7745.6,-73.54999999999927,21787.59
7745.61,-73.53999999999996,21787.59
7745.62,-73.52999999999975,21353.809
7745.63,-73.51999999999953,21546.52
7745.64,-73.50999999999931,21691.139
7745.65,-73.5,21594.717
7745.66,-73.48999999999978,21546.52
7745.67,-73.47999999999956,21450.146
7745.68,-73.46999999999935,21691.139
7745.69,-73.46000000000004,21884.076
7745.7,-73.44999999999982,21594.717
7745.71,-73.4399999999996,21546.52
7745.72,-73.42999999999938,21642.924
7745.73,-73.42000000000007,21546.52
7745.74,-73.40999999999985,21691.139
7745.75,-73.39999999999964,21546.52
7745.76,-73.38999999999942,21546.52
7745.77,-73.3799999999992,21691.139
7745.78,-73.36999999999989,21642.924
7745.79,-73.35999999999967,21353.809
7745.8,-73.34999999999945,21594.717
7745.81,-73.33999999999924,21739.359
7745.82,-73.32999999999993,21884.076
7745.83,-73.31999999999971,21739.359
7745.84,-73.30999999999949,21642.924
7745.85,-73.29999999999927,21691.139
7745.86,-73.28999999999996,21835.83
7745.87,-73.27999999999975,21691.139
7745.88,-73.26999999999953,21498.33
7745.89,-73.25999999999931,21594.717
7745.9,-73.25,21594.717
7745.91,-73.23999999999978,21642.924
7745.92,-73.22999999999956,21642.924
7745.93,-73.21999999999935,21691.139
7745.94,-73.21000000000004,21691.139
7745.95,-73.19999999999982,21787.59
7745.96,-73.1899999999996,21787.59
7745.97,-73.17999999999938,21546.52
7745.98,-73.17000000000007,21546.52
7745.99,-73.15999999999985,21787.59
7746.0,-73.14999999999964,21498.33
7746.01,-73.13999999999942,21546.52
7746.02,-73.1299999999992,21787.59
7746.03,-73.11999999999989,21691.139
7746.04,-73.10999999999967,21835.83
7746.05,-73.09999999999945,21546.52
7746.06,-73.08999999999924,21835.83
7746.07,-73.07999999999993,21642.924
7746.08,-73.06999999999971,21546.52
7746.09,-73.05999999999949,21691.139
7746.1,-73.04999999999927,21594.717
7746.11,-73.03999999999996,21642.924
7746.12,-73.02999999999975,21739.359
7746.13,-73.01999999999953,21546.52
7746.14,-73.00999999999931,21835.83
7746.15,-73.0,21739.359
7746.16,-72.98999999999978,21932.332
7746.17,-72.97999999999956,21739.359
7746.18,-72.96999999999935,21546.52
7746.19,-72.96000000000004,21739.359
7746.2,-72.94999999999982,21739.359
7746.21,-72.9399999999996,21642.924
7746.22,-72.92999999999938,21787.59
7746.23,-72.92000000000007,21691.139
7746.24,-72.90999999999985,21642.924
7746.25,-72.89999999999964,21691.139
7746.26,-72.88999999999942,21642.924
7746.27,-72.8799999999992,21642.924
7746.28,-72.86999999999989,21594.717
7746.29,-72.85999999999967,21498.33
7746.3,-72.84999999999945,21642.924
7746.31,-72.83999999999924,21691.139
7746.32,-72.82999999999993,21642.924
7746.33,-72.81999999999971,21546.52
7746.34,-72.80999999999949,21546.52
7746.35,-72.79999999999927,21642.924
7746.36,-72.78999999999996,21691.139
7746.37,-72.77999999999975,21546.52
7746.38,-72.76999999999953,21594.717
7746.39,-72.75999999999931,21546.52
7746.4,-72.75,21739.359
7746.41,-72.73999999999978,21642.924
7746.42,-72.72999999999956,21642.924
7746.43,-72.71999999999935,21546.52
7746.44,-72.71000000000004,21642.924
7746.45,-72.69999999999982,21594.717
7746.46,-72.6899999999996,21691.139
7746.47,-72.67999999999938,21787.59
7746.48,-72.67000000000007,21642.924
7746.49,-72.65999999999985,21691.139
7746.5,-72.64999999999964,21642.924
7746.51,-72.63999999999942,21353.809
7746.52,-72.6299999999992,21787.59
7746.53,-72.61999999999989,21739.359
7746.54,-72.60999999999967,21546.52
7746.55,-72.59999999999945,21739.359
7746.56,-72.58999999999924,21787.59
7746.57,-72.57999999999993,21546.52
7746.58,-72.56999999999971,21691.139
7746.59,-72.55999999999949,21594.717
7746.6,-72.54999999999927,21691.139
7746.61,-72.53999999999996,21835.83
7746.62,-72.52999999999975,21739.359
7746.63,-72.51999999999953,21691.139
7746.64,-72.50999999999931,21835.83
7746.65,-72.5,21594.717
7746.66,-72.48999999999978,21498.33
7746.67,-72.47999999999956,21691.139
7746.68,-72.46999999999935,21642.924
7746.69,-72.46000000000004,21787.59
7746.7,-72.44999999999982,21787.59
7746.71,-72.4399999999996,21691.139
7746.72,-72.42999999999938,21691.139
7746.73,-72.42000000000007,21546.52
7746.74,-72.40999999999985,21546.52
7746.75,-72.39999999999964,21594.717
7746.76,-72.38999999999942,21642.924
7746.77,-72.3799999999992,21546.52
7746.78,-72.36999999999989,21498.33
7746.79,-72.35999999999967,21739.359
7746.8,-72.34999999999945,22850.719
7746.81,-72.33999999999924,23335.258
7746.82,-72.32999999999993,23626.373
7746.83,-72.31999999999971,23869.189
7746.84,-72.30999999999949,23966.375
7746.85,-72.29999999999927,23869.189
7746.86,-72.28999999999996,23917.777
7746.87,-72.27999999999975,23674.92
7746.88,-72.26999999999953,23674.92
7746.89,-72.25999999999931,23723.475
7746.9,-72.25,23869.189
7746.91,-72.23999999999978,23674.92
7746.92,-72.22999999999956,23869.189
7746.93,-72.21999999999935,23626.373
7746.94,-72.21000000000004,23917.777
7746.95,-72.19999999999982,23626.373
7746.96,-72.1899999999996,23772.039
7746.97,-72.17999999999938,23626.373
7746.98,-72.17000000000007,23674.92
7746.99,-72.15999999999985,23820.611
7747.0,-72.14999999999964,23917.777
7747.01,-72.13999999999942,23820.611
7747.02,-72.1299999999992,23966.375
7747.03,-72.11999999999989,23723.475
7747.04,-72.10999999999967,23674.92
7747.05,-72.09999999999945,23869.189
7747.06,-72.08999999999924,23772.039
7747.07,-72.07999999999993,23869.189
7747.08,-72.06999999999971,23723.475
7747.09,-72.05999999999949,23820.611
7747.1,-72.04999999999927,23626.373
7747.11,-72.03999999999996,23820.611
7747.12,-72.02999999999975,23723.475
7747.13,-72.01999999999953,23577.832
7747.14,-72.00999999999931,23674.92
7747.15,-72.0,23626.373
7747.16,-71.98999999999978,23966.375
7747.17,-71.97999999999956,23869.189
7747.18,-71.96999999999935,23917.777
7747.19,-71.96000000000004,24014.979
7747.2,-71.94999999999982,23917.777
7747.21,-71.9399999999996,23674.92
7747.22,-71.92999999999938,23820.611
7747.23,-71.92000000000007,23577.832
7747.24,-71.90999999999985,23772.039
7747.25,-71.89999999999964,23723.475
7747.26,-71.88999999999942,23820.611
7747.27,-71.8799999999992,23674.92
7747.28,-71.86999999999989,23674.92
7747.29,-71.85999999999967,23820.611
7747.3,-71.84999999999945,23674.92
7747.31,-71.83999999999924,23723.475
7747.32,-71.82999999999993,23820.611
7747.33,-71.81999999999971,23480.779
7747.34,-71.80999999999949,23820.611
7747.35,-71.79999999999927,23820.611
7747.36,-71.78999999999996,23772.039
7747.37,-71.77999999999975,23917.777
7747.38,-71.76999999999953,23820.611
7747.39,-71.75999999999931,23674.92
7747.4,-71.75,23577.832
7747.41,-71.73999999999978,23626.373
7747.42,-71.72999999999956,23626.373
7747.43,-71.71999999999935,23577.832
7747.44,-71.71000000000004,23723.475
7747.45,-71.69999999999982,23723.475
7747.46,-71.6899999999996,23772.039
7747.47,-71.67999999999938,23772.039
7747.48,-71.67000000000007,23966.375
7747.49,-71.65999999999985,23772.039
7747.5,-71.64999999999964,23869.189
7747.51,-71.63999999999942,23820.611
7747.52,-71.6299999999992,23723.475
7747.53,-71.61999999999989,23917.777
7747.54,-71.60999999999967,23966.375
7747.55,-71.59999999999945,23626.373
7747.56,-71.58999999999924,23820.611
7747.57,-71.57999999999993,23674.92
7747.58,-71.56999999999971,23577.832
7747.59,-71.55999999999949,23626.373
7747.6,-71.54999999999927,23966.375
7747.61,-71.53999999999996,23674.92
7747.62,-71.52999999999975,23723.475
7747.63,-71.51999999999953,23674.92
7747.64,-71.50999999999931,24112.211
7747.65,-71.5,25037.545
7747.66,-71.48999999999978,24940.002
7747.67,-71.47999999999956,24842.494
7747.68,-71.46999999999935,24793.752
7747.69,-71.46000000000004,24842.494
7747.7,-71.44999999999982,24842.494
7747.71,-71.4399999999996,24745.018
7747.72,-71.42999999999938,23432.264
7747.73,-71.42000000000007,21932.332
7747.74,-71.40999999999985,21594.717
7747.75,-71.39999999999964,21498.33
7747.76,-71.38999999999942,21498.33
7747.77,-71.3799999999992,21401.973
7747.78,-71.36999999999989,21498.33
7747.79,-71.35999999999967,21546.52
7747.8,-71.34999999999945,21546.52
7747.81,-71.33999999999924,21546.52
7747.82,-71.32999999999993,21594.717
7747.83,-71.31999999999971,21594.717
7747.84,-71.30999999999949,21594.717
7747.85,-71.29999999999927,21353.809
7747.86,-71.28999999999996,21546.52
7747.87,-71.27999999999975,21546.52
7747.88,-71.26999999999953,21546.52
7747.89,-71.25999999999931,21353.809
7747.9,-71.25,21450.146
7747.91,-71.23999999999978,21450.146
7747.92,-71.22999999999956,21642.924
7747.93,-71.21999999999935,21642.924
7747.94,-71.21000000000004,21546.52
7747.95,-71.19999999999982,21498.33
7747.96,-71.1899999999996,21546.52
7747.97,-71.17999999999938,21594.717
7747.98,-71.17000000000007,21642.924
7747.99,-71.15999999999985,21498.33
7748.0,-71.14999999999964,21546.52
7748.01,-71.13999999999942,21498.33
7748.02,-71.1299999999992,21642.924
7748.03,-71.11999999999989,21594.717
7748.04,-71.10999999999967,21594.717
7748.05,-71.09999999999945,21353.809
7748.06,-71.08999999999924,21450.146
7748.07,-71.07999999999993,21594.717
7748.08,-71.06999999999971,21642.924
7748.09,-71.05999999999949,21498.33
7748.1,-71.04999999999927,21353.809
7748.11,-71.03999999999996,21305.65
7748.12,-71.02999999999975,21546.52
7748.13,-71.01999999999953,21401.973
7748.14,-71.00999999999931,21401.973
7748.15,-71.0,21498.33
7748.16,-70.98999999999978,21450.146
7748.17,-70.97999999999956,21401.973
7748.18,-70.96999999999935,21642.924
7748.19,-70.96000000000004,21498.33
7748.2,-70.94999999999982,21594.717
7748.21,-70.9399999999996,21498.33
7748.22,-70.92999999999938,21546.52
7748.23,-70.92000000000007,21450.146
7748.24,-70.90999999999985,21353.809
7748.25,-70.89999999999964,21498.33
7748.26,-70.88999999999942,21450.146
7748.27,-70.8799999999992,21594.717
7748.28,-70.86999999999989,21594.717
7748.29,-70.85999999999967,21401.973
7748.3,-70.84999999999945,21691.139
7748.31,-70.83999999999924,21546.52
7748.32,-70.82999999999993,21450.146
7748.33,-70.81999999999971,21739.359
7748.34,-70.80999999999949,21450.146
7748.35,-70.79999999999927,21594.717
7748.36,-70.78999999999996,21546.52
7748.37,-70.77999999999975,21594.717
7748.38,-70.76999999999953,21546.52
7748.39,-70.75999999999931,21594.717
7748.4,-70.75,21450.146
7748.41,-70.73999999999978,21498.33
7748.42,-70.72999999999956,21401.973
7748.43,-70.71999999999935,21546.52
7748.44,-70.71000000000004,21498.33
7748.45,-70.69999999999982,21401.973
7748.46,-70.6899999999996,21257.502
7748.47,-70.67999999999938,21498.33
7748.48,-70.67000000000007,21594.717
7748.49,-70.65999999999985,21642.924
7748.5,-70.64999999999964,21594.717
7748.51,-70.63999999999942,21401.973
7748.52,-70.6299999999992,21353.809
7748.53,-70.61999999999989,21401.973
7748.54,-70.60999999999967,21209.359
7748.55,-70.59999999999945,21450.146
7748.56,-70.58999999999924,21594.717
7748.57,-70.57999999999993,21642.924
7748.58,-70.56999999999971,21498.33
7748.59,-70.55999999999949,21594.717
7748.6,-70.54999999999927,21353.809
7748.61,-70.53999999999996,21498.33
7748.62,-70.52999999999975,21594.717
7748.63,-70.51999999999953,21353.809
7748.64,-70.50999999999931,21450.146
7748.65,-70.5,21546.52
7748.66,-70.48999999999978,21594.717
7748.67,-70.47999999999956,21546.52
7748.68,-70.46999999999935,21498.33
7748.69,-70.46000000000004,21305.65
7748.7,-70.44999999999982,21450.146
7748.71,-70.4399999999996,21498.33
7748.72,-70.42999999999938,21305.65
7748.73,-70.42000000000007,21450.146
7748.74,-70.40999999999985,21642.924
7748.75,-70.39999999999964,21353.809
7748.76,-70.38999999999942,21257.502
7748.77,-70.3799999999992,21401.973
7748.78,-70.36999999999989,21450.146
7748.79,-70.35999999999967,21642.924
7748.8,-70.34999999999945,21401.973
7748.81,-70.33999999999924,21691.139
7748.82,-70.32999999999993,21498.33
7748.83,-70.31999999999971,21642.924
7748.84,-70.30999999999949,21401.973
7748.85,-70.29999999999927,21546.52
7748.86,-70.28999999999996,21353.809
7748.87,-70.27999999999975,21401.973
7748.88,-70.26999999999953,21450.146
7748.89,-70.25999999999931,21498.33
7748.9,-70.25,21450.146
7748.91,-70.23999999999978,21594.717
7748.92,-70.22999999999956,21450.146
7748.93,-70.21999999999935,21498.33
7748.94,-70.21000000000004,21353.809
7748.95,-70.19999999999982,21546.52
7748.96,-70.1899999999996,21546.52
7748.97,-70.17999999999938,21594.717
7748.98,-70.17000000000007,21498.33
7748.99,-70.15999999999985,21450.146
7749.0,-70.14999999999964,21739.359
7749.01,-70.13999999999942,21594.717
7749.02,-70.1299999999992,21401.973
7749.03,-70.11999999999989,21594.717
7749.04,-70.10999999999967,21594.717
7749.05,-70.09999999999945,21546.52
7749.06,-70.08999999999924,21594.717
7749.07,-70.07999999999993,21450.146
7749.08,-70.06999999999971,21642.924
7749.09,-70.05999999999949,21450.146
7749.1,-70.04999999999927,21353.809
7749.11,-70.03999999999996,21546.52
7749.12,-70.02999999999975,21642.924
7749.13,-70.01999999999953,21401.973
7749.14,-70.00999999999931,21401.973
7749.15,-70.0,21546.52
7749.16,-69.98999999999978,21642.924
7749.17,-69.97999999999956,21498.33
7749.18,-69.96999999999935,21594.717
7749.19,-69.96000000000004,21546.52
7749.2,-69.94999999999982,21450.146
7749.21,-69.9399999999996,21594.717
7749.22,-69.92999999999938,21353.809
7749.23,-69.92000000000007,21546.52
7749.24,-69.90999999999985,21401.973
7749.25,-69.89999999999964,21594.717
7749.26,-69.88999999999942,21787.59
7749.27,-69.8799999999992,21353.809
7749.28,-69.86999999999989,21353.809
7749.29,-69.85999999999967,21353.809
7749.3,-69.84999999999945,21257.502
7749.31,-69.83999999999924,21594.717
7749.32,-69.82999999999993,21546.52
7749.33,-69.81999999999971,21498.33
7749.34,-69.80999999999949,21546.52
7749.35,-69.79999999999927,21498.33
7749.36,-69.78999999999996,21353.809
7749.37,-69.77999999999975,21450.146
7749.38,-69.76999999999953,21498.33
7749.39,-69.75999999999931,21546.52
7749.4,-69.75,21498.33
7749.41,-69.73999999999978,21642.924
7749.42,-69.72999999999956,21546.52
7749.43,-69.71999999999935,21450.146
7749.44,-69.71000000000004,21450.146
7749.45,-69.69999999999982,21498.33
7749.46,-69.6899999999996,21594.717
7749.47,-69.67999999999938,21450.146
7749.48,-69.67000000000007,21594.717
7749.49,-69.65999999999985,21353.809
7749.5,-69.64999999999964,21594.717
7749.51,-69.63999999999942,21546.52
7749.52,-69.6299999999992,21594.717
7749.53,-69.61999999999989,21450.146
7749.54,-69.60999999999967,21691.139
7749.55,-69.59999999999945,21257.502
7749.56,-69.58999999999924,21498.33
7749.57,-69.57999999999993,21546.52
7749.58,-69.56999999999971,21546.52
7749.59,-69.55999999999949,21450.146
7749.6,-69.54999999999927,21546.52
7749.61,-69.53999999999996,21353.809
7749.62,-69.52999999999975,21450.146
7749.63,-69.51999999999953,21353.809
7749.64,-69.50999999999931,21257.502
7749.65,-69.5,21401.973
7749.66,-69.48999999999978,21594.717
7749.67,-69.47999999999956,21353.809
7749.68,-69.46999999999935,21353.809
7749.69,-69.46000000000004,21450.146
7749.7,-69.44999999999982,21642.924
7749.71,-69.4399999999996,21450.146
7749.72,-69.42999999999938,21450.146
7749.73,-69.42000000000007,21691.139
7749.74,-69.40999999999985,21498.33
7749.75,-69.39999999999964,21401.973
7749.76,-69.38999999999942,21546.52
7749.77,-69.3799999999992,21546.52
7749.78,-69.36999999999989,21498.33
7749.79,-69.35999999999967,21594.717
7749.8,-69.34999999999945,21450.146
7749.81,-69.33999999999924,21546.52
7749.82,-69.32999999999993,21401.973
7749.83,-69.31999999999971,21642.924
7749.84,-69.30999999999949,21401.973
7749.85,-69.29999999999927,21594.717
7749.86,-69.28999999999996,21642.924
7749.87,-69.27999999999975,21498.33
7749.88,-69.26999999999953,21257.502
7749.89,-69.25999999999931,21401.973
7749.9,-69.25,21450.146
7749.91,-69.23999999999978,21546.52
7749.92,-69.22999999999956,21498.33
7749.93,-69.21999999999935,21498.33
7749.94,-69.21000000000004,21546.52
7749.95,-69.19999999999982,21594.717
7749.96,-69.1899999999996,21691.139
7749.97,-69.17999999999938,21498.33
7749.98,-69.17000000000007,21305.65
7749.99,-69.15999999999985,21353.809
7750.0,-69.14999999999964,21401.973
7750.01,-69.13999999999942,21450.146
7750.02,-69.1299999999992,21546.52
7750.03,-69.11999999999989,21546.52
7750.04,-69.10999999999967,21546.52
7750.05,-69.09999999999945,21450.146
7750.06,-69.08999999999924,21305.65
7750.07,-69.07999999999993,21401.973
7750.08,-69.06999999999971,21305.65
7750.09,-69.05999999999949,21450.146
7750.1,-69.04999999999927,21450.146
7750.11,-69.03999999999996,21401.973
7750.12,-69.02999999999975,21594.717
7750.13,-69.01999999999953,21498.33
7750.14,-69.00999999999931,21498.33
7750.15,-69.0,21209.359
7750.16,-68.98999999999978,21353.809
7750.17,-68.97999999999956,21546.52
7750.18,-68.96999999999935,21546.52
7750.19,-68.96000000000004,21546.52
7750.2,-68.94999999999982,21642.924
7750.21,-68.9399999999996,21594.717
7750.22,-68.92999999999938,21642.924
7750.23,-68.92000000000007,21642.924
7750.24,-68.90999999999985,21498.33
7750.25,-68.89999999999964,21257.502
7750.26,-68.88999999999942,21257.502
7750.27,-68.8799999999992,21594.717
7750.28,-68.86999999999989,21642.924
7750.29,-68.85999999999967,21787.59
7750.3,-68.84999999999945,21353.809
7750.31,-68.83999999999924,21450.146
7750.32,-68.82999999999993,21498.33
7750.33,-68.81999999999971,21546.52
7750.34,-68.80999999999949,21546.52
7750.35,-68.79999999999927,21498.33
7750.36,-68.78999999999996,21450.146
7750.37,-68.77999999999975,21498.33
7750.38,-68.76999999999953,21353.809
7750.39,-68.75999999999931,21401.973
7750.4,-68.75,21546.52
7750.41,-68.73999999999978,21594.717
7750.42,-68.72999999999956,21257.502
7750.43,-68.71999999999935,21401.973
7750.44,-68.71000000000004,21401.973
7750.45,-68.69999999999982,21594.717
7750.46,-68.6899999999996,21353.809
7750.47,-68.67999999999938,21401.973
7750.48,-68.67000000000007,21594.717
7750.49,-68.65999999999985,21401.973
7750.5,-68.64999999999964,21353.809
7750.51,-68.63999999999942,21546.52
7750.52,-68.6299999999992,21787.59
7750.53,-68.61999999999989,21546.52
7750.54,-68.60999999999967,21691.139
7750.55,-68.59999999999945,21353.809
7750.56,-68.58999999999924,21450.146
7750.57,-68.57999999999993,21594.717
7750.58,-68.56999999999971,21353.809
7750.59,-68.55999999999949,21401.973
7750.6,-68.54999999999927,21401.973
7750.61,-68.53999999999996,21498.33
7750.62,-68.52999999999975,21498.33
7750.63,-68.51999999999953,21401.973
7750.64,-68.50999999999931,21546.52
7750.65,-68.5,21498.33
7750.66,-68.48999999999978,21594.717
7750.67,-68.47999999999956,21450.146
7750.68,-68.46999999999935,21353.809
7750.69,-68.46000000000004,21691.139
7750.7,-68.44999999999982,21642.924
7750.71,-68.4399999999996,21401.973
7750.72,-68.42999999999938,21401.973
7750.73,-68.42000000000007,21498.33
7750.74,-68.40999999999985,21401.973
7750.75,-68.39999999999964,21353.809
7750.76,-68.38999999999942,21353.809
7750.77,-68.3799999999992,21498.33
7750.78,-68.36999999999989,21353.809
7750.79,-68.35999999999967,21594.717
7750.8,-68.34999999999945,21498.33
7750.81,-68.33999999999924,21642.924
7750.82,-68.32999999999993,21546.52
7750.83,-68.31999999999971,21450.146
7750.84,-68.30999999999949,21450.146
7750.85,-68.29999999999927,21498.33
7750.86,-68.28999999999996,21450.146
7750.87,-68.27999999999975,21450.146
7750.88,-68.26999999999953,21353.809
7750.89,-68.25999999999931,21257.502
7750.9,-68.25,21642.924
7750.91,-68.23999999999978,21691.139
7750.92,-68.22999999999956,21401.973
7750.93,-68.21999999999935,21594.717
7750.94,-68.21000000000004,21546.52
7750.95,-68.19999999999982,21594.717
7750.96,-68.1899999999996,21450.146
7750.97,-68.17999999999938,21546.52
7750.98,-68.17000000000007,21546.52
7750.99,-68.15999999999985,21498.33
7751.0,-68.14999999999964,21594.717
7751.01,-68.13999999999942,21353.809
7751.02,-68.1299999999992,21546.52
7751.03,-68.11999999999989,21691.139
7751.04,-68.10999999999967,21450.146
7751.05,-68.09999999999945,21594.717
7751.06,-68.08999999999924,21546.52
7751.07,-68.07999999999993,21642.924
7751.08,-68.06999999999971,21498.33
7751.09,-68.05999999999949,21353.809
7751.1,-68.04999999999927,21353.809
7751.11,-68.03999999999996,21546.52
7751.12,-68.02999999999975,21546.52
7751.13,-68.01999999999953,21546.52
7751.14,-68.00999999999931,21353.809
7751.15,-68.0,21353.809
7751.16,-67.98999999999978,21546.52
7751.17,-67.97999999999956,21401.973
7751.18,-67.96999999999935,21353.809
7751.19,-67.96000000000004,21353.809
7751.2,-67.94999999999982,21401.973
7751.21,-67.9399999999996,21353.809
7751.22,-67.92999999999938,21401.973
7751.23,-67.92000000000007,21401.973
7751.24,-67.90999999999985,21257.502
7751.25,-67.89999999999964,21401.973
7751.26,-67.88999999999942,21450.146
7751.27,-67.8799999999992,21498.33
7751.28,-67.86999999999989,21498.33
7751.29,-67.85999999999967,21546.52
7751.3,-67.84999999999945,21401.973
7751.31,-67.83999999999924,21642.924
7751.32,-67.82999999999993,21594.717
7751.33,-67.81999999999971,21594.717
7751.34,-67.80999999999949,21401.973
7751.35,-67.79999999999927,21450.146
7751.36,-67.78999999999996,21161.227
7751.37,-67.77999999999975,21642.924
7751.38,-67.76999999999953,21401.973
7751.39,-67.75999999999931,21498.33
7751.4,-67.75,21498.33
7751.41,-67.73999999999978,21546.52
7751.42,-67.72999999999956,21401.973
7751.43,-67.71999999999935,21401.973
7751.44,-67.71000000000004,21450.146
7751.45,-67.69999999999982,21546.52
7751.46,-67.6899999999996,21353.809
7751.47,-67.67999999999938,21401.973
7751.48,-67.67000000000007,21594.717
7751.49,-67.65999999999985,21546.52
7751.5,-67.64999999999964,21353.809
7751.51,-67.63999999999942,21401.973
7751.52,-67.6299999999992,21401.973
7751.53,-67.61999999999989,21498.33
7751.54,-67.60999999999967,21498.33
7751.55,-67.59999999999945,21401.973
7751.56,-67.58999999999924,21546.52
7751.57,-67.57999999999993,21450.146
7751.58,-67.56999999999971,21546.52
7751.59,-67.55999999999949,21498.33
7751.6,-67.54999999999927,21546.52
7751.61,-67.53999999999996,21450.146
7751.62,-67.52999999999975,21642.924
7751.63,-67.51999999999953,21450.146
7751.64,-67.50999999999931,21594.717
7751.65,-67.5,21498.33
7751.66,-67.48999999999978,21546.52
7751.67,-67.47999999999956,21450.146
7751.68,-67.46999999999935,21401.973
7751.69,-67.46000000000004,21594.717
7751.7,-67.44999999999982,21546.52
7751.71,-67.4399999999996,21498.33
7751.72,-67.42999999999938,21450.146
7751.73,-67.42000000000007,21450.146
7751.74,-67.40999999999985,21546.52
7751.75,-67.39999999999964,21450.146
7751.76,-67.38999999999942,21594.717
7751.77,-67.3799999999992,21450.146
7751.78,-67.36999999999989,21594.717
7751.79,-67.35999999999967,21498.33
7751.8,-67.34999999999945,21401.973
7751.81,-67.33999999999924,21594.717
7751.82,-67.32999999999993,21498.33
7751.83,-67.31999999999971,21498.33
7751.84,-67.30999999999949,21691.139
7751.85,-67.29999999999927,21305.65
7751.86,-67.28999999999996,21498.33
7751.87,-67.27999999999975,21594.717
7751.88,-67.26999999999953,21401.973
7751.89,-67.25999999999931,21594.717
7751.9,-67.25,21594.717
7751.91,-67.23999999999978,21546.52
7751.92,-67.22999999999956,21401.973
7751.93,-67.21999999999935,21353.809
7751.94,-67.21000000000004,21401.973
7751.95,-67.19999999999982,21546.52
7751.96,-67.1899999999996,21450.146
7751.97,-67.17999999999938,21450.146
7751.98,-67.17000000000007,21353.809
7751.99,-67.15999999999985,21305.65
7752.0,-67.14999999999964,21353.809
7752.01,-67.13999999999942,21498.33
7752.02,-67.1299999999992,21498.33
7752.03,-67.11999999999989,21305.65
7752.04,-67.10999999999967,21353.809
7752.05,-67.09999999999945,21401.973
7752.06,-67.08999999999924,21642.924
7752.07,-67.07999999999993,21498.33
7752.08,-67.06999999999971,21353.809
7752.09,-67.05999999999949,21305.65
7752.1,-67.04999999999927,21498.33
7752.11,-67.03999999999996,21401.973
7752.12,-67.02999999999975,21353.809
7752.13,-67.01999999999953,21257.502
7752.14,-67.00999999999931,21353.809
7752.15,-67.0,21305.65
7752.16,-66.98999999999978,21401.973
7752.17,-66.97999999999956,21594.717
7752.18,-66.96999999999935,21546.52
7752.19,-66.96000000000004,21642.924
7752.2,-66.94999999999982,21546.52
7752.21,-66.9399999999996,21450.146
7752.22,-66.92999999999938,21450.146
7752.23,-66.92000000000007,21546.52
7752.24,-66.90999999999985,21594.717
7752.25,-66.89999999999964,21401.973
7752.26,-66.88999999999942,21401.973
7752.27,-66.8799999999992,21257.502
7752.28,-66.86999999999989,21353.809
7752.29,-66.85999999999967,21450.146
7752.3,-66.84999999999945,21546.52
7752.31,-66.83999999999924,21594.717
7752.32,-66.82999999999993,21450.146
7752.33,-66.81999999999971,21450.146
7752.34,-66.80999999999949,21450.146
7752.35,-66.79999999999927,21450.146
7752.36,-66.78999999999996,21498.33
7752.37,-66.77999999999975,21594.717
7752.38,-66.76999999999953,21401.973
7752.39,-66.75999999999931,21401.973
7752.4,-66.75,21450.146
7752.41,-66.73999999999978,21450.146
7752.42,-66.72999999999956,21594.717
7752.43,-66.71999999999935,21450.146
7752.44,-66.71000000000004,21546.52
7752.45,-66.69999999999982,21401.973
7752.46,-66.6899999999996,21594.717
7752.47,-66.67999999999938,21401.973
7752.48,-66.67000000000007,21450.146
7752.49,-66.65999999999985,21305.65
7752.5,-66.64999999999964,21498.33
7752.51,-66.63999999999942,21498.33
7752.52,-66.6299999999992,21691.139
7752.53,-66.61999999999989,21546.52
7752.54,-66.60999999999967,21161.227
7752.55,-66.59999999999945,21401.973
7752.56,-66.58999999999924,21305.65
7752.57,-66.57999999999993,21594.717
7752.58,-66.56999999999971,21305.65
7752.59,-66.55999999999949,21305.65
7752.6,-66.54999999999927,21546.52
7752.61,-66.53999999999996,21353.809
7752.62,-66.52999999999975,21450.146
7752.63,-66.51999999999953,21353.809
7752.64,-66.50999999999931,21498.33
7752.65,-66.5,21594.717
7752.66,-66.48999999999978,21546.52
7752.67,-66.47999999999956,21498.33
7752.68,-66.46999999999935,21546.52
7752.69,-66.46000000000004,21401.973
7752.7,-66.44999999999982,21353.809
7752.71,-66.4399999999996,21401.973
7752.72,-66.42999999999938,21401.973
7752.73,-66.42000000000007,21450.146
7752.74,-66.40999999999985,21401.973
7752.75,-66.39999999999964,21401.973
7752.76,-66.38999999999942,21353.809
7752.77,-66.3799999999992,21450.146
7752.78,-66.36999999999989,21594.717
7752.79,-66.35999999999967,21498.33
7752.8,-66.34999999999945,21257.502
7752.81,-66.33999999999924,21546.52
7752.82,-66.32999999999993,21401.973
7752.83,-66.31999999999971,21546.52
7752.84,-66.30999999999949,21546.52
7752.85,-66.29999999999927,21353.809
7752.86,-66.28999999999996,21546.52
7752.87,-66.27999999999975,21594.717
7752.88,-66.26999999999953,21594.717
7752.89,-66.25999999999931,21353.809
7752.9,-66.25,21546.52
7752.91,-66.23999999999978,21642.924
7752.92,-66.22999999999956,21498.33
7752.93,-66.21999999999935,21401.973
7752.94,-66.21000000000004,21546.52
7752.95,-66.19999999999982,21401.973
7752.96,-66.1899999999996,21498.33
7752.97,-66.17999999999938,21257.502
7752.98,-66.17000000000007,21305.65
7752.99,-66.15999999999985,21401.973
7753.0,-66.14999999999964,21546.52
7753.01,-66.13999999999942,21401.973
7753.02,-66.1299999999992,21546.52
7753.03,-66.11999999999989,21353.809
7753.04,-66.10999999999967,21353.809
7753.05,-66.09999999999945,21305.65
7753.06,-66.08999999999924,21305.65
7753.07,-66.07999999999993,21353.809
7753.08,-66.06999999999971,21401.973
7753.09,-66.05999999999949,21450.146
7753.1,-66.04999999999927,21691.139
7753.11,-66.03999999999996,21450.146
7753.12,-66.02999999999975,21594.717
7753.13,-66.01999999999953,21305.65
7753.14,-66.00999999999931,21401.973
7753.15,-66.0,21353.809
7753.16,-65.98999999999978,21546.52
7753.17,-65.97999999999956,21546.52
7753.18,-65.96999999999935,21305.65
7753.19,-65.96000000000004,21498.33
7753.2,-65.94999999999982,21594.717
7753.21,-65.9399999999996,21257.502
7753.22,-65.92999999999938,21353.809
7753.23,-65.92000000000007,21450.146
7753.24,-65.90999999999985,21498.33
7753.25,-65.89999999999964,21594.717
7753.26,-65.88999999999942,21353.809
7753.27,-65.8799999999992,21546.52
7753.28,-65.86999999999989,21498.33
7753.29,-65.85999999999967,21546.52
7753.3,-65.84999999999945,21787.59
7753.31,-65.83999999999924,21642.924
7753.32,-65.82999999999993,21401.973
7753.33,-65.81999999999971,21498.33
7753.34,-65.80999999999949,21161.227
7753.35,-65.79999999999927,21498.33
7753.36,-65.78999999999996,21594.717
7753.37,-65.77999999999975,21498.33
7753.38,-65.76999999999953,21305.65
7753.39,-65.75999999999931,21450.146
7753.4,-65.75,21546.52
7753.41,-65.73999999999978,21450.146
7753.42,-65.72999999999956,21546.52
7753.43,-65.71999999999935,21305.65
7753.44,-65.71000000000004,21546.52
7753.45,-65.69999999999982,21450.146
7753.46,-65.6899999999996,21498.33
7753.47,-65.67999999999938,21546.52
7753.48,-65.67000000000007,21450.146
7753.49,-65.65999999999985,21642.924
7753.5,-65.64999999999964,21498.33
7753.51,-65.63999999999942,21401.973
7753.52,-65.6299999999992,21450.146
7753.53,-65.61999999999989,21498.33
7753.54,-65.60999999999967,21353.809
7753.55,-65.59999999999945,21401.973
7753.56,-65.58999999999924,21353.809
7753.57,-65.57999999999993,21498.33
7753.58,-65.56999999999971,21401.973
7753.59,-65.55999999999949,21450.146
7753.6,-65.54999999999927,21594.717
7753.61,-65.53999999999996,21498.33
7753.62,-65.52999999999975,21642.924
7753.63,-65.51999999999953,21498.33
7753.64,-65.50999999999931,21498.33
7753.65,-65.5,21450.146
7753.66,-65.48999999999978,21450.146
7753.67,-65.47999999999956,21546.52
7753.68,-65.46999999999935,21450.146
7753.69,-65.46000000000004,21642.924
7753.7,-65.44999999999982,21594.717
7753.71,-65.4399999999996,21594.717
7753.72,-65.42999999999938,21691.139
7753.73,-65.42000000000007,21353.809
7753.74,-65.40999999999985,21546.52
7753.75,-65.39999999999964,21546.52
7753.76,-65.38999999999942,21546.52
7753.77,-65.3799999999992,21401.973
7753.78,-65.36999999999989,21498.33
7753.79,-65.35999999999967,21305.65
7753.8,-65.34999999999945,21257.502
7753.81,-65.33999999999924,21546.52
7753.82,-65.32999999999993,21546.52
7753.83,-65.31999999999971,21498.33
7753.84,-65.30999999999949,21546.52
7753.85,-65.29999999999927,21450.146
7753.86,-65.28999999999996,21546.52
7753.87,-65.27999999999975,21642.924
7753.88,-65.26999999999953,21594.717
7753.89,-65.25999999999931,21546.52
7753.9,-65.25,21739.359
7753.91,-65.23999999999978,21739.359
7753.92,-65.22999999999956,21498.33
7753.93,-65.21999999999935,21546.52
7753.94,-65.21000000000004,21594.717
7753.95,-65.19999999999982,21498.33
7753.96,-65.1899999999996,21594.717
7753.97,-65.17999999999938,21450.146
7753.98,-65.17000000000007,21305.65
7753.99,-65.15999999999985,21450.146
7754.0,-65.14999999999964,21498.33
7754.01,-65.13999999999942,21401.973
7754.02,-65.1299999999992,21498.33
7754.03,-65.11999999999989,21546.52
7754.04,-65.10999999999967,21546.52
7754.05,-65.09999999999945,21498.33
7754.06,-65.08999999999924,21546.52
7754.07,-65.07999999999993,21498.33
7754.08,-65.06999999999971,21450.146
7754.09,-65.05999999999949,21450.146
7754.1,-65.04999999999927,21450.146
7754.11,-65.03999999999996,21594.717
7754.12,-65.02999999999975,21594.717
7754.13,-65.01999999999953,21401.973
7754.14,-65.00999999999931,21401.973
7754.15,-65.0,21353.809
7754.16,-64.98999999999978,21642.924
7754.17,-64.97999999999956,21594.717
7754.18,-64.96999999999935,21450.146
7754.19,-64.96000000000004,21450.146
7754.2,-64.94999999999982,21450.146
7754.21,-64.9399999999996,21546.52
7754.22,-64.92999999999938,21353.809
7754.23,-64.92000000000007,21353.809
7754.24,-64.90999999999985,21257.502
7754.25,-64.89999999999964,21450.146
7754.26,-64.88999999999942,21594.717
7754.27,-64.8799999999992,21594.717
7754.28,-64.86999999999989,21594.717
7754.29,-64.85999999999967,21498.33
7754.3,-64.84999999999945,21642.924
7754.31,-64.83999999999924,21691.139
7754.32,-64.82999999999993,21594.717
7754.33,-64.81999999999971,21401.973
7754.34,-64.80999999999949,21450.146
7754.35,-64.79999999999927,21498.33
7754.36,-64.78999999999996,21691.139
7754.37,-64.77999999999975,21450.146
7754.38,-64.76999999999953,21401.973
7754.39,-64.75999999999931,21353.809
7754.4,-64.75,21546.52
7754.41,-64.73999999999978,21691.139
7754.42,-64.72999999999956,21450.146
7754.43,-64.71999999999935,21353.809
7754.44,-64.71000000000004,21691.139
7754.45,-64.69999999999982,21594.717
7754.46,-64.6899999999996,21498.33
7754.47,-64.67999999999938,21401.973
7754.48,-64.67000000000007,21642.924
7754.49,-64.65999999999985,21642.924
7754.5,-64.64999999999964,21353.809
7754.51,-64.63999999999942,21739.359
7754.52,-64.6299999999992,21257.502
7754.53,-64.61999999999989,21450.146
7754.54,-64.60999999999967,21353.809
7754.55,-64.59999999999945,21546.52
7754.56,-64.58999999999924,21594.717
7754.57,-64.57999999999993,21498.33
7754.58,-64.56999999999971,21450.146
7754.59,-64.55999999999949,21546.52
7754.6,-64.54999999999927,21546.52
7754.61,-64.53999999999996,21594.717
7754.62,-64.52999999999975,21498.33
7754.63,-64.51999999999953,21450.146
7754.64,-64.50999999999931,21546.52
7754.65,-64.5,21546.52
7754.66,-64.48999999999978,21594.717
7754.67,-64.47999999999956,21594.717
7754.68,-64.46999999999935,21498.33
7754.69,-64.46000000000004,21642.924
7754.7,-64.44999999999982,21594.717
7754.71,-64.4399999999996,21498.33
7754.72,-64.42999999999938,21498.33
7754.73,-64.42000000000007,21691.139
7754.74,-64.40999999999985,21594.717
7754.75,-64.39999999999964,21691.139
7754.76,-64.38999999999942,21594.717
7754.77,-64.3799999999992,21594.717
7754.78,-64.36999999999989,21450.146
7754.79,-64.35999999999967,21546.52
7754.8,-64.34999999999945,21353.809
7754.81,-64.33999999999924,21642.924
7754.82,-64.32999999999993,21450.146
7754.83,-64.31999999999971,21450.146
7754.84,-64.30999999999949,21353.809
7754.85,-64.29999999999927,21498.33
7754.86,-64.28999999999996,21546.52
7754.87,-64.27999999999975,21594.717
7754.88,-64.26999999999953,21498.33
7754.89,-64.25999999999931,21498.33
7754.9,-64.25,21450.146
7754.91,-64.23999999999978,21594.717
7754.92,-64.22999999999956,21353.809
7754.93,-64.21999999999935,21546.52
7754.94,-64.21000000000004,21594.717
7754.95,-64.19999999999982,21594.717
7754.96,-64.1899999999996,21498.33
7754.97,-64.17999999999938,21450.146
7754.98,-64.17000000000007,21691.139
7754.99,-64.15999999999985,21450.146
7755.0,-64.14999999999964,21450.146
7755.01,-64.13999999999942,21450.146
7755.02,-64.1299999999992,21691.139
7755.03,-64.11999999999989,21353.809
7755.04,-64.10999999999967,21401.973
7755.05,-64.09999999999945,21450.146
7755.06,-64.08999999999924,21594.717
7755.07,-64.07999999999993,21353.809
7755.08,-64.06999999999971,21546.52
7755.09,-64.05999999999949,21498.33
7755.1,-64.04999999999927,21450.146
7755.11,-64.03999999999996,21594.717
7755.12,-64.02999999999975,21546.52
7755.13,-64.01999999999953,21594.717
7755.14,-64.00999999999931,21498.33
7755.15,-64.0,21498.33
7755.16,-63.98999999999978,21305.65
7755.17,-63.97999999999956,21450.146
7755.18,-63.969999999999345,21498.33
7755.19,-63.960000000000036,21594.717
7755.2,-63.94999999999982,21401.973
7755.21,-63.9399999999996,21257.502
7755.22,-63.92999999999938,21498.33
7755.23,-63.92000000000007,21353.809
7755.24,-63.909999999999854,21450.146
7755.25,-63.899999999999636,21498.33
7755.26,-63.88999999999942,21594.717
7755.27,-63.8799999999992,21642.924
7755.28,-63.86999999999989,21642.924
7755.29,-63.85999999999967,21594.717
7755.3,-63.849999999999454,21498.33
7755.31,-63.839999999999236,21787.59
7755.32,-63.82999999999993,21450.146
7755.33,-63.81999999999971,21498.33
7755.34,-63.80999999999949,21546.52
7755.35,-63.79999999999927,21594.717
7755.36,-63.789999999999964,21546.52
7755.37,-63.779999999999745,21594.717
7755.38,-63.76999999999953,21498.33
7755.39,-63.75999999999931,21353.809
7755.4,-63.75,21642.924
7755.41,-63.73999999999978,21546.52
7755.42,-63.72999999999956,21546.52
7755.43,-63.719999999999345,21353.809
7755.44,-63.710000000000036,21594.717
7755.45,-63.69999999999982,21546.52
7755.46,-63.6899999999996,21401.973
7755.47,-63.67999999999938,21594.717
7755.48,-63.67000000000007,21498.33
7755.49,-63.659999999999854,21450.146
7755.5,-63.649999999999636,21594.717
7755.51,-63.63999999999942,21546.52
7755.52,-63.6299999999992,21546.52
7755.53,-63.61999999999989,21739.359
7755.54,-63.60999999999967,21546.52
7755.55,-63.599999999999454,21546.52
7755.56,-63.589999999999236,21546.52
7755.57,-63.57999999999993,21691.139
7755.58,-63.56999999999971,21498.33
7755.59,-63.55999999999949,21546.52
7755.6,-63.54999999999927,21594.717
7755.61,-63.539999999999964,21594.717
7755.62,-63.529999999999745,21450.146
7755.63,-63.51999999999953,21498.33
7755.64,-63.50999999999931,21498.33
7755.65,-63.5,21594.717
7755.66,-63.48999999999978,21401.973
7755.67,-63.47999999999956,21498.33
7755.68,-63.469999999999345,21450.146
7755.69,-63.460000000000036,21450.146
7755.7,-63.44999999999982,21594.717
7755.71,-63.4399999999996,21401.973
7755.72,-63.42999999999938,21546.52
7755.73,-63.42000000000007,21546.52
7755.74,-63.409999999999854,21691.139
7755.75,-63.399999999999636,21401.973
7755.76,-63.38999999999942,21450.146
7755.77,-63.3799999999992,21546.52
7755.78,-63.36999999999989,21642.924
7755.79,-63.35999999999967,21498.33
7755.8,-63.349999999999454,21353.809
7755.81,-63.339999999999236,21642.924
7755.82,-63.32999999999993,21594.717
7755.83,-63.31999999999971,21498.33
7755.84,-63.30999999999949,21594.717
7755.85,-63.29999999999927,21450.146
7755.86,-63.289999999999964,21594.717
7755.87,-63.279999999999745,21498.33
7755.88,-63.26999999999953,21594.717
7755.89,-63.25999999999931,21642.924
7755.9,-63.25,21594.717
7755.91,-63.23999999999978,21546.52
7755.92,-63.22999999999956,21594.717
7755.93,-63.219999999999345,21353.809
7755.94,-63.210000000000036,21594.717
7755.95,-63.19999999999982,21546.52
7755.96,-63.1899999999996,21450.146
7755.97,-63.17999999999938,21691.139
7755.98,-63.17000000000007,21546.52
7755.99,-63.159999999999854,21498.33
7756.0,-63.149999999999636,21450.146
7756.01,-63.13999999999942,21353.809
7756.02,-63.1299999999992,21401.973
7756.03,-63.11999999999989,21594.717
7756.04,-63.10999999999967,21450.146
7756.05,-63.099999999999454,21450.146
7756.06,-63.089999999999236,21546.52
7756.07,-63.07999999999993,21642.924
7756.08,-63.06999999999971,21257.502
7756.09,-63.05999999999949,21498.33
7756.1,-63.04999999999927,21594.717
7756.11,-63.039999999999964,21642.924
7756.12,-63.029999999999745,21498.33
7756.13,-63.01999999999953,21594.717
7756.14,-63.00999999999931,21353.809
7756.15,-63.0,21498.33
7756.16,-62.98999999999978,21498.33
7756.17,-62.97999999999956,21546.52
7756.18,-62.969999999999345,21353.809
7756.19,-62.960000000000036,21594.717
7756.2,-62.94999999999982,21642.924
7756.21,-62.9399999999996,21546.52
7756.22,-62.92999999999938,21498.33
7756.23,-62.92000000000007,21594.717
7756.24,-62.909999999999854,21594.717
7756.25,-62.899999999999636,21450.146
7756.26,-62.88999999999942,21546.52
7756.27,-62.8799999999992,21498.33
7756.28,-62.86999999999989,21642.924
7756.29,-62.85999999999967,21787.59
7756.3,-62.849999999999454,21498.33
7756.31,-62.839999999999236,21787.59
7756.32,-62.82999999999993,21450.146
7756.33,-62.81999999999971,21546.52
7756.34,-62.80999999999949,21401.973
7756.35,-62.79999999999927,21594.717
7756.36,-62.789999999999964,21546.52
7756.37,-62.779999999999745,21450.146
7756.38,-62.76999999999953,21450.146
7756.39,-62.75999999999931,21498.33
7756.4,-62.75,21546.52
7756.41,-62.73999999999978,21546.52
7756.42,-62.72999999999956,21401.973
7756.43,-62.719999999999345,21594.717
7756.44,-62.710000000000036,21353.809
7756.45,-62.69999999999982,21353.809
7756.46,-62.6899999999996,21498.33
7756.47,-62.67999999999938,21353.809
7756.48,-62.67000000000007,21546.52
7756.49,-62.659999999999854,21691.139
7756.5,-62.649999999999636,21546.52
7756.51,-62.63999999999942,21450.146
7756.52,-62.6299999999992,21401.973
7756.53,-62.61999999999989,21498.33
7756.54,-62.60999999999967,21353.809
7756.55,-62.599999999999454,21209.359
7756.56,-62.589999999999236,21594.717
7756.57,-62.57999999999993,21450.146
7756.58,-62.56999999999971,21401.973
7756.59,-62.55999999999949,21498.33
7756.6,-62.54999999999927,21594.717
7756.61,-62.539999999999964,21739.359
7756.62,-62.529999999999745,21498.33
7756.63,-62.51999999999953,21642.924
7756.64,-62.50999999999931,21450.146
7756.65,-62.5,21450.146
7756.66,-62.48999999999978,21594.717
7756.67,-62.47999999999956,21450.146
7756.68,-62.469999999999345,21450.146
7756.69,-62.460000000000036,21546.52
7756.7,-62.44999999999982,21546.52
7756.71,-62.4399999999996,21353.809
7756.72,-62.42999999999938,21305.65
7756.73,-62.42000000000007,21450.146
7756.74,-62.409999999999854,21594.717
7756.75,-62.399999999999636,21353.809
7756.76,-62.38999999999942,21546.52
7756.77,-62.3799999999992,21450.146
7756.78,-62.36999999999989,21594.717
7756.79,-62.35999999999967,21450.146
7756.8,-62.349999999999454,21401.973
7756.81,-62.339999999999236,21594.717
7756.82,-62.32999999999993,21691.139
7756.83,-62.31999999999971,21401.973
7756.84,-62.30999999999949,21353.809
7756.85,-62.29999999999927,21498.33
7756.86,-62.289999999999964,21401.973
7756.87,-62.279999999999745,21305.65
7756.88,-62.26999999999953,21450.146
7756.89,-62.25999999999931,21450.146
7756.9,-62.25,21498.33
7756.91,-62.23999999999978,21546.52
7756.92,-62.22999999999956,21498.33
7756.93,-62.219999999999345,21353.809
7756.94,-62.210000000000036,21353.809
7756.95,-62.19999999999982,21498.33
7756.96,-62.1899999999996,21305.65
7756.97,-62.17999999999938,21594.717
7756.98,-62.17000000000007,21594.717
7756.99,-62.159999999999854,21450.146
7757.0,-62.149999999999636,21498.33
7757.01,-62.13999999999942,21450.146
7757.02,-62.1299999999992,21594.717
7757.03,-62.11999999999989,21498.33
7757.04,-62.10999999999967,21498.33
7757.05,-62.099999999999454,21546.52
7757.06,-62.089999999999236,21546.52
7757.07,-62.07999999999993,21546.52
7757.08,-62.06999999999971,21401.973
7757.09,-62.05999999999949,21353.809
7757.1,-62.04999999999927,21353.809
7757.11,-62.039999999999964,21594.717
7757.12,-62.029999999999745,21353.809
7757.13,-62.01999999999953,21257.502
7757.14,-62.00999999999931,21353.809
7757.15,-62.0,21305.65
7757.16,-61.98999999999978,21401.973
7757.17,-61.97999999999956,21498.33
7757.18,-61.969999999999345,21450.146
7757.19,-61.960000000000036,21594.717
7757.2,-61.94999999999982,21691.139
7757.21,-61.9399999999996,21353.809
7757.22,-61.92999999999938,21498.33
7757.23,-61.92000000000007,21498.33
7757.24,-61.909999999999854,21691.139
7757.25,-61.899999999999636,21353.809
7757.26,-61.88999999999942,21450.146
7757.27,-61.8799999999992,21450.146
7757.28,-61.86999999999989,21450.146
7757.29,-61.85999999999967,21642.924
7757.3,-61.849999999999454,21642.924
7757.31,-61.839999999999236,21739.359
7757.32,-61.82999999999993,21546.52
7757.33,-61.81999999999971,21353.809
7757.34,-61.80999999999949,21401.973
7757.35,-61.79999999999927,21546.52
7757.36,-61.789999999999964,21498.33
7757.37,-61.779999999999745,21498.33
7757.38,-61.76999999999953,21450.146
7757.39,-61.75999999999931,21450.146
7757.4,-61.75,21401.973
7757.41,-61.73999999999978,21594.717
7757.42,-61.72999999999956,21642.924
7757.43,-61.719999999999345,21546.52
7757.44,-61.710000000000036,21787.59
7757.45,-61.69999999999982,21594.717
7757.46,-61.6899999999996,21450.146
7757.47,-61.67999999999938,21305.65
7757.48,-61.67000000000007,21546.52
7757.49,-61.659999999999854,21450.146
7757.5,-61.649999999999636,21401.973
7757.51,-61.63999999999942,21450.146
7757.52,-61.6299999999992,21401.973
7757.53,-61.61999999999989,21594.717
7757.54,-61.60999999999967,21594.717
7757.55,-61.599999999999454,21546.52
7757.56,-61.589999999999236,21594.717
7757.57,-61.57999999999993,21546.52
7757.58,-61.56999999999971,21401.973
7757.59,-61.55999999999949,21498.33
7757.6,-61.54999999999927,21401.973
7757.61,-61.539999999999964,21642.924
7757.62,-61.529999999999745,21450.146
7757.63,-61.51999999999953,21353.809
7757.64,-61.50999999999931,21498.33
7757.65,-61.5,21546.52
7757.66,-61.48999999999978,21594.717
7757.67,-61.47999999999956,21594.717
7757.68,-61.469999999999345,21401.973
7757.69,-61.460000000000036,21401.973
7757.7,-61.44999999999982,21305.65
7757.71,-61.4399999999996,21401.973
7757.72,-61.42999999999938,21401.973
7757.73,-61.42000000000007,21546.52
7757.74,-61.409999999999854,21642.924
7757.75,-61.399999999999636,21450.146
7757.76,-61.38999999999942,21691.139
7757.77,-61.3799999999992,21594.717
7757.78,-61.36999999999989,21450.146
7757.79,-61.35999999999967,21691.139
7757.8,-61.349999999999454,21594.717
7757.81,-61.339999999999236,21546.52
7757.82,-61.32999999999993,21498.33
7757.83,-61.31999999999971,21594.717
7757.84,-61.30999999999949,21450.146
7757.85,-61.29999999999927,21498.33
7757.86,-61.289999999999964,21546.52
7757.87,-61.279999999999745,21594.717
7757.88,-61.26999999999953,21546.52
7757.89,-61.25999999999931,21594.717
7757.9,-61.25,21450.146
7757.91,-61.23999999999978,21642.924
7757.92,-61.22999999999956,21642.924
7757.93,-61.219999999999345,21594.717
7757.94,-61.210000000000036,21594.717
7757.95,-61.19999999999982,21594.717
7757.96,-61.1899999999996,21450.146
7757.97,-61.17999999999938,21450.146
7757.98,-61.17000000000007,21691.139
7757.99,-61.159999999999854,21594.717
7758.0,-61.149999999999636,21594.717
7758.01,-61.13999999999942,21209.359
7758.02,-61.1299999999992,21401.973
7758.03,-61.11999999999989,21450.146
7758.04,-61.10999999999967,21498.33
7758.05,-61.099999999999454,21305.65
7758.06,-61.089999999999236,21642.924
7758.07,-61.07999999999993,21546.52
7758.08,-61.06999999999971,21739.359
7758.09,-61.05999999999949,21498.33
7758.1,-61.04999999999927,21498.33
7758.11,-61.039999999999964,21498.33
7758.12,-61.029999999999745,21450.146
7758.13,-61.01999999999953,21450.146
7758.14,-61.00999999999931,21546.52
7758.15,-61.0,21546.52
7758.16,-60.98999999999978,21450.146
7758.17,-60.97999999999956,21546.52
7758.18,-60.969999999999345,21353.809
7758.19,-60.960000000000036,21642.924
7758.2,-60.94999999999982,21787.59
7758.21,-60.9399999999996,21594.717
7758.22,-60.92999999999938,21401.973
7758.23,-60.92000000000007,21401.973
7758.24,-60.909999999999854,21498.33
7758.25,-60.899999999999636,21546.52
7758.26,-60.88999999999942,21642.924
7758.27,-60.8799999999992,21642.924
7758.28,-60.86999999999989,21835.83
7758.29,-60.85999999999967,21739.359
7758.3,-60.849999999999454,21546.52
7758.31,-60.839999999999236,21642.924
7758.32,-60.82999999999993,21546.52
7758.33,-60.81999999999971,21353.809
7758.34,-60.80999999999949,21594.717
7758.35,-60.79999999999927,21546.52
7758.36,-60.789999999999964,21642.924
7758.37,-60.779999999999745,21498.33
7758.38,-60.76999999999953,21401.973
7758.39,-60.75999999999931,21401.973
7758.4,-60.75,21546.52
7758.41,-60.73999999999978,21161.227
7758.42,-60.72999999999956,22318.664
7758.43,-60.719999999999345,23092.887
7758.44,-60.710000000000036,23820.611
7758.45,-60.69999999999982,23723.475
7758.46,-60.6899999999996,23723.475
7758.47,-60.67999999999938,23869.189
7758.48,-60.67000000000007,23674.92
7758.49,-60.659999999999854,23674.92
7758.5,-60.649999999999636,23723.475
7758.51,-60.63999999999942,23480.779
7758.52,-60.6299999999992,23577.832
7758.53,-60.61999999999989,23674.92
7758.54,-60.60999999999967,23820.611
7758.55,-60.599999999999454,23723.475
7758.56,-60.589999999999236,23820.611
7758.57,-60.57999999999993,23674.92
7758.58,-60.56999999999971,23626.373
7758.59,-60.55999999999949,23674.92
7758.6,-60.54999999999927,23480.779
7758.61,-60.539999999999964,23723.475
7758.62,-60.529999999999745,23917.777
7758.63,-60.51999999999953,23820.611
7758.64,-60.50999999999931,23674.92
7758.65,-60.5,23917.777
7758.66,-60.48999999999978,23772.039
7758.67,-60.47999999999956,23772.039
7758.68,-60.469999999999345,23577.832
7758.69,-60.460000000000036,23480.779
7758.7,-60.44999999999982,23529.301
7758.71,-60.4399999999996,23869.189
7758.72,-60.42999999999938,23723.475
7758.73,-60.42000000000007,23674.92
7758.74,-60.409999999999854,23917.777
7758.75,-60.399999999999636,23577.832
7758.76,-60.38999999999942,23723.475
7758.77,-60.3799999999992,23577.832
7758.78,-60.36999999999989,23674.92
7758.79,-60.35999999999967,23529.301
7758.8,-60.349999999999454,23869.189
7758.81,-60.339999999999236,23723.475
7758.82,-60.32999999999993,23723.475
7758.83,-60.31999999999971,23626.373
7758.84,-60.30999999999949,23917.777
7758.85,-60.29999999999927,23529.301
7758.86,-60.289999999999964,23626.373
7758.87,-60.279999999999745,23674.92
7758.88,-60.26999999999953,23674.92
7758.89,-60.25999999999931,23577.832
7758.9,-60.25,23723.475
7758.91,-60.23999999999978,23674.92
7758.92,-60.22999999999956,23772.039
7758.93,-60.219999999999345,23626.373
7758.94,-60.210000000000036,23577.832
7758.95,-60.19999999999982,23820.611
7758.96,-60.1899999999996,23820.611
7758.97,-60.17999999999938,23869.189
7758.98,-60.17000000000007,23723.475
7758.99,-60.159999999999854,23869.189
7759.0,-60.149999999999636,23674.92
7759.01,-60.13999999999942,23674.92
7759.02,-60.1299999999992,23577.832
7759.03,-60.11999999999989,23626.373
7759.04,-60.10999999999967,23577.832
7759.05,-60.099999999999454,23723.475
7759.06,-60.089999999999236,23674.92
7759.07,-60.07999999999993,23723.475
7759.08,-60.06999999999971,23966.375
7759.09,-60.05999999999949,23577.832
7759.1,-60.04999999999927,23674.92
7759.11,-60.039999999999964,23772.039
7759.12,-60.029999999999745,23869.189
7759.13,-60.01999999999953,23820.611
7759.14,-60.00999999999931,23772.039
7759.15,-60.0,23723.475
7759.16,-59.98999999999978,23772.039
7759.17,-59.97999999999956,23772.039
7759.18,-59.969999999999345,23772.039
7759.19,-59.960000000000036,23772.039
7759.2,-59.94999999999982,23529.301
7759.21,-59.9399999999996,23432.264
7759.22,-59.92999999999938,23577.832
7759.23,-59.92000000000007,23529.301
7759.24,-59.909999999999854,23772.039
7759.25,-59.899999999999636,23917.777
7759.26,-59.88999999999942,23674.92
7759.27,-59.8799999999992,24647.572
7759.28,-59.86999999999989,24745.018
7759.29,-59.85999999999967,24940.002
7759.3,-59.849999999999454,24696.291
7759.31,-59.839999999999236,24745.018
7759.32,-59.82999999999993,24696.291
7759.33,-59.81999999999971,24696.291
7759.34,-59.80999999999949,23820.611
7759.35,-59.79999999999927,22608.754
7759.36,-59.789999999999964,21691.139
7759.37,-59.779999999999745,21594.717
7759.38,-59.76999999999953,21450.146
7759.39,-59.75999999999931,21498.33
7759.4,-59.75,21546.52
7759.41,-59.73999999999978,21594.717
7759.42,-59.72999999999956,21642.924
7759.43,-59.719999999999345,21642.924
7759.44,-59.710000000000036,21691.139
7759.45,-59.69999999999982,21691.139
7759.46,-59.6899999999996,21594.717
7759.47,-59.67999999999938,21642.924
7759.48,-59.67000000000007,21691.139
7759.49,-59.659999999999854,21642.924
7759.5,-59.649999999999636,21787.59
7759.51,-59.63999999999942,21787.59
7759.52,-59.6299999999992,21353.809
7759.53,-59.61999999999989,21787.59
7759.54,-59.60999999999967,21642.924
7759.55,-59.599999999999454,21594.717
7759.56,-59.589999999999236,21739.359
7759.57,-59.57999999999993,21642.924
7759.58,-59.56999999999971,21594.717
7759.59,-59.55999999999949,21594.717
7759.6,-59.54999999999927,21546.52
7759.61,-59.539999999999964,21546.52
7759.62,-59.529999999999745,21835.83
7759.63,-59.51999999999953,21546.52
7759.64,-59.50999999999931,21594.717
7759.65,-59.5,21546.52
7759.66,-59.48999999999978,21498.33
7759.67,-59.47999999999956,21498.33
7759.68,-59.469999999999345,21594.717
7759.69,-59.460000000000036,21498.33
7759.7,-59.44999999999982,21642.924
7759.71,-59.4399999999996,21401.973
7759.72,-59.42999999999938,21498.33
7759.73,-59.42000000000007,21498.33
7759.74,-59.409999999999854,21546.52
7759.75,-59.399999999999636,21691.139
7759.76,-59.38999999999942,21450.146
7759.77,-59.3799999999992,21546.52
7759.78,-59.36999999999989,21546.52
7759.79,-59.35999999999967,21787.59
7759.8,-59.349999999999454,21498.33
7759.81,-59.339999999999236,21546.52
7759.82,-59.32999999999993,21546.52
7759.83,-59.31999999999971,21594.717
7759.84,-59.30999999999949,21546.52
7759.85,-59.29999999999927,21546.52
7759.86,-59.289999999999964,21401.973
7759.87,-59.279999999999745,21450.146
7759.88,-59.26999999999953,21546.52
7759.89,-59.25999999999931,21546.52
7759.9,-59.25,21594.717
7759.91,-59.23999999999978,21642.924
7759.92,-59.22999999999956,21594.717
7759.93,-59.219999999999345,21546.52
7759.94,-59.210000000000036,21642.924
7759.95,-59.19999999999982,21450.146
7759.96,-59.1899999999996,21642.924
7759.97,-59.17999999999938,21691.139
7759.98,-59.17000000000007,21594.717
7759.99,-59.159999999999854,21739.359
7760.0,-59.149999999999636,21498.33
7760.01,-59.13999999999942,21305.65
7760.02,-59.1299999999992,21594.717
7760.03,-59.11999999999989,21884.076
7760.04,-59.10999999999967,21642.924
7760.05,-59.099999999999454,21498.33
7760.06,-59.089999999999236,21739.359
7760.07,-59.07999999999993,21594.717
7760.08,-59.06999999999971,21739.359
7760.09,-59.05999999999949,21642.924
7760.1,-59.04999999999927,21546.52
7760.11,-59.039999999999964,21546.52
7760.12,-59.029999999999745,21642.924
7760.13,-59.01999999999953,21642.924
7760.14,-59.00999999999931,21546.52
7760.15,-59.0,21642.924
7760.16,-58.98999999999978,21739.359
7760.17,-58.97999999999956,21401.973
7760.18,-58.969999999999345,21498.33
7760.19,-58.960000000000036,21401.973
7760.2,-58.94999999999982,21642.924
7760.21,-58.9399999999996,21739.359
7760.22,-58.92999999999938,21498.33
7760.23,-58.92000000000007,21546.52
7760.24,-58.909999999999854,21739.359
7760.25,-58.899999999999636,21498.33
7760.26,-58.88999999999942,21739.359
7760.27,-58.8799999999992,21642.924
7760.28,-58.86999999999989,21642.924
7760.29,-58.85999999999967,21401.973
7760.3,-58.849999999999454,21498.33
7760.31,-58.839999999999236,21546.52
7760.32,-58.82999999999993,21546.52
7760.33,-58.81999999999971,21691.139
7760.34,-58.80999999999949,21450.146
7760.35,-58.79999999999927,21691.139
7760.36,-58.789999999999964,21691.139
7760.37,-58.779999999999745,21691.139
7760.38,-58.76999999999953,21498.33
7760.39,-58.75999999999931,21498.33
7760.4,-58.75,21353.809
7760.41,-58.73999999999978,21546.52
7760.42,-58.72999999999956,21450.146
7760.43,-58.719999999999345,21546.52
7760.44,-58.710000000000036,21498.33
7760.45,-58.69999999999982,21546.52
7760.46,-58.6899999999996,21691.139
7760.47,-58.67999999999938,21353.809
7760.48,-58.67000000000007,21546.52
7760.49,-58.659999999999854,21594.717
7760.5,-58.649999999999636,21498.33
7760.51,-58.63999999999942,21594.717
7760.52,-58.6299999999992,21642.924
7760.53,-58.61999999999989,21594.717
7760.54,-58.60999999999967,21353.809
7760.55,-58.599999999999454,21450.146
7760.56,-58.589999999999236,21691.139
7760.57,-58.57999999999993,21546.52
7760.58,-58.56999999999971,21691.139
7760.59,-58.55999999999949,21594.717
7760.6,-58.54999999999927,21642.924
7760.61,-58.539999999999964,21401.973
7760.62,-58.529999999999745,21498.33
7760.63,-58.51999999999953,21498.33
7760.64,-58.50999999999931,21450.146
7760.65,-58.5,21498.33
7760.66,-58.48999999999978,21498.33
7760.67,-58.47999999999956,21450.146
7760.68,-58.469999999999345,21401.973
7760.69,-58.460000000000036,21739.359
7760.7,-58.44999999999982,21787.59
7760.71,-58.4399999999996,21594.717
7760.72,-58.42999999999938,21594.717
7760.73,-58.42000000000007,21498.33
7760.74,-58.409999999999854,21594.717
7760.75,-58.399999999999636,21546.52
7760.76,-58.38999999999942,21450.146
7760.77,-58.3799999999992,21932.332
7760.78,-58.36999999999989,21594.717
7760.79,-58.35999999999967,21594.717
7760.8,-58.349999999999454,21642.924
7760.81,-58.339999999999236,21787.59
7760.82,-58.32999999999993,21498.33
7760.83,-58.31999999999971,21546.52
7760.84,-58.30999999999949,21450.146
7760.85,-58.29999999999927,21498.33
7760.86,-58.289999999999964,21546.52
7760.87,-58.279999999999745,21546.52
7760.88,-58.26999999999953,21498.33
7760.89,-58.25999999999931,21594.717
7760.9,-58.25,21594.717
7760.91,-58.23999999999978,21691.139
7760.92,-58.22999999999956,21691.139
7760.93,-58.219999999999345,21450.146
7760.94,-58.210000000000036,21642.924
7760.95,-58.19999999999982,21546.52
7760.96,-58.1899999999996,21498.33
7760.97,-58.17999999999938,21498.33
7760.98,-58.17000000000007,21498.33
7760.99,-58.159999999999854,21787.59
7761.0,-58.149999999999636,21594.717
7761.01,-58.13999999999942,21546.52
7761.02,-58.1299999999992,21642.924
7761.03,-58.11999999999989,21594.717
7761.04,-58.10999999999967,21450.146
7761.05,-58.099999999999454,21498.33
7761.06,-58.089999999999236,21642.924
7761.07,-58.07999999999993,21594.717
7761.08,-58.06999999999971,21546.52
7761.09,-58.05999999999949,21546.52
7761.1,-58.04999999999927,21642.924
7761.11,-58.039999999999964,21305.65
7761.12,-58.029999999999745,21787.59
7761.13,-58.01999999999953,21546.52
7761.14,-58.00999999999931,21498.33
7761.15,-58.0,21450.146
7761.16,-57.98999999999978,21450.146
7761.17,-57.97999999999956,21450.146
7761.18,-57.969999999999345,21546.52
7761.19,-57.960000000000036,21642.924
7761.2,-57.94999999999982,21594.717
7761.21,-57.9399999999996,21546.52
7761.22,-57.92999999999938,21546.52
7761.23,-57.92000000000007,21642.924
7761.24,-57.909999999999854,21546.52
7761.25,-57.899999999999636,21642.924
7761.26,-57.88999999999942,21691.139
7761.27,-57.8799999999992,21691.139
7761.28,-57.86999999999989,21642.924
7761.29,-57.85999999999967,21787.59
7761.3,-57.849999999999454,21450.146
7761.31,-57.839999999999236,21932.332
7761.32,-57.82999999999993,21787.59
7761.33,-57.81999999999971,21594.717
7761.34,-57.80999999999949,21498.33
7761.35,-57.79999999999927,21546.52
7761.36,-57.789999999999964,21594.717
7761.37,-57.779999999999745,21884.076
7761.38,-57.76999999999953,21594.717
7761.39,-57.75999999999931,21498.33
7761.4,-57.75,21546.52
7761.41,-57.73999999999978,21546.52
7761.42,-57.72999999999956,21450.146
7761.43,-57.719999999999345,21594.717
7761.44,-57.710000000000036,21642.924
7761.45,-57.69999999999982,21642.924
7761.46,-57.6899999999996,21546.52
7761.47,-57.67999999999938,21739.359
7761.48,-57.67000000000007,21450.146
7761.49,-57.659999999999854,21546.52
7761.5,-57.649999999999636,21353.809
7761.51,-57.63999999999942,21546.52
7761.52,-57.6299999999992,21450.146
7761.53,-57.61999999999989,21546.52
7761.54,-57.60999999999967,21401.973
7761.55,-57.599999999999454,21546.52
7761.56,-57.589999999999236,21642.924
7761.57,-57.57999999999993,21498.33
7761.58,-57.56999999999971,21835.83
7761.59,-57.55999999999949,21498.33
7761.6,-57.54999999999927,21546.52
7761.61,-57.539999999999964,21642.924
7761.62,-57.529999999999745,21450.146
7761.63,-57.51999999999953,21498.33
7761.64,-57.50999999999931,21594.717
7761.65,-57.5,21546.52
7761.66,-57.48999999999978,21450.146
7761.67,-57.47999999999956,21450.146
7761.68,-57.469999999999345,21546.52
7761.69,-57.460000000000036,21546.52
7761.7,-57.44999999999982,21691.139
7761.71,-57.4399999999996,21498.33
7761.72,-57.42999999999938,21498.33
7761.73,-57.42000000000007,21546.52
7761.74,-57.409999999999854,21546.52
7761.75,-57.399999999999636,21498.33
7761.76,-57.38999999999942,21546.52
7761.77,-57.3799999999992,21546.52
7761.78,-57.36999999999989,21546.52
7761.79,-57.35999999999967,21594.717
7761.8,-57.349999999999454,21594.717
7761.81,-57.339999999999236,21739.359
7761.82,-57.32999999999993,21787.59
7761.83,-57.31999999999971,21691.139
7761.84,-57.30999999999949,21546.52
7761.85,-57.29999999999927,21450.146
7761.86,-57.289999999999964,21498.33
7761.87,-57.279999999999745,21546.52
7761.88,-57.26999999999953,21305.65
7761.89,-57.25999999999931,21546.52
7761.9,-57.25,21594.717
7761.91,-57.23999999999978,21594.717
7761.92,-57.22999999999956,21594.717
7761.93,-57.219999999999345,21305.65
7761.94,-57.210000000000036,21594.717
7761.95,-57.19999999999982,21642.924
7761.96,-57.1899999999996,21498.33
7761.97,-57.17999999999938,21498.33
7761.98,-57.17000000000007,21739.359
7761.99,-57.159999999999854,21739.359
7762.0,-57.149999999999636,21450.146
7762.01,-57.13999999999942,21353.809
7762.02,-57.1299999999992,21594.717
7762.03,-57.11999999999989,21642.924
7762.04,-57.10999999999967,21498.33
7762.05,-57.099999999999454,21546.52
7762.06,-57.089999999999236,21739.359
7762.07,-57.07999999999993,21498.33
7762.08,-57.06999999999971,21546.52
7762.09,-57.05999999999949,21401.973
7762.1,-57.04999999999927,21257.502
7762.11,-57.039999999999964,21546.52
7762.12,-57.029999999999745,21450.146
7762.13,-57.01999999999953,21594.717
7762.14,-57.00999999999931,21691.139
7762.15,-57.0,21594.717
7762.16,-56.98999999999978,21787.59
7762.17,-56.97999999999956,21594.717
7762.18,-56.969999999999345,21546.52
7762.19,-56.960000000000036,21546.52
7762.2,-56.94999999999982,21594.717
7762.21,-56.9399999999996,21450.146
7762.22,-56.92999999999938,21787.59
7762.23,-56.92000000000007,21691.139
7762.24,-56.909999999999854,21691.139
7762.25,-56.899999999999636,21353.809
7762.26,-56.88999999999942,21594.717
7762.27,-56.8799999999992,21546.52
7762.28,-56.86999999999989,21691.139
7762.29,-56.85999999999967,21594.717
7762.3,-56.849999999999454,21594.717
7762.31,-56.839999999999236,21498.33
7762.32,-56.82999999999993,21450.146
7762.33,-56.81999999999971,21450.146
7762.34,-56.80999999999949,21498.33
7762.35,-56.79999999999927,21642.924
7762.36,-56.789999999999964,21546.52
7762.37,-56.779999999999745,21739.359
7762.38,-56.76999999999953,21594.717
7762.39,-56.75999999999931,21594.717
7762.4,-56.75,21546.52
7762.41,-56.73999999999978,21691.139
7762.42,-56.72999999999956,21691.139
7762.43,-56.719999999999345,21546.52
7762.44,-56.710000000000036,21546.52
7762.45,-56.69999999999982,21546.52
7762.46,-56.6899999999996,21498.33
7762.47,-56.67999999999938,21691.139
7762.48,-56.67000000000007,21546.52
7762.49,-56.659999999999854,21498.33
7762.5,-56.649999999999636,21353.809
7762.51,-56.63999999999942,21305.65
7762.52,-56.6299999999992,21498.33
7762.53,-56.61999999999989,21642.924
7762.54,-56.60999999999967,21546.52
7762.55,-56.599999999999454,21450.146
7762.56,-56.589999999999236,21787.59
7762.57,-56.57999999999993,21546.52
7762.58,-56.56999999999971,21691.139
7762.59,-56.55999999999949,21642.924
7762.6,-56.54999999999927,21594.717
7762.61,-56.539999999999964,21787.59
7762.62,-56.529999999999745,21739.359
7762.63,-56.51999999999953,21546.52
7762.64,-56.50999999999931,21546.52
7762.65,-56.5,21594.717
7762.66,-56.48999999999978,21353.809
7762.67,-56.47999999999956,21594.717
7762.68,-56.469999999999345,21498.33
7762.69,-56.460000000000036,21787.59
7762.7,-56.44999999999982,21546.52
7762.71,-56.4399999999996,21546.52
7762.72,-56.42999999999938,21546.52
7762.73,-56.42000000000007,21642.924
7762.74,-56.409999999999854,21642.924
7762.75,-56.399999999999636,21642.924
7762.76,-56.38999999999942,21594.717
7762.77,-56.3799999999992,21498.33
7762.78,-56.36999999999989,21594.717
7762.79,-56.35999999999967,21546.52
7762.8,-56.349999999999454,21546.52
7762.81,-56.339999999999236,21546.52
7762.82,-56.32999999999993,21546.52
7762.83,-56.31999999999971,21642.924
7762.84,-56.30999999999949,21498.33
7762.85,-56.29999999999927,21642.924
7762.86,-56.289999999999964,21353.809
7762.87,-56.279999999999745,21546.52
7762.88,-56.26999999999953,21642.924
7762.89,-56.25999999999931,21594.717
7762.9,-56.25,21498.33
7762.91,-56.23999999999978,21594.717
7762.92,-56.22999999999956,21594.717
7762.93,-56.219999999999345,21594.717
7762.94,-56.210000000000036,21787.59
7762.95,-56.19999999999982,21691.139
7762.96,-56.1899999999996,21546.52
7762.97,-56.17999999999938,21498.33
7762.98,-56.17000000000007,21594.717
7762.99,-56.159999999999854,21546.52
7763.0,-56.149999999999636,21498.33
7763.01,-56.13999999999942,21450.146
7763.02,-56.1299999999992,21546.52
7763.03,-56.11999999999989,21642.924
7763.04,-56.10999999999967,21691.139
7763.05,-56.099999999999454,21594.717
7763.06,-56.089999999999236,21642.924
7763.07,-56.07999999999993,21450.146
7763.08,-56.06999999999971,21642.924
7763.09,-56.05999999999949,21450.146
7763.1,-56.04999999999927,21594.717
7763.11,-56.039999999999964,21691.139
7763.12,-56.029999999999745,21546.52
7763.13,-56.01999999999953,21594.717
7763.14,-56.00999999999931,21691.139
7763.15,-56.0,21498.33
7763.16,-55.98999999999978,21691.139
7763.17,-55.97999999999956,21450.146
7763.18,-55.969999999999345,21450.146
7763.19,-55.960000000000036,21401.973
7763.2,-55.94999999999982,21691.139
7763.21,-55.9399999999996,21594.717
7763.22,-55.92999999999938,21594.717
7763.23,-55.92000000000007,21642.924
7763.24,-55.909999999999854,21498.33
7763.25,-55.899999999999636,21691.139
7763.26,-55.88999999999942,21546.52
7763.27,-55.8799999999992,21642.924
7763.28,-55.86999999999989,21594.717
7763.29,-55.85999999999967,21594.717
7763.3,-55.849999999999454,21401.973
7763.31,-55.839999999999236,21546.52
7763.32,-55.82999999999993,21353.809
7763.33,-55.81999999999971,21305.65
7763.34,-55.80999999999949,21450.146
7763.35,-55.79999999999927,21642.924
7763.36,-55.789999999999964,21739.359
7763.37,-55.779999999999745,21594.717
7763.38,-55.76999999999953,21642.924
7763.39,-55.75999999999931,21594.717
7763.4,-55.75,21498.33
7763.41,-55.73999999999978,21739.359
7763.42,-55.72999999999956,21642.924
7763.43,-55.719999999999345,21450.146
7763.44,-55.710000000000036,21546.52
7763.45,-55.69999999999982,21594.717
7763.46,-55.6899999999996,21353.809
7763.47,-55.67999999999938,21546.52
7763.48,-55.67000000000007,21546.52
7763.49,-55.659999999999854,21739.359
7763.5,-55.649999999999636,21498.33
7763.51,-55.63999999999942,21546.52
7763.52,-55.6299999999992,21401.973
7763.53,-55.61999999999989,21739.359
7763.54,-55.60999999999967,21498.33
7763.55,-55.599999999999454,21401.973
7763.56,-55.589999999999236,21498.33
7763.57,-55.57999999999993,21498.33
7763.58,-55.56999999999971,21642.924
7763.59,-55.55999999999949,21498.33
7763.6,-55.54999999999927,21450.146
7763.61,-55.539999999999964,21594.717
7763.62,-55.529999999999745,21450.146
7763.63,-55.51999999999953,21498.33
7763.64,-55.50999999999931,21450.146
7763.65,-55.5,21498.33
7763.66,-55.48999999999978,21594.717
7763.67,-55.47999999999956,21450.146
7763.68,-55.469999999999345,21257.502
7763.69,-55.460000000000036,21546.52
7763.7,-55.44999999999982,21546.52
7763.71,-55.4399999999996,21498.33
7763.72,-55.42999999999938,21594.717
7763.73,-55.42000000000007,21450.146
7763.74,-55.409999999999854,21546.52
7763.75,-55.399999999999636,21642.924
7763.76,-55.38999999999942,21498.33
7763.77,-55.3799999999992,21594.717
7763.78,-55.36999999999989,21498.33
7763.79,-55.35999999999967,21546.52
7763.8,-55.349999999999454,21450.146
7763.81,-55.339999999999236,21642.924
7763.82,-55.32999999999993,21546.52
7763.83,-55.31999999999971,21498.33
7763.84,-55.30999999999949,21401.973
7763.85,-55.29999999999927,21594.717
7763.86,-55.289999999999964,21594.717
7763.87,-55.279999999999745,21498.33
7763.88,-55.26999999999953,21498.33
7763.89,-55.25999999999931,21594.717
7763.9,-55.25,21739.359
7763.91,-55.23999999999978,21691.139
7763.92,-55.22999999999956,21353.809
7763.93,-55.219999999999345,21498.33
7763.94,-55.210000000000036,21594.717
7763.95,-55.19999999999982,21450.146
7763.96,-55.1899999999996,21401.973
7763.97,-55.17999999999938,21450.146
7763.98,-55.17000000000007,21450.146
7763.99,-55.159999999999854,21498.33
7764.0,-55.149999999999636,21546.52
7764.01,-55.13999999999942,21498.33
7764.02,-55.1299999999992,21642.924
7764.03,-55.11999999999989,21642.924
7764.04,-55.10999999999967,21498.33
7764.05,-55.099999999999454,21546.52
7764.06,-55.089999999999236,21884.076
7764.07,-55.07999999999993,21739.359
7764.08,-55.06999999999971,21546.52
7764.09,-55.05999999999949,21450.146
7764.1,-55.04999999999927,21546.52
7764.11,-55.039999999999964,21691.139
7764.12,-55.029999999999745,21691.139
7764.13,-55.01999999999953,21450.146
7764.14,-55.00999999999931,21498.33
7764.15,-55.0,21498.33
7764.16,-54.98999999999978,21594.717
7764.17,-54.97999999999956,21642.924
7764.18,-54.969999999999345,21546.52
7764.19,-54.960000000000036,21450.146
7764.2,-54.94999999999982,21353.809
7764.21,-54.9399999999996,21353.809
7764.22,-54.92999999999938,21594.717
7764.23,-54.92000000000007,21594.717
7764.24,-54.909999999999854,21787.59
7764.25,-54.899999999999636,21546.52
7764.26,-54.88999999999942,21691.139
7764.27,-54.8799999999992,21546.52
7764.28,-54.86999999999989,21642.924
7764.29,-54.85999999999967,21450.146
7764.3,-54.849999999999454,21787.59
7764.31,-54.839999999999236,21691.139
7764.32,-54.82999999999993,21546.52
7764.33,-54.81999999999971,21450.146
7764.34,-54.80999999999949,21450.146
7764.35,-54.79999999999927,21498.33
7764.36,-54.789999999999964,21691.139
7764.37,-54.779999999999745,21594.717
7764.38,-54.76999999999953,21546.52
7764.39,-54.75999999999931,21498.33
7764.4,-54.75,21594.717
7764.41,-54.73999999999978,21450.146
7764.42,-54.72999999999956,21498.33
7764.43,-54.719999999999345,21594.717
7764.44,-54.710000000000036,21594.717
7764.45,-54.69999999999982,21450.146
7764.46,-54.6899999999996,21546.52
7764.47,-54.67999999999938,21353.809
7764.48,-54.67000000000007,21642.924
7764.49,-54.659999999999854,21546.52
7764.5,-54.649999999999636,21546.52
7764.51,-54.63999999999942,21546.52
7764.52,-54.6299999999992,21594.717
7764.53,-54.61999999999989,21594.717
7764.54,-54.60999999999967,21498.33
7764.55,-54.599999999999454,21691.139
7764.56,-54.589999999999236,21546.52
7764.57,-54.57999999999993,21594.717
7764.58,-54.56999999999971,21401.973
7764.59,-54.55999999999949,21305.65
7764.6,-54.54999999999927,21353.809
7764.61,-54.539999999999964,21546.52
7764.62,-54.529999999999745,21450.146
7764.63,-54.51999999999953,21450.146
7764.64,-54.50999999999931,21498.33
7764.65,-54.5,21594.717
7764.66,-54.48999999999978,21498.33
7764.67,-54.47999999999956,21498.33
7764.68,-54.469999999999345,21450.146
7764.69,-54.460000000000036,21498.33
7764.7,-54.44999999999982,21546.52
7764.71,-54.4399999999996,21594.717
7764.72,-54.42999999999938,21353.809
7764.73,-54.42000000000007,21401.973
7764.74,-54.409999999999854,21546.52
7764.75,-54.399999999999636,21642.924
7764.76,-54.38999999999942,21450.146
7764.77,-54.3799999999992,21498.33
7764.78,-54.36999999999989,21498.33
7764.79,-54.35999999999967,21450.146
7764.8,-54.349999999999454,21401.973
7764.81,-54.339999999999236,21787.59
7764.82,-54.32999999999993,21594.717
7764.83,-54.31999999999971,21594.717
7764.84,-54.30999999999949,21691.139
7764.85,-54.29999999999927,21691.139
7764.86,-54.289999999999964,21739.359
7764.87,-54.279999999999745,21353.809
7764.88,-54.26999999999953,21353.809
7764.89,-54.25999999999931,21691.139
7764.9,-54.25,21691.139
7764.91,-54.23999999999978,21594.717
7764.92,-54.22999999999956,21642.924
7764.93,-54.219999999999345,21450.146
7764.94,-54.210000000000036,21691.139
7764.95,-54.19999999999982,21739.359
7764.96,-54.1899999999996,21594.717
7764.97,-54.17999999999938,21642.924
7764.98,-54.17000000000007,21546.52
7764.99,-54.159999999999854,21546.52
7765.0,-54.149999999999636,21498.33
7765.01,-54.13999999999942,21546.52
7765.02,-54.1299999999992,21594.717
7765.03,-54.11999999999989,21546.52
7765.04,-54.10999999999967,21546.52
7765.05,-54.099999999999454,21546.52
7765.06,-54.089999999999236,21787.59
7765.07,-54.07999999999993,21642.924
7765.08,-54.06999999999971,21642.924
7765.09,-54.05999999999949,21450.146
7765.1,-54.04999999999927,21594.717
7765.11,-54.039999999999964,21498.33
7765.12,-54.029999999999745,21498.33
7765.13,-54.01999999999953,21450.146
7765.14,-54.00999999999931,21546.52
7765.15,-54.0,21642.924
7765.16,-53.98999999999978,21642.924
7765.17,-53.97999999999956,21450.146
7765.18,-53.969999999999345,21546.52
7765.19,-53.960000000000036,21546.52
7765.2,-53.94999999999982,21642.924
7765.21,-53.9399999999996,21401.973
7765.22,-53.92999999999938,21498.33
7765.23,-53.92000000000007,21353.809
7765.24,-53.909999999999854,21642.924
7765.25,-53.899999999999636,21594.717
7765.26,-53.88999999999942,21642.924
7765.27,-53.8799999999992,21546.52
7765.28,-53.86999999999989,21739.359
7765.29,-53.85999999999967,21546.52
7765.3,-53.849999999999454,21642.924
7765.31,-53.839999999999236,21691.139
7765.32,-53.82999999999993,21594.717
7765.33,-53.81999999999971,21450.146
7765.34,-53.80999999999949,21642.924
7765.35,-53.79999999999927,21546.52
7765.36,-53.789999999999964,21546.52
7765.37,-53.779999999999745,21546.52
7765.38,-53.76999999999953,21594.717
7765.39,-53.75999999999931,21498.33
7765.4,-53.75,21498.33
7765.41,-53.73999999999978,21642.924
7765.42,-53.72999999999956,21594.717
7765.43,-53.719999999999345,21642.924
7765.44,-53.710000000000036,21594.717
7765.45,-53.69999999999982,21353.809
7765.46,-53.6899999999996,21450.146
7765.47,-53.67999999999938,21498.33
7765.48,-53.67000000000007,21546.52
7765.49,-53.659999999999854,21691.139
7765.5,-53.649999999999636,21642.924
7765.51,-53.63999999999942,21594.717
7765.52,-53.6299999999992,21691.139
7765.53,-53.61999999999989,21739.359
7765.54,-53.60999999999967,21546.52
7765.55,-53.599999999999454,21594.717
7765.56,-53.589999999999236,21546.52
7765.57,-53.57999999999993,21739.359
7765.58,-53.56999999999971,21594.717
7765.59,-53.55999999999949,21498.33
7765.6,-53.54999999999927,21450.146
7765.61,-53.539999999999964,21594.717
7765.62,-53.529999999999745,21546.52
7765.63,-53.51999999999953,21546.52
7765.64,-53.50999999999931,21546.52
7765.65,-53.5,21594.717
7765.66,-53.48999999999978,21546.52
7765.67,-53.47999999999956,21691.139
7765.68,-53.469999999999345,21642.924
7765.69,-53.460000000000036,21498.33
7765.7,-53.44999999999982,21546.52
7765.71,-53.4399999999996,21450.146
7765.72,-53.42999999999938,21401.973
7765.73,-53.42000000000007,21353.809
7765.74,-53.409999999999854,21450.146
7765.75,-53.399999999999636,21498.33
7765.76,-53.38999999999942,21450.146
7765.77,-53.3799999999992,21401.973
7765.78,-53.36999999999989,21546.52
7765.79,-53.35999999999967,21691.139
7765.8,-53.349999999999454,21546.52
7765.81,-53.339999999999236,21787.59
7765.82,-53.32999999999993,21691.139
7765.83,-53.31999999999971,21594.717
7765.84,-53.30999999999949,21594.717
7765.85,-53.29999999999927,21691.139
7765.86,-53.289999999999964,21594.717
7765.87,-53.279999999999745,21594.717
7765.88,-53.26999999999953,21546.52
7765.89,-53.25999999999931,21546.52
7765.9,-53.25,21787.59
7765.91,-53.23999999999978,21691.139
7765.92,-53.22999999999956,21594.717
7765.93,-53.219999999999345,21353.809
7765.94,-53.210000000000036,21642.924
7765.95,-53.19999999999982,21546.52
7765.96,-53.1899999999996,21353.809
7765.97,-53.17999999999938,21546.52
7765.98,-53.17000000000007,21691.139
7765.99,-53.159999999999854,21691.139
7766.0,-53.149999999999636,21691.139
7766.01,-53.13999999999942,21546.52
7766.02,-53.1299999999992,21594.717
7766.03,-53.11999999999989,21594.717
7766.04,-53.10999999999967,21546.52
7766.05,-53.099999999999454,21594.717
7766.06,-53.089999999999236,21642.924
7766.07,-53.07999999999993,21498.33
7766.08,-53.06999999999971,21594.717
7766.09,-53.05999999999949,21498.33
7766.1,-53.04999999999927,21546.52
7766.11,-53.039999999999964,21642.924
7766.12,-53.029999999999745,21594.717
7766.13,-53.01999999999953,21691.139
7766.14,-53.00999999999931,21498.33
7766.15,-53.0,21353.809
7766.16,-52.98999999999978,21353.809
7766.17,-52.97999999999956,21546.52
7766.18,-52.969999999999345,21498.33
7766.19,-52.960000000000036,21594.717
7766.2,-52.94999999999982,21498.33
7766.21,-52.9399999999996,21691.139
7766.22,-52.92999999999938,21401.973
7766.23,-52.92000000000007,21691.139
7766.24,-52.909999999999854,21691.139
7766.25,-52.899999999999636,21450.146
7766.26,-52.88999999999942,21594.717
7766.27,-52.8799999999992,21546.52
7766.28,-52.86999999999989,21739.359
7766.29,-52.85999999999967,21594.717
7766.3,-52.849999999999454,21594.717
7766.31,-52.839999999999236,21739.359
7766.32,-52.82999999999993,21739.359
7766.33,-52.81999999999971,21546.52
7766.34,-52.80999999999949,21642.924
7766.35,-52.79999999999927,21546.52
7766.36,-52.789999999999964,21787.59
7766.37,-52.779999999999745,21450.146
7766.38,-52.76999999999953,21594.717
7766.39,-52.75999999999931,21498.33
7766.4,-52.75,21594.717
7766.41,-52.73999999999978,21498.33
7766.42,-52.72999999999956,21450.146
7766.43,-52.719999999999345,21594.717
7766.44,-52.710000000000036,21642.924
7766.45,-52.69999999999982,21546.52
7766.46,-52.6899999999996,21401.973
7766.47,-52.67999999999938,21546.52
7766.48,-52.67000000000007,21450.146
7766.49,-52.659999999999854,21546.52
7766.5,-52.649999999999636,21546.52
7766.51,-52.63999999999942,21594.717
7766.52,-52.6299999999992,21691.139
7766.53,-52.61999999999989,21691.139
7766.54,-52.60999999999967,21546.52
7766.55,-52.599999999999454,21353.809
7766.56,-52.589999999999236,21739.359
7766.57,-52.57999999999993,21450.146
7766.58,-52.56999999999971,21691.139
7766.59,-52.55999999999949,21546.52
7766.6,-52.54999999999927,21642.924
7766.61,-52.539999999999964,21691.139
7766.62,-52.529999999999745,21594.717
7766.63,-52.51999999999953,21546.52
7766.64,-52.50999999999931,21546.52
7766.65,-52.5,21691.139
7766.66,-52.48999999999978,21546.52
7766.67,-52.47999999999956,21353.809
7766.68,-52.469999999999345,21546.52
7766.69,-52.460000000000036,21546.52
7766.7,-52.44999999999982,21594.717
7766.71,-52.4399999999996,21642.924
7766.72,-52.42999999999938,21642.924
7766.73,-52.42000000000007,21739.359
7766.74,-52.409999999999854,21594.717
7766.75,-52.399999999999636,21642.924
7766.76,-52.38999999999942,21642.924
7766.77,-52.3799999999992,21594.717
7766.78,-52.36999999999989,21594.717
7766.79,-52.35999999999967,21498.33
7766.8,-52.349999999999454,21546.52
7766.81,-52.339999999999236,21642.924
7766.82,-52.32999999999993,21546.52
7766.83,-52.31999999999971,21594.717
7766.84,-52.30999999999949,21546.52
7766.85,-52.29999999999927,21594.717
7766.86,-52.289999999999964,21691.139
7766.87,-52.279999999999745,21691.139
7766.88,-52.26999999999953,21450.146
7766.89,-52.25999999999931,21498.33
7766.9,-52.25,21739.359
7766.91,-52.23999999999978,21691.139
7766.92,-52.22999999999956,21353.809
7766.93,-52.219999999999345,21546.52
7766.94,-52.210000000000036,21691.139
7766.95,-52.19999999999982,21787.59
7766.96,-52.1899999999996,21546.52
7766.97,-52.17999999999938,21594.717
7766.98,-52.17000000000007,21691.139
7766.99,-52.159999999999854,21739.359
7767.0,-52.149999999999636,21594.717
7767.01,-52.13999999999942,21739.359
7767.02,-52.1299999999992,21498.33
7767.03,-52.11999999999989,21450.146
7767.04,-52.10999999999967,21594.717
7767.05,-52.099999999999454,21498.33
7767.06,-52.089999999999236,21739.359
7767.07,-52.07999999999993,21498.33
7767.08,-52.06999999999971,21401.973
7767.09,-52.05999999999949,21594.717
7767.1,-52.04999999999927,21594.717
7767.11,-52.039999999999964,21691.139
7767.12,-52.029999999999745,21594.717
7767.13,-52.01999999999953,21450.146
7767.14,-52.00999999999931,21401.973
7767.15,-52.0,21594.717
7767.16,-51.98999999999978,21739.359
7767.17,-51.97999999999956,21546.52
7767.18,-51.969999999999345,21594.717
7767.19,-51.960000000000036,21642.924
7767.2,-51.94999999999982,21739.359
7767.21,-51.9399999999996,21546.52
7767.22,-51.92999999999938,21691.139
7767.23,-51.92000000000007,21691.139
7767.24,-51.909999999999854,21835.83
7767.25,-51.899999999999636,21787.59
7767.26,-51.88999999999942,21546.52
7767.27,-51.8799999999992,21642.924
7767.28,-51.86999999999989,21691.139
7767.29,-51.85999999999967,21498.33
7767.3,-51.849999999999454,21594.717
7767.31,-51.839999999999236,21691.139
7767.32,-51.82999999999993,21642.924
7767.33,-51.81999999999971,21546.52
7767.34,-51.80999999999949,21546.52
7767.35,-51.79999999999927,21546.52
7767.36,-51.789999999999964,21594.717
7767.37,-51.779999999999745,21498.33
7767.38,-51.76999999999953,21546.52
7767.39,-51.75999999999931,21450.146
7767.4,-51.75,21546.52
7767.41,-51.73999999999978,21642.924
7767.42,-51.72999999999956,21642.924
7767.43,-51.719999999999345,21498.33
7767.44,-51.710000000000036,21642.924
7767.45,-51.69999999999982,21594.717
7767.46,-51.6899999999996,21691.139
7767.47,-51.67999999999938,21498.33
7767.48,-51.67000000000007,21546.52
7767.49,-51.659999999999854,21691.139
7767.5,-51.649999999999636,21401.973
7767.51,-51.63999999999942,21546.52
7767.52,-51.6299999999992,21642.924
7767.53,-51.61999999999989,21642.924
7767.54,-51.60999999999967,21546.52
7767.55,-51.599999999999454,21546.52
7767.56,-51.589999999999236,21884.076
7767.57,-51.57999999999993,21642.924
7767.58,-51.56999999999971,21594.717
7767.59,-51.55999999999949,21691.139
7767.6,-51.54999999999927,21739.359
7767.61,-51.539999999999964,21594.717
7767.62,-51.529999999999745,21594.717
7767.63,-51.51999999999953,21546.52
7767.64,-51.50999999999931,21450.146
7767.65,-51.5,21594.717
7767.66,-51.48999999999978,21498.33
7767.67,-51.47999999999956,21498.33
7767.68,-51.469999999999345,21546.52
7767.69,-51.460000000000036,21691.139
7767.7,-51.44999999999982,21401.973
7767.71,-51.4399999999996,21498.33
7767.72,-51.42999999999938,21546.52
7767.73,-51.42000000000007,21642.924
7767.74,-51.409999999999854,21353.809
7767.75,-51.399999999999636,21594.717
7767.76,-51.38999999999942,21498.33
7767.77,-51.3799999999992,21835.83
7767.78,-51.36999999999989,21546.52
7767.79,-51.35999999999967,21546.52
7767.8,-51.349999999999454,21739.359
7767.81,-51.339999999999236,21932.332
7767.82,-51.32999999999993,21691.139
7767.83,-51.31999999999971,21594.717
7767.84,-51.30999999999949,21642.924
7767.85,-51.29999999999927,21498.33
7767.86,-51.289999999999964,21498.33
7767.87,-51.279999999999745,21353.809
7767.88,-51.26999999999953,21594.717
7767.89,-51.25999999999931,21594.717
7767.9,-51.25,21691.139
7767.91,-51.23999999999978,21835.83
7767.92,-51.22999999999956,21401.973
7767.93,-51.219999999999345,21450.146
7767.94,-51.210000000000036,21594.717
7767.95,-51.19999999999982,21546.52
7767.96,-51.1899999999996,21401.973
7767.97,-51.17999999999938,21546.52
7767.98,-51.17000000000007,21498.33
7767.99,-51.159999999999854,21498.33
7768.0,-51.149999999999636,21498.33
7768.01,-51.13999999999942,21594.717
7768.02,-51.1299999999992,21739.359
7768.03,-51.11999999999989,21739.359
7768.04,-51.10999999999967,21594.717
7768.05,-51.099999999999454,21642.924
7768.06,-51.089999999999236,21739.359
7768.07,-51.07999999999993,21691.139
7768.08,-51.06999999999971,21642.924
7768.09,-51.05999999999949,21691.139
7768.1,-51.04999999999927,21691.139
7768.11,-51.039999999999964,21546.52
7768.12,-51.029999999999745,21594.717
7768.13,-51.01999999999953,21642.924
7768.14,-51.00999999999931,21739.359
7768.15,-51.0,21787.59
7768.16,-50.98999999999978,21691.139
7768.17,-50.97999999999956,21787.59
7768.18,-50.969999999999345,21691.139
7768.19,-50.960000000000036,21546.52
7768.2,-50.94999999999982,21353.809
7768.21,-50.9399999999996,21353.809
7768.22,-50.92999999999938,21642.924
7768.23,-50.92000000000007,21835.83
7768.24,-50.909999999999854,21498.33
7768.25,-50.899999999999636,21642.924
7768.26,-50.88999999999942,21691.139
7768.27,-50.8799999999992,21691.139
7768.28,-50.86999999999989,21691.139
7768.29,-50.85999999999967,21546.52
7768.3,-50.849999999999454,21498.33
7768.31,-50.839999999999236,21739.359
7768.32,-50.82999999999993,21642.924
7768.33,-50.81999999999971,21594.717
7768.34,-50.80999999999949,21546.52
7768.35,-50.79999999999927,21594.717
7768.36,-50.789999999999964,21546.52
7768.37,-50.779999999999745,21546.52
7768.38,-50.76999999999953,21594.717
7768.39,-50.75999999999931,21739.359
7768.4,-50.75,21739.359
7768.41,-50.73999999999978,21642.924
7768.42,-50.72999999999956,21594.717
7768.43,-50.719999999999345,21450.146
7768.44,-50.710000000000036,21642.924
7768.45,-50.69999999999982,21787.59
7768.46,-50.6899999999996,21739.359
7768.47,-50.67999999999938,21787.59
7768.48,-50.67000000000007,21546.52
7768.49,-50.659999999999854,21498.33
7768.5,-50.649999999999636,21787.59
7768.51,-50.63999999999942,21691.139
7768.52,-50.6299999999992,21691.139
7768.53,-50.61999999999989,21787.59
7768.54,-50.60999999999967,21450.146
7768.55,-50.599999999999454,21546.52
7768.56,-50.589999999999236,21691.139
7768.57,-50.57999999999993,21739.359
7768.58,-50.56999999999971,21450.146
7768.59,-50.55999999999949,21546.52
7768.6,-50.54999999999927,21546.52
7768.61,-50.539999999999964,21691.139
7768.62,-50.529999999999745,21642.924
7768.63,-50.51999999999953,21835.83
7768.64,-50.50999999999931,21787.59
7768.65,-50.5,21739.359
7768.66,-50.48999999999978,21691.139
7768.67,-50.47999999999956,21594.717
7768.68,-50.469999999999345,21546.52
7768.69,-50.460000000000036,21642.924
7768.7,-50.44999999999982,21691.139
7768.71,-50.4399999999996,21546.52
7768.72,-50.42999999999938,21546.52
7768.73,-50.42000000000007,21642.924
7768.74,-50.409999999999854,21691.139
7768.75,-50.399999999999636,21450.146
7768.76,-50.38999999999942,21739.359
7768.77,-50.3799999999992,21691.139
7768.78,-50.36999999999989,21691.139
7768.79,-50.35999999999967,21498.33
7768.8,-50.349999999999454,21546.52
7768.81,-50.339999999999236,21835.83
7768.82,-50.32999999999993,21642.924
7768.83,-50.31999999999971,21691.139
7768.84,-50.30999999999949,21401.973
7768.85,-50.29999999999927,21642.924
7768.86,-50.289999999999964,21691.139
7768.87,-50.279999999999745,21546.52
7768.88,-50.26999999999953,21546.52
7768.89,-50.25999999999931,21546.52
7768.9,-50.25,21546.52
7768.91,-50.23999999999978,21642.924
7768.92,-50.22999999999956,21498.33
7768.93,-50.219999999999345,21498.33
7768.94,-50.210000000000036,21642.924
7768.95,-50.19999999999982,21546.52
7768.96,-50.1899999999996,21450.146
7768.97,-50.17999999999938,21546.52
7768.98,-50.17000000000007,21642.924
7768.99,-50.159999999999854,21835.83
7769.0,-50.149999999999636,21498.33
7769.01,-50.13999999999942,21594.717
7769.02,-50.1299999999992,21594.717
7769.03,-50.11999999999989,21835.83
7769.04,-50.10999999999967,21594.717
7769.05,-50.099999999999454,21787.59
7769.06,-50.089999999999236,21739.359
7769.07,-50.07999999999993,21642.924
7769.08,-50.06999999999971,21787.59
7769.09,-50.05999999999949,21739.359
7769.1,-50.04999999999927,21498.33
7769.11,-50.039999999999964,21642.924
7769.12,-50.029999999999745,21594.717
7769.13,-50.01999999999953,21642.924
7769.14,-50.00999999999931,21884.076
7769.15,-50.0,21642.924
7769.16,-49.98999999999978,21787.59
7769.17,-49.97999999999956,21450.146
7769.18,-49.969999999999345,21546.52
7769.19,-49.960000000000036,21691.139
7769.2,-49.94999999999982,21642.924
7769.21,-49.9399999999996,21594.717
7769.22,-49.92999999999938,21498.33
7769.23,-49.92000000000007,21594.717
7769.24,-49.909999999999854,21546.52
7769.25,-49.899999999999636,21450.146
7769.26,-49.88999999999942,21546.52
7769.27,-49.8799999999992,21642.924
7769.28,-49.86999999999989,21594.717
7769.29,-49.85999999999967,21691.139
7769.3,-49.849999999999454,21546.52
7769.31,-49.839999999999236,21546.52
7769.32,-49.82999999999993,21642.924
7769.33,-49.81999999999971,21546.52
7769.34,-49.80999999999949,21546.52
7769.35,-49.79999999999927,21642.924
7769.36,-49.789999999999964,21884.076
7769.37,-49.779999999999745,21546.52
7769.38,-49.76999999999953,21642.924
7769.39,-49.75999999999931,21546.52
7769.4,-49.75,21691.139
7769.41,-49.73999999999978,21691.139
7769.42,-49.72999999999956,21546.52
7769.43,-49.719999999999345,21787.59
7769.44,-49.710000000000036,21739.359
7769.45,-49.69999999999982,21594.717
7769.46,-49.6899999999996,21546.52
7769.47,-49.67999999999938,21594.717
7769.48,-49.67000000000007,21691.139
7769.49,-49.659999999999854,21642.924
7769.5,-49.649999999999636,21691.139
7769.51,-49.63999999999942,21787.59
7769.52,-49.6299999999992,21691.139
7769.53,-49.61999999999989,21498.33
7769.54,-49.60999999999967,21739.359
7769.55,-49.599999999999454,21642.924
7769.56,-49.589999999999236,21739.359
7769.57,-49.57999999999993,21739.359
7769.58,-49.56999999999971,21594.717
7769.59,-49.55999999999949,21642.924
7769.6,-49.54999999999927,21594.717
7769.61,-49.539999999999964,21594.717
7769.62,-49.529999999999745,21691.139
7769.63,-49.51999999999953,21498.33
7769.64,-49.50999999999931,21594.717
7769.65,-49.5,21642.924
7769.66,-49.48999999999978,21450.146
7769.67,-49.47999999999956,21642.924
7769.68,-49.469999999999345,21642.924
7769.69,-49.460000000000036,21546.52
7769.7,-49.44999999999982,21546.52
7769.71,-49.4399999999996,21739.359
7769.72,-49.42999999999938,21546.52
7769.73,-49.42000000000007,21546.52
7769.74,-49.409999999999854,21739.359
7769.75,-49.399999999999636,21594.717
7769.76,-49.38999999999942,21594.717
7769.77,-49.3799999999992,21787.59
7769.78,-49.36999999999989,21739.359
7769.79,-49.35999999999967,21835.83
7769.8,-49.349999999999454,21739.359
7769.81,-49.339999999999236,21884.076
7769.82,-49.32999999999993,21787.59
7769.83,-49.31999999999971,21642.924
7769.84,-49.30999999999949,21642.924
7769.85,-49.29999999999927,21546.52
7769.86,-49.289999999999964,21787.59
7769.87,-49.279999999999745,21642.924
7769.88,-49.26999999999953,21642.924
7769.89,-49.25999999999931,21835.83
7769.9,-49.25,21835.83
7769.91,-49.23999999999978,21594.717
7769.92,-49.22999999999956,21739.359
7769.93,-49.219999999999345,21546.52
7769.94,-49.210000000000036,21594.717
7769.95,-49.19999999999982,21787.59
7769.96,-49.1899999999996,21642.924
7769.97,-49.17999999999938,21787.59
7769.98,-49.17000000000007,21546.52
7769.99,-49.159999999999854,21739.359
7770.0,-49.149999999999636,21739.359
7770.01,-49.13999999999942,21450.146
7770.02,-49.1299999999992,21450.146
7770.03,-49.11999999999989,21546.52
7770.04,-49.10999999999967,21932.332
7770.05,-49.099999999999454,22995.996
7770.06,-49.089999999999236,23529.301
7770.07,-49.07999999999993,23626.373
7770.08,-49.06999999999971,23820.611
7770.09,-49.05999999999949,23869.189
7770.1,-49.04999999999927,23966.375
7770.11,-49.039999999999964,23869.189
7770.12,-49.029999999999745,23674.92
7770.13,-49.01999999999953,23772.039
7770.14,-49.00999999999931,23723.475
7770.15,-49.0,23723.475
7770.16,-48.98999999999978,23577.832
7770.17,-48.97999999999956,23820.611
7770.18,-48.969999999999345,23723.475
7770.19,-48.960000000000036,23820.611
7770.2,-48.94999999999982,23577.832
7770.21,-48.9399999999996,23432.264
7770.22,-48.92999999999938,23917.777
7770.23,-48.92000000000007,23772.039
7770.24,-48.909999999999854,23869.189
7770.25,-48.899999999999636,23869.189
7770.26,-48.88999999999942,23917.777
7770.27,-48.8799999999992,23820.611
7770.28,-48.86999999999989,23626.373
7770.29,-48.85999999999967,23723.475
7770.3,-48.849999999999454,23577.832
7770.31,-48.839999999999236,23626.373
7770.32,-48.82999999999993,23674.92
7770.33,-48.81999999999971,23529.301
7770.34,-48.80999999999949,23772.039
7770.35,-48.79999999999927,23480.779
7770.36,-48.789999999999964,23820.611
7770.37,-48.779999999999745,23674.92
7770.38,-48.76999999999953,23869.189
7770.39,-48.75999999999931,23674.92
7770.4,-48.75,23820.611
7770.41,-48.73999999999978,23917.777
7770.42,-48.72999999999956,23820.611
7770.43,-48.719999999999345,23917.777
7770.44,-48.710000000000036,23723.475
7770.45,-48.69999999999982,23772.039
7770.46,-48.6899999999996,23674.92
7770.47,-48.67999999999938,23626.373
7770.48,-48.67000000000007,23577.832
7770.49,-48.659999999999854,23820.611
7770.5,-48.649999999999636,23674.92
7770.51,-48.63999999999942,23674.92
7770.52,-48.6299999999992,23820.611
7770.53,-48.61999999999989,23917.777
7770.54,-48.60999999999967,23577.832
7770.55,-48.599999999999454,23820.611
7770.56,-48.589999999999236,23723.475
7770.57,-48.57999999999993,23869.189
7770.58,-48.56999999999971,23869.189
7770.59,-48.55999999999949,23917.777
7770.6,-48.54999999999927,23723.475
7770.61,-48.539999999999964,23917.777
7770.62,-48.529999999999745,23917.777
7770.63,-48.51999999999953,23577.832
7770.64,-48.50999999999931,23820.611
7770.65,-48.5,23480.779
7770.66,-48.48999999999978,23674.92
7770.67,-48.47999999999956,23626.373
7770.68,-48.469999999999345,23577.832
7770.69,-48.460000000000036,23917.777
7770.7,-48.44999999999982,23674.92
7770.71,-48.4399999999996,23674.92
7770.72,-48.42999999999938,23820.611
7770.73,-48.42000000000007,23674.92
7770.74,-48.409999999999854,23820.611
7770.75,-48.399999999999636,23674.92
7770.76,-48.38999999999942,23917.777
7770.77,-48.3799999999992,23820.611
7770.78,-48.36999999999989,23772.039
7770.79,-48.35999999999967,23820.611
7770.8,-48.349999999999454,23674.92
7770.81,-48.339999999999236,23820.611
7770.82,-48.32999999999993,23869.189
7770.83,-48.31999999999971,23674.92
7770.84,-48.30999999999949,23869.189
7770.85,-48.29999999999927,23820.611
7770.86,-48.289999999999964,23723.475
7770.87,-48.279999999999745,23869.189
7770.88,-48.26999999999953,23723.475
7770.89,-48.25999999999931,24404.105
7770.9,-48.25,24891.244
7770.91,-48.23999999999978,24793.752
7770.92,-48.22999999999956,24842.494
7770.93,-48.219999999999345,24647.572
7770.94,-48.210000000000036,24745.018
7770.95,-48.19999999999982,24891.244
7770.96,-48.1899999999996,24550.162
7770.97,-48.17999999999938,22899.137
7770.98,-48.17000000000007,21884.076
7770.99,-48.159999999999854,21401.973
7771.0,-48.149999999999636,21257.502
7771.01,-48.13999999999942,21353.809
7771.02,-48.1299999999992,21739.359
7771.03,-48.11999999999989,21401.973
7771.04,-48.10999999999967,21546.52
7771.05,-48.099999999999454,21401.973
7771.06,-48.089999999999236,21787.59
7771.07,-48.07999999999993,21546.52
7771.08,-48.06999999999971,21594.717
7771.09,-48.05999999999949,21498.33
7771.1,-48.04999999999927,21498.33
7771.11,-48.039999999999964,21401.973
7771.12,-48.029999999999745,21739.359
7771.13,-48.01999999999953,21353.809
7771.14,-48.00999999999931,21594.717
7771.15,-48.0,21691.139
7771.16,-47.98999999999978,21498.33
7771.17,-47.97999999999956,21353.809
7771.18,-47.969999999999345,21546.52
7771.19,-47.960000000000036,21450.146
7771.2,-47.94999999999982,21401.973
7771.21,-47.9399999999996,21450.146
7771.22,-47.92999999999938,21642.924
7771.23,-47.92000000000007,21546.52
7771.24,-47.909999999999854,21787.59
7771.25,-47.899999999999636,21546.52
7771.26,-47.88999999999942,21594.717
7771.27,-47.8799999999992,21353.809
7771.28,-47.86999999999989,21401.973
7771.29,-47.85999999999967,21546.52
7771.3,-47.849999999999454,21546.52
7771.31,-47.839999999999236,21401.973
7771.32,-47.82999999999993,21450.146
7771.33,-47.81999999999971,21546.52
7771.34,-47.80999999999949,21353.809
7771.35,-47.79999999999927,21498.33
7771.36,-47.789999999999964,21450.146
7771.37,-47.779999999999745,21450.146
7771.38,-47.76999999999953,21498.33
7771.39,-47.75999999999931,21594.717
7771.4,-47.75,21498.33
7771.41,-47.73999999999978,21498.33
7771.42,-47.72999999999956,21450.146
7771.43,-47.719999999999345,21498.33
7771.44,-47.710000000000036,21498.33
7771.45,-47.69999999999982,21594.717
7771.46,-47.6899999999996,21450.146
7771.47,-47.67999999999938,21353.809
7771.48,-47.67000000000007,21353.809
7771.49,-47.659999999999854,21546.52
7771.5,-47.649999999999636,21546.52
7771.51,-47.63999999999942,21546.52
7771.52,-47.6299999999992,21546.52
7771.53,-47.61999999999989,21450.146
7771.54,-47.60999999999967,21401.973
7771.55,-47.599999999999454,21450.146
7771.56,-47.589999999999236,21594.717
7771.57,-47.57999999999993,21498.33
7771.58,-47.56999999999971,21498.33
7771.59,-47.55999999999949,21498.33
7771.6,-47.54999999999927,21546.52
7771.61,-47.539999999999964,21450.146
7771.62,-47.529999999999745,21691.139
7771.63,-47.51999999999953,21498.33
7771.64,-47.50999999999931,21594.717
7771.65,-47.5,21450.146
7771.66,-47.48999999999978,21546.52
7771.67,-47.47999999999956,21450.146
7771.68,-47.469999999999345,21401.973
7771.69,-47.460000000000036,21498.33
7771.7,-47.44999999999982,21691.139
7771.71,-47.4399999999996,21257.502
7771.72,-47.42999999999938,21401.973
7771.73,-47.42000000000007,21450.146
7771.74,-47.409999999999854,21498.33
7771.75,-47.399999999999636,21498.33
7771.76,-47.38999999999942,21498.33
7771.77,-47.3799999999992,21642.924
7771.78,-47.36999999999989,21546.52
7771.79,-47.35999999999967,21546.52
7771.8,-47.349999999999454,21305.65
7771.81,-47.339999999999236,21594.717
7771.82,-47.32999999999993,21353.809
7771.83,-47.31999999999971,21691.139
7771.84,-47.30999999999949,21305.65
7771.85,-47.29999999999927,21546.52
7771.86,-47.289999999999964,21498.33
7771.87,-47.279999999999745,21594.717
7771.88,-47.26999999999953,21594.717
7771.89,-47.25999999999931,21498.33
7771.9,-47.25,21401.973
7771.91,-47.23999999999978,21498.33
7771.92,-47.22999999999956,21546.52
7771.93,-47.219999999999345,21353.809
7771.94,-47.210000000000036,21498.33
7771.95,-47.19999999999982,21691.139
7771.96,-47.1899999999996,21546.52
7771.97,-47.17999999999938,21546.52
7771.98,-47.17000000000007,21787.59
7771.99,-47.159999999999854,21594.717
7772.0,-47.149999999999636,21546.52
7772.01,-47.13999999999942,21498.33
7772.02,-47.1299999999992,21353.809
7772.03,-47.11999999999989,21401.973
7772.04,-47.10999999999967,21594.717
7772.05,-47.099999999999454,21353.809
7772.06,-47.089999999999236,21546.52
7772.07,-47.07999999999993,21498.33
7772.08,-47.06999999999971,21498.33
7772.09,-47.05999999999949,21594.717
7772.1,-47.04999999999927,21594.717
7772.11,-47.039999999999964,21498.33
7772.12,-47.029999999999745,21594.717
7772.13,-47.01999999999953,21546.52
7772.14,-47.00999999999931,21353.809
7772.15,-47.0,21498.33
7772.16,-46.98999999999978,21401.973
7772.17,-46.97999999999956,21594.717
7772.18,-46.969999999999345,21594.717
7772.19,-46.960000000000036,21353.809
7772.2,-46.94999999999982,21498.33
7772.21,-46.9399999999996,21642.924
7772.22,-46.92999999999938,21498.33
7772.23,-46.92000000000007,21642.924
7772.24,-46.909999999999854,21546.52
7772.25,-46.899999999999636,21498.33
7772.26,-46.88999999999942,21401.973
7772.27,-46.8799999999992,21353.809
7772.28,-46.86999999999989,21450.146
7772.29,-46.85999999999967,21353.809
7772.3,-46.849999999999454,21353.809
7772.31,-46.839999999999236,21498.33
7772.32,-46.82999999999993,21546.52
7772.33,-46.81999999999971,21450.146
7772.34,-46.80999999999949,21401.973
7772.35,-46.79999999999927,21498.33
7772.36,-46.789999999999964,21450.146
7772.37,-46.779999999999745,21594.717
7772.38,-46.76999999999953,21353.809
7772.39,-46.75999999999931,21401.973
7772.4,-46.75,21305.65
7772.41,-46.73999999999978,21450.146
7772.42,-46.72999999999956,21450.146
7772.43,-46.719999999999345,21691.139
7772.44,-46.710000000000036,21353.809
7772.45,-46.69999999999982,21498.33
7772.46,-46.6899999999996,21401.973
7772.47,-46.67999999999938,21450.146
7772.48,-46.67000000000007,21450.146
7772.49,-46.659999999999854,21353.809
7772.5,-46.649999999999636,21450.146
7772.51,-46.63999999999942,21305.65
7772.52,-46.6299999999992,21546.52
7772.53,-46.61999999999989,21450.146
7772.54,-46.60999999999967,21257.502
7772.55,-46.599999999999454,21498.33
7772.56,-46.589999999999236,21161.227
7772.57,-46.57999999999993,21209.359
7772.58,-46.56999999999971,21546.52
7772.59,-46.55999999999949,21257.502
7772.6,-46.54999999999927,21401.973
7772.61,-46.539999999999964,21546.52
7772.62,-46.529999999999745,21450.146
7772.63,-46.51999999999953,21498.33
7772.64,-46.50999999999931,21498.33
7772.65,-46.5,21546.52
7772.66,-46.48999999999978,21401.973
7772.67,-46.47999999999956,21450.146
7772.68,-46.469999999999345,21353.809
7772.69,-46.460000000000036,21450.146
7772.7,-46.44999999999982,21353.809
7772.71,-46.4399999999996,21498.33
7772.72,-46.42999999999938,21450.146
7772.73,-46.42000000000007,21739.359
7772.74,-46.409999999999854,21642.924
7772.75,-46.399999999999636,21353.809
7772.76,-46.38999999999942,21498.33
7772.77,-46.3799999999992,21450.146
7772.78,-46.36999999999989,21305.65
7772.79,-46.35999999999967,21594.717
7772.8,-46.349999999999454,21305.65
7772.81,-46.339999999999236,21353.809
7772.82,-46.32999999999993,21450.146
7772.83,-46.31999999999971,21450.146
7772.84,-46.30999999999949,21353.809
7772.85,-46.29999999999927,21594.717
7772.86,-46.289999999999964,21498.33
7772.87,-46.279999999999745,21642.924
7772.88,-46.26999999999953,21594.717
7772.89,-46.25999999999931,21450.146
7772.9,-46.25,21401.973
7772.91,-46.23999999999978,21642.924
7772.92,-46.22999999999956,21305.65
7772.93,-46.219999999999345,21401.973
7772.94,-46.210000000000036,21498.33
7772.95,-46.19999999999982,21691.139
7772.96,-46.1899999999996,21401.973
7772.97,-46.17999999999938,21498.33
7772.98,-46.17000000000007,21353.809
7772.99,-46.159999999999854,21401.973
7773.0,-46.149999999999636,21353.809
7773.01,-46.13999999999942,21353.809
7773.02,-46.1299999999992,21546.52
7773.03,-46.11999999999989,21305.65
7773.04,-46.10999999999967,21450.146
7773.05,-46.099999999999454,21305.65
7773.06,-46.089999999999236,21498.33
7773.07,-46.07999999999993,21450.146
7773.08,-46.06999999999971,21498.33
7773.09,-46.05999999999949,21498.33
7773.1,-46.04999999999927,21498.33
7773.11,-46.039999999999964,21401.973
7773.12,-46.029999999999745,21353.809
7773.13,-46.01999999999953,21353.809
7773.14,-46.00999999999931,21450.146
7773.15,-46.0,21353.809
7773.16,-45.98999999999978,21401.973
7773.17,-45.97999999999956,21450.146
7773.18,-45.969999999999345,21450.146
7773.19,-45.960000000000036,21691.139
7773.2,-45.94999999999982,21546.52
7773.21,-45.9399999999996,21594.717
7773.22,-45.92999999999938,21450.146
7773.23,-45.92000000000007,21642.924
7773.24,-45.909999999999854,21353.809
7773.25,-45.899999999999636,21401.973
7773.26,-45.88999999999942,21305.65
7773.27,-45.8799999999992,21450.146
7773.28,-45.86999999999989,21594.717
7773.29,-45.85999999999967,21498.33
7773.3,-45.849999999999454,21546.52
7773.31,-45.839999999999236,21498.33
7773.32,-45.82999999999993,21305.65
7773.33,-45.81999999999971,21498.33
7773.34,-45.80999999999949,21450.146
7773.35,-45.79999999999927,21305.65
7773.36,-45.789999999999964,21594.717
7773.37,-45.779999999999745,21257.502
7773.38,-45.76999999999953,21450.146
7773.39,-45.75999999999931,21498.33
7773.4,-45.75,21498.33
7773.41,-45.73999999999978,21450.146
7773.42,-45.72999999999956,21257.502
7773.43,-45.719999999999345,21498.33
7773.44,-45.710000000000036,21594.717
7773.45,-45.69999999999982,21498.33
7773.46,-45.6899999999996,21450.146
7773.47,-45.67999999999938,21498.33
7773.48,-45.67000000000007,21642.924
7773.49,-45.659999999999854,21450.146
7773.5,-45.649999999999636,21401.973
7773.51,-45.63999999999942,21642.924
7773.52,-45.6299999999992,21787.59
7773.53,-45.61999999999989,21498.33
7773.54,-45.60999999999967,21498.33
7773.55,-45.599999999999454,21257.502
7773.56,-45.589999999999236,21642.924
7773.57,-45.57999999999993,21546.52
7773.58,-45.56999999999971,21401.973
7773.59,-45.55999999999949,21594.717
7773.6,-45.54999999999927,21401.973
7773.61,-45.539999999999964,21450.146
7773.62,-45.529999999999745,21498.33
7773.63,-45.51999999999953,21353.809
7773.64,-45.50999999999931,21257.502
7773.65,-45.5,21305.65
7773.66,-45.48999999999978,21498.33
7773.67,-45.47999999999956,21450.146
7773.68,-45.469999999999345,21401.973
7773.69,-45.460000000000036,21401.973
7773.7,-45.44999999999982,21498.33
7773.71,-45.4399999999996,21450.146
7773.72,-45.42999999999938,21401.973
7773.73,-45.42000000000007,21594.717
7773.74,-45.409999999999854,21546.52
7773.75,-45.399999999999636,21594.717
7773.76,-45.38999999999942,21498.33
7773.77,-45.3799999999992,21401.973
7773.78,-45.36999999999989,21450.146
7773.79,-45.35999999999967,21209.359
7773.8,-45.349999999999454,21401.973
7773.81,-45.339999999999236,21353.809
7773.82,-45.32999999999993,21450.146
7773.83,-45.31999999999971,21642.924
7773.84,-45.30999999999949,21353.809
7773.85,-45.29999999999927,21498.33
7773.86,-45.289999999999964,21546.52
7773.87,-45.279999999999745,21498.33
7773.88,-45.26999999999953,21353.809
7773.89,-45.25999999999931,21498.33
7773.9,-45.25,21498.33
7773.91,-45.23999999999978,21642.924
7773.92,-45.22999999999956,21594.717
7773.93,-45.219999999999345,21353.809
7773.94,-45.210000000000036,21498.33
7773.95,-45.19999999999982,21450.146
7773.96,-45.1899999999996,21353.809
7773.97,-45.17999999999938,21450.146
7773.98,-45.17000000000007,21594.717
7773.99,-45.159999999999854,21594.717
7774.0,-45.149999999999636,21353.809
7774.01,-45.13999999999942,21353.809
7774.02,-45.1299999999992,21691.139
7774.03,-45.11999999999989,21401.973
7774.04,-45.10999999999967,21498.33
7774.05,-45.099999999999454,21450.146
7774.06,-45.089999999999236,21594.717
7774.07,-45.07999999999993,21450.146
7774.08,-45.06999999999971,21257.502
7774.09,-45.05999999999949,21353.809
7774.1,-45.04999999999927,21498.33
7774.11,-45.039999999999964,21546.52
7774.12,-45.029999999999745,21401.973
7774.13,-45.01999999999953,21401.973
7774.14,-45.00999999999931,21305.65
7774.15,-45.0,21401.973
7774.16,-44.98999999999978,21401.973
7774.17,-44.97999999999956,21305.65
7774.18,-44.969999999999345,21401.973
7774.19,-44.960000000000036,21401.973
7774.2,-44.94999999999982,21450.146
7774.21,-44.9399999999996,21498.33
7774.22,-44.92999999999938,21642.924
7774.23,-44.92000000000007,21498.33
7774.24,-44.909999999999854,21546.52
7774.25,-44.899999999999636,21401.973
7774.26,-44.88999999999942,21401.973
7774.27,-44.8799999999992,21594.717
7774.28,-44.86999999999989,21642.924
7774.29,-44.85999999999967,21594.717
7774.3,-44.849999999999454,21161.227
7774.31,-44.839999999999236,21401.973
7774.32,-44.82999999999993,21401.973
7774.33,-44.81999999999971,21305.65
7774.34,-44.80999999999949,21401.973
7774.35,-44.79999999999927,21546.52
7774.36,-44.789999999999964,21450.146
7774.37,-44.779999999999745,21353.809
7774.38,-44.76999999999953,21594.717
7774.39,-44.75999999999931,21594.717
7774.4,-44.75,21450.146
7774.41,-44.73999999999978,21498.33
7774.42,-44.72999999999956,21353.809
7774.43,-44.719999999999345,21546.52
7774.44,-44.710000000000036,21305.65
7774.45,-44.69999999999982,21594.717
7774.46,-44.6899999999996,21450.146
7774.47,-44.67999999999938,21353.809
7774.48,-44.67000000000007,21498.33
7774.49,-44.659999999999854,21401.973
7774.5,-44.649999999999636,21546.52
7774.51,-44.63999999999942,21401.973
7774.52,-44.6299999999992,21353.809
7774.53,-44.61999999999989,21546.52
7774.54,-44.60999999999967,21546.52
7774.55,-44.599999999999454,21787.59
7774.56,-44.589999999999236,21691.139
7774.57,-44.57999999999993,21594.717
7774.58,-44.56999999999971,21546.52
7774.59,-44.55999999999949,21353.809
7774.6,-44.54999999999927,21450.146
7774.61,-44.539999999999964,21498.33
7774.62,-44.529999999999745,21353.809
7774.63,-44.51999999999953,21401.973
7774.64,-44.50999999999931,21353.809
7774.65,-44.5,21594.717
7774.66,-44.48999999999978,21594.717
7774.67,-44.47999999999956,21257.502
7774.68,-44.469999999999345,21546.52
7774.69,-44.460000000000036,21546.52
7774.7,-44.44999999999982,21546.52
7774.71,-44.4399999999996,21450.146
7774.72,-44.42999999999938,21498.33
7774.73,-44.42000000000007,21546.52
7774.74,-44.409999999999854,21401.973
7774.75,-44.399999999999636,21450.146
7774.76,-44.38999999999942,21353.809
7774.77,-44.3799999999992,21498.33
7774.78,-44.36999999999989,21353.809
7774.79,-44.35999999999967,21353.809
7774.8,-44.349999999999454,21305.65
7774.81,-44.339999999999236,21353.809
7774.82,-44.32999999999993,21353.809
7774.83,-44.31999999999971,21401.973
7774.84,-44.30999999999949,21450.146
7774.85,-44.29999999999927,21353.809
7774.86,-44.289999999999964,21305.65
7774.87,-44.279999999999745,21401.973
7774.88,-44.26999999999953,21546.52
7774.89,-44.25999999999931,21353.809
7774.9,-44.25,21401.973
7774.91,-44.23999999999978,21546.52
7774.92,-44.22999999999956,21353.809
7774.93,-44.219999999999345,21594.717
7774.94,-44.210000000000036,21546.52
7774.95,-44.19999999999982,21305.65
7774.96,-44.1899999999996,21305.65
7774.97,-44.17999999999938,21401.973
7774.98,-44.17000000000007,21594.717
7774.99,-44.159999999999854,21498.33
7775.0,-44.149999999999636,21594.717
7775.01,-44.13999999999942,21546.52
7775.02,-44.1299999999992,21450.146
7775.03,-44.11999999999989,21401.973
7775.04,-44.10999999999967,21546.52
7775.05,-44.099999999999454,21498.33
7775.06,-44.089999999999236,21546.52
7775.07,-44.07999999999993,21450.146
7775.08,-44.06999999999971,21546.52
7775.09,-44.05999999999949,21498.33
7775.1,-44.04999999999927,21594.717
7775.11,-44.039999999999964,21594.717
7775.12,-44.029999999999745,21787.59
7775.13,-44.01999999999953,21546.52
7775.14,-44.00999999999931,21401.973
7775.15,-44.0,21450.146
7775.16,-43.98999999999978,21594.717
7775.17,-43.97999999999956,21401.973
7775.18,-43.969999999999345,21450.146
7775.19,-43.960000000000036,21498.33
7775.2,-43.94999999999982,21546.52
7775.21,-43.9399999999996,21305.65
7775.22,-43.92999999999938,21594.717
7775.23,-43.92000000000007,21450.146
7775.24,-43.909999999999854,21498.33
7775.25,-43.899999999999636,21401.973
7775.26,-43.88999999999942,21498.33
7775.27,-43.8799999999992,21401.973
7775.28,-43.86999999999989,21450.146
7775.29,-43.85999999999967,21498.33
7775.3,-43.849999999999454,21401.973
7775.31,-43.839999999999236,21401.973
7775.32,-43.82999999999993,21498.33
7775.33,-43.81999999999971,21353.809
7775.34,-43.80999999999949,21305.65
7775.35,-43.79999999999927,21161.227
7775.36,-43.789999999999964,21498.33
7775.37,-43.779999999999745,21450.146
7775.38,-43.76999999999953,21305.65
7775.39,-43.75999999999931,21353.809
7775.4,-43.75,21498.33
7775.41,-43.73999999999978,21450.146
7775.42,-43.72999999999956,21450.146
7775.43,-43.719999999999345,21401.973
7775.44,-43.710000000000036,21594.717
7775.45,-43.69999999999982,21401.973
7775.46,-43.6899999999996,21161.227
7775.47,-43.67999999999938,21546.52
7775.48,-43.67000000000007,21450.146
7775.49,-43.659999999999854,21401.973
7775.5,-43.649999999999636,21594.717
7775.51,-43.63999999999942,21498.33
7775.52,-43.6299999999992,21353.809
7775.53,-43.61999999999989,21257.502
7775.54,-43.60999999999967,21401.973
7775.55,-43.599999999999454,21594.717
7775.56,-43.589999999999236,21401.973
7775.57,-43.57999999999993,21401.973
7775.58,-43.56999999999971,21305.65
7775.59,-43.55999999999949,21450.146
7775.6,-43.54999999999927,21305.65
7775.61,-43.539999999999964,21401.973
7775.62,-43.529999999999745,21305.65
7775.63,-43.51999999999953,21498.33
7775.64,-43.50999999999931,21305.65
7775.65,-43.5,21546.52
7775.66,-43.48999999999978,21498.33
7775.67,-43.47999999999956,21498.33
7775.68,-43.469999999999345,21401.973
7775.69,-43.460000000000036,21642.924
7775.7,-43.44999999999982,21498.33
7775.71,-43.4399999999996,21353.809
7775.72,-43.42999999999938,21450.146
7775.73,-43.42000000000007,21450.146
7775.74,-43.409999999999854,21594.717
7775.75,-43.399999999999636,21594.717
7775.76,-43.38999999999942,21401.973
7775.77,-43.3799999999992,21498.33
7775.78,-43.36999999999989,21594.717
7775.79,-43.35999999999967,21401.973
7775.8,-43.349999999999454,21257.502
7775.81,-43.339999999999236,21546.52
7775.82,-43.32999999999993,21498.33
7775.83,-43.31999999999971,21257.502
7775.84,-43.30999999999949,21642.924
7775.85,-43.29999999999927,21401.973
7775.86,-43.289999999999964,21498.33
7775.87,-43.279999999999745,21450.146
7775.88,-43.26999999999953,21305.65
7775.89,-43.25999999999931,21498.33
7775.9,-43.25,21594.717
7775.91,-43.23999999999978,21594.717
7775.92,-43.22999999999956,21353.809
7775.93,-43.219999999999345,21546.52
7775.94,-43.210000000000036,21498.33
7775.95,-43.19999999999982,21594.717
7775.96,-43.1899999999996,21305.65
7775.97,-43.17999999999938,21546.52
7775.98,-43.17000000000007,21546.52
7775.99,-43.159999999999854,21498.33
7776.0,-43.149999999999636,21353.809
7776.01,-43.13999999999942,21353.809
7776.02,-43.1299999999992,21450.146
7776.03,-43.11999999999989,21546.52
7776.04,-43.10999999999967,21401.973
7776.05,-43.099999999999454,21353.809
7776.06,-43.089999999999236,21353.809
7776.07,-43.07999999999993,21257.502
7776.08,-43.06999999999971,21353.809
7776.09,-43.05999999999949,21401.973
7776.1,-43.04999999999927,21594.717
7776.11,-43.039999999999964,21401.973
7776.12,-43.029999999999745,21401.973
7776.13,-43.01999999999953,21498.33
7776.14,-43.00999999999931,21257.502
7776.15,-43.0,21450.146
7776.16,-42.98999999999978,21353.809
7776.17,-42.97999999999956,21401.973
7776.18,-42.969999999999345,21401.973
7776.19,-42.960000000000036,21450.146
7776.2,-42.94999999999982,21498.33
7776.21,-42.9399999999996,21401.973
7776.22,-42.92999999999938,21401.973
7776.23,-42.92000000000007,21450.146
7776.24,-42.909999999999854,21353.809
7776.25,-42.899999999999636,21257.502
7776.26,-42.88999999999942,21257.502
7776.27,-42.8799999999992,21209.359
7776.28,-42.86999999999989,21450.146
7776.29,-42.85999999999967,21257.502
7776.3,-42.849999999999454,21257.502
7776.31,-42.839999999999236,21401.973
7776.32,-42.82999999999993,21401.973
7776.33,-42.81999999999971,21161.227
7776.34,-42.80999999999949,21401.973
7776.35,-42.79999999999927,21305.65
7776.36,-42.789999999999964,21498.33
7776.37,-42.779999999999745,21401.973
7776.38,-42.76999999999953,21305.65
7776.39,-42.75999999999931,21498.33
7776.4,-42.75,21353.809
7776.41,-42.73999999999978,21353.809
7776.42,-42.72999999999956,21401.973
7776.43,-42.719999999999345,21257.502
7776.44,-42.710000000000036,21594.717
7776.45,-42.69999999999982,21546.52
7776.46,-42.6899999999996,21353.809
7776.47,-42.67999999999938,21546.52
7776.48,-42.67000000000007,21401.973
7776.49,-42.659999999999854,21642.924
7776.5,-42.649999999999636,21594.717
7776.51,-42.63999999999942,21594.717
7776.52,-42.6299999999992,21546.52
7776.53,-42.61999999999989,21450.146
7776.54,-42.60999999999967,21594.717
7776.55,-42.599999999999454,21642.924
7776.56,-42.589999999999236,21546.52
7776.57,-42.57999999999993,21498.33
7776.58,-42.56999999999971,21594.717
7776.59,-42.55999999999949,21594.717
7776.6,-42.54999999999927,21353.809
7776.61,-42.539999999999964,21450.146
7776.62,-42.529999999999745,21353.809
7776.63,-42.51999999999953,21450.146
7776.64,-42.50999999999931,21546.52
7776.65,-42.5,21498.33
7776.66,-42.48999999999978,21450.146
7776.67,-42.47999999999956,21546.52
7776.68,-42.469999999999345,21498.33
7776.69,-42.460000000000036,21305.65
7776.7,-42.44999999999982,21401.973
7776.71,-42.4399999999996,21353.809
7776.72,-42.42999999999938,21257.502
7776.73,-42.42000000000007,21498.33
7776.74,-42.409999999999854,21257.502
7776.75,-42.399999999999636,21401.973
7776.76,-42.38999999999942,21450.146
7776.77,-42.3799999999992,21305.65
7776.78,-42.36999999999989,21739.359
7776.79,-42.35999999999967,21498.33
7776.8,-42.349999999999454,21353.809
7776.81,-42.339999999999236,21594.717
7776.82,-42.32999999999993,21498.33
7776.83,-42.31999999999971,21305.65
7776.84,-42.30999999999949,21642.924
7776.85,-42.29999999999927,21498.33
7776.86,-42.289999999999964,21691.139
7776.87,-42.279999999999745,21498.33
7776.88,-42.26999999999953,21594.717
7776.89,-42.25999999999931,21691.139
7776.9,-42.25,21450.146
7776.91,-42.23999999999978,21594.717
7776.92,-42.22999999999956,21594.717
7776.93,-42.219999999999345,21450.146
7776.94,-42.210000000000036,21498.33
7776.95,-42.19999999999982,21546.52
7776.96,-42.1899999999996,21546.52
7776.97,-42.17999999999938,21691.139
7776.98,-42.17000000000007,21498.33
7776.99,-42.159999999999854,21498.33
7777.0,-42.149999999999636,21401.973
7777.01,-42.13999999999942,21546.52
7777.02,-42.1299999999992,21450.146
7777.03,-42.11999999999989,21401.973
7777.04,-42.10999999999967,21594.717
7777.05,-42.099999999999454,21546.52
7777.06,-42.089999999999236,21401.973
7777.07,-42.07999999999993,21450.146
7777.08,-42.06999999999971,21401.973
7777.09,-42.05999999999949,21401.973
7777.1,-42.04999999999927,21546.52
7777.11,-42.039999999999964,21498.33
7777.12,-42.029999999999745,21401.973
7777.13,-42.01999999999953,21401.973
7777.14,-42.00999999999931,21498.33
7777.15,-42.0,21546.52
7777.16,-41.98999999999978,21353.809
7777.17,-41.97999999999956,21546.52
7777.18,-41.969999999999345,21739.359
7777.19,-41.960000000000036,21546.52
7777.2,-41.94999999999982,21546.52
7777.21,-41.9399999999996,21450.146
7777.22,-41.92999999999938,21498.33
7777.23,-41.92000000000007,21546.52
7777.24,-41.909999999999854,21642.924
7777.25,-41.899999999999636,21450.146
7777.26,-41.88999999999942,21305.65
7777.27,-41.8799999999992,21594.717
7777.28,-41.86999999999989,21787.59
7777.29,-41.85999999999967,21450.146
7777.3,-41.849999999999454,21401.973
7777.31,-41.839999999999236,21401.973
7777.32,-41.82999999999993,21353.809
7777.33,-41.81999999999971,21594.717
7777.34,-41.80999999999949,21401.973
7777.35,-41.79999999999927,21401.973
7777.36,-41.789999999999964,21546.52
7777.37,-41.779999999999745,21257.502
7777.38,-41.76999999999953,21401.973
7777.39,-41.75999999999931,21353.809
7777.4,-41.75,21450.146
7777.41,-41.73999999999978,21594.717
7777.42,-41.72999999999956,21353.809
7777.43,-41.719999999999345,21401.973
7777.44,-41.710000000000036,21450.146
7777.45,-41.69999999999982,21594.717
7777.46,-41.6899999999996,21353.809
7777.47,-41.67999999999938,21546.52
7777.48,-41.67000000000007,21691.139
7777.49,-41.659999999999854,21594.717
7777.5,-41.649999999999636,21353.809
7777.51,-41.63999999999942,21450.146
7777.52,-41.6299999999992,21594.717
7777.53,-41.61999999999989,21546.52
7777.54,-41.60999999999967,21594.717
7777.55,-41.599999999999454,21353.809
7777.56,-41.589999999999236,21594.717
7777.57,-41.57999999999993,21401.973
7777.58,-41.56999999999971,21498.33
7777.59,-41.55999999999949,21353.809
7777.6,-41.54999999999927,21546.52
7777.61,-41.539999999999964,21594.717
7777.62,-41.529999999999745,21594.717
7777.63,-41.51999999999953,21353.809
7777.64,-41.50999999999931,21691.139
7777.65,-41.5,21546.52
7777.66,-41.48999999999978,21594.717
7777.67,-41.47999999999956,21642.924
7777.68,-41.469999999999345,21450.146
7777.69,-41.460000000000036,21450.146
7777.7,-41.44999999999982,21401.973
7777.71,-41.4399999999996,21450.146
7777.72,-41.42999999999938,21642.924
7777.73,-41.42000000000007,21450.146
7777.74,-41.409999999999854,21498.33
7777.75,-41.399999999999636,21498.33
7777.76,-41.38999999999942,21353.809
7777.77,-41.3799999999992,21353.809
7777.78,-41.36999999999989,21594.717
7777.79,-41.35999999999967,21353.809
7777.8,-41.349999999999454,21498.33
7777.81,-41.339999999999236,21642.924
7777.82,-41.32999999999993,21594.717
7777.83,-41.31999999999971,21257.502
7777.84,-41.30999999999949,21257.502
7777.85,-41.29999999999927,21401.973
7777.86,-41.289999999999964,21498.33
7777.87,-41.279999999999745,21546.52
7777.88,-41.26999999999953,21594.717
7777.89,-41.25999999999931,21305.65
7777.9,-41.25,21498.33
7777.91,-41.23999999999978,21546.52
7777.92,-41.22999999999956,21450.146
7777.93,-41.219999999999345,21546.52
7777.94,-41.210000000000036,21691.139
7777.95,-41.19999999999982,21546.52
7777.96,-41.1899999999996,21739.359
7777.97,-41.17999999999938,21353.809
7777.98,-41.17000000000007,21401.973
7777.99,-41.159999999999854,21401.973
7778.0,-41.149999999999636,21546.52
7778.01,-41.13999999999942,21257.502
7778.02,-41.1299999999992,21594.717
7778.03,-41.11999999999989,21353.809
7778.04,-41.10999999999967,21498.33
7778.05,-41.099999999999454,21594.717
7778.06,-41.089999999999236,21498.33
7778.07,-41.07999999999993,21642.924
7778.08,-41.06999999999971,21401.973
7778.09,-41.05999999999949,21546.52
7778.1,-41.04999999999927,21450.146
7778.11,-41.039999999999964,21594.717
7778.12,-41.029999999999745,21642.924
7778.13,-41.01999999999953,21498.33
7778.14,-41.00999999999931,21546.52
7778.15,-41.0,21353.809
7778.16,-40.98999999999978,21498.33
7778.17,-40.97999999999956,21353.809
7778.18,-40.969999999999345,21401.973
7778.19,-40.960000000000036,21305.65
7778.2,-40.94999999999982,21450.146
7778.21,-40.9399999999996,21401.973
7778.22,-40.92999999999938,21353.809
7778.23,-40.92000000000007,21642.924
7778.24,-40.909999999999854,21642.924
7778.25,-40.899999999999636,21546.52
7778.26,-40.88999999999942,21498.33
7778.27,-40.8799999999992,21594.717
7778.28,-40.86999999999989,21546.52
7778.29,-40.85999999999967,21498.33
7778.3,-40.849999999999454,21498.33
7778.31,-40.839999999999236,21546.52
7778.32,-40.82999999999993,21642.924
7778.33,-40.81999999999971,21546.52
7778.34,-40.80999999999949,21450.146
7778.35,-40.79999999999927,21401.973
7778.36,-40.789999999999964,21642.924
7778.37,-40.779999999999745,21787.59
7778.38,-40.76999999999953,21594.717
7778.39,-40.75999999999931,21353.809
7778.4,-40.75,21401.973
7778.41,-40.73999999999978,21401.973
7778.42,-40.72999999999956,21642.924
7778.43,-40.719999999999345,21498.33
7778.44,-40.710000000000036,21546.52
7778.45,-40.69999999999982,21498.33
7778.46,-40.6899999999996,21450.146
7778.47,-40.67999999999938,21594.717
7778.48,-40.67000000000007,21594.717
7778.49,-40.659999999999854,21450.146
7778.5,-40.649999999999636,21450.146
7778.51,-40.63999999999942,21546.52
7778.52,-40.6299999999992,21450.146
7778.53,-40.61999999999989,21498.33
7778.54,-40.60999999999967,21257.502
7778.55,-40.599999999999454,21401.973
7778.56,-40.589999999999236,21546.52
7778.57,-40.57999999999993,21401.973
7778.58,-40.56999999999971,21691.139
7778.59,-40.55999999999949,21401.973
7778.6,-40.54999999999927,21642.924
7778.61,-40.539999999999964,21594.717
7778.62,-40.529999999999745,21401.973
7778.63,-40.51999999999953,21498.33
7778.64,-40.50999999999931,21691.139
7778.65,-40.5,21498.33
7778.66,-40.48999999999978,21691.139
7778.67,-40.47999999999956,21498.33
7778.68,-40.469999999999345,21401.973
7778.69,-40.460000000000036,21401.973
7778.7,-40.44999999999982,21546.52
7778.71,-40.4399999999996,21401.973
7778.72,-40.42999999999938,21305.65
7778.73,-40.42000000000007,21546.52
7778.74,-40.409999999999854,21739.359
7778.75,-40.399999999999636,21498.33
7778.76,-40.38999999999942,21401.973
7778.77,-40.3799999999992,21450.146
7778.78,-40.36999999999989,21401.973
7778.79,-40.35999999999967,21401.973
7778.8,-40.349999999999454,21401.973
7778.81,-40.339999999999236,21691.139
7778.82,-40.32999999999993,21594.717
7778.83,-40.31999999999971,21594.717
7778.84,-40.30999999999949,21401.973
7778.85,-40.29999999999927,21594.717
7778.86,-40.289999999999964,21546.52
7778.87,-40.279999999999745,21787.59
7778.88,-40.26999999999953,21498.33
7778.89,-40.25999999999931,21546.52
7778.9,-40.25,21498.33
7778.91,-40.23999999999978,21594.717
7778.92,-40.22999999999956,21401.973
7778.93,-40.219999999999345,21450.146
7778.94,-40.210000000000036,21546.52
7778.95,-40.19999999999982,21546.52
7778.96,-40.1899999999996,21594.717
7778.97,-40.17999999999938,21450.146
7778.98,-40.17000000000007,21546.52
7778.99,-40.159999999999854,21594.717
7779.0,-40.149999999999636,21450.146
7779.01,-40.13999999999942,21498.33
7779.02,-40.1299999999992,21546.52
7779.03,-40.11999999999989,21546.52
7779.04,-40.10999999999967,21546.52
7779.05,-40.099999999999454,21546.52
7779.06,-40.089999999999236,21642.924
7779.07,-40.07999999999993,21546.52
7779.08,-40.06999999999971,21401.973
7779.09,-40.05999999999949,21450.146
7779.1,-40.04999999999927,21642.924
7779.11,-40.039999999999964,21642.924
7779.12,-40.029999999999745,21594.717
7779.13,-40.01999999999953,21353.809
7779.14,-40.00999999999931,21450.146
7779.15,-40.0,21594.717
7779.16,-39.98999999999978,21353.809
7779.17,-39.97999999999956,21594.717
7779.18,-39.969999999999345,21546.52
7779.19,-39.960000000000036,21691.139
7779.2,-39.94999999999982,21594.717
7779.21,-39.9399999999996,21546.52
7779.22,-39.92999999999938,21498.33
7779.23,-39.92000000000007,21450.146
7779.24,-39.909999999999854,21546.52
7779.25,-39.899999999999636,21450.146
7779.26,-39.88999999999942,21353.809
7779.27,-39.8799999999992,21546.52
7779.28,-39.86999999999989,21498.33
7779.29,-39.85999999999967,21353.809
7779.3,-39.849999999999454,21450.146
7779.31,-39.839999999999236,21691.139
7779.32,-39.82999999999993,21450.146
7779.33,-39.81999999999971,21594.717
7779.34,-39.80999999999949,21353.809
7779.35,-39.79999999999927,21498.33
7779.36,-39.789999999999964,21498.33
7779.37,-39.779999999999745,21546.52
7779.38,-39.76999999999953,21546.52
7779.39,-39.75999999999931,21353.809
7779.4,-39.75,21594.717
7779.41,-39.73999999999978,21353.809
7779.42,-39.72999999999956,21401.973
7779.43,-39.719999999999345,21594.717
7779.44,-39.710000000000036,21498.33
7779.45,-39.69999999999982,21594.717
7779.46,-39.6899999999996,21594.717
7779.47,-39.67999999999938,21353.809
7779.48,-39.67000000000007,21546.52
7779.49,-39.659999999999854,21353.809
7779.5,-39.649999999999636,21498.33
7779.51,-39.63999999999942,21546.52
7779.52,-39.6299999999992,21401.973
7779.53,-39.61999999999989,21546.52
7779.54,-39.60999999999967,21498.33
7779.55,-39.599999999999454,21401.973
7779.56,-39.589999999999236,21642.924
7779.57,-39.57999999999993,21401.973
7779.58,-39.56999999999971,21691.139
7779.59,-39.55999999999949,21353.809
7779.6,-39.54999999999927,21594.717
7779.61,-39.539999999999964,21642.924
7779.62,-39.529999999999745,21401.973
7779.63,-39.51999999999953,21498.33
7779.64,-39.50999999999931,21450.146
7779.65,-39.5,21546.52
7779.66,-39.48999999999978,21450.146
7779.67,-39.47999999999956,21546.52
7779.68,-39.469999999999345,21546.52
7779.69,-39.460000000000036,21450.146
7779.7,-39.44999999999982,21450.146
7779.71,-39.4399999999996,21450.146
7779.72,-39.42999999999938,21546.52
7779.73,-39.42000000000007,21450.146
7779.74,-39.409999999999854,21594.717
7779.75,-39.399999999999636,21594.717
7779.76,-39.38999999999942,21642.924
7779.77,-39.3799999999992,21642.924
7779.78,-39.36999999999989,21498.33
7779.79,-39.35999999999967,21546.52
7779.8,-39.349999999999454,21353.809
7779.81,-39.339999999999236,21546.52
7779.82,-39.32999999999993,21498.33
7779.83,-39.31999999999971,21257.502
7779.84,-39.30999999999949,21594.717
7779.85,-39.29999999999927,21594.717
7779.86,-39.289999999999964,21546.52
7779.87,-39.279999999999745,21498.33
7779.88,-39.26999999999953,21498.33
7779.89,-39.25999999999931,21305.65
7779.9,-39.25,21642.924
7779.91,-39.23999999999978,21498.33
7779.92,-39.22999999999956,21546.52
7779.93,-39.219999999999345,21450.146
7779.94,-39.210000000000036,21642.924
7779.95,-39.19999999999982,21450.146
7779.96,-39.1899999999996,21498.33
7779.97,-39.17999999999938,21353.809
7779.98,-39.17000000000007,21353.809
7779.99,-39.159999999999854,21353.809
7780.0,-39.149999999999636,21546.52
7780.01,-39.13999999999942,21401.973
7780.02,-39.1299999999992,21450.146
7780.03,-39.11999999999989,21594.717
7780.04,-39.10999999999967,21353.809
7780.05,-39.099999999999454,21546.52
7780.06,-39.089999999999236,21546.52
7780.07,-39.07999999999993,21498.33
7780.08,-39.06999999999971,21498.33
7780.09,-39.05999999999949,21642.924
7780.1,-39.04999999999927,21546.52
7780.11,-39.039999999999964,21642.924
7780.12,-39.029999999999745,21498.33
7780.13,-39.01999999999953,21450.146
7780.14,-39.00999999999931,21498.33
7780.15,-39.0,21498.33
7780.16,-38.98999999999978,21546.52
7780.17,-38.97999999999956,21401.973
7780.18,-38.969999999999345,21401.973
7780.19,-38.960000000000036,21546.52
7780.2,-38.94999999999982,21787.59
7780.21,-38.9399999999996,21498.33
7780.22,-38.92999999999938,21401.973
7780.23,-38.92000000000007,21498.33
7780.24,-38.909999999999854,21546.52
7780.25,-38.899999999999636,21546.52
7780.26,-38.88999999999942,21594.717
7780.27,-38.8799999999992,21546.52
7780.28,-38.86999999999989,21546.52
7780.29,-38.85999999999967,21353.809
7780.3,-38.849999999999454,21450.146
7780.31,-38.839999999999236,21642.924
7780.32,-38.82999999999993,21642.924
7780.33,-38.81999999999971,21498.33
7780.34,-38.80999999999949,21546.52
7780.35,-38.79999999999927,21401.973
7780.36,-38.789999999999964,21546.52
7780.37,-38.779999999999745,21450.146
7780.38,-38.76999999999953,21546.52
7780.39,-38.75999999999931,21546.52
7780.4,-38.75,21353.809
7780.41,-38.73999999999978,21546.52
7780.42,-38.72999999999956,21594.717
7780.43,-38.719999999999345,21498.33
7780.44,-38.710000000000036,21884.076
7780.45,-38.69999999999982,21450.146
7780.46,-38.6899999999996,21353.809
7780.47,-38.67999999999938,21498.33
7780.48,-38.67000000000007,21450.146
7780.49,-38.659999999999854,21594.717
7780.5,-38.649999999999636,21401.973
7780.51,-38.63999999999942,21257.502
7780.52,-38.6299999999992,21353.809
7780.53,-38.61999999999989,21546.52
7780.54,-38.60999999999967,21401.973
7780.55,-38.599999999999454,21594.717
7780.56,-38.589999999999236,21498.33
7780.57,-38.57999999999993,21546.52
7780.58,-38.56999999999971,21546.52
7780.59,-38.55999999999949,21401.973
7780.6,-38.54999999999927,21401.973
7780.61,-38.539999999999964,21739.359
7780.62,-38.529999999999745,21546.52
7780.63,-38.51999999999953,21498.33
7780.64,-38.50999999999931,21546.52
7780.65,-38.5,21594.717
7780.66,-38.48999999999978,21305.65
7780.67,-38.47999999999956,21450.146
7780.68,-38.469999999999345,21450.146
7780.69,-38.460000000000036,21305.65
7780.7,-38.44999999999982,21498.33
7780.71,-38.4399999999996,21401.973
7780.72,-38.42999999999938,21546.52
7780.73,-38.42000000000007,21498.33
7780.74,-38.409999999999854,21498.33
7780.75,-38.399999999999636,21305.65
7780.76,-38.38999999999942,21401.973
7780.77,-38.3799999999992,21787.59
7780.78,-38.36999999999989,21498.33
7780.79,-38.35999999999967,21498.33
7780.8,-38.349999999999454,21401.973
7780.81,-38.339999999999236,21642.924
7780.82,-38.32999999999993,21546.52
7780.83,-38.31999999999971,21691.139
7780.84,-38.30999999999949,21498.33
7780.85,-38.29999999999927,21450.146
7780.86,-38.289999999999964,21401.973
7780.87,-38.279999999999745,21401.973
7780.88,-38.26999999999953,21353.809
7780.89,-38.25999999999931,21498.33
7780.9,-38.25,21594.717
7780.91,-38.23999999999978,21594.717
7780.92,-38.22999999999956,21498.33
7780.93,-38.219999999999345,21546.52
7780.94,-38.210000000000036,21546.52
7780.95,-38.19999999999982,21546.52
7780.96,-38.1899999999996,21498.33
7780.97,-38.17999999999938,21546.52
7780.98,-38.17000000000007,21401.973
7780.99,-38.159999999999854,21450.146
7781.0,-38.149999999999636,21642.924
7781.01,-38.13999999999942,21546.52
7781.02,-38.1299999999992,21401.973
7781.03,-38.11999999999989,21594.717
7781.04,-38.10999999999967,21498.33
7781.05,-38.099999999999454,21594.717
7781.06,-38.089999999999236,21835.83
7781.07,-38.07999999999993,21546.52
7781.08,-38.06999999999971,21546.52
7781.09,-38.05999999999949,21642.924
7781.1,-38.04999999999927,21594.717
7781.11,-38.039999999999964,21450.146
7781.12,-38.029999999999745,21787.59
7781.13,-38.01999999999953,21691.139
7781.14,-38.00999999999931,21594.717
7781.15,-38.0,21787.59
7781.16,-37.98999999999978,21353.809
7781.17,-37.97999999999956,21594.717
7781.18,-37.969999999999345,21546.52
7781.19,-37.960000000000036,21498.33
7781.2,-37.94999999999982,21594.717
7781.21,-37.9399999999996,21546.52
7781.22,-37.92999999999938,21498.33
7781.23,-37.92000000000007,21642.924
7781.24,-37.909999999999854,21594.717
7781.25,-37.899999999999636,21353.809
7781.26,-37.88999999999942,21498.33
7781.27,-37.8799999999992,21450.146
7781.28,-37.86999999999989,21353.809
7781.29,-37.85999999999967,21450.146
7781.3,-37.849999999999454,21450.146
7781.31,-37.839999999999236,21642.924
7781.32,-37.82999999999993,21594.717
7781.33,-37.81999999999971,21353.809
7781.34,-37.80999999999949,21498.33
7781.35,-37.79999999999927,21691.139
7781.36,-37.789999999999964,21546.52
7781.37,-37.779999999999745,21498.33
7781.38,-37.76999999999953,21498.33
7781.39,-37.75999999999931,21401.973
7781.4,-37.75,21546.52
7781.41,-37.73999999999978,21642.924
7781.42,-37.72999999999956,21546.52
7781.43,-37.719999999999345,21546.52
7781.44,-37.710000000000036,21450.146
7781.45,-37.69999999999982,21498.33
7781.46,-37.6899999999996,21498.33
7781.47,-37.67999999999938,21498.33
7781.48,-37.67000000000007,21498.33
7781.49,-37.659999999999854,21498.33
7781.5,-37.649999999999636,21691.139
7781.51,-37.63999999999942,21546.52
7781.52,-37.6299999999992,21642.924
7781.53,-37.61999999999989,21546.52
7781.54,-37.60999999999967,21594.717
7781.55,-37.599999999999454,21498.33
7781.56,-37.589999999999236,21739.359
7781.57,-37.57999999999993,21498.33
7781.58,-37.56999999999971,21642.924
7781.59,-37.55999999999949,21450.146
7781.6,-37.54999999999927,21787.59
7781.61,-37.539999999999964,21642.924
7781.62,-37.529999999999745,21401.973
7781.63,-37.51999999999953,21401.973
7781.64,-37.50999999999931,21353.809
7781.65,-37.5,21257.502
7781.66,-37.48999999999978,21401.973
7781.67,-37.47999999999956,22318.664
7781.68,-37.469999999999345,23092.887
7781.69,-37.460000000000036,23723.475
7781.7,-37.44999999999982,23723.475
7781.71,-37.4399999999996,23869.189
7781.72,-37.42999999999938,23674.92
7781.73,-37.42000000000007,23869.189
7781.74,-37.409999999999854,23626.373
7781.75,-37.399999999999636,23626.373
7781.76,-37.38999999999942,23626.373
7781.77,-37.3799999999992,23480.779
7781.78,-37.36999999999989,23869.189
7781.79,-37.35999999999967,23577.832
7781.8,-37.349999999999454,23674.92
7781.81,-37.339999999999236,23820.611
7781.82,-37.32999999999993,23577.832
7781.83,-37.31999999999971,23772.039
7781.84,-37.30999999999949,23772.039
7781.85,-37.29999999999927,23723.475
7781.86,-37.289999999999964,23869.189
7781.87,-37.279999999999745,23674.92
7781.88,-37.26999999999953,23820.611
7781.89,-37.25999999999931,23869.189
7781.9,-37.25,23917.777
7781.91,-37.23999999999978,23529.301
7781.92,-37.22999999999956,23529.301
7781.93,-37.219999999999345,23480.779
7781.94,-37.210000000000036,23577.832
7781.95,-37.19999999999982,23529.301
7781.96,-37.1899999999996,23820.611
7781.97,-37.17999999999938,23577.832
7781.98,-37.17000000000007,23674.92
7781.99,-37.159999999999854,23529.301
7782.0,-37.149999999999636,23674.92
7782.01,-37.13999999999942,23723.475
7782.02,-37.1299999999992,23674.92
7782.03,-37.11999999999989,23869.189
7782.04,-37.10999999999967,23723.475
7782.05,-37.099999999999454,23820.611
7782.06,-37.089999999999236,23772.039
7782.07,-37.07999999999993,23772.039
7782.08,-37.06999999999971,23577.832
7782.09,-37.05999999999949,23480.779
7782.1,-37.04999999999927,23626.373
7782.11,-37.039999999999964,23674.92
7782.12,-37.029999999999745,23723.475
7782.13,-37.01999999999953,23577.832
7782.14,-37.00999999999931,23674.92
7782.15,-37.0,23723.475
7782.16,-36.98999999999978,23820.611
7782.17,-36.97999999999956,23626.373
7782.18,-36.969999999999345,23674.92
7782.19,-36.960000000000036,23820.611
7782.2,-36.94999999999982,23772.039
7782.21,-36.9399999999996,23869.189
7782.22,-36.92999999999938,23917.777
7782.23,-36.92000000000007,23772.039
7782.24,-36.909999999999854,23674.92
7782.25,-36.899999999999636,23529.301
7782.26,-36.88999999999942,23723.475
7782.27,-36.8799999999992,23480.779
7782.28,-36.86999999999989,23772.039
7782.29,-36.85999999999967,23820.611
7782.3,-36.849999999999454,23626.373
7782.31,-36.839999999999236,23723.475
7782.32,-36.82999999999993,23723.475
7782.33,-36.81999999999971,23869.189
7782.34,-36.80999999999949,23917.777
7782.35,-36.79999999999927,23674.92
7782.36,-36.789999999999964,23772.039
7782.37,-36.779999999999745,23966.375
7782.38,-36.76999999999953,23966.375
7782.39,-36.75999999999931,23820.611
7782.4,-36.75,23820.611
7782.41,-36.73999999999978,23869.189
7782.42,-36.72999999999956,23674.92
7782.43,-36.719999999999345,23626.373
7782.44,-36.710000000000036,23529.301
7782.45,-36.69999999999982,23820.611
7782.46,-36.6899999999996,23480.779
7782.47,-36.67999999999938,23626.373
7782.48,-36.67000000000007,23577.832
7782.49,-36.659999999999854,23674.92
7782.5,-36.649999999999636,23820.611
7782.51,-36.63999999999942,24014.979
7782.52,-36.6299999999992,24745.018
7782.53,-36.61999999999989,24940.002
7782.54,-36.60999999999967,24842.494
7782.55,-36.599999999999454,24745.018
7782.56,-36.589999999999236,24842.494
7782.57,-36.57999999999993,24793.752
7782.58,-36.56999999999971,24696.291
7782.59,-36.55999999999949,23577.832
7782.6,-36.54999999999927,22173.729
7782.61,-36.539999999999964,21787.59
7782.62,-36.529999999999745,21787.59
7782.63,-36.51999999999953,21642.924
7782.64,-36.50999999999931,21401.973
7782.65,-36.5,21642.924
7782.66,-36.48999999999978,21498.33
7782.67,-36.47999999999956,21787.59
7782.68,-36.469999999999345,21594.717
7782.69,-36.460000000000036,21787.59
7782.7,-36.44999999999982,21594.717
7782.71,-36.4399999999996,21498.33
7782.72,-36.42999999999938,21450.146
7782.73,-36.42000000000007,21642.924
7782.74,-36.409999999999854,21691.139
7782.75,-36.399999999999636,21353.809
7782.76,-36.38999999999942,21691.139
7782.77,-36.3799999999992,21546.52
7782.78,-36.36999999999989,21642.924
7782.79,-36.35999999999967,21642.924
7782.8,-36.349999999999454,21642.924
7782.81,-36.339999999999236,21546.52
7782.82,-36.32999999999993,21691.139
7782.83,-36.31999999999971,21353.809
7782.84,-36.30999999999949,21546.52
7782.85,-36.29999999999927,21498.33
7782.86,-36.289999999999964,21691.139
7782.87,-36.279999999999745,21787.59
7782.88,-36.26999999999953,21594.717
7782.89,-36.25999999999931,21594.717
7782.9,-36.25,21353.809
7782.91,-36.23999999999978,21642.924
7782.92,-36.22999999999956,21546.52
7782.93,-36.219999999999345,21401.973
7782.94,-36.210000000000036,21546.52
7782.95,-36.19999999999982,21691.139
7782.96,-36.1899999999996,21594.717
7782.97,-36.17999999999938,21594.717
7782.98,-36.17000000000007,21546.52
7782.99,-36.159999999999854,21739.359
7783.0,-36.149999999999636,21546.52
7783.01,-36.13999999999942,21498.33
7783.02,-36.1299999999992,21642.924
7783.03,-36.11999999999989,21642.924
7783.04,-36.10999999999967,21835.83
7783.05,-36.099999999999454,21546.52
7783.06,-36.089999999999236,21691.139
7783.07,-36.07999999999993,21594.717
7783.08,-36.06999999999971,21642.924
7783.09,-36.05999999999949,21594.717
7783.1,-36.04999999999927,21498.33
7783.11,-36.039999999999964,21642.924
7783.12,-36.029999999999745,21498.33
7783.13,-36.01999999999953,21353.809
7783.14,-36.00999999999931,21594.717
7783.15,-36.0,21546.52
7783.16,-35.98999999999978,21594.717
7783.17,-35.97999999999956,21546.52
7783.18,-35.969999999999345,21546.52
7783.19,-35.960000000000036,21546.52
7783.2,-35.94999999999982,21546.52
7783.21,-35.9399999999996,21498.33
7783.22,-35.92999999999938,21787.59
7783.23,-35.92000000000007,21739.359
7783.24,-35.909999999999854,21594.717
7783.25,-35.899999999999636,21257.502
7783.26,-35.88999999999942,21594.717
7783.27,-35.8799999999992,21642.924
7783.28,-35.86999999999989,21787.59
7783.29,-35.85999999999967,21594.717
7783.3,-35.849999999999454,21546.52
7783.31,-35.839999999999236,21594.717
7783.32,-35.82999999999993,21401.973
7783.33,-35.81999999999971,21401.973
7783.34,-35.80999999999949,21546.52
7783.35,-35.79999999999927,21691.139
7783.36,-35.789999999999964,21594.717
7783.37,-35.779999999999745,21787.59
7783.38,-35.76999999999953,21498.33
7783.39,-35.75999999999931,21546.52
7783.4,-35.75,21787.59
7783.41,-35.73999999999978,21594.717
7783.42,-35.72999999999956,21353.809
7783.43,-35.719999999999345,21787.59
7783.44,-35.710000000000036,21691.139
7783.45,-35.69999999999982,21642.924
7783.46,-35.6899999999996,21691.139
7783.47,-35.67999999999938,21594.717
7783.48,-35.67000000000007,21884.076
7783.49,-35.659999999999854,21642.924
7783.5,-35.649999999999636,21546.52
7783.51,-35.63999999999942,21498.33
7783.52,-35.6299999999992,21546.52
7783.53,-35.61999999999989,21642.924
7783.54,-35.60999999999967,21546.52
7783.55,-35.599999999999454,21642.924
7783.56,-35.589999999999236,21594.717
7783.57,-35.57999999999993,21739.359
7783.58,-35.56999999999971,21642.924
7783.59,-35.55999999999949,21401.973
7783.6,-35.54999999999927,21546.52
7783.61,-35.539999999999964,21546.52
7783.62,-35.529999999999745,21594.717
7783.63,-35.51999999999953,21594.717
7783.64,-35.50999999999931,21642.924
7783.65,-35.5,21691.139
7783.66,-35.48999999999978,21498.33
7783.67,-35.47999999999956,21353.809
7783.68,-35.469999999999345,21642.924
7783.69,-35.460000000000036,21546.52
7783.7,-35.44999999999982,21546.52
7783.71,-35.4399999999996,21450.146
7783.72,-35.42999999999938,21691.139
7783.73,-35.42000000000007,21642.924
7783.74,-35.409999999999854,21450.146
7783.75,-35.399999999999636,21450.146
7783.76,-35.38999999999942,21401.973
7783.77,-35.3799999999992,21546.52
7783.78,-35.36999999999989,21498.33
7783.79,-35.35999999999967,21546.52
7783.8,-35.349999999999454,21450.146
7783.81,-35.339999999999236,21642.924
7783.82,-35.32999999999993,21642.924
7783.83,-35.31999999999971,21835.83
7783.84,-35.30999999999949,21594.717
7783.85,-35.29999999999927,21594.717
7783.86,-35.289999999999964,21642.924
7783.87,-35.279999999999745,21498.33
7783.88,-35.26999999999953,21450.146
7783.89,-35.25999999999931,21401.973
7783.9,-35.25,21546.52
7783.91,-35.23999999999978,21594.717
7783.92,-35.22999999999956,21401.973
7783.93,-35.219999999999345,21642.924
7783.94,-35.210000000000036,21691.139
7783.95,-35.19999999999982,21594.717
7783.96,-35.1899999999996,21546.52
7783.97,-35.17999999999938,21546.52
7783.98,-35.17000000000007,21739.359
7783.99,-35.159999999999854,21594.717
7784.0,-35.149999999999636,21642.924
7784.01,-35.13999999999942,21691.139
7784.02,-35.1299999999992,21642.924
7784.03,-35.11999999999989,21546.52
7784.04,-35.10999999999967,21546.52
7784.05,-35.099999999999454,21450.146
7784.06,-35.089999999999236,21739.359
7784.07,-35.07999999999993,21691.139
7784.08,-35.06999999999971,21546.52
7784.09,-35.05999999999949,21594.717
7784.1,-35.04999999999927,21546.52
7784.11,-35.039999999999964,21546.52
7784.12,-35.029999999999745,21642.924
7784.13,-35.01999999999953,21546.52
7784.14,-35.00999999999931,21594.717
7784.15,-35.0,21450.146
7784.16,-34.98999999999978,21642.924
7784.17,-34.97999999999956,21450.146
7784.18,-34.969999999999345,21642.924
7784.19,-34.960000000000036,21498.33
7784.2,-34.94999999999982,21450.146
7784.21,-34.9399999999996,21401.973
7784.22,-34.92999999999938,21642.924
7784.23,-34.92000000000007,21546.52
7784.24,-34.909999999999854,21642.924
7784.25,-34.899999999999636,21642.924
7784.26,-34.88999999999942,21594.717
7784.27,-34.8799999999992,21498.33
7784.28,-34.86999999999989,21498.33
7784.29,-34.85999999999967,21594.717
7784.3,-34.849999999999454,21401.973
7784.31,-34.839999999999236,21739.359
7784.32,-34.82999999999993,21594.717
7784.33,-34.81999999999971,21498.33
7784.34,-34.80999999999949,21594.717
7784.35,-34.79999999999927,21642.924
7784.36,-34.789999999999964,21787.59
7784.37,-34.779999999999745,21739.359
7784.38,-34.76999999999953,21450.146
7784.39,-34.75999999999931,21498.33
7784.4,-34.75,21546.52
7784.41,-34.73999999999978,21450.146
7784.42,-34.72999999999956,21546.52
7784.43,-34.719999999999345,21450.146
7784.44,-34.710000000000036,21546.52
7784.45,-34.69999999999982,21498.33
7784.46,-34.6899999999996,21498.33
7784.47,-34.67999999999938,21691.139
7784.48,-34.67000000000007,21642.924
7784.49,-34.659999999999854,21594.717
7784.5,-34.649999999999636,21498.33
7784.51,-34.63999999999942,21450.146
7784.52,-34.6299999999992,21642.924
7784.53,-34.61999999999989,21739.359
7784.54,-34.60999999999967,21594.717
7784.55,-34.599999999999454,21546.52
7784.56,-34.589999999999236,21787.59
7784.57,-34.57999999999993,21353.809
7784.58,-34.56999999999971,21594.717
7784.59,-34.55999999999949,21594.717
7784.6,-34.54999999999927,21594.717
7784.61,-34.539999999999964,21884.076
7784.62,-34.529999999999745,21546.52
7784.63,-34.51999999999953,21401.973
7784.64,-34.50999999999931,21450.146
7784.65,-34.5,21691.139
7784.66,-34.48999999999978,21401.973
7784.67,-34.47999999999956,21546.52
7784.68,-34.469999999999345,21546.52
7784.69,-34.460000000000036,21498.33
7784.7,-34.44999999999982,21787.59
7784.71,-34.4399999999996,21401.973
7784.72,-34.42999999999938,21450.146
7784.73,-34.42000000000007,21642.924
7784.74,-34.409999999999854,21739.359
7784.75,-34.399999999999636,21450.146
7784.76,-34.38999999999942,21546.52
7784.77,-34.3799999999992,21787.59
7784.78,-34.36999999999989,21498.33
7784.79,-34.35999999999967,21594.717
7784.8,-34.349999999999454,21546.52
7784.81,-34.339999999999236,21739.359
7784.82,-34.32999999999993,21691.139
7784.83,-34.31999999999971,21787.59
7784.84,-34.30999999999949,21691.139
7784.85,-34.29999999999927,21498.33
7784.86,-34.289999999999964,21450.146
7784.87,-34.279999999999745,21594.717
7784.88,-34.26999999999953,21546.52
7784.89,-34.25999999999931,21787.59
7784.9,-34.25,21642.924
7784.91,-34.23999999999978,21642.924
7784.92,-34.22999999999956,21546.52
7784.93,-34.219999999999345,21546.52
7784.94,-34.210000000000036,21498.33
7784.95,-34.19999999999982,21546.52
7784.96,-34.1899999999996,21546.52
7784.97,-34.17999999999938,21594.717
7784.98,-34.17000000000007,21594.717
7784.99,-34.159999999999854,21450.146
7785.0,-34.149999999999636,21498.33
7785.01,-34.13999999999942,21594.717
7785.02,-34.1299999999992,21353.809
7785.03,-34.11999999999989,21546.52
7785.04,-34.10999999999967,21594.717
7785.05,-34.099999999999454,21642.924
7785.06,-34.089999999999236,21739.359
7785.07,-34.07999999999993,21642.924
7785.08,-34.06999999999971,21642.924
7785.09,-34.05999999999949,21594.717
7785.1,-34.04999999999927,21546.52
7785.11,-34.039999999999964,21691.139
7785.12,-34.029999999999745,21594.717
7785.13,-34.01999999999953,21594.717
7785.14,-34.00999999999931,21594.717
7785.15,-34.0,21642.924
7785.16,-33.98999999999978,21884.076
7785.17,-33.97999999999956,21739.359
7785.18,-33.969999999999345,21353.809
7785.19,-33.960000000000036,21691.139
7785.2,-33.94999999999982,21594.717
7785.21,-33.9399999999996,21594.717
7785.22,-33.92999999999938,21594.717
7785.23,-33.92000000000007,21642.924
7785.24,-33.909999999999854,21546.52
7785.25,-33.899999999999636,21401.973
7785.26,-33.88999999999942,21450.146
7785.27,-33.8799999999992,21691.139
7785.28,-33.86999999999989,21546.52
7785.29,-33.85999999999967,21450.146
7785.3,-33.849999999999454,21546.52
7785.31,-33.839999999999236,21642.924
7785.32,-33.82999999999993,21594.717
7785.33,-33.81999999999971,21594.717
7785.34,-33.80999999999949,21594.717
7785.35,-33.79999999999927,21546.52
7785.36,-33.789999999999964,21546.52
7785.37,-33.779999999999745,21401.973
7785.38,-33.76999999999953,21546.52
7785.39,-33.75999999999931,21642.924
7785.4,-33.75,21546.52
7785.41,-33.73999999999978,21546.52
7785.42,-33.72999999999956,21353.809
7785.43,-33.719999999999345,21546.52
7785.44,-33.710000000000036,21787.59
7785.45,-33.69999999999982,21642.924
7785.46,-33.6899999999996,21642.924
7785.47,-33.67999999999938,21498.33
7785.48,-33.67000000000007,21739.359
7785.49,-33.659999999999854,21498.33
7785.5,-33.649999999999636,21498.33
7785.51,-33.63999999999942,21691.139
7785.52,-33.6299999999992,21353.809
7785.53,-33.61999999999989,21546.52
7785.54,-33.60999999999967,21450.146
7785.55,-33.599999999999454,21498.33
7785.56,-33.589999999999236,21691.139
7785.57,-33.57999999999993,21498.33
7785.58,-33.56999999999971,21594.717
7785.59,-33.55999999999949,21594.717
7785.6,-33.54999999999927,21498.33
7785.61,-33.539999999999964,21594.717
7785.62,-33.529999999999745,21353.809
7785.63,-33.51999999999953,21401.973
7785.64,-33.50999999999931,21498.33
7785.65,-33.5,21594.717
7785.66,-33.48999999999978,21594.717
7785.67,-33.47999999999956,21739.359
7785.68,-33.469999999999345,21546.52
7785.69,-33.460000000000036,21594.717
7785.7,-33.44999999999982,21546.52
7785.71,-33.4399999999996,21546.52
7785.72,-33.42999999999938,21546.52
7785.73,-33.42000000000007,21546.52
7785.74,-33.409999999999854,21642.924
7785.75,-33.399999999999636,21450.146
7785.76,-33.38999999999942,21642.924
7785.77,-33.3799999999992,21594.717
7785.78,-33.36999999999989,21594.717
7785.79,-33.35999999999967,21305.65
7785.8,-33.349999999999454,21594.717
7785.81,-33.339999999999236,21787.59
7785.82,-33.32999999999993,21642.924
7785.83,-33.31999999999971,21594.717
7785.84,-33.30999999999949,21546.52
7785.85,-33.29999999999927,21594.717
7785.86,-33.289999999999964,21642.924
7785.87,-33.279999999999745,21498.33
7785.88,-33.26999999999953,21642.924
7785.89,-33.25999999999931,21546.52
7785.9,-33.25,21691.139
7785.91,-33.23999999999978,21691.139
7785.92,-33.22999999999956,21594.717
7785.93,-33.219999999999345,21546.52
7785.94,-33.210000000000036,21594.717
7785.95,-33.19999999999982,21739.359
7785.96,-33.1899999999996,21691.139
7785.97,-33.17999999999938,21498.33
7785.98,-33.17000000000007,21546.52
7785.99,-33.159999999999854,21594.717
7786.0,-33.149999999999636,21546.52
7786.01,-33.13999999999942,21546.52
7786.02,-33.1299999999992,21498.33
7786.03,-33.11999999999989,21787.59
7786.04,-33.10999999999967,21498.33
7786.05,-33.099999999999454,21498.33
7786.06,-33.089999999999236,21787.59
7786.07,-33.07999999999993,21546.52
7786.08,-33.06999999999971,21546.52
7786.09,-33.05999999999949,21546.52
7786.1,-33.04999999999927,21546.52
7786.11,-33.039999999999964,21546.52
7786.12,-33.029999999999745,21642.924
7786.13,-33.01999999999953,21450.146
7786.14,-33.00999999999931,21594.717
7786.15,-33.0,21594.717
7786.16,-32.98999999999978,21594.717
7786.17,-32.97999999999956,21594.717
7786.18,-32.969999999999345,21546.52
7786.19,-32.960000000000036,21546.52
7786.2,-32.94999999999982,21691.139
7786.21,-32.9399999999996,21691.139
7786.22,-32.92999999999938,21546.52
7786.23,-32.92000000000007,21642.924
7786.24,-32.909999999999854,21546.52
7786.25,-32.899999999999636,21353.809
7786.26,-32.88999999999942,21546.52
7786.27,-32.8799999999992,21594.717
7786.28,-32.86999999999989,21642.924
7786.29,-32.85999999999967,21353.809
7786.3,-32.849999999999454,21594.717
7786.31,-32.839999999999236,21739.359
7786.32,-32.82999999999993,21787.59
7786.33,-32.81999999999971,21787.59
7786.34,-32.80999999999949,21498.33
7786.35,-32.79999999999927,21546.52
7786.36,-32.789999999999964,21739.359
7786.37,-32.779999999999745,21498.33
7786.38,-32.76999999999953,21546.52
7786.39,-32.75999999999931,21691.139
7786.4,-32.75,21546.52
7786.41,-32.73999999999978,21498.33
7786.42,-32.72999999999956,21546.52
7786.43,-32.719999999999345,21498.33
7786.44,-32.710000000000036,21546.52
7786.45,-32.69999999999982,21594.717
7786.46,-32.6899999999996,21401.973
7786.47,-32.67999999999938,21691.139
7786.48,-32.67000000000007,21546.52
7786.49,-32.659999999999854,21161.227
7786.5,-32.649999999999636,21450.146
7786.51,-32.63999999999942,21594.717
7786.52,-32.6299999999992,21787.59
7786.53,-32.61999999999989,21450.146
7786.54,-32.60999999999967,21546.52
7786.55,-32.599999999999454,21642.924
7786.56,-32.589999999999236,21594.717
7786.57,-32.57999999999993,21546.52
7786.58,-32.56999999999971,21498.33
7786.59,-32.55999999999949,21546.52
7786.6,-32.54999999999927,21594.717
7786.61,-32.539999999999964,21546.52
7786.62,-32.529999999999745,21594.717
7786.63,-32.51999999999953,21546.52
7786.64,-32.50999999999931,21594.717
7786.65,-32.5,21642.924
7786.66,-32.48999999999978,21642.924
7786.67,-32.47999999999956,21498.33
7786.68,-32.469999999999345,21546.52
7786.69,-32.460000000000036,21594.717
7786.7,-32.44999999999982,21498.33
7786.71,-32.4399999999996,21450.146
7786.72,-32.42999999999938,21787.59
7786.73,-32.42000000000007,21980.594
7786.74,-32.409999999999854,21884.076
7786.75,-32.399999999999636,21546.52
7786.76,-32.38999999999942,21739.359
7786.77,-32.3799999999992,21739.359
7786.78,-32.36999999999989,21642.924
7786.79,-32.35999999999967,21594.717
7786.8,-32.349999999999454,21401.973
7786.81,-32.339999999999236,21739.359
7786.82,-32.32999999999993,21691.139
7786.83,-32.31999999999971,21594.717
7786.84,-32.30999999999949,21353.809
7786.85,-32.29999999999927,21450.146
7786.86,-32.289999999999964,21691.139
7786.87,-32.279999999999745,21594.717
7786.88,-32.26999999999953,21450.146
7786.89,-32.25999999999931,21450.146
7786.9,-32.25,21594.717
7786.91,-32.23999999999978,21787.59
7786.92,-32.22999999999956,21353.809
7786.93,-32.219999999999345,21594.717
7786.94,-32.210000000000036,21739.359
7786.95,-32.19999999999982,21353.809
7786.96,-32.1899999999996,21401.973
7786.97,-32.17999999999938,21594.717
7786.98,-32.17000000000007,21498.33
7786.99,-32.159999999999854,21546.52
7787.0,-32.149999999999636,21642.924
7787.01,-32.13999999999942,21450.146
7787.02,-32.1299999999992,21450.146
7787.03,-32.11999999999989,21642.924
7787.04,-32.10999999999967,21546.52
7787.05,-32.099999999999454,21498.33
7787.06,-32.089999999999236,21594.717
7787.07,-32.07999999999993,21353.809
7787.08,-32.06999999999971,21353.809
7787.09,-32.05999999999949,21594.717
7787.1,-32.04999999999927,21546.52
7787.11,-32.039999999999964,21691.139
7787.12,-32.029999999999745,21642.924
7787.13,-32.01999999999953,21594.717
7787.14,-32.00999999999931,21691.139
7787.15,-32.0,21642.924
7787.16,-31.98999999999978,21739.359
7787.17,-31.979999999999563,21546.52
7787.18,-31.969999999999345,21546.52
7787.19,-31.960000000000036,21691.139
7787.2,-31.949999999999818,21835.83
7787.21,-31.9399999999996,21594.717
7787.22,-31.92999999999938,21353.809
7787.23,-31.920000000000073,21401.973
7787.24,-31.909999999999854,21642.924
7787.25,-31.899999999999636,21546.52
7787.26,-31.889999999999418,21498.33
7787.27,-31.8799999999992,21498.33
7787.28,-31.86999999999989,21787.59
7787.29,-31.859999999999673,21450.146
7787.3,-31.849999999999454,21594.717
7787.31,-31.839999999999236,21594.717
7787.32,-31.829999999999927,21546.52
7787.33,-31.81999999999971,21739.359
7787.34,-31.80999999999949,21546.52
7787.35,-31.799999999999272,21594.717
7787.36,-31.789999999999964,21787.59
7787.37,-31.779999999999745,21546.52
7787.38,-31.769999999999527,21546.52
7787.39,-31.75999999999931,21691.139
7787.4,-31.75,21546.52
7787.41,-31.73999999999978,21739.359
7787.42,-31.729999999999563,21450.146
7787.43,-31.719999999999345,21450.146
7787.44,-31.710000000000036,21498.33
7787.45,-31.699999999999818,21546.52
7787.46,-31.6899999999996,21450.146
7787.47,-31.67999999999938,21691.139
7787.48,-31.670000000000073,21642.924
7787.49,-31.659999999999854,21546.52
7787.5,-31.649999999999636,21546.52
7787.51,-31.639999999999418,21642.924
7787.52,-31.6299999999992,21498.33
7787.53,-31.61999999999989,21642.924
7787.54,-31.609999999999673,21594.717
7787.55,-31.599999999999454,21642.924
7787.56,-31.589999999999236,21546.52
7787.57,-31.579999999999927,21546.52
7787.58,-31.56999999999971,21401.973
7787.59,-31.55999999999949,21642.924
7787.6,-31.549999999999272,21594.717
7787.61,-31.539999999999964,21450.146
7787.62,-31.529999999999745,21498.33
7787.63,-31.519999999999527,21594.717
7787.64,-31.50999999999931,21498.33
7787.65,-31.5,21498.33
7787.66,-31.48999999999978,21642.924
7787.67,-31.479999999999563,21450.146
7787.68,-31.469999999999345,21594.717
7787.69,-31.460000000000036,21594.717
7787.7,-31.449999999999818,21594.717
7787.71,-31.4399999999996,21401.973
7787.72,-31.42999999999938,21642.924
7787.73,-31.420000000000073,21594.717
7787.74,-31.409999999999854,21787.59
7787.75,-31.399999999999636,21546.52
7787.76,-31.389999999999418,21691.139
7787.77,-31.3799999999992,21498.33
7787.78,-31.36999999999989,21498.33
7787.79,-31.359999999999673,21450.146
7787.8,-31.349999999999454,21498.33
7787.81,-31.339999999999236,21642.924
7787.82,-31.329999999999927,21353.809
7787.83,-31.31999999999971,21546.52
7787.84,-31.30999999999949,21401.973
7787.85,-31.299999999999272,21546.52
7787.86,-31.289999999999964,21450.146
7787.87,-31.279999999999745,21401.973
7787.88,-31.269999999999527,21353.809
7787.89,-31.25999999999931,21498.33
7787.9,-31.25,21594.717
7787.91,-31.23999999999978,21546.52
7787.92,-31.229999999999563,21498.33
7787.93,-31.219999999999345,21498.33
7787.94,-31.210000000000036,21594.717
7787.95,-31.199999999999818,21450.146
7787.96,-31.1899999999996,21305.65
7787.97,-31.17999999999938,21450.146
7787.98,-31.170000000000073,21594.717
7787.99,-31.159999999999854,21691.139
7788.0,-31.149999999999636,21353.809
7788.01,-31.139999999999418,21450.146
7788.02,-31.1299999999992,21546.52
7788.03,-31.11999999999989,21691.139
7788.04,-31.109999999999673,21594.717
7788.05,-31.099999999999454,21739.359
7788.06,-31.089999999999236,21691.139
7788.07,-31.079999999999927,21450.146
7788.08,-31.06999999999971,21642.924
7788.09,-31.05999999999949,21739.359
7788.1,-31.049999999999272,21498.33
7788.11,-31.039999999999964,21642.924
7788.12,-31.029999999999745,21546.52
7788.13,-31.019999999999527,21594.717
7788.14,-31.00999999999931,21691.139
7788.15,-31.0,21642.924
7788.16,-30.98999999999978,21691.139
7788.17,-30.979999999999563,21594.717
7788.18,-30.969999999999345,21691.139
7788.19,-30.960000000000036,21642.924
7788.2,-30.949999999999818,21739.359
7788.21,-30.9399999999996,21546.52
7788.22,-30.92999999999938,21401.973
7788.23,-30.920000000000073,21498.33
7788.24,-30.909999999999854,21546.52
7788.25,-30.899999999999636,21450.146
7788.26,-30.889999999999418,21401.973
7788.27,-30.8799999999992,21498.33
7788.28,-30.86999999999989,21594.717
7788.29,-30.859999999999673,21546.52
7788.3,-30.849999999999454,21594.717
7788.31,-30.839999999999236,21353.809
7788.32,-30.829999999999927,21594.717
7788.33,-30.81999999999971,21401.973
7788.34,-30.80999999999949,21401.973
7788.35,-30.799999999999272,21498.33
7788.36,-30.789999999999964,21594.717
7788.37,-30.779999999999745,21594.717
7788.38,-30.769999999999527,21691.139
7788.39,-30.75999999999931,21642.924
7788.4,-30.75,21642.924
7788.41,-30.73999999999978,21691.139
7788.42,-30.729999999999563,21498.33
7788.43,-30.719999999999345,21546.52
7788.44,-30.710000000000036,21594.717
7788.45,-30.699999999999818,21401.973
7788.46,-30.6899999999996,21642.924
7788.47,-30.67999999999938,21691.139
7788.48,-30.670000000000073,21498.33
7788.49,-30.659999999999854,21546.52
7788.5,-30.649999999999636,21691.139
7788.51,-30.639999999999418,21546.52
7788.52,-30.6299999999992,21498.33
7788.53,-30.61999999999989,21594.717
7788.54,-30.609999999999673,21450.146
7788.55,-30.599999999999454,21739.359
7788.56,-30.589999999999236,21594.717
7788.57,-30.579999999999927,21594.717
7788.58,-30.56999999999971,21546.52
7788.59,-30.55999999999949,21450.146
7788.6,-30.549999999999272,21594.717
7788.61,-30.539999999999964,21498.33
7788.62,-30.529999999999745,21594.717
7788.63,-30.519999999999527,21594.717
7788.64,-30.50999999999931,21546.52
7788.65,-30.5,21498.33
7788.66,-30.48999999999978,21594.717
7788.67,-30.479999999999563,21594.717
7788.68,-30.469999999999345,21498.33
7788.69,-30.460000000000036,21691.139
7788.7,-30.449999999999818,21691.139
7788.71,-30.4399999999996,21498.33
7788.72,-30.42999999999938,21594.717
7788.73,-30.420000000000073,21739.359
7788.74,-30.409999999999854,21739.359
7788.75,-30.399999999999636,21546.52
7788.76,-30.389999999999418,21546.52
7788.77,-30.3799999999992,21594.717
7788.78,-30.36999999999989,21642.924
7788.79,-30.359999999999673,21594.717
7788.8,-30.349999999999454,21594.717
7788.81,-30.339999999999236,21691.139
7788.82,-30.329999999999927,21450.146
7788.83,-30.31999999999971,21546.52
7788.84,-30.30999999999949,21498.33
7788.85,-30.299999999999272,21401.973
7788.86,-30.289999999999964,21546.52
7788.87,-30.279999999999745,21401.973
7788.88,-30.269999999999527,21401.973
7788.89,-30.25999999999931,21691.139
7788.9,-30.25,21594.717
7788.91,-30.23999999999978,21739.359
7788.92,-30.229999999999563,21546.52
7788.93,-30.219999999999345,21401.973
7788.94,-30.210000000000036,21594.717
7788.95,-30.199999999999818,21401.973
7788.96,-30.1899999999996,21691.139
7788.97,-30.17999999999938,21498.33
7788.98,-30.170000000000073,21498.33
7788.99,-30.159999999999854,21787.59
7789.0,-30.149999999999636,21642.924
7789.01,-30.139999999999418,21642.924
7789.02,-30.1299999999992,21546.52
7789.03,-30.11999999999989,21594.717
7789.04,-30.109999999999673,21498.33
7789.05,-30.099999999999454,21546.52
7789.06,-30.089999999999236,21642.924
7789.07,-30.079999999999927,21498.33
7789.08,-30.06999999999971,21594.717
7789.09,-30.05999999999949,21546.52
7789.1,-30.049999999999272,21498.33
7789.11,-30.039999999999964,21691.139
7789.12,-30.029999999999745,21353.809
7789.13,-30.019999999999527,21594.717
7789.14,-30.00999999999931,21739.359
7789.15,-30.0,21691.139
7789.16,-29.98999999999978,21787.59
7789.17,-29.979999999999563,21594.717
7789.18,-29.969999999999345,21498.33
7789.19,-29.960000000000036,21546.52
7789.2,-29.949999999999818,21691.139
7789.21,-29.9399999999996,21546.52
7789.22,-29.92999999999938,21546.52
7789.23,-29.920000000000073,21546.52
7789.24,-29.909999999999854,21594.717
7789.25,-29.899999999999636,21450.146
7789.26,-29.889999999999418,21642.924
7789.27,-29.8799999999992,21642.924
7789.28,-29.86999999999989,21642.924
7789.29,-29.859999999999673,21739.359
7789.3,-29.849999999999454,21546.52
7789.31,-29.839999999999236,21642.924
7789.32,-29.829999999999927,21594.717
7789.33,-29.81999999999971,21642.924
7789.34,-29.80999999999949,21594.717
7789.35,-29.799999999999272,21546.52
7789.36,-29.789999999999964,21401.973
7789.37,-29.779999999999745,21594.717
7789.38,-29.769999999999527,21498.33
7789.39,-29.75999999999931,21257.502
7789.4,-29.75,21642.924
7789.41,-29.73999999999978,21546.52
7789.42,-29.729999999999563,21401.973
7789.43,-29.719999999999345,21642.924
7789.44,-29.710000000000036,21691.139
7789.45,-29.699999999999818,21594.717
7789.46,-29.6899999999996,21450.146
7789.47,-29.67999999999938,21498.33
7789.48,-29.670000000000073,21691.139
7789.49,-29.659999999999854,21546.52
7789.5,-29.649999999999636,21401.973
7789.51,-29.639999999999418,21450.146
7789.52,-29.6299999999992,21594.717
7789.53,-29.61999999999989,21739.359
7789.54,-29.609999999999673,21594.717
7789.55,-29.599999999999454,21739.359
7789.56,-29.589999999999236,21835.83
7789.57,-29.579999999999927,21642.924
7789.58,-29.56999999999971,21546.52
7789.59,-29.55999999999949,21691.139
7789.6,-29.549999999999272,21546.52
7789.61,-29.539999999999964,21642.924
7789.62,-29.529999999999745,21594.717
7789.63,-29.519999999999527,21594.717
7789.64,-29.50999999999931,21546.52
7789.65,-29.5,21642.924
7789.66,-29.48999999999978,21594.717
7789.67,-29.479999999999563,21546.52
7789.68,-29.469999999999345,21642.924
7789.69,-29.460000000000036,21642.924
7789.7,-29.449999999999818,21353.809
7789.71,-29.4399999999996,21546.52
7789.72,-29.42999999999938,21594.717
7789.73,-29.420000000000073,21594.717
7789.74,-29.409999999999854,21546.52
7789.75,-29.399999999999636,21594.717
7789.76,-29.389999999999418,21546.52
7789.77,-29.3799999999992,21546.52
7789.78,-29.36999999999989,21787.59
7789.79,-29.359999999999673,21642.924
7789.8,-29.349999999999454,21642.924
7789.81,-29.339999999999236,21691.139
7789.82,-29.329999999999927,21450.146
7789.83,-29.31999999999971,21353.809
7789.84,-29.30999999999949,21546.52
7789.85,-29.299999999999272,21450.146
7789.86,-29.289999999999964,21691.139
7789.87,-29.279999999999745,21594.717
7789.88,-29.269999999999527,21450.146
7789.89,-29.25999999999931,21691.139
7789.9,-29.25,21594.717
7789.91,-29.23999999999978,21884.076
7789.92,-29.229999999999563,21594.717
7789.93,-29.219999999999345,21450.146
7789.94,-29.210000000000036,21546.52
7789.95,-29.199999999999818,21546.52
7789.96,-29.1899999999996,21546.52
7789.97,-29.17999999999938,21594.717
7789.98,-29.170000000000073,21546.52
7789.99,-29.159999999999854,21642.924
7790.0,-29.149999999999636,21546.52
7790.01,-29.139999999999418,21642.924
7790.02,-29.1299999999992,21642.924
7790.03,-29.11999999999989,21594.717
7790.04,-29.109999999999673,21594.717
7790.05,-29.099999999999454,21450.146
7790.06,-29.089999999999236,21835.83
7790.07,-29.079999999999927,21594.717
7790.08,-29.06999999999971,21594.717
7790.09,-29.05999999999949,21594.717
7790.1,-29.049999999999272,21498.33
7790.11,-29.039999999999964,21546.52
7790.12,-29.029999999999745,21450.146
7790.13,-29.019999999999527,21498.33
7790.14,-29.00999999999931,21739.359
7790.15,-29.0,21642.924
7790.16,-28.98999999999978,21642.924
7790.17,-28.979999999999563,21450.146
7790.18,-28.969999999999345,21546.52
7790.19,-28.960000000000036,21546.52
7790.2,-28.949999999999818,21642.924
7790.21,-28.9399999999996,21642.924
7790.22,-28.92999999999938,21353.809
7790.23,-28.920000000000073,21594.717
7790.24,-28.909999999999854,21642.924
7790.25,-28.899999999999636,21691.139
7790.26,-28.889999999999418,21546.52
7790.27,-28.8799999999992,21642.924
7790.28,-28.86999999999989,21787.59
7790.29,-28.859999999999673,21642.924
7790.3,-28.849999999999454,21594.717
7790.31,-28.839999999999236,21642.924
7790.32,-28.829999999999927,21546.52
7790.33,-28.81999999999971,21594.717
7790.34,-28.80999999999949,21450.146
7790.35,-28.799999999999272,21353.809
7790.36,-28.789999999999964,21546.52
7790.37,-28.779999999999745,21498.33
7790.38,-28.769999999999527,21739.359
7790.39,-28.75999999999931,21642.924
7790.4,-28.75,21642.924
7790.41,-28.73999999999978,21353.809
7790.42,-28.729999999999563,21353.809
7790.43,-28.719999999999345,21450.146
7790.44,-28.710000000000036,21594.717
7790.45,-28.699999999999818,21642.924
7790.46,-28.6899999999996,21691.139
7790.47,-28.67999999999938,21739.359
7790.48,-28.670000000000073,21691.139
7790.49,-28.659999999999854,21691.139
7790.5,-28.649999999999636,21498.33
7790.51,-28.639999999999418,21594.717
7790.52,-28.6299999999992,21594.717
7790.53,-28.61999999999989,21594.717
7790.54,-28.609999999999673,21594.717
7790.55,-28.599999999999454,21401.973
7790.56,-28.589999999999236,21594.717
7790.57,-28.579999999999927,21594.717
7790.58,-28.56999999999971,21401.973
7790.59,-28.55999999999949,21401.973
7790.6,-28.549999999999272,21546.52
7790.61,-28.539999999999964,21546.52
7790.62,-28.529999999999745,21450.146
7790.63,-28.519999999999527,21450.146
7790.64,-28.50999999999931,21498.33
7790.65,-28.5,21739.359
7790.66,-28.48999999999978,21353.809
7790.67,-28.479999999999563,21546.52
7790.68,-28.469999999999345,21594.717
7790.69,-28.460000000000036,21594.717
7790.7,-28.449999999999818,21691.139
7790.71,-28.4399999999996,21546.52
7790.72,-28.42999999999938,21739.359
7790.73,-28.420000000000073,21546.52
7790.74,-28.409999999999854,21739.359
7790.75,-28.399999999999636,21498.33
7790.76,-28.389999999999418,21498.33
7790.77,-28.3799999999992,21691.139
7790.78,-28.36999999999989,21739.359
7790.79,-28.359999999999673,21450.146
7790.8,-28.349999999999454,21787.59
7790.81,-28.339999999999236,21787.59
7790.82,-28.329999999999927,21594.717
7790.83,-28.31999999999971,21691.139
7790.84,-28.30999999999949,21691.139
7790.85,-28.299999999999272,21691.139
7790.86,-28.289999999999964,21642.924
7790.87,-28.279999999999745,21642.924
7790.88,-28.269999999999527,21450.146
7790.89,-28.25999999999931,21401.973
7790.9,-28.25,21498.33
7790.91,-28.23999999999978,21691.139
7790.92,-28.229999999999563,21401.973
7790.93,-28.219999999999345,21401.973
7790.94,-28.210000000000036,21546.52
7790.95,-28.199999999999818,21546.52
7790.96,-28.1899999999996,21594.717
7790.97,-28.17999999999938,21739.359
7790.98,-28.170000000000073,21691.139
7790.99,-28.159999999999854,21691.139
7791.0,-28.149999999999636,21691.139
7791.01,-28.139999999999418,21546.52
7791.02,-28.1299999999992,21498.33
7791.03,-28.11999999999989,21401.973
7791.04,-28.109999999999673,21450.146
7791.05,-28.099999999999454,21642.924
7791.06,-28.089999999999236,21642.924
7791.07,-28.079999999999927,21450.146
7791.08,-28.06999999999971,21594.717
7791.09,-28.05999999999949,21594.717
7791.1,-28.049999999999272,21642.924
7791.11,-28.039999999999964,21739.359
7791.12,-28.029999999999745,21546.52
7791.13,-28.019999999999527,21739.359
7791.14,-28.00999999999931,21787.59
7791.15,-28.0,21787.59
7791.16,-27.98999999999978,21594.717
7791.17,-27.979999999999563,21498.33
7791.18,-27.969999999999345,21642.924
7791.19,-27.960000000000036,21739.359
7791.2,-27.949999999999818,21594.717
7791.21,-27.9399999999996,21642.924
7791.22,-27.92999999999938,21498.33
7791.23,-27.920000000000073,21594.717
7791.24,-27.909999999999854,21739.359
7791.25,-27.899999999999636,21498.33
7791.26,-27.889999999999418,21498.33
7791.27,-27.8799999999992,21691.139
7791.28,-27.86999999999989,21739.359
7791.29,-27.859999999999673,21642.924
7791.3,-27.849999999999454,21498.33
7791.31,-27.839999999999236,21787.59
7791.32,-27.829999999999927,21546.52
7791.33,-27.81999999999971,21498.33
7791.34,-27.80999999999949,21594.717
7791.35,-27.799999999999272,21594.717
7791.36,-27.789999999999964,21642.924
7791.37,-27.779999999999745,21498.33
7791.38,-27.769999999999527,21498.33
7791.39,-27.75999999999931,21691.139
7791.4,-27.75,21739.359
7791.41,-27.73999999999978,21642.924
7791.42,-27.729999999999563,21450.146
7791.43,-27.719999999999345,21594.717
7791.44,-27.710000000000036,21691.139
7791.45,-27.699999999999818,21642.924
7791.46,-27.6899999999996,21353.809
7791.47,-27.67999999999938,21739.359
7791.48,-27.670000000000073,21739.359
7791.49,-27.659999999999854,21691.139
7791.5,-27.649999999999636,21546.52
7791.51,-27.639999999999418,21642.924
7791.52,-27.6299999999992,21546.52
7791.53,-27.61999999999989,21642.924
7791.54,-27.609999999999673,21498.33
7791.55,-27.599999999999454,21691.139
7791.56,-27.589999999999236,21787.59
7791.57,-27.579999999999927,21642.924
7791.58,-27.56999999999971,21450.146
7791.59,-27.55999999999949,21642.924
7791.6,-27.549999999999272,21257.502
7791.61,-27.539999999999964,21739.359
7791.62,-27.529999999999745,21498.33
7791.63,-27.519999999999527,21546.52
7791.64,-27.50999999999931,21691.139
7791.65,-27.5,21691.139
7791.66,-27.48999999999978,21642.924
7791.67,-27.479999999999563,21594.717
7791.68,-27.469999999999345,21594.717
7791.69,-27.460000000000036,21546.52
7791.7,-27.449999999999818,21691.139
7791.71,-27.4399999999996,21401.973
7791.72,-27.42999999999938,21498.33
7791.73,-27.420000000000073,21450.146
7791.74,-27.409999999999854,21594.717
7791.75,-27.399999999999636,21353.809
7791.76,-27.389999999999418,21642.924
7791.77,-27.3799999999992,21546.52
7791.78,-27.36999999999989,21835.83
7791.79,-27.359999999999673,21546.52
7791.8,-27.349999999999454,21642.924
7791.81,-27.339999999999236,21787.59
7791.82,-27.329999999999927,21594.717
7791.83,-27.31999999999971,21739.359
7791.84,-27.30999999999949,21691.139
7791.85,-27.299999999999272,21594.717
7791.86,-27.289999999999964,21546.52
7791.87,-27.279999999999745,21691.139
7791.88,-27.269999999999527,21594.717
7791.89,-27.25999999999931,21546.52
7791.9,-27.25,21691.139
7791.91,-27.23999999999978,21787.59
7791.92,-27.229999999999563,21546.52
7791.93,-27.219999999999345,21498.33
7791.94,-27.210000000000036,21739.359
7791.95,-27.199999999999818,21498.33
7791.96,-27.1899999999996,21546.52
7791.97,-27.17999999999938,21594.717
7791.98,-27.170000000000073,21642.924
7791.99,-27.159999999999854,21642.924
7792.0,-27.149999999999636,21450.146
7792.01,-27.139999999999418,21787.59
7792.02,-27.1299999999992,21691.139
7792.03,-27.11999999999989,21450.146
7792.04,-27.109999999999673,21546.52
7792.05,-27.099999999999454,21691.139
7792.06,-27.089999999999236,21787.59
7792.07,-27.079999999999927,21739.359
7792.08,-27.06999999999971,21594.717
7792.09,-27.05999999999949,21498.33
7792.1,-27.049999999999272,21546.52
7792.11,-27.039999999999964,21450.146
7792.12,-27.029999999999745,21546.52
7792.13,-27.019999999999527,21353.809
7792.14,-27.00999999999931,21594.717
7792.15,-27.0,21787.59
7792.16,-26.98999999999978,21546.52
7792.17,-26.979999999999563,21691.139
7792.18,-26.969999999999345,21546.52
7792.19,-26.960000000000036,21739.359
7792.2,-26.949999999999818,21691.139
7792.21,-26.9399999999996,21546.52
7792.22,-26.92999999999938,21594.717
7792.23,-26.920000000000073,21546.52
7792.24,-26.909999999999854,21546.52
7792.25,-26.899999999999636,21642.924
7792.26,-26.889999999999418,21691.139
7792.27,-26.8799999999992,21642.924
7792.28,-26.86999999999989,21787.59
7792.29,-26.859999999999673,21353.809
7792.3,-26.849999999999454,21594.717
7792.31,-26.839999999999236,21594.717
7792.32,-26.829999999999927,21642.924
7792.33,-26.81999999999971,21642.924
7792.34,-26.80999999999949,21594.717
7792.35,-26.799999999999272,21787.59
7792.36,-26.789999999999964,21594.717
7792.37,-26.779999999999745,21450.146
7792.38,-26.769999999999527,21787.59
7792.39,-26.75999999999931,21546.52
7792.4,-26.75,21546.52
7792.41,-26.73999999999978,21691.139
7792.42,-26.729999999999563,21642.924
7792.43,-26.719999999999345,21353.809
7792.44,-26.710000000000036,21691.139
7792.45,-26.699999999999818,21787.59
7792.46,-26.6899999999996,21353.809
7792.47,-26.67999999999938,21642.924
7792.48,-26.670000000000073,21642.924
7792.49,-26.659999999999854,21594.717
7792.5,-26.649999999999636,21642.924
7792.51,-26.639999999999418,21594.717
7792.52,-26.6299999999992,21642.924
7792.53,-26.61999999999989,21739.359
7792.54,-26.609999999999673,21594.717
7792.55,-26.599999999999454,21642.924
7792.56,-26.589999999999236,21691.139
7792.57,-26.579999999999927,21450.146
7792.58,-26.56999999999971,21642.924
7792.59,-26.55999999999949,21739.359
7792.6,-26.549999999999272,21739.359
7792.61,-26.539999999999964,21739.359
7792.62,-26.529999999999745,21546.52
7792.63,-26.519999999999527,21546.52
7792.64,-26.50999999999931,21546.52
7792.65,-26.5,21642.924
7792.66,-26.48999999999978,21546.52
7792.67,-26.479999999999563,21594.717
7792.68,-26.469999999999345,21498.33
7792.69,-26.460000000000036,21691.139
7792.7,-26.449999999999818,21546.52
7792.71,-26.4399999999996,21594.717
7792.72,-26.42999999999938,21787.59
7792.73,-26.420000000000073,21787.59
7792.74,-26.409999999999854,21739.359
7792.75,-26.399999999999636,21546.52
7792.76,-26.389999999999418,21594.717
7792.77,-26.3799999999992,21739.359
7792.78,-26.36999999999989,21739.359
7792.79,-26.359999999999673,21691.139
7792.8,-26.349999999999454,21691.139
7792.81,-26.339999999999236,21691.139
7792.82,-26.329999999999927,21642.924
7792.83,-26.31999999999971,21642.924
7792.84,-26.30999999999949,21498.33
7792.85,-26.299999999999272,21642.924
7792.86,-26.289999999999964,21546.52
7792.87,-26.279999999999745,21546.52
7792.88,-26.269999999999527,21546.52
7792.89,-26.25999999999931,21594.717
7792.9,-26.25,21401.973
7792.91,-26.23999999999978,21546.52
7792.92,-26.229999999999563,21498.33
7792.93,-26.219999999999345,21546.52
7792.94,-26.210000000000036,21642.924
7792.95,-26.199999999999818,21546.52
7792.96,-26.1899999999996,21594.717
7792.97,-26.17999999999938,21642.924
7792.98,-26.170000000000073,21546.52
7792.99,-26.159999999999854,21401.973
7793.0,-26.149999999999636,21642.924
7793.01,-26.139999999999418,21594.717
7793.02,-26.1299999999992,21594.717
7793.03,-26.11999999999989,21691.139
7793.04,-26.109999999999673,21642.924
7793.05,-26.099999999999454,21401.973
7793.06,-26.089999999999236,21884.076
7793.07,-26.079999999999927,21691.139
7793.08,-26.06999999999971,21546.52
7793.09,-26.05999999999949,21594.717
7793.1,-26.049999999999272,21739.359
7793.11,-26.039999999999964,21691.139
7793.12,-26.029999999999745,21498.33
7793.13,-26.019999999999527,21546.52
7793.14,-26.00999999999931,21884.076
7793.15,-26.0,21739.359
7793.16,-25.98999999999978,21642.924
7793.17,-25.979999999999563,21594.717
7793.18,-25.969999999999345,21546.52
7793.19,-25.960000000000036,21546.52
7793.2,-25.949999999999818,21546.52
7793.21,-25.9399999999996,21594.717
7793.22,-25.92999999999938,21739.359
7793.23,-25.920000000000073,21739.359
7793.24,-25.909999999999854,21642.924
7793.25,-25.899999999999636,21691.139
7793.26,-25.889999999999418,21353.809
7793.27,-25.8799999999992,21353.809
7793.28,-25.86999999999989,21257.502
7793.29,-25.859999999999673,22077.145
7793.3,-25.849999999999454,22995.996
7793.31,-25.839999999999236,23432.264
7793.32,-25.829999999999927,23723.475
7793.33,-25.81999999999971,23869.189
7793.34,-25.80999999999949,23820.611
7793.35,-25.799999999999272,23917.777
7793.36,-25.789999999999964,23869.189
7793.37,-25.779999999999745,23626.373
7793.38,-25.769999999999527,23480.779
7793.39,-25.75999999999931,23480.779
7793.4,-25.75,23626.373
7793.41,-25.73999999999978,23772.039
7793.42,-25.729999999999563,23820.611
7793.43,-25.719999999999345,23723.475
7793.44,-25.710000000000036,23917.777
7793.45,-25.699999999999818,23723.475
7793.46,-25.6899999999996,23480.779
7793.47,-25.67999999999938,23529.301
7793.48,-25.670000000000073,23869.189
7793.49,-25.659999999999854,23723.475
7793.5,-25.649999999999636,23723.475
7793.51,-25.639999999999418,23723.475
7793.52,-25.6299999999992,23820.611
7793.53,-25.61999999999989,23869.189
7793.54,-25.609999999999673,23577.832
7793.55,-25.599999999999454,23480.779
7793.56,-25.589999999999236,23674.92
7793.57,-25.579999999999927,23674.92
7793.58,-25.56999999999971,23626.373
7793.59,-25.55999999999949,23577.832
7793.6,-25.549999999999272,23626.373
7793.61,-25.539999999999964,23723.475
7793.62,-25.529999999999745,23626.373
7793.63,-25.519999999999527,23820.611
7793.64,-25.50999999999931,23869.189
7793.65,-25.5,23820.611
7793.66,-25.48999999999978,23674.92
7793.67,-25.479999999999563,23626.373
7793.68,-25.469999999999345,23869.189
7793.69,-25.460000000000036,23869.189
7793.7,-25.449999999999818,23723.475
7793.71,-25.4399999999996,23820.611
7793.72,-25.42999999999938,23529.301
7793.73,-25.420000000000073,23432.264
7793.74,-25.409999999999854,23723.475
7793.75,-25.399999999999636,23626.373
7793.76,-25.389999999999418,23820.611
7793.77,-25.3799999999992,23577.832
7793.78,-25.36999999999989,23772.039
7793.79,-25.359999999999673,23723.475
7793.8,-25.349999999999454,23723.475
7793.81,-25.339999999999236,23723.475
7793.82,-25.329999999999927,23772.039
7793.83,-25.31999999999971,23626.373
7793.84,-25.30999999999949,23772.039
7793.85,-25.299999999999272,23723.475
7793.86,-25.289999999999964,23917.777
7793.87,-25.279999999999745,23772.039
7793.88,-25.269999999999527,23772.039
7793.89,-25.25999999999931,23723.475
7793.9,-25.25,23674.92
7793.91,-25.23999999999978,23723.475
7793.92,-25.229999999999563,23772.039
7793.93,-25.219999999999345,23723.475
7793.94,-25.210000000000036,23869.189
7793.95,-25.199999999999818,23917.777
7793.96,-25.1899999999996,23674.92
7793.97,-25.17999999999938,23723.475
7793.98,-25.170000000000073,23772.039
7793.99,-25.159999999999854,23917.777
7794.0,-25.149999999999636,23917.777
7794.01,-25.139999999999418,23917.777
7794.02,-25.1299999999992,23917.777
7794.03,-25.11999999999989,23820.611
7794.04,-25.109999999999673,23820.611
7794.05,-25.099999999999454,23674.92
7794.06,-25.089999999999236,23772.039
7794.07,-25.079999999999927,23723.475
7794.08,-25.06999999999971,23772.039
7794.09,-25.05999999999949,23723.475
7794.1,-25.049999999999272,23772.039
7794.11,-25.039999999999964,23674.92
7794.12,-25.029999999999745,23772.039
7794.13,-25.019999999999527,23674.92
7794.14,-25.00999999999931,24696.291
7794.15,-25.0,24891.244
7794.16,-24.98999999999978,24891.244
7794.17,-24.979999999999563,24355.436
7794.18,-24.969999999999345,23917.777
7794.19,-24.960000000000036,24598.863
7794.2,-24.949999999999818,24014.979
7794.21,-24.9399999999996,23383.758
7794.22,-24.92999999999938,23238.285
7794.23,-24.920000000000073,23141.346
7794.24,-24.909999999999854,22899.137
7794.25,-24.899999999999636,22657.131
7794.26,-24.889999999999418,23044.438
7794.27,-24.8799999999992,22947.563
7794.28,-24.86999999999989,22947.563
7794.29,-24.859999999999673,22415.328
7794.3,-24.849999999999454,22318.664
7794.31,-24.839999999999236,22366.992
7794.32,-24.829999999999927,22608.754
7794.33,-24.81999999999971,22512.023
7794.34,-24.80999999999949,22705.516
7794.35,-24.799999999999272,23432.264
7794.36,-24.789999999999964,23869.189
7794.37,-24.779999999999745,23772.039
7794.38,-24.769999999999527,23917.777
7794.39,-24.75999999999931,23820.611
7794.4,-24.75,22705.516
7794.41,-24.73999999999978,22366.992
7794.42,-24.729999999999563,22995.996
7794.43,-24.719999999999345,23626.373
7794.44,-24.710000000000036,23772.039
7794.45,-24.699999999999818,23820.611
7794.46,-24.6899999999996,23772.039
7794.47,-24.67999999999938,22995.996
7794.48,-24.670000000000073,22512.023
7794.49,-24.659999999999854,23238.285
7794.5,-24.649999999999636,23480.779
7794.51,-24.639999999999418,24014.979
7794.52,-24.6299999999992,24014.979
7794.53,-24.61999999999989,24112.211
7794.54,-24.609999999999673,23044.438
7794.55,-24.599999999999454,22318.664
7794.56,-24.589999999999236,23141.346
7794.57,-24.579999999999927,23626.373
7794.58,-24.56999999999971,23820.611
7794.59,-24.55999999999949,23820.611
7794.6,-24.549999999999272,23869.189
7794.61,-24.539999999999964,23044.438
7794.62,-24.529999999999745,22657.131
7794.63,-24.519999999999527,22753.908
7794.64,-24.50999999999931,23383.758
7794.65,-24.5,23723.475
7794.66,-24.48999999999978,23869.189
7794.67,-24.479999999999563,24112.211
7794.68,-24.469999999999345,23189.811
7794.69,-24.460000000000036,22802.309
7794.7,-24.449999999999818,23577.832
7794.71,-24.4399999999996,23869.189
7794.72,-24.42999999999938,24063.592
7794.73,-24.420000000000073,24160.84
7794.74,-24.409999999999854,23966.375
7794.75,-24.399999999999636,23432.264
7794.76,-24.389999999999418,23772.039
7794.77,-24.3799999999992,24014.979
7794.78,-24.36999999999989,23966.375
7794.79,-24.359999999999673,24160.84
7794.8,-24.349999999999454,23286.768
7794.81,-24.339999999999236,22705.516
7794.82,-24.329999999999927,22512.023
7794.83,-24.31999999999971,23480.779
7794.84,-24.30999999999949,23820.611
7794.85,-24.299999999999272,24063.592
7794.86,-24.289999999999964,24112.211
7794.87,-24.279999999999745,23723.475
7794.88,-24.269999999999527,23626.373
7794.89,-24.25999999999931,23820.611
7794.9,-24.25,24160.84
7794.91,-24.23999999999978,24063.592
7794.92,-24.229999999999563,23917.777
7794.93,-24.219999999999345,23286.768
7794.94,-24.210000000000036,22802.309
7794.95,-24.199999999999818,23480.779
7794.96,-24.1899999999996,23917.777
7794.97,-24.17999999999938,24063.592
7794.98,-24.170000000000073,23820.611
7794.99,-24.159999999999854,23820.611
7795.0,-24.149999999999636,22850.719
7795.01,-24.139999999999418,23189.811
7795.02,-24.1299999999992,23869.189
7795.03,-24.11999999999989,24258.121
7795.04,-24.109999999999673,24063.592
7795.05,-24.099999999999454,23869.189
7795.06,-24.089999999999236,23432.264
7795.07,-24.079999999999927,23723.475
7795.08,-24.06999999999971,23917.777
7795.09,-24.05999999999949,24014.979
7795.1,-24.049999999999272,24063.592
7795.11,-24.039999999999964,23626.373
7795.12,-24.029999999999745,22850.719
7795.13,-24.019999999999527,22318.664
7795.14,-24.00999999999931,23092.887
7795.15,-24.0,23723.475
7795.16,-23.98999999999978,24063.592
7795.17,-23.979999999999563,24209.477
7795.18,-23.969999999999345,24063.592
7795.19,-23.960000000000036,23529.301
7795.2,-23.949999999999818,23674.92
7795.21,-23.9399999999996,23966.375
7795.22,-23.92999999999938,24112.211
7795.23,-23.920000000000073,24160.84
7795.24,-23.909999999999854,23577.832
7795.25,-23.899999999999636,22899.137
7795.26,-23.889999999999418,23432.264
7795.27,-23.8799999999992,23966.375
7795.28,-23.86999999999989,24063.592
7795.29,-23.859999999999673,23869.189
7795.3,-23.849999999999454,24258.121
7795.31,-23.839999999999236,23238.285
7795.32,-23.829999999999927,23092.887
7795.33,-23.81999999999971,23674.92
7795.34,-23.80999999999949,24063.592
7795.35,-23.799999999999272,24063.592
7795.36,-23.789999999999964,23869.189
7795.37,-23.779999999999745,23674.92
7795.38,-23.769999999999527,23772.039
7795.39,-23.75999999999931,23820.611
7795.4,-23.75,24112.211
7795.41,-23.73999999999978,24063.592
7795.42,-23.729999999999563,23869.189
7795.43,-23.719999999999345,23286.768
7795.44,-23.710000000000036,22560.385
7795.45,-23.699999999999818,22947.563
7795.46,-23.6899999999996,23577.832
7795.47,-23.67999999999938,23917.777
7795.48,-23.670000000000073,24063.592
7795.49,-23.659999999999854,24014.979
7795.5,-23.649999999999636,23529.301
7795.51,-23.639999999999418,23674.92
7795.52,-23.6299999999992,23966.375
7795.53,-23.61999999999989,24160.84
7795.54,-23.609999999999673,24112.211
7795.55,-23.599999999999454,23966.375
7795.56,-23.589999999999236,23044.438
7795.57,-23.579999999999927,22995.996
7795.58,-23.56999999999971,23626.373
7795.59,-23.55999999999949,23966.375
7795.6,-23.549999999999272,24209.477
7795.61,-23.539999999999964,24112.211
7795.62,-23.529999999999745,23383.758
7795.63,-23.519999999999527,22947.563
7795.64,-23.50999999999931,23480.779
7795.65,-23.5,23966.375
7795.66,-23.48999999999978,24014.979
7795.67,-23.479999999999563,24306.775
7795.68,-23.469999999999345,23772.039
7795.69,-23.460000000000036,23626.373
7795.7,-23.449999999999818,23966.375
7795.71,-23.4399999999996,24160.84
7795.72,-23.42999999999938,23869.189
7795.73,-23.420000000000073,24063.592
7795.74,-23.409999999999854,23432.264
7795.75,-23.399999999999636,22608.754
7795.76,-23.389999999999418,22899.137
7795.77,-23.3799999999992,23577.832
7795.78,-23.36999999999989,23820.611
7795.79,-23.359999999999673,24063.592
7795.8,-23.349999999999454,24258.121
7795.81,-23.339999999999236,23869.189
7795.82,-23.329999999999927,23335.258
7795.83,-23.31999999999971,23966.375
7795.84,-23.30999999999949,23966.375
7795.85,-23.299999999999272,23966.375
7795.86,-23.289999999999964,24112.211
7795.87,-23.279999999999745,23238.285
7795.88,-23.269999999999527,22850.719
7795.89,-23.25999999999931,23674.92
7795.9,-23.25,23772.039
7795.91,-23.23999999999978,24063.592
7795.92,-23.229999999999563,23869.189
7795.93,-23.219999999999345,23772.039
7795.94,-23.210000000000036,22850.719
7795.95,-23.199999999999818,23335.258
7795.96,-23.1899999999996,23723.475
7795.97,-23.17999999999938,24014.979
7795.98,-23.170000000000073,24063.592
7795.99,-23.159999999999854,23966.375
7796.0,-23.149999999999636,23480.779
7796.01,-23.139999999999418,23820.611
7796.02,-23.1299999999992,24063.592
7796.03,-23.11999999999989,24063.592
7796.04,-23.109999999999673,24063.592
7796.05,-23.099999999999454,23772.039
7796.06,-23.089999999999236,23189.811
7796.07,-23.079999999999927,22560.385
7796.08,-23.06999999999971,23092.887
7796.09,-23.05999999999949,23820.611
7796.1,-23.049999999999272,24209.477
7796.11,-23.039999999999964,24112.211
7796.12,-23.029999999999745,24112.211
7796.13,-23.019999999999527,23432.264
7796.14,-23.00999999999931,23820.611
7796.15,-23.0,24112.211
7796.16,-22.98999999999978,23966.375
7796.17,-22.979999999999563,24063.592
7796.18,-22.969999999999345,23626.373
7796.19,-22.960000000000036,22995.996
7796.2,-22.949999999999818,23480.779
7796.21,-22.9399999999996,23723.475
7796.22,-22.92999999999938,24258.121
7796.23,-22.920000000000073,24014.979
7796.24,-22.909999999999854,23869.189
7796.25,-22.899999999999636,23092.887
7796.26,-22.889999999999418,23189.811
7796.27,-22.8799999999992,23772.039
7796.28,-22.86999999999989,24014.979
7796.29,-22.859999999999673,24258.121
7796.3,-22.849999999999454,24063.592
7796.31,-22.839999999999236,23674.92
7796.32,-22.829999999999927,23820.611
7796.33,-22.81999999999971,23869.189
7796.34,-22.80999999999949,24160.84
7796.35,-22.799999999999272,23966.375
7796.36,-22.789999999999964,23917.777
7796.37,-22.779999999999745,23189.811
7796.38,-22.769999999999527,22463.672
7796.39,-22.75999999999931,23044.438
7796.4,-22.75,23674.92
7796.41,-22.73999999999978,24209.477
7796.42,-22.729999999999563,24258.121
7796.43,-22.719999999999345,24063.592
7796.44,-22.710000000000036,23577.832
7796.45,-22.699999999999818,23577.832
7796.46,-22.6899999999996,24014.979
7796.47,-22.67999999999938,24014.979
7796.48,-22.670000000000073,23917.777
7796.49,-22.659999999999854,23966.375
7796.5,-22.649999999999636,23044.438
7796.51,-22.639999999999418,23092.887
7796.52,-22.6299999999992,23674.92
7796.53,-22.61999999999989,23869.189
7796.54,-22.609999999999673,23820.611
7796.55,-22.599999999999454,24258.121
7796.56,-22.589999999999236,23383.758
7796.57,-22.579999999999927,22899.137
7796.58,-22.56999999999971,23626.373
7796.59,-22.55999999999949,24112.211
7796.6,-22.549999999999272,24306.775
7796.61,-22.539999999999964,24258.121
7796.62,-22.529999999999745,23772.039
7796.63,-22.519999999999527,23674.92
7796.64,-22.50999999999931,23674.92
7796.65,-22.5,23917.777
7796.66,-22.48999999999978,24112.211
7796.67,-22.479999999999563,24063.592
7796.68,-22.469999999999345,23480.779
7796.69,-22.460000000000036,22802.309
7796.7,-22.449999999999818,22899.137
7796.71,-22.4399999999996,23674.92
7796.72,-22.42999999999938,24063.592
7796.73,-22.420000000000073,24063.592
7796.74,-22.409999999999854,24014.979
7796.75,-22.399999999999636,23674.92
7796.76,-22.389999999999418,23577.832
7796.77,-22.3799999999992,23966.375
7796.78,-22.36999999999989,23820.611
7796.79,-22.359999999999673,23966.375
7796.8,-22.349999999999454,24014.979
7796.81,-22.339999999999236,23189.811
7796.82,-22.329999999999927,23189.811
7796.83,-22.31999999999971,23480.779
7796.84,-22.30999999999949,23917.777
7796.85,-22.299999999999272,24063.592
7796.86,-22.289999999999964,24063.592
7796.87,-22.279999999999745,23674.92
7796.88,-22.269999999999527,22947.563
7796.89,-22.25999999999931,23577.832
7796.9,-22.25,24014.979
7796.91,-22.23999999999978,24404.105
7796.92,-22.229999999999563,24258.121
7796.93,-22.219999999999345,24355.436
7796.94,-22.210000000000036,23529.301
7796.95,-22.199999999999818,23674.92
7796.96,-22.1899999999996,24014.979
7796.97,-22.17999999999938,24063.592
7796.98,-22.170000000000073,23820.611
7796.99,-22.159999999999854,23626.373
7797.0,-22.149999999999636,22899.137
7797.01,-22.139999999999418,22512.023
7797.02,-22.1299999999992,23480.779
7797.03,-22.11999999999989,23966.375
7797.04,-22.109999999999673,24258.121
7797.05,-22.099999999999454,24306.775
7797.06,-22.089999999999236,23966.375
7797.07,-22.079999999999927,23626.373
7797.08,-22.06999999999971,23869.189
7797.09,-22.05999999999949,23723.475
7797.1,-22.049999999999272,23820.611
7797.11,-22.039999999999964,23820.611
7797.12,-22.029999999999745,23480.779
7797.13,-22.019999999999527,22705.516
7797.14,-22.00999999999931,23335.258
7797.15,-22.0,23674.92
7797.16,-21.98999999999978,23917.777
7797.17,-21.979999999999563,23917.777
7797.18,-21.969999999999345,23723.475
7797.19,-21.960000000000036,23141.346
7797.2,-21.949999999999818,23286.768
7797.21,-21.9399999999996,23772.039
7797.22,-21.92999999999938,24160.84
7797.23,-21.920000000000073,24306.775
7797.24,-21.909999999999854,24355.436
7797.25,-21.899999999999636,23674.92
7797.26,-21.889999999999418,23626.373
7797.27,-21.8799999999992,23917.777
7797.28,-21.86999999999989,23966.375
7797.29,-21.859999999999673,23917.777
7797.3,-21.849999999999454,23917.777
7797.31,-21.839999999999236,23141.346
7797.32,-21.829999999999927,22463.672
7797.33,-21.81999999999971,23141.346
7797.34,-21.80999999999949,23869.189
7797.35,-21.799999999999272,24404.105
7797.36,-21.789999999999964,24258.121
7797.37,-21.779999999999745,24452.783
7797.38,-21.769999999999527,23577.832
7797.39,-21.75999999999931,23577.832
7797.4,-21.75,24063.592
7797.41,-21.73999999999978,23966.375
7797.42,-21.729999999999563,24063.592
7797.43,-21.719999999999345,23772.039
7797.44,-21.710000000000036,22947.563
7797.45,-21.699999999999818,22995.996
7797.46,-21.6899999999996,23529.301
7797.47,-21.67999999999938,23723.475
7797.48,-21.670000000000073,23820.611
7797.49,-21.659999999999854,23723.475
7797.5,-21.649999999999636,23238.285
7797.51,-21.639999999999418,22899.137
7797.52,-21.6299999999992,23723.475
7797.53,-21.61999999999989,23966.375
7797.54,-21.609999999999673,24404.105
7797.55,-21.599999999999454,24258.121
7797.56,-21.589999999999236,24063.592
7797.57,-21.579999999999927,23674.92
7797.58,-21.56999999999971,23917.777
7797.59,-21.55999999999949,23723.475
7797.6,-21.549999999999272,24014.979
7797.61,-21.539999999999964,23772.039
7797.62,-21.529999999999745,23238.285
7797.63,-21.519999999999527,22318.664
7797.64,-21.50999999999931,22899.137
7797.65,-21.5,23723.475
7797.66,-21.48999999999978,24258.121
7797.67,-21.479999999999563,24404.105
7797.68,-21.469999999999345,24501.469
7797.69,-21.460000000000036,23674.92
7797.7,-21.449999999999818,23529.301
7797.71,-21.4399999999996,23820.611
7797.72,-21.42999999999938,24112.211
7797.73,-21.420000000000073,23917.777
7797.74,-21.409999999999854,23966.375
7797.75,-21.399999999999636,23044.438
7797.76,-21.389999999999418,22899.137
7797.77,-21.3799999999992,23480.779
7797.78,-21.36999999999989,23723.475
7797.79,-21.359999999999673,23772.039
7797.8,-21.349999999999454,23917.777
7797.81,-21.339999999999236,23480.779
7797.82,-21.329999999999927,22560.385
7797.83,-21.31999999999971,22512.023
7797.84,-21.30999999999949,23383.758
7797.85,-21.299999999999272,24160.84
7797.86,-21.289999999999964,24258.121
7797.87,-21.279999999999745,24355.436
7797.88,-21.269999999999527,24112.211
7797.89,-21.25999999999931,23044.438
7797.9,-21.25,22318.664
7797.91,-21.23999999999978,23092.887
7797.92,-21.229999999999563,23480.779
7797.93,-21.219999999999345,23917.777
7797.94,-21.210000000000036,23772.039
7797.95,-21.199999999999818,23869.189
7797.96,-21.1899999999996,23092.887
7797.97,-21.17999999999938,22705.516
7797.98,-21.170000000000073,23092.887
7797.99,-21.159999999999854,24014.979
7798.0,-21.149999999999636,24112.211
7798.01,-21.139999999999418,24209.477
7798.02,-21.1299999999992,24209.477
7798.03,-21.11999999999989,23335.258
7798.04,-21.109999999999673,22608.754
7798.05,-21.099999999999454,22899.137
7798.06,-21.089999999999236,23529.301
7798.07,-21.079999999999927,23772.039
7798.08,-21.06999999999971,23917.777
7798.09,-21.05999999999949,24014.979
7798.1,-21.049999999999272,23238.285
7798.11,-21.039999999999964,22512.023
7798.12,-21.029999999999745,23092.887
7798.13,-21.019999999999527,23432.264
7798.14,-21.00999999999931,23820.611
7798.15,-21.0,23869.189
7798.16,-20.98999999999978,23674.92
7798.17,-20.979999999999563,23189.811
7798.18,-20.969999999999345,22657.131
7798.19,-20.960000000000036,22899.137
7798.2,-20.949999999999818,23626.373
7798.21,-20.9399999999996,24112.211
7798.22,-20.92999999999938,24209.477
7798.23,-20.920000000000073,24306.775
7798.24,-20.909999999999854,23529.301
7798.25,-20.899999999999636,22657.131
7798.26,-20.889999999999418,22802.309
7798.27,-20.8799999999992,23432.264
7798.28,-20.86999999999989,23772.039
7798.29,-20.859999999999673,23966.375
7798.3,-20.849999999999454,23674.92
7798.31,-20.839999999999236,23383.758
7798.32,-20.829999999999927,23577.832
7798.33,-20.81999999999971,23480.779
7798.34,-20.80999999999949,23723.475
7798.35,-20.799999999999272,23917.777
7798.36,-20.789999999999964,23626.373
7798.37,-20.779999999999745,23626.373
7798.38,-20.769999999999527,22463.672
7798.39,-20.75999999999931,21691.139
7798.4,-20.75,21161.227
7798.41,-20.73999999999978,21209.359
7798.42,-20.729999999999563,21257.502
7798.43,-20.719999999999345,21739.359
7798.44,-20.710000000000036,23917.777
7798.45,-20.699999999999818,24063.592
7798.46,-20.6899999999996,23092.887
7798.47,-20.67999999999938,24063.592
7798.48,-20.670000000000073,24598.863
7798.49,-20.659999999999854,24404.105
7798.5,-20.649999999999636,24550.162
7798.51,-20.639999999999418,24696.291
7798.52,-20.6299999999992,24842.494
7798.53,-20.61999999999989,24550.162
7798.54,-20.609999999999673,24745.018
7798.55,-20.599999999999454,24452.783
7798.56,-20.589999999999236,24647.572
7798.57,-20.579999999999927,24598.863
7798.58,-20.56999999999971,24452.783
7798.59,-20.55999999999949,24550.162
7798.6,-20.549999999999272,24355.436
7798.61,-20.539999999999964,24598.863
7798.62,-20.529999999999745,24696.291
7798.63,-20.519999999999527,24598.863
7798.64,-20.50999999999931,24550.162
7798.65,-20.5,24598.863
7798.66,-20.48999999999978,24696.291
7798.67,-20.479999999999563,24501.469
7798.68,-20.469999999999345,24550.162
7798.69,-20.460000000000036,24501.469
7798.7,-20.449999999999818,24550.162
7798.71,-20.4399999999996,24696.291
7798.72,-20.42999999999938,24647.572
7798.73,-20.420000000000073,24550.162
7798.74,-20.409999999999854,24598.863
7798.75,-20.399999999999636,24696.291
7798.76,-20.389999999999418,24550.162
7798.77,-20.3799999999992,24745.018
7798.78,-20.36999999999989,24598.863
7798.79,-20.359999999999673,24598.863
7798.8,-20.349999999999454,24598.863
7798.81,-20.339999999999236,24550.162
7798.82,-20.329999999999927,24501.469
7798.83,-20.31999999999971,24647.572
7798.84,-20.30999999999949,24842.494
7798.85,-20.299999999999272,24842.494
7798.86,-20.289999999999964,24891.244
7798.87,-20.279999999999745,24696.291
7798.88,-20.269999999999527,24598.863
7798.89,-20.25999999999931,24452.783
7798.9,-20.25,24452.783
7798.91,-20.23999999999978,24550.162
7798.92,-20.229999999999563,24501.469
7798.93,-20.219999999999345,24501.469
7798.94,-20.210000000000036,24550.162
7798.95,-20.199999999999818,24647.572
7798.96,-20.1899999999996,24696.291
7798.97,-20.17999999999938,24696.291
7798.98,-20.170000000000073,24598.863
7798.99,-20.159999999999854,24501.469
7799.0,-20.149999999999636,24452.783
7799.01,-20.139999999999418,24745.018
7799.02,-20.1299999999992,24404.105
7799.03,-20.11999999999989,24696.291
7799.04,-20.109999999999673,24696.291
7799.05,-20.099999999999454,24598.863
7799.06,-20.089999999999236,24696.291
7799.07,-20.079999999999927,24696.291
7799.08,-20.06999999999971,24598.863
7799.09,-20.05999999999949,24696.291
7799.1,-20.049999999999272,24501.469
7799.11,-20.039999999999964,24891.244
7799.12,-20.029999999999745,24647.572
7799.13,-20.019999999999527,24550.162
7799.14,-20.00999999999931,24745.018
7799.15,-20.0,24647.572
7799.16,-19.98999999999978,24696.291
7799.17,-19.979999999999563,24647.572
7799.18,-19.969999999999345,24647.572
7799.19,-19.960000000000036,24647.572
7799.2,-19.949999999999818,24842.494
7799.21,-19.9399999999996,24696.291
7799.22,-19.92999999999938,24988.77
7799.23,-19.920000000000073,24793.752
7799.24,-19.909999999999854,24745.018
7799.25,-19.899999999999636,24745.018
7799.26,-19.889999999999418,24647.572
7799.27,-19.8799999999992,24696.291
7799.28,-19.86999999999989,24647.572
7799.29,-19.859999999999673,24647.572
7799.3,-19.849999999999454,24842.494
7799.31,-19.839999999999236,24891.244
7799.32,-19.829999999999927,24647.572
7799.33,-19.81999999999971,24452.783
7799.34,-19.80999999999949,24793.752
7799.35,-19.799999999999272,24745.018
7799.36,-19.789999999999964,24647.572
7799.37,-19.779999999999745,24598.863
7799.38,-19.769999999999527,24696.291
7799.39,-19.75999999999931,24745.018
7799.4,-19.75,24842.494
7799.41,-19.73999999999978,24940.002
7799.42,-19.729999999999563,24842.494
7799.43,-19.719999999999345,24598.863
7799.44,-19.710000000000036,24891.244
7799.45,-19.699999999999818,24842.494
7799.46,-19.6899999999996,24696.291
7799.47,-19.67999999999938,24598.863
7799.48,-19.670000000000073,24842.494
7799.49,-19.659999999999854,24696.291
7799.5,-19.649999999999636,24696.291
7799.51,-19.639999999999418,24793.752
7799.52,-19.6299999999992,24891.244
7799.53,-19.61999999999989,24793.752
7799.54,-19.609999999999673,24696.291
7799.55,-19.599999999999454,24647.572
7799.56,-19.589999999999236,24745.018
7799.57,-19.579999999999927,24696.291
7799.58,-19.56999999999971,24550.162
7799.59,-19.55999999999949,24793.752
7799.6,-19.549999999999272,24745.018
7799.61,-19.539999999999964,24647.572
7799.62,-19.529999999999745,24598.863
7799.63,-19.519999999999527,24842.494
7799.64,-19.50999999999931,24842.494
7799.65,-19.5,24550.162
7799.66,-19.48999999999978,24891.244
7799.67,-19.479999999999563,24793.752
7799.68,-19.469999999999345,24647.572
7799.69,-19.460000000000036,24988.77
7799.7,-19.449999999999818,24793.752
7799.71,-19.4399999999996,24647.572
7799.72,-19.42999999999938,24940.002
7799.73,-19.420000000000073,24745.018
7799.74,-19.409999999999854,24696.291
7799.75,-19.399999999999636,24793.752
7799.76,-19.389999999999418,24696.291
7799.77,-19.3799999999992,24745.018
7799.78,-19.36999999999989,24891.244
7799.79,-19.359999999999673,24891.244
7799.8,-19.349999999999454,24842.494
7799.81,-19.339999999999236,24940.002
7799.82,-19.329999999999927,24550.162
7799.83,-19.31999999999971,24647.572
7799.84,-19.30999999999949,24891.244
7799.85,-19.299999999999272,24842.494
7799.86,-19.289999999999964,24647.572
7799.87,-19.279999999999745,24940.002
7799.88,-19.269999999999527,24842.494
7799.89,-19.25999999999931,24793.752
7799.9,-19.25,24550.162
7799.91,-19.23999999999978,24842.494
7799.92,-19.229999999999563,24891.244
7799.93,-19.219999999999345,24647.572
7799.94,-19.210000000000036,24793.752
7799.95,-19.199999999999818,24891.244
7799.96,-19.1899999999996,24745.018
7799.97,-19.17999999999938,24696.291
7799.98,-19.170000000000073,24793.752
7799.99,-19.159999999999854,24842.494
7800.0,-19.149999999999636,24891.244
7800.01,-19.139999999999418,24842.494
7800.02,-19.1299999999992,24793.752
7800.03,-19.11999999999989,24696.291
7800.04,-19.109999999999673,24940.002
7800.05,-19.099999999999454,24550.162
7800.06,-19.089999999999236,24745.018
7800.07,-19.079999999999927,24745.018
7800.08,-19.06999999999971,24745.018
7800.09,-19.05999999999949,24745.018
7800.1,-19.049999999999272,24842.494
7800.11,-19.039999999999964,24647.572
7800.12,-19.029999999999745,24647.572
7800.13,-19.019999999999527,24598.863
7800.14,-19.00999999999931,24696.291
7800.15,-19.0,24696.291
7800.16,-18.98999999999978,24891.244
7800.17,-18.979999999999563,24745.018
7800.18,-18.969999999999345,24745.018
7800.19,-18.960000000000036,24696.291
7800.2,-18.949999999999818,24550.162
7800.21,-18.9399999999996,24647.572
7800.22,-18.92999999999938,24940.002
7800.23,-18.920000000000073,24793.752
7800.24,-18.909999999999854,24793.752
7800.25,-18.899999999999636,24891.244
7800.26,-18.889999999999418,24891.244
7800.27,-18.8799999999992,24842.494
7800.28,-18.86999999999989,24891.244
7800.29,-18.859999999999673,24940.002
7800.3,-18.849999999999454,24550.162
7800.31,-18.839999999999236,24891.244
7800.32,-18.829999999999927,24696.291
7800.33,-18.81999999999971,24988.77
7800.34,-18.80999999999949,24745.018
7800.35,-18.799999999999272,24598.863
7800.36,-18.789999999999964,24891.244
7800.37,-18.779999999999745,24745.018
7800.38,-18.769999999999527,24745.018
7800.39,-18.75999999999931,24745.018
7800.4,-18.75,24647.572
7800.41,-18.73999999999978,24793.752
7800.42,-18.729999999999563,24745.018
7800.43,-18.719999999999345,24696.291
7800.44,-18.710000000000036,24842.494
7800.45,-18.699999999999818,24598.863
7800.46,-18.6899999999996,24745.018
7800.47,-18.67999999999938,24598.863
7800.48,-18.670000000000073,24598.863
7800.49,-18.659999999999854,24988.77
7800.5,-18.649999999999636,24696.291
7800.51,-18.639999999999418,24696.291
7800.52,-18.6299999999992,24550.162
7800.53,-18.61999999999989,24842.494
7800.54,-18.609999999999673,24940.002
7800.55,-18.599999999999454,24891.244
7800.56,-18.589999999999236,24793.752
7800.57,-18.579999999999927,24745.018
7800.58,-18.56999999999971,24940.002
7800.59,-18.55999999999949,24842.494
7800.6,-18.549999999999272,24647.572
7800.61,-18.539999999999964,24745.018
7800.62,-18.529999999999745,24696.291
7800.63,-18.519999999999527,24842.494
7800.64,-18.50999999999931,24745.018
7800.65,-18.5,24647.572
7800.66,-18.48999999999978,24793.752
7800.67,-18.479999999999563,24891.244
7800.68,-18.469999999999345,24647.572
7800.69,-18.460000000000036,24745.018
7800.7,-18.449999999999818,24793.752
7800.71,-18.4399999999996,24940.002
7800.72,-18.42999999999938,24647.572
7800.73,-18.420000000000073,24891.244
7800.74,-18.409999999999854,24793.752
7800.75,-18.399999999999636,24891.244
7800.76,-18.389999999999418,24842.494
7800.77,-18.3799999999992,24647.572
7800.78,-18.36999999999989,24793.752
7800.79,-18.359999999999673,24647.572
7800.8,-18.349999999999454,24793.752
7800.81,-18.339999999999236,24793.752
7800.82,-18.329999999999927,24598.863
7800.83,-18.31999999999971,24647.572
7800.84,-18.30999999999949,24745.018
7800.85,-18.299999999999272,24696.291
7800.86,-18.289999999999964,24842.494
7800.87,-18.279999999999745,24745.018
7800.88,-18.269999999999527,24940.002
7800.89,-18.25999999999931,24745.018
7800.9,-18.25,24647.572
7800.91,-18.23999999999978,24842.494
7800.92,-18.229999999999563,24696.291
7800.93,-18.219999999999345,24647.572
7800.94,-18.210000000000036,24745.018
7800.95,-18.199999999999818,24891.244
7800.96,-18.1899999999996,24696.291
7800.97,-18.17999999999938,24793.752
7800.98,-18.170000000000073,24891.244
7800.99,-18.159999999999854,24891.244
7801.0,-18.149999999999636,24745.018
7801.01,-18.139999999999418,24842.494
7801.02,-18.1299999999992,24842.494
7801.03,-18.11999999999989,24988.77
7801.04,-18.109999999999673,24745.018
7801.05,-18.099999999999454,24793.752
7801.06,-18.089999999999236,24891.244
7801.07,-18.079999999999927,24696.291
7801.08,-18.06999999999971,24793.752
7801.09,-18.05999999999949,24745.018
7801.1,-18.049999999999272,24745.018
7801.11,-18.039999999999964,24647.572
7801.12,-18.029999999999745,24988.77
7801.13,-18.019999999999527,24891.244
7801.14,-18.00999999999931,24988.77
7801.15,-18.0,24647.572
7801.16,-17.98999999999978,24940.002
7801.17,-17.979999999999563,24793.752
7801.18,-17.969999999999345,24501.469
7801.19,-17.960000000000036,24696.291
7801.2,-17.949999999999818,24793.752
7801.21,-17.9399999999996,24647.572
7801.22,-17.92999999999938,24891.244
7801.23,-17.920000000000073,24647.572
7801.24,-17.909999999999854,24745.018
7801.25,-17.899999999999636,24647.572
7801.26,-17.889999999999418,24793.752
7801.27,-17.8799999999992,24842.494
7801.28,-17.86999999999989,24891.244
7801.29,-17.859999999999673,24891.244
7801.3,-17.849999999999454,24745.018
7801.31,-17.839999999999236,24793.752
7801.32,-17.829999999999927,23432.264
7801.33,-17.81999999999971,23577.832
7801.34,-17.80999999999949,23529.301
7801.35,-17.799999999999272,23577.832
7801.36,-17.789999999999964,23674.92
7801.37,-17.779999999999745,23626.373
7801.38,-17.769999999999527,23626.373
7801.39,-17.75999999999931,23577.832
7801.4,-17.75,23674.92
7801.41,-17.73999999999978,23577.832
7801.42,-17.729999999999563,23674.92
7801.43,-17.719999999999345,23480.779
7801.44,-17.710000000000036,23480.779
7801.45,-17.699999999999818,23577.832
7801.46,-17.6899999999996,23577.832
7801.47,-17.67999999999938,23626.373
7801.48,-17.670000000000073,23383.758
7801.49,-17.659999999999854,23480.779
7801.5,-17.649999999999636,23723.475
7801.51,-17.639999999999418,23869.189
7801.52,-17.6299999999992,23820.611
7801.53,-17.61999999999989,23820.611
7801.54,-17.609999999999673,23626.373
7801.55,-17.599999999999454,23772.039
7801.56,-17.589999999999236,23966.375
7801.57,-17.579999999999927,23820.611
7801.58,-17.56999999999971,24014.979
7801.59,-17.55999999999949,23917.777
7801.6,-17.549999999999272,23772.039
7801.61,-17.539999999999964,23820.611
7801.62,-17.529999999999745,23772.039
7801.63,-17.519999999999527,23772.039
7801.64,-17.50999999999931,23189.811
7801.65,-17.5,23480.779
7801.66,-17.48999999999978,23432.264
7801.67,-17.479999999999563,23480.779
7801.68,-17.469999999999345,23577.832
7801.69,-17.460000000000036,23480.779
7801.7,-17.449999999999818,23577.832
7801.71,-17.4399999999996,23529.301
7801.72,-17.42999999999938,23577.832
7801.73,-17.420000000000073,23480.779
7801.74,-17.409999999999854,23674.92
7801.75,-17.399999999999636,23529.301
7801.76,-17.389999999999418,23820.611
7801.77,-17.3799999999992,23432.264
7801.78,-17.36999999999989,23480.779
7801.79,-17.359999999999673,23529.301
7801.8,-17.349999999999454,23238.285
7801.81,-17.339999999999236,23383.758
7801.82,-17.329999999999927,23674.92
7801.83,-17.31999999999971,23723.475
7801.84,-17.30999999999949,23626.373
7801.85,-17.299999999999272,23674.92
7801.86,-17.289999999999964,23529.301
7801.87,-17.279999999999745,23820.611
7801.88,-17.269999999999527,23674.92
7801.89,-17.25999999999931,23869.189
7801.9,-17.25,23626.373
7801.91,-17.23999999999978,23577.832
7801.92,-17.229999999999563,23820.611
7801.93,-17.219999999999345,23723.475
7801.94,-17.210000000000036,23626.373
7801.95,-17.199999999999818,23141.346
7801.96,-17.1899999999996,23432.264
7801.97,-17.17999999999938,23577.832
7801.98,-17.170000000000073,23674.92
7801.99,-17.159999999999854,23772.039
7802.0,-17.149999999999636,23674.92
7802.01,-17.139999999999418,23772.039
7802.02,-17.1299999999992,23869.189
7802.03,-17.11999999999989,23772.039
7802.04,-17.109999999999673,23480.779
7802.05,-17.099999999999454,24014.979
7802.06,-17.089999999999236,23820.611
7802.07,-17.079999999999927,23917.777
7802.08,-17.06999999999971,23869.189
7802.09,-17.05999999999949,23772.039
7802.1,-17.049999999999272,23577.832
7802.11,-17.039999999999964,23238.285
7802.12,-17.029999999999745,23577.832
7802.13,-17.019999999999527,23820.611
7802.14,-17.00999999999931,23626.373
7802.15,-17.0,23723.475
7802.16,-16.98999999999978,23820.611
7802.17,-16.979999999999563,23869.189
7802.18,-16.969999999999345,23820.611
7802.19,-16.960000000000036,23772.039
7802.2,-16.949999999999818,23772.039
7802.21,-16.9399999999996,23917.777
7802.22,-16.92999999999938,23723.475
7802.23,-16.920000000000073,23772.039
7802.24,-16.909999999999854,23917.777
7802.25,-16.899999999999636,23626.373
7802.26,-16.889999999999418,23092.887
7802.27,-16.8799999999992,23383.758
7802.28,-16.86999999999989,23480.779
7802.29,-16.859999999999673,23723.475
7802.3,-16.849999999999454,23820.611
7802.31,-16.839999999999236,23772.039
7802.32,-16.829999999999927,23723.475
7802.33,-16.81999999999971,23529.301
7802.34,-16.80999999999949,23674.92
7802.35,-16.799999999999272,23674.92
7802.36,-16.789999999999964,23820.611
7802.37,-16.779999999999745,23480.779
7802.38,-16.769999999999527,23674.92
7802.39,-16.75999999999931,23772.039
7802.4,-16.75,23577.832
7802.41,-16.73999999999978,23432.264
7802.42,-16.729999999999563,23286.768
7802.43,-16.719999999999345,23480.779
7802.44,-16.710000000000036,23577.832
7802.45,-16.699999999999818,23674.92
7802.46,-16.6899999999996,23917.777
7802.47,-16.67999999999938,23723.475
7802.48,-16.670000000000073,23772.039
7802.49,-16.659999999999854,23917.777
7802.5,-16.649999999999636,23772.039
7802.51,-16.639999999999418,23917.777
7802.52,-16.6299999999992,23626.373
7802.53,-16.61999999999989,23723.475
7802.54,-16.609999999999673,23869.189
7802.55,-16.599999999999454,24014.979
7802.56,-16.589999999999236,23723.475
7802.57,-16.579999999999927,23189.811
7802.58,-16.56999999999971,23529.301
7802.59,-16.55999999999949,23723.475
7802.6,-16.549999999999272,23917.777
7802.61,-16.539999999999964,23674.92
7802.62,-16.529999999999745,23674.92
7802.63,-16.519999999999527,23626.373
7802.64,-16.50999999999931,23772.039
7802.65,-16.5,23674.92
7802.66,-16.48999999999978,23723.475
7802.67,-16.479999999999563,23674.92
7802.68,-16.469999999999345,23529.301
7802.69,-16.460000000000036,23626.373
7802.7,-16.449999999999818,23674.92
7802.71,-16.4399999999996,23723.475
7802.72,-16.42999999999938,23723.475
7802.73,-16.420000000000073,23286.768
7802.74,-16.409999999999854,23480.779
7802.75,-16.399999999999636,23577.832
7802.76,-16.389999999999418,23772.039
7802.77,-16.3799999999992,23723.475
7802.78,-16.36999999999989,23917.777
7802.79,-16.359999999999673,23820.611
7802.8,-16.349999999999454,23966.375
7802.81,-16.339999999999236,23917.777
7802.82,-16.329999999999927,23772.039
7802.83,-16.31999999999971,23917.777
7802.84,-16.30999999999949,23820.611
7802.85,-16.299999999999272,23869.189
7802.86,-16.289999999999964,23869.189
7802.87,-16.279999999999745,23723.475
7802.88,-16.269999999999527,22995.996
7802.89,-16.25999999999931,23432.264
7802.9,-16.25,23723.475
7802.91,-16.23999999999978,23674.92
7802.92,-16.229999999999563,23869.189
7802.93,-16.219999999999345,23772.039
7802.94,-16.210000000000036,23723.475
7802.95,-16.199999999999818,23723.475
7802.96,-16.1899999999996,23674.92
7802.97,-16.17999999999938,23820.611
7802.98,-16.170000000000073,23869.189
7802.99,-16.159999999999854,23917.777
7803.0,-16.149999999999636,23723.475
7803.01,-16.139999999999418,23869.189
7803.02,-16.1299999999992,23626.373
7803.03,-16.11999999999989,23723.475
7803.04,-16.109999999999673,23286.768
7803.05,-16.099999999999454,23286.768
7803.06,-16.089999999999236,23723.475
7803.07,-16.079999999999927,23577.832
7803.08,-16.06999999999971,23626.373
7803.09,-16.05999999999949,23577.832
7803.1,-16.049999999999272,23772.039
7803.11,-16.039999999999964,23626.373
7803.12,-16.029999999999745,23820.611
7803.13,-16.019999999999527,23820.611
7803.14,-16.00999999999931,23577.832
7803.15,-16.0,23529.301
7803.16,-15.989999999999782,23674.92
7803.17,-15.979999999999563,23674.92
7803.18,-15.969999999999345,23917.777
7803.19,-15.960000000000036,23092.887
7803.2,-15.949999999999818,23286.768
7803.21,-15.9399999999996,23674.92
7803.22,-15.929999999999382,23917.777
7803.23,-15.920000000000073,23674.92
7803.24,-15.909999999999854,23772.039
7803.25,-15.899999999999636,23820.611
7803.26,-15.889999999999418,23917.777
7803.27,-15.8799999999992,23917.777
7803.28,-15.86999999999989,24014.979
7803.29,-15.859999999999673,23966.375
7803.3,-15.849999999999454,23820.611
7803.31,-15.839999999999236,24209.477
7803.32,-15.829999999999927,24258.121
7803.33,-15.819999999999709,24014.979
7803.34,-15.80999999999949,23917.777
7803.35,-15.799999999999272,23432.264
7803.36,-15.789999999999964,23480.779
7803.37,-15.779999999999745,23723.475
7803.38,-15.769999999999527,23723.475
7803.39,-15.759999999999309,23723.475
7803.4,-15.75,23674.92
7803.41,-15.739999999999782,23723.475
7803.42,-15.729999999999563,23674.92
7803.43,-15.719999999999345,23577.832
7803.44,-15.710000000000036,23917.777
7803.45,-15.699999999999818,23772.039
7803.46,-15.6899999999996,23820.611
7803.47,-15.679999999999382,23674.92
7803.48,-15.670000000000073,23480.779
7803.49,-15.659999999999854,23820.611
7803.5,-15.649999999999636,23092.887
7803.51,-15.639999999999418,23286.768
7803.52,-15.6299999999992,23577.832
7803.53,-15.61999999999989,23723.475
7803.54,-15.609999999999673,23626.373
7803.55,-15.599999999999454,23674.92
7803.56,-15.589999999999236,23577.832
7803.57,-15.579999999999927,23772.039
7803.58,-15.569999999999709,23480.779
7803.59,-15.55999999999949,23869.189
7803.6,-15.549999999999272,23917.777
7803.61,-15.539999999999964,23772.039
7803.62,-15.529999999999745,23723.475
7803.63,-15.519999999999527,23820.611
7803.64,-15.509999999999309,23772.039
7803.65,-15.5,23626.373
7803.66,-15.489999999999782,23092.887
7803.67,-15.479999999999563,23383.758
7803.68,-15.469999999999345,23529.301
7803.69,-15.460000000000036,23626.373
7803.7,-15.449999999999818,23917.777
7803.71,-15.4399999999996,23674.92
7803.72,-15.429999999999382,23917.777
7803.73,-15.420000000000073,24014.979
7803.74,-15.409999999999854,23820.611
7803.75,-15.399999999999636,23626.373
7803.76,-15.389999999999418,23869.189
7803.77,-15.3799999999992,23772.039
7803.78,-15.36999999999989,23772.039
7803.79,-15.359999999999673,23772.039
7803.8,-15.349999999999454,23674.92
7803.81,-15.339999999999236,23286.768
7803.82,-15.329999999999927,23286.768
7803.83,-15.319999999999709,23674.92
7803.84,-15.30999999999949,23869.189
7803.85,-15.299999999999272,24112.211
7803.86,-15.289999999999964,23869.189
7803.87,-15.279999999999745,23820.611
7803.88,-15.269999999999527,23869.189
7803.89,-15.259999999999309,23869.189
7803.9,-15.25,23917.777
7803.91,-15.239999999999782,23869.189
7803.92,-15.229999999999563,23917.777
7803.93,-15.219999999999345,23869.189
7803.94,-15.210000000000036,23869.189
7803.95,-15.199999999999818,23869.189
7803.96,-15.1899999999996,23772.039
7803.97,-15.179999999999382,23286.768
7803.98,-15.170000000000073,23674.92
7803.99,-15.159999999999854,23917.777
7804.0,-15.149999999999636,23772.039
7804.01,-15.139999999999418,23723.475
7804.02,-15.1299999999992,23772.039
7804.03,-15.11999999999989,23820.611
7804.04,-15.109999999999673,23869.189
7804.05,-15.099999999999454,23820.611
7804.06,-15.089999999999236,24014.979
7804.07,-15.079999999999927,23869.189
7804.08,-15.069999999999709,23966.375
7804.09,-15.05999999999949,23869.189
7804.1,-15.049999999999272,23772.039
7804.11,-15.039999999999964,23772.039
7804.12,-15.029999999999745,23480.779
7804.13,-15.019999999999527,23335.258
7804.14,-15.009999999999309,23626.373
7804.15,-15.0,23674.92
7804.16,-14.989999999999782,23772.039
7804.17,-14.979999999999563,23869.189
7804.18,-14.969999999999345,23820.611
7804.19,-14.960000000000036,23577.832
7804.2,-14.949999999999818,23577.832
7804.21,-14.9399999999996,23723.475
7804.22,-14.929999999999382,23723.475
7804.23,-14.920000000000073,23674.92
7804.24,-14.909999999999854,23772.039
7804.25,-14.899999999999636,23820.611
7804.26,-14.889999999999418,23772.039
7804.27,-14.8799999999992,23674.92
7804.28,-14.86999999999989,23189.811
7804.29,-14.859999999999673,23529.301
7804.3,-14.849999999999454,23772.039
7804.31,-14.839999999999236,24014.979
7804.32,-14.829999999999927,23820.611
7804.33,-14.819999999999709,23723.475
7804.34,-14.80999999999949,23917.777
7804.35,-14.799999999999272,23723.475
7804.36,-14.789999999999964,23529.301
7804.37,-14.779999999999745,23820.611
7804.38,-14.769999999999527,23820.611
7804.39,-14.759999999999309,23674.92
7804.4,-14.75,24014.979
7804.41,-14.739999999999782,23772.039
7804.42,-14.729999999999563,23869.189
7804.43,-14.719999999999345,23432.264
7804.44,-14.710000000000036,23286.768
7804.45,-14.699999999999818,23626.373
7804.46,-14.6899999999996,23674.92
7804.47,-14.679999999999382,23723.475
7804.48,-14.670000000000073,23723.475
7804.49,-14.659999999999854,23674.92
7804.5,-14.649999999999636,23674.92
7804.51,-14.639999999999418,23674.92
7804.52,-14.6299999999992,23723.475
7804.53,-14.61999999999989,23626.373
7804.54,-14.609999999999673,23869.189
7804.55,-14.599999999999454,23674.92
7804.56,-14.589999999999236,23820.611
7804.57,-14.579999999999927,23674.92
7804.58,-14.569999999999709,23723.475
7804.59,-14.55999999999949,23189.811
7804.6,-14.549999999999272,23480.779
7804.61,-14.539999999999964,23577.832
7804.62,-14.529999999999745,23577.832
7804.63,-14.519999999999527,23723.475
7804.64,-14.509999999999309,23626.373
7804.65,-14.5,23723.475
7804.66,-14.489999999999782,23674.92
7804.67,-14.479999999999563,23674.92
7804.68,-14.469999999999345,23674.92
7804.69,-14.460000000000036,23480.779
7804.7,-14.449999999999818,23917.777
7804.71,-14.4399999999996,23869.189
7804.72,-14.429999999999382,23772.039
7804.73,-14.420000000000073,23917.777
7804.74,-14.409999999999854,23480.779
7804.75,-14.399999999999636,23238.285
7804.76,-14.389999999999418,23480.779
7804.77,-14.3799999999992,23869.189
7804.78,-14.36999999999989,23772.039
7804.79,-14.359999999999673,23723.475
7804.8,-14.349999999999454,23577.832
7804.81,-14.339999999999236,23772.039
7804.82,-14.329999999999927,23674.92
7804.83,-14.319999999999709,23772.039
7804.84,-14.30999999999949,23869.189
7804.85,-14.299999999999272,23820.611
7804.86,-14.289999999999964,23869.189
7804.87,-14.279999999999745,23772.039
7804.88,-14.269999999999527,23917.777
7804.89,-14.259999999999309,23966.375
7804.9,-14.25,23092.887
7804.91,-14.239999999999782,23286.768
7804.92,-14.229999999999563,23480.779
7804.93,-14.219999999999345,23335.258
7804.94,-14.210000000000036,23286.768
7804.95,-14.199999999999818,23480.779
7804.96,-14.1899999999996,23529.301
7804.97,-14.179999999999382,23480.779
7804.98,-14.170000000000073,23432.264
7804.99,-14.159999999999854,23335.258
7805.0,-14.149999999999636,23383.758
7805.01,-14.139999999999418,23529.301
7805.02,-14.1299999999992,23723.475
7805.03,-14.11999999999989,23383.758
7805.04,-14.109999999999673,23674.92
7805.05,-14.099999999999454,23480.779
7805.06,-14.089999999999236,23432.264
7805.07,-14.079999999999927,23529.301
7805.08,-14.069999999999709,23577.832
7805.09,-14.05999999999949,23820.611
7805.1,-14.049999999999272,23820.611
7805.11,-14.039999999999964,23772.039
7805.12,-14.029999999999745,23674.92
7805.13,-14.019999999999527,23869.189
7805.14,-14.009999999999309,23723.475
7805.15,-14.0,23723.475
7805.16,-13.989999999999782,23772.039
7805.17,-13.979999999999563,23772.039
7805.18,-13.969999999999345,23674.92
7805.19,-13.960000000000036,23772.039
7805.2,-13.949999999999818,23917.777
7805.21,-13.9399999999996,23383.758
7805.22,-13.929999999999382,23529.301
7805.23,-13.920000000000073,23674.92
7805.24,-13.909999999999854,23772.039
7805.25,-13.899999999999636,23966.375
7805.26,-13.889999999999418,23869.189
7805.27,-13.8799999999992,23917.777
7805.28,-13.86999999999989,23577.832
7805.29,-13.859999999999673,23917.777
7805.3,-13.849999999999454,23869.189
7805.31,-13.839999999999236,23869.189
7805.32,-13.829999999999927,23917.777
7805.33,-13.819999999999709,23917.777
7805.34,-13.80999999999949,23820.611
7805.35,-13.799999999999272,23772.039
7805.36,-13.789999999999964,23772.039
7805.37,-13.779999999999745,23286.768
7805.38,-13.769999999999527,23674.92
7805.39,-13.759999999999309,23820.611
7805.4,-13.75,23674.92
7805.41,-13.739999999999782,23723.475
7805.42,-13.729999999999563,23674.92
7805.43,-13.719999999999345,23869.189
7805.44,-13.710000000000036,24063.592
7805.45,-13.699999999999818,24014.979
7805.46,-13.6899999999996,23917.777
7805.47,-13.679999999999382,23869.189
7805.48,-13.670000000000073,24112.211
7805.49,-13.659999999999854,23917.777
7805.5,-13.649999999999636,23869.189
7805.51,-13.639999999999418,23480.779
7805.52,-13.6299999999992,23189.811
7805.53,-13.61999999999989,23529.301
7805.54,-13.609999999999673,23820.611
7805.55,-13.599999999999454,23626.373
7805.56,-13.589999999999236,24112.211
7805.57,-13.579999999999927,23917.777
7805.58,-13.569999999999709,23820.611
7805.59,-13.55999999999949,23966.375
7805.6,-13.549999999999272,23966.375
7805.61,-13.539999999999964,23869.189
7805.62,-13.529999999999745,23674.92
7805.63,-13.519999999999527,23917.777
7805.64,-13.509999999999309,24014.979
7805.65,-13.5,23917.777
7805.66,-13.489999999999782,24014.979
7805.67,-13.479999999999563,23772.039
7805.68,-13.469999999999345,23335.258
7805.69,-13.460000000000036,23286.768
7805.7,-13.449999999999818,23820.611
7805.71,-13.4399999999996,23966.375
7805.72,-13.429999999999382,23772.039
7805.73,-13.420000000000073,23917.777
7805.74,-13.409999999999854,23674.92
7805.75,-13.399999999999636,23820.611
7805.76,-13.389999999999418,23869.189
7805.77,-13.3799999999992,23869.189
7805.78,-13.36999999999989,23869.189
7805.79,-13.359999999999673,23772.039
7805.8,-13.349999999999454,23869.189
7805.81,-13.339999999999236,23917.777
7805.82,-13.329999999999927,23966.375
7805.83,-13.319999999999709,23335.258
7805.84,-13.30999999999949,23480.779
7805.85,-13.299999999999272,23772.039
7805.86,-13.289999999999964,23772.039
7805.87,-13.279999999999745,23626.373
7805.88,-13.269999999999527,23626.373
7805.89,-13.259999999999309,23917.777
7805.9,-13.25,23723.475
7805.91,-13.239999999999782,23820.611
7805.92,-13.229999999999563,23869.189
7805.93,-13.219999999999345,23917.777
7805.94,-13.210000000000036,23772.039
7805.95,-13.199999999999818,23820.611
7805.96,-13.1899999999996,23820.611
7805.97,-13.179999999999382,23820.611
7805.98,-13.170000000000073,23723.475
7805.99,-13.159999999999854,23044.438
7806.0,-13.149999999999636,23577.832
7806.01,-13.139999999999418,23772.039
7806.02,-13.1299999999992,23966.375
7806.03,-13.11999999999989,23869.189
7806.04,-13.109999999999673,23772.039
7806.05,-13.099999999999454,23820.611
7806.06,-13.089999999999236,23772.039
7806.07,-13.079999999999927,23820.611
7806.08,-13.069999999999709,23917.777
7806.09,-13.05999999999949,23966.375
7806.1,-13.049999999999272,23869.189
7806.11,-13.039999999999964,23869.189
7806.12,-13.029999999999745,23869.189
7806.13,-13.019999999999527,23772.039
7806.14,-13.009999999999309,23238.285
7806.15,-13.0,23286.768
7806.16,-12.989999999999782,23529.301
7806.17,-12.979999999999563,23917.777
7806.18,-12.969999999999345,23674.92
7806.19,-12.960000000000036,23869.189
7806.2,-12.949999999999818,23772.039
7806.21,-12.9399999999996,23869.189
7806.22,-12.929999999999382,24063.592
7806.23,-12.920000000000073,23820.611
7806.24,-12.909999999999854,23820.611
7806.25,-12.899999999999636,23820.611
7806.26,-12.889999999999418,23869.189
7806.27,-12.8799999999992,23674.92
7806.28,-12.86999999999989,23674.92
7806.29,-12.859999999999673,23723.475
7806.3,-12.849999999999454,23432.264
7806.31,-12.839999999999236,22318.664
7806.32,-12.829999999999927,21691.139
7806.33,-12.819999999999709,21353.809
7806.34,-12.80999999999949,21594.717
7806.35,-12.799999999999272,21401.973
7806.36,-12.789999999999964,22463.672
7806.37,-12.779999999999745,24209.477
7806.38,-12.769999999999527,23869.189
7806.39,-12.759999999999309,23238.285
7806.4,-12.75,24112.211
7806.41,-12.739999999999782,24404.105
7806.42,-12.729999999999563,24404.105
7806.43,-12.719999999999345,24355.436
7806.44,-12.710000000000036,24404.105
7806.45,-12.699999999999818,24355.436
7806.46,-12.6899999999996,24501.469
7806.47,-12.679999999999382,24598.863
7806.48,-12.670000000000073,24452.783
7806.49,-12.659999999999854,24598.863
7806.5,-12.649999999999636,24647.572
7806.51,-12.639999999999418,24550.162
7806.52,-12.6299999999992,24452.783
7806.53,-12.61999999999989,24404.105
7806.54,-12.609999999999673,24647.572
7806.55,-12.599999999999454,24501.469
7806.56,-12.589999999999236,24647.572
7806.57,-12.579999999999927,24501.469
7806.58,-12.569999999999709,24598.863
7806.59,-12.55999999999949,24647.572
7806.6,-12.549999999999272,24404.105
7806.61,-12.539999999999964,24550.162
7806.62,-12.529999999999745,24501.469
7806.63,-12.519999999999527,24452.783
7806.64,-12.509999999999309,24404.105
7806.65,-12.5,24647.572
7806.66,-12.489999999999782,24501.469
7806.67,-12.479999999999563,24501.469
7806.68,-12.469999999999345,24501.469
7806.69,-12.460000000000036,24404.105
7806.7,-12.449999999999818,24598.863
7806.71,-12.4399999999996,24598.863
7806.72,-12.429999999999382,24647.572
7806.73,-12.420000000000073,24501.469
7806.74,-12.409999999999854,24404.105
7806.75,-12.399999999999636,24501.469
7806.76,-12.389999999999418,24647.572
7806.77,-12.3799999999992,24647.572
7806.78,-12.36999999999989,24647.572
7806.79,-12.359999999999673,24647.572
7806.8,-12.349999999999454,24647.572
7806.81,-12.339999999999236,24501.469
7806.82,-12.329999999999927,24306.775
7806.83,-12.319999999999709,24598.863
7806.84,-12.30999999999949,24355.436
7806.85,-12.299999999999272,24258.121
7806.86,-12.289999999999964,24550.162
7806.87,-12.279999999999745,24647.572
7806.88,-12.269999999999527,24647.572
7806.89,-12.259999999999309,24647.572
7806.9,-12.25,24501.469
7806.91,-12.239999999999782,24355.436
7806.92,-12.229999999999563,24404.105
7806.93,-12.219999999999345,24550.162
7806.94,-12.210000000000036,24598.863
7806.95,-12.199999999999818,24696.291
7806.96,-12.1899999999996,24355.436
7806.97,-12.179999999999382,24452.783
7806.98,-12.170000000000073,24306.775
7806.99,-12.159999999999854,24452.783
7807.0,-12.149999999999636,24647.572
7807.01,-12.139999999999418,24745.018
7807.02,-12.1299999999992,24306.775
7807.03,-12.11999999999989,24355.436
7807.04,-12.109999999999673,24452.783
7807.05,-12.099999999999454,24550.162
7807.06,-12.089999999999236,24598.863
7807.07,-12.079999999999927,24452.783
7807.08,-12.069999999999709,24501.469
7807.09,-12.05999999999949,24355.436
7807.1,-12.049999999999272,24452.783
7807.11,-12.039999999999964,24647.572
7807.12,-12.029999999999745,24745.018
7807.13,-12.019999999999527,24647.572
7807.14,-12.009999999999309,24647.572
7807.15,-12.0,24647.572
7807.16,-11.989999999999782,24745.018
7807.17,-11.979999999999563,24745.018
7807.18,-11.969999999999345,24452.783
7807.19,-11.960000000000036,24745.018
7807.2,-11.949999999999818,24793.752
7807.21,-11.9399999999996,24891.244
7807.22,-11.929999999999382,24745.018
7807.23,-11.920000000000073,24696.291
7807.24,-11.909999999999854,24793.752
7807.25,-11.899999999999636,24598.863
7807.26,-11.889999999999418,24745.018
7807.27,-11.8799999999992,24404.105
7807.28,-11.86999999999989,24501.469
7807.29,-11.859999999999673,24745.018
7807.3,-11.849999999999454,24598.863
7807.31,-11.839999999999236,24647.572
7807.32,-11.829999999999927,24696.291
7807.33,-11.819999999999709,24745.018
7807.34,-11.80999999999949,24647.572
7807.35,-11.799999999999272,24647.572
7807.36,-11.789999999999964,24598.863
7807.37,-11.779999999999745,24598.863
7807.38,-11.769999999999527,24745.018
7807.39,-11.759999999999309,24647.572
7807.4,-11.75,24550.162
7807.41,-11.739999999999782,24696.291
7807.42,-11.729999999999563,24452.783
7807.43,-11.719999999999345,24745.018
7807.44,-11.710000000000036,24647.572
7807.45,-11.699999999999818,24745.018
7807.46,-11.6899999999996,24647.572
7807.47,-11.679999999999382,24550.162
7807.48,-11.670000000000073,24647.572
7807.49,-11.659999999999854,24647.572
7807.5,-11.649999999999636,24647.572
7807.51,-11.639999999999418,24696.291
7807.52,-11.6299999999992,24598.863
7807.53,-11.61999999999989,24647.572
7807.54,-11.609999999999673,24696.291
7807.55,-11.599999999999454,24598.863
7807.56,-11.589999999999236,24647.572
7807.57,-11.579999999999927,24647.572
7807.58,-11.569999999999709,24550.162
7807.59,-11.55999999999949,24647.572
7807.6,-11.549999999999272,24550.162
7807.61,-11.539999999999964,24696.291
7807.62,-11.529999999999745,24696.291
7807.63,-11.519999999999527,24647.572
7807.64,-11.509999999999309,24550.162
7807.65,-11.5,24550.162
7807.66,-11.489999999999782,24745.018
7807.67,-11.479999999999563,24696.291
7807.68,-11.469999999999345,24745.018
7807.69,-11.460000000000036,24696.291
7807.7,-11.449999999999818,24647.572
7807.71,-11.4399999999996,24598.863
7807.72,-11.429999999999382,24501.469
7807.73,-11.420000000000073,24647.572
7807.74,-11.409999999999854,24891.244
7807.75,-11.399999999999636,24696.291
7807.76,-11.389999999999418,24647.572
7807.77,-11.3799999999992,24598.863
7807.78,-11.36999999999989,24647.572
7807.79,-11.359999999999673,24793.752
7807.8,-11.349999999999454,24745.018
7807.81,-11.339999999999236,24793.752
7807.82,-11.329999999999927,24696.291
7807.83,-11.319999999999709,24696.291
7807.84,-11.30999999999949,24745.018
7807.85,-11.299999999999272,24647.572
7807.86,-11.289999999999964,24598.863
7807.87,-11.279999999999745,24647.572
7807.88,-11.269999999999527,24793.752
7807.89,-11.259999999999309,24647.572
7807.9,-11.25,24452.783
7807.91,-11.239999999999782,24696.291
7807.92,-11.229999999999563,24696.291
7807.93,-11.219999999999345,24501.469
7807.94,-11.210000000000036,24647.572
7807.95,-11.199999999999818,24647.572
7807.96,-11.1899999999996,24696.291
7807.97,-11.179999999999382,24550.162
7807.98,-11.170000000000073,24647.572
7807.99,-11.159999999999854,24550.162
7808.0,-11.149999999999636,24647.572
7808.01,-11.139999999999418,24842.494
7808.02,-11.1299999999992,24696.291
7808.03,-11.11999999999989,24550.162
7808.04,-11.109999999999673,24793.752
7808.05,-11.099999999999454,24647.572
7808.06,-11.089999999999236,24745.018
7808.07,-11.079999999999927,24647.572
7808.08,-11.069999999999709,24647.572
7808.09,-11.05999999999949,24647.572
7808.1,-11.049999999999272,24647.572
7808.11,-11.039999999999964,24696.291
7808.12,-11.029999999999745,24501.469
7808.13,-11.019999999999527,24696.291
7808.14,-11.009999999999309,24550.162
7808.15,-11.0,24598.863
7808.16,-10.989999999999782,24696.291
7808.17,-10.979999999999563,24647.572
7808.18,-10.969999999999345,24452.783
7808.19,-10.960000000000036,24598.863
7808.2,-10.949999999999818,24891.244
7808.21,-10.9399999999996,24598.863
7808.22,-10.929999999999382,24647.572
7808.23,-10.920000000000073,24647.572
7808.24,-10.909999999999854,24452.783
7808.25,-10.899999999999636,24598.863
7808.26,-10.889999999999418,24598.863
7808.27,-10.8799999999992,24647.572
7808.28,-10.86999999999989,24696.291
7808.29,-10.859999999999673,24647.572
7808.3,-10.849999999999454,24647.572
7808.31,-10.839999999999236,24598.863
7808.32,-10.829999999999927,24647.572
7808.33,-10.819999999999709,24501.469
7808.34,-10.80999999999949,24598.863
7808.35,-10.799999999999272,24501.469
7808.36,-10.789999999999964,24696.291
7808.37,-10.779999999999745,24891.244
7808.38,-10.769999999999527,24647.572
7808.39,-10.759999999999309,24696.291
7808.4,-10.75,24550.162
7808.41,-10.739999999999782,24598.863
7808.42,-10.729999999999563,24696.291
7808.43,-10.719999999999345,24598.863
7808.44,-10.710000000000036,24891.244
7808.45,-10.699999999999818,24696.291
7808.46,-10.6899999999996,24647.572
7808.47,-10.679999999999382,24452.783
7808.48,-10.670000000000073,24598.863
7808.49,-10.659999999999854,24452.783
7808.5,-10.649999999999636,24598.863
7808.51,-10.639999999999418,24745.018
7808.52,-10.6299999999992,24745.018
7808.53,-10.61999999999989,24647.572
7808.54,-10.609999999999673,24647.572
7808.55,-10.599999999999454,24745.018
7808.56,-10.589999999999236,24696.291
7808.57,-10.579999999999927,24647.572
7808.58,-10.569999999999709,24598.863
7808.59,-10.55999999999949,24891.244
7808.6,-10.549999999999272,24696.291
7808.61,-10.539999999999964,24696.291
7808.62,-10.529999999999745,24745.018
7808.63,-10.519999999999527,24891.244
7808.64,-10.509999999999309,24647.572
7808.65,-10.5,24745.018
7808.66,-10.489999999999782,24647.572
7808.67,-10.479999999999563,24452.783
7808.68,-10.469999999999345,24404.105
7808.69,-10.460000000000036,24696.291
7808.7,-10.449999999999818,24598.863
7808.71,-10.4399999999996,24647.572
7808.72,-10.429999999999382,24501.469
7808.73,-10.420000000000073,24842.494
7808.74,-10.409999999999854,24647.572
7808.75,-10.399999999999636,24647.572
7808.76,-10.389999999999418,24647.572
7808.77,-10.3799999999992,24647.572
7808.78,-10.36999999999989,24940.002
7808.79,-10.359999999999673,24842.494
7808.8,-10.349999999999454,24842.494
7808.81,-10.339999999999236,24793.752
7808.82,-10.329999999999927,24647.572
7808.83,-10.319999999999709,24745.018
7808.84,-10.30999999999949,24598.863
7808.85,-10.299999999999272,24647.572
7808.86,-10.289999999999964,24550.162
7808.87,-10.279999999999745,24598.863
7808.88,-10.269999999999527,24550.162
7808.89,-10.259999999999309,24452.783
7808.9,-10.25,24550.162
7808.91,-10.239999999999782,24598.863
7808.92,-10.229999999999563,24598.863
7808.93,-10.219999999999345,24745.018
7808.94,-10.210000000000036,24745.018
7808.95,-10.199999999999818,24647.572
7808.96,-10.1899999999996,24452.783
7808.97,-10.179999999999382,24842.494
7808.98,-10.170000000000073,24647.572
7808.99,-10.159999999999854,24842.494
7809.0,-10.149999999999636,24647.572
7809.01,-10.139999999999418,24696.291
7809.02,-10.1299999999992,24745.018
7809.03,-10.11999999999989,24647.572
7809.04,-10.109999999999673,24793.752
7809.05,-10.099999999999454,24647.572
7809.06,-10.089999999999236,24793.752
7809.07,-10.079999999999927,24647.572
7809.08,-10.069999999999709,24793.752
7809.09,-10.05999999999949,24598.863
7809.1,-10.049999999999272,24598.863
7809.11,-10.039999999999964,24696.291
7809.12,-10.029999999999745,24550.162
7809.13,-10.019999999999527,24647.572
7809.14,-10.009999999999309,24452.783
7809.15,-10.0,24745.018
7809.16,-9.989999999999782,24647.572
7809.17,-9.979999999999563,24501.469
7809.18,-9.969999999999345,24452.783
7809.19,-9.960000000000036,24647.572
7809.2,-9.949999999999818,24452.783
7809.21,-9.9399999999996,24647.572
7809.22,-9.929999999999382,24745.018
7809.23,-9.920000000000073,24452.783
7809.24,-9.909999999999854,24209.477
7809.25,-9.899999999999636,23092.887
7809.26,-9.889999999999418,22995.996
7809.27,-9.8799999999992,22850.719
7809.28,-9.86999999999989,22512.023
7809.29,-9.859999999999673,22560.385
7809.3,-9.849999999999454,22753.908
7809.31,-9.839999999999236,22512.023
7809.32,-9.829999999999927,22512.023
7809.33,-9.819999999999709,22802.309
7809.34,-9.80999999999949,22850.719
7809.35,-9.799999999999272,22899.137
7809.36,-9.789999999999964,22463.672
7809.37,-9.779999999999745,22463.672
7809.38,-9.769999999999527,22512.023
7809.39,-9.759999999999309,22512.023
7809.4,-9.75,22560.385
7809.41,-9.739999999999782,22560.385
7809.42,-9.729999999999563,22512.023
7809.43,-9.719999999999345,22705.516
7809.44,-9.710000000000036,22608.754
7809.45,-9.699999999999818,22463.672
7809.46,-9.6899999999996,22657.131
7809.47,-9.679999999999382,22366.992
7809.48,-9.670000000000073,22657.131
7809.49,-9.659999999999854,22753.908
7809.5,-9.649999999999636,22753.908
7809.51,-9.639999999999418,22705.516
7809.52,-9.6299999999992,22705.516
7809.53,-9.61999999999989,22512.023
7809.54,-9.609999999999673,22560.385
7809.55,-9.599999999999454,22608.754
7809.56,-9.589999999999236,22608.754
7809.57,-9.579999999999927,22657.131
7809.58,-9.569999999999709,22802.309
7809.59,-9.55999999999949,22753.908
7809.6,-9.549999999999272,22657.131
7809.61,-9.539999999999964,22512.023
7809.62,-9.529999999999745,22415.328
7809.63,-9.519999999999527,22125.432
7809.64,-9.509999999999309,22366.992
7809.65,-9.5,22366.992
7809.66,-9.489999999999782,22512.023
7809.67,-9.479999999999563,22608.754
7809.68,-9.469999999999345,22560.385
7809.69,-9.460000000000036,22608.754
7809.7,-9.449999999999818,22608.754
7809.71,-9.4399999999996,22947.563
7809.72,-9.429999999999382,22560.385
7809.73,-9.420000000000073,22463.672
7809.74,-9.409999999999854,22366.992
7809.75,-9.399999999999636,22366.992
7809.76,-9.389999999999418,22463.672
7809.77,-9.3799999999992,22753.908
7809.78,-9.36999999999989,22415.328
7809.79,-9.359999999999673,22657.131
7809.8,-9.349999999999454,22560.385
7809.81,-9.339999999999236,22512.023
7809.82,-9.329999999999927,22657.131
7809.83,-9.319999999999709,22318.664
7809.84,-9.30999999999949,22608.754
7809.85,-9.299999999999272,22512.023
7809.86,-9.289999999999964,22753.908
7809.87,-9.279999999999745,22705.516
7809.88,-9.269999999999527,22802.309
7809.89,-9.259999999999309,22753.908
7809.9,-9.25,22705.516
7809.91,-9.239999999999782,22705.516
7809.92,-9.229999999999563,22415.328
7809.93,-9.219999999999345,22560.385
7809.94,-9.210000000000036,22560.385
7809.95,-9.199999999999818,22560.385
7809.96,-9.1899999999996,22318.664
7809.97,-9.179999999999382,22753.908
7809.98,-9.170000000000073,22753.908
7809.99,-9.159999999999854,22753.908
7810.0,-9.149999999999636,22705.516
7810.01,-9.139999999999418,22512.023
7810.02,-9.1299999999992,22608.754
7810.03,-9.11999999999989,22608.754
7810.04,-9.109999999999673,22608.754
7810.05,-9.099999999999454,22560.385
7810.06,-9.089999999999236,22802.309
7810.07,-9.079999999999927,22512.023
7810.08,-9.069999999999709,22608.754
7810.09,-9.05999999999949,22753.908
7810.1,-9.049999999999272,22318.664
7810.11,-9.039999999999964,22560.385
7810.12,-9.029999999999745,22657.131
7810.13,-9.019999999999527,22318.664
7810.14,-9.009999999999309,22463.672
7810.15,-9.0,22463.672
7810.16,-8.989999999999782,22512.023
7810.17,-8.979999999999563,22366.992
7810.18,-8.969999999999345,22657.131
7810.19,-8.960000000000036,22802.309
7810.2,-8.949999999999818,22802.309
7810.21,-8.9399999999996,22705.516
7810.22,-8.929999999999382,22318.664
7810.23,-8.920000000000073,22318.664
7810.24,-8.909999999999854,22560.385
7810.25,-8.899999999999636,22512.023
7810.26,-8.889999999999418,22463.672
7810.27,-8.8799999999992,22318.664
7810.28,-8.86999999999989,22270.344
7810.29,-8.859999999999673,22512.023
7810.3,-8.849999999999454,22318.664
7810.31,-8.839999999999236,22608.754
7810.32,-8.829999999999927,22512.023
7810.33,-8.819999999999709,22366.992
7810.34,-8.80999999999949,22270.344
7810.35,-8.799999999999272,22366.992
7810.36,-8.789999999999964,22173.729
7810.37,-8.779999999999745,22125.432
7810.38,-8.769999999999527,22415.328
7810.39,-8.759999999999309,22463.672
7810.4,-8.75,22753.908
7810.41,-8.739999999999782,22608.754
7810.42,-8.729999999999563,22560.385
7810.43,-8.719999999999345,22415.328
7810.44,-8.710000000000036,22270.344
7810.45,-8.699999999999818,22173.729
7810.46,-8.6899999999996,22173.729
7810.47,-8.679999999999382,21980.594
7810.48,-8.670000000000073,22222.031
7810.49,-8.659999999999854,22415.328
7810.5,-8.649999999999636,22270.344
7810.51,-8.639999999999418,22415.328
7810.52,-8.6299999999992,22560.385
7810.53,-8.61999999999989,22512.023
7810.54,-8.609999999999673,22560.385
7810.55,-8.599999999999454,22560.385
7810.56,-8.589999999999236,22560.385
7810.57,-8.579999999999927,22366.992
7810.58,-8.569999999999709,22318.664
7810.59,-8.55999999999949,22657.131
7810.6,-8.549999999999272,22705.516
7810.61,-8.539999999999964,22850.719
7810.62,-8.529999999999745,22657.131
7810.63,-8.519999999999527,22560.385
7810.64,-8.509999999999309,22560.385
7810.65,-8.5,22366.992
7810.66,-8.489999999999782,22318.664
7810.67,-8.479999999999563,22512.023
7810.68,-8.469999999999345,22415.328
7810.69,-8.460000000000036,22512.023
7810.7,-8.449999999999818,22560.385
7810.71,-8.4399999999996,22318.664
7810.72,-8.429999999999382,22608.754
7810.73,-8.420000000000073,22753.908
7810.74,-8.409999999999854,22512.023
7810.75,-8.399999999999636,22560.385
7810.76,-8.389999999999418,22512.023
7810.77,-8.3799999999992,22560.385
7810.78,-8.36999999999989,22415.328
7810.79,-8.359999999999673,22415.328
7810.8,-8.349999999999454,22222.031
7810.81,-8.339999999999236,22657.131
7810.82,-8.329999999999927,22512.023
7810.83,-8.319999999999709,22753.908
7810.84,-8.30999999999949,22560.385
7810.85,-8.299999999999272,22560.385
7810.86,-8.289999999999964,22608.754
7810.87,-8.279999999999745,22415.328
7810.88,-8.269999999999527,22366.992
7810.89,-8.259999999999309,22270.344
7810.9,-8.25,22560.385
7810.91,-8.239999999999782,22753.908
7810.92,-8.229999999999563,22802.309
7810.93,-8.219999999999345,22802.309
7810.94,-8.210000000000036,22850.719
7810.95,-8.199999999999818,22657.131
7810.96,-8.1899999999996,22512.023
7810.97,-8.179999999999382,22512.023
7810.98,-8.170000000000073,22318.664
7810.99,-8.159999999999854,22366.992
7811.0,-8.149999999999636,22415.328
7811.01,-8.139999999999418,22560.385
7811.02,-8.1299999999992,22753.908
7811.03,-8.11999999999989,22705.516
7811.04,-8.109999999999673,22850.719
7811.05,-8.099999999999454,22560.385
7811.06,-8.089999999999236,22608.754
7811.07,-8.079999999999927,22463.672
7811.08,-8.069999999999709,22657.131
7811.09,-8.05999999999949,22512.023
7811.1,-8.049999999999272,22512.023
7811.11,-8.039999999999964,22560.385
7811.12,-8.029999999999745,22608.754
7811.13,-8.019999999999527,22947.563
7811.14,-8.009999999999309,22753.908
7811.15,-8.0,22753.908
7811.16,-7.989999999999782,22463.672
7811.17,-7.979999999999563,22657.131
7811.18,-7.969999999999345,22366.992
7811.19,-7.960000000000036,22463.672
7811.2,-7.949999999999818,22222.031
7811.21,-7.9399999999996,22415.328
7811.22,-7.9299999999993815,22753.908
7811.23,-7.920000000000073,22753.908
7811.24,-7.9099999999998545,22753.908
7811.25,-7.899999999999636,22657.131
7811.26,-7.889999999999418,22657.131
7811.27,-7.8799999999992,22512.023
7811.28,-7.869999999999891,22463.672
7811.29,-7.859999999999673,22366.992
7811.3,-7.849999999999454,22463.672
7811.31,-7.839999999999236,22366.992
7811.32,-7.829999999999927,22270.344
7811.33,-7.819999999999709,22415.328
7811.34,-7.809999999999491,22512.023
7811.35,-7.799999999999272,22512.023
7811.36,-7.789999999999964,22608.754
7811.37,-7.779999999999745,22366.992
7811.38,-7.769999999999527,22366.992
7811.39,-7.759999999999309,22415.328
7811.4,-7.75,22463.672
7811.41,-7.739999999999782,22270.344
7811.42,-7.729999999999563,22270.344
7811.43,-7.719999999999345,22463.672
7811.44,-7.710000000000036,22415.328
7811.45,-7.699999999999818,22415.328
7811.46,-7.6899999999996,22560.385
7811.47,-7.6799999999993815,22318.664
7811.48,-7.670000000000073,22512.023
7811.49,-7.6599999999998545,22415.328
7811.5,-7.649999999999636,22222.031
7811.51,-7.639999999999418,22173.729
7811.52,-7.6299999999992,22077.145
7811.53,-7.619999999999891,22270.344
7811.54,-7.609999999999673,22657.131
7811.55,-7.599999999999454,22463.672
7811.56,-7.589999999999236,22705.516
7811.57,-7.579999999999927,22415.328
7811.58,-7.569999999999709,22366.992
7811.59,-7.559999999999491,22270.344
7811.6,-7.549999999999272,22318.664
7811.61,-7.539999999999964,22608.754
7811.62,-7.529999999999745,22560.385
7811.63,-7.519999999999527,22657.131
7811.64,-7.509999999999309,22705.516
7811.65,-7.5,22657.131
7811.66,-7.489999999999782,22657.131
7811.67,-7.479999999999563,22753.908
7811.68,-7.469999999999345,22705.516
7811.69,-7.460000000000036,22560.385
7811.7,-7.449999999999818,22463.672
7811.71,-7.4399999999996,22512.023
7811.72,-7.4299999999993815,22463.672
7811.73,-7.420000000000073,22512.023
7811.74,-7.4099999999998545,22560.385
7811.75,-7.399999999999636,22318.664
7811.76,-7.389999999999418,22705.516
7811.77,-7.3799999999992,22512.023
7811.78,-7.369999999999891,22318.664
7811.79,-7.359999999999673,22705.516
7811.8,-7.349999999999454,22657.131
7811.81,-7.339999999999236,22512.023
7811.82,-7.329999999999927,22415.328
7811.83,-7.319999999999709,22512.023
7811.84,-7.309999999999491,22415.328
7811.85,-7.299999999999272,22512.023
7811.86,-7.289999999999964,22560.385
7811.87,-7.279999999999745,22947.563
7811.88,-7.269999999999527,22366.992
7811.89,-7.259999999999309,22512.023
7811.9,-7.25,22318.664
7811.91,-7.239999999999782,22463.672
7811.92,-7.229999999999563,22560.385
7811.93,-7.219999999999345,22657.131
7811.94,-7.210000000000036,22415.328
7811.95,-7.199999999999818,22657.131
7811.96,-7.1899999999996,22657.131
7811.97,-7.1799999999993815,22850.719
7811.98,-7.170000000000073,22657.131
7811.99,-7.1599999999998545,22753.908
7812.0,-7.149999999999636,22657.131
7812.01,-7.139999999999418,22512.023
7812.02,-7.1299999999992,22560.385
7812.03,-7.119999999999891,22415.328
7812.04,-7.109999999999673,22415.328
7812.05,-7.099999999999454,22512.023
7812.06,-7.089999999999236,22705.516
7812.07,-7.079999999999927,22657.131
7812.08,-7.069999999999709,22705.516
7812.09,-7.059999999999491,22802.309
7812.1,-7.049999999999272,22657.131
7812.11,-7.039999999999964,22512.023
7812.12,-7.029999999999745,22270.344
7812.13,-7.019999999999527,22173.729
7812.14,-7.009999999999309,22270.344
7812.15,-7.0,22366.992
7812.16,-6.989999999999782,22560.385
7812.17,-6.979999999999563,22560.385
7812.18,-6.969999999999345,22512.023
7812.19,-6.960000000000036,22512.023
7812.2,-6.949999999999818,22415.328
7812.21,-6.9399999999996,22318.664
7812.22,-6.9299999999993815,22366.992
7812.23,-6.920000000000073,22318.664
7812.24,-6.9099999999998545,22270.344
7812.25,-6.899999999999636,22560.385
7812.26,-6.889999999999418,22318.664
7812.27,-6.8799999999992,22463.672
7812.28,-6.869999999999891,22705.516
7812.29,-6.859999999999673,22705.516
7812.3,-6.849999999999454,22560.385
7812.31,-6.839999999999236,22705.516
7812.32,-6.829999999999927,22657.131
7812.33,-6.819999999999709,22560.385
7812.34,-6.809999999999491,22657.131
7812.35,-6.799999999999272,22512.023
7812.36,-6.789999999999964,22318.664
7812.37,-6.779999999999745,22657.131
7812.38,-6.769999999999527,22318.664
7812.39,-6.759999999999309,22512.023
7812.4,-6.75,22512.023
7812.41,-6.739999999999782,22705.516
7812.42,-6.729999999999563,22270.344
7812.43,-6.719999999999345,22415.328
7812.44,-6.710000000000036,22415.328
7812.45,-6.699999999999818,22463.672
7812.46,-6.6899999999996,22415.328
7812.47,-6.6799999999993815,22463.672
7812.48,-6.670000000000073,22608.754
7812.49,-6.6599999999998545,22608.754
7812.5,-6.649999999999636,22705.516
7812.51,-6.639999999999418,22657.131
7812.52,-6.6299999999992,22560.385
7812.53,-6.619999999999891,22512.023
7812.54,-6.609999999999673,22705.516
7812.55,-6.599999999999454,22512.023
7812.56,-6.589999999999236,22415.328
7812.57,-6.579999999999927,22366.992
7812.58,-6.569999999999709,22463.672
7812.59,-6.559999999999491,22415.328
7812.6,-6.549999999999272,22705.516
7812.61,-6.539999999999964,22512.023
7812.62,-6.529999999999745,22415.328
7812.63,-6.519999999999527,22560.385
7812.64,-6.509999999999309,22415.328
7812.65,-6.5,22366.992
7812.66,-6.489999999999782,22366.992
7812.67,-6.479999999999563,22415.328
7812.68,-6.469999999999345,22512.023
7812.69,-6.460000000000036,22512.023
7812.7,-6.449999999999818,22802.309
7812.71,-6.4399999999996,22608.754
7812.72,-6.4299999999993815,22512.023
7812.73,-6.420000000000073,22560.385
7812.74,-6.4099999999998545,22608.754
7812.75,-6.399999999999636,22463.672
7812.76,-6.389999999999418,22657.131
7812.77,-6.3799999999992,22463.672
7812.78,-6.369999999999891,22560.385
7812.79,-6.359999999999673,22657.131
7812.8,-6.349999999999454,22512.023
7812.81,-6.339999999999236,22512.023
7812.82,-6.329999999999927,22512.023
7812.83,-6.319999999999709,22512.023
7812.84,-6.309999999999491,22415.328
7812.85,-6.299999999999272,22512.023
7812.86,-6.289999999999964,22415.328
7812.87,-6.279999999999745,22560.385
7812.88,-6.269999999999527,22608.754
7812.89,-6.259999999999309,22753.908
7812.9,-6.25,22705.516
7812.91,-6.239999999999782,22657.131
7812.92,-6.229999999999563,22463.672
7812.93,-6.219999999999345,22318.664
7812.94,-6.210000000000036,22512.023
7812.95,-6.199999999999818,22608.754
7812.96,-6.1899999999996,22415.328
7812.97,-6.1799999999993815,22366.992
7812.98,-6.170000000000073,22366.992
7812.99,-6.1599999999998545,22608.754
7813.0,-6.149999999999636,22463.672
7813.01,-6.139999999999418,22415.328
7813.02,-6.1299999999992,22608.754
7813.03,-6.119999999999891,22608.754
7813.04,-6.109999999999673,22415.328
7813.05,-6.099999999999454,22657.131
7813.06,-6.089999999999236,22608.754
7813.07,-6.079999999999927,22802.309
7813.08,-6.069999999999709,22705.516
7813.09,-6.059999999999491,22850.719
7813.1,-6.049999999999272,22415.328
7813.11,-6.039999999999964,22463.672
7813.12,-6.029999999999745,22608.754
7813.13,-6.019999999999527,22608.754
7813.14,-6.009999999999309,22512.023
7813.15,-6.0,22512.023
7813.16,-5.989999999999782,22270.344
7813.17,-5.979999999999563,22270.344
7813.18,-5.969999999999345,22125.432
7813.19,-5.960000000000036,22366.992
7813.2,-5.949999999999818,22415.328
7813.21,-5.9399999999996,22512.023
7813.22,-5.9299999999993815,22560.385
7813.23,-5.920000000000073,22463.672
7813.24,-5.9099999999998545,22512.023
7813.25,-5.899999999999636,22318.664
7813.26,-5.889999999999418,22366.992
7813.27,-5.8799999999992,22222.031
7813.28,-5.869999999999891,22125.432
7813.29,-5.859999999999673,22318.664
7813.3,-5.849999999999454,22125.432
7813.31,-5.839999999999236,22657.131
7813.32,-5.829999999999927,22560.385
7813.33,-5.819999999999709,22705.516
7813.34,-5.809999999999491,22608.754
7813.35,-5.799999999999272,22415.328
7813.36,-5.789999999999964,22366.992
7813.37,-5.779999999999745,22512.023
7813.38,-5.769999999999527,22705.516
7813.39,-5.759999999999309,22415.328
7813.4,-5.75,22463.672
7813.41,-5.739999999999782,22560.385
7813.42,-5.729999999999563,22657.131
7813.43,-5.719999999999345,22415.328
7813.44,-5.710000000000036,22657.131
7813.45,-5.699999999999818,22415.328
7813.46,-5.6899999999996,22222.031
7813.47,-5.6799999999993815,22318.664
7813.48,-5.670000000000073,22366.992
7813.49,-5.6599999999998545,22463.672
7813.5,-5.649999999999636,22366.992
7813.51,-5.639999999999418,22560.385
7813.52,-5.6299999999992,22560.385
7813.53,-5.619999999999891,22318.664
7813.54,-5.609999999999673,22560.385
7813.55,-5.599999999999454,22512.023
7813.56,-5.589999999999236,22657.131
7813.57,-5.579999999999927,22512.023
7813.58,-5.569999999999709,22463.672
7813.59,-5.559999999999491,22560.385
7813.6,-5.549999999999272,22512.023
7813.61,-5.539999999999964,22657.131
7813.62,-5.529999999999745,22463.672
7813.63,-5.519999999999527,22560.385
7813.64,-5.509999999999309,22415.328
7813.65,-5.5,22463.672
7813.66,-5.489999999999782,22512.023
7813.67,-5.479999999999563,22560.385
7813.68,-5.469999999999345,22657.131
7813.69,-5.460000000000036,22270.344
7813.7,-5.449999999999818,22318.664
7813.71,-5.4399999999996,22222.031
7813.72,-5.4299999999993815,22366.992
7813.73,-5.420000000000073,22560.385
7813.74,-5.4099999999998545,22560.385
7813.75,-5.399999999999636,22753.908
7813.76,-5.389999999999418,22463.672
7813.77,-5.3799999999992,22512.023
7813.78,-5.369999999999891,22463.672
7813.79,-5.359999999999673,22608.754
7813.8,-5.349999999999454,22463.672
7813.81,-5.339999999999236,22366.992
7813.82,-5.329999999999927,22463.672
7813.83,-5.319999999999709,22512.023
7813.84,-5.309999999999491,22415.328
7813.85,-5.299999999999272,22705.516
7813.86,-5.289999999999964,22705.516
7813.87,-5.279999999999745,22753.908
7813.88,-5.269999999999527,22463.672
7813.89,-5.259999999999309,22270.344
7813.9,-5.25,22512.023
7813.91,-5.239999999999782,22705.516
7813.92,-5.229999999999563,22560.385
7813.93,-5.219999999999345,22608.754
7813.94,-5.210000000000036,22657.131
7813.95,-5.199999999999818,22657.131
7813.96,-5.1899999999996,22657.131
7813.97,-5.1799999999993815,22560.385
7813.98,-5.170000000000073,22318.664
7813.99,-5.1599999999998545,22318.664
7814.0,-5.149999999999636,22415.328
7814.01,-5.139999999999418,22366.992
7814.02,-5.1299999999992,22366.992
7814.03,-5.119999999999891,22270.344
7814.04,-5.109999999999673,22608.754
7814.05,-5.099999999999454,22657.131
7814.06,-5.089999999999236,22608.754
7814.07,-5.079999999999927,22512.023
7814.08,-5.069999999999709,22560.385
7814.09,-5.059999999999491,22657.131
7814.1,-5.049999999999272,22705.516
7814.11,-5.039999999999964,22560.385
7814.12,-5.029999999999745,22366.992
7814.13,-5.019999999999527,22415.328
7814.14,-5.009999999999309,22560.385
7814.15,-5.0,22415.328
7814.16,-4.989999999999782,22705.516
7814.17,-4.979999999999563,22512.023
7814.18,-4.969999999999345,22608.754
7814.19,-4.960000000000036,22366.992
7814.2,-4.949999999999818,22415.328
7814.21,-4.9399999999996,22512.023
7814.22,-4.9299999999993815,22222.031
7814.23,-4.920000000000073,22125.432
7814.24,-4.9099999999998545,22560.385
7814.25,-4.899999999999636,22463.672
7814.26,-4.889999999999418,22512.023
7814.27,-4.8799999999992,22415.328
7814.28,-4.869999999999891,22366.992
7814.29,-4.859999999999673,22415.328
7814.3,-4.849999999999454,22415.328
7814.31,-4.839999999999236,22366.992
7814.32,-4.829999999999927,22222.031
7814.33,-4.819999999999709,22318.664
7814.34,-4.809999999999491,22415.328
7814.35,-4.799999999999272,22512.023
7814.36,-4.789999999999964,22608.754
7814.37,-4.779999999999745,22560.385
7814.38,-4.769999999999527,22608.754
7814.39,-4.759999999999309,22512.023
7814.4,-4.75,22608.754
7814.41,-4.739999999999782,22560.385
7814.42,-4.729999999999563,22560.385
7814.43,-4.719999999999345,22560.385
7814.44,-4.710000000000036,22705.516
7814.45,-4.699999999999818,22753.908
7814.46,-4.6899999999996,22705.516
7814.47,-4.6799999999993815,22560.385
7814.48,-4.670000000000073,22802.309
7814.49,-4.6599999999998545,22608.754
7814.5,-4.649999999999636,22512.023
7814.51,-4.639999999999418,22560.385
7814.52,-4.6299999999992,22512.023
7814.53,-4.619999999999891,22463.672
7814.54,-4.609999999999673,22560.385
7814.55,-4.599999999999454,22512.023
7814.56,-4.589999999999236,22753.908
7814.57,-4.579999999999927,22657.131
7814.58,-4.569999999999709,22512.023
7814.59,-4.559999999999491,22560.385
7814.6,-4.549999999999272,22608.754
7814.61,-4.539999999999964,22415.328
7814.62,-4.529999999999745,22463.672
7814.63,-4.519999999999527,22657.131
7814.64,-4.509999999999309,22463.672
7814.65,-4.5,22560.385
7814.66,-4.489999999999782,22753.908
7814.67,-4.479999999999563,22608.754
7814.68,-4.469999999999345,22657.131
7814.69,-4.460000000000036,22657.131
7814.7,-4.449999999999818,22512.023
7814.71,-4.4399999999996,22415.328
7814.72,-4.4299999999993815,22222.031
7814.73,-4.420000000000073,22415.328
7814.74,-4.4099999999998545,22463.672
7814.75,-4.399999999999636,22463.672
7814.76,-4.389999999999418,22608.754
7814.77,-4.3799999999992,22802.309
7814.78,-4.369999999999891,22318.664
7814.79,-4.359999999999673,22608.754
7814.8,-4.349999999999454,22512.023
7814.81,-4.339999999999236,22705.516
7814.82,-4.329999999999927,22657.131
7814.83,-4.319999999999709,22608.754
7814.84,-4.309999999999491,22560.385
7814.85,-4.299999999999272,22608.754
7814.86,-4.289999999999964,22608.754
7814.87,-4.279999999999745,22560.385
7814.88,-4.269999999999527,22705.516
7814.89,-4.259999999999309,22608.754
7814.9,-4.25,22608.754
7814.91,-4.239999999999782,22657.131
7814.92,-4.229999999999563,22560.385
7814.93,-4.219999999999345,22463.672
7814.94,-4.210000000000036,22512.023
7814.95,-4.199999999999818,22318.664
7814.96,-4.1899999999996,22463.672
7814.97,-4.1799999999993815,22657.131
7814.98,-4.170000000000073,22705.516
7814.99,-4.1599999999998545,22802.309
7815.0,-4.149999999999636,22512.023
7815.01,-4.139999999999418,22705.516
7815.02,-4.1299999999992,22753.908
7815.03,-4.119999999999891,22463.672
7815.04,-4.109999999999673,22415.328
7815.05,-4.099999999999454,22366.992
7815.06,-4.089999999999236,22463.672
7815.07,-4.079999999999927,22366.992
7815.08,-4.069999999999709,22463.672
7815.09,-4.059999999999491,22608.754
7815.1,-4.049999999999272,22608.754
7815.11,-4.039999999999964,22705.516
7815.12,-4.029999999999745,22512.023
7815.13,-4.019999999999527,22463.672
7815.14,-4.009999999999309,22512.023
7815.15,-4.0,22753.908
7815.16,-3.9899999999997817,22512.023
7815.17,-3.9799999999995634,22222.031
7815.18,-3.969999999999345,22318.664
7815.19,-3.9600000000000364,22512.023
7815.2,-3.949999999999818,22560.385
7815.21,-3.9399999999996,22657.131
7815.22,-3.9299999999993815,22415.328
7815.23,-3.9200000000000728,22366.992
7815.24,-3.9099999999998545,22463.672
7815.25,-3.899999999999636,22318.664
7815.26,-3.889999999999418,22366.992
7815.27,-3.8799999999991996,22463.672
7815.28,-3.869999999999891,22512.023
7815.29,-3.8599999999996726,22560.385
7815.3,-3.8499999999994543,22318.664
7815.31,-3.839999999999236,22560.385
7815.32,-3.8299999999999272,22415.328
7815.33,-3.819999999999709,22366.992
7815.34,-3.8099999999994907,22318.664
7815.35,-3.7999999999992724,22366.992
7815.36,-3.7899999999999636,22270.344
7815.37,-3.7799999999997453,22415.328
7815.38,-3.769999999999527,22318.664
7815.39,-3.759999999999309,22560.385
7815.4,-3.75,22560.385
7815.41,-3.7399999999997817,22608.754
7815.42,-3.7299999999995634,22608.754
7815.43,-3.719999999999345,22415.328
7815.44,-3.7100000000000364,22463.672
7815.45,-3.699999999999818,22657.131
7815.46,-3.6899999999996,22608.754
7815.47,-3.6799999999993815,22560.385
7815.48,-3.6700000000000728,22318.664
7815.49,-3.6599999999998545,22657.131
7815.5,-3.649999999999636,22560.385
7815.51,-3.639999999999418,22850.719
7815.52,-3.6299999999991996,22753.908
7815.53,-3.619999999999891,22318.664
7815.54,-3.6099999999996726,22753.908
7815.55,-3.5999999999994543,22705.516
7815.56,-3.589999999999236,22415.328
7815.57,-3.5799999999999272,22560.385
7815.58,-3.569999999999709,22560.385
7815.59,-3.5599999999994907,22560.385
7815.6,-3.5499999999992724,22560.385
7815.61,-3.5399999999999636,22850.719
7815.62,-3.5299999999997453,22753.908
7815.63,-3.519999999999527,22608.754
7815.64,-3.509999999999309,22657.131
7815.65,-3.5,22560.385
7815.66,-3.4899999999997817,22463.672
7815.67,-3.4799999999995634,22366.992
7815.68,-3.469999999999345,22415.328
7815.69,-3.4600000000000364,22463.672
7815.7,-3.449999999999818,22657.131
7815.71,-3.4399999999996,22753.908
7815.72,-3.4299999999993815,22802.309
7815.73,-3.4200000000000728,22705.516
7815.74,-3.4099999999998545,22366.992
7815.75,-3.399999999999636,22512.023
7815.76,-3.389999999999418,22463.672
7815.77,-3.3799999999991996,22415.328
7815.78,-3.369999999999891,22222.031
7815.79,-3.3599999999996726,22318.664
7815.8,-3.3499999999994543,22512.023
7815.81,-3.339999999999236,22753.908
7815.82,-3.3299999999999272,22705.516
7815.83,-3.319999999999709,22512.023
7815.84,-3.3099999999994907,22608.754
7815.85,-3.2999999999992724,22657.131
7815.86,-3.2899999999999636,22705.516
7815.87,-3.2799999999997453,22608.754
7815.88,-3.269999999999527,22657.131
7815.89,-3.259999999999309,22512.023
7815.9,-3.25,22560.385
7815.91,-3.2399999999997817,22560.385
7815.92,-3.2299999999995634,22512.023
7815.93,-3.219999999999345,22657.131
7815.94,-3.2100000000000364,22512.023
7815.95,-3.199999999999818,22560.385
7815.96,-3.1899999999996,22560.385
7815.97,-3.1799999999993815,22512.023
7815.98,-3.1700000000000728,22415.328
7815.99,-3.1599999999998545,22415.328
7816.0,-3.149999999999636,22463.672
7816.01,-3.139999999999418,22608.754
7816.02,-3.1299999999991996,22463.672
7816.03,-3.119999999999891,22512.023
7816.04,-3.1099999999996726,22753.908
7816.05,-3.0999999999994543,22560.385
7816.06,-3.089999999999236,22512.023
7816.07,-3.0799999999999272,22560.385
7816.08,-3.069999999999709,22753.908
7816.09,-3.0599999999994907,22512.023
7816.1,-3.0499999999992724,22366.992
7816.11,-3.0399999999999636,22270.344
7816.12,-3.0299999999997453,22463.672
7816.13,-3.019999999999527,22560.385
7816.14,-3.009999999999309,22753.908
7816.15,-3.0,22608.754
7816.16,-2.9899999999997817,22512.023
7816.17,-2.9799999999995634,22512.023
7816.18,-2.969999999999345,22318.664
7816.19,-2.9600000000000364,22463.672
7816.2,-2.949999999999818,22366.992
7816.21,-2.9399999999996,22657.131
7816.22,-2.9299999999993815,22705.516
7816.23,-2.9200000000000728,22753.908
7816.24,-2.9099999999998545,22512.023
7816.25,-2.899999999999636,22560.385
7816.26,-2.889999999999418,22415.328
7816.27,-2.8799999999991996,22512.023
7816.28,-2.869999999999891,22463.672
7816.29,-2.8599999999996726,22366.992
7816.3,-2.8499999999994543,22318.664
7816.31,-2.839999999999236,22415.328
7816.32,-2.8299999999999272,22415.328
7816.33,-2.819999999999709,22512.023
7816.34,-2.8099999999994907,22608.754
7816.35,-2.7999999999992724,22415.328
7816.36,-2.7899999999999636,22560.385
7816.37,-2.7799999999997453,22512.023
7816.38,-2.769999999999527,22608.754
7816.39,-2.759999999999309,22415.328
7816.4,-2.75,22366.992
7816.41,-2.7399999999997817,22173.729
7816.42,-2.7299999999995634,22366.992
7816.43,-2.719999999999345,22318.664
7816.44,-2.7100000000000364,22512.023
7816.45,-2.699999999999818,22318.664
7816.46,-2.6899999999996,22463.672
7816.47,-2.6799999999993815,22222.031
7816.48,-2.6700000000000728,22173.729
7816.49,-2.6599999999998545,22270.344
7816.5,-2.649999999999636,22318.664
7816.51,-2.639999999999418,22222.031
7816.52,-2.6299999999991996,22222.031
7816.53,-2.619999999999891,22222.031
7816.54,-2.6099999999996726,22366.992
7816.55,-2.5999999999994543,22657.131
7816.56,-2.589999999999236,22802.309
7816.57,-2.5799999999999272,22657.131
7816.58,-2.569999999999709,22753.908
7816.59,-2.5599999999994907,22657.131
7816.6,-2.5499999999992724,22657.131
7816.61,-2.5399999999999636,22753.908
7816.62,-2.5299999999997453,22463.672
7816.63,-2.519999999999527,22512.023
7816.64,-2.509999999999309,22512.023
7816.65,-2.5,22753.908
7816.66,-2.4899999999997817,22608.754
7816.67,-2.4799999999995634,22705.516
7816.68,-2.469999999999345,22657.131
7816.69,-2.4600000000000364,22705.516
7816.7,-2.449999999999818,22608.754
7816.71,-2.4399999999996,22463.672
7816.72,-2.4299999999993815,22222.031
7816.73,-2.4200000000000728,22415.328
7816.74,-2.4099999999998545,22753.908
7816.75,-2.399999999999636,22560.385
7816.76,-2.389999999999418,22512.023
7816.77,-2.3799999999991996,22753.908
7816.78,-2.369999999999891,22947.563
7816.79,-2.3599999999996726,22560.385
7816.8,-2.3499999999994543,22560.385
7816.81,-2.339999999999236,22366.992
7816.82,-2.3299999999999272,22366.992
7816.83,-2.319999999999709,22366.992
7816.84,-2.3099999999994907,22318.664
7816.85,-2.2999999999992724,22512.023
7816.86,-2.2899999999999636,22415.328
7816.87,-2.2799999999997453,22512.023
7816.88,-2.269999999999527,22705.516
7816.89,-2.259999999999309,22512.023
7816.9,-2.25,22560.385
7816.91,-2.2399999999997817,22560.385
7816.92,-2.2299999999995634,22657.131
7816.93,-2.219999999999345,22463.672
7816.94,-2.2100000000000364,22415.328
7816.95,-2.199999999999818,22512.023
7816.96,-2.1899999999996,22657.131
7816.97,-2.1799999999993815,22705.516
7816.98,-2.1700000000000728,22705.516
7816.99,-2.1599999999998545,22657.131
7817.0,-2.149999999999636,22560.385
7817.01,-2.139999999999418,22415.328
7817.02,-2.1299999999991996,22415.328
7817.03,-2.119999999999891,22415.328
7817.04,-2.1099999999996726,22415.328
7817.05,-2.0999999999994543,22366.992
7817.06,-2.089999999999236,22512.023
7817.07,-2.0799999999999272,22753.908
7817.08,-2.069999999999709,22512.023
7817.09,-2.0599999999994907,22560.385
7817.1,-2.0499999999992724,22753.908
7817.11,-2.0399999999999636,22608.754
7817.12,-2.0299999999997453,22512.023
7817.13,-2.019999999999527,22560.385
7817.14,-2.009999999999309,22560.385
7817.15,-2.0,22512.023
7817.16,-1.9899999999997817,22560.385
7817.17,-1.9799999999995634,22657.131
7817.18,-1.9699999999993452,22415.328
7817.19,-1.9600000000000364,22463.672
7817.2,-1.949999999999818,22366.992
7817.21,-1.9399999999995998,22512.023
7817.22,-1.9299999999993815,22318.664
7817.23,-1.9200000000000728,22512.023
7817.24,-1.9099999999998545,22512.023
7817.25,-1.8999999999996362,22463.672
7817.26,-1.889999999999418,22318.664
7817.27,-1.8799999999991996,22657.131
7817.28,-1.8699999999998909,22608.754
7817.29,-1.8599999999996726,22705.516
7817.3,-1.8499999999994543,22512.023
7817.31,-1.839999999999236,22608.754
7817.32,-1.8299999999999272,22415.328
7817.33,-1.819999999999709,22318.664
7817.34,-1.8099999999994907,22366.992
7817.35,-1.7999999999992724,22270.344
7817.36,-1.7899999999999636,22366.992
7817.37,-1.7799999999997453,22318.664
7817.38,-1.769999999999527,22415.328
7817.39,-1.7599999999993088,22512.023
7817.4,-1.75,22512.023
7817.41,-1.7399999999997817,22415.328
7817.42,-1.7299999999995634,22222.031
7817.43,-1.7199999999993452,22270.344
7817.44,-1.7100000000000364,22270.344
7817.45,-1.699999999999818,21980.594
7817.46,-1.6899999999995998,22415.328
7817.47,-1.6799999999993815,22366.992
7817.48,-1.6700000000000728,22415.328
7817.49,-1.6599999999998545,22657.131
7817.5,-1.6499999999996362,22415.328
7817.51,-1.639999999999418,22366.992
7817.52,-1.6299999999991996,22366.992
7817.53,-1.6199999999998909,22173.729
7817.54,-1.6099999999996726,22125.432
7817.55,-1.5999999999994543,22125.432
7817.56,-1.589999999999236,22125.432
7817.57,-1.5799999999999272,22173.729
7817.58,-1.569999999999709,22318.664
7817.59,-1.5599999999994907,22560.385
7817.6,-1.5499999999992724,22512.023
7817.61,-1.5399999999999636,22657.131
7817.62,-1.5299999999997453,22657.131
7817.63,-1.519999999999527,22705.516
7817.64,-1.5099999999993088,22512.023
7817.65,-1.5,22608.754
7817.66,-1.4899999999997817,22366.992
7817.67,-1.4799999999995634,22512.023
7817.68,-1.4699999999993452,22415.328
7817.69,-1.4600000000000364,22608.754
7817.7,-1.449999999999818,22512.023
7817.71,-1.4399999999995998,22705.516
7817.72,-1.4299999999993815,22753.908
7817.73,-1.4200000000000728,22850.719
7817.74,-1.4099999999998545,22366.992
7817.75,-1.3999999999996362,22560.385
7817.76,-1.389999999999418,22463.672
7817.77,-1.3799999999991996,22366.992
7817.78,-1.3699999999998909,22366.992
7817.79,-1.3599999999996726,22512.023
7817.8,-1.3499999999994543,22560.385
7817.81,-1.339999999999236,22802.309
7817.82,-1.3299999999999272,22415.328
7817.83,-1.319999999999709,22415.328
7817.84,-1.3099999999994907,22463.672
7817.85,-1.2999999999992724,22463.672
7817.86,-1.2899999999999636,22366.992
7817.87,-1.2799999999997453,22366.992
7817.88,-1.269999999999527,22366.992
7817.89,-1.2599999999993088,22318.664
7817.9,-1.25,22657.131
7817.91,-1.2399999999997817,22318.664
7817.92,-1.2299999999995634,22657.131
7817.93,-1.2199999999993452,22657.131
7817.94,-1.2100000000000364,22463.672
7817.95,-1.199999999999818,22608.754
7817.96,-1.1899999999995998,22753.908
7817.97,-1.1799999999993815,22753.908
7817.98,-1.1700000000000728,22657.131
7817.99,-1.1599999999998545,22512.023
7818.0,-1.1499999999996362,22753.908
7818.01,-1.139999999999418,22463.672
7818.02,-1.1299999999991996,22657.131
7818.03,-1.1199999999998909,22657.131
7818.04,-1.1099999999996726,22850.719
7818.05,-1.0999999999994543,22705.516
7818.06,-1.089999999999236,22560.385
7818.07,-1.0799999999999272,22415.328
7818.08,-1.069999999999709,22512.023
7818.09,-1.0599999999994907,22512.023
7818.1,-1.0499999999992724,22366.992
7818.11,-1.0399999999999636,22802.309
7818.12,-1.0299999999997453,22657.131
7818.13,-1.019999999999527,21980.594
7818.14,-1.0099999999993088,21691.139
7818.15,-1.0,21450.146
7818.16,-0.9899999999997817,21305.65
7818.17,-0.9799999999995634,21401.973
7818.18,-0.9699999999993452,23189.811
7818.19,-0.9600000000000364,24355.436
7818.2,-0.9499999999998181,23674.92
7818.21,-0.9399999999995998,23577.832
7818.22,-0.9299999999993815,24160.84
7818.23,-0.9200000000000728,24598.863
7818.24,-0.9099999999998545,24647.572
7818.25,-0.8999999999996362,24745.018
7818.26,-0.8899999999994179,24842.494
7818.27,-0.8799999999991996,24842.494
7818.28,-0.8699999999998909,24891.244
7818.29,-0.8599999999996726,24647.572
7818.3,-0.8499999999994543,24793.752
7818.31,-0.839999999999236,24793.752
7818.32,-0.8299999999999272,24647.572
7818.33,-0.819999999999709,24647.572
7818.34,-0.8099999999994907,24696.291
7818.35,-0.7999999999992724,24696.291
7818.36,-0.7899999999999636,24647.572
7818.37,-0.7799999999997453,24550.162
7818.38,-0.7699999999995271,24842.494
7818.39,-0.7599999999993088,24793.752
7818.4,-0.75,24647.572
7818.41,-0.7399999999997817,24745.018
7818.42,-0.7299999999995634,24598.863
7818.43,-0.7199999999993452,24696.291
7818.44,-0.7100000000000364,24550.162
7818.45,-0.6999999999998181,24647.572
7818.46,-0.6899999999995998,24598.863
7818.47,-0.6799999999993815,24647.572
7818.48,-0.6700000000000728,24696.291
7818.49,-0.6599999999998545,24696.291
7818.5,-0.6499999999996362,24696.291
7818.51,-0.6399999999994179,24696.291
7818.52,-0.6299999999991996,24696.291
7818.53,-0.6199999999998909,24793.752
7818.54,-0.6099999999996726,24647.572
7818.55,-0.5999999999994543,24696.291
7818.56,-0.589999999999236,24598.863
7818.57,-0.5799999999999272,24598.863
7818.58,-0.569999999999709,24550.162
7818.59,-0.5599999999994907,24550.162
7818.6,-0.5499999999992724,24745.018
7818.61,-0.5399999999999636,24647.572
7818.62,-0.5299999999997453,24793.752
7818.63,-0.5199999999995271,24598.863
7818.64,-0.5099999999993088,24452.783
7818.65,-0.5,24550.162
7818.66,-0.4899999999997817,24745.018
7818.67,-0.47999999999956344,24501.469
7818.68,-0.46999999999934516,24452.783
7818.69,-0.4600000000000364,24647.572
7818.7,-0.4499999999998181,24647.572
7818.71,-0.4399999999995998,24891.244
7818.72,-0.42999999999938154,24355.436
7818.73,-0.42000000000007276,24647.572
7818.74,-0.4099999999998545,24647.572
7818.75,-0.3999999999996362,24647.572
7818.76,-0.3899999999994179,24647.572
7818.77,-0.37999999999919964,24647.572
7818.78,-0.36999999999989086,24550.162
7818.79,-0.3599999999996726,24647.572
7818.8,-0.3499999999994543,24647.572
7818.81,-0.339999999999236,24501.469
7818.82,-0.32999999999992724,24696.291
7818.83,-0.31999999999970896,24501.469
7818.84,-0.3099999999994907,24696.291
7818.85,-0.2999999999992724,24745.018
7818.86,-0.2899999999999636,24647.572
7818.87,-0.27999999999974534,24793.752
7818.88,-0.26999999999952706,24891.244
7818.89,-0.2599999999993088,24598.863
7818.9,-0.25,24452.783
7818.91,-0.23999999999978172,24647.572
7818.92,-0.22999999999956344,24452.783
7818.93,-0.21999999999934516,24647.572
7818.94,-0.21000000000003638,24842.494
7818.95,-0.1999999999998181,24550.162
7818.96,-0.18999999999959982,24647.572
7818.97,-0.17999999999938154,24696.291
7818.98,-0.17000000000007276,24501.469
7818.99,-0.15999999999985448,24745.018
7819.0,-0.1499999999996362,24452.783
7819.01,-0.13999999999941792,24745.018
7819.02,-0.12999999999919964,24550.162
7819.03,-0.11999999999989086,24452.783
7819.04,-0.10999999999967258,24647.572
7819.05,-0.0999999999994543,24647.572
7819.06,-0.08999999999923602,24891.244
7819.07,-0.07999999999992724,24647.572
7819.08,-0.06999999999970896,24696.291
7819.09,-0.05999999999949068,24891.244
7819.1,-0.049999999999272404,24696.291
7819.11,-0.03999999999996362,24598.863
7819.12,-0.02999999999974534,24793.752
7819.13,-0.019999999999527063,24842.494
7819.14,-0.009999999999308784,24696.291
7819.15,0.0,25086.328
7819.16,0.010000000000218279,24598.863
7819.17,0.020000000000436557,24647.572
7819.18,0.030000000000654836,24745.018
7819.19,0.03999999999996362,24793.752
7819.2,0.0500000000001819,24988.77
7819.21,0.06000000000040018,24793.752
7819.22,0.07000000000061846,24745.018
7819.23,0.07999999999992724,24745.018
7819.24,0.09000000000014552,24793.752
7819.25,0.1000000000003638,24745.018
7819.26,0.11000000000058208,24696.291
7819.27,0.12000000000080036,24940.002
7819.28,0.13000000000010914,24842.494
7819.29,0.14000000000032742,24793.752
7819.3,0.1500000000005457,24793.752
7819.31,0.16000000000076398,24988.77
7819.32,0.17000000000007276,24793.752
7819.33,0.18000000000029104,24793.752
7819.34,0.19000000000050932,24745.018
7819.35,0.2000000000007276,24842.494
7819.36,0.21000000000003638,24696.291
7819.37,0.22000000000025466,24842.494
7819.38,0.23000000000047294,24647.572
7819.39,0.24000000000069122,24745.018
7819.4,0.25,24891.244
7819.41,0.2600000000002183,24988.77
7819.42,0.27000000000043656,24745.018
7819.43,0.28000000000065484,24891.244
7819.44,0.2899999999999636,24793.752
7819.45,0.3000000000001819,24842.494
7819.46,0.3100000000004002,24696.291
7819.47,0.32000000000061846,24745.018
7819.48,0.32999999999992724,24647.572
7819.49,0.3400000000001455,24793.752
7819.5,0.3500000000003638,24745.018
7819.51,0.3600000000005821,24647.572
7819.52,0.37000000000080036,24647.572
7819.53,0.38000000000010914,24647.572
7819.54,0.3900000000003274,24842.494
7819.55,0.4000000000005457,24696.291
7819.56,0.410000000000764,24696.291
7819.57,0.42000000000007276,24745.018
7819.58,0.43000000000029104,24647.572
7819.59,0.4400000000005093,24696.291
7819.6,0.4500000000007276,24745.018
7819.61,0.4600000000000364,24891.244
7819.62,0.47000000000025466,24842.494
7819.63,0.48000000000047294,24550.162
7819.64,0.4900000000006912,24793.752
7819.65,0.5,24696.291
7819.66,0.5100000000002183,24696.291
7819.67,0.5200000000004366,24745.018
7819.68,0.5300000000006548,24745.018
7819.69,0.5399999999999636,24745.018
7819.7,0.5500000000001819,24745.018
7819.71,0.5600000000004002,24842.494
7819.72,0.5700000000006185,24647.572
7819.73,0.5799999999999272,24842.494
7819.74,0.5900000000001455,24891.244
7819.75,0.6000000000003638,24891.244
7819.76,0.6100000000005821,24842.494
7819.77,0.6200000000008004,24793.752
7819.78,0.6300000000001091,24793.752
7819.79,0.6400000000003274,24647.572
7819.8,0.6500000000005457,24598.863
7819.81,0.660000000000764,24842.494
7819.82,0.6700000000000728,24745.018
7819.83,0.680000000000291,24891.244
7819.84,0.6900000000005093,24745.018
7819.85,0.7000000000007276,24696.291
7819.86,0.7100000000000364,24842.494
7819.87,0.7200000000002547,24696.291
7819.88,0.7300000000004729,24598.863
7819.89,0.7400000000006912,24696.291
7819.9,0.75,24793.752
7819.91,0.7600000000002183,24793.752
7819.92,0.7700000000004366,24793.752
7819.93,0.7800000000006548,24745.018
7819.94,0.7899999999999636,24696.291
7819.95,0.8000000000001819,24696.291
7819.96,0.8100000000004002,24842.494
7819.97,0.8200000000006185,24988.77
7819.98,0.8299999999999272,24745.018
7819.99,0.8400000000001455,24647.572
7820.0,0.8500000000003638,24842.494
7820.01,0.8600000000005821,24696.291
7820.02,0.8700000000008004,24647.572
7820.03,0.8800000000001091,24940.002
7820.04,0.8900000000003274,24647.572
7820.05,0.9000000000005457,24891.244
7820.06,0.910000000000764,24696.291
7820.07,0.9200000000000728,24793.752
7820.08,0.930000000000291,24940.002
7820.09,0.9400000000005093,24745.018
7820.1,0.9500000000007276,24842.494
7820.11,0.9600000000000364,24891.244
7820.12,0.9700000000002547,24647.572
7820.13,0.9800000000004729,24793.752
7820.14,0.9900000000006912,24793.752
7820.15,1.0,24745.018
7820.16,1.0100000000002183,24647.572
7820.17,1.0200000000004366,24745.018
7820.18,1.0300000000006548,24793.752
7820.19,1.0399999999999636,24598.863
7820.2,1.050000000000182,24647.572
7820.21,1.0600000000004002,24745.018
7820.22,1.0700000000006185,24842.494
7820.23,1.0799999999999272,24550.162
7820.24,1.0900000000001455,24647.572
7820.25,1.1000000000003638,24745.018
7820.26,1.110000000000582,24793.752
7820.27,1.1200000000008004,24793.752
7820.28,1.1300000000001091,24647.572
7820.29,1.1400000000003274,24745.018
7820.3,1.1500000000005457,24793.752
7820.31,1.160000000000764,25037.545
7820.32,1.1700000000000728,24988.77
7820.33,1.180000000000291,24842.494
7820.34,1.1900000000005093,24842.494
7820.35,1.2000000000007276,24842.494
7820.36,1.2100000000000364,24940.002
7820.37,1.2200000000002547,24842.494
7820.38,1.230000000000473,24647.572
7820.39,1.2400000000006912,24793.752
7820.4,1.25,24842.494
7820.41,1.2600000000002183,24891.244
7820.42,1.2700000000004366,24745.018
7820.43,1.2800000000006548,24647.572
7820.44,1.2899999999999636,24793.752
7820.45,1.300000000000182,24793.752
7820.46,1.3100000000004002,24793.752
7820.47,1.3200000000006185,24647.572
7820.48,1.3299999999999272,24647.572
7820.49,1.3400000000001455,24891.244
7820.5,1.3500000000003638,24842.494
7820.51,1.360000000000582,24842.494
7820.52,1.3700000000008004,24891.244
7820.53,1.3800000000001091,24842.494
7820.54,1.3900000000003274,24793.752
7820.55,1.4000000000005457,24696.291
7820.56,1.410000000000764,24891.244
7820.57,1.4200000000000728,24793.752
7820.58,1.430000000000291,24647.572
7820.59,1.4400000000005093,24598.863
7820.6,1.4500000000007276,24647.572
7820.61,1.4600000000000364,24842.494
7820.62,1.4700000000002547,24647.572
7820.63,1.480000000000473,24793.752
7820.64,1.4900000000006912,24696.291
7820.65,1.5,24891.244
7820.66,1.5100000000002183,24891.244
7820.67,1.5200000000004366,24745.018
7820.68,1.5300000000006548,24696.291
7820.69,1.5399999999999636,24842.494
7820.7,1.550000000000182,24647.572
7820.71,1.5600000000004002,24793.752
7820.72,1.5700000000006185,24647.572
7820.73,1.5799999999999272,24842.494
7820.74,1.5900000000001455,24842.494
7820.75,1.6000000000003638,24745.018
7820.76,1.610000000000582,24793.752
7820.77,1.6200000000008004,24842.494
7820.78,1.6300000000001091,24745.018
7820.79,1.6400000000003274,24891.244
7820.8,1.6500000000005457,24745.018
7820.81,1.660000000000764,24793.752
7820.82,1.6700000000000728,24793.752
7820.83,1.680000000000291,24696.291
7820.84,1.6900000000005093,24696.291
7820.85,1.7000000000007276,24696.291
7820.86,1.7100000000000364,24745.018
7820.87,1.7200000000002547,24891.244
7820.88,1.730000000000473,24793.752
7820.89,1.7400000000006912,24842.494
7820.9,1.75,24940.002
7820.91,1.7600000000002183,24988.77
7820.92,1.7700000000004366,24745.018
7820.93,1.7800000000006548,24696.291
7820.94,1.7899999999999636,24793.752
7820.95,1.800000000000182,24745.018
7820.96,1.8100000000004002,24696.291
7820.97,1.8200000000006185,24842.494
7820.98,1.8299999999999272,24696.291
7820.99,1.8400000000001455,24696.291
7821.0,1.8500000000003638,24988.77
7821.01,1.860000000000582,24647.572
7821.02,1.8700000000008004,24696.291
7821.03,1.8800000000001091,24793.752
7821.04,1.8900000000003274,24647.572
7821.05,1.9000000000005457,24793.752
7821.06,1.910000000000764,23966.375
7821.07,1.9200000000000728,23044.438
7821.08,1.930000000000291,23335.258
7821.09,1.9400000000005093,23529.301
7821.1,1.9500000000007276,23529.301
7821.11,1.9600000000000364,23577.832
7821.12,1.9700000000002547,23723.475
7821.13,1.980000000000473,23480.779
7821.14,1.9900000000006912,23383.758
7821.15,2.0,23529.301
7821.16,2.0100000000002183,23674.92
7821.17,2.0200000000004366,23869.189
7821.18,2.030000000000655,23674.92
7821.19,2.0399999999999636,23820.611
7821.2,2.050000000000182,23577.832
7821.21,2.0600000000004,23529.301
7821.22,2.0700000000006185,23626.373
7821.23,2.0799999999999272,23092.887
7821.24,2.0900000000001455,23189.811
7821.25,2.100000000000364,23383.758
7821.26,2.110000000000582,23723.475
7821.27,2.1200000000008004,23577.832
7821.28,2.130000000000109,23820.611
7821.29,2.1400000000003274,23480.779
7821.3,2.1500000000005457,23577.832
7821.31,2.160000000000764,23772.039
7821.32,2.1700000000000728,23723.475
7821.33,2.180000000000291,23772.039
7821.34,2.1900000000005093,23723.475
7821.35,2.2000000000007276,23723.475
7821.36,2.2100000000000364,23772.039
7821.37,2.2200000000002547,23626.373
7821.38,2.230000000000473,23092.887
7821.39,2.240000000000691,22995.996
7821.4,2.25,23529.301
7821.41,2.2600000000002183,23480.779
7821.42,2.2700000000004366,23480.779
7821.43,2.280000000000655,23626.373
7821.44,2.2899999999999636,23577.832
7821.45,2.300000000000182,23577.832
7821.46,2.3100000000004,23529.301
7821.47,2.3200000000006185,23820.611
7821.48,2.3299999999999272,23674.92
7821.49,2.3400000000001455,23480.779
7821.5,2.350000000000364,23480.779
7821.51,2.360000000000582,23577.832
7821.52,2.3700000000008004,23674.92
7821.53,2.380000000000109,23480.779
7821.54,2.3900000000003274,22947.563
7821.55,2.4000000000005457,23286.768
7821.56,2.410000000000764,23674.92
7821.57,2.4200000000000728,23723.475
7821.58,2.430000000000291,23723.475
7821.59,2.4400000000005093,23626.373
7821.6,2.4500000000007276,23723.475
7821.61,2.4600000000000364,23820.611
7821.62,2.4700000000002547,23674.92
7821.63,2.480000000000473,23723.475
7821.64,2.490000000000691,23820.611
7821.65,2.5,23820.611
7821.66,2.5100000000002183,23674.92
7821.67,2.5200000000004366,23674.92
7821.68,2.530000000000655,23723.475
7821.69,2.5399999999999636,23383.758
7821.7,2.550000000000182,23238.285
7821.71,2.5600000000004,23480.779
7821.72,2.5700000000006185,23772.039
7821.73,2.5799999999999272,23772.039
7821.74,2.5900000000001455,23820.611
7821.75,2.600000000000364,23869.189
7821.76,2.610000000000582,23917.777
7821.77,2.6200000000008004,23869.189
7821.78,2.630000000000109,23820.611
7821.79,2.6400000000003274,23917.777
7821.8,2.6500000000005457,23820.611
7821.81,2.660000000000764,23917.777
7821.82,2.6700000000000728,23674.92
7821.83,2.680000000000291,23723.475
7821.84,2.6900000000005093,23869.189
7821.85,2.7000000000007276,23189.811
7821.86,2.7100000000000364,23141.346
7821.87,2.7200000000002547,23480.779
7821.88,2.730000000000473,23529.301
7821.89,2.740000000000691,23674.92
7821.9,2.75,23577.832
7821.91,2.7600000000002183,23674.92
7821.92,2.7700000000004366,23480.779
7821.93,2.780000000000655,23383.758
7821.94,2.7899999999999636,23529.301
7821.95,2.800000000000182,23626.373
7821.96,2.8100000000004,23529.301
7821.97,2.8200000000006185,23723.475
7821.98,2.8299999999999272,23626.373
7821.99,2.8400000000001455,23723.475
7822.0,2.850000000000364,23189.811
7822.01,2.860000000000582,23092.887
7822.02,2.8700000000008004,23432.264
7822.03,2.880000000000109,23529.301
7822.04,2.8900000000003274,23626.373
7822.05,2.9000000000005457,23626.373
7822.06,2.910000000000764,23674.92
7822.07,2.9200000000000728,23626.373
7822.08,2.930000000000291,23480.779
7822.09,2.9400000000005093,23820.611
7822.1,2.9500000000007276,23626.373
7822.11,2.9600000000000364,23577.832
7822.12,2.9700000000002547,23674.92
7822.13,2.980000000000473,23480.779
7822.14,2.990000000000691,23480.779
7822.15,3.0,23626.373
7822.16,3.0100000000002183,23092.887
7822.17,3.0200000000004366,23383.758
7822.18,3.030000000000655,23577.832
7822.19,3.0399999999999636,23674.92
7822.2,3.050000000000182,23917.777
7822.21,3.0600000000004,23820.611
7822.22,3.0700000000006185,23674.92
7822.23,3.0799999999999272,23529.301
7822.24,3.0900000000001455,23869.189
7822.25,3.100000000000364,23917.777
7822.26,3.110000000000582,23723.475
7822.27,3.1200000000008004,23869.189
7822.28,3.130000000000109,23674.92
7822.29,3.1400000000003274,23626.373
7822.3,3.1500000000005457,23820.611
7822.31,3.160000000000764,23626.373
7822.32,3.1700000000000728,23432.264
7822.33,3.180000000000291,23626.373
7822.34,3.1900000000005093,23723.475
7822.35,3.2000000000007276,23820.611
7822.36,3.2100000000000364,23869.189
7822.37,3.2200000000002547,23723.475
7822.38,3.230000000000473,23869.189
7822.39,3.240000000000691,23723.475
7822.4,3.25,23869.189
7822.41,3.2600000000002183,23820.611
7822.42,3.2700000000004366,23772.039
7822.43,3.280000000000655,23674.92
7822.44,3.2899999999999636,23820.611
7822.45,3.300000000000182,23917.777
7822.46,3.3100000000004,23869.189
7822.47,3.3200000000006185,23286.768
7822.48,3.3299999999999272,23335.258
7822.49,3.3400000000001455,23723.475
7822.5,3.350000000000364,23674.92
7822.51,3.360000000000582,23480.779
7822.52,3.3700000000008004,23772.039
7822.53,3.380000000000109,23820.611
7822.54,3.3900000000003274,23529.301
7822.55,3.4000000000005457,23626.373
7822.56,3.410000000000764,23772.039
7822.57,3.4200000000000728,24014.979
7822.58,3.430000000000291,23674.92
7822.59,3.4400000000005093,23723.475
7822.6,3.4500000000007276,23772.039
7822.61,3.4600000000000364,23480.779
7822.62,3.4700000000002547,23577.832
7822.63,3.480000000000473,23092.887
7822.64,3.490000000000691,23286.768
7822.65,3.5,23480.779
7822.66,3.5100000000002183,23577.832
7822.67,3.5200000000004366,23626.373
7822.68,3.530000000000655,23577.832
7822.69,3.5399999999999636,23723.475
7822.7,3.550000000000182,23577.832
7822.71,3.5600000000004,23674.92
7822.72,3.5700000000006185,23626.373
7822.73,3.5799999999999272,23626.373
7822.74,3.5900000000001455,23723.475
7822.75,3.600000000000364,23577.832
7822.76,3.610000000000582,23674.92
7822.77,3.6200000000008004,23577.832
7822.78,3.630000000000109,23092.887
7822.79,3.6400000000003274,23189.811
7822.8,3.6500000000005457,23432.264
7822.81,3.660000000000764,23480.779
7822.82,3.6700000000000728,23480.779
7822.83,3.680000000000291,23577.832
7822.84,3.6900000000005093,23674.92
7822.85,3.7000000000007276,23577.832
7822.86,3.7100000000000364,23529.301
7822.87,3.7200000000002547,23626.373
7822.88,3.730000000000473,23577.832
7822.89,3.740000000000691,23577.832
7822.9,3.75,23674.92
7822.91,3.7600000000002183,23577.832
7822.92,3.7700000000004366,23674.92
7822.93,3.780000000000655,23480.779
7822.94,3.7899999999999636,22947.563
7822.95,3.800000000000182,23529.301
7822.96,3.8100000000004,23432.264
7822.97,3.8200000000006185,23529.301
7822.98,3.8299999999999272,23383.758
7822.99,3.8400000000001455,23529.301
7823.0,3.850000000000364,23529.301
7823.01,3.860000000000582,23723.475
7823.02,3.8700000000008004,23529.301
7823.03,3.880000000000109,23577.832
7823.04,3.8900000000003274,23723.475
7823.05,3.9000000000005457,23480.779
7823.06,3.910000000000764,23674.92
7823.07,3.9200000000000728,23529.301
7823.08,3.930000000000291,23432.264
7823.09,3.9400000000005093,22947.563
7823.1,3.9500000000007276,23189.811
7823.11,3.9600000000000364,23674.92
7823.12,3.9700000000002547,23772.039
7823.13,3.980000000000473,23772.039
7823.14,3.990000000000691,23820.611
7823.15,4.0,23723.475
7823.16,4.010000000000218,23674.92
7823.17,4.020000000000437,23577.832
7823.18,4.030000000000655,23674.92
7823.19,4.039999999999964,23723.475
7823.2,4.050000000000182,23674.92
7823.21,4.0600000000004,23869.189
7823.22,4.0700000000006185,23820.611
7823.23,4.079999999999927,23723.475
7823.24,4.0900000000001455,23820.611
7823.25,4.100000000000364,23335.258
7823.26,4.110000000000582,23529.301
7823.27,4.1200000000008,23674.92
7823.28,4.130000000000109,23674.92
7823.29,4.140000000000327,23820.611
7823.3,4.150000000000546,23723.475
7823.31,4.160000000000764,23869.189
7823.32,4.170000000000073,23577.832
7823.33,4.180000000000291,23674.92
7823.34,4.190000000000509,23577.832
7823.35,4.200000000000728,23869.189
7823.36,4.210000000000036,23772.039
7823.37,4.220000000000255,23820.611
7823.38,4.230000000000473,23674.92
7823.39,4.240000000000691,23674.92
7823.4,4.25,23141.346
7823.41,4.260000000000218,23238.285
7823.42,4.270000000000437,23577.832
7823.43,4.280000000000655,23820.611
7823.44,4.289999999999964,23820.611
7823.45,4.300000000000182,23966.375
7823.46,4.3100000000004,23820.611
7823.47,4.3200000000006185,23869.189
7823.48,4.329999999999927,23723.475
7823.49,4.3400000000001455,23772.039
7823.5,4.350000000000364,23869.189
7823.51,4.360000000000582,23917.777
7823.52,4.3700000000008,23917.777
7823.53,4.380000000000109,23869.189
7823.54,4.390000000000327,23723.475
7823.55,4.400000000000546,23966.375
7823.56,4.410000000000764,23286.768
7823.57,4.420000000000073,23238.285
7823.58,4.430000000000291,23432.264
7823.59,4.440000000000509,23577.832
7823.6,4.450000000000728,23626.373
7823.61,4.460000000000036,23577.832
7823.62,4.470000000000255,23577.832
7823.63,4.480000000000473,23820.611
7823.64,4.490000000000691,23626.373
7823.65,4.5,23723.475
7823.66,4.510000000000218,23577.832
7823.67,4.520000000000437,23674.92
7823.68,4.530000000000655,23626.373
7823.69,4.539999999999964,23480.779
7823.7,4.550000000000182,23626.373
7823.71,4.5600000000004,23335.258
7823.72,4.5700000000006185,23335.258
7823.73,4.579999999999927,23480.779
7823.74,4.5900000000001455,23772.039
7823.75,4.600000000000364,23674.92
7823.76,4.610000000000582,23674.92
7823.77,4.6200000000008,23723.475
7823.78,4.630000000000109,24014.979
7823.79,4.640000000000327,23820.611
7823.8,4.650000000000546,23917.777
7823.81,4.660000000000764,23674.92
7823.82,4.670000000000073,23626.373
7823.83,4.680000000000291,23626.373
7823.84,4.690000000000509,23626.373
7823.85,4.700000000000728,23674.92
7823.86,4.710000000000036,23772.039
7823.87,4.720000000000255,23335.258
7823.88,4.730000000000473,23432.264
7823.89,4.740000000000691,23674.92
7823.9,4.75,23723.475
7823.91,4.760000000000218,23820.611
7823.92,4.770000000000437,23723.475
7823.93,4.780000000000655,23723.475
7823.94,4.789999999999964,23772.039
7823.95,4.800000000000182,23723.475
7823.96,4.8100000000004,23480.779
7823.97,4.8200000000006185,23626.373
7823.98,4.829999999999927,23480.779
7823.99,4.8400000000001455,23480.779
7824.0,4.850000000000364,23577.832
7824.01,4.860000000000582,23626.373
7824.02,4.8700000000008,23383.758
7824.03,4.880000000000109,23335.258
7824.04,4.890000000000327,23480.779
7824.05,4.900000000000546,23626.373
7824.06,4.910000000000764,23723.475
7824.07,4.920000000000073,23820.611
7824.08,4.930000000000291,23820.611
7824.09,4.940000000000509,23674.92
7824.1,4.950000000000728,23723.475
7824.11,4.960000000000036,23626.373
7824.12,4.970000000000255,23820.611
7824.13,4.980000000000473,23772.039
7824.14,4.990000000000691,23723.475
7824.15,5.0,23723.475
7824.16,5.010000000000218,23820.611
7824.17,5.020000000000437,23869.189
7824.18,5.030000000000655,23189.811
7824.19,5.039999999999964,23383.758
7824.2,5.050000000000182,23480.779
7824.21,5.0600000000004,23674.92
7824.22,5.0700000000006185,23723.475
7824.23,5.079999999999927,23869.189
7824.24,5.0900000000001455,23917.777
7824.25,5.100000000000364,23723.475
7824.26,5.110000000000582,23626.373
7824.27,5.1200000000008,23820.611
7824.28,5.130000000000109,23772.039
7824.29,5.140000000000327,23674.92
7824.3,5.150000000000546,23674.92
7824.31,5.160000000000764,23820.611
7824.32,5.170000000000073,23674.92
7824.33,5.180000000000291,23480.779
7824.34,5.190000000000509,23189.811
7824.35,5.200000000000728,23189.811
7824.36,5.210000000000036,23480.779
7824.37,5.220000000000255,23529.301
7824.38,5.230000000000473,23577.832
7824.39,5.240000000000691,23674.92
7824.4,5.25,23480.779
7824.41,5.260000000000218,23432.264
7824.42,5.270000000000437,23529.301
7824.43,5.280000000000655,23577.832
7824.44,5.289999999999964,23626.373
7824.45,5.300000000000182,23626.373
7824.46,5.3100000000004,23432.264
7824.47,5.3200000000006185,23626.373
7824.48,5.329999999999927,23529.301
7824.49,5.3400000000001455,22995.996
7824.5,5.350000000000364,23383.758
7824.51,5.360000000000582,23432.264
7824.52,5.3700000000008,23723.475
7824.53,5.380000000000109,23674.92
7824.54,5.390000000000327,23820.611
7824.55,5.400000000000546,23723.475
7824.56,5.410000000000764,23674.92
7824.57,5.420000000000073,23626.373
7824.58,5.430000000000291,23674.92
7824.59,5.440000000000509,23674.92
7824.6,5.450000000000728,23529.301
7824.61,5.460000000000036,23820.611
7824.62,5.470000000000255,23723.475
7824.63,5.480000000000473,23820.611
7824.64,5.490000000000691,23577.832
7824.65,5.5,23189.811
7824.66,5.510000000000218,23480.779
7824.67,5.520000000000437,23626.373
7824.68,5.530000000000655,23674.92
7824.69,5.539999999999964,23723.475
7824.7,5.550000000000182,23723.475
7824.71,5.5600000000004,23772.039
7824.72,5.5700000000006185,23869.189
7824.73,5.579999999999927,23674.92
7824.74,5.5900000000001455,23772.039
7824.75,5.600000000000364,23869.189
7824.76,5.610000000000582,23966.375
7824.77,5.6200000000008,23820.611
7824.78,5.630000000000109,23772.039
7824.79,5.640000000000327,24014.979
7824.8,5.650000000000546,23189.811
7824.81,5.660000000000764,23383.758
7824.82,5.670000000000073,23432.264
7824.83,5.680000000000291,23335.258
7824.84,5.690000000000509,23577.832
7824.85,5.700000000000728,23674.92
7824.86,5.710000000000036,23674.92
7824.87,5.720000000000255,23480.779
7824.88,5.730000000000473,23432.264
7824.89,5.740000000000691,23674.92
7824.9,5.75,23480.779
7824.91,5.760000000000218,23577.832
7824.92,5.770000000000437,23626.373
7824.93,5.780000000000655,23626.373
7824.94,5.789999999999964,23723.475
7824.95,5.800000000000182,23674.92
7824.96,5.8100000000004,23044.438
7824.97,5.8200000000006185,23383.758
7824.98,5.829999999999927,23432.264
7824.99,5.8400000000001455,23480.779
7825.0,5.850000000000364,23577.832
7825.01,5.860000000000582,23577.832
7825.02,5.8700000000008,23674.92
7825.03,5.880000000000109,23820.611
7825.04,5.890000000000327,23723.475
7825.05,5.900000000000546,23723.475
7825.06,5.910000000000764,23723.475
7825.07,5.920000000000073,23577.832
7825.08,5.930000000000291,23529.301
7825.09,5.940000000000509,23772.039
7825.1,5.950000000000728,23966.375
7825.11,5.960000000000036,22995.996
7825.12,5.970000000000255,23044.438
7825.13,5.980000000000473,23383.758
7825.14,5.990000000000691,23577.832
7825.15,6.0,23480.779
7825.16,6.010000000000218,23626.373
7825.17,6.020000000000437,23480.779
7825.18,6.030000000000655,23432.264
7825.19,6.039999999999964,23480.779
7825.2,6.050000000000182,23577.832
7825.21,6.0600000000004,23480.779
7825.22,6.0700000000006185,23626.373
7825.23,6.079999999999927,23480.779
7825.24,6.0900000000001455,23529.301
7825.25,6.100000000000364,23674.92
7825.26,6.110000000000582,23480.779
7825.27,6.1200000000008,22995.996
7825.28,6.130000000000109,23189.811
7825.29,6.140000000000327,23432.264
7825.3,6.150000000000546,23626.373
7825.31,6.160000000000764,23820.611
7825.32,6.170000000000073,23577.832
7825.33,6.180000000000291,23480.779
7825.34,6.190000000000509,23577.832
7825.35,6.200000000000728,23577.832
7825.36,6.210000000000036,23577.832
7825.37,6.220000000000255,23529.301
7825.38,6.230000000000473,23480.779
7825.39,6.240000000000691,23772.039
7825.4,6.25,23577.832
7825.41,6.260000000000218,23480.779
7825.42,6.270000000000437,22947.563
7825.43,6.280000000000655,23238.285
7825.44,6.289999999999964,23577.832
7825.45,6.300000000000182,23577.832
7825.46,6.3100000000004,23674.92
7825.47,6.3200000000006185,23917.777
7825.48,6.329999999999927,23577.832
7825.49,6.3400000000001455,23917.777
7825.5,6.350000000000364,23772.039
7825.51,6.360000000000582,23674.92
7825.52,6.3700000000008,23723.475
7825.53,6.380000000000109,23626.373
7825.54,6.390000000000327,23674.92
7825.55,6.400000000000546,23869.189
7825.56,6.410000000000764,23674.92
7825.57,6.420000000000073,23723.475
7825.58,6.430000000000291,23335.258
7825.59,6.440000000000509,23238.285
7825.6,6.450000000000728,23383.758
7825.61,6.460000000000036,23286.768
7825.62,6.470000000000255,23432.264
7825.63,6.480000000000473,23626.373
7825.64,6.490000000000691,23626.373
7825.65,6.5,23335.258
7825.66,6.510000000000218,23432.264
7825.67,6.520000000000437,23480.779
7825.68,6.530000000000655,23286.768
7825.69,6.539999999999964,23577.832
7825.7,6.550000000000182,23577.832
7825.71,6.5600000000004,23529.301
7825.72,6.5700000000006185,23383.758
7825.73,6.579999999999927,22947.563
7825.74,6.5900000000001455,23092.887
7825.75,6.600000000000364,23286.768
7825.76,6.610000000000582,23432.264
7825.77,6.6200000000008,23529.301
7825.78,6.630000000000109,23626.373
7825.79,6.640000000000327,23480.779
7825.8,6.650000000000546,23577.832
7825.81,6.660000000000764,23577.832
7825.82,6.670000000000073,23432.264
7825.83,6.680000000000291,23383.758
7825.84,6.690000000000509,23480.779
7825.85,6.700000000000728,23480.779
7825.86,6.710000000000036,23432.264
7825.87,6.720000000000255,23626.373
7825.88,6.730000000000473,23480.779
7825.89,6.740000000000691,23044.438
7825.9,6.75,23432.264
7825.91,6.760000000000218,23674.92
7825.92,6.770000000000437,23674.92
7825.93,6.780000000000655,23772.039
7825.94,6.789999999999964,23820.611
7825.95,6.800000000000182,23723.475
7825.96,6.8100000000004,23723.475
7825.97,6.8200000000006185,23772.039
7825.98,6.829999999999927,23917.777
7825.99,6.8400000000001455,23917.777
7826.0,6.850000000000364,23674.92
7826.01,6.860000000000582,23966.375
7826.02,6.8700000000008,23869.189
7826.03,6.880000000000109,23820.611
7826.04,6.890000000000327,23869.189
7826.05,6.900000000000546,22802.309
7826.06,6.910000000000764,22270.344
7826.07,6.920000000000073,21594.717
7826.08,6.930000000000291,21594.717
7826.09,6.940000000000509,21450.146
7826.1,6.950000000000728,21594.717
7826.11,6.960000000000036,23286.768
7826.12,6.970000000000255,23869.189
7826.13,6.980000000000473,22995.996
7826.14,6.990000000000691,23626.373
7826.15,7.0,24209.477
7826.16,7.010000000000218,24501.469
7826.17,7.020000000000437,24598.863
7826.18,7.030000000000655,24404.105
7826.19,7.039999999999964,24598.863
7826.2,7.050000000000182,24745.018
7826.21,7.0600000000004,24598.863
7826.22,7.0700000000006185,24501.469
7826.23,7.079999999999927,24258.121
7826.24,7.0900000000001455,24598.863
7826.25,7.100000000000364,24501.469
7826.26,7.110000000000582,24647.572
7826.27,7.1200000000008,24598.863
7826.28,7.130000000000109,24550.162
7826.29,7.140000000000327,24452.783
7826.3,7.150000000000546,24452.783
7826.31,7.160000000000764,24598.863
7826.32,7.170000000000073,24696.291
7826.33,7.180000000000291,24647.572
7826.34,7.190000000000509,24550.162
7826.35,7.200000000000728,24598.863
7826.36,7.210000000000036,24501.469
7826.37,7.220000000000255,24306.775
7826.38,7.230000000000473,24501.469
7826.39,7.240000000000691,24598.863
7826.4,7.25,24550.162
7826.41,7.260000000000218,24452.783
7826.42,7.270000000000437,24452.783
7826.43,7.280000000000655,24501.469
7826.44,7.289999999999964,24598.863
7826.45,7.300000000000182,24647.572
7826.46,7.3100000000004,24501.469
7826.47,7.3200000000006185,24550.162
7826.48,7.329999999999927,24452.783
7826.49,7.3400000000001455,24501.469
7826.5,7.350000000000364,24501.469
7826.51,7.360000000000582,24452.783
7826.52,7.3700000000008,24550.162
7826.53,7.380000000000109,24258.121
7826.54,7.390000000000327,24452.783
7826.55,7.400000000000546,24501.469
7826.56,7.410000000000764,24745.018
7826.57,7.420000000000073,24550.162
7826.58,7.430000000000291,24501.469
7826.59,7.440000000000509,24501.469
7826.6,7.450000000000728,24598.863
7826.61,7.460000000000036,24745.018
7826.62,7.470000000000255,24598.863
7826.63,7.480000000000473,24598.863
7826.64,7.490000000000691,24550.162
7826.65,7.5,24598.863
7826.66,7.510000000000218,24647.572
7826.67,7.520000000000437,24452.783
7826.68,7.530000000000655,24501.469
7826.69,7.539999999999964,24404.105
7826.7,7.550000000000182,24598.863
7826.71,7.5600000000004,24306.775
7826.72,7.5700000000006185,24550.162
7826.73,7.579999999999927,24501.469
7826.74,7.5900000000001455,24647.572
7826.75,7.600000000000364,24647.572
7826.76,7.610000000000582,24647.572
7826.77,7.6200000000008,24647.572
7826.78,7.630000000000109,24598.863
7826.79,7.640000000000327,24598.863
7826.8,7.650000000000546,24696.291
7826.81,7.660000000000764,24891.244
7826.82,7.670000000000073,24501.469
7826.83,7.680000000000291,24550.162
7826.84,7.690000000000509,24647.572
7826.85,7.700000000000728,24696.291
7826.86,7.710000000000036,24696.291
7826.87,7.720000000000255,24550.162
7826.88,7.730000000000473,24452.783
7826.89,7.740000000000691,24696.291
7826.9,7.75,24598.863
7826.91,7.760000000000218,24745.018
7826.92,7.770000000000437,24452.783
7826.93,7.780000000000655,24696.291
7826.94,7.789999999999964,24404.105
7826.95,7.800000000000182,24501.469
7826.96,7.8100000000004,24647.572
7826.97,7.8200000000006185,24452.783
7826.98,7.829999999999927,24696.291
7826.99,7.8400000000001455,24598.863
7827.0,7.850000000000364,24647.572
7827.01,7.860000000000582,24501.469
7827.02,7.8700000000008,24647.572
7827.03,7.880000000000109,24793.752
7827.04,7.890000000000327,24696.291
7827.05,7.900000000000546,24598.863
7827.06,7.910000000000764,24696.291
7827.07,7.920000000000073,24696.291
7827.08,7.930000000000291,24696.291
7827.09,7.940000000000509,24647.572
7827.1,7.950000000000728,24891.244
7827.11,7.960000000000036,24647.572
7827.12,7.970000000000255,24745.018
7827.13,7.980000000000473,24647.572
7827.14,7.990000000000691,24647.572
7827.15,8.0,24793.752
7827.16,8.010000000000218,24452.783
7827.17,8.020000000000437,24647.572
7827.18,8.030000000000655,24598.863
7827.19,8.039999999999964,24452.783
7827.2,8.050000000000182,24696.291
7827.21,8.0600000000004,24696.291
7827.22,8.070000000000618,24647.572
7827.23,8.079999999999927,24793.752
7827.24,8.090000000000146,24842.494
7827.25,8.100000000000364,24793.752
7827.26,8.110000000000582,24647.572
7827.27,8.1200000000008,24598.863
7827.28,8.13000000000011,24745.018
7827.29,8.140000000000327,24745.018
7827.3,8.150000000000546,24745.018
7827.31,8.160000000000764,24647.572
7827.32,8.170000000000073,24745.018
7827.33,8.180000000000291,24745.018
7827.34,8.19000000000051,24793.752
7827.35,8.200000000000728,24891.244
7827.36,8.210000000000036,24745.018
7827.37,8.220000000000255,24696.291
7827.38,8.230000000000473,24793.752
7827.39,8.240000000000691,24891.244
7827.4,8.25,24745.018
7827.41,8.260000000000218,24696.291
7827.42,8.270000000000437,24696.291
7827.43,8.280000000000655,24793.752
7827.44,8.289999999999964,24842.494
7827.45,8.300000000000182,24842.494
7827.46,8.3100000000004,24745.018
7827.47,8.320000000000618,24696.291
7827.48,8.329999999999927,24793.752
7827.49,8.340000000000146,24647.572
7827.5,8.350000000000364,24696.291
7827.51,8.360000000000582,24842.494
7827.52,8.3700000000008,24696.291
7827.53,8.38000000000011,24891.244
7827.54,8.390000000000327,24842.494
7827.55,8.400000000000546,24696.291
7827.56,8.410000000000764,24793.752
7827.57,8.420000000000073,24988.77
7827.58,8.430000000000291,24598.863
7827.59,8.44000000000051,24793.752
7827.6,8.450000000000728,24647.572
7827.61,8.460000000000036,24745.018
7827.62,8.470000000000255,24745.018
7827.63,8.480000000000473,24793.752
7827.64,8.490000000000691,24842.494
7827.65,8.5,24793.752
7827.66,8.510000000000218,24696.291
7827.67,8.520000000000437,24793.752
7827.68,8.530000000000655,24696.291
7827.69,8.539999999999964,24550.162
7827.7,8.550000000000182,24647.572
7827.71,8.5600000000004,24745.018
7827.72,8.570000000000618,24793.752
7827.73,8.579999999999927,24598.863
7827.74,8.590000000000146,24696.291
7827.75,8.600000000000364,24842.494
7827.76,8.610000000000582,24647.572
7827.77,8.6200000000008,24696.291
7827.78,8.63000000000011,24647.572
7827.79,8.640000000000327,24793.752
7827.8,8.650000000000546,24891.244
7827.81,8.660000000000764,24745.018
7827.82,8.670000000000073,24647.572
7827.83,8.680000000000291,24696.291
7827.84,8.69000000000051,24745.018
7827.85,8.700000000000728,24745.018
7827.86,8.710000000000036,24745.018
7827.87,8.720000000000255,24842.494
7827.88,8.730000000000473,24891.244
7827.89,8.740000000000691,24696.291
7827.9,8.75,24793.752
7827.91,8.760000000000218,24842.494
7827.92,8.770000000000437,24793.752
7827.93,8.780000000000655,24647.572
7827.94,8.789999999999964,24696.291
7827.95,8.800000000000182,24550.162
7827.96,8.8100000000004,24793.752
7827.97,8.820000000000618,24598.863
7827.98,8.829999999999927,24891.244
7827.99,8.840000000000146,24647.572
7828.0,8.850000000000364,24842.494
7828.01,8.860000000000582,24891.244
7828.02,8.8700000000008,24891.244
7828.03,8.88000000000011,24696.291
7828.04,8.890000000000327,24696.291
7828.05,8.900000000000546,24647.572
7828.06,8.910000000000764,24647.572
7828.07,8.920000000000073,24696.291
7828.08,8.930000000000291,24745.018
7828.09,8.94000000000051,24404.105
7828.1,8.950000000000728,24745.018
7828.11,8.960000000000036,24647.572
7828.12,8.970000000000255,24745.018
7828.13,8.980000000000473,24793.752
7828.14,8.990000000000691,24745.018
7828.15,9.0,24842.494
7828.16,9.010000000000218,24793.752
7828.17,9.020000000000437,24647.572
7828.18,9.030000000000655,24452.783
7828.19,9.039999999999964,24696.291
7828.2,9.050000000000182,24550.162
7828.21,9.0600000000004,24696.291
7828.22,9.070000000000618,24598.863
7828.23,9.079999999999927,24598.863
7828.24,9.090000000000146,24598.863
7828.25,9.100000000000364,24745.018
7828.26,9.110000000000582,24647.572
7828.27,9.1200000000008,24598.863
7828.28,9.13000000000011,24696.291
7828.29,9.140000000000327,24647.572
7828.3,9.150000000000546,24696.291
7828.31,9.160000000000764,24647.572
7828.32,9.170000000000073,24940.002
7828.33,9.180000000000291,24891.244
7828.34,9.19000000000051,24598.863
7828.35,9.200000000000728,24550.162
7828.36,9.210000000000036,24647.572
7828.37,9.220000000000255,24501.469
7828.38,9.230000000000473,24696.291
7828.39,9.240000000000691,24598.863
7828.4,9.25,24501.469
7828.41,9.260000000000218,24647.572
7828.42,9.270000000000437,24598.863
7828.43,9.280000000000655,24793.752
7828.44,9.289999999999964,24647.572
7828.45,9.300000000000182,24745.018
7828.46,9.3100000000004,24842.494
7828.47,9.320000000000618,24745.018
7828.48,9.329999999999927,24647.572
7828.49,9.340000000000146,24891.244
7828.5,9.350000000000364,24891.244
7828.51,9.360000000000582,24793.752
7828.52,9.3700000000008,24745.018
7828.53,9.38000000000011,24745.018
7828.54,9.390000000000327,24647.572
7828.55,9.400000000000546,24793.752
7828.56,9.410000000000764,24891.244
7828.57,9.420000000000073,24501.469
7828.58,9.430000000000291,24647.572
7828.59,9.44000000000051,24696.291
7828.6,9.450000000000728,24745.018
7828.61,9.460000000000036,24647.572
7828.62,9.470000000000255,24696.291
7828.63,9.480000000000473,24550.162
7828.64,9.490000000000691,24745.018
7828.65,9.5,24647.572
7828.66,9.510000000000218,24647.572
7828.67,9.520000000000437,24647.572
7828.68,9.530000000000655,24647.572
7828.69,9.539999999999964,24647.572
7828.7,9.550000000000182,24842.494
7828.71,9.5600000000004,24745.018
7828.72,9.570000000000618,24647.572
7828.73,9.579999999999927,24598.863
7828.74,9.590000000000146,24647.572
7828.75,9.600000000000364,24550.162
7828.76,9.610000000000582,24598.863
7828.77,9.6200000000008,24647.572
7828.78,9.63000000000011,24793.752
7828.79,9.640000000000327,24598.863
7828.8,9.650000000000546,24696.291
7828.81,9.660000000000764,24647.572
7828.82,9.670000000000073,24891.244
7828.83,9.680000000000291,24745.018
7828.84,9.69000000000051,24696.291
7828.85,9.700000000000728,24793.752
7828.86,9.710000000000036,24696.291
7828.87,9.720000000000255,24647.572
7828.88,9.730000000000473,24696.291
7828.89,9.740000000000691,24550.162
7828.9,9.75,24598.863
7828.91,9.760000000000218,24696.291
7828.92,9.770000000000437,24745.018
7828.93,9.780000000000655,24550.162
7828.94,9.789999999999964,24696.291
7828.95,9.800000000000182,24598.863
7828.96,9.8100000000004,24647.572
7828.97,9.820000000000618,24404.105
7828.98,9.829999999999927,24647.572
7828.99,9.840000000000146,23626.373
7829.0,9.850000000000364,23189.811
7829.01,9.860000000000582,23092.887
7829.02,9.8700000000008,22657.131
7829.03,9.88000000000011,22705.516
7829.04,9.890000000000327,22753.908
7829.05,9.900000000000546,22560.385
7829.06,9.910000000000764,22705.516
7829.07,9.920000000000073,22753.908
7829.08,9.930000000000291,22560.385
7829.09,9.94000000000051,22415.328
7829.1,9.950000000000728,22512.023
7829.11,9.960000000000036,22657.131
7829.12,9.970000000000255,22753.908
7829.13,9.980000000000473,22802.309
7829.14,9.990000000000691,22657.131
7829.15,10.0,22705.516
7829.16,10.010000000000218,22608.754
7829.17,10.020000000000437,22366.992
7829.18,10.030000000000655,22366.992
7829.19,10.039999999999964,22850.719
7829.2,10.050000000000182,22753.908
7829.21,10.0600000000004,22947.563
7829.22,10.070000000000618,22657.131
7829.23,10.079999999999927,22705.516
7829.24,10.090000000000146,22608.754
7829.25,10.100000000000364,22415.328
7829.26,10.110000000000582,22222.031
7829.27,10.1200000000008,22657.131
7829.28,10.13000000000011,22753.908
7829.29,10.140000000000327,22802.309
7829.3,10.150000000000546,22560.385
7829.31,10.160000000000764,22802.309
7829.32,10.170000000000073,22463.672
7829.33,10.180000000000291,22512.023
7829.34,10.19000000000051,22608.754
7829.35,10.200000000000728,22657.131
7829.36,10.210000000000036,22608.754
7829.37,10.220000000000255,22657.131
7829.38,10.230000000000473,22753.908
7829.39,10.240000000000691,22512.023
7829.4,10.25,22366.992
7829.41,10.260000000000218,22415.328
7829.42,10.270000000000437,22415.328
7829.43,10.280000000000655,22318.664
7829.44,10.289999999999964,22463.672
7829.45,10.300000000000182,22560.385
7829.46,10.3100000000004,22753.908
7829.47,10.320000000000618,22657.131
7829.48,10.329999999999927,22608.754
7829.49,10.340000000000146,22753.908
7829.5,10.350000000000364,22753.908
7829.51,10.360000000000582,22512.023
7829.52,10.3700000000008,22366.992
7829.53,10.38000000000011,22463.672
7829.54,10.390000000000327,22753.908
7829.55,10.400000000000546,22657.131
7829.56,10.410000000000764,22753.908
7829.57,10.420000000000073,22512.023
7829.58,10.430000000000291,22512.023
7829.59,10.44000000000051,22705.516
7829.6,10.450000000000728,22560.385
7829.61,10.460000000000036,22608.754
7829.62,10.470000000000255,22366.992
7829.63,10.480000000000473,22463.672
7829.64,10.490000000000691,22463.672
7829.65,10.5,22366.992
7829.66,10.510000000000218,22463.672
7829.67,10.520000000000437,22560.385
7829.68,10.530000000000655,22463.672
7829.69,10.539999999999964,22415.328
7829.7,10.550000000000182,22657.131
7829.71,10.5600000000004,22463.672
7829.72,10.570000000000618,22463.672
7829.73,10.579999999999927,22366.992
7829.74,10.590000000000146,22560.385
7829.75,10.600000000000364,22270.344
7829.76,10.610000000000582,22463.672
7829.77,10.6200000000008,22657.131
7829.78,10.63000000000011,22705.516
7829.79,10.640000000000327,22463.672
7829.8,10.650000000000546,22753.908
7829.81,10.660000000000764,22512.023
7829.82,10.670000000000073,22415.328
7829.83,10.680000000000291,22608.754
7829.84,10.69000000000051,22270.344
7829.85,10.700000000000728,22270.344
7829.86,10.710000000000036,22366.992
7829.87,10.720000000000255,22608.754
7829.88,10.730000000000473,22512.023
7829.89,10.740000000000691,22608.754
7829.9,10.75,22657.131
7829.91,10.760000000000218,22705.516
7829.92,10.770000000000437,22560.385
7829.93,10.780000000000655,22512.023
7829.94,10.789999999999964,22560.385
7829.95,10.800000000000182,22318.664
7829.96,10.8100000000004,22318.664
7829.97,10.820000000000618,22366.992
7829.98,10.829999999999927,22463.672
7829.99,10.840000000000146,22560.385
7830.0,10.850000000000364,22512.023
7830.01,10.860000000000582,22512.023
7830.02,10.8700000000008,22560.385
7830.03,10.88000000000011,22512.023
7830.04,10.890000000000327,22270.344
7830.05,10.900000000000546,22657.131
7830.06,10.910000000000764,22657.131
7830.07,10.920000000000073,22657.131
7830.08,10.930000000000291,22270.344
7830.09,10.94000000000051,22705.516
7830.1,10.950000000000728,22512.023
7830.11,10.960000000000036,22657.131
7830.12,10.970000000000255,22512.023
7830.13,10.980000000000473,22270.344
7830.14,10.990000000000691,22415.328
7830.15,11.0,22173.729
7830.16,11.010000000000218,22366.992
7830.17,11.020000000000437,22560.385
7830.18,11.030000000000655,22318.664
7830.19,11.039999999999964,22608.754
7830.2,11.050000000000182,22512.023
7830.21,11.0600000000004,22512.023
7830.22,11.070000000000618,22608.754
7830.23,11.079999999999927,22415.328
7830.24,11.090000000000146,22366.992
7830.25,11.100000000000364,22512.023
7830.26,11.110000000000582,22415.328
7830.27,11.1200000000008,22512.023
7830.28,11.13000000000011,22657.131
7830.29,11.140000000000327,22512.023
7830.3,11.150000000000546,22657.131
7830.31,11.160000000000764,22512.023
7830.32,11.170000000000073,22415.328
7830.33,11.180000000000291,22463.672
7830.34,11.19000000000051,22270.344
7830.35,11.200000000000728,22318.664
7830.36,11.210000000000036,22415.328
7830.37,11.220000000000255,22512.023
7830.38,11.230000000000473,22512.023
7830.39,11.240000000000691,22560.385
7830.4,11.25,22802.309
7830.41,11.260000000000218,22705.516
7830.42,11.270000000000437,22753.908
7830.43,11.280000000000655,22415.328
7830.44,11.289999999999964,22415.328
7830.45,11.300000000000182,22415.328
7830.46,11.3100000000004,22415.328
7830.47,11.320000000000618,22415.328
7830.48,11.329999999999927,22705.516
7830.49,11.340000000000146,22512.023
7830.5,11.350000000000364,22657.131
7830.51,11.360000000000582,22512.023
7830.52,11.3700000000008,22560.385
7830.53,11.38000000000011,22705.516
7830.54,11.390000000000327,22560.385
7830.55,11.400000000000546,22222.031
7830.56,11.410000000000764,22463.672
7830.57,11.420000000000073,22366.992
7830.58,11.430000000000291,22366.992
7830.59,11.44000000000051,22560.385
7830.6,11.450000000000728,22512.023
7830.61,11.460000000000036,22753.908
7830.62,11.470000000000255,22657.131
7830.63,11.480000000000473,22512.023
7830.64,11.490000000000691,22512.023
7830.65,11.5,22318.664
7830.66,11.510000000000218,22415.328
7830.67,11.520000000000437,22415.328
7830.68,11.530000000000655,22222.031
7830.69,11.539999999999964,22512.023
7830.7,11.550000000000182,22415.328
7830.71,11.5600000000004,22560.385
7830.72,11.570000000000618,22608.754
7830.73,11.579999999999927,22560.385
7830.74,11.590000000000146,22415.328
7830.75,11.600000000000364,22415.328
7830.76,11.610000000000582,22415.328
7830.77,11.6200000000008,22512.023
7830.78,11.63000000000011,22415.328
7830.79,11.640000000000327,22415.328
7830.8,11.650000000000546,22608.754
7830.81,11.660000000000764,22608.754
7830.82,11.670000000000073,22512.023
7830.83,11.680000000000291,22318.664
7830.84,11.69000000000051,22608.754
7830.85,11.700000000000728,22560.385
7830.86,11.710000000000036,22560.385
7830.87,11.720000000000255,22318.664
7830.88,11.730000000000473,22415.328
7830.89,11.740000000000691,22463.672
7830.9,11.75,22560.385
7830.91,11.760000000000218,22657.131
7830.92,11.770000000000437,22608.754
7830.93,11.780000000000655,22463.672
7830.94,11.789999999999964,22512.023
7830.95,11.800000000000182,22415.328
7830.96,11.8100000000004,22657.131
7830.97,11.820000000000618,22560.385
7830.98,11.829999999999927,22608.754
7830.99,11.840000000000146,22560.385
7831.0,11.850000000000364,22463.672
7831.01,11.860000000000582,22512.023
7831.02,11.8700000000008,22512.023
7831.03,11.88000000000011,22608.754
7831.04,11.890000000000327,22512.023
7831.05,11.900000000000546,22560.385
7831.06,11.910000000000764,22512.023
7831.07,11.920000000000073,22608.754
7831.08,11.930000000000291,22415.328
7831.09,11.94000000000051,22415.328
7831.1,11.950000000000728,22270.344
7831.11,11.960000000000036,22512.023
7831.12,11.970000000000255,22705.516
7831.13,11.980000000000473,22899.137
7831.14,11.990000000000691,22705.516
7831.15,12.0,22415.328
7831.16,12.010000000000218,22463.672
7831.17,12.020000000000437,22222.031
7831.18,12.030000000000655,22463.672
7831.19,12.039999999999964,22415.328
7831.2,12.050000000000182,22753.908
7831.21,12.0600000000004,22608.754
7831.22,12.070000000000618,22415.328
7831.23,12.079999999999927,22608.754
7831.24,12.090000000000146,22608.754
7831.25,12.100000000000364,22463.672
7831.26,12.110000000000582,22463.672
7831.27,12.1200000000008,22463.672
7831.28,12.13000000000011,22415.328
7831.29,12.140000000000327,22318.664
7831.3,12.150000000000546,22463.672
7831.31,12.160000000000764,22560.385
7831.32,12.170000000000073,22415.328
7831.33,12.180000000000291,22608.754
7831.34,12.19000000000051,22608.754
7831.35,12.200000000000728,22608.754
7831.36,12.210000000000036,22463.672
7831.37,12.220000000000255,22512.023
7831.38,12.230000000000473,22318.664
7831.39,12.240000000000691,22463.672
7831.4,12.25,22366.992
7831.41,12.260000000000218,22512.023
7831.42,12.270000000000437,22512.023
7831.43,12.280000000000655,22705.516
7831.44,12.289999999999964,22560.385
7831.45,12.300000000000182,22415.328
7831.46,12.3100000000004,22270.344
7831.47,12.320000000000618,22270.344
7831.48,12.329999999999927,22415.328
7831.49,12.340000000000146,22318.664
7831.5,12.350000000000364,22512.023
7831.51,12.360000000000582,22560.385
7831.52,12.3700000000008,22463.672
7831.53,12.38000000000011,22512.023
7831.54,12.390000000000327,22463.672
7831.55,12.400000000000546,22608.754
7831.56,12.410000000000764,22657.131
7831.57,12.420000000000073,22560.385
7831.58,12.430000000000291,22366.992
7831.59,12.44000000000051,22512.023
7831.6,12.450000000000728,22415.328
7831.61,12.460000000000036,22222.031
7831.62,12.470000000000255,22463.672
7831.63,12.480000000000473,22560.385
7831.64,12.490000000000691,22608.754
7831.65,12.5,22608.754
7831.66,12.510000000000218,22608.754
7831.67,12.520000000000437,22415.328
7831.68,12.530000000000655,22753.908
7831.69,12.539999999999964,22705.516
7831.7,12.550000000000182,22512.023
7831.71,12.5600000000004,22512.023
7831.72,12.570000000000618,22560.385
7831.73,12.579999999999927,22222.031
7831.74,12.590000000000146,22560.385
7831.75,12.600000000000364,22657.131
7831.76,12.610000000000582,22608.754
7831.77,12.6200000000008,22415.328
7831.78,12.63000000000011,22463.672
7831.79,12.640000000000327,22560.385
7831.8,12.650000000000546,22222.031
7831.81,12.660000000000764,22318.664
7831.82,12.670000000000073,22608.754
7831.83,12.680000000000291,22463.672
7831.84,12.69000000000051,22657.131
7831.85,12.700000000000728,22560.385
7831.86,12.710000000000036,22512.023
7831.87,12.720000000000255,22463.672
7831.88,12.730000000000473,22415.328
7831.89,12.740000000000691,22366.992
7831.9,12.75,22366.992
7831.91,12.760000000000218,22318.664
7831.92,12.770000000000437,22318.664
7831.93,12.780000000000655,22366.992
7831.94,12.789999999999964,22560.385
7831.95,12.800000000000182,22947.563
7831.96,12.8100000000004,22608.754
7831.97,12.820000000000618,22608.754
7831.98,12.829999999999927,22657.131
7831.99,12.840000000000146,22512.023
7832.0,12.850000000000364,22705.516
7832.01,12.860000000000582,22560.385
7832.02,12.8700000000008,22366.992
7832.03,12.88000000000011,22318.664
7832.04,12.890000000000327,22657.131
7832.05,12.900000000000546,22657.131
7832.06,12.910000000000764,22512.023
7832.07,12.920000000000073,22802.309
7832.08,12.930000000000291,22560.385
7832.09,12.94000000000051,22270.344
7832.1,12.950000000000728,22318.664
7832.11,12.960000000000036,22270.344
7832.12,12.970000000000255,22463.672
7832.13,12.980000000000473,22512.023
7832.14,12.990000000000691,22705.516
7832.15,13.0,22657.131
7832.16,13.010000000000218,22463.672
7832.17,13.020000000000437,22608.754
7832.18,13.030000000000655,22608.754
7832.19,13.039999999999964,22608.754
7832.2,13.050000000000182,22463.672
7832.21,13.0600000000004,22270.344
7832.22,13.070000000000618,22512.023
7832.23,13.079999999999927,22318.664
7832.24,13.090000000000146,22608.754
7832.25,13.100000000000364,22560.385
7832.26,13.110000000000582,22560.385
7832.27,13.1200000000008,22463.672
7832.28,13.13000000000011,22463.672
7832.29,13.140000000000327,22463.672
7832.3,13.150000000000546,22270.344
7832.31,13.160000000000764,22318.664
7832.32,13.170000000000073,22318.664
7832.33,13.180000000000291,22512.023
7832.34,13.19000000000051,22512.023
7832.35,13.200000000000728,22318.664
7832.36,13.210000000000036,22753.908
7832.37,13.220000000000255,22463.672
7832.38,13.230000000000473,22512.023
7832.39,13.240000000000691,22318.664
7832.4,13.25,22463.672
7832.41,13.260000000000218,22463.672
7832.42,13.270000000000437,22753.908
7832.43,13.280000000000655,22366.992
7832.44,13.289999999999964,22366.992
7832.45,13.300000000000182,22270.344
7832.46,13.3100000000004,22512.023
7832.47,13.320000000000618,22657.131
7832.48,13.329999999999927,22512.023
7832.49,13.340000000000146,22512.023
7832.5,13.350000000000364,22222.031
7832.51,13.360000000000582,22318.664
7832.52,13.3700000000008,22222.031
7832.53,13.38000000000011,22415.328
7832.54,13.390000000000327,22270.344
7832.55,13.400000000000546,22657.131
7832.56,13.410000000000764,22608.754
7832.57,13.420000000000073,22802.309
7832.58,13.430000000000291,22560.385
7832.59,13.44000000000051,22366.992
7832.6,13.450000000000728,22366.992
7832.61,13.460000000000036,22366.992
7832.62,13.470000000000255,22463.672
7832.63,13.480000000000473,22270.344
7832.64,13.490000000000691,22560.385
7832.65,13.5,22463.672
7832.66,13.510000000000218,22560.385
7832.67,13.520000000000437,22560.385
7832.68,13.530000000000655,22705.516
7832.69,13.539999999999964,22705.516
7832.7,13.550000000000182,22366.992
7832.71,13.5600000000004,22463.672
7832.72,13.570000000000618,22463.672
7832.73,13.579999999999927,22463.672
7832.74,13.590000000000146,22463.672
7832.75,13.600000000000364,22560.385
7832.76,13.610000000000582,22657.131
7832.77,13.6200000000008,22657.131
7832.78,13.63000000000011,22512.023
7832.79,13.640000000000327,22415.328
7832.8,13.650000000000546,22318.664
7832.81,13.660000000000764,22366.992
7832.82,13.670000000000073,22560.385
7832.83,13.680000000000291,22415.328
7832.84,13.69000000000051,22560.385
7832.85,13.700000000000728,22318.664
7832.86,13.710000000000036,22463.672
7832.87,13.720000000000255,22366.992
7832.88,13.730000000000473,22366.992
7832.89,13.740000000000691,22512.023
7832.9,13.75,22463.672
7832.91,13.760000000000218,22512.023
7832.92,13.770000000000437,22463.672
7832.93,13.780000000000655,22173.729
7832.94,13.789999999999964,22125.432
7832.95,13.800000000000182,22318.664
7832.96,13.8100000000004,22608.754
7832.97,13.820000000000618,22463.672
7832.98,13.829999999999927,22753.908
7832.99,13.840000000000146,22657.131
7833.0,13.850000000000364,22608.754
7833.01,13.860000000000582,22415.328
7833.02,13.8700000000008,22512.023
7833.03,13.88000000000011,22415.328
7833.04,13.890000000000327,22608.754
7833.05,13.900000000000546,22560.385
7833.06,13.910000000000764,22657.131
7833.07,13.920000000000073,22705.516
7833.08,13.930000000000291,22657.131
7833.09,13.94000000000051,22657.131
7833.1,13.950000000000728,22560.385
7833.11,13.960000000000036,22802.309
7833.12,13.970000000000255,22512.023
7833.13,13.980000000000473,22366.992
7833.14,13.990000000000691,22222.031
7833.15,14.0,22270.344
7833.16,14.010000000000218,22270.344
7833.17,14.020000000000437,22415.328
7833.18,14.030000000000655,22415.328
7833.19,14.039999999999964,22705.516
7833.2,14.050000000000182,22753.908
7833.21,14.0600000000004,22512.023
7833.22,14.070000000000618,22608.754
7833.23,14.079999999999927,22463.672
7833.24,14.090000000000146,22366.992
7833.25,14.100000000000364,22560.385
7833.26,14.110000000000582,22512.023
7833.27,14.1200000000008,22512.023
7833.28,14.13000000000011,22753.908
7833.29,14.140000000000327,22463.672
7833.3,14.150000000000546,22560.385
7833.31,14.160000000000764,22415.328
7833.32,14.170000000000073,22463.672
7833.33,14.180000000000291,22318.664
7833.34,14.19000000000051,22125.432
7833.35,14.200000000000728,22270.344
7833.36,14.210000000000036,22366.992
7833.37,14.220000000000255,22560.385
7833.38,14.230000000000473,22415.328
7833.39,14.240000000000691,22560.385
7833.4,14.25,22560.385
7833.41,14.260000000000218,22657.131
7833.42,14.270000000000437,22753.908
7833.43,14.280000000000655,22415.328
7833.44,14.289999999999964,22415.328
7833.45,14.300000000000182,22560.385
7833.46,14.3100000000004,22512.023
7833.47,14.320000000000618,22415.328
7833.48,14.329999999999927,22512.023
7833.49,14.340000000000146,22463.672
7833.5,14.350000000000364,22512.023
7833.51,14.360000000000582,22463.672
7833.52,14.3700000000008,22415.328
7833.53,14.38000000000011,22705.516
7833.54,14.390000000000327,22608.754
7833.55,14.400000000000546,22318.664
7833.56,14.410000000000764,22560.385
7833.57,14.420000000000073,22366.992
7833.58,14.430000000000291,22270.344
7833.59,14.44000000000051,22463.672
7833.6,14.450000000000728,22415.328
7833.61,14.460000000000036,22366.992
7833.62,14.470000000000255,22560.385
7833.63,14.480000000000473,22560.385
7833.64,14.490000000000691,22318.664
7833.65,14.5,22705.516
7833.66,14.510000000000218,22415.328
7833.67,14.520000000000437,22270.344
7833.68,14.530000000000655,22463.672
7833.69,14.539999999999964,22705.516
7833.7,14.550000000000182,22512.023
7833.71,14.5600000000004,22463.672
7833.72,14.570000000000618,22657.131
7833.73,14.579999999999927,22560.385
7833.74,14.590000000000146,22415.328
7833.75,14.600000000000364,22512.023
7833.76,14.610000000000582,22463.672
7833.77,14.6200000000008,22463.672
7833.78,14.63000000000011,22512.023
7833.79,14.640000000000327,22463.672
7833.8,14.650000000000546,22802.309
7833.81,14.660000000000764,22753.908
7833.82,14.670000000000073,22512.023
7833.83,14.680000000000291,22560.385
7833.84,14.69000000000051,22657.131
7833.85,14.700000000000728,22560.385
7833.86,14.710000000000036,22125.432
7833.87,14.720000000000255,22366.992
7833.88,14.730000000000473,22415.328
7833.89,14.740000000000691,22512.023
7833.9,14.75,22657.131
7833.91,14.760000000000218,22512.023
7833.92,14.770000000000437,22705.516
7833.93,14.780000000000655,22270.344
7833.94,14.789999999999964,22415.328
7833.95,14.800000000000182,22415.328
7833.96,14.8100000000004,22512.023
7833.97,14.820000000000618,22415.328
7833.98,14.829999999999927,22366.992
7833.99,14.840000000000146,22512.023
7834.0,14.850000000000364,22608.754
7834.01,14.860000000000582,22753.908
7834.02,14.8700000000008,22753.908
7834.03,14.88000000000011,22512.023
7834.04,14.890000000000327,22463.672
7834.05,14.900000000000546,22318.664
7834.06,14.910000000000764,22415.328
7834.07,14.920000000000073,22512.023
7834.08,14.930000000000291,22608.754
7834.09,14.94000000000051,22463.672
7834.1,14.950000000000728,22512.023
7834.11,14.960000000000036,22512.023
7834.12,14.970000000000255,22705.516
7834.13,14.980000000000473,22560.385
7834.14,14.990000000000691,22705.516
7834.15,15.0,22512.023
7834.16,15.010000000000218,22608.754
7834.17,15.020000000000437,22512.023
7834.18,15.030000000000655,22415.328
7834.19,15.039999999999964,22512.023
7834.2,15.050000000000182,22415.328
7834.21,15.0600000000004,22463.672
7834.22,15.070000000000618,22318.664
7834.23,15.079999999999927,22415.328
7834.24,15.090000000000146,22512.023
7834.25,15.100000000000364,22657.131
7834.26,15.110000000000582,22560.385
7834.27,15.1200000000008,22512.023
7834.28,15.13000000000011,22560.385
7834.29,15.140000000000327,22415.328
7834.3,15.150000000000546,22318.664
7834.31,15.160000000000764,22705.516
7834.32,15.170000000000073,22753.908
7834.33,15.180000000000291,22657.131
7834.34,15.19000000000051,22705.516
7834.35,15.200000000000728,22222.031
7834.36,15.210000000000036,22512.023
7834.37,15.220000000000255,22512.023
7834.38,15.230000000000473,22125.432
7834.39,15.240000000000691,22318.664
7834.4,15.25,22318.664
7834.41,15.260000000000218,22560.385
7834.42,15.270000000000437,22560.385
7834.43,15.280000000000655,22802.309
7834.44,15.289999999999964,22608.754
7834.45,15.300000000000182,22415.328
7834.46,15.3100000000004,22512.023
7834.47,15.320000000000618,22415.328
7834.48,15.329999999999927,22463.672
7834.49,15.340000000000146,22512.023
7834.5,15.350000000000364,22560.385
7834.51,15.360000000000582,22753.908
7834.52,15.3700000000008,22657.131
7834.53,15.38000000000011,22753.908
7834.54,15.390000000000327,22753.908
7834.55,15.400000000000546,22657.131
7834.56,15.410000000000764,22463.672
7834.57,15.420000000000073,22222.031
7834.58,15.430000000000291,22366.992
7834.59,15.44000000000051,22366.992
7834.6,15.450000000000728,22318.664
7834.61,15.460000000000036,22318.664
7834.62,15.470000000000255,22560.385
7834.63,15.480000000000473,22657.131
7834.64,15.490000000000691,22318.664
7834.65,15.5,22415.328
7834.66,15.510000000000218,22463.672
7834.67,15.520000000000437,22463.672
7834.68,15.530000000000655,22125.432
7834.69,15.539999999999964,22512.023
7834.7,15.550000000000182,22608.754
7834.71,15.5600000000004,22222.031
7834.72,15.570000000000618,22512.023
7834.73,15.579999999999927,22608.754
7834.74,15.590000000000146,22657.131
7834.75,15.600000000000364,22512.023
7834.76,15.610000000000582,22512.023
7834.77,15.6200000000008,22463.672
7834.78,15.63000000000011,22512.023
7834.79,15.640000000000327,22366.992
7834.8,15.650000000000546,22415.328
7834.81,15.660000000000764,22318.664
7834.82,15.670000000000073,22608.754
7834.83,15.680000000000291,22705.516
7834.84,15.69000000000051,22608.754
7834.85,15.700000000000728,22560.385
7834.86,15.710000000000036,22753.908
7834.87,15.720000000000255,22657.131
7834.88,15.730000000000473,22560.385
7834.89,15.740000000000691,22512.023
7834.9,15.75,22657.131
7834.91,15.760000000000218,22415.328
7834.92,15.770000000000437,22415.328
7834.93,15.780000000000655,22560.385
7834.94,15.789999999999964,22512.023
7834.95,15.800000000000182,22753.908
7834.96,15.8100000000004,22512.023
7834.97,15.820000000000618,22657.131
7834.98,15.829999999999927,22608.754
7834.99,15.840000000000146,22222.031
7835.0,15.850000000000364,22512.023
7835.01,15.860000000000582,22415.328
7835.02,15.8700000000008,22415.328
7835.03,15.88000000000011,22899.137
7835.04,15.890000000000327,22802.309
7835.05,15.900000000000546,22657.131
7835.06,15.910000000000764,22753.908
7835.07,15.920000000000073,22560.385
7835.08,15.930000000000291,22512.023
7835.09,15.94000000000051,22512.023
7835.1,15.950000000000728,22463.672
7835.11,15.960000000000036,22415.328
7835.12,15.970000000000255,22318.664
7835.13,15.980000000000473,22657.131
7835.14,15.990000000000691,22657.131
7835.15,16.0,22415.328
7835.16,16.01000000000022,22560.385
7835.17,16.020000000000437,22608.754
7835.18,16.030000000000655,22512.023
7835.19,16.039999999999964,22705.516
7835.2,16.050000000000182,22512.023
7835.21,16.0600000000004,22463.672
7835.22,16.07000000000062,22560.385
7835.23,16.079999999999927,22415.328
7835.24,16.090000000000146,22802.309
7835.25,16.100000000000364,22753.908
7835.26,16.110000000000582,22512.023
7835.27,16.1200000000008,22705.516
7835.28,16.13000000000011,22560.385
7835.29,16.140000000000327,22753.908
7835.3,16.150000000000546,22560.385
7835.31,16.160000000000764,22608.754
7835.32,16.170000000000073,22415.328
7835.33,16.18000000000029,22512.023
7835.34,16.19000000000051,22753.908
7835.35,16.200000000000728,22657.131
7835.36,16.210000000000036,22802.309
7835.37,16.220000000000255,22753.908
7835.38,16.230000000000473,22512.023
7835.39,16.24000000000069,22705.516
7835.4,16.25,22463.672
7835.41,16.26000000000022,22415.328
7835.42,16.270000000000437,22366.992
7835.43,16.280000000000655,22366.992
7835.44,16.289999999999964,22657.131
7835.45,16.300000000000182,22753.908
7835.46,16.3100000000004,22512.023
7835.47,16.32000000000062,22753.908
7835.48,16.329999999999927,22415.328
7835.49,16.340000000000146,22512.023
7835.5,16.350000000000364,22560.385
7835.51,16.360000000000582,22318.664
7835.52,16.3700000000008,22560.385
7835.53,16.38000000000011,22512.023
7835.54,16.390000000000327,22753.908
7835.55,16.400000000000546,22560.385
7835.56,16.410000000000764,22753.908
7835.57,16.420000000000073,22512.023
7835.58,16.43000000000029,22753.908
7835.59,16.44000000000051,22753.908
7835.6,16.450000000000728,22705.516
7835.61,16.460000000000036,22560.385
7835.62,16.470000000000255,22415.328
7835.63,16.480000000000473,22415.328
7835.64,16.49000000000069,22366.992
7835.65,16.5,22463.672
7835.66,16.51000000000022,22608.754
7835.67,16.520000000000437,22705.516
7835.68,16.530000000000655,22560.385
7835.69,16.539999999999964,22705.516
7835.7,16.550000000000182,22415.328
7835.71,16.5600000000004,22512.023
7835.72,16.57000000000062,22415.328
7835.73,16.579999999999927,22366.992
7835.74,16.590000000000146,22753.908
7835.75,16.600000000000364,22608.754
7835.76,16.610000000000582,22657.131
7835.77,16.6200000000008,22560.385
7835.78,16.63000000000011,22463.672
7835.79,16.640000000000327,22560.385
7835.8,16.650000000000546,22608.754
7835.81,16.660000000000764,22705.516
7835.82,16.670000000000073,22512.023
7835.83,16.68000000000029,22222.031
7835.84,16.69000000000051,22222.031
7835.85,16.700000000000728,22608.754
7835.86,16.710000000000036,22753.908
7835.87,16.720000000000255,22657.131
7835.88,16.730000000000473,22608.754
7835.89,16.74000000000069,22753.908
7835.9,16.75,22608.754
7835.91,16.76000000000022,22512.023
7835.92,16.770000000000437,22512.023
7835.93,16.780000000000655,22608.754
7835.94,16.789999999999964,22463.672
7835.95,16.800000000000182,22753.908
7835.96,16.8100000000004,22415.328
7835.97,16.82000000000062,22560.385
7835.98,16.829999999999927,22318.664
7835.99,16.840000000000146,22512.023
7836.0,16.850000000000364,22608.754
7836.01,16.860000000000582,22608.754
7836.02,16.8700000000008,22415.328
7836.03,16.88000000000011,22560.385
7836.04,16.890000000000327,22608.754
7836.05,16.900000000000546,22463.672
7836.06,16.910000000000764,22560.385
7836.07,16.920000000000073,22463.672
7836.08,16.93000000000029,22608.754
7836.09,16.94000000000051,22850.719
7836.1,16.950000000000728,22608.754
7836.11,16.960000000000036,22560.385
7836.12,16.970000000000255,22463.672
7836.13,16.980000000000473,22415.328
7836.14,16.99000000000069,22463.672
7836.15,17.0,22512.023
7836.16,17.01000000000022,22560.385
7836.17,17.020000000000437,22366.992
7836.18,17.030000000000655,22222.031
7836.19,17.039999999999964,22512.023
7836.2,17.050000000000182,22705.516
7836.21,17.0600000000004,22657.131
7836.22,17.07000000000062,22463.672
7836.23,17.079999999999927,22318.664
7836.24,17.090000000000146,22657.131
7836.25,17.100000000000364,22560.385
7836.26,17.110000000000582,22463.672
7836.27,17.1200000000008,22657.131
7836.28,17.13000000000011,22802.309
7836.29,17.140000000000327,22705.516
7836.3,17.150000000000546,22802.309
7836.31,17.160000000000764,22608.754
7836.32,17.170000000000073,22318.664
7836.33,17.18000000000029,22318.664
7836.34,17.19000000000051,22173.729
7836.35,17.200000000000728,22270.344
7836.36,17.210000000000036,22608.754
7836.37,17.220000000000255,22657.131
7836.38,17.230000000000473,22753.908
7836.39,17.24000000000069,22608.754
7836.4,17.25,22705.516
7836.41,17.26000000000022,22415.328
7836.42,17.270000000000437,22560.385
7836.43,17.280000000000655,22415.328
7836.44,17.289999999999964,22512.023
7836.45,17.300000000000182,22463.672
7836.46,17.3100000000004,22366.992
7836.47,17.32000000000062,22560.385
7836.48,17.329999999999927,22560.385
7836.49,17.340000000000146,22463.672
7836.5,17.350000000000364,22560.385
7836.51,17.360000000000582,22512.023
7836.52,17.3700000000008,22608.754
7836.53,17.38000000000011,22415.328
7836.54,17.390000000000327,22463.672
7836.55,17.400000000000546,22657.131
7836.56,17.410000000000764,22512.023
7836.57,17.420000000000073,22512.023
7836.58,17.43000000000029,22608.754
7836.59,17.44000000000051,22802.309
7836.6,17.450000000000728,22608.754
7836.61,17.460000000000036,22512.023
7836.62,17.470000000000255,22560.385
7836.63,17.480000000000473,22512.023
7836.64,17.49000000000069,22608.754
7836.65,17.5,22753.908
7836.66,17.51000000000022,22463.672
7836.67,17.520000000000437,22512.023
7836.68,17.530000000000655,22318.664
7836.69,17.539999999999964,22366.992
7836.7,17.550000000000182,22657.131
7836.71,17.5600000000004,22415.328
7836.72,17.57000000000062,22463.672
7836.73,17.579999999999927,22705.516
7836.74,17.590000000000146,22366.992
7836.75,17.600000000000364,22560.385
7836.76,17.610000000000582,22366.992
7836.77,17.6200000000008,22173.729
7836.78,17.63000000000011,22318.664
7836.79,17.640000000000327,22512.023
7836.8,17.650000000000546,22512.023
7836.81,17.660000000000764,22608.754
7836.82,17.670000000000073,22415.328
7836.83,17.68000000000029,22415.328
7836.84,17.69000000000051,22512.023
7836.85,17.700000000000728,22318.664
7836.86,17.710000000000036,22318.664
7836.87,17.720000000000255,22366.992
7836.88,17.730000000000473,22560.385
7836.89,17.74000000000069,22608.754
7836.9,17.75,22608.754
7836.91,17.76000000000022,22608.754
7836.92,17.770000000000437,22463.672
7836.93,17.780000000000655,22512.023
7836.94,17.789999999999964,22512.023
7836.95,17.800000000000182,22512.023
7836.96,17.8100000000004,22270.344
7836.97,17.82000000000062,22560.385
7836.98,17.829999999999927,22366.992
7836.99,17.840000000000146,22560.385
7837.0,17.850000000000364,22608.754
7837.01,17.860000000000582,22753.908
7837.02,17.8700000000008,22657.131
7837.03,17.88000000000011,22512.023
7837.04,17.890000000000327,22463.672
7837.05,17.900000000000546,22366.992
7837.06,17.910000000000764,22366.992
7837.07,17.920000000000073,22173.729
7837.08,17.93000000000029,22512.023
7837.09,17.94000000000051,22366.992
7837.1,17.950000000000728,22512.023
7837.11,17.960000000000036,22657.131
7837.12,17.970000000000255,22560.385
7837.13,17.980000000000473,22657.131
7837.14,17.99000000000069,22608.754
7837.15,18.0,22753.908
7837.16,18.01000000000022,22463.672
7837.17,18.020000000000437,22366.992
7837.18,18.030000000000655,22270.344
7837.19,18.039999999999964,22366.992
7837.2,18.050000000000182,22560.385
7837.21,18.0600000000004,22512.023
7837.22,18.07000000000062,22512.023
7837.23,18.079999999999927,22415.328
7837.24,18.090000000000146,22463.672
7837.25,18.100000000000364,22512.023
7837.26,18.110000000000582,22512.023
7837.27,18.1200000000008,22463.672
7837.28,18.13000000000011,22366.992
7837.29,18.140000000000327,22463.672
7837.3,18.150000000000546,22318.664
7837.31,18.160000000000764,22608.754
7837.32,18.170000000000073,22512.023
7837.33,18.18000000000029,22657.131
7837.34,18.19000000000051,22512.023
7837.35,18.200000000000728,22318.664
7837.36,18.210000000000036,22415.328
7837.37,18.220000000000255,22512.023
7837.38,18.230000000000473,22222.031
7837.39,18.24000000000069,22463.672
7837.4,18.25,22077.145
7837.41,18.26000000000022,22270.344
7837.42,18.270000000000437,22512.023
7837.43,18.280000000000655,22657.131
7837.44,18.289999999999964,22657.131
7837.45,18.300000000000182,22657.131
7837.46,18.3100000000004,22657.131
7837.47,18.32000000000062,22366.992
7837.48,18.329999999999927,22270.344
7837.49,18.340000000000146,22366.992
7837.5,18.350000000000364,22705.516
7837.51,18.360000000000582,22705.516
7837.52,18.3700000000008,22512.023
7837.53,18.38000000000011,22463.672
7837.54,18.390000000000327,22366.992
7837.55,18.400000000000546,22463.672
7837.56,18.410000000000764,22560.385
7837.57,18.420000000000073,22415.328
7837.58,18.43000000000029,22463.672
7837.59,18.44000000000051,22463.672
7837.6,18.450000000000728,22222.031
7837.61,18.460000000000036,22463.672
7837.62,18.470000000000255,22657.131
7837.63,18.480000000000473,22705.516
7837.64,18.49000000000069,22560.385
7837.65,18.5,22657.131
7837.66,18.51000000000022,22608.754
7837.67,18.520000000000437,22657.131
7837.68,18.530000000000655,22415.328
7837.69,18.539999999999964,22463.672
7837.7,18.550000000000182,22463.672
7837.71,18.5600000000004,22463.672
7837.72,18.57000000000062,22560.385
7837.73,18.579999999999927,22608.754
7837.74,18.590000000000146,22560.385
7837.75,18.600000000000364,22560.385
7837.76,18.610000000000582,22415.328
7837.77,18.6200000000008,22608.754
7837.78,18.63000000000011,22560.385
7837.79,18.640000000000327,22512.023
7837.8,18.650000000000546,22608.754
7837.81,18.660000000000764,22512.023
7837.82,18.670000000000073,22366.992
7837.83,18.68000000000029,22366.992
7837.84,18.69000000000051,22415.328
7837.85,18.700000000000728,22657.131
7837.86,18.710000000000036,22705.516
7837.87,18.720000000000255,22899.137
7837.88,18.730000000000473,22077.145
7837.89,18.74000000000069,21739.359
7837.9,18.75,21498.33
7837.91,18.76000000000022,21594.717
7837.92,18.770000000000437,21353.809
7837.93,18.780000000000655,22318.664
7837.94,18.789999999999964,24160.84
7837.95,18.800000000000182,24258.121
7837.96,18.8100000000004,23141.346
7837.97,18.82000000000062,23966.375
7837.98,18.829999999999927,24452.783
7837.99,18.840000000000146,24404.105
7838.0,18.850000000000364,24696.291
7838.01,18.860000000000582,24598.863
7838.02,18.8700000000008,24550.162
7838.03,18.88000000000011,24598.863
7838.04,18.890000000000327,24501.469
7838.05,18.900000000000546,24647.572
7838.06,18.910000000000764,24745.018
7838.07,18.920000000000073,24404.105
7838.08,18.93000000000029,24550.162
7838.09,18.94000000000051,24745.018
7838.1,18.950000000000728,24598.863
7838.11,18.960000000000036,24355.436
7838.12,18.970000000000255,24647.572
7838.13,18.980000000000473,24501.469
7838.14,18.99000000000069,24501.469
7838.15,19.0,24550.162
7838.16,19.01000000000022,24696.291
7838.17,19.020000000000437,24696.291
7838.18,19.030000000000655,24647.572
7838.19,19.039999999999964,24598.863
7838.2,19.050000000000182,24891.244
7838.21,19.0600000000004,24842.494
7838.22,19.07000000000062,24501.469
7838.23,19.079999999999927,24696.291
7838.24,19.090000000000146,24598.863
7838.25,19.100000000000364,24745.018
7838.26,19.110000000000582,24598.863
7838.27,19.1200000000008,24842.494
7838.28,19.13000000000011,24647.572
7838.29,19.140000000000327,24598.863
7838.3,19.150000000000546,24355.436
7838.31,19.160000000000764,24647.572
7838.32,19.170000000000073,24598.863
7838.33,19.18000000000029,24696.291
7838.34,19.19000000000051,24598.863
7838.35,19.200000000000728,24793.752
7838.36,19.210000000000036,24598.863
7838.37,19.220000000000255,24452.783
7838.38,19.230000000000473,24598.863
7838.39,19.24000000000069,24793.752
7838.4,19.25,24745.018
7838.41,19.26000000000022,24647.572
7838.42,19.270000000000437,24598.863
7838.43,19.280000000000655,24696.291
7838.44,19.289999999999964,24598.863
7838.45,19.300000000000182,24598.863
7838.46,19.3100000000004,24696.291
7838.47,19.32000000000062,24404.105
7838.48,19.329999999999927,24696.291
7838.49,19.340000000000146,24550.162
7838.5,19.350000000000364,24891.244
7838.51,19.360000000000582,24696.291
7838.52,19.3700000000008,24501.469
7838.53,19.38000000000011,24647.572
7838.54,19.390000000000327,24647.572
7838.55,19.400000000000546,24501.469
7838.56,19.410000000000764,24696.291
7838.57,19.420000000000073,24647.572
7838.58,19.43000000000029,24598.863
7838.59,19.44000000000051,24598.863
7838.6,19.450000000000728,24647.572
7838.61,19.460000000000036,24647.572
7838.62,19.470000000000255,24696.291
7838.63,19.480000000000473,24696.291
7838.64,19.49000000000069,24793.752
7838.65,19.5,24550.162
7838.66,19.51000000000022,24598.863
7838.67,19.520000000000437,24598.863
7838.68,19.530000000000655,24452.783
7838.69,19.539999999999964,24598.863
7838.7,19.550000000000182,24647.572
7838.71,19.5600000000004,24696.291
7838.72,19.57000000000062,24745.018
7838.73,19.579999999999927,24598.863
7838.74,19.590000000000146,24598.863
7838.75,19.600000000000364,24598.863
7838.76,19.610000000000582,24598.863
7838.77,19.6200000000008,24550.162
7838.78,19.63000000000011,24501.469
7838.79,19.640000000000327,24696.291
7838.8,19.650000000000546,24550.162
7838.81,19.660000000000764,24647.572
7838.82,19.670000000000073,24598.863
7838.83,19.68000000000029,24696.291
7838.84,19.69000000000051,24550.162
7838.85,19.700000000000728,24598.863
7838.86,19.710000000000036,24696.291
7838.87,19.720000000000255,24501.469
7838.88,19.730000000000473,24696.291
7838.89,19.74000000000069,24647.572
7838.9,19.75,24501.469
7838.91,19.76000000000022,24891.244
7838.92,19.770000000000437,24550.162
7838.93,19.780000000000655,24550.162
7838.94,19.789999999999964,24793.752
7838.95,19.800000000000182,24501.469
7838.96,19.8100000000004,24598.863
7838.97,19.82000000000062,24647.572
7838.98,19.829999999999927,24452.783
7838.99,19.840000000000146,24452.783
7839.0,19.850000000000364,24598.863
7839.01,19.860000000000582,24842.494
7839.02,19.8700000000008,24647.572
7839.03,19.88000000000011,24550.162
7839.04,19.890000000000327,24647.572
7839.05,19.900000000000546,24598.863
7839.06,19.910000000000764,24891.244
7839.07,19.920000000000073,24501.469
7839.08,19.93000000000029,24501.469
7839.09,19.94000000000051,24647.572
7839.1,19.950000000000728,24550.162
7839.11,19.960000000000036,24647.572
7839.12,19.970000000000255,24598.863
7839.13,19.980000000000473,24404.105
7839.14,19.99000000000069,24647.572
7839.15,20.0,24501.469
7839.16,20.01000000000022,24550.162
7839.17,20.020000000000437,24647.572
7839.18,20.030000000000655,24452.783
7839.19,20.039999999999964,24452.783
7839.2,20.050000000000182,24745.018
7839.21,20.0600000000004,24550.162
7839.22,20.07000000000062,24452.783
7839.23,20.079999999999927,24404.105
7839.24,20.090000000000146,24452.783
7839.25,20.100000000000364,24598.863
7839.26,20.110000000000582,24404.105
7839.27,20.1200000000008,24598.863
7839.28,20.13000000000011,24501.469
7839.29,20.140000000000327,24598.863
7839.3,20.150000000000546,24501.469
7839.31,20.160000000000764,24745.018
7839.32,20.170000000000073,24452.783
7839.33,20.18000000000029,24452.783
7839.34,20.19000000000051,24501.469
7839.35,20.200000000000728,24501.469
7839.36,20.210000000000036,24550.162
7839.37,20.220000000000255,24550.162
7839.38,20.230000000000473,24452.783
7839.39,20.24000000000069,24452.783
7839.4,20.25,24647.572
7839.41,20.26000000000022,24258.121
7839.42,20.270000000000437,24550.162
7839.43,20.280000000000655,24647.572
7839.44,20.289999999999964,24647.572
7839.45,20.300000000000182,24452.783
7839.46,20.3100000000004,24550.162
7839.47,20.32000000000062,24696.291
7839.48,20.329999999999927,24696.291
7839.49,20.340000000000146,24598.863
7839.5,20.350000000000364,24842.494
7839.51,20.360000000000582,24501.469
7839.52,20.3700000000008,24452.783
7839.53,20.38000000000011,24647.572
7839.54,20.390000000000327,24793.752
7839.55,20.400000000000546,24598.863
7839.56,20.410000000000764,24452.783
7839.57,20.420000000000073,24647.572
7839.58,20.43000000000029,24598.863
7839.59,20.44000000000051,24550.162
7839.6,20.450000000000728,24647.572
7839.61,20.460000000000036,24647.572
7839.62,20.470000000000255,24647.572
7839.63,20.480000000000473,24452.783
7839.64,20.49000000000069,24501.469
7839.65,20.5,24598.863
7839.66,20.51000000000022,24550.162
7839.67,20.520000000000437,24550.162
7839.68,20.530000000000655,24647.572
7839.69,20.539999999999964,24696.291
7839.7,20.550000000000182,24647.572
7839.71,20.5600000000004,24647.572
7839.72,20.57000000000062,24647.572
7839.73,20.579999999999927,24598.863
7839.74,20.590000000000146,24891.244
7839.75,20.600000000000364,24647.572
7839.76,20.610000000000582,24501.469
7839.77,20.6200000000008,24647.572
7839.78,20.63000000000011,24647.572
7839.79,20.640000000000327,24550.162
7839.8,20.650000000000546,24501.469
7839.81,20.660000000000764,24696.291
7839.82,20.670000000000073,24696.291
7839.83,20.68000000000029,24647.572
7839.84,20.69000000000051,24501.469
7839.85,20.700000000000728,24598.863
7839.86,20.710000000000036,24647.572
7839.87,20.720000000000255,24647.572
7839.88,20.730000000000473,24550.162
7839.89,20.74000000000069,24404.105
7839.9,20.75,24501.469
7839.91,20.76000000000022,24598.863
7839.92,20.770000000000437,24550.162
7839.93,20.780000000000655,24550.162
7839.94,20.789999999999964,24793.752
7839.95,20.800000000000182,24598.863
7839.96,20.8100000000004,24404.105
7839.97,20.82000000000062,24452.783
7839.98,20.829999999999927,24550.162
7839.99,20.840000000000146,24647.572
7840.0,20.850000000000364,24501.469
7840.01,20.860000000000582,24550.162
7840.02,20.8700000000008,24696.291
7840.03,20.88000000000011,24647.572
7840.04,20.890000000000327,24647.572
7840.05,20.900000000000546,24598.863
7840.06,20.910000000000764,24647.572
7840.07,20.920000000000073,24452.783
7840.08,20.93000000000029,24452.783
7840.09,20.94000000000051,24550.162
7840.1,20.950000000000728,24550.162
7840.11,20.960000000000036,24209.477
7840.12,20.970000000000255,24550.162
7840.13,20.980000000000473,24501.469
7840.14,20.99000000000069,24452.783
7840.15,21.0,24647.572
7840.16,21.01000000000022,24550.162
7840.17,21.020000000000437,24452.783
7840.18,21.030000000000655,24647.572
7840.19,21.039999999999964,24696.291
7840.2,21.050000000000182,24647.572
7840.21,21.0600000000004,24696.291
7840.22,21.07000000000062,24501.469
7840.23,21.079999999999927,24550.162
7840.24,21.090000000000146,24452.783
7840.25,21.100000000000364,24793.752
7840.26,21.110000000000582,24696.291
7840.27,21.1200000000008,24550.162
7840.28,21.13000000000011,24404.105
7840.29,21.140000000000327,24501.469
7840.3,21.150000000000546,24598.863
7840.31,21.160000000000764,24404.105
7840.32,21.170000000000073,24598.863
7840.33,21.18000000000029,24452.783
7840.34,21.19000000000051,24501.469
7840.35,21.200000000000728,24501.469
7840.36,21.210000000000036,24452.783
7840.37,21.220000000000255,24696.291
7840.38,21.230000000000473,24598.863
7840.39,21.24000000000069,24647.572
7840.4,21.25,24598.863
7840.41,21.26000000000022,24647.572
7840.42,21.270000000000437,24598.863
7840.43,21.280000000000655,24550.162
7840.44,21.289999999999964,24598.863
7840.45,21.300000000000182,24745.018
7840.46,21.3100000000004,24452.783
7840.47,21.32000000000062,24550.162
7840.48,21.329999999999927,24647.572
7840.49,21.340000000000146,24647.572
7840.5,21.350000000000364,24647.572
7840.51,21.360000000000582,24696.291
7840.52,21.3700000000008,24647.572
7840.53,21.38000000000011,24696.291
7840.54,21.390000000000327,24598.863
7840.55,21.400000000000546,24501.469
7840.56,21.410000000000764,24550.162
7840.57,21.420000000000073,24598.863
7840.58,21.43000000000029,24696.291
7840.59,21.44000000000051,24598.863
7840.6,21.450000000000728,24550.162
7840.61,21.460000000000036,24550.162
7840.62,21.470000000000255,24501.469
7840.63,21.480000000000473,24696.291
7840.64,21.49000000000069,24647.572
7840.65,21.5,24598.863
7840.66,21.51000000000022,24550.162
7840.67,21.520000000000437,24696.291
7840.68,21.530000000000655,24404.105
7840.69,21.539999999999964,24501.469
7840.7,21.550000000000182,24355.436
7840.71,21.5600000000004,24452.783
7840.72,21.57000000000062,24404.105
7840.73,21.579999999999927,24501.469
7840.74,21.590000000000146,24355.436
7840.75,21.600000000000364,24501.469
7840.76,21.610000000000582,24696.291
7840.77,21.6200000000008,24598.863
7840.78,21.63000000000011,24598.863
7840.79,21.640000000000327,24647.572
7840.8,21.650000000000546,24452.783
7840.81,21.660000000000764,24112.211
7840.82,21.670000000000073,23335.258
7840.83,21.68000000000029,22947.563
7840.84,21.69000000000051,23189.811
7840.85,21.700000000000728,23383.758
7840.86,21.710000000000036,23432.264
7840.87,21.720000000000255,23383.758
7840.88,21.730000000000473,23432.264
7840.89,21.74000000000069,23383.758
7840.9,21.75,23383.758
7840.91,21.76000000000022,23674.92
7840.92,21.770000000000437,23480.779
7840.93,21.780000000000655,23480.779
7840.94,21.789999999999964,23577.832
7840.95,21.800000000000182,23480.779
7840.96,21.8100000000004,23286.768
7840.97,21.82000000000062,23577.832
7840.98,21.829999999999927,23044.438
7840.99,21.840000000000146,23189.811
7841.0,21.850000000000364,23335.258
7841.01,21.860000000000582,23674.92
7841.02,21.8700000000008,23917.777
7841.03,21.88000000000011,23869.189
7841.04,21.890000000000327,24112.211
7841.05,21.900000000000546,23820.611
7841.06,21.910000000000764,23723.475
7841.07,21.920000000000073,23723.475
7841.08,21.93000000000029,23674.92
7841.09,21.94000000000051,23626.373
7841.1,21.950000000000728,23723.475
7841.11,21.960000000000036,23723.475
7841.12,21.970000000000255,23772.039
7841.13,21.980000000000473,23626.373
7841.14,21.99000000000069,23092.887
7841.15,22.0,23286.768
7841.16,22.01000000000022,23674.92
7841.17,22.020000000000437,23869.189
7841.18,22.030000000000655,23772.039
7841.19,22.039999999999964,23723.475
7841.2,22.050000000000182,23820.611
7841.21,22.0600000000004,24014.979
7841.22,22.07000000000062,23869.189
7841.23,22.079999999999927,23772.039
7841.24,22.090000000000146,23820.611
7841.25,22.100000000000364,23820.611
7841.26,22.110000000000582,23723.475
7841.27,22.1200000000008,23869.189
7841.28,22.13000000000011,24063.592
7841.29,22.140000000000327,23335.258
7841.3,22.150000000000546,23286.768
7841.31,22.160000000000764,23626.373
7841.32,22.170000000000073,23577.832
7841.33,22.18000000000029,23577.832
7841.34,22.19000000000051,23723.475
7841.35,22.200000000000728,23772.039
7841.36,22.210000000000036,23626.373
7841.37,22.220000000000255,23626.373
7841.38,22.230000000000473,23674.92
7841.39,22.24000000000069,23480.779
7841.4,22.25,23674.92
7841.41,22.26000000000022,23577.832
7841.42,22.270000000000437,23626.373
7841.43,22.280000000000655,23480.779
7841.44,22.289999999999964,23723.475
7841.45,22.300000000000182,23044.438
7841.46,22.3100000000004,23432.264
7841.47,22.32000000000062,23917.777
7841.48,22.329999999999927,23917.777
7841.49,22.340000000000146,23820.611
7841.5,22.350000000000364,23966.375
7841.51,22.360000000000582,23966.375
7841.52,22.3700000000008,24014.979
7841.53,22.38000000000011,23917.777
7841.54,22.390000000000327,23917.777
7841.55,22.400000000000546,23820.611
7841.56,22.410000000000764,23869.189
7841.57,22.420000000000073,23820.611
7841.58,22.43000000000029,23966.375
7841.59,22.44000000000051,23772.039
7841.6,22.450000000000728,23286.768
7841.61,22.460000000000036,23286.768
7841.62,22.470000000000255,23626.373
7841.63,22.480000000000473,23626.373
7841.64,22.49000000000069,23577.832
7841.65,22.5,23723.475
7841.66,22.51000000000022,23772.039
7841.67,22.520000000000437,23723.475
7841.68,22.530000000000655,23577.832
7841.69,22.539999999999964,23820.611
7841.7,22.550000000000182,23772.039
7841.71,22.5600000000004,23529.301
7841.72,22.57000000000062,23577.832
7841.73,22.579999999999927,23674.92
7841.74,22.590000000000146,23674.92
7841.75,22.600000000000364,23577.832
7841.76,22.610000000000582,23141.346
7841.77,22.6200000000008,23335.258
7841.78,22.63000000000011,23723.475
7841.79,22.640000000000327,23820.611
7841.8,22.650000000000546,23723.475
7841.81,22.660000000000764,24063.592
7841.82,22.670000000000073,23820.611
7841.83,22.68000000000029,23772.039
7841.84,22.69000000000051,23820.611
7841.85,22.700000000000728,23723.475
7841.86,22.710000000000036,23723.475
7841.87,22.720000000000255,23674.92
7841.88,22.730000000000473,23820.611
7841.89,22.74000000000069,23917.777
7841.9,22.75,23626.373
7841.91,22.76000000000022,23432.264
7841.92,22.770000000000437,23432.264
7841.93,22.780000000000655,23529.301
7841.94,22.789999999999964,23772.039
7841.95,22.800000000000182,23772.039
7841.96,22.8100000000004,23772.039
7841.97,22.82000000000062,23772.039
7841.98,22.829999999999927,23772.039
7841.99,22.840000000000146,23772.039
7842.0,22.850000000000364,23626.373
7842.01,22.860000000000582,23674.92
7842.02,22.8700000000008,23772.039
7842.03,22.88000000000011,23869.189
7842.04,22.890000000000327,23869.189
7842.05,22.900000000000546,23723.475
7842.06,22.910000000000764,23723.475
7842.07,22.920000000000073,23238.285
7842.08,22.93000000000029,23383.758
7842.09,22.94000000000051,23723.475
7842.1,22.950000000000728,23674.92
7842.11,22.960000000000036,23577.832
7842.12,22.970000000000255,23869.189
7842.13,22.980000000000473,23772.039
7842.14,22.99000000000069,23723.475
7842.15,23.0,23674.92
7842.16,23.01000000000022,23723.475
7842.17,23.020000000000437,23723.475
7842.18,23.030000000000655,23577.832
7842.19,23.039999999999964,23772.039
7842.2,23.050000000000182,23723.475
7842.21,23.0600000000004,23674.92
7842.22,23.07000000000062,23432.264
7842.23,23.079999999999927,23141.346
7842.24,23.090000000000146,23432.264
7842.25,23.100000000000364,23626.373
7842.26,23.110000000000582,23674.92
7842.27,23.1200000000008,23966.375
7842.28,23.13000000000011,23917.777
7842.29,23.140000000000327,23820.611
7842.3,23.150000000000546,23917.777
7842.31,23.160000000000764,23723.475
7842.32,23.170000000000073,23674.92
7842.33,23.18000000000029,23626.373
7842.34,23.19000000000051,23723.475
7842.35,23.200000000000728,23674.92
7842.36,23.210000000000036,23820.611
7842.37,23.220000000000255,23626.373
7842.38,23.230000000000473,22947.563
7842.39,23.24000000000069,23092.887
7842.4,23.25,23480.779
7842.41,23.26000000000022,23674.92
7842.42,23.270000000000437,23480.779
7842.43,23.280000000000655,23917.777
7842.44,23.289999999999964,23626.373
7842.45,23.300000000000182,23723.475
7842.46,23.3100000000004,23674.92
7842.47,23.32000000000062,23626.373
7842.48,23.329999999999927,23626.373
7842.49,23.340000000000146,23383.758
7842.5,23.350000000000364,23674.92
7842.51,23.360000000000582,23626.373
7842.52,23.3700000000008,23674.92
7842.53,23.38000000000011,23432.264
7842.54,23.390000000000327,23286.768
7842.55,23.400000000000546,23577.832
7842.56,23.410000000000764,23674.92
7842.57,23.420000000000073,23772.039
7842.58,23.43000000000029,23723.475
7842.59,23.44000000000051,23480.779
7842.6,23.450000000000728,23723.475
7842.61,23.460000000000036,23772.039
7842.62,23.470000000000255,23820.611
7842.63,23.480000000000473,23674.92
7842.64,23.49000000000069,23772.039
7842.65,23.5,23723.475
7842.66,23.51000000000022,23820.611
7842.67,23.520000000000437,23723.475
7842.68,23.530000000000655,23723.475
7842.69,23.539999999999964,23092.887
7842.7,23.550000000000182,23092.887
7842.71,23.5600000000004,23286.768
7842.72,23.57000000000062,23626.373
7842.73,23.579999999999927,23723.475
7842.74,23.590000000000146,23674.92
7842.75,23.600000000000364,23723.475
7842.76,23.610000000000582,23772.039
7842.77,23.6200000000008,23772.039
7842.78,23.63000000000011,23577.832
7842.79,23.640000000000327,23674.92
7842.8,23.650000000000546,23626.373
7842.81,23.660000000000764,23820.611
7842.82,23.670000000000073,23723.475
7842.83,23.68000000000029,23432.264
7842.84,23.69000000000051,23626.373
7842.85,23.700000000000728,23141.346
7842.86,23.710000000000036,23432.264
7842.87,23.720000000000255,23480.779
7842.88,23.730000000000473,23626.373
7842.89,23.74000000000069,23820.611
7842.9,23.75,23917.777
7842.91,23.76000000000022,23917.777
7842.92,23.770000000000437,23577.832
7842.93,23.780000000000655,23480.779
7842.94,23.789999999999964,23674.92
7842.95,23.800000000000182,23772.039
7842.96,23.8100000000004,23772.039
7842.97,23.82000000000062,23577.832
7842.98,23.829999999999927,23723.475
7842.99,23.840000000000146,23626.373
7843.0,23.850000000000364,22995.996
7843.01,23.860000000000582,23286.768
7843.02,23.8700000000008,23674.92
7843.03,23.88000000000011,23480.779
7843.04,23.890000000000327,23480.779
7843.05,23.900000000000546,23820.611
7843.06,23.910000000000764,23917.777
7843.07,23.920000000000073,23674.92
7843.08,23.93000000000029,23869.189
7843.09,23.94000000000051,23674.92
7843.1,23.950000000000728,23820.611
7843.11,23.960000000000036,23820.611
7843.12,23.970000000000255,23723.475
7843.13,23.980000000000473,23869.189
7843.14,23.99000000000069,23772.039
7843.15,24.0,23529.301
7843.16,24.01000000000022,23286.768
7843.17,24.020000000000437,23432.264
7843.18,24.030000000000655,23626.373
7843.19,24.039999999999964,23480.779
7843.2,24.050000000000182,23723.475
7843.21,24.0600000000004,23674.92
7843.22,24.07000000000062,23723.475
7843.23,24.079999999999927,23577.832
7843.24,24.090000000000146,23820.611
7843.25,24.100000000000364,23674.92
7843.26,24.110000000000582,23723.475
7843.27,24.1200000000008,23626.373
7843.28,24.13000000000011,23674.92
7843.29,24.140000000000327,23820.611
7843.3,24.150000000000546,23674.92
7843.31,24.160000000000764,23238.285
7843.32,24.170000000000073,23238.285
7843.33,24.18000000000029,23432.264
7843.34,24.19000000000051,23480.779
7843.35,24.200000000000728,23772.039
7843.36,24.210000000000036,23723.475
7843.37,24.220000000000255,23626.373
7843.38,24.230000000000473,23626.373
7843.39,24.24000000000069,23335.258
7843.4,24.25,23723.475
7843.41,24.26000000000022,23723.475
7843.42,24.270000000000437,23577.832
7843.43,24.280000000000655,23820.611
7843.44,24.289999999999964,23529.301
7843.45,24.300000000000182,23626.373
7843.46,24.3100000000004,23626.373
7843.47,24.32000000000062,23092.887
7843.48,24.329999999999927,23383.758
7843.49,24.340000000000146,23577.832
7843.5,24.350000000000364,23674.92
7843.51,24.360000000000582,23723.475
7843.52,24.3700000000008,23577.832
7843.53,24.38000000000011,23820.611
7843.54,24.390000000000327,23674.92
7843.55,24.400000000000546,23577.832
7843.56,24.410000000000764,23577.832
7843.57,24.420000000000073,23723.475
7843.58,24.43000000000029,23772.039
7843.59,24.44000000000051,23577.832
7843.6,24.450000000000728,23869.189
7843.61,24.460000000000036,23577.832
7843.62,24.470000000000255,23092.887
7843.63,24.480000000000473,23238.285
7843.64,24.49000000000069,23092.887
7843.65,24.5,23432.264
7843.66,24.51000000000022,23529.301
7843.67,24.520000000000437,23432.264
7843.68,24.530000000000655,23238.285
7843.69,24.539999999999964,23480.779
7843.7,24.550000000000182,23480.779
7843.71,24.5600000000004,23626.373
7843.72,24.57000000000062,23335.258
7843.73,24.579999999999927,23480.779
7843.74,24.590000000000146,23529.301
7843.75,24.600000000000364,23529.301
7843.76,24.610000000000582,23529.301
7843.77,24.6200000000008,23335.258
7843.78,24.63000000000011,22995.996
7843.79,24.640000000000327,23286.768
7843.8,24.650000000000546,23529.301
7843.81,24.660000000000764,23626.373
7843.82,24.670000000000073,23529.301
7843.83,24.68000000000029,23577.832
7843.84,24.69000000000051,23529.301
7843.85,24.700000000000728,23529.301
7843.86,24.710000000000036,23577.832
7843.87,24.720000000000255,23480.779
7843.88,24.730000000000473,23529.301
7843.89,24.74000000000069,23529.301
7843.9,24.75,23480.779
7843.91,24.76000000000022,23480.779
7843.92,24.770000000000437,23432.264
7843.93,24.780000000000655,23092.887
7843.94,24.789999999999964,23238.285
7843.95,24.800000000000182,23480.779
7843.96,24.8100000000004,23432.264
7843.97,24.82000000000062,23772.039
7843.98,24.829999999999927,23626.373
7843.99,24.840000000000146,23917.777
7844.0,24.850000000000364,23626.373
7844.01,24.860000000000582,23723.475
7844.02,24.8700000000008,23480.779
7844.03,24.88000000000011,23577.832
7844.04,24.890000000000327,23626.373
7844.05,24.900000000000546,23723.475
7844.06,24.910000000000764,23917.777
7844.07,24.920000000000073,23772.039
7844.08,24.93000000000029,23626.373
7844.09,24.94000000000051,23335.258
7844.1,24.950000000000728,23238.285
7844.11,24.960000000000036,23772.039
7844.12,24.970000000000255,23577.832
7844.13,24.980000000000473,23674.92
7844.14,24.99000000000069,23772.039
7844.15,25.0,23917.777
7844.16,25.01000000000022,23723.475
7844.17,25.020000000000437,23723.475
7844.18,25.030000000000655,23480.779
7844.19,25.039999999999964,23674.92
7844.2,25.050000000000182,23772.039
7844.21,25.0600000000004,23917.777
7844.22,25.07000000000062,23820.611
7844.23,25.079999999999927,23772.039
7844.24,25.090000000000146,23238.285
7844.25,25.100000000000364,23189.811
7844.26,25.110000000000582,23480.779
7844.27,25.1200000000008,23723.475
7844.28,25.13000000000011,23820.611
7844.29,25.140000000000327,23772.039
7844.3,25.150000000000546,23674.92
7844.31,25.160000000000764,23820.611
7844.32,25.170000000000073,23772.039
7844.33,25.18000000000029,23917.777
7844.34,25.19000000000051,23674.92
7844.35,25.200000000000728,23577.832
7844.36,25.210000000000036,23674.92
7844.37,25.220000000000255,23723.475
7844.38,25.230000000000473,23917.777
7844.39,25.24000000000069,23674.92
7844.4,25.25,23092.887
7844.41,25.26000000000022,23480.779
7844.42,25.270000000000437,23480.779
7844.43,25.280000000000655,23674.92
7844.44,25.289999999999964,23480.779
7844.45,25.300000000000182,23820.611
7844.46,25.3100000000004,23820.611
7844.47,25.32000000000062,23674.92
7844.48,25.329999999999927,23577.832
7844.49,25.340000000000146,23674.92
7844.5,25.350000000000364,23820.611
7844.51,25.360000000000582,23917.777
7844.52,25.3700000000008,23869.189
7844.53,25.38000000000011,23674.92
7844.54,25.390000000000327,23723.475
7844.55,25.400000000000546,23189.811
7844.56,25.410000000000764,23383.758
7844.57,25.420000000000073,23529.301
7844.58,25.43000000000029,23772.039
7844.59,25.44000000000051,23480.779
7844.6,25.450000000000728,23626.373
7844.61,25.460000000000036,23772.039
7844.62,25.470000000000255,23772.039
7844.63,25.480000000000473,23577.832
7844.64,25.49000000000069,23723.475
7844.65,25.5,23626.373
7844.66,25.51000000000022,23480.779
7844.67,25.520000000000437,23723.475
7844.68,25.530000000000655,23917.777
7844.69,25.539999999999964,23820.611
7844.7,25.550000000000182,23772.039
7844.71,25.5600000000004,23092.887
7844.72,25.57000000000062,23286.768
7844.73,25.579999999999927,23286.768
7844.74,25.590000000000146,23577.832
7844.75,25.600000000000364,23772.039
7844.76,25.610000000000582,23723.475
7844.77,25.6200000000008,23480.779
7844.78,25.63000000000011,23529.301
7844.79,25.640000000000327,23674.92
7844.8,25.650000000000546,23626.373
7844.81,25.660000000000764,23723.475
7844.82,25.670000000000073,23674.92
7844.83,25.68000000000029,23480.779
7844.84,25.69000000000051,23529.301
7844.85,25.700000000000728,23626.373
7844.86,25.710000000000036,23529.301
7844.87,25.720000000000255,23092.887
7844.88,25.730000000000473,23092.887
7844.89,25.74000000000069,23432.264
7844.9,25.75,23383.758
7844.91,25.76000000000022,23626.373
7844.92,25.770000000000437,23480.779
7844.93,25.780000000000655,23626.373
7844.94,25.789999999999964,23480.779
7844.95,25.800000000000182,23480.779
7844.96,25.8100000000004,23432.264
7844.97,25.82000000000062,23626.373
7844.98,25.829999999999927,23529.301
7844.99,25.840000000000146,23480.779
7845.0,25.850000000000364,23674.92
7845.01,25.860000000000582,23626.373
7845.02,25.8700000000008,22899.137
7845.03,25.88000000000011,23335.258
7845.04,25.890000000000327,23529.301
7845.05,25.900000000000546,23674.92
7845.06,25.910000000000764,23772.039
7845.07,25.920000000000073,23626.373
7845.08,25.93000000000029,23626.373
7845.09,25.94000000000051,23626.373
7845.1,25.950000000000728,23674.92
7845.11,25.960000000000036,23480.779
7845.12,25.970000000000255,23529.301
7845.13,25.980000000000473,23577.832
7845.14,25.99000000000069,23820.611
7845.15,26.0,23772.039
7845.16,26.01000000000022,23674.92
7845.17,26.020000000000437,23383.758
7845.18,26.030000000000655,23044.438
7845.19,26.039999999999964,23383.758
7845.2,26.050000000000182,23383.758
7845.21,26.0600000000004,23383.758
7845.22,26.07000000000062,23529.301
7845.23,26.079999999999927,23577.832
7845.24,26.090000000000146,23577.832
7845.25,26.100000000000364,23723.475
7845.26,26.110000000000582,23432.264
7845.27,26.1200000000008,23869.189
7845.28,26.13000000000011,23723.475
7845.29,26.140000000000327,23626.373
7845.3,26.150000000000546,23577.832
7845.31,26.160000000000764,23772.039
7845.32,26.170000000000073,23480.779
7845.33,26.18000000000029,22947.563
7845.34,26.19000000000051,23286.768
7845.35,26.200000000000728,23626.373
7845.36,26.210000000000036,23432.264
7845.37,26.220000000000255,23772.039
7845.38,26.230000000000473,23480.779
7845.39,26.24000000000069,23723.475
7845.4,26.25,23723.475
7845.41,26.26000000000022,23772.039
7845.42,26.270000000000437,23869.189
7845.43,26.280000000000655,23723.475
7845.44,26.289999999999964,23917.777
7845.45,26.300000000000182,23626.373
7845.46,26.3100000000004,23772.039
7845.47,26.32000000000062,23723.475
7845.48,26.329999999999927,23626.373
7845.49,26.340000000000146,23092.887
7845.5,26.350000000000364,23238.285
7845.51,26.360000000000582,23092.887
7845.52,26.3700000000008,23480.779
7845.53,26.38000000000011,23383.758
7845.54,26.390000000000327,23480.779
7845.55,26.400000000000546,23674.92
7845.56,26.410000000000764,23577.832
7845.57,26.420000000000073,23432.264
7845.58,26.43000000000029,23480.779
7845.59,26.44000000000051,23529.301
7845.6,26.450000000000728,23480.779
7845.61,26.460000000000036,23529.301
7845.62,26.470000000000255,23577.832
7845.63,26.480000000000473,23577.832
7845.64,26.49000000000069,23141.346
7845.65,26.5,23432.264
7845.66,26.51000000000022,23577.832
7845.67,26.520000000000437,23674.92
7845.68,26.530000000000655,23869.189
7845.69,26.539999999999964,23820.611
7845.7,26.550000000000182,23772.039
7845.71,26.5600000000004,23820.611
7845.72,26.57000000000062,23820.611
7845.73,26.579999999999927,23869.189
7845.74,26.590000000000146,23869.189
7845.75,26.600000000000364,23772.039
7845.76,26.610000000000582,23917.777
7845.77,26.6200000000008,23674.92
7845.78,26.63000000000011,23917.777
7845.79,26.640000000000327,23917.777
7845.8,26.650000000000546,22995.996
7845.81,26.660000000000764,22270.344
7845.82,26.670000000000073,21546.52
7845.83,26.68000000000029,21546.52
7845.84,26.69000000000051,21498.33
7845.85,26.700000000000728,21305.65
7845.86,26.710000000000036,22899.137
7845.87,26.720000000000255,24306.775
7845.88,26.730000000000473,23917.777
7845.89,26.74000000000069,23480.779
7845.9,26.75,24209.477
7845.91,26.76000000000022,24355.436
7845.92,26.770000000000437,24501.469
7845.93,26.780000000000655,24404.105
7845.94,26.789999999999964,24355.436
7845.95,26.800000000000182,24550.162
7845.96,26.8100000000004,24598.863
7845.97,26.82000000000062,24696.291
7845.98,26.829999999999927,24550.162
7845.99,26.840000000000146,24793.752
7846.0,26.850000000000364,24501.469
7846.01,26.860000000000582,24452.783
7846.02,26.8700000000008,24647.572
7846.03,26.88000000000011,24598.863
7846.04,26.890000000000327,24501.469
7846.05,26.900000000000546,24696.291
7846.06,26.910000000000764,24501.469
7846.07,26.920000000000073,24647.572
7846.08,26.93000000000029,24550.162
7846.09,26.94000000000051,24647.572
7846.1,26.950000000000728,24452.783
7846.11,26.960000000000036,24501.469
7846.12,26.970000000000255,24598.863
7846.13,26.980000000000473,24452.783
7846.14,26.99000000000069,24598.863
7846.15,27.0,24501.469
7846.16,27.01000000000022,24598.863
7846.17,27.020000000000437,24550.162
7846.18,27.030000000000655,24452.783
7846.19,27.039999999999964,24355.436
7846.2,27.050000000000182,24452.783
7846.21,27.0600000000004,24696.291
7846.22,27.07000000000062,24452.783
7846.23,27.079999999999927,24696.291
7846.24,27.090000000000146,24452.783
7846.25,27.100000000000364,24452.783
7846.26,27.110000000000582,24696.291
7846.27,27.1200000000008,24550.162
7846.28,27.13000000000011,24696.291
7846.29,27.140000000000327,24452.783
7846.3,27.150000000000546,24355.436
7846.31,27.160000000000764,24598.863
7846.32,27.170000000000073,24598.863
7846.33,27.18000000000029,24550.162
7846.34,27.19000000000051,24306.775
7846.35,27.200000000000728,24550.162
7846.36,27.210000000000036,24550.162
7846.37,27.220000000000255,24452.783
7846.38,27.230000000000473,24550.162
7846.39,27.24000000000069,24647.572
7846.4,27.25,24550.162
7846.41,27.26000000000022,24452.783
7846.42,27.270000000000437,24404.105
7846.43,27.280000000000655,24501.469
7846.44,27.289999999999964,24404.105
7846.45,27.300000000000182,24550.162
7846.46,27.3100000000004,24404.105
7846.47,27.32000000000062,24452.783
7846.48,27.329999999999927,24452.783
7846.49,27.340000000000146,24598.863
7846.5,27.350000000000364,24452.783
7846.51,27.360000000000582,24598.863
7846.52,27.3700000000008,24501.469
7846.53,27.38000000000011,24598.863
7846.54,27.390000000000327,24452.783
7846.55,27.400000000000546,24550.162
7846.56,27.410000000000764,24598.863
7846.57,27.420000000000073,24550.162
7846.58,27.43000000000029,24598.863
7846.59,27.44000000000051,24501.469
7846.6,27.450000000000728,24452.783
7846.61,27.460000000000036,24452.783
7846.62,27.470000000000255,24550.162
7846.63,27.480000000000473,24501.469
7846.64,27.49000000000069,24745.018
7846.65,27.5,24598.863
7846.66,27.51000000000022,24452.783
7846.67,27.520000000000437,24647.572
7846.68,27.530000000000655,24598.863
7846.69,27.539999999999964,24452.783
7846.7,27.550000000000182,24501.469
7846.71,27.5600000000004,24598.863
7846.72,27.57000000000062,24647.572
7846.73,27.579999999999927,24501.469
7846.74,27.590000000000146,24355.436
7846.75,27.600000000000364,24696.291
7846.76,27.610000000000582,24793.752
7846.77,27.6200000000008,24355.436
7846.78,27.63000000000011,24647.572
7846.79,27.640000000000327,24598.863
7846.8,27.650000000000546,24598.863
7846.81,27.660000000000764,24598.863
7846.82,27.670000000000073,24745.018
7846.83,27.68000000000029,24501.469
7846.84,27.69000000000051,24501.469
7846.85,27.700000000000728,24404.105
7846.86,27.710000000000036,24647.572
7846.87,27.720000000000255,24647.572
7846.88,27.730000000000473,24452.783
7846.89,27.74000000000069,24452.783
7846.9,27.75,24501.469
7846.91,27.76000000000022,24647.572
7846.92,27.770000000000437,24501.469
7846.93,27.780000000000655,24598.863
7846.94,27.789999999999964,24598.863
7846.95,27.800000000000182,24598.863
7846.96,27.8100000000004,24598.863
7846.97,27.82000000000062,24501.469
7846.98,27.829999999999927,24988.77
7846.99,27.840000000000146,24598.863
7847.0,27.850000000000364,24745.018
7847.01,27.860000000000582,24550.162
7847.02,27.8700000000008,24501.469
7847.03,27.88000000000011,24404.105
7847.04,27.890000000000327,24647.572
7847.05,27.900000000000546,24258.121
7847.06,27.910000000000764,24598.863
7847.07,27.920000000000073,24793.752
7847.08,27.93000000000029,24501.469
7847.09,27.94000000000051,24598.863
7847.1,27.950000000000728,24550.162
7847.11,27.960000000000036,24501.469
7847.12,27.970000000000255,24550.162
7847.13,27.980000000000473,24452.783
7847.14,27.99000000000069,24452.783
7847.15,28.0,24550.162
7847.16,28.01000000000022,24306.775
7847.17,28.020000000000437,24550.162
7847.18,28.030000000000655,24501.469
7847.19,28.039999999999964,24598.863
7847.2,28.050000000000182,24647.572
7847.21,28.0600000000004,24550.162
7847.22,28.07000000000062,24598.863
7847.23,28.079999999999927,24647.572
7847.24,28.090000000000146,24501.469
7847.25,28.100000000000364,24404.105
7847.26,28.110000000000582,24598.863
7847.27,28.1200000000008,24452.783
7847.28,28.13000000000011,24647.572
7847.29,28.140000000000327,24404.105
7847.3,28.150000000000546,24598.863
7847.31,28.160000000000764,24598.863
7847.32,28.170000000000073,24745.018
7847.33,28.18000000000029,24696.291
7847.34,28.19000000000051,24550.162
7847.35,28.200000000000728,24501.469
7847.36,28.210000000000036,24501.469
7847.37,28.220000000000255,24550.162
7847.38,28.230000000000473,24550.162
7847.39,28.24000000000069,24598.863
7847.4,28.25,24404.105
7847.41,28.26000000000022,24598.863
7847.42,28.270000000000437,24452.783
7847.43,28.280000000000655,24598.863
7847.44,28.289999999999964,24598.863
7847.45,28.300000000000182,24501.469
7847.46,28.3100000000004,24647.572
7847.47,28.32000000000062,24452.783
7847.48,28.329999999999927,24452.783
7847.49,28.340000000000146,24452.783
7847.5,28.350000000000364,24647.572
7847.51,28.360000000000582,24647.572
7847.52,28.3700000000008,24550.162
7847.53,28.38000000000011,24452.783
7847.54,28.390000000000327,24452.783
7847.55,28.400000000000546,24452.783
7847.56,28.410000000000764,24842.494
7847.57,28.420000000000073,24404.105
7847.58,28.43000000000029,24501.469
7847.59,28.44000000000051,24550.162
7847.6,28.450000000000728,24355.436
7847.61,28.460000000000036,24598.863
7847.62,28.470000000000255,24452.783
7847.63,28.480000000000473,24501.469
7847.64,28.49000000000069,24452.783
7847.65,28.5,24355.436
7847.66,28.51000000000022,24647.572
7847.67,28.520000000000437,24550.162
7847.68,28.530000000000655,24452.783
7847.69,28.539999999999964,24793.752
7847.7,28.550000000000182,24598.863
7847.71,28.5600000000004,24404.105
7847.72,28.57000000000062,24404.105
7847.73,28.579999999999927,24550.162
7847.74,28.590000000000146,24355.436
7847.75,28.600000000000364,24501.469
7847.76,28.610000000000582,24550.162
7847.77,28.6200000000008,24598.863
7847.78,28.63000000000011,24501.469
7847.79,28.640000000000327,24550.162
7847.8,28.650000000000546,24696.291
7847.81,28.660000000000764,24745.018
7847.82,28.670000000000073,24452.783
7847.83,28.68000000000029,24452.783
7847.84,28.69000000000051,24404.105
7847.85,28.700000000000728,24501.469
7847.86,28.710000000000036,24258.121
7847.87,28.720000000000255,24404.105
7847.88,28.730000000000473,24355.436
7847.89,28.74000000000069,24501.469
7847.9,28.75,24550.162
7847.91,28.76000000000022,24696.291
7847.92,28.770000000000437,24696.291
7847.93,28.780000000000655,24501.469
7847.94,28.789999999999964,24696.291
7847.95,28.800000000000182,24598.863
7847.96,28.8100000000004,24647.572
7847.97,28.82000000000062,24598.863
7847.98,28.829999999999927,24696.291
7847.99,28.840000000000146,24452.783
7848.0,28.850000000000364,24647.572
7848.01,28.860000000000582,24647.572
7848.02,28.8700000000008,24550.162
7848.03,28.88000000000011,24501.469
7848.04,28.890000000000327,24452.783
7848.05,28.900000000000546,24452.783
7848.06,28.910000000000764,24647.572
7848.07,28.920000000000073,24647.572
7848.08,28.93000000000029,24452.783
7848.09,28.94000000000051,24598.863
7848.1,28.950000000000728,24696.291
7848.11,28.960000000000036,24452.783
7848.12,28.970000000000255,24647.572
7848.13,28.980000000000473,24550.162
7848.14,28.99000000000069,24745.018
7848.15,29.0,24598.863
7848.16,29.01000000000022,24501.469
7848.17,29.020000000000437,24647.572
7848.18,29.030000000000655,24501.469
7848.19,29.039999999999964,24647.572
7848.2,29.050000000000182,24598.863
7848.21,29.0600000000004,24355.436
7848.22,29.07000000000062,24647.572
7848.23,29.079999999999927,24647.572
7848.24,29.090000000000146,24550.162
7848.25,29.100000000000364,24452.783
7848.26,29.110000000000582,24452.783
7848.27,29.1200000000008,24452.783
7848.28,29.13000000000011,24501.469
7848.29,29.140000000000327,24598.863
7848.3,29.150000000000546,24501.469
7848.31,29.160000000000764,24550.162
7848.32,29.170000000000073,24501.469
7848.33,29.18000000000029,24647.572
7848.34,29.19000000000051,24647.572
7848.35,29.200000000000728,24501.469
7848.36,29.210000000000036,24647.572
7848.37,29.220000000000255,24501.469
7848.38,29.230000000000473,24501.469
7848.39,29.24000000000069,24793.752
7848.4,29.25,24598.863
7848.41,29.26000000000022,24404.105
7848.42,29.270000000000437,24598.863
7848.43,29.280000000000655,24696.291
7848.44,29.289999999999964,24452.783
7848.45,29.300000000000182,24501.469
7848.46,29.3100000000004,24598.863
7848.47,29.32000000000062,24550.162
7848.48,29.329999999999927,24501.469
7848.49,29.340000000000146,24550.162
7848.5,29.350000000000364,24647.572
7848.51,29.360000000000582,24550.162
7848.52,29.3700000000008,24696.291
7848.53,29.38000000000011,24404.105
7848.54,29.390000000000327,24598.863
7848.55,29.400000000000546,24598.863
7848.56,29.410000000000764,24647.572
7848.57,29.420000000000073,24647.572
7848.58,29.43000000000029,24501.469
7848.59,29.44000000000051,24550.162
7848.6,29.450000000000728,24501.469
7848.61,29.460000000000036,24452.783
7848.62,29.470000000000255,24696.291
7848.63,29.480000000000473,24501.469
7848.64,29.49000000000069,24696.291
7848.65,29.5,24355.436
7848.66,29.51000000000022,24550.162
7848.67,29.520000000000437,24598.863
7848.68,29.530000000000655,24550.162
7848.69,29.539999999999964,24647.572
7848.7,29.550000000000182,24501.469
7848.71,29.5600000000004,24598.863
7848.72,29.57000000000062,24598.863
7848.73,29.579999999999927,24647.572
7848.74,29.590000000000146,23917.777
7848.75,29.600000000000364,23092.887
7848.76,29.610000000000582,23092.887
7848.77,29.6200000000008,23092.887
7848.78,29.63000000000011,22802.309
7848.79,29.640000000000327,22560.385
7848.8,29.650000000000546,22512.023
7848.81,29.660000000000764,22512.023
7848.82,29.670000000000073,22560.385
7848.83,29.68000000000029,22705.516
7848.84,29.69000000000051,22463.672
7848.85,29.700000000000728,22657.131
7848.86,29.710000000000036,22608.754
7848.87,29.720000000000255,22560.385
7848.88,29.730000000000473,22657.131
7848.89,29.74000000000069,22512.023
7848.9,29.75,22512.023
7848.91,29.76000000000022,22608.754
7848.92,29.770000000000437,22463.672
7848.93,29.780000000000655,22560.385
7848.94,29.789999999999964,22705.516
7848.95,29.800000000000182,22705.516
7848.96,29.8100000000004,22512.023
7848.97,29.82000000000062,22463.672
7848.98,29.829999999999927,22415.328
7848.99,29.840000000000146,22560.385
7849.0,29.850000000000364,22463.672
7849.01,29.860000000000582,22318.664
7849.02,29.8700000000008,22512.023
7849.03,29.88000000000011,22608.754
7849.04,29.890000000000327,22657.131
7849.05,29.900000000000546,22753.908
7849.06,29.910000000000764,22560.385
7849.07,29.920000000000073,22608.754
7849.08,29.93000000000029,22705.516
7849.09,29.94000000000051,22657.131
7849.1,29.950000000000728,22753.908
7849.11,29.960000000000036,22608.754
7849.12,29.970000000000255,22560.385
7849.13,29.980000000000473,22657.131
7849.14,29.99000000000069,22270.344
7849.15,30.0,22173.729
7849.16,30.01000000000022,22173.729
7849.17,30.020000000000437,22415.328
7849.18,30.030000000000655,22463.672
7849.19,30.039999999999964,22753.908
7849.2,30.050000000000182,22222.031
7849.21,30.0600000000004,22366.992
7849.22,30.07000000000062,22512.023
7849.23,30.079999999999927,22608.754
7849.24,30.090000000000146,22560.385
7849.25,30.100000000000364,22463.672
7849.26,30.110000000000582,22512.023
7849.27,30.1200000000008,22753.908
7849.28,30.13000000000011,22415.328
7849.29,30.140000000000327,22657.131
7849.3,30.150000000000546,22463.672
7849.31,30.160000000000764,22560.385
7849.32,30.170000000000073,22560.385
7849.33,30.18000000000029,22512.023
7849.34,30.19000000000051,22560.385
7849.35,30.200000000000728,22173.729
7849.36,30.210000000000036,22318.664
7849.37,30.220000000000255,22415.328
7849.38,30.230000000000473,22657.131
7849.39,30.24000000000069,22560.385
7849.4,30.25,22657.131
7849.41,30.26000000000022,22512.023
7849.42,30.270000000000437,22850.719
7849.43,30.280000000000655,22463.672
7849.44,30.289999999999964,22512.023
7849.45,30.300000000000182,22657.131
7849.46,30.3100000000004,22415.328
7849.47,30.32000000000062,22415.328
7849.48,30.329999999999927,22753.908
7849.49,30.340000000000146,22705.516
7849.5,30.350000000000364,22947.563
7849.51,30.360000000000582,22512.023
7849.52,30.3700000000008,22463.672
7849.53,30.38000000000011,22512.023
7849.54,30.390000000000327,22753.908
7849.55,30.400000000000546,22415.328
7849.56,30.410000000000764,22608.754
7849.57,30.420000000000073,22415.328
7849.58,30.43000000000029,22947.563
7849.59,30.44000000000051,22947.563
7849.6,30.450000000000728,22850.719
7849.61,30.460000000000036,22512.023
7849.62,30.470000000000255,22512.023
7849.63,30.480000000000473,22512.023
7849.64,30.49000000000069,22366.992
7849.65,30.5,22318.664
7849.66,30.51000000000022,22318.664
7849.67,30.520000000000437,22415.328
7849.68,30.530000000000655,22366.992
7849.69,30.539999999999964,22512.023
7849.7,30.550000000000182,22366.992
7849.71,30.5600000000004,22366.992
7849.72,30.57000000000062,22463.672
7849.73,30.579999999999927,22463.672
7849.74,30.590000000000146,22608.754
7849.75,30.600000000000364,22657.131
7849.76,30.610000000000582,22415.328
7849.77,30.6200000000008,22463.672
7849.78,30.63000000000011,22705.516
7849.79,30.640000000000327,22705.516
7849.8,30.650000000000546,22657.131
7849.81,30.660000000000764,22705.516
7849.82,30.670000000000073,22560.385
7849.83,30.68000000000029,22366.992
7849.84,30.69000000000051,22366.992
7849.85,30.700000000000728,22366.992
7849.86,30.710000000000036,22270.344
7849.87,30.720000000000255,22222.031
7849.88,30.730000000000473,22270.344
7849.89,30.74000000000069,22560.385
7849.9,30.75,22463.672
7849.91,30.76000000000022,22366.992
7849.92,30.770000000000437,22270.344
7849.93,30.780000000000655,22366.992
7849.94,30.789999999999964,22463.672
7849.95,30.800000000000182,22512.023
7849.96,30.8100000000004,22366.992
7849.97,30.82000000000062,22415.328
7849.98,30.829999999999927,22512.023
7849.99,30.840000000000146,22705.516
7850.0,30.850000000000364,22705.516
7850.01,30.860000000000582,22753.908
7850.02,30.8700000000008,22512.023
7850.03,30.88000000000011,22415.328
7850.04,30.890000000000327,22366.992
7850.05,30.900000000000546,22125.432
7850.06,30.910000000000764,22366.992
7850.07,30.920000000000073,22173.729
7850.08,30.93000000000029,22512.023
7850.09,30.94000000000051,22415.328
7850.1,30.950000000000728,22512.023
7850.11,30.960000000000036,22463.672
7850.12,30.970000000000255,22125.432
7850.13,30.980000000000473,22415.328
7850.14,30.99000000000069,22512.023
7850.15,31.0,22512.023
7850.16,31.01000000000022,22512.023
7850.17,31.020000000000437,22415.328
7850.18,31.030000000000655,22366.992
7850.19,31.039999999999964,22608.754
7850.2,31.050000000000182,22657.131
7850.21,31.0600000000004,22415.328
7850.22,31.07000000000062,22415.328
7850.23,31.079999999999927,22173.729
7850.24,31.090000000000146,22366.992
7850.25,31.100000000000364,22318.664
7850.26,31.110000000000582,22222.031
7850.27,31.1200000000008,22173.729
7850.28,31.13000000000011,22415.328
7850.29,31.140000000000327,22560.385
7850.3,31.150000000000546,22560.385
7850.31,31.160000000000764,22705.516
7850.32,31.170000000000073,22463.672
7850.33,31.18000000000029,22512.023
7850.34,31.19000000000051,22512.023
7850.35,31.200000000000728,22366.992
7850.36,31.210000000000036,22657.131
7850.37,31.220000000000255,22560.385
7850.38,31.230000000000473,22512.023
7850.39,31.24000000000069,22366.992
7850.4,31.25,22415.328
7850.41,31.26000000000022,22657.131
7850.42,31.270000000000437,22560.385
7850.43,31.280000000000655,22512.023
7850.44,31.289999999999964,22608.754
7850.45,31.300000000000182,22415.328
7850.46,31.3100000000004,22463.672
7850.47,31.32000000000062,22318.664
7850.48,31.329999999999927,22657.131
7850.49,31.340000000000146,22560.385
7850.5,31.350000000000364,22947.563
7850.51,31.360000000000582,22850.719
7850.52,31.3700000000008,22705.516
7850.53,31.38000000000011,22753.908
7850.54,31.390000000000327,22802.309
7850.55,31.400000000000546,22705.516
7850.56,31.410000000000764,22560.385
7850.57,31.420000000000073,22270.344
7850.58,31.43000000000029,22463.672
7850.59,31.44000000000051,22222.031
7850.6,31.450000000000728,22463.672
7850.61,31.460000000000036,22560.385
7850.62,31.470000000000255,22753.908
7850.63,31.480000000000473,22560.385
7850.64,31.49000000000069,22512.023
7850.65,31.5,22560.385
7850.66,31.51000000000022,22366.992
7850.67,31.520000000000437,22463.672
7850.68,31.530000000000655,22463.672
7850.69,31.539999999999964,22318.664
7850.7,31.550000000000182,22415.328
7850.71,31.5600000000004,22753.908
7850.72,31.57000000000062,22560.385
7850.73,31.579999999999927,22705.516
7850.74,31.590000000000146,22850.719
7850.75,31.600000000000364,22512.023
7850.76,31.610000000000582,22463.672
7850.77,31.6200000000008,22366.992
7850.78,31.63000000000011,22415.328
7850.79,31.640000000000327,22318.664
7850.8,31.650000000000546,22512.023
7850.81,31.660000000000764,22608.754
7850.82,31.670000000000073,22608.754
7850.83,31.68000000000029,22657.131
7850.84,31.69000000000051,22705.516
7850.85,31.700000000000728,22608.754
7850.86,31.710000000000036,22657.131
7850.87,31.720000000000255,22512.023
7850.88,31.730000000000473,22318.664
7850.89,31.74000000000069,22318.664
7850.9,31.75,22463.672
7850.91,31.76000000000022,22560.385
7850.92,31.770000000000437,22560.385
7850.93,31.780000000000655,22512.023
7850.94,31.789999999999964,22512.023
7850.95,31.800000000000182,22512.023
7850.96,31.8100000000004,22705.516
7850.97,31.82000000000062,22560.385
7850.98,31.829999999999927,22560.385
7850.99,31.840000000000146,22366.992
7851.0,31.850000000000364,22657.131
7851.01,31.860000000000582,22560.385
7851.02,31.8700000000008,22657.131
7851.03,31.88000000000011,22560.385
7851.04,31.890000000000327,22899.137
7851.05,31.900000000000546,22560.385
7851.06,31.910000000000764,22657.131
7851.07,31.920000000000073,22512.023
7851.08,31.93000000000029,22512.023
7851.09,31.94000000000051,22318.664
7851.1,31.950000000000728,22318.664
7851.11,31.960000000000036,22318.664
7851.12,31.970000000000255,22222.031
7851.13,31.980000000000473,22318.664
7851.14,31.99000000000069,22318.664
7851.15,32.0,22512.023
7851.16,32.01000000000022,22318.664
7851.17,32.02000000000044,22560.385
7851.18,32.030000000000655,22415.328
7851.19,32.039999999999964,22270.344
7851.2,32.05000000000018,22318.664
7851.21,32.0600000000004,22415.328
7851.22,32.07000000000062,22366.992
7851.23,32.07999999999993,22318.664
7851.24,32.090000000000146,22512.023
7851.25,32.100000000000364,22705.516
7851.26,32.11000000000058,22608.754
7851.27,32.1200000000008,22512.023
7851.28,32.13000000000011,22125.432
7851.29,32.14000000000033,22366.992
7851.3,32.150000000000546,22270.344
7851.31,32.160000000000764,22270.344
7851.32,32.17000000000007,22125.432
7851.33,32.18000000000029,22222.031
7851.34,32.19000000000051,22222.031
7851.35,32.20000000000073,22415.328
7851.36,32.210000000000036,22415.328
7851.37,32.220000000000255,22512.023
7851.38,32.23000000000047,22366.992
7851.39,32.24000000000069,22222.031
7851.4,32.25,22270.344
7851.41,32.26000000000022,22173.729
7851.42,32.27000000000044,22366.992
7851.43,32.280000000000655,22463.672
7851.44,32.289999999999964,22705.516
7851.45,32.30000000000018,22415.328
7851.46,32.3100000000004,22463.672
7851.47,32.32000000000062,22608.754
7851.48,32.32999999999993,22270.344
7851.49,32.340000000000146,22415.328
7851.5,32.350000000000364,22318.664
7851.51,32.36000000000058,22463.672
7851.52,32.3700000000008,22415.328
7851.53,32.38000000000011,22560.385
7851.54,32.39000000000033,22657.131
7851.55,32.400000000000546,22705.516
7851.56,32.410000000000764,22753.908
7851.57,32.42000000000007,22850.719
7851.58,32.43000000000029,22705.516
7851.59,32.44000000000051,22608.754
7851.6,32.45000000000073,22608.754
7851.61,32.460000000000036,22657.131
7851.62,32.470000000000255,22463.672
7851.63,32.48000000000047,22366.992
7851.64,32.49000000000069,22366.992
7851.65,32.5,22512.023
7851.66,32.51000000000022,22657.131
7851.67,32.52000000000044,22608.754
7851.68,32.530000000000655,22560.385
7851.69,32.539999999999964,22463.672
7851.7,32.55000000000018,22463.672
7851.71,32.5600000000004,22512.023
7851.72,32.57000000000062,22657.131
7851.73,32.57999999999993,22415.328
7851.74,32.590000000000146,22753.908
7851.75,32.600000000000364,22512.023
7851.76,32.61000000000058,22657.131
7851.77,32.6200000000008,22657.131
7851.78,32.63000000000011,22802.309
7851.79,32.64000000000033,22512.023
7851.8,32.650000000000546,22560.385
7851.81,32.660000000000764,22512.023
7851.82,32.67000000000007,22463.672
7851.83,32.68000000000029,22560.385
7851.84,32.69000000000051,22222.031
7851.85,32.70000000000073,22366.992
7851.86,32.710000000000036,22512.023
7851.87,32.720000000000255,22608.754
7851.88,32.73000000000047,22657.131
7851.89,32.74000000000069,22705.516
7851.9,32.75,22657.131
7851.91,32.76000000000022,22705.516
7851.92,32.77000000000044,22512.023
7851.93,32.780000000000655,22318.664
7851.94,32.789999999999964,22657.131
7851.95,32.80000000000018,22560.385
7851.96,32.8100000000004,22463.672
7851.97,32.82000000000062,22512.023
7851.98,32.82999999999993,22366.992
7851.99,32.840000000000146,22366.992
7852.0,32.850000000000364,22366.992
7852.01,32.86000000000058,22318.664
7852.02,32.8700000000008,22222.031
7852.03,32.88000000000011,22415.328
7852.04,32.89000000000033,22270.344
7852.05,32.900000000000546,22318.664
7852.06,32.910000000000764,22560.385
7852.07,32.92000000000007,22705.516
7852.08,32.93000000000029,22512.023
7852.09,32.94000000000051,22753.908
7852.1,32.95000000000073,22753.908
7852.11,32.960000000000036,22318.664
7852.12,32.970000000000255,22608.754
7852.13,32.98000000000047,22366.992
7852.14,32.99000000000069,22415.328
7852.15,33.0,22125.432
7852.16,33.01000000000022,22222.031
7852.17,33.02000000000044,22560.385
7852.18,33.030000000000655,22512.023
7852.19,33.039999999999964,22512.023
7852.2,33.05000000000018,22463.672
7852.21,33.0600000000004,22512.023
7852.22,33.07000000000062,22366.992
7852.23,33.07999999999993,22415.328
7852.24,33.090000000000146,22318.664
7852.25,33.100000000000364,22222.031
7852.26,33.11000000000058,22318.664
7852.27,33.1200000000008,22608.754
7852.28,33.13000000000011,22512.023
7852.29,33.14000000000033,22512.023
7852.3,33.150000000000546,22415.328
7852.31,33.160000000000764,22657.131
7852.32,33.17000000000007,22560.385
7852.33,33.18000000000029,22608.754
7852.34,33.19000000000051,22415.328
7852.35,33.20000000000073,22463.672
7852.36,33.210000000000036,22366.992
7852.37,33.220000000000255,22366.992
7852.38,33.23000000000047,22608.754
7852.39,33.24000000000069,22657.131
7852.4,33.25,22753.908
7852.41,33.26000000000022,22753.908
7852.42,33.27000000000044,22560.385
7852.43,33.280000000000655,22463.672
7852.44,33.289999999999964,22560.385
7852.45,33.30000000000018,22512.023
7852.46,33.3100000000004,22318.664
7852.47,33.32000000000062,22512.023
7852.48,33.32999999999993,22463.672
7852.49,33.340000000000146,22705.516
7852.5,33.350000000000364,22753.908
7852.51,33.36000000000058,22850.719
7852.52,33.3700000000008,22512.023
7852.53,33.38000000000011,22318.664
7852.54,33.39000000000033,22463.672
7852.55,33.400000000000546,22415.328
7852.56,33.410000000000764,22415.328
7852.57,33.42000000000007,22318.664
7852.58,33.43000000000029,22463.672
7852.59,33.44000000000051,22608.754
7852.6,33.45000000000073,22705.516
7852.61,33.460000000000036,22657.131
7852.62,33.470000000000255,22705.516
7852.63,33.48000000000047,22753.908
7852.64,33.49000000000069,22608.754
7852.65,33.5,22560.385
7852.66,33.51000000000022,22463.672
7852.67,33.52000000000044,22608.754
7852.68,33.530000000000655,22463.672
7852.69,33.539999999999964,22560.385
7852.7,33.55000000000018,22608.754
7852.71,33.5600000000004,22415.328
7852.72,33.57000000000062,22463.672
7852.73,33.57999999999993,22753.908
7852.74,33.590000000000146,22608.754
7852.75,33.600000000000364,22463.672
7852.76,33.61000000000058,22222.031
7852.77,33.6200000000008,22463.672
7852.78,33.63000000000011,22318.664
7852.79,33.64000000000033,22415.328
7852.8,33.650000000000546,22608.754
7852.81,33.660000000000764,22753.908
7852.82,33.67000000000007,22705.516
7852.83,33.68000000000029,22415.328
7852.84,33.69000000000051,22512.023
7852.85,33.70000000000073,22318.664
7852.86,33.710000000000036,22366.992
7852.87,33.720000000000255,22366.992
7852.88,33.73000000000047,22366.992
7852.89,33.74000000000069,22560.385
7852.9,33.75,22318.664
7852.91,33.76000000000022,22657.131
7852.92,33.77000000000044,22850.719
7852.93,33.780000000000655,22753.908
7852.94,33.789999999999964,22850.719
7852.95,33.80000000000018,22560.385
7852.96,33.8100000000004,22512.023
7852.97,33.82000000000062,22512.023
7852.98,33.82999999999993,22657.131
7852.99,33.840000000000146,22657.131
7853.0,33.850000000000364,22512.023
7853.01,33.86000000000058,22802.309
7853.02,33.8700000000008,22608.754
7853.03,33.88000000000011,22657.131
7853.04,33.89000000000033,22560.385
7853.05,33.900000000000546,22318.664
7853.06,33.910000000000764,22125.432
7853.07,33.92000000000007,22173.729
7853.08,33.93000000000029,22318.664
7853.09,33.94000000000051,22366.992
7853.1,33.95000000000073,22318.664
7853.11,33.960000000000036,22463.672
7853.12,33.970000000000255,22705.516
7853.13,33.98000000000047,22705.516
7853.14,33.99000000000069,22512.023
7853.15,34.0,22560.385
7853.16,34.01000000000022,22318.664
7853.17,34.02000000000044,22560.385
7853.18,34.030000000000655,22560.385
7853.19,34.039999999999964,22463.672
7853.2,34.05000000000018,22270.344
7853.21,34.0600000000004,22657.131
7853.22,34.07000000000062,22560.385
7853.23,34.07999999999993,22415.328
7853.24,34.090000000000146,22463.672
7853.25,34.100000000000364,22463.672
7853.26,34.11000000000058,22366.992
7853.27,34.1200000000008,22560.385
7853.28,34.13000000000011,22415.328
7853.29,34.14000000000033,22415.328
7853.3,34.150000000000546,22270.344
7853.31,34.160000000000764,22415.328
7853.32,34.17000000000007,22415.328
7853.33,34.18000000000029,22560.385
7853.34,34.19000000000051,22560.385
7853.35,34.20000000000073,22415.328
7853.36,34.210000000000036,22512.023
7853.37,34.220000000000255,22560.385
7853.38,34.23000000000047,22657.131
7853.39,34.24000000000069,22560.385
7853.4,34.25,22512.023
7853.41,34.26000000000022,22366.992
7853.42,34.27000000000044,22463.672
7853.43,34.280000000000655,22415.328
7853.44,34.289999999999964,22560.385
7853.45,34.30000000000018,22415.328
7853.46,34.3100000000004,22560.385
7853.47,34.32000000000062,22270.344
7853.48,34.32999999999993,22463.672
7853.49,34.340000000000146,22463.672
7853.5,34.350000000000364,22512.023
7853.51,34.36000000000058,22415.328
7853.52,34.3700000000008,22512.023
7853.53,34.38000000000011,22512.023
7853.54,34.39000000000033,22512.023
7853.55,34.400000000000546,22512.023
7853.56,34.410000000000764,22657.131
7853.57,34.42000000000007,22415.328
7853.58,34.43000000000029,22318.664
7853.59,34.44000000000051,22270.344
7853.6,34.45000000000073,22463.672
7853.61,34.460000000000036,22463.672
7853.62,34.470000000000255,22463.672
7853.63,34.48000000000047,22415.328
7853.64,34.49000000000069,22463.672
7853.65,34.5,22560.385
7853.66,34.51000000000022,22705.516
7853.67,34.52000000000044,22512.023
7853.68,34.530000000000655,22608.754
7853.69,34.539999999999964,22753.908
7853.7,34.55000000000018,22512.023
7853.71,34.5600000000004,22415.328
7853.72,34.57000000000062,22463.672
7853.73,34.57999999999993,22802.309
7853.74,34.590000000000146,22705.516
7853.75,34.600000000000364,22608.754
7853.76,34.61000000000058,22463.672
7853.77,34.6200000000008,22512.023
7853.78,34.63000000000011,22415.328
7853.79,34.64000000000033,22463.672
7853.8,34.650000000000546,22318.664
7853.81,34.660000000000764,22318.664
7853.82,34.67000000000007,22318.664
7853.83,34.68000000000029,22415.328
7853.84,34.69000000000051,22608.754
7853.85,34.70000000000073,22753.908
7853.86,34.710000000000036,22512.023
7853.87,34.720000000000255,22512.023
7853.88,34.73000000000047,22560.385
7853.89,34.74000000000069,22222.031
7853.9,34.75,22415.328
7853.91,34.76000000000022,22463.672
7853.92,34.77000000000044,22318.664
7853.93,34.780000000000655,22318.664
7853.94,34.789999999999964,22318.664
7853.95,34.80000000000018,22415.328
7853.96,34.8100000000004,22560.385
7853.97,34.82000000000062,22415.328
7853.98,34.82999999999993,22463.672
7853.99,34.840000000000146,22366.992
7854.0,34.850000000000364,22318.664
7854.01,34.86000000000058,22415.328
7854.02,34.8700000000008,22415.328
7854.03,34.88000000000011,22366.992
7854.04,34.89000000000033,22318.664
7854.05,34.900000000000546,22512.023
7854.06,34.910000000000764,22753.908
7854.07,34.92000000000007,22657.131
7854.08,34.93000000000029,22415.328
7854.09,34.94000000000051,22608.754
7854.1,34.95000000000073,22366.992
7854.11,34.960000000000036,22173.729
7854.12,34.970000000000255,22028.865
7854.13,34.98000000000047,21932.332
7854.14,34.99000000000069,22366.992
7854.15,35.0,22125.432
7854.16,35.01000000000022,22222.031
7854.17,35.02000000000044,22366.992
7854.18,35.030000000000655,22608.754
7854.19,35.039999999999964,22512.023
7854.2,35.05000000000018,22415.328
7854.21,35.0600000000004,22463.672
7854.22,35.07000000000062,22512.023
7854.23,35.07999999999993,22318.664
7854.24,35.090000000000146,22512.023
7854.25,35.100000000000364,22560.385
7854.26,35.11000000000058,22560.385
7854.27,35.1200000000008,22657.131
7854.28,35.13000000000011,22463.672
7854.29,35.14000000000033,22318.664
7854.3,35.150000000000546,22512.023
7854.31,35.160000000000764,22463.672
7854.32,35.17000000000007,22560.385
7854.33,35.18000000000029,22415.328
7854.34,35.19000000000051,22366.992
7854.35,35.20000000000073,22318.664
7854.36,35.210000000000036,22560.385
7854.37,35.220000000000255,22415.328
7854.38,35.23000000000047,22512.023
7854.39,35.24000000000069,22512.023
7854.4,35.25,22560.385
7854.41,35.26000000000022,22512.023
7854.42,35.27000000000044,22512.023
7854.43,35.280000000000655,22415.328
7854.44,35.289999999999964,22415.328
7854.45,35.30000000000018,22512.023
7854.46,35.3100000000004,22608.754
7854.47,35.32000000000062,22560.385
7854.48,35.32999999999993,22657.131
7854.49,35.340000000000146,22608.754
7854.5,35.350000000000364,22657.131
7854.51,35.36000000000058,22560.385
7854.52,35.3700000000008,22560.385
7854.53,35.38000000000011,22366.992
7854.54,35.39000000000033,22173.729
7854.55,35.400000000000546,22318.664
7854.56,35.410000000000764,22705.516
7854.57,35.42000000000007,22512.023
7854.58,35.43000000000029,22705.516
7854.59,35.44000000000051,22512.023
7854.6,35.45000000000073,22512.023
7854.61,35.460000000000036,22657.131
7854.62,35.470000000000255,22657.131
7854.63,35.48000000000047,22270.344
7854.64,35.49000000000069,22222.031
7854.65,35.5,22077.145
7854.66,35.51000000000022,22366.992
7854.67,35.52000000000044,22560.385
7854.68,35.530000000000655,22318.664
7854.69,35.539999999999964,22657.131
7854.7,35.55000000000018,22512.023
7854.71,35.5600000000004,22560.385
7854.72,35.57000000000062,22560.385
7854.73,35.57999999999993,22608.754
7854.74,35.590000000000146,22560.385
7854.75,35.600000000000364,22415.328
7854.76,35.61000000000058,22366.992
7854.77,35.6200000000008,22560.385
7854.78,35.63000000000011,22560.385
7854.79,35.64000000000033,22753.908
7854.8,35.650000000000546,22705.516
7854.81,35.660000000000764,22608.754
7854.82,35.67000000000007,22560.385
7854.83,35.68000000000029,22463.672
7854.84,35.69000000000051,22463.672
7854.85,35.70000000000073,22415.328
7854.86,35.710000000000036,22415.328
7854.87,35.720000000000255,22415.328
7854.88,35.73000000000047,22560.385
7854.89,35.74000000000069,22657.131
7854.9,35.75,22512.023
7854.91,35.76000000000022,22753.908
7854.92,35.77000000000044,22560.385
7854.93,35.780000000000655,22560.385
7854.94,35.789999999999964,22512.023
7854.95,35.80000000000018,22366.992
7854.96,35.8100000000004,22270.344
7854.97,35.82000000000062,22463.672
7854.98,35.82999999999993,22512.023
7854.99,35.840000000000146,22512.023
7855.0,35.850000000000364,22512.023
7855.01,35.86000000000058,22512.023
7855.02,35.8700000000008,22318.664
7855.03,35.88000000000011,22415.328
7855.04,35.89000000000033,22125.432
7855.05,35.900000000000546,22222.031
7855.06,35.910000000000764,22222.031
7855.07,35.92000000000007,22222.031
7855.08,35.93000000000029,22270.344
7855.09,35.94000000000051,22415.328
7855.1,35.95000000000073,22463.672
7855.11,35.960000000000036,22753.908
7855.12,35.970000000000255,22753.908
7855.13,35.98000000000047,22560.385
7855.14,35.99000000000069,22366.992
7855.15,36.0,22318.664
7855.16,36.01000000000022,22415.328
7855.17,36.02000000000044,22366.992
7855.18,36.030000000000655,22028.865
7855.19,36.039999999999964,22222.031
7855.2,36.05000000000018,22366.992
7855.21,36.0600000000004,22560.385
7855.22,36.07000000000062,22415.328
7855.23,36.07999999999993,22463.672
7855.24,36.090000000000146,22415.328
7855.25,36.100000000000364,22560.385
7855.26,36.11000000000058,22463.672
7855.27,36.1200000000008,22560.385
7855.28,36.13000000000011,22222.031
7855.29,36.14000000000033,22560.385
7855.3,36.150000000000546,22366.992
7855.31,36.160000000000764,22657.131
7855.32,36.17000000000007,22415.328
7855.33,36.18000000000029,22512.023
7855.34,36.19000000000051,22318.664
7855.35,36.20000000000073,22415.328
7855.36,36.210000000000036,22270.344
7855.37,36.220000000000255,22270.344
7855.38,36.23000000000047,22270.344
7855.39,36.24000000000069,22415.328
7855.4,36.25,22608.754
7855.41,36.26000000000022,22463.672
7855.42,36.27000000000044,22560.385
7855.43,36.280000000000655,22512.023
7855.44,36.289999999999964,22608.754
7855.45,36.30000000000018,22608.754
7855.46,36.3100000000004,22512.023
7855.47,36.32000000000062,22560.385
7855.48,36.32999999999993,22608.754
7855.49,36.340000000000146,22608.754
7855.5,36.350000000000364,22608.754
7855.51,36.36000000000058,22705.516
7855.52,36.3700000000008,22705.516
7855.53,36.38000000000011,22608.754
7855.54,36.39000000000033,22512.023
7855.55,36.400000000000546,22366.992
7855.56,36.410000000000764,22608.754
7855.57,36.42000000000007,22318.664
7855.58,36.43000000000029,22366.992
7855.59,36.44000000000051,22366.992
7855.6,36.45000000000073,22560.385
7855.61,36.460000000000036,22366.992
7855.62,36.470000000000255,22608.754
7855.63,36.48000000000047,22318.664
7855.64,36.49000000000069,22608.754
7855.65,36.5,22705.516
7855.66,36.51000000000022,22560.385
7855.67,36.52000000000044,22560.385
7855.68,36.530000000000655,22560.385
7855.69,36.539999999999964,22318.664
7855.7,36.55000000000018,22366.992
7855.71,36.5600000000004,22318.664
7855.72,36.57000000000062,22512.023
7855.73,36.57999999999993,22512.023
7855.74,36.590000000000146,22753.908
7855.75,36.600000000000364,22705.516
7855.76,36.61000000000058,22415.328
7855.77,36.6200000000008,22512.023
7855.78,36.63000000000011,22560.385
7855.79,36.64000000000033,22463.672
7855.8,36.650000000000546,22512.023
7855.81,36.660000000000764,22657.131
7855.82,36.67000000000007,22753.908
7855.83,36.68000000000029,22608.754
7855.84,36.69000000000051,22705.516
7855.85,36.70000000000073,22705.516
7855.86,36.710000000000036,22560.385
7855.87,36.720000000000255,22463.672
7855.88,36.73000000000047,22415.328
7855.89,36.74000000000069,22318.664
7855.9,36.75,22270.344
7855.91,36.76000000000022,22512.023
7855.92,36.77000000000044,22512.023
7855.93,36.780000000000655,22512.023
7855.94,36.789999999999964,22802.309
7855.95,36.80000000000018,22753.908
7855.96,36.8100000000004,22657.131
7855.97,36.82000000000062,22463.672
7855.98,36.82999999999993,22512.023
7855.99,36.840000000000146,22270.344
7856.0,36.850000000000364,22560.385
7856.01,36.86000000000058,22415.328
7856.02,36.8700000000008,22560.385
7856.03,36.88000000000011,22657.131
7856.04,36.89000000000033,22705.516
7856.05,36.900000000000546,22608.754
7856.06,36.910000000000764,22318.664
7856.07,36.92000000000007,22463.672
7856.08,36.93000000000029,22366.992
7856.09,36.94000000000051,22222.031
7856.1,36.95000000000073,22318.664
7856.11,36.960000000000036,22222.031
7856.12,36.970000000000255,22366.992
7856.13,36.98000000000047,22512.023
7856.14,36.99000000000069,22318.664
7856.15,37.0,22512.023
7856.16,37.01000000000022,22512.023
7856.17,37.02000000000044,22463.672
7856.18,37.030000000000655,22415.328
7856.19,37.039999999999964,22512.023
7856.2,37.05000000000018,22366.992
7856.21,37.0600000000004,22463.672
7856.22,37.07000000000062,22415.328
7856.23,37.07999999999993,22318.664
7856.24,37.090000000000146,22512.023
7856.25,37.100000000000364,22125.432
7856.26,37.11000000000058,22222.031
7856.27,37.1200000000008,22318.664
7856.28,37.13000000000011,22318.664
7856.29,37.14000000000033,22366.992
7856.3,37.150000000000546,22318.664
7856.31,37.160000000000764,22415.328
7856.32,37.17000000000007,22366.992
7856.33,37.18000000000029,22463.672
7856.34,37.19000000000051,22222.031
7856.35,37.20000000000073,22415.328
7856.36,37.210000000000036,22318.664
7856.37,37.220000000000255,22560.385
7856.38,37.23000000000047,22753.908
7856.39,37.24000000000069,22318.664
7856.4,37.25,22318.664
7856.41,37.26000000000022,22222.031
7856.42,37.27000000000044,22366.992
7856.43,37.280000000000655,22366.992
7856.44,37.289999999999964,22463.672
7856.45,37.30000000000018,22415.328
7856.46,37.3100000000004,22753.908
7856.47,37.32000000000062,22608.754
7856.48,37.32999999999993,22657.131
7856.49,37.340000000000146,22512.023
7856.5,37.350000000000364,22366.992
7856.51,37.36000000000058,22463.672
7856.52,37.3700000000008,22222.031
7856.53,37.38000000000011,22608.754
7856.54,37.39000000000033,22657.131
7856.55,37.400000000000546,22657.131
7856.56,37.410000000000764,22947.563
7856.57,37.42000000000007,22753.908
7856.58,37.43000000000029,22753.908
7856.59,37.44000000000051,22318.664
7856.6,37.45000000000073,22560.385
7856.61,37.460000000000036,22512.023
7856.62,37.470000000000255,22415.328
7856.63,37.48000000000047,22512.023
7856.64,37.49000000000069,22512.023
7856.65,37.5,22366.992
7856.66,37.51000000000022,22512.023
7856.67,37.52000000000044,22657.131
7856.68,37.530000000000655,22512.023
7856.69,37.539999999999964,22366.992
7856.7,37.55000000000018,22512.023
7856.71,37.5600000000004,22463.672
7856.72,37.57000000000062,22560.385
7856.73,37.57999999999993,22415.328
7856.74,37.590000000000146,22463.672
7856.75,37.600000000000364,22512.023
7856.76,37.61000000000058,22560.385
7856.77,37.6200000000008,22512.023
7856.78,37.63000000000011,22705.516
7856.79,37.64000000000033,22560.385
7856.8,37.650000000000546,22415.328
7856.81,37.660000000000764,22512.023
7856.82,37.67000000000007,22560.385
7856.83,37.68000000000029,22753.908
7856.84,37.69000000000051,22415.328
7856.85,37.70000000000073,22512.023
7856.86,37.710000000000036,22753.908
7856.87,37.720000000000255,22753.908
7856.88,37.73000000000047,22850.719
7856.89,37.74000000000069,22608.754
7856.9,37.75,22608.754
7856.91,37.76000000000022,22802.309
7856.92,37.77000000000044,22608.754
7856.93,37.780000000000655,22366.992
7856.94,37.789999999999964,22415.328
7856.95,37.80000000000018,22366.992
7856.96,37.8100000000004,22318.664
7856.97,37.82000000000062,22657.131
7856.98,37.82999999999993,22657.131
7856.99,37.840000000000146,22415.328
7857.0,37.850000000000364,22608.754
7857.01,37.86000000000058,22705.516
7857.02,37.8700000000008,22753.908
7857.03,37.88000000000011,22560.385
7857.04,37.89000000000033,22512.023
7857.05,37.900000000000546,22270.344
7857.06,37.910000000000764,22560.385
7857.07,37.92000000000007,22802.309
7857.08,37.93000000000029,22608.754
7857.09,37.94000000000051,22560.385
7857.1,37.95000000000073,22753.908
7857.11,37.960000000000036,22415.328
7857.12,37.970000000000255,22318.664
7857.13,37.98000000000047,22463.672
7857.14,37.99000000000069,22366.992
7857.15,38.0,22270.344
7857.16,38.01000000000022,22077.145
7857.17,38.02000000000044,22366.992
7857.18,38.030000000000655,22366.992
7857.19,38.039999999999964,22463.672
7857.2,38.05000000000018,22560.385
7857.21,38.0600000000004,22560.385
7857.22,38.07000000000062,22366.992
7857.23,38.07999999999993,22560.385
7857.24,38.090000000000146,22463.672
7857.25,38.100000000000364,22366.992
7857.26,38.11000000000058,22512.023
7857.27,38.1200000000008,22608.754
7857.28,38.13000000000011,22608.754
7857.29,38.14000000000033,22705.516
7857.3,38.150000000000546,22512.023
7857.31,38.160000000000764,22512.023
7857.32,38.17000000000007,22318.664
7857.33,38.18000000000029,22222.031
7857.34,38.19000000000051,22222.031
7857.35,38.20000000000073,22222.031
7857.36,38.210000000000036,22125.432
7857.37,38.220000000000255,22463.672
7857.38,38.23000000000047,22463.672
7857.39,38.24000000000069,22463.672
7857.4,38.25,22560.385
7857.41,38.26000000000022,22512.023
7857.42,38.27000000000044,22512.023
7857.43,38.280000000000655,22318.664
7857.44,38.289999999999964,22270.344
7857.45,38.30000000000018,22463.672
7857.46,38.3100000000004,22415.328
7857.47,38.32000000000062,22125.432
7857.48,38.32999999999993,22270.344
7857.49,38.340000000000146,22608.754
7857.5,38.350000000000364,22463.672
7857.51,38.36000000000058,22512.023
7857.52,38.3700000000008,22657.131
7857.53,38.38000000000011,22657.131
7857.54,38.39000000000033,22657.131
7857.55,38.400000000000546,22512.023
7857.56,38.410000000000764,22705.516
7857.57,38.42000000000007,22415.328
7857.58,38.43000000000029,22560.385
7857.59,38.44000000000051,22415.328
7857.6,38.45000000000073,22802.309
7857.61,38.460000000000036,22802.309
7857.62,38.470000000000255,22463.672
7857.63,38.48000000000047,21739.359
7857.64,38.49000000000069,21209.359
7857.65,38.5,20824.523
7857.66,38.51000000000022,20680.342
7857.67,38.52000000000044,20968.775
7857.68,38.530000000000655,20776.455
7857.69,38.539999999999964,20920.684
7857.7,38.55000000000018,21016.877
7857.71,38.5600000000004,20872.6
7857.72,38.57000000000062,20920.684
7857.73,38.57999999999993,20872.6
7857.74,38.590000000000146,21016.877
7857.75,38.600000000000364,20920.684
7857.76,38.61000000000058,20920.684
7857.77,38.6200000000008,20824.523
7857.78,38.63000000000011,21016.877
7857.79,38.64000000000033,20872.6
7857.8,38.650000000000546,20872.6
7857.81,38.660000000000764,20872.6
7857.82,38.67000000000007,20968.775
7857.83,38.68000000000029,20872.6
7857.84,38.69000000000051,20920.684
7857.85,38.70000000000073,21064.984
7857.86,38.710000000000036,20872.6
7857.87,38.720000000000255,20872.6
7857.88,38.73000000000047,20968.775
7857.89,38.74000000000069,21064.984
7857.9,38.75,20872.6
7857.91,38.76000000000022,20872.6
7857.92,38.77000000000044,21113.102
7857.93,38.780000000000655,20968.775
7857.94,38.789999999999964,20968.775
7857.95,38.80000000000018,20776.455
7857.96,38.8100000000004,20968.775
7857.97,38.82000000000062,20728.395
7857.98,38.82999999999993,20968.775
7857.99,38.840000000000146,21787.59
7858.0,38.850000000000364,22850.719
7858.01,38.86000000000058,23577.832
7858.02,38.8700000000008,22850.719
7858.03,38.88000000000011,22899.137
7858.04,38.89000000000033,23286.768
7858.05,38.900000000000546,23432.264
7858.06,38.910000000000764,23238.285
7858.07,38.92000000000007,22753.908
7858.08,38.93000000000029,22705.516
7858.09,38.94000000000051,22705.516
7858.1,38.95000000000073,22077.145
7858.11,38.960000000000036,20152.309
7858.12,38.970000000000255,19051.412
7858.13,38.98000000000047,18621.797
7858.14,38.99000000000069,18431.066
7858.15,39.0,18335.752
7858.16,39.01000000000022,18335.752
7858.17,39.02000000000044,18288.105
7858.18,39.030000000000655,18431.066
7858.19,39.039999999999964,18526.416
7858.2,39.05000000000018,18431.066
7858.21,39.0600000000004,18526.416
7858.22,39.07000000000062,18574.102
7858.23,39.07999999999993,18431.066
7858.24,39.090000000000146,18478.738
7858.25,39.100000000000364,18335.752
7858.26,39.11000000000058,18526.416
7858.27,39.1200000000008,18431.066
7858.28,39.13000000000011,18526.416
7858.29,39.14000000000033,18383.406
7858.3,39.150000000000546,18288.105
7858.31,39.160000000000764,18574.102
7858.32,39.17000000000007,18240.469
7858.33,39.18000000000029,18097.604
7858.34,39.19000000000051,18574.102
7858.35,39.20000000000073,18335.752
7858.36,39.210000000000036,18383.406
7858.37,39.220000000000255,18621.797
7858.38,39.23000000000047,18288.105
7858.39,39.24000000000069,18431.066
7858.4,39.25,18431.066
7858.41,39.26000000000022,18192.838
7858.42,39.27000000000044,18478.738
7858.43,39.280000000000655,18526.416
7858.44,39.289999999999964,18383.406
7858.45,39.30000000000018,18431.066
7858.46,39.3100000000004,18383.406
7858.47,39.32000000000062,18288.105
7858.48,39.32999999999993,18478.738
7858.49,39.340000000000146,18288.105
7858.5,39.350000000000364,18335.752
7858.51,39.36000000000058,18335.752
7858.52,39.3700000000008,18478.738
7858.53,39.38000000000011,18288.105
7858.54,39.39000000000033,18478.738
7858.55,39.400000000000546,18383.406
7858.56,39.410000000000764,18383.406
7858.57,39.42000000000007,18240.469
7858.58,39.43000000000029,18335.752
7858.59,39.44000000000051,18383.406
7858.6,39.45000000000073,18383.406
7858.61,39.460000000000036,18526.416
7858.62,39.470000000000255,18621.797
7858.63,39.48000000000047,18288.105
7858.64,39.49000000000069,18288.105
7858.65,39.5,18574.102
7858.66,39.51000000000022,18335.752
7858.67,39.52000000000044,18526.416
7858.68,39.530000000000655,18335.752
7858.69,39.539999999999964,18335.752
7858.7,39.55000000000018,18383.406
7858.71,39.5600000000004,18383.406
7858.72,39.57000000000062,18288.105
7858.73,39.57999999999993,18335.752
7858.74,39.590000000000146,18383.406
7858.75,39.600000000000364,18240.469
7858.76,39.61000000000058,18431.066
7858.77,39.6200000000008,18192.838
7858.78,39.63000000000011,18335.752
7858.79,39.64000000000033,18288.105
7858.8,39.650000000000546,18526.416
7858.81,39.660000000000764,18526.416
7858.82,39.67000000000007,18335.752
7858.83,39.68000000000029,18192.838
7858.84,39.69000000000051,18240.469
7858.85,39.70000000000073,18240.469
7858.86,39.710000000000036,18431.066
7858.87,39.720000000000255,18526.416
7858.88,39.73000000000047,18478.738
7858.89,39.74000000000069,18335.752
7858.9,39.75,18288.105
7858.91,39.76000000000022,18478.738
7858.92,39.77000000000044,18431.066
7858.93,39.780000000000655,18383.406
7858.94,39.789999999999964,18431.066
7858.95,39.80000000000018,18240.469
7858.96,39.8100000000004,18240.469
7858.97,39.82000000000062,18335.752
7858.98,39.82999999999993,18526.416
7858.99,39.840000000000146,18145.217
7859.0,39.850000000000364,18383.406
7859.01,39.86000000000058,18383.406
7859.02,39.8700000000008,18383.406
7859.03,39.88000000000011,18478.738
7859.04,39.89000000000033,18335.752
7859.05,39.900000000000546,18526.416
7859.06,39.910000000000764,18574.102
7859.07,39.92000000000007,18526.416
7859.08,39.93000000000029,18478.738
7859.09,39.94000000000051,18335.752
7859.1,39.95000000000073,18431.066
7859.11,39.960000000000036,18335.752
7859.12,39.970000000000255,18383.406
7859.13,39.98000000000047,18478.738
7859.14,39.99000000000069,18526.416
7859.15,40.0,18526.416
7859.16,40.01000000000022,18478.738
7859.17,40.02000000000044,18526.416
7859.18,40.030000000000655,18431.066
7859.19,40.039999999999964,18478.738
7859.2,40.05000000000018,18431.066
7859.21,40.0600000000004,18335.752
7859.22,40.07000000000062,18383.406
7859.23,40.07999999999993,18526.416
7859.24,40.090000000000146,18574.102
7859.25,40.100000000000364,18526.416
7859.26,40.11000000000058,18621.797
7859.27,40.1200000000008,18526.416
7859.28,40.13000000000011,18383.406
7859.29,40.14000000000033,18383.406
7859.3,40.150000000000546,18526.416
7859.31,40.160000000000764,18478.738
7859.32,40.17000000000007,18288.105
7859.33,40.18000000000029,18478.738
7859.34,40.19000000000051,18431.066
7859.35,40.20000000000073,18431.066
7859.36,40.210000000000036,18383.406
7859.37,40.220000000000255,18478.738
7859.38,40.23000000000047,18431.066
7859.39,40.24000000000069,18526.416
7859.4,40.25,18526.416
7859.41,40.26000000000022,18526.416
7859.42,40.27000000000044,18621.797
7859.43,40.280000000000655,18431.066
7859.44,40.289999999999964,18478.738
7859.45,40.30000000000018,18478.738
7859.46,40.3100000000004,18478.738
7859.47,40.32000000000062,18478.738
7859.48,40.32999999999993,18383.406
7859.49,40.340000000000146,18574.102
7859.5,40.350000000000364,18526.416
7859.51,40.36000000000058,18526.416
7859.52,40.3700000000008,18431.066
7859.53,40.38000000000011,18383.406
7859.54,40.39000000000033,18431.066
7859.55,40.400000000000546,18288.105
7859.56,40.410000000000764,18240.469
7859.57,40.42000000000007,18097.604
7859.58,40.43000000000029,18431.066
7859.59,40.44000000000051,18526.416
7859.6,40.45000000000073,18288.105
7859.61,40.460000000000036,18335.752
7859.62,40.470000000000255,18431.066
7859.63,40.48000000000047,18431.066
7859.64,40.49000000000069,18478.738
7859.65,40.5,18431.066
7859.66,40.51000000000022,18574.102
7859.67,40.52000000000044,18335.752
7859.68,40.530000000000655,18431.066
7859.69,40.539999999999964,18383.406
7859.7,40.55000000000018,18478.738
7859.71,40.5600000000004,18383.406
7859.72,40.57000000000062,18383.406
7859.73,40.57999999999993,18478.738
7859.74,40.590000000000146,18478.738
7859.75,40.600000000000364,18574.102
7859.76,40.61000000000058,18288.105
7859.77,40.6200000000008,18383.406
7859.78,40.63000000000011,18526.416
7859.79,40.64000000000033,18431.066
7859.8,40.650000000000546,18288.105
7859.81,40.660000000000764,18621.797
7859.82,40.67000000000007,18383.406
7859.83,40.68000000000029,18526.416
7859.84,40.69000000000051,18717.209
7859.85,40.70000000000073,18288.105
7859.86,40.710000000000036,18288.105
7859.87,40.720000000000255,18621.797
7859.88,40.73000000000047,18288.105
7859.89,40.74000000000069,18526.416
7859.9,40.75,18526.416
7859.91,40.76000000000022,18431.066
7859.92,40.77000000000044,18526.416
7859.93,40.780000000000655,18335.752
7859.94,40.789999999999964,18574.102
7859.95,40.80000000000018,18526.416
7859.96,40.8100000000004,18288.105
7859.97,40.82000000000062,18478.738
7859.98,40.82999999999993,18288.105
7859.99,40.840000000000146,18431.066
7860.0,40.850000000000364,18574.102
7860.01,40.86000000000058,18526.416
7860.02,40.8700000000008,18431.066
7860.03,40.88000000000011,18526.416
7860.04,40.89000000000033,18288.105
7860.05,40.900000000000546,18240.469
7860.06,40.910000000000764,18621.797
7860.07,40.92000000000007,18621.797
7860.08,40.93000000000029,18526.416
7860.09,40.94000000000051,18478.738
7860.1,40.95000000000073,18431.066
7860.11,40.960000000000036,18526.416
7860.12,40.970000000000255,18574.102
7860.13,40.98000000000047,18574.102
7860.14,40.99000000000069,18288.105
7860.15,41.0,18526.416
7860.16,41.01000000000022,18478.738
7860.17,41.02000000000044,18383.406
7860.18,41.030000000000655,18478.738
7860.19,41.039999999999964,18383.406
7860.2,41.05000000000018,18717.209
7860.21,41.0600000000004,18526.416
7860.22,41.07000000000062,18478.738
7860.23,41.07999999999993,18431.066
7860.24,41.090000000000146,18478.738
7860.25,41.100000000000364,18478.738
7860.26,41.11000000000058,18526.416
7860.27,41.1200000000008,18526.416
7860.28,41.13000000000011,18383.406
7860.29,41.14000000000033,18478.738
7860.3,41.150000000000546,18478.738
7860.31,41.160000000000764,18621.797
7860.32,41.17000000000007,18288.105
7860.33,41.18000000000029,18192.838
7860.34,41.19000000000051,18335.752
7860.35,41.20000000000073,18478.738
7860.36,41.210000000000036,18574.102
7860.37,41.220000000000255,18335.752
7860.38,41.23000000000047,18431.066
7860.39,41.24000000000069,18526.416
7860.4,41.25,18478.738
7860.41,41.26000000000022,18288.105
7860.42,41.27000000000044,18383.406
7860.43,41.280000000000655,18431.066
7860.44,41.289999999999964,18621.797
7860.45,41.30000000000018,18478.738
7860.46,41.3100000000004,18288.105
7860.47,41.32000000000062,18288.105
7860.48,41.32999999999993,18288.105
7860.49,41.340000000000146,18383.406
7860.5,41.350000000000364,18383.406
7860.51,41.36000000000058,18574.102
7860.52,41.3700000000008,18383.406
7860.53,41.38000000000011,18288.105
7860.54,41.39000000000033,18431.066
7860.55,41.400000000000546,18335.752
7860.56,41.410000000000764,18478.738
7860.57,41.42000000000007,18478.738
7860.58,41.43000000000029,18431.066
7860.59,41.44000000000051,18526.416
7860.6,41.45000000000073,18526.416
7860.61,41.460000000000036,18526.416
7860.62,41.470000000000255,18431.066
7860.63,41.48000000000047,18431.066
7860.64,41.49000000000069,18383.406
7860.65,41.5,18431.066
7860.66,41.51000000000022,18478.738
7860.67,41.52000000000044,18431.066
7860.68,41.530000000000655,18335.752
7860.69,41.539999999999964,18574.102
7860.7,41.55000000000018,18526.416
7860.71,41.5600000000004,18669.498
7860.72,41.57000000000062,18621.797
7860.73,41.57999999999993,18383.406
7860.74,41.590000000000146,18478.738
7860.75,41.600000000000364,18383.406
7860.76,41.61000000000058,18288.105
7860.77,41.6200000000008,18431.066
7860.78,41.63000000000011,18478.738
7860.79,41.64000000000033,18478.738
7860.8,41.650000000000546,18526.416
7860.81,41.660000000000764,18526.416
7860.82,41.67000000000007,18526.416
7860.83,41.68000000000029,18335.752
7860.84,41.69000000000051,18526.416
7860.85,41.70000000000073,18478.738
7860.86,41.710000000000036,18526.416
7860.87,41.720000000000255,18335.752
7860.88,41.73000000000047,18288.105
7860.89,41.74000000000069,18431.066
7860.9,41.75,18431.066
7860.91,41.76000000000022,18478.738
7860.92,41.77000000000044,18192.838
7860.93,41.780000000000655,18240.469
7860.94,41.789999999999964,18526.416
7860.95,41.80000000000018,18383.406
7860.96,41.8100000000004,18526.416
7860.97,41.82000000000062,18431.066
7860.98,41.82999999999993,18478.738
7860.99,41.840000000000146,18431.066
7861.0,41.850000000000364,18240.469
7861.01,41.86000000000058,18478.738
7861.02,41.8700000000008,18431.066
7861.03,41.88000000000011,18383.406
7861.04,41.89000000000033,18574.102
7861.05,41.900000000000546,18288.105
7861.06,41.910000000000764,18478.738
7861.07,41.92000000000007,18383.406
7861.08,41.93000000000029,18288.105
7861.09,41.94000000000051,18383.406
7861.1,41.95000000000073,18431.066
7861.11,41.960000000000036,18288.105
7861.12,41.970000000000255,18478.738
7861.13,41.98000000000047,18383.406
7861.14,41.99000000000069,18431.066
7861.15,42.0,18431.066
7861.16,42.01000000000022,18431.066
7861.17,42.02000000000044,18717.209
7861.18,42.030000000000655,18431.066
7861.19,42.039999999999964,18526.416
7861.2,42.05000000000018,18431.066
7861.21,42.0600000000004,18192.838
7861.22,42.07000000000062,18335.752
7861.23,42.07999999999993,18431.066
7861.24,42.090000000000146,18335.752
7861.25,42.100000000000364,18478.738
7861.26,42.11000000000058,18288.105
7861.27,42.1200000000008,18431.066
7861.28,42.13000000000011,18383.406
7861.29,42.14000000000033,18478.738
7861.3,42.150000000000546,18288.105
7861.31,42.160000000000764,18764.928
7861.32,42.17000000000007,18478.738
7861.33,42.18000000000029,18431.066
7861.34,42.19000000000051,18383.406
7861.35,42.20000000000073,18383.406
7861.36,42.210000000000036,18478.738
7861.37,42.220000000000255,18478.738
7861.38,42.23000000000047,18383.406
7861.39,42.24000000000069,18526.416
7861.4,42.25,18574.102
7861.41,42.26000000000022,18526.416
7861.42,42.27000000000044,18383.406
7861.43,42.280000000000655,18288.105
7861.44,42.289999999999964,18574.102
7861.45,42.30000000000018,18478.738
7861.46,42.3100000000004,18526.416
7861.47,42.32000000000062,18478.738
7861.48,42.32999999999993,18383.406
7861.49,42.340000000000146,18431.066
7861.5,42.350000000000364,18431.066
7861.51,42.36000000000058,18431.066
7861.52,42.3700000000008,18288.105
7861.53,42.38000000000011,18526.416
7861.54,42.39000000000033,18383.406
7861.55,42.400000000000546,18431.066
7861.56,42.410000000000764,18574.102
7861.57,42.42000000000007,18526.416
7861.58,42.43000000000029,18526.416
7861.59,42.44000000000051,18526.416
7861.6,42.45000000000073,18335.752
7861.61,42.460000000000036,18431.066
7861.62,42.470000000000255,18431.066
7861.63,42.48000000000047,18383.406
7861.64,42.49000000000069,18478.738
7861.65,42.5,18478.738
7861.66,42.51000000000022,18431.066
7861.67,42.52000000000044,18478.738
7861.68,42.530000000000655,18240.469
7861.69,42.539999999999964,18240.469
7861.7,42.55000000000018,18335.752
7861.71,42.5600000000004,18335.752
7861.72,42.57000000000062,18621.797
7861.73,42.57999999999993,18383.406
7861.74,42.590000000000146,18526.416
7861.75,42.600000000000364,18478.738
7861.76,42.61000000000058,18478.738
7861.77,42.6200000000008,18383.406
7861.78,42.63000000000011,18621.797
7861.79,42.64000000000033,18526.416
7861.8,42.650000000000546,18383.406
7861.81,42.660000000000764,18621.797
7861.82,42.67000000000007,18621.797
7861.83,42.68000000000029,18478.738
7861.84,42.69000000000051,18478.738
7861.85,42.70000000000073,18478.738
7861.86,42.710000000000036,18335.752
7861.87,42.720000000000255,18431.066
7861.88,42.73000000000047,18288.105
7861.89,42.74000000000069,18431.066
7861.9,42.75,18240.469
7861.91,42.76000000000022,18621.797
7861.92,42.77000000000044,18240.469
7861.93,42.780000000000655,18288.105
7861.94,42.789999999999964,18478.738
7861.95,42.80000000000018,18431.066
7861.96,42.8100000000004,18526.416
7861.97,42.82000000000062,18478.738
7861.98,42.82999999999993,18431.066
7861.99,42.840000000000146,18717.209
7862.0,42.850000000000364,18574.102
7862.01,42.86000000000058,18526.416
7862.02,42.8700000000008,18192.838
7862.03,42.88000000000011,18669.498
7862.04,42.89000000000033,18335.752
7862.05,42.900000000000546,18478.738
7862.06,42.910000000000764,18478.738
7862.07,42.92000000000007,18383.406
7862.08,42.93000000000029,18478.738
7862.09,42.94000000000051,18288.105
7862.1,42.95000000000073,18574.102
7862.11,42.960000000000036,18383.406
7862.12,42.970000000000255,18335.752
7862.13,42.98000000000047,18478.738
7862.14,42.99000000000069,18478.738
7862.15,43.0,18288.105
7862.16,43.01000000000022,18478.738
7862.17,43.02000000000044,18717.209
7862.18,43.030000000000655,18431.066
7862.19,43.039999999999964,18574.102
7862.2,43.05000000000018,18240.469
7862.21,43.0600000000004,18335.752
7862.22,43.07000000000062,18478.738
7862.23,43.07999999999993,18431.066
7862.24,43.090000000000146,18431.066
7862.25,43.100000000000364,18621.797
7862.26,43.11000000000058,18383.406
7862.27,43.1200000000008,18288.105
7862.28,43.13000000000011,18478.738
7862.29,43.14000000000033,18383.406
7862.3,43.150000000000546,18288.105
7862.31,43.160000000000764,18288.105
7862.32,43.17000000000007,18526.416
7862.33,43.18000000000029,18383.406
7862.34,43.19000000000051,18574.102
7862.35,43.20000000000073,18478.738
7862.36,43.210000000000036,18621.797
7862.37,43.220000000000255,18335.752
7862.38,43.23000000000047,18335.752
7862.39,43.24000000000069,18335.752
7862.4,43.25,18431.066
7862.41,43.26000000000022,18335.752
7862.42,43.27000000000044,18288.105
7862.43,43.280000000000655,18478.738
7862.44,43.289999999999964,18812.656
7862.45,43.30000000000018,18478.738
7862.46,43.3100000000004,18526.416
7862.47,43.32000000000062,18621.797
7862.48,43.32999999999993,18478.738
7862.49,43.340000000000146,18431.066
7862.5,43.350000000000364,18621.797
7862.51,43.36000000000058,18383.406
7862.52,43.3700000000008,18431.066
7862.53,43.38000000000011,18431.066
7862.54,43.39000000000033,18431.066
7862.55,43.400000000000546,18478.738
7862.56,43.410000000000764,18478.738
7862.57,43.42000000000007,18431.066
7862.58,43.43000000000029,18431.066
7862.59,43.44000000000051,18526.416
7862.6,43.45000000000073,18383.406
7862.61,43.460000000000036,18526.416
7862.62,43.470000000000255,18431.066
7862.63,43.48000000000047,18526.416
7862.64,43.49000000000069,18621.797
7862.65,43.5,18431.066
7862.66,43.51000000000022,18478.738
7862.67,43.52000000000044,18383.406
7862.68,43.530000000000655,18288.105
7862.69,43.539999999999964,18478.738
7862.7,43.55000000000018,18431.066
7862.71,43.5600000000004,18431.066
7862.72,43.57000000000062,18383.406
7862.73,43.57999999999993,18383.406
7862.74,43.590000000000146,18240.469
7862.75,43.600000000000364,18478.738
7862.76,43.61000000000058,18478.738
7862.77,43.6200000000008,18478.738
7862.78,43.63000000000011,18478.738
7862.79,43.64000000000033,18478.738
7862.8,43.650000000000546,18478.738
7862.81,43.660000000000764,18526.416
7862.82,43.67000000000007,18431.066
7862.83,43.68000000000029,18574.102
7862.84,43.69000000000051,18335.752
7862.85,43.70000000000073,18383.406
7862.86,43.710000000000036,18478.738
7862.87,43.720000000000255,18574.102
7862.88,43.73000000000047,18383.406
7862.89,43.74000000000069,18526.416
7862.9,43.75,18431.066
7862.91,43.76000000000022,18526.416
7862.92,43.77000000000044,18383.406
7862.93,43.780000000000655,18288.105
7862.94,43.789999999999964,18288.105
7862.95,43.80000000000018,18288.105
7862.96,43.8100000000004,18478.738
7862.97,43.82000000000062,18383.406
7862.98,43.82999999999993,18383.406
7862.99,43.840000000000146,18383.406
7863.0,43.850000000000364,18335.752
7863.01,43.86000000000058,18431.066
7863.02,43.8700000000008,18335.752
7863.03,43.88000000000011,18621.797
7863.04,43.89000000000033,18574.102
7863.05,43.900000000000546,18526.416
7863.06,43.910000000000764,18526.416
7863.07,43.92000000000007,18431.066
7863.08,43.93000000000029,18526.416
7863.09,43.94000000000051,18383.406
7863.1,43.95000000000073,18383.406
7863.11,43.960000000000036,18431.066
7863.12,43.970000000000255,18383.406
7863.13,43.98000000000047,18431.066
7863.14,43.99000000000069,18240.469
7863.15,44.0,18478.738
7863.16,44.01000000000022,18431.066
7863.17,44.02000000000044,18431.066
7863.18,44.030000000000655,18288.105
7863.19,44.039999999999964,18431.066
7863.2,44.05000000000018,18478.738
7863.21,44.0600000000004,18717.209
7863.22,44.07000000000062,18621.797
7863.23,44.07999999999993,18478.738
7863.24,44.090000000000146,18717.209
7863.25,44.100000000000364,18335.752
7863.26,44.11000000000058,18478.738
7863.27,44.1200000000008,18574.102
7863.28,44.13000000000011,18335.752
7863.29,44.14000000000033,18431.066
7863.3,44.150000000000546,18192.838
7863.31,44.160000000000764,18478.738
7863.32,44.17000000000007,18478.738
7863.33,44.18000000000029,18431.066
7863.34,44.19000000000051,18478.738
7863.35,44.20000000000073,18526.416
7863.36,44.210000000000036,18335.752
7863.37,44.220000000000255,18335.752
7863.38,44.23000000000047,18383.406
7863.39,44.24000000000069,18431.066
7863.4,44.25,18526.416
7863.41,44.26000000000022,18574.102
7863.42,44.27000000000044,18431.066
7863.43,44.280000000000655,18288.105
7863.44,44.289999999999964,18526.416
7863.45,44.30000000000018,18383.406
7863.46,44.3100000000004,18431.066
7863.47,44.32000000000062,18431.066
7863.48,44.32999999999993,18478.738
7863.49,44.340000000000146,18574.102
7863.5,44.350000000000364,18478.738
7863.51,44.36000000000058,18335.752
7863.52,44.3700000000008,18431.066
7863.53,44.38000000000011,18288.105
7863.54,44.39000000000033,18335.752
7863.55,44.400000000000546,18574.102
7863.56,44.410000000000764,18526.416
7863.57,44.42000000000007,18526.416
7863.58,44.43000000000029,18383.406
7863.59,44.44000000000051,18431.066
7863.6,44.45000000000073,18383.406
7863.61,44.460000000000036,18526.416
7863.62,44.470000000000255,18526.416
7863.63,44.48000000000047,18478.738
7863.64,44.49000000000069,18383.406
7863.65,44.5,18431.066
7863.66,44.51000000000022,18526.416
7863.67,44.52000000000044,18383.406
7863.68,44.530000000000655,18383.406
7863.69,44.539999999999964,18574.102
7863.7,44.55000000000018,18526.416
7863.71,44.5600000000004,18478.738
7863.72,44.57000000000062,18526.416
7863.73,44.57999999999993,18526.416
7863.74,44.590000000000146,18478.738
7863.75,44.600000000000364,18431.066
7863.76,44.61000000000058,18526.416
7863.77,44.6200000000008,18526.416
7863.78,44.63000000000011,18192.838
7863.79,44.64000000000033,18335.752
7863.8,44.650000000000546,18335.752
7863.81,44.660000000000764,18478.738
7863.82,44.67000000000007,18431.066
7863.83,44.68000000000029,18478.738
7863.84,44.69000000000051,18526.416
7863.85,44.70000000000073,18383.406
7863.86,44.710000000000036,18478.738
7863.87,44.720000000000255,18478.738
7863.88,44.73000000000047,18431.066
7863.89,44.74000000000069,18335.752
7863.9,44.75,18478.738
7863.91,44.76000000000022,18478.738
7863.92,44.77000000000044,18526.416
7863.93,44.780000000000655,18478.738
7863.94,44.789999999999964,18621.797
7863.95,44.80000000000018,18335.752
7863.96,44.8100000000004,18478.738
7863.97,44.82000000000062,18383.406
7863.98,44.82999999999993,18621.797
7863.99,44.840000000000146,18431.066
7864.0,44.850000000000364,18478.738
7864.01,44.86000000000058,18431.066
7864.02,44.8700000000008,18478.738
7864.03,44.88000000000011,18526.416
7864.04,44.89000000000033,18478.738
7864.05,44.900000000000546,18478.738
7864.06,44.910000000000764,18574.102
7864.07,44.92000000000007,18383.406
7864.08,44.93000000000029,18717.209
7864.09,44.94000000000051,18431.066
7864.1,44.95000000000073,18478.738
7864.11,44.960000000000036,18478.738
7864.12,44.970000000000255,18526.416
7864.13,44.98000000000047,18431.066
7864.14,44.99000000000069,18431.066
7864.15,45.0,18431.066
7864.16,45.01000000000022,18621.797
7864.17,45.02000000000044,18288.105
7864.18,45.030000000000655,18431.066
7864.19,45.039999999999964,18478.738
7864.2,45.05000000000018,18145.217
7864.21,45.0600000000004,18383.406
7864.22,45.07000000000062,18288.105
7864.23,45.07999999999993,18383.406
7864.24,45.090000000000146,18478.738
7864.25,45.100000000000364,18717.209
7864.26,45.11000000000058,18288.105
7864.27,45.1200000000008,18288.105
7864.28,45.13000000000011,18526.416
7864.29,45.14000000000033,18431.066
7864.3,45.150000000000546,18526.416
7864.31,45.160000000000764,18574.102
7864.32,45.17000000000007,18335.752
7864.33,45.18000000000029,18431.066
7864.34,45.19000000000051,18431.066
7864.35,45.20000000000073,18335.752
7864.36,45.210000000000036,18335.752
7864.37,45.220000000000255,18383.406
7864.38,45.23000000000047,18526.416
7864.39,45.24000000000069,18431.066
7864.4,45.25,18192.838
7864.41,45.26000000000022,18431.066
7864.42,45.27000000000044,18478.738
7864.43,45.280000000000655,18478.738
7864.44,45.289999999999964,18526.416
7864.45,45.30000000000018,18288.105
7864.46,45.3100000000004,18526.416
7864.47,45.32000000000062,18526.416
7864.48,45.32999999999993,18621.797
7864.49,45.340000000000146,18478.738
7864.5,45.350000000000364,18335.752
7864.51,45.36000000000058,18431.066
7864.52,45.3700000000008,18431.066
7864.53,45.38000000000011,18574.102
7864.54,45.39000000000033,18431.066
7864.55,45.400000000000546,18431.066
7864.56,45.410000000000764,18621.797
7864.57,45.42000000000007,18526.416
7864.58,45.43000000000029,18431.066
7864.59,45.44000000000051,18764.928
7864.6,45.45000000000073,18621.797
7864.61,45.460000000000036,18383.406
7864.62,45.470000000000255,18335.752
7864.63,45.48000000000047,18526.416
7864.64,45.49000000000069,18431.066
7864.65,45.5,18478.738
7864.66,45.51000000000022,18192.838
7864.67,45.52000000000044,18431.066
7864.68,45.530000000000655,18335.752
7864.69,45.539999999999964,18431.066
7864.7,45.55000000000018,18431.066
7864.71,45.5600000000004,18574.102
7864.72,45.57000000000062,18526.416
7864.73,45.57999999999993,18335.752
7864.74,45.590000000000146,18431.066
7864.75,45.600000000000364,18383.406
7864.76,45.61000000000058,18526.416
7864.77,45.6200000000008,18526.416
7864.78,45.63000000000011,18478.738
7864.79,45.64000000000033,18431.066
7864.8,45.650000000000546,18431.066
7864.81,45.660000000000764,18383.406
7864.82,45.67000000000007,18383.406
7864.83,45.68000000000029,18288.105
7864.84,45.69000000000051,18478.738
7864.85,45.70000000000073,18526.416
7864.86,45.710000000000036,18478.738
7864.87,45.720000000000255,18574.102
7864.88,45.73000000000047,18526.416
7864.89,45.74000000000069,18431.066
7864.9,45.75,18240.469
7864.91,45.76000000000022,18431.066
7864.92,45.77000000000044,18431.066
7864.93,45.780000000000655,18431.066
7864.94,45.789999999999964,18526.416
7864.95,45.80000000000018,18383.406
7864.96,45.8100000000004,18431.066
7864.97,45.82000000000062,18288.105
7864.98,45.82999999999993,18478.738
7864.99,45.840000000000146,18192.838
7865.0,45.850000000000364,18383.406
7865.01,45.86000000000058,18669.498
7865.02,45.8700000000008,18478.738
7865.03,45.88000000000011,18383.406
7865.04,45.89000000000033,18526.416
7865.05,45.900000000000546,18383.406
7865.06,45.910000000000764,18478.738
7865.07,45.92000000000007,18431.066
7865.08,45.93000000000029,18383.406
7865.09,45.94000000000051,18478.738
7865.1,45.95000000000073,18478.738
7865.11,45.960000000000036,18431.066
7865.12,45.970000000000255,18431.066
7865.13,45.98000000000047,18431.066
7865.14,45.99000000000069,18383.406
7865.15,46.0,18431.066
7865.16,46.01000000000022,18335.752
7865.17,46.02000000000044,18288.105
7865.18,46.030000000000655,18478.738
7865.19,46.039999999999964,18478.738
7865.2,46.05000000000018,18335.752
7865.21,46.0600000000004,18669.498
7865.22,46.07000000000062,18574.102
7865.23,46.07999999999993,18383.406
7865.24,46.090000000000146,18574.102
7865.25,46.100000000000364,18431.066
7865.26,46.11000000000058,18526.416
7865.27,46.1200000000008,18335.752
7865.28,46.13000000000011,18335.752
7865.29,46.14000000000033,18288.105
7865.3,46.150000000000546,18383.406
7865.31,46.160000000000764,18526.416
7865.32,46.17000000000007,18526.416
7865.33,46.18000000000029,18526.416
7865.34,46.19000000000051,18431.066
7865.35,46.20000000000073,18145.217
7865.36,46.210000000000036,18478.738
7865.37,46.220000000000255,18383.406
7865.38,46.23000000000047,18288.105
7865.39,46.24000000000069,18574.102
7865.4,46.25,18526.416
7865.41,46.26000000000022,18478.738
7865.42,46.27000000000044,18383.406
7865.43,46.280000000000655,18431.066
7865.44,46.289999999999964,18574.102
7865.45,46.30000000000018,18431.066
7865.46,46.3100000000004,18478.738
7865.47,46.32000000000062,18431.066
7865.48,46.32999999999993,18431.066
7865.49,46.340000000000146,18526.416
7865.5,46.350000000000364,18383.406
7865.51,46.36000000000058,18383.406
7865.52,46.3700000000008,18431.066
7865.53,46.38000000000011,18431.066
7865.54,46.39000000000033,18478.738
7865.55,46.400000000000546,18526.416
7865.56,46.410000000000764,18526.416
7865.57,46.42000000000007,18478.738
7865.58,46.43000000000029,18526.416
7865.59,46.44000000000051,18526.416
7865.6,46.45000000000073,18431.066
7865.61,46.460000000000036,18669.498
7865.62,46.470000000000255,18478.738
7865.63,46.48000000000047,18383.406
7865.64,46.49000000000069,18383.406
7865.65,46.5,18574.102
7865.66,46.51000000000022,18478.738
7865.67,46.52000000000044,18478.738
7865.68,46.530000000000655,18478.738
7865.69,46.539999999999964,18431.066
7865.7,46.55000000000018,18431.066
7865.71,46.5600000000004,18478.738
7865.72,46.57000000000062,18383.406
7865.73,46.57999999999993,18478.738
7865.74,46.590000000000146,18669.498
7865.75,46.600000000000364,18478.738
7865.76,46.61000000000058,18335.752
7865.77,46.6200000000008,18526.416
7865.78,46.63000000000011,18335.752
7865.79,46.64000000000033,18431.066
7865.8,46.650000000000546,18478.738
7865.81,46.660000000000764,18574.102
7865.82,46.67000000000007,18526.416
7865.83,46.68000000000029,18383.406
7865.84,46.69000000000051,18383.406
7865.85,46.70000000000073,18478.738
7865.86,46.710000000000036,18526.416
7865.87,46.720000000000255,18383.406
7865.88,46.73000000000047,18478.738
7865.89,46.74000000000069,18717.209
7865.9,46.75,18526.416
7865.91,46.76000000000022,18431.066
7865.92,46.77000000000044,18335.752
7865.93,46.780000000000655,18383.406
7865.94,46.789999999999964,18431.066
7865.95,46.80000000000018,18526.416
7865.96,46.8100000000004,18383.406
7865.97,46.82000000000062,18383.406
7865.98,46.82999999999993,18526.416
7865.99,46.840000000000146,18288.105
7866.0,46.850000000000364,18526.416
7866.01,46.86000000000058,18478.738
7866.02,46.8700000000008,18478.738
7866.03,46.88000000000011,18478.738
7866.04,46.89000000000033,18383.406
7866.05,46.900000000000546,18383.406
7866.06,46.910000000000764,18478.738
7866.07,46.92000000000007,18478.738
7866.08,46.93000000000029,18478.738
7866.09,46.94000000000051,18288.105
7866.1,46.95000000000073,18335.752
7866.11,46.960000000000036,18478.738
7866.12,46.970000000000255,18574.102
7866.13,46.98000000000047,18431.066
7866.14,46.99000000000069,18478.738
7866.15,47.0,18574.102
7866.16,47.01000000000022,18431.066
7866.17,47.02000000000044,18478.738
7866.18,47.030000000000655,18145.217
7866.19,47.039999999999964,18478.738
7866.2,47.05000000000018,18431.066
7866.21,47.0600000000004,18526.416
7866.22,47.07000000000062,18621.797
7866.23,47.07999999999993,18383.406
7866.24,47.090000000000146,18669.498
7866.25,47.100000000000364,18431.066
7866.26,47.11000000000058,18431.066
7866.27,47.1200000000008,18383.406
7866.28,47.13000000000011,18431.066
7866.29,47.14000000000033,18431.066
7866.3,47.150000000000546,18478.738
7866.31,47.160000000000764,18478.738
7866.32,47.17000000000007,18574.102
7866.33,47.18000000000029,18526.416
7866.34,47.19000000000051,18288.105
7866.35,47.20000000000073,18478.738
7866.36,47.210000000000036,18526.416
7866.37,47.220000000000255,18717.209
7866.38,47.23000000000047,18526.416
7866.39,47.24000000000069,18288.105
7866.4,47.25,18621.797
7866.41,47.26000000000022,18621.797
7866.42,47.27000000000044,18431.066
7866.43,47.280000000000655,18526.416
7866.44,47.289999999999964,18526.416
7866.45,47.30000000000018,18335.752
7866.46,47.3100000000004,18478.738
7866.47,47.32000000000062,18288.105
7866.48,47.32999999999993,18335.752
7866.49,47.340000000000146,18526.416
7866.5,47.350000000000364,18526.416
7866.51,47.36000000000058,18526.416
7866.52,47.3700000000008,18526.416
7866.53,47.38000000000011,18431.066
7866.54,47.39000000000033,18526.416
7866.55,47.400000000000546,18431.066
7866.56,47.410000000000764,18431.066
7866.57,47.42000000000007,18478.738
7866.58,47.43000000000029,18383.406
7866.59,47.44000000000051,18383.406
7866.6,47.45000000000073,18526.416
7866.61,47.460000000000036,18526.416
7866.62,47.470000000000255,18717.209
7866.63,47.48000000000047,18526.416
7866.64,47.49000000000069,18621.797
7866.65,47.5,18478.738
7866.66,47.51000000000022,18621.797
7866.67,47.52000000000044,18431.066
7866.68,47.530000000000655,18383.406
7866.69,47.539999999999964,18526.416
7866.7,47.55000000000018,18335.752
7866.71,47.5600000000004,18383.406
7866.72,47.57000000000062,18335.752
7866.73,47.57999999999993,18478.738
7866.74,47.590000000000146,18383.406
7866.75,47.600000000000364,18621.797
7866.76,47.61000000000058,18335.752
7866.77,47.6200000000008,18526.416
7866.78,47.63000000000011,18478.738
7866.79,47.64000000000033,18621.797
7866.8,47.650000000000546,18431.066
7866.81,47.660000000000764,18621.797
7866.82,47.67000000000007,18240.469
7866.83,47.68000000000029,18478.738
7866.84,47.69000000000051,18478.738
7866.85,47.70000000000073,18383.406
7866.86,47.710000000000036,18478.738
7866.87,47.720000000000255,18335.752
7866.88,47.73000000000047,18431.066
7866.89,47.74000000000069,18478.738
7866.9,47.75,18335.752
7866.91,47.76000000000022,18478.738
7866.92,47.77000000000044,18383.406
7866.93,47.780000000000655,18192.838
7866.94,47.789999999999964,18383.406
7866.95,47.80000000000018,18478.738
7866.96,47.8100000000004,18431.066
7866.97,47.82000000000062,18383.406
7866.98,47.82999999999993,18240.469
7866.99,47.840000000000146,18288.105
7867.0,47.850000000000364,18383.406
7867.01,47.86000000000058,18431.066
7867.02,47.8700000000008,18431.066
7867.03,47.88000000000011,18526.416
7867.04,47.89000000000033,18383.406
7867.05,47.900000000000546,18383.406
7867.06,47.910000000000764,18383.406
7867.07,47.92000000000007,18383.406
7867.08,47.93000000000029,18526.416
7867.09,47.94000000000051,18574.102
7867.1,47.95000000000073,18717.209
7867.11,47.960000000000036,18383.406
7867.12,47.970000000000255,18478.738
7867.13,47.98000000000047,18621.797
7867.14,47.99000000000069,18335.752
7867.15,48.0,18383.406
7867.16,48.01000000000022,18574.102
7867.17,48.02000000000044,18192.838
7867.18,48.030000000000655,18288.105
7867.19,48.039999999999964,18621.797
7867.2,48.05000000000018,18383.406
7867.21,48.0600000000004,18335.752
7867.22,48.07000000000062,18478.738
7867.23,48.07999999999993,18335.752
7867.24,48.090000000000146,18431.066
7867.25,48.100000000000364,18526.416
7867.26,48.11000000000058,18431.066
7867.27,48.1200000000008,18383.406
7867.28,48.13000000000011,18574.102
7867.29,48.14000000000033,18383.406
7867.3,48.150000000000546,18526.416
7867.31,48.160000000000764,18478.738
7867.32,48.17000000000007,18478.738
7867.33,48.18000000000029,18478.738
7867.34,48.19000000000051,18431.066
7867.35,48.20000000000073,18240.469
7867.36,48.210000000000036,18478.738
7867.37,48.220000000000255,18431.066
7867.38,48.23000000000047,18431.066
7867.39,48.24000000000069,18335.752
7867.4,48.25,18288.105
7867.41,48.26000000000022,18240.469
7867.42,48.27000000000044,18383.406
7867.43,48.280000000000655,18431.066
7867.44,48.289999999999964,18621.797
7867.45,48.30000000000018,18478.738
7867.46,48.3100000000004,18431.066
7867.47,48.32000000000062,18383.406
7867.48,48.32999999999993,18335.752
7867.49,48.340000000000146,18335.752
7867.5,48.350000000000364,18431.066
7867.51,48.36000000000058,18288.105
7867.52,48.3700000000008,18288.105
7867.53,48.38000000000011,18335.752
7867.54,48.39000000000033,18383.406
7867.55,48.400000000000546,18431.066
7867.56,48.410000000000764,18621.797
7867.57,48.42000000000007,18478.738
7867.58,48.43000000000029,18288.105
7867.59,48.44000000000051,18288.105
7867.6,48.45000000000073,18383.406
7867.61,48.460000000000036,18526.416
7867.62,48.470000000000255,18526.416
7867.63,48.48000000000047,18335.752
7867.64,48.49000000000069,18240.469
7867.65,48.5,18478.738
7867.66,48.51000000000022,18240.469
7867.67,48.52000000000044,18526.416
7867.68,48.530000000000655,18526.416
7867.69,48.539999999999964,18383.406
7867.7,48.55000000000018,18383.406
7867.71,48.5600000000004,18526.416
7867.72,48.57000000000062,18431.066
7867.73,48.57999999999993,18574.102
7867.74,48.590000000000146,18383.406
7867.75,48.600000000000364,18431.066
7867.76,48.61000000000058,18574.102
7867.77,48.6200000000008,18288.105
7867.78,48.63000000000011,18478.738
7867.79,48.64000000000033,18574.102
7867.8,48.650000000000546,18383.406
7867.81,48.660000000000764,18288.105
7867.82,48.67000000000007,18335.752
7867.83,48.68000000000029,18431.066
7867.84,48.69000000000051,18335.752
7867.85,48.70000000000073,18383.406
7867.86,48.710000000000036,18478.738
7867.87,48.720000000000255,18431.066
7867.88,48.73000000000047,18526.416
7867.89,48.74000000000069,18574.102
7867.9,48.75,18478.738
7867.91,48.76000000000022,18383.406
7867.92,48.77000000000044,18526.416
7867.93,48.780000000000655,18145.217
7867.94,48.789999999999964,18383.406
7867.95,48.80000000000018,18431.066
7867.96,48.8100000000004,18383.406
7867.97,48.82000000000062,18383.406
7867.98,48.82999999999993,18431.066
7867.99,48.840000000000146,18383.406
7868.0,48.850000000000364,18335.752
7868.01,48.86000000000058,18574.102
7868.02,48.8700000000008,18288.105
7868.03,48.88000000000011,18431.066
7868.04,48.89000000000033,18335.752
7868.05,48.900000000000546,18574.102
7868.06,48.910000000000764,18431.066
7868.07,48.92000000000007,18383.406
7868.08,48.93000000000029,18526.416
7868.09,48.94000000000051,18383.406
7868.1,48.95000000000073,18526.416
7868.11,48.960000000000036,18478.738
7868.12,48.970000000000255,18478.738
7868.13,48.98000000000047,18526.416
7868.14,48.99000000000069,18526.416
7868.15,49.0,18383.406
7868.16,49.01000000000022,18478.738
7868.17,49.02000000000044,18431.066
7868.18,49.030000000000655,18288.105
7868.19,49.039999999999964,18383.406
7868.2,49.05000000000018,18526.416
7868.21,49.0600000000004,18383.406
7868.22,49.07000000000062,18431.066
7868.23,49.07999999999993,18526.416
7868.24,49.090000000000146,18478.738
7868.25,49.100000000000364,18335.752
7868.26,49.11000000000058,18383.406
7868.27,49.1200000000008,18383.406
7868.28,49.13000000000011,18526.416
7868.29,49.14000000000033,18526.416
7868.3,49.150000000000546,18335.752
7868.31,49.160000000000764,18621.797
7868.32,49.17000000000007,18574.102
7868.33,49.18000000000029,18383.406
7868.34,49.19000000000051,18431.066
7868.35,49.20000000000073,18192.838
7868.36,49.210000000000036,18288.105
7868.37,49.220000000000255,18335.752
7868.38,49.23000000000047,18383.406
7868.39,49.24000000000069,18669.498
7868.4,49.25,18478.738
7868.41,49.26000000000022,18526.416
7868.42,49.27000000000044,18574.102
7868.43,49.280000000000655,18335.752
7868.44,49.289999999999964,18192.838
7868.45,49.30000000000018,18335.752
7868.46,49.3100000000004,18335.752
7868.47,49.32000000000062,18288.105
7868.48,49.32999999999993,18478.738
7868.49,49.340000000000146,18526.416
7868.5,49.350000000000364,18431.066
7868.51,49.36000000000058,18335.752
7868.52,49.3700000000008,18383.406
7868.53,49.38000000000011,18526.416
7868.54,49.39000000000033,18383.406
7868.55,49.400000000000546,18383.406
7868.56,49.410000000000764,18574.102
7868.57,49.42000000000007,18478.738
7868.58,49.43000000000029,18526.416
7868.59,49.44000000000051,18526.416
7868.6,49.45000000000073,18288.105
7868.61,49.460000000000036,18383.406
7868.62,49.470000000000255,18431.066
7868.63,49.48000000000047,18383.406
7868.64,49.49000000000069,18288.105
7868.65,49.5,18478.738
7868.66,49.51000000000022,18478.738
7868.67,49.52000000000044,18574.102
7868.68,49.530000000000655,18288.105
7868.69,49.539999999999964,18383.406
7868.7,49.55000000000018,18288.105
7868.71,49.5600000000004,18574.102
7868.72,49.57000000000062,18383.406
7868.73,49.57999999999993,18383.406
7868.74,49.590000000000146,18335.752
7868.75,49.600000000000364,18431.066
7868.76,49.61000000000058,18526.416
7868.77,49.6200000000008,18526.416
7868.78,49.63000000000011,18478.738
7868.79,49.64000000000033,18383.406
7868.8,49.650000000000546,18478.738
7868.81,49.660000000000764,18431.066
7868.82,49.67000000000007,18431.066
7868.83,49.68000000000029,18431.066
7868.84,49.69000000000051,18431.066
7868.85,49.70000000000073,18383.406
7868.86,49.710000000000036,18335.752
7868.87,49.720000000000255,18383.406
7868.88,49.73000000000047,18383.406
7868.89,49.74000000000069,18192.838
7868.9,49.75,18526.416
7868.91,49.76000000000022,18478.738
7868.92,49.77000000000044,18478.738
7868.93,49.780000000000655,18574.102
7868.94,49.789999999999964,18478.738
7868.95,49.80000000000018,18478.738
7868.96,49.8100000000004,18574.102
7868.97,49.82000000000062,18335.752
7868.98,49.82999999999993,18383.406
7868.99,49.840000000000146,18288.105
7869.0,49.850000000000364,18478.738
7869.01,49.86000000000058,18288.105
7869.02,49.8700000000008,18383.406
7869.03,49.88000000000011,18478.738
7869.04,49.89000000000033,18431.066
7869.05,49.900000000000546,18383.406
7869.06,49.910000000000764,18478.738
7869.07,49.92000000000007,18478.738
7869.08,49.93000000000029,18478.738
7869.09,49.94000000000051,18478.738
7869.1,49.95000000000073,18621.797
7869.11,49.960000000000036,18383.406
7869.12,49.970000000000255,18288.105
7869.13,49.98000000000047,18431.066
7869.14,49.99000000000069,18288.105
7869.15,50.0,18383.406
7869.16,50.01000000000022,18288.105
7869.17,50.02000000000044,18431.066
7869.18,50.030000000000655,18478.738
7869.19,50.039999999999964,18478.738
7869.2,50.05000000000018,18478.738
7869.21,50.0600000000004,18526.416
7869.22,50.07000000000062,18526.416
7869.23,50.07999999999993,18335.752
7869.24,50.090000000000146,18288.105
7869.25,50.100000000000364,18526.416
7869.26,50.11000000000058,18383.406
7869.27,50.1200000000008,18478.738
7869.28,50.13000000000011,18478.738
7869.29,50.14000000000033,18288.105
7869.3,50.150000000000546,18478.738
7869.31,50.160000000000764,18526.416
7869.32,50.17000000000007,18431.066
7869.33,50.18000000000029,18383.406
7869.34,50.19000000000051,18383.406
7869.35,50.20000000000073,18526.416
7869.36,50.210000000000036,18478.738
7869.37,50.220000000000255,18383.406
7869.38,50.23000000000047,18478.738
7869.39,50.24000000000069,18478.738
7869.4,50.25,18383.406
7869.41,50.26000000000022,18431.066
7869.42,50.27000000000044,18335.752
7869.43,50.280000000000655,18383.406
7869.44,50.289999999999964,18431.066
7869.45,50.30000000000018,18574.102
7869.46,50.3100000000004,18288.105
7869.47,50.32000000000062,18335.752
7869.48,50.32999999999993,18431.066
7869.49,50.340000000000146,18478.738
7869.5,50.350000000000364,18383.406
7869.51,50.36000000000058,18383.406
7869.52,50.3700000000008,18431.066
7869.53,50.38000000000011,18526.416
7869.54,50.39000000000033,18431.066
7869.55,50.400000000000546,18431.066
7869.56,50.410000000000764,18335.752
7869.57,50.42000000000007,18383.406
7869.58,50.43000000000029,18288.105
7869.59,50.44000000000051,18335.752
7869.6,50.45000000000073,18240.469
7869.61,50.460000000000036,18478.738
7869.62,50.470000000000255,18431.066
7869.63,50.48000000000047,18383.406
7869.64,50.49000000000069,18526.416
7869.65,50.5,18431.066
7869.66,50.51000000000022,18288.105
7869.67,50.52000000000044,18383.406
7869.68,50.530000000000655,18431.066
7869.69,50.539999999999964,18574.102
7869.7,50.55000000000018,18526.416
7869.71,50.5600000000004,18478.738
7869.72,50.57000000000062,18431.066
7869.73,50.57999999999993,18335.752
7869.74,50.590000000000146,18431.066
7869.75,50.600000000000364,18335.752
7869.76,50.61000000000058,18431.066
7869.77,50.6200000000008,18526.416
7869.78,50.63000000000011,18574.102
7869.79,50.64000000000033,18335.752
7869.8,50.650000000000546,18478.738
7869.81,50.660000000000764,18526.416
7869.82,50.67000000000007,18431.066
7869.83,50.68000000000029,18383.406
7869.84,50.69000000000051,18526.416
7869.85,50.70000000000073,18335.752
7869.86,50.710000000000036,18478.738
7869.87,50.720000000000255,18288.105
7869.88,50.73000000000047,18192.838
7869.89,50.74000000000069,18335.752
7869.9,50.75,18383.406
7869.91,50.76000000000022,18431.066
7869.92,50.77000000000044,18097.604
7869.93,50.780000000000655,18240.469
7869.94,50.789999999999964,18192.838
7869.95,50.80000000000018,18431.066
7869.96,50.8100000000004,18383.406
7869.97,50.82000000000062,18431.066
7869.98,50.82999999999993,18383.406
7869.99,50.840000000000146,18431.066
7870.0,50.850000000000364,18431.066
7870.01,50.86000000000058,18478.738
7870.02,50.8700000000008,18478.738
7870.03,50.88000000000011,18383.406
7870.04,50.89000000000033,18478.738
7870.05,50.900000000000546,18383.406
7870.06,50.910000000000764,18526.416
7870.07,50.92000000000007,18383.406
7870.08,50.93000000000029,18526.416
7870.09,50.94000000000051,18288.105
7870.1,50.95000000000073,18478.738
7870.11,50.960000000000036,18383.406
7870.12,50.970000000000255,18240.469
7870.13,50.98000000000047,18383.406
7870.14,50.99000000000069,18431.066
7870.15,51.0,18478.738
7870.16,51.01000000000022,18478.738
7870.17,51.02000000000044,18478.738
7870.18,51.030000000000655,18335.752
7870.19,51.039999999999964,18526.416
7870.2,51.05000000000018,18383.406
7870.21,51.0600000000004,18574.102
7870.22,51.07000000000062,18478.738
7870.23,51.07999999999993,18478.738
7870.24,51.090000000000146,18431.066
7870.25,51.100000000000364,18240.469
7870.26,51.11000000000058,18526.416
7870.27,51.1200000000008,18526.416
7870.28,51.13000000000011,18431.066
7870.29,51.14000000000033,18431.066
7870.3,51.150000000000546,18478.738
7870.31,51.160000000000764,18478.738
7870.32,51.17000000000007,18478.738
7870.33,51.18000000000029,18431.066
7870.34,51.19000000000051,18526.416
7870.35,51.20000000000073,18478.738
7870.36,51.210000000000036,18240.469
7870.37,51.220000000000255,18240.469
7870.38,51.23000000000047,18526.416
7870.39,51.24000000000069,18288.105
7870.4,51.25,18431.066
7870.41,51.26000000000022,18335.752
7870.42,51.27000000000044,18431.066
7870.43,51.280000000000655,18431.066
7870.44,51.289999999999964,18478.738
7870.45,51.30000000000018,18478.738
7870.46,51.3100000000004,18526.416
7870.47,51.32000000000062,18574.102
7870.48,51.32999999999993,18717.209
7870.49,51.340000000000146,18478.738
7870.5,51.350000000000364,18431.066
7870.51,51.36000000000058,18478.738
7870.52,51.3700000000008,18526.416
7870.53,51.38000000000011,18240.469
7870.54,51.39000000000033,18478.738
7870.55,51.400000000000546,18288.105
7870.56,51.410000000000764,18717.209
7870.57,51.42000000000007,18288.105
7870.58,51.43000000000029,18431.066
7870.59,51.44000000000051,18574.102
7870.6,51.45000000000073,18383.406
7870.61,51.460000000000036,18526.416
7870.62,51.470000000000255,18288.105
7870.63,51.48000000000047,18288.105
7870.64,51.49000000000069,18383.406
7870.65,51.5,18335.752
7870.66,51.51000000000022,18383.406
7870.67,51.52000000000044,18526.416
7870.68,51.530000000000655,18526.416
7870.69,51.539999999999964,18478.738
7870.7,51.55000000000018,18431.066
7870.71,51.5600000000004,18526.416
7870.72,51.57000000000062,18526.416
7870.73,51.57999999999993,18478.738
7870.74,51.590000000000146,18478.738
7870.75,51.600000000000364,18288.105
7870.76,51.61000000000058,18431.066
7870.77,51.6200000000008,18526.416
7870.78,51.63000000000011,18526.416
7870.79,51.64000000000033,18383.406
7870.8,51.650000000000546,18288.105
7870.81,51.660000000000764,18574.102
7870.82,51.67000000000007,18288.105
7870.83,51.68000000000029,18431.066
7870.84,51.69000000000051,18621.797
7870.85,51.70000000000073,18526.416
7870.86,51.710000000000036,18478.738
7870.87,51.720000000000255,18288.105
7870.88,51.73000000000047,18335.752
7870.89,51.74000000000069,18288.105
7870.9,51.75,18669.498
7870.91,51.76000000000022,19864.703
7870.92,51.77000000000044,20152.309
7870.93,51.780000000000655,20440.205
7870.94,51.789999999999964,20248.24
7870.95,51.80000000000018,20200.271
7870.96,51.8100000000004,20392.201
7870.97,51.82000000000062,20296.221
7870.98,51.82999999999993,20248.24
7870.99,51.840000000000146,20152.309
7871.0,51.850000000000364,20152.309
7871.01,51.86000000000058,20248.24
7871.02,51.8700000000008,20296.221
7871.03,51.88000000000011,20296.221
7871.04,51.89000000000033,20248.24
7871.05,51.900000000000546,20104.354
7871.06,51.910000000000764,20296.221
7871.07,51.92000000000007,20200.271
7871.08,51.93000000000029,20296.221
7871.09,51.94000000000051,20104.354
7871.1,51.95000000000073,20104.354
7871.11,51.960000000000036,20200.271
7871.12,51.970000000000255,20104.354
7871.13,51.98000000000047,20104.354
7871.14,51.99000000000069,20200.271
7871.15,52.0,20104.354
7871.16,52.01000000000022,20200.271
7871.17,52.02000000000044,20296.221
7871.18,52.030000000000655,20248.24
7871.19,52.039999999999964,20440.205
7871.2,52.05000000000018,20200.271
7871.21,52.0600000000004,20104.354
7871.22,52.07000000000062,20296.221
7871.23,52.07999999999993,20200.271
7871.24,52.090000000000146,20392.201
7871.25,52.100000000000364,20200.271
7871.26,52.11000000000058,20296.221
7871.27,52.1200000000008,20200.271
7871.28,52.13000000000011,20008.469
7871.29,52.14000000000033,20104.354
7871.3,52.150000000000546,20104.354
7871.31,52.160000000000764,20200.271
7871.32,52.17000000000007,20344.207
7871.33,52.18000000000029,20008.469
7871.34,52.19000000000051,20392.201
7871.35,52.20000000000073,20200.271
7871.36,52.210000000000036,20200.271
7871.37,52.220000000000255,20248.24
7871.38,52.23000000000047,20152.309
7871.39,52.24000000000069,20392.201
7871.4,52.25,20248.24
7871.41,52.26000000000022,20152.309
7871.42,52.27000000000044,20344.207
7871.43,52.280000000000655,20008.469
7871.44,52.289999999999964,20344.207
7871.45,52.30000000000018,20008.469
7871.46,52.3100000000004,20296.221
7871.47,52.32000000000062,20200.271
7871.48,52.32999999999993,20248.24
7871.49,52.340000000000146,20152.309
7871.5,52.350000000000364,20296.221
7871.51,52.36000000000058,20296.221
7871.52,52.3700000000008,20296.221
7871.53,52.38000000000011,20248.24
7871.54,52.39000000000033,20056.408
7871.55,52.400000000000546,20152.309
7871.56,52.410000000000764,20248.24
7871.57,52.42000000000007,20152.309
7871.58,52.43000000000029,20296.221
7871.59,52.44000000000051,20152.309
7871.6,52.45000000000073,20344.207
7871.61,52.460000000000036,20296.221
7871.62,52.470000000000255,20200.271
7871.63,52.48000000000047,20200.271
7871.64,52.49000000000069,20152.309
7871.65,52.5,20200.271
7871.66,52.51000000000022,20248.24
7871.67,52.52000000000044,20200.271
7871.68,52.530000000000655,20296.221
7871.69,52.539999999999964,20440.205
7871.7,52.55000000000018,20200.271
7871.71,52.5600000000004,20392.201
7871.72,52.57000000000062,20200.271
7871.73,52.57999999999993,20152.309
7871.74,52.590000000000146,20152.309
7871.75,52.600000000000364,20440.205
7871.76,52.61000000000058,20344.207
7871.77,52.6200000000008,20152.309
7871.78,52.63000000000011,20248.24
7871.79,52.64000000000033,20296.221
7871.8,52.650000000000546,20152.309
7871.81,52.660000000000764,20248.24
7871.82,52.67000000000007,20344.207
7871.83,52.68000000000029,20200.271
7871.84,52.69000000000051,20200.271
7871.85,52.70000000000073,20344.207
7871.86,52.710000000000036,20392.201
7871.87,52.720000000000255,20248.24
7871.88,52.73000000000047,20152.309
7871.89,52.74000000000069,20200.271
7871.9,52.75,20296.221
7871.91,52.76000000000022,20296.221
7871.92,52.77000000000044,20440.205
7871.93,52.780000000000655,20008.469
7871.94,52.789999999999964,20200.271
7871.95,52.80000000000018,20296.221
7871.96,52.8100000000004,20296.221
7871.97,52.82000000000062,19960.539
7871.98,52.82999999999993,20152.309
7871.99,52.840000000000146,20296.221
7872.0,52.850000000000364,20296.221
7872.01,52.86000000000058,20200.271
7872.02,52.8700000000008,20344.207
7872.03,52.88000000000011,20200.271
7872.04,52.89000000000033,20104.354
7872.05,52.900000000000546,20104.354
7872.06,52.910000000000764,20200.271
7872.07,52.92000000000007,20248.24
7872.08,52.93000000000029,20200.271
7872.09,52.94000000000051,20296.221
7872.1,52.95000000000073,20248.24
7872.11,52.960000000000036,20296.221
7872.12,52.970000000000255,20344.207
7872.13,52.98000000000047,20248.24
7872.14,52.99000000000069,20440.205
7872.15,53.0,20200.271
7872.16,53.01000000000022,20296.221
7872.17,53.02000000000044,20104.354
7872.18,53.030000000000655,20200.271
7872.19,53.039999999999964,20248.24
7872.2,53.05000000000018,20248.24
7872.21,53.0600000000004,20344.207
7872.22,53.07000000000062,20248.24
7872.23,53.07999999999993,20056.408
7872.24,53.090000000000146,19960.539
7872.25,53.100000000000364,20104.354
7872.26,53.11000000000058,20296.221
7872.27,53.1200000000008,20584.264
7872.28,53.13000000000011,20488.217
7872.29,53.14000000000033,20200.271
7872.3,53.150000000000546,20392.201
7872.31,53.160000000000764,20632.299
7872.32,53.17000000000007,20248.24
7872.33,53.18000000000029,20248.24
7872.34,53.19000000000051,20392.201
7872.35,53.20000000000073,20104.354
7872.36,53.210000000000036,20200.271
7872.37,53.220000000000255,20392.201
7872.38,53.23000000000047,20152.309
7872.39,53.24000000000069,20248.24
7872.4,53.25,20248.24
7872.41,53.26000000000022,20296.221
7872.42,53.27000000000044,20152.309
7872.43,53.280000000000655,20248.24
7872.44,53.289999999999964,20152.309
7872.45,53.30000000000018,20248.24
7872.46,53.3100000000004,20440.205
7872.47,53.32000000000062,20392.201
7872.48,53.32999999999993,20392.201
7872.49,53.340000000000146,20296.221
7872.5,53.350000000000364,20200.271
7872.51,53.36000000000058,20248.24
7872.52,53.3700000000008,20440.205
7872.53,53.38000000000011,20248.24
7872.54,53.39000000000033,20296.221
7872.55,53.400000000000546,20248.24
7872.56,53.410000000000764,20344.207
7872.57,53.42000000000007,20344.207
7872.58,53.43000000000029,20344.207
7872.59,53.44000000000051,20440.205
7872.6,53.45000000000073,20488.217
7872.61,53.460000000000036,20248.24
7872.62,53.470000000000255,20344.207
7872.63,53.48000000000047,20392.201
7872.64,53.49000000000069,20440.205
7872.65,53.5,20344.207
7872.66,53.51000000000022,20392.201
7872.67,53.52000000000044,20296.221
7872.68,53.530000000000655,20200.271
7872.69,53.539999999999964,20248.24
7872.7,53.55000000000018,20104.354
7872.71,53.5600000000004,20200.271
7872.72,53.57000000000062,20392.201
7872.73,53.57999999999993,20344.207
7872.74,53.590000000000146,20104.354
7872.75,53.600000000000364,20200.271
7872.76,53.61000000000058,20152.309
7872.77,53.6200000000008,20344.207
7872.78,53.63000000000011,20248.24
7872.79,53.64000000000033,20296.221
7872.8,53.650000000000546,20296.221
7872.81,53.660000000000764,20392.201
7872.82,53.67000000000007,20296.221
7872.83,53.68000000000029,20248.24
7872.84,53.69000000000051,20200.271
7872.85,53.70000000000073,20488.217
7872.86,53.710000000000036,20200.271
7872.87,53.720000000000255,20200.271
7872.88,53.73000000000047,20440.205
7872.89,53.74000000000069,20344.207
7872.9,53.75,20440.205
7872.91,53.76000000000022,20248.24
7872.92,53.77000000000044,20440.205
7872.93,53.780000000000655,20344.207
7872.94,53.789999999999964,20392.201
7872.95,53.80000000000018,20104.354
7872.96,53.8100000000004,20296.221
7872.97,53.82000000000062,20392.201
7872.98,53.82999999999993,20200.271
7872.99,53.840000000000146,20392.201
7873.0,53.850000000000364,20392.201
7873.01,53.86000000000058,20344.207
7873.02,53.8700000000008,20392.201
7873.03,53.88000000000011,20392.201
7873.04,53.89000000000033,20392.201
7873.05,53.900000000000546,20344.207
7873.06,53.910000000000764,20248.24
7873.07,53.92000000000007,20008.469
7873.08,53.93000000000029,20344.207
7873.09,53.94000000000051,20008.469
7873.1,53.95000000000073,20200.271
7873.11,53.960000000000036,20248.24
7873.12,53.970000000000255,20008.469
7873.13,53.98000000000047,20296.221
7873.14,53.99000000000069,20200.271
7873.15,54.0,20296.221
7873.16,54.01000000000022,20344.207
7873.17,54.02000000000044,20344.207
7873.18,54.030000000000655,20440.205
7873.19,54.039999999999964,20392.201
7873.2,54.05000000000018,20392.201
7873.21,54.0600000000004,20440.205
7873.22,54.07000000000062,20296.221
7873.23,54.07999999999993,20152.309
7873.24,54.090000000000146,20248.24
7873.25,54.100000000000364,20200.271
7873.26,54.11000000000058,20152.309
7873.27,54.1200000000008,20296.221
7873.28,54.13000000000011,20536.236
7873.29,54.14000000000033,20296.221
7873.3,54.150000000000546,20296.221
7873.31,54.160000000000764,20344.207
7873.32,54.17000000000007,20344.207
7873.33,54.18000000000029,20440.205
7873.34,54.19000000000051,20248.24
7873.35,54.20000000000073,20392.201
7873.36,54.210000000000036,20296.221
7873.37,54.220000000000255,20440.205
7873.38,54.23000000000047,20296.221
7873.39,54.24000000000069,20536.236
7873.4,54.25,20104.354
7873.41,54.26000000000022,20296.221
7873.42,54.27000000000044,20296.221
7873.43,54.280000000000655,20008.469
7873.44,54.289999999999964,20104.354
7873.45,54.30000000000018,20248.24
7873.46,54.3100000000004,20344.207
7873.47,54.32000000000062,20200.271
7873.48,54.32999999999993,20008.469
7873.49,54.340000000000146,20152.309
7873.5,54.350000000000364,20200.271
7873.51,54.36000000000058,20248.24
7873.52,54.3700000000008,20440.205
7873.53,54.38000000000011,20152.309
7873.54,54.39000000000033,20152.309
7873.55,54.400000000000546,20152.309
7873.56,54.410000000000764,20200.271
7873.57,54.42000000000007,20344.207
7873.58,54.43000000000029,20344.207
7873.59,54.44000000000051,20344.207
7873.6,54.45000000000073,20200.271
7873.61,54.460000000000036,20104.354
7873.62,54.470000000000255,20440.205
7873.63,54.48000000000047,20392.201
7873.64,54.49000000000069,20200.271
7873.65,54.5,20392.201
7873.66,54.51000000000022,20344.207
7873.67,54.52000000000044,20104.354
7873.68,54.530000000000655,20344.207
7873.69,54.539999999999964,20200.271
7873.7,54.55000000000018,20344.207
7873.71,54.5600000000004,21016.877
7873.72,54.57000000000062,22173.729
7873.73,54.57999999999993,22560.385
7873.74,54.590000000000146,22753.908
7873.75,54.600000000000364,22850.719
7873.76,54.61000000000058,22753.908
7873.77,54.6200000000008,22802.309
7873.78,54.63000000000011,22608.754
7873.79,54.64000000000033,22657.131
7873.8,54.650000000000546,22753.908
7873.81,54.660000000000764,22802.309
7873.82,54.67000000000007,22657.131
7873.83,54.68000000000029,22512.023
7873.84,54.69000000000051,22753.908
7873.85,54.70000000000073,22608.754
7873.86,54.710000000000036,22512.023
7873.87,54.720000000000255,22463.672
7873.88,54.73000000000047,22657.131
7873.89,54.74000000000069,22560.385
7873.9,54.75,22608.754
7873.91,54.76000000000022,22318.664
7873.92,54.77000000000044,22705.516
7873.93,54.780000000000655,22657.131
7873.94,54.789999999999964,22608.754
7873.95,54.80000000000018,22657.131
7873.96,54.8100000000004,22463.672
7873.97,54.82000000000062,22560.385
7873.98,54.82999999999993,22608.754
7873.99,54.840000000000146,22560.385
7874.0,54.850000000000364,22705.516
7874.01,54.86000000000058,22560.385
7874.02,54.8700000000008,22608.754
7874.03,54.88000000000011,22366.992
7874.04,54.89000000000033,22512.023
7874.05,54.900000000000546,22512.023
7874.06,54.910000000000764,22657.131
7874.07,54.92000000000007,22560.385
7874.08,54.93000000000029,22463.672
7874.09,54.94000000000051,22463.672
7874.1,54.95000000000073,22463.672
7874.11,54.960000000000036,22366.992
7874.12,54.970000000000255,22463.672
7874.13,54.98000000000047,22463.672
7874.14,54.99000000000069,22463.672
7874.15,55.0,22657.131
7874.16,55.01000000000022,22608.754
7874.17,55.02000000000044,22415.328
7874.18,55.030000000000655,22318.664
7874.19,55.039999999999964,22512.023
7874.2,55.05000000000018,22705.516
7874.21,55.0600000000004,22608.754
7874.22,55.07000000000062,22705.516
7874.23,55.07999999999993,22512.023
7874.24,55.090000000000146,22560.385
7874.25,55.100000000000364,22560.385
7874.26,55.11000000000058,22512.023
7874.27,55.1200000000008,22512.023
7874.28,55.13000000000011,22415.328
7874.29,55.14000000000033,22512.023
7874.3,55.150000000000546,22657.131
7874.31,55.160000000000764,22608.754
7874.32,55.17000000000007,22463.672
7874.33,55.18000000000029,22512.023
7874.34,55.19000000000051,22657.131
7874.35,55.20000000000073,22560.385
7874.36,55.210000000000036,22608.754
7874.37,55.220000000000255,22560.385
7874.38,55.23000000000047,22463.672
7874.39,55.24000000000069,22560.385
7874.4,55.25,22463.672
7874.41,55.26000000000022,22560.385
7874.42,55.27000000000044,22608.754
7874.43,55.280000000000655,22415.328
7874.44,55.289999999999964,22318.664
7874.45,55.30000000000018,22560.385
7874.46,55.3100000000004,22415.328
7874.47,55.32000000000062,22463.672
7874.48,55.32999999999993,22415.328
7874.49,55.340000000000146,22512.023
7874.5,55.350000000000364,22753.908
7874.51,55.36000000000058,22415.328
7874.52,55.3700000000008,22560.385
7874.53,55.38000000000011,22512.023
7874.54,55.39000000000033,22463.672
7874.55,55.400000000000546,22415.328
7874.56,55.410000000000764,22415.328
7874.57,55.42000000000007,22463.672
7874.58,55.43000000000029,22705.516
7874.59,55.44000000000051,22512.023
7874.6,55.45000000000073,22366.992
7874.61,55.460000000000036,22270.344
7874.62,55.470000000000255,22318.664
7874.63,55.48000000000047,22705.516
7874.64,55.49000000000069,22560.385
7874.65,55.5,22705.516
7874.66,55.51000000000022,22512.023
7874.67,55.52000000000044,22512.023
7874.68,55.530000000000655,22463.672
7874.69,55.539999999999964,22463.672
7874.7,55.55000000000018,22415.328
7874.71,55.5600000000004,22657.131
7874.72,55.57000000000062,22657.131
7874.73,55.57999999999993,22657.131
7874.74,55.590000000000146,22512.023
7874.75,55.600000000000364,22657.131
7874.76,55.61000000000058,22463.672
7874.77,55.6200000000008,22608.754
7874.78,55.63000000000011,22608.754
7874.79,55.64000000000033,22512.023
7874.8,55.650000000000546,22366.992
7874.81,55.660000000000764,22608.754
7874.82,55.67000000000007,22463.672
7874.83,55.68000000000029,22415.328
7874.84,55.69000000000051,22415.328
7874.85,55.70000000000073,22608.754
7874.86,55.710000000000036,22753.908
7874.87,55.720000000000255,22560.385
7874.88,55.73000000000047,22560.385
7874.89,55.74000000000069,22705.516
7874.9,55.75,22512.023
7874.91,55.76000000000022,22608.754
7874.92,55.77000000000044,22657.131
7874.93,55.780000000000655,22608.754
7874.94,55.789999999999964,22560.385
7874.95,55.80000000000018,22512.023
7874.96,55.8100000000004,22608.754
7874.97,55.82000000000062,22415.328
7874.98,55.82999999999993,22753.908
7874.99,55.840000000000146,22512.023
7875.0,55.850000000000364,22512.023
7875.01,55.86000000000058,22753.908
7875.02,55.8700000000008,22415.328
7875.03,55.88000000000011,22415.328
7875.04,55.89000000000033,22463.672
7875.05,55.900000000000546,22560.385
7875.06,55.910000000000764,22705.516
7875.07,55.92000000000007,22415.328
7875.08,55.93000000000029,22705.516
7875.09,55.94000000000051,22705.516
7875.1,55.95000000000073,22512.023
7875.11,55.960000000000036,22512.023
7875.12,55.970000000000255,22850.719
7875.13,55.98000000000047,22608.754
7875.14,55.99000000000069,22705.516
7875.15,56.0,22512.023
7875.16,56.01000000000022,22512.023
7875.17,56.02000000000044,22753.908
7875.18,56.030000000000655,22657.131
7875.19,56.039999999999964,22608.754
7875.2,56.05000000000018,22318.664
7875.21,56.0600000000004,22463.672
7875.22,56.07000000000062,22028.865
7875.23,56.07999999999993,22560.385
7875.24,56.090000000000146,22850.719
7875.25,56.100000000000364,22657.131
7875.26,56.11000000000058,22512.023
7875.27,56.1200000000008,22366.992
7875.28,56.13000000000011,22705.516
7875.29,56.14000000000033,22560.385
7875.3,56.150000000000546,22560.385
7875.31,56.160000000000764,22560.385
7875.32,56.17000000000007,22657.131
7875.33,56.18000000000029,22753.908
7875.34,56.19000000000051,22415.328
7875.35,56.20000000000073,22463.672
7875.36,56.210000000000036,22560.385
7875.37,56.220000000000255,22560.385
7875.38,56.23000000000047,22705.516
7875.39,56.24000000000069,22560.385
7875.4,56.25,22657.131
7875.41,56.26000000000022,22608.754
7875.42,56.27000000000044,22753.908
7875.43,56.280000000000655,22608.754
7875.44,56.289999999999964,22415.328
7875.45,56.30000000000018,22560.385
7875.46,56.3100000000004,22560.385
7875.47,56.32000000000062,22705.516
7875.48,56.32999999999993,22608.754
7875.49,56.340000000000146,22753.908
7875.5,56.350000000000364,22657.131
7875.51,56.36000000000058,22753.908
7875.52,56.3700000000008,22560.385
7875.53,56.38000000000011,22608.754
7875.54,56.39000000000033,22512.023
7875.55,56.400000000000546,22415.328
7875.56,56.410000000000764,22657.131
7875.57,56.42000000000007,22753.908
7875.58,56.43000000000029,22608.754
7875.59,56.44000000000051,22366.992
7875.6,56.45000000000073,22705.516
7875.61,56.460000000000036,22512.023
7875.62,56.470000000000255,22512.023
7875.63,56.48000000000047,22608.754
7875.64,56.49000000000069,22512.023
7875.65,56.5,22463.672
7875.66,56.51000000000022,22657.131
7875.67,56.52000000000044,22802.309
7875.68,56.530000000000655,22415.328
7875.69,56.539999999999964,22608.754
7875.7,56.55000000000018,22512.023
7875.71,56.5600000000004,22608.754
7875.72,56.57000000000062,22512.023
7875.73,56.57999999999993,22753.908
7875.74,56.590000000000146,22512.023
7875.75,56.600000000000364,22560.385
7875.76,56.61000000000058,22657.131
7875.77,56.6200000000008,22608.754
7875.78,56.63000000000011,22608.754
7875.79,56.64000000000033,22608.754
7875.8,56.650000000000546,22608.754
7875.81,56.660000000000764,22705.516
7875.82,56.67000000000007,22608.754
7875.83,56.68000000000029,22415.328
7875.84,56.69000000000051,22415.328
7875.85,56.70000000000073,22608.754
7875.86,56.710000000000036,22608.754
7875.87,56.720000000000255,22608.754
7875.88,56.73000000000047,22657.131
7875.89,56.74000000000069,22657.131
7875.9,56.75,22608.754
7875.91,56.76000000000022,22657.131
7875.92,56.77000000000044,22560.385
7875.93,56.780000000000655,22512.023
7875.94,56.789999999999964,22560.385
7875.95,56.80000000000018,22560.385
7875.96,56.8100000000004,22753.908
7875.97,56.82000000000062,22512.023
7875.98,56.82999999999993,22705.516
7875.99,56.840000000000146,22657.131
7876.0,56.850000000000364,22657.131
7876.01,56.86000000000058,22608.754
7876.02,56.8700000000008,22705.516
7876.03,56.88000000000011,22705.516
7876.04,56.89000000000033,22705.516
7876.05,56.900000000000546,22415.328
7876.06,56.910000000000764,22560.385
7876.07,56.92000000000007,22512.023
7876.08,56.93000000000029,22657.131
7876.09,56.94000000000051,22512.023
7876.1,56.95000000000073,22512.023
7876.11,56.960000000000036,22608.754
7876.12,56.970000000000255,22705.516
7876.13,56.98000000000047,22560.385
7876.14,56.99000000000069,22463.672
7876.15,57.0,22512.023
7876.16,57.01000000000022,22608.754
7876.17,57.02000000000044,22415.328
7876.18,57.030000000000655,22608.754
7876.19,57.039999999999964,22560.385
7876.2,57.05000000000018,22608.754
7876.21,57.0600000000004,22560.385
7876.22,57.07000000000062,22512.023
7876.23,57.07999999999993,22512.023
7876.24,57.090000000000146,22560.385
7876.25,57.100000000000364,22560.385
7876.26,57.11000000000058,22705.516
7876.27,57.1200000000008,22608.754
7876.28,57.13000000000011,22657.131
7876.29,57.14000000000033,22657.131
7876.3,57.150000000000546,22657.131
7876.31,57.160000000000764,22657.131
7876.32,57.17000000000007,22512.023
7876.33,57.18000000000029,22657.131
7876.34,57.19000000000051,22560.385
7876.35,57.20000000000073,22512.023
7876.36,57.210000000000036,22512.023
7876.37,57.220000000000255,22657.131
7876.38,57.23000000000047,22657.131
7876.39,57.24000000000069,22512.023
7876.4,57.25,22463.672
7876.41,57.26000000000022,22657.131
7876.42,57.27000000000044,22318.664
7876.43,57.280000000000655,22560.385
7876.44,57.289999999999964,22512.023
7876.45,57.30000000000018,22512.023
7876.46,57.3100000000004,22560.385
7876.47,57.32000000000062,22657.131
7876.48,57.32999999999993,22512.023
7876.49,57.340000000000146,22560.385
7876.5,57.350000000000364,22415.328
7876.51,57.36000000000058,22512.023
7876.52,57.3700000000008,22512.023
7876.53,57.38000000000011,22657.131
7876.54,57.39000000000033,22463.672
7876.55,57.400000000000546,22512.023
7876.56,57.410000000000764,22850.719
7876.57,57.42000000000007,22657.131
7876.58,57.43000000000029,22415.328
7876.59,57.44000000000051,22512.023
7876.6,57.45000000000073,22657.131
7876.61,57.460000000000036,22318.664
7876.62,57.470000000000255,22608.754
7876.63,57.48000000000047,22512.023
7876.64,57.49000000000069,22608.754
7876.65,57.5,22512.023
7876.66,57.51000000000022,22415.328
7876.67,57.52000000000044,22850.719
7876.68,57.530000000000655,22657.131
7876.69,57.539999999999964,22512.023
7876.7,57.55000000000018,22608.754
7876.71,57.5600000000004,22657.131
7876.72,57.57000000000062,22560.385
7876.73,57.57999999999993,22657.131
7876.74,57.590000000000146,22560.385
7876.75,57.600000000000364,22512.023
7876.76,57.61000000000058,22705.516
7876.77,57.6200000000008,22512.023
7876.78,57.63000000000011,22705.516
7876.79,57.64000000000033,22415.328
7876.8,57.650000000000546,22608.754
7876.81,57.660000000000764,22753.908
7876.82,57.67000000000007,22657.131
7876.83,57.68000000000029,22657.131
7876.84,57.69000000000051,22705.516
7876.85,57.70000000000073,22560.385
7876.86,57.710000000000036,22608.754
7876.87,57.720000000000255,22608.754
7876.88,57.73000000000047,22705.516
7876.89,57.74000000000069,22705.516
7876.9,57.75,22560.385
7876.91,57.76000000000022,22657.131
7876.92,57.77000000000044,22753.908
7876.93,57.780000000000655,22366.992
7876.94,57.789999999999964,22560.385
7876.95,57.80000000000018,22657.131
7876.96,57.8100000000004,22705.516
7876.97,57.82000000000062,22657.131
7876.98,57.82999999999993,22560.385
7876.99,57.840000000000146,22415.328
7877.0,57.850000000000364,22512.023
7877.01,57.86000000000058,22560.385
7877.02,57.8700000000008,22705.516
7877.03,57.88000000000011,22608.754
7877.04,57.89000000000033,22657.131
7877.05,57.900000000000546,22705.516
7877.06,57.910000000000764,22705.516
7877.07,57.92000000000007,22608.754
7877.08,57.93000000000029,22657.131
7877.09,57.94000000000051,22608.754
7877.1,57.95000000000073,22512.023
7877.11,57.960000000000036,22657.131
7877.12,57.970000000000255,22560.385
7877.13,57.98000000000047,22705.516
7877.14,57.99000000000069,22657.131
7877.15,58.0,22512.023
7877.16,58.01000000000022,22705.516
7877.17,58.02000000000044,22608.754
7877.18,58.030000000000655,22657.131
7877.19,58.039999999999964,22560.385
7877.2,58.05000000000018,22657.131
7877.21,58.0600000000004,22560.385
7877.22,58.07000000000062,22560.385
7877.23,58.07999999999993,22705.516
7877.24,58.090000000000146,22560.385
7877.25,58.100000000000364,22463.672
7877.26,58.11000000000058,22463.672
7877.27,58.1200000000008,22608.754
7877.28,58.13000000000011,22705.516
7877.29,58.14000000000033,22608.754
7877.3,58.150000000000546,22560.385
7877.31,58.160000000000764,22512.023
7877.32,58.17000000000007,22608.754
7877.33,58.18000000000029,22753.908
7877.34,58.19000000000051,22512.023
7877.35,58.20000000000073,22560.385
7877.36,58.210000000000036,22512.023
7877.37,58.220000000000255,22560.385
7877.38,58.23000000000047,22608.754
7877.39,58.24000000000069,22705.516
7877.4,58.25,22608.754
7877.41,58.26000000000022,22608.754
7877.42,58.27000000000044,22608.754
7877.43,58.280000000000655,22608.754
7877.44,58.289999999999964,22753.908
7877.45,58.30000000000018,22705.516
7877.46,58.3100000000004,22560.385
7877.47,58.32000000000062,22657.131
7877.48,58.32999999999993,22560.385
7877.49,58.340000000000146,22366.992
7877.5,58.350000000000364,22657.131
7877.51,58.36000000000058,22657.131
7877.52,58.3700000000008,22705.516
7877.53,58.38000000000011,22512.023
7877.54,58.39000000000033,22705.516
7877.55,58.400000000000546,22608.754
7877.56,58.410000000000764,22608.754
7877.57,58.42000000000007,22657.131
7877.58,58.43000000000029,22608.754
7877.59,58.44000000000051,22753.908
7877.6,58.45000000000073,22608.754
7877.61,58.460000000000036,22512.023
7877.62,58.470000000000255,22512.023
7877.63,58.48000000000047,22608.754
7877.64,58.49000000000069,22753.908
7877.65,58.5,22512.023
7877.66,58.51000000000022,22705.516
7877.67,58.52000000000044,22608.754
7877.68,58.530000000000655,22657.131
7877.69,58.539999999999964,22753.908
7877.7,58.55000000000018,22608.754
7877.71,58.5600000000004,22705.516
7877.72,58.57000000000062,22657.131
7877.73,58.57999999999993,22657.131
7877.74,58.590000000000146,22608.754
7877.75,58.600000000000364,22608.754
7877.76,58.61000000000058,22657.131
7877.77,58.6200000000008,22512.023
7877.78,58.63000000000011,22560.385
7877.79,58.64000000000033,22947.563
7877.8,58.650000000000546,22705.516
7877.81,58.660000000000764,22657.131
7877.82,58.67000000000007,22753.908
7877.83,58.68000000000029,22512.023
7877.84,58.69000000000051,22512.023
7877.85,58.70000000000073,22512.023
7877.86,58.710000000000036,22705.516
7877.87,58.720000000000255,22608.754
7877.88,58.73000000000047,22560.385
7877.89,58.74000000000069,22657.131
7877.9,58.75,22608.754
7877.91,58.76000000000022,22415.328
7877.92,58.77000000000044,22657.131
7877.93,58.780000000000655,22512.023
7877.94,58.789999999999964,22850.719
7877.95,58.80000000000018,22415.328
7877.96,58.8100000000004,22608.754
7877.97,58.82000000000062,22512.023
7877.98,58.82999999999993,22512.023
7877.99,58.840000000000146,22657.131
7878.0,58.850000000000364,22512.023
7878.01,58.86000000000058,22512.023
7878.02,58.8700000000008,22463.672
7878.03,58.88000000000011,22512.023
7878.04,58.89000000000033,22415.328
7878.05,58.900000000000546,22463.672
7878.06,58.910000000000764,22705.516
7878.07,58.92000000000007,22463.672
7878.08,58.93000000000029,22560.385
7878.09,58.94000000000051,22415.328
7878.1,58.95000000000073,22415.328
7878.11,58.960000000000036,22560.385
7878.12,58.970000000000255,22705.516
7878.13,58.98000000000047,22657.131
7878.14,58.99000000000069,22463.672
7878.15,59.0,22463.672
7878.16,59.01000000000022,22415.328
7878.17,59.02000000000044,22608.754
7878.18,59.030000000000655,22512.023
7878.19,59.039999999999964,22705.516
7878.2,59.05000000000018,22463.672
7878.21,59.0600000000004,22753.908
7878.22,59.07000000000062,22753.908
7878.23,59.07999999999993,22512.023
7878.24,59.090000000000146,22608.754
7878.25,59.100000000000364,22753.908
7878.26,59.11000000000058,22608.754
7878.27,59.1200000000008,22512.023
7878.28,59.13000000000011,22560.385
7878.29,59.14000000000033,22560.385
7878.3,59.150000000000546,22463.672
7878.31,59.160000000000764,22512.023
7878.32,59.17000000000007,22463.672
7878.33,59.18000000000029,22560.385
7878.34,59.19000000000051,22512.023
7878.35,59.20000000000073,22318.664
7878.36,59.210000000000036,22512.023
7878.37,59.220000000000255,22512.023
7878.38,59.23000000000047,22657.131
7878.39,59.24000000000069,22512.023
7878.4,59.25,22415.328
7878.41,59.26000000000022,22512.023
7878.42,59.27000000000044,22415.328
7878.43,59.280000000000655,22512.023
7878.44,59.289999999999964,22415.328
7878.45,59.30000000000018,22560.385
7878.46,59.3100000000004,22560.385
7878.47,59.32000000000062,22657.131
7878.48,59.32999999999993,22512.023
7878.49,59.340000000000146,22657.131
7878.5,59.350000000000364,22512.023
7878.51,59.36000000000058,22560.385
7878.52,59.3700000000008,22512.023
7878.53,59.38000000000011,22560.385
7878.54,59.39000000000033,22657.131
7878.55,59.400000000000546,22608.754
7878.56,59.410000000000764,22657.131
7878.57,59.42000000000007,22463.672
7878.58,59.43000000000029,22560.385
7878.59,59.44000000000051,22415.328
7878.6,59.45000000000073,22560.385
7878.61,59.460000000000036,22705.516
7878.62,59.470000000000255,22560.385
7878.63,59.48000000000047,22512.023
7878.64,59.49000000000069,22512.023
7878.65,59.5,22415.328
7878.66,59.51000000000022,22318.664
7878.67,59.52000000000044,22512.023
7878.68,59.530000000000655,22560.385
7878.69,59.539999999999964,22657.131
7878.7,59.55000000000018,22560.385
7878.71,59.5600000000004,22560.385
7878.72,59.57000000000062,22560.385
7878.73,59.57999999999993,22705.516
7878.74,59.590000000000146,22415.328
7878.75,59.600000000000364,22415.328
7878.76,59.61000000000058,22318.664
7878.77,59.6200000000008,22560.385
7878.78,59.63000000000011,22657.131
7878.79,59.64000000000033,22560.385
7878.8,59.650000000000546,22608.754
7878.81,59.660000000000764,22463.672
7878.82,59.67000000000007,22415.328
7878.83,59.68000000000029,22512.023
7878.84,59.69000000000051,22463.672
7878.85,59.70000000000073,22608.754
7878.86,59.710000000000036,22560.385
7878.87,59.720000000000255,22415.328
7878.88,59.73000000000047,22657.131
7878.89,59.74000000000069,22512.023
7878.9,59.75,22415.328
7878.91,59.76000000000022,22560.385
7878.92,59.77000000000044,22608.754
7878.93,59.780000000000655,22560.385
7878.94,59.789999999999964,22705.516
7878.95,59.80000000000018,22512.023
7878.96,59.8100000000004,22608.754
7878.97,59.82000000000062,22560.385
7878.98,59.82999999999993,22899.137
7878.99,59.840000000000146,22560.385
7879.0,59.850000000000364,22753.908
7879.01,59.86000000000058,22512.023
7879.02,59.8700000000008,22608.754
7879.03,59.88000000000011,22512.023
7879.04,59.89000000000033,22850.719
7879.05,59.900000000000546,22753.908
7879.06,59.910000000000764,22512.023
7879.07,59.92000000000007,22705.516
7879.08,59.93000000000029,22608.754
7879.09,59.94000000000051,22657.131
7879.1,59.95000000000073,22705.516
7879.11,59.960000000000036,22705.516
7879.12,59.970000000000255,22512.023
7879.13,59.98000000000047,22802.309
7879.14,59.99000000000069,22850.719
7879.15,60.0,22608.754
7879.16,60.01000000000022,22415.328
7879.17,60.02000000000044,22802.309
7879.18,60.030000000000655,22512.023
7879.19,60.039999999999964,22705.516
7879.2,60.05000000000018,22608.754
7879.21,60.0600000000004,22608.754
7879.22,60.07000000000062,22705.516
7879.23,60.07999999999993,22753.908
7879.24,60.090000000000146,22512.023
7879.25,60.100000000000364,22415.328
7879.26,60.11000000000058,22657.131
7879.27,60.1200000000008,22802.309
7879.28,60.13000000000011,22657.131
7879.29,60.14000000000033,22560.385
7879.3,60.150000000000546,22608.754
7879.31,60.160000000000764,22753.908
7879.32,60.17000000000007,22705.516
7879.33,60.18000000000029,22657.131
7879.34,60.19000000000051,22705.516
7879.35,60.20000000000073,22608.754
7879.36,60.210000000000036,22608.754
7879.37,60.220000000000255,22415.328
7879.38,60.23000000000047,22705.516
7879.39,60.24000000000069,22657.131
7879.4,60.25,22512.023
7879.41,60.26000000000022,22608.754
7879.42,60.27000000000044,22608.754
7879.43,60.280000000000655,22657.131
7879.44,60.289999999999964,22802.309
7879.45,60.30000000000018,22608.754
7879.46,60.3100000000004,22608.754
7879.47,60.32000000000062,22512.023
7879.48,60.32999999999993,22512.023
7879.49,60.340000000000146,22657.131
7879.5,60.350000000000364,22657.131
7879.51,60.36000000000058,22512.023
7879.52,60.3700000000008,22415.328
7879.53,60.38000000000011,22366.992
7879.54,60.39000000000033,22512.023
7879.55,60.400000000000546,22512.023
7879.56,60.410000000000764,22657.131
7879.57,60.42000000000007,22512.023
7879.58,60.43000000000029,22850.719
7879.59,60.44000000000051,22753.908
7879.6,60.45000000000073,22512.023
7879.61,60.460000000000036,22512.023
7879.62,60.470000000000255,22608.754
7879.63,60.48000000000047,22657.131
7879.64,60.49000000000069,22463.672
7879.65,60.5,22512.023
7879.66,60.51000000000022,22753.908
7879.67,60.52000000000044,22753.908
7879.68,60.530000000000655,22560.385
7879.69,60.539999999999964,22318.664
7879.7,60.55000000000018,22705.516
7879.71,60.5600000000004,22560.385
7879.72,60.57000000000062,22560.385
7879.73,60.57999999999993,22463.672
7879.74,60.590000000000146,22512.023
7879.75,60.600000000000364,22753.908
7879.76,60.61000000000058,22560.385
7879.77,60.6200000000008,22512.023
7879.78,60.63000000000011,22608.754
7879.79,60.64000000000033,22415.328
7879.8,60.650000000000546,22608.754
7879.81,60.660000000000764,22947.563
7879.82,60.67000000000007,22608.754
7879.83,60.68000000000029,22657.131
7879.84,60.69000000000051,22463.672
7879.85,60.70000000000073,22608.754
7879.86,60.710000000000036,22705.516
7879.87,60.720000000000255,22512.023
7879.88,60.73000000000047,22657.131
7879.89,60.74000000000069,22657.131
7879.9,60.75,22705.516
7879.91,60.76000000000022,22753.908
7879.92,60.77000000000044,22318.664
7879.93,60.780000000000655,22608.754
7879.94,60.789999999999964,22657.131
7879.95,60.80000000000018,22560.385
7879.96,60.8100000000004,22608.754
7879.97,60.82000000000062,22753.908
7879.98,60.82999999999993,22657.131
7879.99,60.840000000000146,22366.992
7880.0,60.850000000000364,22705.516
7880.01,60.86000000000058,22657.131
7880.02,60.8700000000008,22608.754
7880.03,60.88000000000011,22318.664
7880.04,60.89000000000033,22512.023
7880.05,60.900000000000546,22753.908
7880.06,60.910000000000764,22947.563
7880.07,60.92000000000007,22512.023
7880.08,60.93000000000029,22705.516
7880.09,60.94000000000051,22560.385
7880.1,60.95000000000073,22560.385
7880.11,60.960000000000036,22415.328
7880.12,60.970000000000255,22415.328
7880.13,60.98000000000047,22415.328
7880.14,60.99000000000069,22512.023
7880.15,61.0,22560.385
7880.16,61.01000000000022,22608.754
7880.17,61.02000000000044,22415.328
7880.18,61.030000000000655,22657.131
7880.19,61.039999999999964,22560.385
7880.2,61.05000000000018,22657.131
7880.21,61.0600000000004,22657.131
7880.22,61.07000000000062,22802.309
7880.23,61.07999999999993,22415.328
7880.24,61.090000000000146,22705.516
7880.25,61.100000000000364,22512.023
7880.26,61.11000000000058,22657.131
7880.27,61.1200000000008,22512.023
7880.28,61.13000000000011,22705.516
7880.29,61.14000000000033,22608.754
7880.3,61.150000000000546,22608.754
7880.31,61.160000000000764,22753.908
7880.32,61.17000000000007,22512.023
7880.33,61.18000000000029,22512.023
7880.34,61.19000000000051,22608.754
7880.35,61.20000000000073,22463.672
7880.36,61.210000000000036,22318.664
7880.37,61.220000000000255,22463.672
7880.38,61.23000000000047,22657.131
7880.39,61.24000000000069,22560.385
7880.4,61.25,22657.131
7880.41,61.26000000000022,22753.908
7880.42,61.27000000000044,22657.131
7880.43,61.280000000000655,22560.385
7880.44,61.289999999999964,22560.385
7880.45,61.30000000000018,22608.754
7880.46,61.3100000000004,22657.131
7880.47,61.32000000000062,22560.385
7880.48,61.32999999999993,22463.672
7880.49,61.340000000000146,22705.516
7880.5,61.350000000000364,22608.754
7880.51,61.36000000000058,22560.385
7880.52,61.3700000000008,22657.131
7880.53,61.38000000000011,22802.309
7880.54,61.39000000000033,22802.309
7880.55,61.400000000000546,22705.516
7880.56,61.410000000000764,22705.516
7880.57,61.42000000000007,22657.131
7880.58,61.43000000000029,22560.385
7880.59,61.44000000000051,22560.385
7880.6,61.45000000000073,22657.131
7880.61,61.460000000000036,22415.328
7880.62,61.470000000000255,22560.385
7880.63,61.48000000000047,22560.385
7880.64,61.49000000000069,22608.754
7880.65,61.5,22608.754
7880.66,61.51000000000022,22608.754
7880.67,61.52000000000044,22608.754
7880.68,61.530000000000655,22608.754
7880.69,61.539999999999964,22560.385
7880.7,61.55000000000018,22705.516
7880.71,61.5600000000004,22512.023
7880.72,61.57000000000062,22608.754
7880.73,61.57999999999993,22560.385
7880.74,61.590000000000146,22560.385
7880.75,61.600000000000364,22560.385
7880.76,61.61000000000058,22512.023
7880.77,61.6200000000008,22560.385
7880.78,61.63000000000011,22705.516
7880.79,61.64000000000033,22512.023
7880.8,61.650000000000546,22657.131
7880.81,61.660000000000764,22657.131
7880.82,61.67000000000007,22608.754
7880.83,61.68000000000029,22512.023
7880.84,61.69000000000051,22657.131
7880.85,61.70000000000073,22657.131
7880.86,61.710000000000036,22657.131
7880.87,61.720000000000255,22560.385
7880.88,61.73000000000047,22560.385
7880.89,61.74000000000069,22608.754
7880.9,61.75,22463.672
7880.91,61.76000000000022,22705.516
7880.92,61.77000000000044,22802.309
7880.93,61.780000000000655,22705.516
7880.94,61.789999999999964,22657.131
7880.95,61.80000000000018,22608.754
7880.96,61.8100000000004,22560.385
7880.97,61.82000000000062,22657.131
7880.98,61.82999999999993,22753.908
7880.99,61.840000000000146,22608.754
7881.0,61.850000000000364,22705.516
7881.01,61.86000000000058,22608.754
7881.02,61.8700000000008,22850.719
7881.03,61.88000000000011,22753.908
7881.04,61.89000000000033,22657.131
7881.05,61.900000000000546,22560.385
7881.06,61.910000000000764,22657.131
7881.07,61.92000000000007,22512.023
7881.08,61.93000000000029,22657.131
7881.09,61.94000000000051,22560.385
7881.1,61.95000000000073,22512.023
7881.11,61.960000000000036,22753.908
7881.12,61.970000000000255,22657.131
7881.13,61.98000000000047,22512.023
7881.14,61.99000000000069,22512.023
7881.15,62.0,22657.131
7881.16,62.01000000000022,22608.754
7881.17,62.02000000000044,22512.023
7881.18,62.030000000000655,22560.385
7881.19,62.039999999999964,22705.516
7881.2,62.05000000000018,22415.328
7881.21,62.0600000000004,22705.516
7881.22,62.07000000000062,22512.023
7881.23,62.07999999999993,22560.385
7881.24,62.090000000000146,22657.131
7881.25,62.100000000000364,22560.385
7881.26,62.11000000000058,22608.754
7881.27,62.1200000000008,22705.516
7881.28,62.13000000000011,22608.754
7881.29,62.14000000000033,22560.385
7881.3,62.150000000000546,22753.908
7881.31,62.160000000000764,22705.516
7881.32,62.17000000000007,22608.754
7881.33,62.18000000000029,22705.516
7881.34,62.19000000000051,22608.754
7881.35,62.20000000000073,22608.754
7881.36,62.210000000000036,22608.754
7881.37,62.220000000000255,22753.908
7881.38,62.23000000000047,22560.385
7881.39,62.24000000000069,22608.754
7881.4,62.25,22608.754
7881.41,62.26000000000022,22657.131
7881.42,62.27000000000044,22753.908
7881.43,62.280000000000655,22705.516
7881.44,62.289999999999964,22753.908
7881.45,62.30000000000018,22657.131
7881.46,62.3100000000004,22753.908
7881.47,62.32000000000062,22705.516
7881.48,62.32999999999993,22753.908
7881.49,62.340000000000146,22512.023
7881.5,62.350000000000364,22657.131
7881.51,62.36000000000058,22705.516
7881.52,62.3700000000008,22608.754
7881.53,62.38000000000011,22705.516
7881.54,62.39000000000033,22657.131
7881.55,62.400000000000546,22512.023
7881.56,62.410000000000764,22753.908
7881.57,62.42000000000007,22608.754
7881.58,62.43000000000029,22415.328
7881.59,62.44000000000051,22560.385
7881.6,62.45000000000073,22705.516
7881.61,62.460000000000036,22608.754
7881.62,62.470000000000255,22560.385
7881.63,62.48000000000047,22753.908
7881.64,62.49000000000069,22463.672
7881.65,62.5,22608.754
7881.66,62.51000000000022,22463.672
7881.67,62.52000000000044,22415.328
7881.68,62.530000000000655,22560.385
7881.69,62.539999999999964,22560.385
7881.7,62.55000000000018,22608.754
7881.71,62.5600000000004,22560.385
7881.72,62.57000000000062,22512.023
7881.73,62.57999999999993,22415.328
7881.74,62.590000000000146,22608.754
7881.75,62.600000000000364,22657.131
7881.76,62.61000000000058,22753.908
7881.77,62.6200000000008,22560.385
7881.78,62.63000000000011,22705.516
7881.79,62.64000000000033,22608.754
7881.8,62.650000000000546,22608.754
7881.81,62.660000000000764,22802.309
7881.82,62.67000000000007,22560.385
7881.83,62.68000000000029,22560.385
7881.84,62.69000000000051,22560.385
7881.85,62.70000000000073,22463.672
7881.86,62.710000000000036,22608.754
7881.87,62.720000000000255,22560.385
7881.88,62.73000000000047,22366.992
7881.89,62.74000000000069,22657.131
7881.9,62.75,22608.754
7881.91,62.76000000000022,22657.131
7881.92,62.77000000000044,22560.385
7881.93,62.780000000000655,22463.672
7881.94,62.789999999999964,22753.908
7881.95,62.80000000000018,22657.131
7881.96,62.8100000000004,22463.672
7881.97,62.82000000000062,22560.385
7881.98,62.82999999999993,22657.131
7881.99,62.840000000000146,22512.023
7882.0,62.850000000000364,22657.131
7882.01,62.86000000000058,22705.516
7882.02,62.8700000000008,22560.385
7882.03,62.88000000000011,22608.754
7882.04,62.89000000000033,22463.672
7882.05,62.900000000000546,22560.385
7882.06,62.910000000000764,22705.516
7882.07,62.92000000000007,22608.754
7882.08,62.93000000000029,22512.023
7882.09,62.94000000000051,22753.908
7882.1,62.95000000000073,22560.385
7882.11,62.960000000000036,22560.385
7882.12,62.970000000000255,22512.023
7882.13,62.98000000000047,22657.131
7882.14,62.99000000000069,22560.385
7882.15,63.0,22560.385
7882.16,63.01000000000022,22512.023
7882.17,63.02000000000044,22560.385
7882.18,63.030000000000655,22560.385
7882.19,63.039999999999964,22705.516
7882.2,63.05000000000018,22415.328
7882.21,63.0600000000004,22512.023
7882.22,63.07000000000062,22657.131
7882.23,63.07999999999993,22512.023
7882.24,63.090000000000146,22560.385
7882.25,63.100000000000364,22657.131
7882.26,63.11000000000058,22512.023
7882.27,63.1200000000008,22657.131
7882.28,63.13000000000011,22705.516
7882.29,63.14000000000033,22560.385
7882.3,63.150000000000546,22512.023
7882.31,63.160000000000764,22705.516
7882.32,63.17000000000007,22512.023
7882.33,63.18000000000029,22608.754
7882.34,63.19000000000051,22415.328
7882.35,63.20000000000073,22753.908
7882.36,63.210000000000036,22512.023
7882.37,63.220000000000255,22657.131
7882.38,63.23000000000047,22415.328
7882.39,63.24000000000069,22463.672
7882.4,63.25,22560.385
7882.41,63.26000000000022,22415.328
7882.42,63.27000000000044,22512.023
7882.43,63.280000000000655,22512.023
7882.44,63.289999999999964,22705.516
7882.45,63.30000000000018,22512.023
7882.46,63.3100000000004,22608.754
7882.47,63.32000000000062,22512.023
7882.48,63.32999999999993,22512.023
7882.49,63.340000000000146,22463.672
7882.5,63.350000000000364,22512.023
7882.51,63.36000000000058,22512.023
7882.52,63.3700000000008,22560.385
7882.53,63.38000000000011,22560.385
7882.54,63.39000000000033,22512.023
7882.55,63.400000000000546,22608.754
7882.56,63.410000000000764,22753.908
7882.57,63.42000000000007,22318.664
7882.58,63.43000000000029,22608.754
7882.59,63.44000000000051,22512.023
7882.6,63.45000000000073,22512.023
7882.61,63.460000000000036,22560.385
7882.62,63.470000000000255,22463.672
7882.63,63.48000000000047,22512.023
7882.64,63.49000000000069,22753.908
7882.65,63.5,22753.908
7882.66,63.51000000000022,22463.672
7882.67,63.52000000000044,22560.385
7882.68,63.530000000000655,22560.385
7882.69,63.539999999999964,22512.023
7882.7,63.55000000000018,22415.328
7882.71,63.5600000000004,22608.754
7882.72,63.57000000000062,22463.672
7882.73,63.57999999999993,22512.023
7882.74,63.590000000000146,22657.131
7882.75,63.600000000000364,22753.908
7882.76,63.61000000000058,22560.385
7882.77,63.6200000000008,22705.516
7882.78,63.63000000000011,22753.908
7882.79,63.64000000000033,22560.385
7882.8,63.650000000000546,22512.023
7882.81,63.660000000000764,22850.719
7882.82,63.67000000000007,22753.908
7882.83,63.68000000000029,22802.309
7882.84,63.69000000000051,22560.385
7882.85,63.70000000000073,22415.328
7882.86,63.710000000000036,22512.023
7882.87,63.720000000000255,22657.131
7882.88,63.73000000000047,22899.137
7882.89,63.74000000000069,22657.131
7882.9,63.75,22512.023
7882.91,63.76000000000022,22753.908
7882.92,63.77000000000044,22657.131
7882.93,63.780000000000655,22753.908
7882.94,63.789999999999964,22560.385
7882.95,63.80000000000018,22512.023
7882.96,63.8100000000004,22512.023
7882.97,63.82000000000062,22705.516
7882.98,63.82999999999993,22608.754
7882.99,63.840000000000146,22753.908
7883.0,63.850000000000364,22657.131
7883.01,63.86000000000058,22560.385
7883.02,63.8700000000008,22512.023
7883.03,63.88000000000011,22705.516
7883.04,63.89000000000033,22802.309
7883.05,63.900000000000546,22657.131
7883.06,63.910000000000764,22512.023
7883.07,63.92000000000007,22705.516
7883.08,63.93000000000029,22608.754
7883.09,63.94000000000051,22657.131
7883.1,63.95000000000073,22657.131
7883.11,63.960000000000036,22608.754
7883.12,63.970000000000255,22560.385
7883.13,63.98000000000047,22753.908
7883.14,63.99000000000069,22560.385
7883.15,64.0,22657.131
7883.16,64.01000000000022,22608.754
7883.17,64.02000000000044,22608.754
7883.18,64.03000000000065,22415.328
7883.19,64.03999999999996,22415.328
7883.2,64.05000000000018,22657.131
7883.21,64.0600000000004,22657.131
7883.22,64.07000000000062,22705.516
7883.23,64.07999999999993,22753.908
7883.24,64.09000000000015,22753.908
7883.25,64.10000000000036,22802.309
7883.26,64.11000000000058,22753.908
7883.27,64.1200000000008,22705.516
7883.28,64.13000000000011,22705.516
7883.29,64.14000000000033,22705.516
7883.3,64.15000000000055,22512.023
7883.31,64.16000000000076,22705.516
7883.32,64.17000000000007,22657.131
7883.33,64.18000000000029,22512.023
7883.34,64.19000000000051,22512.023
7883.35,64.20000000000073,22995.996
7883.36,64.21000000000004,22608.754
7883.37,64.22000000000025,22753.908
7883.38,64.23000000000047,22802.309
7883.39,64.24000000000069,22753.908
7883.4,64.25,22753.908
7883.41,64.26000000000022,22560.385
7883.42,64.27000000000044,22802.309
7883.43,64.28000000000065,22512.023
7883.44,64.28999999999996,22753.908
7883.45,64.30000000000018,22657.131
7883.46,64.3100000000004,22899.137
7883.47,64.32000000000062,22753.908
7883.48,64.32999999999993,22608.754
7883.49,64.34000000000015,22753.908
7883.5,64.35000000000036,22753.908
7883.51,64.36000000000058,22753.908
7883.52,64.3700000000008,22608.754
7883.53,64.38000000000011,22608.754
7883.54,64.39000000000033,22560.385
7883.55,64.40000000000055,22705.516
7883.56,64.41000000000076,22657.131
7883.57,64.42000000000007,22657.131
7883.58,64.43000000000029,22753.908
7883.59,64.44000000000051,22705.516
7883.6,64.45000000000073,22366.992
7883.61,64.46000000000004,22560.385
7883.62,64.47000000000025,22560.385
7883.63,64.48000000000047,22415.328
7883.64,64.49000000000069,22560.385
7883.65,64.5,22608.754
7883.66,64.51000000000022,22512.023
7883.67,64.52000000000044,22705.516
7883.68,64.53000000000065,22415.328
7883.69,64.53999999999996,22753.908
7883.7,64.55000000000018,22512.023
7883.71,64.5600000000004,22608.754
7883.72,64.57000000000062,22705.516
7883.73,64.57999999999993,22753.908
7883.74,64.59000000000015,22512.023
7883.75,64.60000000000036,22753.908
7883.76,64.61000000000058,22512.023
7883.77,64.6200000000008,22850.719
7883.78,64.63000000000011,22560.385
7883.79,64.64000000000033,22463.672
7883.8,64.65000000000055,22753.908
7883.81,64.66000000000076,22657.131
7883.82,64.67000000000007,22512.023
7883.83,64.68000000000029,22415.328
7883.84,64.69000000000051,22608.754
7883.85,64.70000000000073,22608.754
7883.86,64.71000000000004,22657.131
7883.87,64.72000000000025,22850.719
7883.88,64.73000000000047,22705.516
7883.89,64.74000000000069,22657.131
7883.9,64.75,22753.908
7883.91,64.76000000000022,22560.385
7883.92,64.77000000000044,22850.719
7883.93,64.78000000000065,22705.516
7883.94,64.78999999999996,22608.754
7883.95,64.80000000000018,22657.131
7883.96,64.8100000000004,22657.131
7883.97,64.82000000000062,22753.908
7883.98,64.82999999999993,22753.908
7883.99,64.84000000000015,22560.385
7884.0,64.85000000000036,22753.908
7884.01,64.86000000000058,22705.516
7884.02,64.8700000000008,22560.385
7884.03,64.88000000000011,22705.516
7884.04,64.89000000000033,22560.385
7884.05,64.90000000000055,22657.131
7884.06,64.91000000000076,22608.754
7884.07,64.92000000000007,22560.385
7884.08,64.93000000000029,22705.516
7884.09,64.94000000000051,22657.131
7884.1,64.95000000000073,22899.137
7884.11,64.96000000000004,22753.908
7884.12,64.97000000000025,22657.131
7884.13,64.98000000000047,22512.023
7884.14,64.99000000000069,22560.385
7884.15,65.0,22608.754
7884.16,65.01000000000022,22512.023
7884.17,65.02000000000044,22512.023
7884.18,65.03000000000065,22608.754
7884.19,65.03999999999996,22560.385
7884.2,65.05000000000018,22753.908
7884.21,65.0600000000004,22705.516
7884.22,65.07000000000062,22608.754
7884.23,65.07999999999993,22657.131
7884.24,65.09000000000015,22608.754
7884.25,65.10000000000036,22705.516
7884.26,65.11000000000058,22512.023
7884.27,65.1200000000008,22560.385
7884.28,65.13000000000011,22705.516
7884.29,65.14000000000033,22608.754
7884.3,65.15000000000055,22705.516
7884.31,65.16000000000076,22705.516
7884.32,65.17000000000007,22608.754
7884.33,65.18000000000029,22753.908
7884.34,65.19000000000051,22560.385
7884.35,65.20000000000073,22802.309
7884.36,65.21000000000004,22753.908
7884.37,65.22000000000025,22512.023
7884.38,65.23000000000047,22753.908
7884.39,65.24000000000069,22415.328
7884.4,65.25,22657.131
7884.41,65.26000000000022,22608.754
7884.42,65.27000000000044,22608.754
7884.43,65.28000000000065,22608.754
7884.44,65.28999999999996,22705.516
7884.45,65.30000000000018,22608.754
7884.46,65.3100000000004,22705.516
7884.47,65.32000000000062,22657.131
7884.48,65.32999999999993,22753.908
7884.49,65.34000000000015,22608.754
7884.5,65.35000000000036,22705.516
7884.51,65.36000000000058,22512.023
7884.52,65.3700000000008,22657.131
7884.53,65.38000000000011,22560.385
7884.54,65.39000000000033,22657.131
7884.55,65.40000000000055,22608.754
7884.56,65.41000000000076,22995.996
7884.57,65.42000000000007,22415.328
7884.58,65.43000000000029,22463.672
7884.59,65.44000000000051,22657.131
7884.6,65.45000000000073,22657.131
7884.61,65.46000000000004,22657.131
7884.62,65.47000000000025,22705.516
7884.63,65.48000000000047,22753.908
7884.64,65.49000000000069,22753.908
7884.65,65.5,22512.023
7884.66,65.51000000000022,22753.908
7884.67,65.52000000000044,22463.672
7884.68,65.53000000000065,22657.131
7884.69,65.53999999999996,22463.672
7884.7,65.55000000000018,22657.131
7884.71,65.5600000000004,22705.516
7884.72,65.57000000000062,22560.385
7884.73,65.57999999999993,22753.908
7884.74,65.59000000000015,22947.563
7884.75,65.60000000000036,22705.516
7884.76,65.61000000000058,22608.754
7884.77,65.6200000000008,22512.023
7884.78,65.63000000000011,22657.131
7884.79,65.64000000000033,22657.131
7884.8,65.65000000000055,22657.131
7884.81,65.66000000000076,22947.563
7884.82,65.67000000000007,22753.908
7884.83,65.68000000000029,22753.908
7884.84,65.69000000000051,22608.754
7884.85,65.70000000000073,22608.754
7884.86,65.71000000000004,22705.516
7884.87,65.72000000000025,22608.754
7884.88,65.73000000000047,22512.023
7884.89,65.74000000000069,22512.023
7884.9,65.75,22705.516
7884.91,65.76000000000022,22657.131
7884.92,65.77000000000044,22705.516
7884.93,65.78000000000065,22560.385
7884.94,65.78999999999996,22560.385
7884.95,65.80000000000018,22608.754
7884.96,65.8100000000004,22753.908
7884.97,65.82000000000062,22608.754
7884.98,65.82999999999993,22753.908
7884.99,65.84000000000015,22753.908
7885.0,65.85000000000036,22560.385
7885.01,65.86000000000058,22657.131
7885.02,65.8700000000008,22657.131
7885.03,65.88000000000011,22512.023
7885.04,65.89000000000033,22705.516
7885.05,65.90000000000055,22753.908
7885.06,65.91000000000076,22802.309
7885.07,65.92000000000007,22802.309
7885.08,65.93000000000029,22560.385
7885.09,65.94000000000051,22705.516
7885.1,65.95000000000073,22560.385
7885.11,65.96000000000004,22512.023
7885.12,65.97000000000025,22753.908
7885.13,65.98000000000047,22560.385
7885.14,65.99000000000069,22657.131
7885.15,66.0,22657.131
7885.16,66.01000000000022,22512.023
7885.17,66.02000000000044,22560.385
7885.18,66.03000000000065,22657.131
7885.19,66.03999999999996,22705.516
7885.2,66.05000000000018,22512.023
7885.21,66.0600000000004,22705.516
7885.22,66.07000000000062,22705.516
7885.23,66.07999999999993,22705.516
7885.24,66.09000000000015,22657.131
7885.25,66.10000000000036,22802.309
7885.26,66.11000000000058,22560.385
7885.27,66.1200000000008,22705.516
7885.28,66.13000000000011,22753.908
7885.29,66.14000000000033,22753.908
7885.3,66.15000000000055,22608.754
7885.31,66.16000000000076,22512.023
7885.32,66.17000000000007,22608.754
7885.33,66.18000000000029,22753.908
7885.34,66.19000000000051,22753.908
7885.35,66.20000000000073,22560.385
7885.36,66.21000000000004,22705.516
7885.37,66.22000000000025,22657.131
7885.38,66.23000000000047,22753.908
7885.39,66.24000000000069,22608.754
7885.4,66.25,22705.516
7885.41,66.26000000000022,22705.516
7885.42,66.27000000000044,22657.131
7885.43,66.28000000000065,22608.754
7885.44,66.28999999999996,22463.672
7885.45,66.30000000000018,22850.719
7885.46,66.3100000000004,22608.754
7885.47,66.32000000000062,22850.719
7885.48,66.32999999999993,22753.908
7885.49,66.34000000000015,22802.309
7885.5,66.35000000000036,22608.754
7885.51,66.36000000000058,22657.131
7885.52,66.3700000000008,22560.385
7885.53,66.38000000000011,22560.385
7885.54,66.39000000000033,22512.023
7885.55,66.40000000000055,22512.023
7885.56,66.41000000000076,22657.131
7885.57,66.42000000000007,22705.516
7885.58,66.43000000000029,22753.908
7885.59,66.44000000000051,22657.131
7885.6,66.45000000000073,22705.516
7885.61,66.46000000000004,22657.131
7885.62,66.47000000000025,22560.385
7885.63,66.48000000000047,22608.754
7885.64,66.49000000000069,22705.516
7885.65,66.5,22560.385
7885.66,66.51000000000022,22657.131
7885.67,66.52000000000044,22512.023
7885.68,66.53000000000065,22415.328
7885.69,66.53999999999996,22560.385
7885.7,66.55000000000018,22560.385
7885.71,66.5600000000004,22657.131
7885.72,66.57000000000062,22608.754
7885.73,66.57999999999993,22512.023
7885.74,66.59000000000015,22560.385
7885.75,66.60000000000036,22705.516
7885.76,66.61000000000058,22705.516
7885.77,66.6200000000008,22753.908
7885.78,66.63000000000011,22560.385
7885.79,66.64000000000033,22608.754
7885.8,66.65000000000055,22657.131
7885.81,66.66000000000076,22608.754
7885.82,66.67000000000007,22512.023
7885.83,66.68000000000029,22512.023
7885.84,66.69000000000051,22608.754
7885.85,66.70000000000073,22657.131
7885.86,66.71000000000004,22560.385
7885.87,66.72000000000025,22415.328
7885.88,66.73000000000047,22608.754
7885.89,66.74000000000069,22657.131
7885.9,66.75,22366.992
7885.91,66.76000000000022,22657.131
7885.92,66.77000000000044,22512.023
7885.93,66.78000000000065,22463.672
7885.94,66.78999999999996,22657.131
7885.95,66.80000000000018,22657.131
7885.96,66.8100000000004,22463.672
7885.97,66.82000000000062,22415.328
7885.98,66.82999999999993,22415.328
7885.99,66.84000000000015,22415.328
7886.0,66.85000000000036,22512.023
7886.01,66.86000000000058,22463.672
7886.02,66.8700000000008,22608.754
7886.03,66.88000000000011,22608.754
7886.04,66.89000000000033,22463.672
7886.05,66.90000000000055,22608.754
7886.06,66.91000000000076,22608.754
7886.07,66.92000000000007,22560.385
7886.08,66.93000000000029,22560.385
7886.09,66.94000000000051,22318.664
7886.1,66.95000000000073,22318.664
7886.11,66.96000000000004,22560.385
7886.12,66.97000000000025,22657.131
7886.13,66.98000000000047,22560.385
7886.14,66.99000000000069,22608.754
7886.15,67.0,22512.023
7886.16,67.01000000000022,22463.672
7886.17,67.02000000000044,22512.023
7886.18,67.03000000000065,22318.664
7886.19,67.03999999999996,22560.385
7886.2,67.05000000000018,22512.023
7886.21,67.0600000000004,22366.992
7886.22,67.07000000000062,22560.385
7886.23,67.07999999999993,22657.131
7886.24,67.09000000000015,22608.754
7886.25,67.10000000000036,22512.023
7886.26,67.11000000000058,22560.385
7886.27,67.1200000000008,22366.992
7886.28,67.13000000000011,22463.672
7886.29,67.14000000000033,22512.023
7886.3,67.15000000000055,22512.023
7886.31,67.16000000000076,22608.754
7886.32,67.17000000000007,22512.023
7886.33,67.18000000000029,22512.023
7886.34,67.19000000000051,22512.023
7886.35,67.20000000000073,22608.754
7886.36,67.21000000000004,22415.328
7886.37,67.22000000000025,22705.516
7886.38,67.23000000000047,22512.023
7886.39,67.24000000000069,22657.131
7886.4,67.25,22415.328
7886.41,67.26000000000022,22608.754
7886.42,67.27000000000044,22366.992
7886.43,67.28000000000065,22318.664
7886.44,67.28999999999996,22560.385
7886.45,67.30000000000018,22512.023
7886.46,67.3100000000004,22463.672
7886.47,67.32000000000062,22415.328
7886.48,67.32999999999993,22318.664
7886.49,67.34000000000015,22415.328
7886.5,67.35000000000036,22512.023
7886.51,67.36000000000058,22512.023
7886.52,67.3700000000008,22366.992
7886.53,67.38000000000011,22608.754
7886.54,67.39000000000033,22512.023
7886.55,67.40000000000055,22560.385
7886.56,67.41000000000076,22802.309
7886.57,67.42000000000007,22560.385
7886.58,67.43000000000029,22657.131
7886.59,67.44000000000051,22560.385
7886.6,67.45000000000073,22463.672
7886.61,67.46000000000004,22463.672
7886.62,67.47000000000025,22512.023
7886.63,67.48000000000047,22753.908
7886.64,67.49000000000069,22560.385
7886.65,67.5,22512.023
7886.66,67.51000000000022,22463.672
7886.67,67.52000000000044,22705.516
7886.68,67.53000000000065,22512.023
7886.69,67.53999999999996,22512.023
7886.7,67.55000000000018,22560.385
7886.71,67.5600000000004,22463.672
7886.72,67.57000000000062,22512.023
7886.73,67.57999999999993,22657.131
7886.74,67.59000000000015,22608.754
7886.75,67.60000000000036,22705.516
7886.76,67.61000000000058,22657.131
7886.77,67.6200000000008,22512.023
7886.78,67.63000000000011,22560.385
7886.79,67.64000000000033,22560.385
7886.8,67.65000000000055,22560.385
7886.81,67.66000000000076,22560.385
7886.82,67.67000000000007,22318.664
7886.83,67.68000000000029,22560.385
7886.84,67.69000000000051,22608.754
7886.85,67.70000000000073,22608.754
7886.86,67.71000000000004,22512.023
7886.87,67.72000000000025,22512.023
7886.88,67.73000000000047,22608.754
7886.89,67.74000000000069,22512.023
7886.9,67.75,22753.908
7886.91,67.76000000000022,22657.131
7886.92,67.77000000000044,22512.023
7886.93,67.78000000000065,22560.385
7886.94,67.78999999999996,22463.672
7886.95,67.80000000000018,22608.754
7886.96,67.8100000000004,22753.908
7886.97,67.82000000000062,22657.131
7886.98,67.82999999999993,22512.023
7886.99,67.84000000000015,22608.754
7887.0,67.85000000000036,22415.328
7887.01,67.86000000000058,22463.672
7887.02,67.8700000000008,22753.908
7887.03,67.88000000000011,22318.664
7887.04,67.89000000000033,22560.385
7887.05,67.90000000000055,22802.309
7887.06,67.91000000000076,22753.908
7887.07,67.92000000000007,22512.023
7887.08,67.93000000000029,22608.754
7887.09,67.94000000000051,22657.131
7887.1,67.95000000000073,22657.131
7887.11,67.96000000000004,22512.023
7887.12,67.97000000000025,22512.023
7887.13,67.98000000000047,22753.908
7887.14,67.99000000000069,22657.131
7887.15,68.0,22753.908
7887.16,68.01000000000022,22512.023
7887.17,68.02000000000044,22608.754
7887.18,68.03000000000065,22560.385
7887.19,68.03999999999996,22705.516
7887.2,68.05000000000018,22512.023
7887.21,68.0600000000004,22705.516
7887.22,68.07000000000062,22705.516
7887.23,68.07999999999993,22366.992
7887.24,68.09000000000015,22608.754
7887.25,68.10000000000036,22560.385
7887.26,68.11000000000058,22608.754
7887.27,68.1200000000008,22802.309
7887.28,68.13000000000011,22705.516
7887.29,68.14000000000033,22415.328
7887.3,68.15000000000055,22753.908
7887.31,68.16000000000076,22753.908
7887.32,68.17000000000007,22512.023
7887.33,68.18000000000029,22463.672
7887.34,68.19000000000051,22512.023
7887.35,68.20000000000073,22463.672
7887.36,68.21000000000004,22512.023
7887.37,68.22000000000025,22512.023
7887.38,68.23000000000047,22512.023
7887.39,68.24000000000069,22608.754
7887.4,68.25,22705.516
7887.41,68.26000000000022,22753.908
7887.42,68.27000000000044,22753.908
7887.43,68.28000000000065,22512.023
7887.44,68.28999999999996,22657.131
7887.45,68.30000000000018,22512.023
7887.46,68.3100000000004,22608.754
7887.47,68.32000000000062,22608.754
7887.48,68.32999999999993,22512.023
7887.49,68.34000000000015,22463.672
7887.5,68.35000000000036,22560.385
7887.51,68.36000000000058,22512.023
7887.52,68.3700000000008,22512.023
7887.53,68.38000000000011,22512.023
7887.54,68.39000000000033,22657.131
7887.55,68.40000000000055,22560.385
7887.56,68.41000000000076,22608.754
7887.57,68.42000000000007,22415.328
7887.58,68.43000000000029,22560.385
7887.59,68.44000000000051,22657.131
7887.6,68.45000000000073,22705.516
7887.61,68.46000000000004,22753.908
7887.62,68.47000000000025,22705.516
7887.63,68.48000000000047,22657.131
7887.64,68.49000000000069,22753.908
7887.65,68.5,22705.516
7887.66,68.51000000000022,22512.023
7887.67,68.52000000000044,22463.672
7887.68,68.53000000000065,22463.672
7887.69,68.53999999999996,22705.516
7887.7,68.55000000000018,22657.131
7887.71,68.5600000000004,22657.131
7887.72,68.57000000000062,22608.754
7887.73,68.57999999999993,22850.719
7887.74,68.59000000000015,22608.754
7887.75,68.60000000000036,22608.754
7887.76,68.61000000000058,22512.023
7887.77,68.6200000000008,22753.908
7887.78,68.63000000000011,22608.754
7887.79,68.64000000000033,22608.754
7887.8,68.65000000000055,22512.023
7887.81,68.66000000000076,22705.516
7887.82,68.67000000000007,22560.385
7887.83,68.68000000000029,22608.754
7887.84,68.69000000000051,22463.672
7887.85,68.70000000000073,22608.754
7887.86,68.71000000000004,22512.023
7887.87,68.72000000000025,22512.023
7887.88,68.73000000000047,22560.385
7887.89,68.74000000000069,22512.023
7887.9,68.75,22463.672
7887.91,68.76000000000022,22415.328
7887.92,68.77000000000044,22463.672
7887.93,68.78000000000065,22415.328
7887.94,68.78999999999996,22753.908
7887.95,68.80000000000018,22463.672
7887.96,68.8100000000004,22366.992
7887.97,68.82000000000062,22560.385
7887.98,68.82999999999993,22608.754
7887.99,68.84000000000015,22415.328
7888.0,68.85000000000036,22415.328
7888.01,68.86000000000058,22512.023
7888.02,68.8700000000008,22657.131
7888.03,68.88000000000011,22608.754
7888.04,68.89000000000033,22608.754
7888.05,68.90000000000055,22608.754
7888.06,68.91000000000076,22705.516
7888.07,68.92000000000007,22657.131
7888.08,68.93000000000029,22512.023
7888.09,68.94000000000051,22463.672
7888.1,68.95000000000073,22415.328
7888.11,68.96000000000004,22463.672
7888.12,68.97000000000025,22657.131
7888.13,68.98000000000047,22512.023
7888.14,68.99000000000069,22463.672
7888.15,69.0,22512.023
7888.16,69.01000000000022,22318.664
7888.17,69.02000000000044,22560.385
7888.18,69.03000000000065,22512.023
7888.19,69.03999999999996,22415.328
7888.2,69.05000000000018,22560.385
7888.21,69.0600000000004,22415.328
7888.22,69.07000000000062,22463.672
7888.23,69.07999999999993,22415.328
7888.24,69.09000000000015,22463.672
7888.25,69.10000000000036,22608.754
7888.26,69.11000000000058,22415.328
7888.27,69.1200000000008,22608.754
7888.28,69.13000000000011,22560.385
7888.29,69.14000000000033,22415.328
7888.3,69.15000000000055,22463.672
7888.31,69.16000000000076,22850.719
7888.32,69.17000000000007,22850.719
7888.33,69.18000000000029,22608.754
7888.34,69.19000000000051,22657.131
7888.35,69.20000000000073,22512.023
7888.36,69.21000000000004,22512.023
7888.37,69.22000000000025,22657.131
7888.38,69.23000000000047,22657.131
7888.39,69.24000000000069,22657.131
7888.4,69.25,22560.385
7888.41,69.26000000000022,22608.754
7888.42,69.27000000000044,22560.385
7888.43,69.28000000000065,22463.672
7888.44,69.28999999999996,22415.328
7888.45,69.30000000000018,22415.328
7888.46,69.3100000000004,22463.672
7888.47,69.32000000000062,22705.516
7888.48,69.32999999999993,22512.023
7888.49,69.34000000000015,22560.385
7888.5,69.35000000000036,22608.754
7888.51,69.36000000000058,22657.131
7888.52,69.3700000000008,22463.672
7888.53,69.38000000000011,22415.328
7888.54,69.39000000000033,22512.023
7888.55,69.40000000000055,22415.328
7888.56,69.41000000000076,22753.908
7888.57,69.42000000000007,22415.328
7888.58,69.43000000000029,22560.385
7888.59,69.44000000000051,22415.328
7888.6,69.45000000000073,22512.023
7888.61,69.46000000000004,22705.516
7888.62,69.47000000000025,22657.131
7888.63,69.48000000000047,22463.672
7888.64,69.49000000000069,22560.385
7888.65,69.5,22512.023
7888.66,69.51000000000022,22560.385
7888.67,69.52000000000044,22705.516
7888.68,69.53000000000065,22560.385
7888.69,69.53999999999996,22705.516
7888.7,69.55000000000018,22753.908
7888.71,69.5600000000004,22657.131
7888.72,69.57000000000062,22512.023
7888.73,69.57999999999993,22560.385
7888.74,69.59000000000015,22705.516
7888.75,69.60000000000036,22512.023
7888.76,69.61000000000058,22512.023
7888.77,69.6200000000008,22512.023
7888.78,69.63000000000011,22608.754
7888.79,69.64000000000033,22366.992
7888.8,69.65000000000055,22415.328
7888.81,69.66000000000076,22512.023
7888.82,69.67000000000007,22512.023
7888.83,69.68000000000029,22560.385
7888.84,69.69000000000051,22608.754
7888.85,69.70000000000073,22608.754
7888.86,69.71000000000004,22657.131
7888.87,69.72000000000025,22705.516
7888.88,69.73000000000047,22512.023
7888.89,69.74000000000069,22512.023
7888.9,69.75,22753.908
7888.91,69.76000000000022,22850.719
7888.92,69.77000000000044,22705.516
7888.93,69.78000000000065,22415.328
7888.94,69.78999999999996,22512.023
7888.95,69.80000000000018,22608.754
7888.96,69.8100000000004,22657.131
7888.97,69.82000000000062,22753.908
7888.98,69.82999999999993,22705.516
7888.99,69.84000000000015,22560.385
7889.0,69.85000000000036,22512.023
7889.01,69.86000000000058,22560.385
7889.02,69.8700000000008,22657.131
7889.03,69.88000000000011,22802.309
7889.04,69.89000000000033,22657.131
7889.05,69.90000000000055,22657.131
7889.06,69.91000000000076,22705.516
7889.07,69.92000000000007,22753.908
7889.08,69.93000000000029,22705.516
7889.09,69.94000000000051,22560.385
7889.1,69.95000000000073,22608.754
7889.11,69.96000000000004,22560.385
7889.12,69.97000000000025,22705.516
7889.13,69.98000000000047,22753.908
7889.14,69.99000000000069,22560.385
7889.15,70.0,22753.908
7889.16,70.01000000000022,22512.023
7889.17,70.02000000000044,22753.908
7889.18,70.03000000000065,22415.328
7889.19,70.03999999999996,22560.385
7889.2,70.05000000000018,22657.131
7889.21,70.0600000000004,22705.516
7889.22,70.07000000000062,22657.131
7889.23,70.07999999999993,22657.131
7889.24,70.09000000000015,22705.516
7889.25,70.10000000000036,22657.131
7889.26,70.11000000000058,22608.754
7889.27,70.1200000000008,22657.131
7889.28,70.13000000000011,22512.023
7889.29,70.14000000000033,22657.131
7889.3,70.15000000000055,22512.023
7889.31,70.16000000000076,22753.908
7889.32,70.17000000000007,22705.516
7889.33,70.18000000000029,22608.754
7889.34,70.19000000000051,22753.908
7889.35,70.20000000000073,22608.754
7889.36,70.21000000000004,22512.023
7889.37,70.22000000000025,22657.131
7889.38,70.23000000000047,22705.516
7889.39,70.24000000000069,22608.754
7889.4,70.25,22705.516
7889.41,70.26000000000022,22512.023
7889.42,70.27000000000044,22560.385
7889.43,70.28000000000065,22705.516
7889.44,70.28999999999996,22657.131
7889.45,70.30000000000018,22512.023
7889.46,70.3100000000004,22802.309
7889.47,70.32000000000062,22657.131
7889.48,70.32999999999993,22512.023
7889.49,70.34000000000015,22512.023
7889.5,70.35000000000036,22560.385
7889.51,70.36000000000058,22512.023
7889.52,70.3700000000008,22512.023
7889.53,70.38000000000011,22512.023
7889.54,70.39000000000033,22512.023
7889.55,70.40000000000055,22415.328
7889.56,70.41000000000076,22802.309
7889.57,70.42000000000007,22657.131
7889.58,70.43000000000029,22512.023
7889.59,70.44000000000051,22415.328
7889.6,70.45000000000073,22657.131
7889.61,70.46000000000004,22657.131
7889.62,70.47000000000025,22705.516
7889.63,70.48000000000047,22512.023
7889.64,70.49000000000069,22463.672
7889.65,70.5,22608.754
7889.66,70.51000000000022,22512.023
7889.67,70.52000000000044,22560.385
7889.68,70.53000000000065,22512.023
7889.69,70.53999999999996,22560.385
7889.7,70.55000000000018,22657.131
7889.71,70.5600000000004,22512.023
7889.72,70.57000000000062,22608.754
7889.73,70.57999999999993,22560.385
7889.74,70.59000000000015,22415.328
7889.75,70.60000000000036,22560.385
7889.76,70.61000000000058,22608.754
7889.77,70.6200000000008,22705.516
7889.78,70.63000000000011,22705.516
7889.79,70.64000000000033,22608.754
7889.8,70.65000000000055,22705.516
7889.81,70.66000000000076,22753.908
7889.82,70.67000000000007,22657.131
7889.83,70.68000000000029,22753.908
7889.84,70.69000000000051,22705.516
7889.85,70.70000000000073,22463.672
7889.86,70.71000000000004,22415.328
7889.87,70.72000000000025,22608.754
7889.88,70.73000000000047,22657.131
7889.89,70.74000000000069,22560.385
7889.9,70.75,22560.385
7889.91,70.76000000000022,22705.516
7889.92,70.77000000000044,22560.385
7889.93,70.78000000000065,22560.385
7889.94,70.78999999999996,22657.131
7889.95,70.80000000000018,22512.023
7889.96,70.8100000000004,22222.031
7889.97,70.82000000000062,22560.385
7889.98,70.82999999999993,22318.664
7889.99,70.84000000000015,22560.385
7890.0,70.85000000000036,22512.023
7890.01,70.86000000000058,22705.516
7890.02,70.8700000000008,22318.664
7890.03,70.88000000000011,22512.023
7890.04,70.89000000000033,22318.664
7890.05,70.90000000000055,22753.908
7890.06,70.91000000000076,22705.516
7890.07,70.92000000000007,22608.754
7890.08,70.93000000000029,22560.385
7890.09,70.94000000000051,22657.131
7890.1,70.95000000000073,22463.672
7890.11,70.96000000000004,22415.328
7890.12,70.97000000000025,22753.908
7890.13,70.98000000000047,22560.385
7890.14,70.99000000000069,22512.023
7890.15,71.0,22608.754
7890.16,71.01000000000022,22560.385
7890.17,71.02000000000044,22512.023
7890.18,71.03000000000065,22463.672
7890.19,71.03999999999996,22705.516
7890.2,71.05000000000018,22512.023
7890.21,71.0600000000004,22560.385
7890.22,71.07000000000062,22463.672
7890.23,71.07999999999993,22366.992
7890.24,71.09000000000015,22560.385
7890.25,71.10000000000036,22512.023
7890.26,71.11000000000058,22415.328
7890.27,71.1200000000008,22415.328
7890.28,71.13000000000011,22657.131
7890.29,71.14000000000033,22512.023
7890.3,71.15000000000055,22415.328
7890.31,71.16000000000076,22463.672
7890.32,71.17000000000007,22512.023
7890.33,71.18000000000029,22560.385
7890.34,71.19000000000051,22366.992
7890.35,71.20000000000073,22463.672
7890.36,71.21000000000004,22657.131
7890.37,71.22000000000025,22463.672
7890.38,71.23000000000047,22512.023
7890.39,71.24000000000069,22608.754
7890.4,71.25,22415.328
7890.41,71.26000000000022,22512.023
7890.42,71.27000000000044,22657.131
7890.43,71.28000000000065,22415.328
7890.44,71.28999999999996,22512.023
7890.45,71.30000000000018,22512.023
7890.46,71.3100000000004,22608.754
7890.47,71.32000000000062,22560.385
7890.48,71.32999999999993,22657.131
7890.49,71.34000000000015,22415.328
7890.5,71.35000000000036,22657.131
7890.51,71.36000000000058,22415.328
7890.52,71.3700000000008,22608.754
7890.53,71.38000000000011,22753.908
7890.54,71.39000000000033,22657.131
7890.55,71.40000000000055,22705.516
7890.56,71.41000000000076,22705.516
7890.57,71.42000000000007,22657.131
7890.58,71.43000000000029,22705.516
7890.59,71.44000000000051,22608.754
7890.6,71.45000000000073,22753.908
7890.61,71.46000000000004,22560.385
7890.62,71.47000000000025,22753.908
7890.63,71.48000000000047,22753.908
7890.64,71.49000000000069,22608.754
7890.65,71.5,22415.328
7890.66,71.51000000000022,22560.385
7890.67,71.52000000000044,22560.385
7890.68,71.53000000000065,22560.385
7890.69,71.53999999999996,22512.023
7890.7,71.55000000000018,22705.516
7890.71,71.5600000000004,22657.131
7890.72,71.57000000000062,22705.516
7890.73,71.57999999999993,22415.328
7890.74,71.59000000000015,22512.023
7890.75,71.60000000000036,22512.023
7890.76,71.61000000000058,22608.754
7890.77,71.6200000000008,22753.908
7890.78,71.63000000000011,22608.754
7890.79,71.64000000000033,22657.131
7890.8,71.65000000000055,22463.672
7890.81,71.66000000000076,22753.908
7890.82,71.67000000000007,22512.023
7890.83,71.68000000000029,22512.023
7890.84,71.69000000000051,22560.385
7890.85,71.70000000000073,22657.131
7890.86,71.71000000000004,22560.385
7890.87,71.72000000000025,22608.754
7890.88,71.73000000000047,22753.908
7890.89,71.74000000000069,22657.131
7890.9,71.75,22463.672
7890.91,71.76000000000022,22753.908
7890.92,71.77000000000044,22657.131
7890.93,71.78000000000065,22512.023
7890.94,71.78999999999996,22560.385
7890.95,71.80000000000018,22512.023
7890.96,71.8100000000004,22463.672
7890.97,71.82000000000062,22657.131
7890.98,71.82999999999993,22608.754
7890.99,71.84000000000015,22560.385
7891.0,71.85000000000036,22560.385
7891.01,71.86000000000058,22705.516
7891.02,71.8700000000008,22657.131
7891.03,71.88000000000011,22705.516
7891.04,71.89000000000033,22512.023
7891.05,71.90000000000055,22512.023
7891.06,71.91000000000076,22608.754
7891.07,71.92000000000007,22657.131
7891.08,71.93000000000029,22850.719
7891.09,71.94000000000051,22657.131
7891.1,71.95000000000073,22463.672
7891.11,71.96000000000004,22512.023
7891.12,71.97000000000025,22657.131
7891.13,71.98000000000047,22512.023
7891.14,71.99000000000069,22802.309
7891.15,72.0,22608.754
7891.16,72.01000000000022,22705.516
7891.17,72.02000000000044,22560.385
7891.18,72.03000000000065,22608.754
7891.19,72.03999999999996,22753.908
7891.2,72.05000000000018,22608.754
7891.21,72.0600000000004,22657.131
7891.22,72.07000000000062,22608.754
7891.23,72.07999999999993,22657.131
7891.24,72.09000000000015,22705.516
7891.25,72.10000000000036,22512.023
7891.26,72.11000000000058,22560.385
7891.27,72.1200000000008,22463.672
7891.28,72.13000000000011,22463.672
7891.29,72.14000000000033,22560.385
7891.3,72.15000000000055,22463.672
7891.31,72.16000000000076,22512.023
7891.32,72.17000000000007,22560.385
7891.33,72.18000000000029,22657.131
7891.34,72.19000000000051,22657.131
7891.35,72.20000000000073,22657.131
7891.36,72.21000000000004,22753.908
7891.37,72.22000000000025,22705.516
7891.38,72.23000000000047,22753.908
7891.39,72.24000000000069,22560.385
7891.4,72.25,22705.516
7891.41,72.26000000000022,22753.908
7891.42,72.27000000000044,22705.516
7891.43,72.28000000000065,22512.023
7891.44,72.28999999999996,22415.328
7891.45,72.30000000000018,22560.385
7891.46,72.3100000000004,22512.023
7891.47,72.32000000000062,22608.754
7891.48,72.32999999999993,22850.719
7891.49,72.34000000000015,22753.908
7891.5,72.35000000000036,22560.385
7891.51,72.36000000000058,22560.385
7891.52,72.3700000000008,22608.754
7891.53,72.38000000000011,22512.023
7891.54,72.39000000000033,22560.385
7891.55,72.40000000000055,22512.023
7891.56,72.41000000000076,22802.309
7891.57,72.42000000000007,22512.023
7891.58,72.43000000000029,22608.754
7891.59,72.44000000000051,22657.131
7891.6,72.45000000000073,22705.516
7891.61,72.46000000000004,22463.672
7891.62,72.47000000000025,22705.516
7891.63,72.48000000000047,22560.385
7891.64,72.49000000000069,22463.672
7891.65,72.5,22512.023
7891.66,72.51000000000022,22512.023
7891.67,72.52000000000044,22753.908
7891.68,72.53000000000065,22415.328
7891.69,72.53999999999996,22560.385
7891.7,72.55000000000018,22512.023
7891.71,72.5600000000004,22608.754
7891.72,72.57000000000062,22608.754
7891.73,72.57999999999993,22415.328
7891.74,72.59000000000015,22657.131
7891.75,72.60000000000036,22705.516
7891.76,72.61000000000058,22608.754
7891.77,72.6200000000008,22657.131
7891.78,72.63000000000011,22560.385
7891.79,72.64000000000033,22753.908
7891.8,72.65000000000055,22463.672
7891.81,72.66000000000076,22705.516
7891.82,72.67000000000007,22657.131
7891.83,72.68000000000029,22705.516
7891.84,72.69000000000051,22560.385
7891.85,72.70000000000073,22463.672
7891.86,72.71000000000004,22512.023
7891.87,72.72000000000025,22705.516
7891.88,72.73000000000047,22512.023
7891.89,72.74000000000069,22608.754
7891.9,72.75,22415.328
7891.91,72.76000000000022,22512.023
7891.92,72.77000000000044,22415.328
7891.93,72.78000000000065,22463.672
7891.94,72.78999999999996,22657.131
7891.95,72.80000000000018,22512.023
7891.96,72.8100000000004,22463.672
7891.97,72.82000000000062,22463.672
7891.98,72.82999999999993,22560.385
7891.99,72.84000000000015,22463.672
7892.0,72.85000000000036,22753.908
7892.01,72.86000000000058,22657.131
7892.02,72.8700000000008,22657.131
7892.03,72.88000000000011,22560.385
7892.04,72.89000000000033,22512.023
7892.05,72.90000000000055,22512.023
7892.06,72.91000000000076,22608.754
7892.07,72.92000000000007,22657.131
7892.08,72.93000000000029,22705.516
7892.09,72.94000000000051,22850.719
7892.1,72.95000000000073,22608.754
7892.11,72.96000000000004,22753.908
7892.12,72.97000000000025,22512.023
7892.13,72.98000000000047,22415.328
7892.14,72.99000000000069,22657.131
7892.15,73.0,22512.023
7892.16,73.01000000000022,22705.516
7892.17,73.02000000000044,22366.992
7892.18,73.03000000000065,22366.992
7892.19,73.03999999999996,22753.908
7892.2,73.05000000000018,22705.516
7892.21,73.0600000000004,22512.023
7892.22,73.07000000000062,22705.516
7892.23,73.07999999999993,22705.516
7892.24,73.09000000000015,22753.908
7892.25,73.10000000000036,22512.023
7892.26,73.11000000000058,22753.908
7892.27,73.1200000000008,22415.328
7892.28,73.13000000000011,22608.754
7892.29,73.14000000000033,22463.672
7892.3,73.15000000000055,22802.309
7892.31,73.16000000000076,22802.309
7892.32,73.17000000000007,22705.516
7892.33,73.18000000000029,22512.023
7892.34,73.19000000000051,22560.385
7892.35,73.20000000000073,22657.131
7892.36,73.21000000000004,22560.385
7892.37,73.22000000000025,22560.385
7892.38,73.23000000000047,22512.023
7892.39,73.24000000000069,22512.023
7892.4,73.25,22512.023
7892.41,73.26000000000022,22512.023
7892.42,73.27000000000044,22560.385
7892.43,73.28000000000065,22608.754
7892.44,73.28999999999996,22705.516
7892.45,73.30000000000018,22753.908
7892.46,73.3100000000004,22608.754
7892.47,73.32000000000062,22560.385
7892.48,73.32999999999993,22512.023
7892.49,73.34000000000015,22366.992
7892.5,73.35000000000036,22560.385
7892.51,73.36000000000058,22705.516
7892.52,73.3700000000008,22657.131
7892.53,73.38000000000011,22512.023
7892.54,73.39000000000033,22560.385
7892.55,73.40000000000055,22657.131
7892.56,73.41000000000076,22512.023
7892.57,73.42000000000007,22415.328
7892.58,73.43000000000029,22657.131
7892.59,73.44000000000051,22415.328
7892.6,73.45000000000073,22512.023
7892.61,73.46000000000004,22657.131
7892.62,73.47000000000025,22657.131
7892.63,73.48000000000047,22560.385
7892.64,73.49000000000069,22463.672
7892.65,73.5,22657.131
7892.66,73.51000000000022,22608.754
7892.67,73.52000000000044,22657.131
7892.68,73.53000000000065,22560.385
7892.69,73.53999999999996,22560.385
7892.7,73.55000000000018,22608.754
7892.71,73.5600000000004,22512.023
7892.72,73.57000000000062,22560.385
7892.73,73.57999999999993,22560.385
7892.74,73.59000000000015,22512.023
7892.75,73.60000000000036,22657.131
7892.76,73.61000000000058,22705.516
7892.77,73.6200000000008,22560.385
7892.78,73.63000000000011,22657.131
7892.79,73.64000000000033,22753.908
7892.8,73.65000000000055,22608.754
7892.81,73.66000000000076,22705.516
7892.82,73.67000000000007,22512.023
7892.83,73.68000000000029,22705.516
7892.84,73.69000000000051,22705.516
7892.85,73.70000000000073,22415.328
7892.86,73.71000000000004,22512.023
7892.87,73.72000000000025,22753.908
7892.88,73.73000000000047,22657.131
7892.89,73.74000000000069,22753.908
7892.9,73.75,22705.516
7892.91,73.76000000000022,22705.516
7892.92,73.77000000000044,22657.131
7892.93,73.78000000000065,22608.754
7892.94,73.78999999999996,22657.131
7892.95,73.80000000000018,22463.672
7892.96,73.8100000000004,22657.131
7892.97,73.82000000000062,22802.309
7892.98,73.82999999999993,22657.131
7892.99,73.84000000000015,22608.754
7893.0,73.85000000000036,22560.385
7893.01,73.86000000000058,22753.908
7893.02,73.8700000000008,22560.385
7893.03,73.88000000000011,22560.385
7893.04,73.89000000000033,22657.131
7893.05,73.90000000000055,22608.754
7893.06,73.91000000000076,22947.563
7893.07,73.92000000000007,22753.908
7893.08,73.93000000000029,22512.023
7893.09,73.94000000000051,22657.131
7893.1,73.95000000000073,22753.908
7893.11,73.96000000000004,22608.754
7893.12,73.97000000000025,22705.516
7893.13,73.98000000000047,22753.908
7893.14,73.99000000000069,22705.516
7893.15,74.0,22608.754
7893.16,74.01000000000022,22608.754
7893.17,74.02000000000044,22753.908
7893.18,74.03000000000065,22753.908
7893.19,74.03999999999996,22705.516
7893.2,74.05000000000018,22608.754
7893.21,74.0600000000004,22753.908
7893.22,74.07000000000062,22657.131
7893.23,74.07999999999993,22753.908
7893.24,74.09000000000015,22753.908
7893.25,74.10000000000036,22850.719
7893.26,74.11000000000058,22512.023
7893.27,74.1200000000008,22512.023
7893.28,74.13000000000011,22608.754
7893.29,74.14000000000033,22657.131
7893.3,74.15000000000055,22705.516
7893.31,74.16000000000076,22705.516
7893.32,74.17000000000007,22850.719
7893.33,74.18000000000029,22753.908
7893.34,74.19000000000051,22512.023
7893.35,74.20000000000073,22512.023
7893.36,74.21000000000004,22705.516
7893.37,74.22000000000025,22753.908
7893.38,74.23000000000047,22705.516
7893.39,74.24000000000069,22608.754
7893.4,74.25,22753.908
7893.41,74.26000000000022,22512.023
7893.42,74.27000000000044,22657.131
7893.43,74.28000000000065,22560.385
7893.44,74.28999999999996,22753.908
7893.45,74.30000000000018,22705.516
7893.46,74.3100000000004,22512.023
7893.47,74.32000000000062,22753.908
7893.48,74.32999999999993,22608.754
7893.49,74.34000000000015,22512.023
7893.5,74.35000000000036,22657.131
7893.51,74.36000000000058,22512.023
7893.52,74.3700000000008,22512.023
7893.53,74.38000000000011,22705.516
7893.54,74.39000000000033,22705.516
7893.55,74.40000000000055,22705.516
7893.56,74.41000000000076,22753.908
7893.57,74.42000000000007,22657.131
7893.58,74.43000000000029,22512.023
7893.59,74.44000000000051,22463.672
7893.6,74.45000000000073,22608.754
7893.61,74.46000000000004,22753.908
7893.62,74.47000000000025,22705.516
7893.63,74.48000000000047,22657.131
7893.64,74.49000000000069,22657.131
7893.65,74.5,22608.754
7893.66,74.51000000000022,22512.023
7893.67,74.52000000000044,22705.516
7893.68,74.53000000000065,22657.131
7893.69,74.53999999999996,22560.385
7893.7,74.55000000000018,22463.672
7893.71,74.5600000000004,22608.754
7893.72,74.57000000000062,22657.131
7893.73,74.57999999999993,22705.516
7893.74,74.59000000000015,22657.131
7893.75,74.60000000000036,22512.023
7893.76,74.61000000000058,22560.385
7893.77,74.6200000000008,22753.908
7893.78,74.63000000000011,22753.908
7893.79,74.64000000000033,22512.023
7893.8,74.65000000000055,22657.131
7893.81,74.66000000000076,22657.131
7893.82,74.67000000000007,22560.385
7893.83,74.68000000000029,22512.023
7893.84,74.69000000000051,22318.664
7893.85,74.70000000000073,22415.328
7893.86,74.71000000000004,22463.672
7893.87,74.72000000000025,22560.385
7893.88,74.73000000000047,22560.385
7893.89,74.74000000000069,22463.672
7893.9,74.75,22560.385
7893.91,74.76000000000022,22560.385
7893.92,74.77000000000044,22415.328
7893.93,74.78000000000065,22560.385
7893.94,74.78999999999996,22512.023
7893.95,74.80000000000018,22463.672
7893.96,74.8100000000004,22560.385
7893.97,74.82000000000062,22608.754
7893.98,74.82999999999993,22560.385
7893.99,74.84000000000015,22705.516
7894.0,74.85000000000036,22463.672
7894.01,74.86000000000058,22512.023
7894.02,74.8700000000008,22463.672
7894.03,74.88000000000011,22705.516
7894.04,74.89000000000033,22512.023
7894.05,74.90000000000055,22560.385
7894.06,74.91000000000076,22657.131
7894.07,74.92000000000007,22463.672
7894.08,74.93000000000029,22560.385
7894.09,74.94000000000051,22560.385
7894.1,74.95000000000073,22512.023
7894.11,74.96000000000004,22463.672
7894.12,74.97000000000025,22512.023
7894.13,74.98000000000047,22512.023
7894.14,74.99000000000069,22463.672
7894.15,75.0,22463.672
7894.16,75.01000000000022,22608.754
7894.17,75.02000000000044,22753.908
7894.18,75.03000000000065,22560.385
7894.19,75.03999999999996,22608.754
7894.2,75.05000000000018,22366.992
7894.21,75.0600000000004,22753.908
7894.22,75.07000000000062,22512.023
7894.23,75.07999999999993,22608.754
7894.24,75.09000000000015,22608.754
7894.25,75.10000000000036,22366.992
7894.26,75.11000000000058,22415.328
7894.27,75.1200000000008,22705.516
7894.28,75.13000000000011,22705.516
7894.29,75.14000000000033,22657.131
7894.3,75.15000000000055,22560.385
7894.31,75.16000000000076,22753.908
7894.32,75.17000000000007,22560.385
7894.33,75.18000000000029,22512.023
7894.34,75.19000000000051,22560.385
7894.35,75.20000000000073,22608.754
7894.36,75.21000000000004,22366.992
7894.37,75.22000000000025,22512.023
7894.38,75.23000000000047,22657.131
7894.39,75.24000000000069,22657.131
7894.4,75.25,22560.385
7894.41,75.26000000000022,22705.516
7894.42,75.27000000000044,22463.672
7894.43,75.28000000000065,22657.131
7894.44,75.28999999999996,22463.672
7894.45,75.30000000000018,22366.992
7894.46,75.3100000000004,22657.131
7894.47,75.32000000000062,22608.754
7894.48,75.32999999999993,22415.328
7894.49,75.34000000000015,22657.131
7894.5,75.35000000000036,22560.385
7894.51,75.36000000000058,22366.992
7894.52,75.3700000000008,22512.023
7894.53,75.38000000000011,22705.516
7894.54,75.39000000000033,22608.754
7894.55,75.40000000000055,22560.385
7894.56,75.41000000000076,22657.131
7894.57,75.42000000000007,22560.385
7894.58,75.43000000000029,22463.672
7894.59,75.44000000000051,22415.328
7894.6,75.45000000000073,22463.672
7894.61,75.46000000000004,22173.729
7894.62,75.47000000000025,22512.023
7894.63,75.48000000000047,22512.023
7894.64,75.49000000000069,22512.023
7894.65,75.5,22512.023
7894.66,75.51000000000022,22560.385
7894.67,75.52000000000044,22463.672
7894.68,75.53000000000065,22608.754
7894.69,75.53999999999996,22608.754
7894.7,75.55000000000018,22560.385
7894.71,75.5600000000004,22560.385
7894.72,75.57000000000062,22560.385
7894.73,75.57999999999993,22657.131
7894.74,75.59000000000015,22560.385
7894.75,75.60000000000036,22560.385
7894.76,75.61000000000058,22512.023
7894.77,75.6200000000008,22512.023
7894.78,75.63000000000011,22608.754
7894.79,75.64000000000033,22512.023
7894.8,75.65000000000055,22705.516
7894.81,75.66000000000076,22657.131
7894.82,75.67000000000007,22560.385
7894.83,75.68000000000029,22512.023
7894.84,75.69000000000051,22705.516
7894.85,75.70000000000073,22608.754
7894.86,75.71000000000004,22657.131
7894.87,75.72000000000025,22705.516
7894.88,75.73000000000047,22657.131
7894.89,75.74000000000069,22657.131
7894.9,75.75,22463.672
7894.91,75.76000000000022,22705.516
7894.92,75.77000000000044,22705.516
7894.93,75.78000000000065,22657.131
7894.94,75.78999999999996,22512.023
7894.95,75.80000000000018,22415.328
7894.96,75.8100000000004,22512.023
7894.97,75.82000000000062,22608.754
7894.98,75.82999999999993,22560.385
7894.99,75.84000000000015,22512.023
7895.0,75.85000000000036,22657.131
7895.01,75.86000000000058,22512.023
7895.02,75.8700000000008,22560.385
7895.03,75.88000000000011,22850.719
7895.04,75.89000000000033,22753.908
7895.05,75.90000000000055,22512.023
7895.06,75.91000000000076,22753.908
7895.07,75.92000000000007,22608.754
7895.08,75.93000000000029,22802.309
7895.09,75.94000000000051,22753.908
7895.1,75.95000000000073,22270.344
7895.11,75.96000000000004,22657.131
7895.12,75.97000000000025,22608.754
7895.13,75.98000000000047,22608.754
7895.14,75.99000000000069,22657.131
7895.15,76.0,22463.672
7895.16,76.01000000000022,22850.719
7895.17,76.02000000000044,22608.754
7895.18,76.03000000000065,22512.023
7895.19,76.03999999999996,22512.023
7895.2,76.05000000000018,22560.385
7895.21,76.0600000000004,22560.385
7895.22,76.07000000000062,22560.385
7895.23,76.07999999999993,22705.516
7895.24,76.09000000000015,22705.516
7895.25,76.10000000000036,22608.754
7895.26,76.11000000000058,22608.754
7895.27,76.1200000000008,22608.754
7895.28,76.13000000000011,22560.385
7895.29,76.14000000000033,22802.309
7895.3,76.15000000000055,22705.516
7895.31,76.16000000000076,22753.908
7895.32,76.17000000000007,22463.672
7895.33,76.18000000000029,22753.908
7895.34,76.19000000000051,22512.023
7895.35,76.20000000000073,22415.328
7895.36,76.21000000000004,22560.385
7895.37,76.22000000000025,22560.385
7895.38,76.23000000000047,22512.023
7895.39,76.24000000000069,22560.385
7895.4,76.25,22657.131
7895.41,76.26000000000022,22705.516
7895.42,76.27000000000044,22802.309
7895.43,76.28000000000065,22415.328
7895.44,76.28999999999996,22512.023
7895.45,76.30000000000018,22512.023
7895.46,76.3100000000004,22560.385
7895.47,76.32000000000062,22560.385
7895.48,76.32999999999993,22512.023
7895.49,76.34000000000015,22463.672
7895.5,76.35000000000036,22560.385
7895.51,76.36000000000058,22657.131
7895.52,76.3700000000008,22512.023
7895.53,76.38000000000011,22608.754
7895.54,76.39000000000033,22560.385
7895.55,76.40000000000055,22415.328
7895.56,76.41000000000076,22705.516
7895.57,76.42000000000007,22657.131
7895.58,76.43000000000029,22608.754
7895.59,76.44000000000051,22512.023
7895.6,76.45000000000073,22705.516
7895.61,76.46000000000004,22753.908
7895.62,76.47000000000025,22415.328
7895.63,76.48000000000047,22802.309
7895.64,76.49000000000069,22560.385
7895.65,76.5,22608.754
7895.66,76.51000000000022,22608.754
7895.67,76.52000000000044,22512.023
7895.68,76.53000000000065,22512.023
7895.69,76.53999999999996,22415.328
7895.7,76.55000000000018,22512.023
7895.71,76.5600000000004,22657.131
7895.72,76.57000000000062,22657.131
7895.73,76.57999999999993,22608.754
7895.74,76.59000000000015,22512.023
7895.75,76.60000000000036,22463.672
7895.76,76.61000000000058,22415.328
7895.77,76.6200000000008,22657.131
7895.78,76.63000000000011,22512.023
7895.79,76.64000000000033,22802.309
7895.8,76.65000000000055,22608.754
7895.81,76.66000000000076,22705.516
7895.82,76.67000000000007,22463.672
7895.83,76.68000000000029,22512.023
7895.84,76.69000000000051,22657.131
7895.85,76.70000000000073,22463.672
7895.86,76.71000000000004,22657.131
7895.87,76.72000000000025,22512.023
7895.88,76.73000000000047,22318.664
7895.89,76.74000000000069,22512.023
7895.9,76.75,22560.385
7895.91,76.76000000000022,22560.385
7895.92,76.77000000000044,22705.516
7895.93,76.78000000000065,22415.328
7895.94,76.78999999999996,22560.385
7895.95,76.80000000000018,22463.672
7895.96,76.8100000000004,22753.908
7895.97,76.82000000000062,22415.328
7895.98,76.82999999999993,22608.754
7895.99,76.84000000000015,22705.516
7896.0,76.85000000000036,22608.754
7896.01,76.86000000000058,22705.516
7896.02,76.8700000000008,22657.131
7896.03,76.88000000000011,22608.754
7896.04,76.89000000000033,22705.516
7896.05,76.90000000000055,22608.754
7896.06,76.91000000000076,22657.131
7896.07,76.92000000000007,22657.131
7896.08,76.93000000000029,22512.023
7896.09,76.94000000000051,22657.131
7896.1,76.95000000000073,22705.516
7896.11,76.96000000000004,22512.023
7896.12,76.97000000000025,22608.754
7896.13,76.98000000000047,22753.908
7896.14,76.99000000000069,22463.672
7896.15,77.0,22512.023
7896.16,77.01000000000022,22802.309
7896.17,77.02000000000044,22705.516
7896.18,77.03000000000065,22608.754
7896.19,77.03999999999996,22657.131
7896.2,77.05000000000018,22512.023
7896.21,77.0600000000004,22608.754
7896.22,77.07000000000062,22415.328
7896.23,77.07999999999993,22463.672
7896.24,77.09000000000015,22608.754
7896.25,77.10000000000036,22512.023
7896.26,77.11000000000058,22512.023
7896.27,77.1200000000008,22657.131
7896.28,77.13000000000011,22657.131
7896.29,77.14000000000033,22512.023
7896.3,77.15000000000055,22753.908
7896.31,77.16000000000076,22657.131
7896.32,77.17000000000007,22512.023
7896.33,77.18000000000029,22512.023
7896.34,77.19000000000051,22753.908
7896.35,77.20000000000073,22463.672
7896.36,77.21000000000004,22850.719
7896.37,77.22000000000025,22657.131
7896.38,77.23000000000047,22608.754
7896.39,77.24000000000069,22608.754
7896.4,77.25,22512.023
7896.41,77.26000000000022,22657.131
7896.42,77.27000000000044,22512.023
7896.43,77.28000000000065,22463.672
7896.44,77.28999999999996,22560.385
7896.45,77.30000000000018,22560.385
7896.46,77.3100000000004,22463.672
7896.47,77.32000000000062,22560.385
7896.48,77.32999999999993,22512.023
7896.49,77.34000000000015,22560.385
7896.5,77.35000000000036,22657.131
7896.51,77.36000000000058,22753.908
7896.52,77.3700000000008,22753.908
7896.53,77.38000000000011,22753.908
7896.54,77.39000000000033,22560.385
7896.55,77.40000000000055,22753.908
7896.56,77.41000000000076,22753.908
7896.57,77.42000000000007,22463.672
7896.58,77.43000000000029,22512.023
7896.59,77.44000000000051,22560.385
7896.6,77.45000000000073,22705.516
7896.61,77.46000000000004,22512.023
7896.62,77.47000000000025,22657.131
7896.63,77.48000000000047,22657.131
7896.64,77.49000000000069,22512.023
7896.65,77.5,22657.131
7896.66,77.51000000000022,22608.754
7896.67,77.52000000000044,22560.385
7896.68,77.53000000000065,22753.908
7896.69,77.53999999999996,22512.023
7896.7,77.55000000000018,22512.023
7896.71,77.5600000000004,22608.754
7896.72,77.57000000000062,22512.023
7896.73,77.57999999999993,22366.992
7896.74,77.59000000000015,22705.516
7896.75,77.60000000000036,22512.023
7896.76,77.61000000000058,22415.328
7896.77,77.6200000000008,22705.516
7896.78,77.63000000000011,22753.908
7896.79,77.64000000000033,22560.385
7896.8,77.65000000000055,22463.672
7896.81,77.66000000000076,22608.754
7896.82,77.67000000000007,22608.754
7896.83,77.68000000000029,22657.131
7896.84,77.69000000000051,22657.131
7896.85,77.70000000000073,22753.908
7896.86,77.71000000000004,22657.131
7896.87,77.72000000000025,22512.023
7896.88,77.73000000000047,22608.754
7896.89,77.74000000000069,22705.516
7896.9,77.75,22560.385
7896.91,77.76000000000022,22560.385
7896.92,77.77000000000044,22415.328
7896.93,77.78000000000065,22512.023
7896.94,77.78999999999996,22512.023
7896.95,77.80000000000018,22657.131
7896.96,77.8100000000004,22560.385
7896.97,77.82000000000062,22608.754
7896.98,77.82999999999993,22705.516
7896.99,77.84000000000015,22657.131
7897.0,77.85000000000036,22657.131
7897.01,77.86000000000058,22705.516
7897.02,77.8700000000008,22608.754
7897.03,77.88000000000011,22850.719
7897.04,77.89000000000033,22705.516
7897.05,77.90000000000055,22318.664
7897.06,77.91000000000076,22512.023
7897.07,77.92000000000007,22657.131
7897.08,77.93000000000029,22657.131
7897.09,77.94000000000051,22705.516
7897.1,77.95000000000073,22705.516
7897.11,77.96000000000004,22512.023
7897.12,77.97000000000025,22657.131
7897.13,77.98000000000047,22657.131
7897.14,77.99000000000069,22608.754
7897.15,78.0,22463.672
7897.16,78.01000000000022,22608.754
7897.17,78.02000000000044,22608.754
7897.18,78.03000000000065,22560.385
7897.19,78.03999999999996,22512.023
7897.2,78.05000000000018,22512.023
7897.21,78.0600000000004,22657.131
7897.22,78.07000000000062,22753.908
7897.23,78.07999999999993,22705.516
7897.24,78.09000000000015,22705.516
7897.25,78.10000000000036,22850.719
7897.26,78.11000000000058,22657.131
7897.27,78.1200000000008,22705.516
7897.28,78.13000000000011,22802.309
7897.29,78.14000000000033,22705.516
7897.3,78.15000000000055,22705.516
7897.31,78.16000000000076,22608.754
7897.32,78.17000000000007,22560.385
7897.33,78.18000000000029,22366.992
7897.34,78.19000000000051,22512.023
7897.35,78.20000000000073,22705.516
7897.36,78.21000000000004,22657.131
7897.37,78.22000000000025,22608.754
7897.38,78.23000000000047,22463.672
7897.39,78.24000000000069,22753.908
7897.4,78.25,22512.023
7897.41,78.26000000000022,22657.131
7897.42,78.27000000000044,22608.754
7897.43,78.28000000000065,22560.385
7897.44,78.28999999999996,22560.385
7897.45,78.30000000000018,22560.385
7897.46,78.3100000000004,22705.516
7897.47,78.32000000000062,22899.137
7897.48,78.32999999999993,22512.023
7897.49,78.34000000000015,22512.023
7897.5,78.35000000000036,22753.908
7897.51,78.36000000000058,22705.516
7897.52,78.3700000000008,22560.385
7897.53,78.38000000000011,22608.754
7897.54,78.39000000000033,22705.516
7897.55,78.40000000000055,22560.385
7897.56,78.41000000000076,22850.719
7897.57,78.42000000000007,22753.908
7897.58,78.43000000000029,22705.516
7897.59,78.44000000000051,22608.754
7897.6,78.45000000000073,22560.385
7897.61,78.46000000000004,22560.385
7897.62,78.47000000000025,22705.516
7897.63,78.48000000000047,22705.516
7897.64,78.49000000000069,22657.131
7897.65,78.5,22753.908
7897.66,78.51000000000022,22415.328
7897.67,78.52000000000044,22608.754
7897.68,78.53000000000065,22415.328
7897.69,78.53999999999996,22366.992
7897.7,78.55000000000018,22608.754
7897.71,78.5600000000004,22705.516
7897.72,78.57000000000062,22657.131
7897.73,78.57999999999993,22802.309
7897.74,78.59000000000015,22657.131
7897.75,78.60000000000036,22608.754
7897.76,78.61000000000058,22608.754
7897.77,78.6200000000008,22657.131
7897.78,78.63000000000011,22705.516
7897.79,78.64000000000033,22512.023
7897.8,78.65000000000055,22705.516
7897.81,78.66000000000076,22705.516
7897.82,78.67000000000007,22560.385
7897.83,78.68000000000029,22753.908
7897.84,78.69000000000051,22657.131
7897.85,78.70000000000073,22753.908
7897.86,78.71000000000004,22512.023
7897.87,78.72000000000025,22560.385
7897.88,78.73000000000047,22463.672
7897.89,78.74000000000069,22560.385
7897.9,78.75,22415.328
7897.91,78.76000000000022,22512.023
7897.92,78.77000000000044,22512.023
7897.93,78.78000000000065,22512.023
7897.94,78.78999999999996,22512.023
7897.95,78.80000000000018,22608.754
7897.96,78.8100000000004,22415.328
7897.97,78.82000000000062,22657.131
7897.98,78.82999999999993,22560.385
7897.99,78.84000000000015,22705.516
7898.0,78.85000000000036,22415.328
7898.01,78.86000000000058,22657.131
7898.02,78.8700000000008,22608.754
7898.03,78.88000000000011,22705.516
7898.04,78.89000000000033,22705.516
7898.05,78.90000000000055,22512.023
7898.06,78.91000000000076,22512.023
7898.07,78.92000000000007,22560.385
7898.08,78.93000000000029,22512.023
7898.09,78.94000000000051,22512.023
7898.1,78.95000000000073,22512.023
7898.11,78.96000000000004,22415.328
7898.12,78.97000000000025,22657.131
7898.13,78.98000000000047,22753.908
7898.14,78.99000000000069,22753.908
7898.15,79.0,22608.754
7898.16,79.01000000000022,22560.385
7898.17,79.02000000000044,22608.754
7898.18,79.03000000000065,22560.385
7898.19,79.03999999999996,22753.908
7898.2,79.05000000000018,22705.516
7898.21,79.0600000000004,22802.309
7898.22,79.07000000000062,22608.754
7898.23,79.07999999999993,22463.672
7898.24,79.09000000000015,22608.754
7898.25,79.10000000000036,22512.023
7898.26,79.11000000000058,22753.908
7898.27,79.1200000000008,22512.023
7898.28,79.13000000000011,22463.672
7898.29,79.14000000000033,22415.328
7898.3,79.15000000000055,22753.908
7898.31,79.16000000000076,22608.754
7898.32,79.17000000000007,22753.908
7898.33,79.18000000000029,22608.754
7898.34,79.19000000000051,22657.131
7898.35,79.20000000000073,22318.664
7898.36,79.21000000000004,22608.754
7898.37,79.22000000000025,22512.023
7898.38,79.23000000000047,22560.385
7898.39,79.24000000000069,22512.023
7898.4,79.25,22366.992
7898.41,79.26000000000022,22608.754
7898.42,79.27000000000044,22657.131
7898.43,79.28000000000065,22512.023
7898.44,79.28999999999996,22657.131
7898.45,79.30000000000018,22512.023
7898.46,79.3100000000004,22560.385
7898.47,79.32000000000062,22657.131
7898.48,79.32999999999993,22608.754
7898.49,79.34000000000015,22512.023
7898.5,79.35000000000036,22705.516
7898.51,79.36000000000058,22608.754
7898.52,79.3700000000008,22512.023
7898.53,79.38000000000011,22608.754
7898.54,79.39000000000033,22463.672
7898.55,79.40000000000055,22560.385
7898.56,79.41000000000076,22415.328
7898.57,79.42000000000007,22512.023
7898.58,79.43000000000029,22657.131
7898.59,79.44000000000051,22657.131
7898.6,79.45000000000073,22512.023
7898.61,79.46000000000004,22560.385
7898.62,79.47000000000025,22657.131
7898.63,79.48000000000047,22657.131
7898.64,79.49000000000069,22560.385
7898.65,79.5,22463.672
7898.66,79.51000000000022,22512.023
7898.67,79.52000000000044,22512.023
7898.68,79.53000000000065,22512.023
7898.69,79.53999999999996,22608.754
7898.7,79.55000000000018,22512.023
7898.71,79.5600000000004,22705.516
7898.72,79.57000000000062,22560.385
7898.73,79.57999999999993,22463.672
7898.74,79.59000000000015,22560.385
7898.75,79.60000000000036,22512.023
7898.76,79.61000000000058,22705.516
7898.77,79.6200000000008,22560.385
7898.78,79.63000000000011,22512.023
7898.79,79.64000000000033,22753.908
7898.8,79.65000000000055,22850.719
7898.81,79.66000000000076,22657.131
7898.82,79.67000000000007,22512.023
7898.83,79.68000000000029,22512.023
7898.84,79.69000000000051,22657.131
7898.85,79.70000000000073,22657.131
7898.86,79.71000000000004,22512.023
7898.87,79.72000000000025,22608.754
7898.88,79.73000000000047,22657.131
7898.89,79.74000000000069,22657.131
7898.9,79.75,22608.754
7898.91,79.76000000000022,22512.023
7898.92,79.77000000000044,22560.385
7898.93,79.78000000000065,22705.516
7898.94,79.78999999999996,22512.023
7898.95,79.80000000000018,22657.131
7898.96,79.8100000000004,22608.754
7898.97,79.82000000000062,22463.672
7898.98,79.82999999999993,22560.385
7898.99,79.84000000000015,22608.754
7899.0,79.85000000000036,22560.385
7899.01,79.86000000000058,22512.023
7899.02,79.8700000000008,22512.023
7899.03,79.88000000000011,22657.131
7899.04,79.89000000000033,22463.672
7899.05,79.90000000000055,22512.023
7899.06,79.91000000000076,22899.137
7899.07,79.92000000000007,22705.516
7899.08,79.93000000000029,22657.131
7899.09,79.94000000000051,22512.023
7899.1,79.95000000000073,22608.754
7899.11,79.96000000000004,22560.385
7899.12,79.97000000000025,22560.385
7899.13,79.98000000000047,22705.516
7899.14,79.99000000000069,22753.908
7899.15,80.0,22657.131
