time_ms,time_relative_ms,current_ua
25824.89,-175.0699999999997,21353.809
25824.9,-175.05999999999767,21450.146
25824.91,-175.04999999999927,21498.33
25824.92,-175.04000000000087,21642.924
25824.93,-175.02999999999884,21739.359
25824.94,-175.02000000000044,21787.59
25824.95,-175.0099999999984,21498.33
25824.96,-175.0,21594.717
25824.97,-174.98999999999796,21691.139
25824.98,-174.97999999999956,21691.139
25824.99,-174.96999999999753,21835.83
25825.0,-174.95999999999913,21594.717
25825.01,-174.95000000000073,21691.139
25825.02,-174.9399999999987,21546.52
25825.03,-174.9300000000003,21594.717
25825.04,-174.91999999999825,21305.65
25825.05,-174.90999999999985,21642.924
25825.06,-174.89999999999782,21546.52
25825.07,-174.88999999999942,21546.52
25825.08,-174.87999999999738,21594.717
25825.09,-174.86999999999898,21546.52
25825.1,-174.86000000000058,21594.717
25825.11,-174.84999999999854,21642.924
25825.12,-174.84000000000015,21498.33
25825.13,-174.8299999999981,21546.52
25825.14,-174.8199999999997,21691.139
25825.15,-174.80999999999767,21594.717
25825.16,-174.79999999999927,21594.717
25825.17,-174.79000000000087,21401.973
25825.18,-174.77999999999884,21691.139
25825.19,-174.77000000000044,21450.146
25825.2,-174.7599999999984,21691.139
25825.21,-174.75,21594.717
25825.22,-174.73999999999796,21450.146
25825.23,-174.72999999999956,21546.52
25825.24,-174.71999999999753,21594.717
25825.25,-174.70999999999913,21642.924
25825.26,-174.70000000000073,21594.717
25825.27,-174.6899999999987,21594.717
25825.28,-174.6800000000003,21546.52
25825.29,-174.66999999999825,21594.717
25825.3,-174.65999999999985,21642.924
25825.31,-174.64999999999782,21498.33
25825.32,-174.63999999999942,21401.973
25825.33,-174.62999999999738,21498.33
25825.34,-174.61999999999898,21498.33
25825.35,-174.61000000000058,21884.076
25825.36,-174.59999999999854,21353.809
25825.37,-174.59000000000015,21498.33
25825.38,-174.5799999999981,21787.59
25825.39,-174.5699999999997,21353.809
25825.4,-174.55999999999767,21546.52
25825.41,-174.54999999999927,21401.973
25825.42,-174.54000000000087,21450.146
25825.43,-174.52999999999884,21594.717
25825.44,-174.52000000000044,21739.359
25825.45,-174.5099999999984,21594.717
25825.46,-174.5,21498.33
25825.47,-174.48999999999796,21546.52
25825.48,-174.47999999999956,21498.33
25825.49,-174.46999999999753,21450.146
25825.5,-174.45999999999913,21498.33
25825.51,-174.45000000000073,21691.139
25825.52,-174.4399999999987,21498.33
25825.53,-174.4300000000003,21594.717
25825.54,-174.41999999999825,21498.33
25825.55,-174.40999999999985,21739.359
25825.56,-174.39999999999782,21787.59
25825.57,-174.38999999999942,21546.52
25825.58,-174.37999999999738,21546.52
25825.59,-174.36999999999898,21450.146
25825.6,-174.36000000000058,21642.924
25825.61,-174.34999999999854,21594.717
25825.62,-174.34000000000015,21401.973
25825.63,-174.3299999999981,21450.146
25825.64,-174.3199999999997,21691.139
25825.65,-174.30999999999767,21546.52
25825.66,-174.29999999999927,21594.717
25825.67,-174.29000000000087,21594.717
25825.68,-174.27999999999884,21546.52
25825.69,-174.27000000000044,21594.717
25825.7,-174.2599999999984,21594.717
25825.71,-174.25,21498.33
25825.72,-174.23999999999796,21546.52
25825.73,-174.22999999999956,21642.924
25825.74,-174.21999999999753,21546.52
25825.75,-174.20999999999913,21450.146
25825.76,-174.20000000000073,21594.717
25825.77,-174.1899999999987,21450.146
25825.78,-174.1800000000003,21642.924
25825.79,-174.16999999999825,21546.52
25825.8,-174.15999999999985,21498.33
25825.81,-174.14999999999782,21450.146
25825.82,-174.13999999999942,21498.33
25825.83,-174.12999999999738,21401.973
25825.84,-174.11999999999898,21594.717
25825.85,-174.11000000000058,21691.139
25825.86,-174.09999999999854,21594.717
25825.87,-174.09000000000015,21546.52
25825.88,-174.0799999999981,21594.717
25825.89,-174.0699999999997,21546.52
25825.9,-174.05999999999767,21594.717
25825.91,-174.04999999999927,21353.809
25825.92,-174.04000000000087,21450.146
25825.93,-174.02999999999884,21546.52
25825.94,-174.02000000000044,21594.717
25825.95,-174.0099999999984,21450.146
25825.96,-174.0,21594.717
25825.97,-173.98999999999796,21594.717
25825.98,-173.97999999999956,21450.146
25825.99,-173.96999999999753,21642.924
25826.0,-173.95999999999913,21691.139
25826.01,-173.95000000000073,21353.809
25826.02,-173.9399999999987,21546.52
25826.03,-173.9300000000003,21546.52
25826.04,-173.91999999999825,21594.717
25826.05,-173.90999999999985,21498.33
25826.06,-173.89999999999782,21450.146
25826.07,-173.88999999999942,21401.973
25826.08,-173.87999999999738,21546.52
25826.09,-173.86999999999898,21739.359
25826.1,-173.86000000000058,21739.359
25826.11,-173.84999999999854,21546.52
25826.12,-173.84000000000015,21594.717
25826.13,-173.8299999999981,21691.139
25826.14,-173.8199999999997,21594.717
25826.15,-173.80999999999767,21594.717
25826.16,-173.79999999999927,21546.52
25826.17,-173.79000000000087,21450.146
25826.18,-173.77999999999884,21739.359
25826.19,-173.77000000000044,21642.924
25826.2,-173.7599999999984,21546.52
25826.21,-173.75,21594.717
25826.22,-173.73999999999796,21594.717
25826.23,-173.72999999999956,21594.717
25826.24,-173.71999999999753,21546.52
25826.25,-173.70999999999913,21594.717
25826.26,-173.70000000000073,21594.717
25826.27,-173.6899999999987,21498.33
25826.28,-173.6800000000003,21498.33
25826.29,-173.66999999999825,21594.717
25826.3,-173.65999999999985,21884.076
25826.31,-173.64999999999782,21546.52
25826.32,-173.63999999999942,21546.52
25826.33,-173.62999999999738,21546.52
25826.34,-173.61999999999898,21353.809
25826.35,-173.61000000000058,21498.33
25826.36,-173.59999999999854,21546.52
25826.37,-173.59000000000015,21450.146
25826.38,-173.5799999999981,21739.359
25826.39,-173.5699999999997,21642.924
25826.4,-173.55999999999767,21691.139
25826.41,-173.54999999999927,21450.146
25826.42,-173.54000000000087,21594.717
25826.43,-173.52999999999884,21594.717
25826.44,-173.52000000000044,21546.52
25826.45,-173.5099999999984,21739.359
25826.46,-173.5,21594.717
25826.47,-173.48999999999796,21594.717
25826.48,-173.47999999999956,21691.139
25826.49,-173.46999999999753,21642.924
25826.5,-173.45999999999913,21691.139
25826.51,-173.45000000000073,21642.924
25826.52,-173.4399999999987,21787.59
25826.53,-173.4300000000003,21498.33
25826.54,-173.41999999999825,21546.52
25826.55,-173.40999999999985,21498.33
25826.56,-173.39999999999782,21546.52
25826.57,-173.38999999999942,21353.809
25826.58,-173.37999999999738,21642.924
25826.59,-173.36999999999898,21546.52
25826.6,-173.36000000000058,21594.717
25826.61,-173.34999999999854,21642.924
25826.62,-173.34000000000015,21546.52
25826.63,-173.3299999999981,21691.139
25826.64,-173.3199999999997,21642.924
25826.65,-173.30999999999767,21594.717
25826.66,-173.29999999999927,21691.139
25826.67,-173.29000000000087,21498.33
25826.68,-173.27999999999884,21353.809
25826.69,-173.27000000000044,21498.33
25826.7,-173.2599999999984,21401.973
25826.71,-173.25,21546.52
25826.72,-173.23999999999796,21546.52
25826.73,-173.22999999999956,21642.924
25826.74,-173.21999999999753,21353.809
25826.75,-173.20999999999913,21739.359
25826.76,-173.20000000000073,21642.924
25826.77,-173.1899999999987,21642.924
25826.78,-173.1800000000003,21594.717
25826.79,-173.16999999999825,21691.139
25826.8,-173.15999999999985,21691.139
25826.81,-173.14999999999782,21546.52
25826.82,-173.13999999999942,21739.359
25826.83,-173.12999999999738,21691.139
25826.84,-173.11999999999898,21450.146
25826.85,-173.11000000000058,21691.139
25826.86,-173.09999999999854,21353.809
25826.87,-173.09000000000015,21401.973
25826.88,-173.0799999999981,21546.52
25826.89,-173.0699999999997,21739.359
25826.9,-173.05999999999767,21787.59
25826.91,-173.04999999999927,21546.52
25826.92,-173.04000000000087,21498.33
25826.93,-173.02999999999884,21594.717
25826.94,-173.02000000000044,21739.359
25826.95,-173.0099999999984,21642.924
25826.96,-173.0,21691.139
25826.97,-172.98999999999796,21739.359
25826.98,-172.97999999999956,21691.139
25826.99,-172.96999999999753,21691.139
25827.0,-172.95999999999913,21546.52
25827.01,-172.95000000000073,21642.924
25827.02,-172.9399999999987,21884.076
25827.03,-172.9300000000003,21546.52
25827.04,-172.91999999999825,21401.973
25827.05,-172.90999999999985,21401.973
25827.06,-172.89999999999782,21305.65
25827.07,-172.88999999999942,21353.809
25827.08,-172.87999999999738,22512.023
25827.09,-172.86999999999898,23335.258
25827.1,-172.86000000000058,23577.832
25827.11,-172.84999999999854,23723.475
25827.12,-172.84000000000015,24014.979
25827.13,-172.8299999999981,23723.475
25827.14,-172.8199999999997,23626.373
25827.15,-172.80999999999767,23626.373
25827.16,-172.79999999999927,23674.92
25827.17,-172.79000000000087,23432.264
25827.18,-172.77999999999884,23772.039
25827.19,-172.77000000000044,23480.779
25827.2,-172.7599999999984,23577.832
25827.21,-172.75,23480.779
25827.22,-172.73999999999796,23723.475
25827.23,-172.72999999999956,23480.779
25827.24,-172.71999999999753,23432.264
25827.25,-172.70999999999913,23772.039
25827.26,-172.70000000000073,23529.301
25827.27,-172.6899999999987,23626.373
25827.28,-172.6800000000003,23723.475
25827.29,-172.66999999999825,23577.832
25827.3,-172.65999999999985,23869.189
25827.31,-172.64999999999782,23577.832
25827.32,-172.63999999999942,23529.301
25827.33,-172.62999999999738,23674.92
25827.34,-172.61999999999898,23529.301
25827.35,-172.61000000000058,23723.475
25827.36,-172.59999999999854,23626.373
25827.37,-172.59000000000015,23480.779
25827.38,-172.5799999999981,23577.832
25827.39,-172.5699999999997,23577.832
25827.4,-172.55999999999767,23577.832
25827.41,-172.54999999999927,23674.92
25827.42,-172.54000000000087,23674.92
25827.43,-172.52999999999884,23723.475
25827.44,-172.52000000000044,23723.475
25827.45,-172.5099999999984,23723.475
25827.46,-172.5,23674.92
25827.47,-172.48999999999796,23577.832
25827.48,-172.47999999999956,23772.039
25827.49,-172.46999999999753,23383.758
25827.5,-172.45999999999913,23577.832
25827.51,-172.45000000000073,23529.301
25827.52,-172.4399999999987,23383.758
25827.53,-172.4300000000003,23529.301
25827.54,-172.41999999999825,23577.832
25827.55,-172.40999999999985,23480.779
25827.56,-172.39999999999782,23820.611
25827.57,-172.38999999999942,23820.611
25827.58,-172.37999999999738,23674.92
25827.59,-172.36999999999898,23917.777
25827.6,-172.36000000000058,23820.611
25827.61,-172.34999999999854,23577.832
25827.62,-172.34000000000015,23869.189
25827.63,-172.3299999999981,23723.475
25827.64,-172.3199999999997,23529.301
25827.65,-172.30999999999767,23723.475
25827.66,-172.29999999999927,23577.832
25827.67,-172.29000000000087,23626.373
25827.68,-172.27999999999884,23577.832
25827.69,-172.27000000000044,23480.779
25827.7,-172.2599999999984,23626.373
25827.71,-172.25,23626.373
25827.72,-172.23999999999796,23577.832
25827.73,-172.22999999999956,23723.475
25827.74,-172.21999999999753,23529.301
25827.75,-172.20999999999913,23674.92
25827.76,-172.20000000000073,23577.832
25827.77,-172.1899999999987,23577.832
25827.78,-172.1800000000003,23626.373
25827.79,-172.16999999999825,23820.611
25827.8,-172.15999999999985,23723.475
25827.81,-172.14999999999782,23723.475
25827.82,-172.13999999999942,23674.92
25827.83,-172.12999999999738,23723.475
25827.84,-172.11999999999898,23723.475
25827.85,-172.11000000000058,23480.779
25827.86,-172.09999999999854,23723.475
25827.87,-172.09000000000015,23480.779
25827.88,-172.0799999999981,23432.264
25827.89,-172.0699999999997,23577.832
25827.9,-172.05999999999767,23674.92
25827.91,-172.04999999999927,23626.373
25827.92,-172.04000000000087,24160.84
25827.93,-172.02999999999884,24793.752
25827.94,-172.02000000000044,24842.494
25827.95,-172.0099999999984,24745.018
25827.96,-172.0,24842.494
25827.97,-171.98999999999796,24988.77
25827.98,-171.97999999999956,24745.018
25827.99,-171.96999999999753,24598.863
25828.0,-171.95999999999913,23044.438
25828.01,-171.95000000000073,21835.83
25828.02,-171.9399999999987,21546.52
25828.03,-171.9300000000003,21353.809
25828.04,-171.91999999999825,21353.809
25828.05,-171.90999999999985,21353.809
25828.06,-171.89999999999782,21257.502
25828.07,-171.88999999999942,21401.973
25828.08,-171.87999999999738,21257.502
25828.09,-171.86999999999898,21305.65
25828.1,-171.86000000000058,21353.809
25828.11,-171.84999999999854,21353.809
25828.12,-171.84000000000015,21353.809
25828.13,-171.8299999999981,21353.809
25828.14,-171.8199999999997,21546.52
25828.15,-171.80999999999767,21401.973
25828.16,-171.79999999999927,21353.809
25828.17,-171.79000000000087,21305.65
25828.18,-171.77999999999884,21257.502
25828.19,-171.77000000000044,21450.146
25828.2,-171.7599999999984,21401.973
25828.21,-171.75,21353.809
25828.22,-171.73999999999796,21450.146
25828.23,-171.72999999999956,21498.33
25828.24,-171.71999999999753,21353.809
25828.25,-171.70999999999913,21305.65
25828.26,-171.70000000000073,21594.717
25828.27,-171.6899999999987,21401.973
25828.28,-171.6800000000003,21401.973
25828.29,-171.66999999999825,21305.65
25828.3,-171.65999999999985,21401.973
25828.31,-171.64999999999782,21353.809
25828.32,-171.63999999999942,21305.65
25828.33,-171.62999999999738,21161.227
25828.34,-171.61999999999898,21257.502
25828.35,-171.61000000000058,21401.973
25828.36,-171.59999999999854,21450.146
25828.37,-171.59000000000015,21546.52
25828.38,-171.5799999999981,21498.33
25828.39,-171.5699999999997,21401.973
25828.4,-171.55999999999767,21401.973
25828.41,-171.54999999999927,21401.973
25828.42,-171.54000000000087,21353.809
25828.43,-171.52999999999884,21642.924
25828.44,-171.52000000000044,21305.65
25828.45,-171.5099999999984,21401.973
25828.46,-171.5,21594.717
25828.47,-171.48999999999796,21209.359
25828.48,-171.47999999999956,21498.33
25828.49,-171.46999999999753,21305.65
25828.5,-171.45999999999913,21305.65
25828.51,-171.45000000000073,21353.809
25828.52,-171.4399999999987,21450.146
25828.53,-171.4300000000003,21161.227
25828.54,-171.41999999999825,21401.973
25828.55,-171.40999999999985,21401.973
25828.56,-171.39999999999782,21498.33
25828.57,-171.38999999999942,21498.33
25828.58,-171.37999999999738,21209.359
25828.59,-171.36999999999898,21064.984
25828.6,-171.36000000000058,21257.502
25828.61,-171.34999999999854,21401.973
25828.62,-171.34000000000015,21450.146
25828.63,-171.3299999999981,21161.227
25828.64,-171.3199999999997,21546.52
25828.65,-171.30999999999767,21353.809
25828.66,-171.29999999999927,21353.809
25828.67,-171.29000000000087,21401.973
25828.68,-171.27999999999884,21305.65
25828.69,-171.27000000000044,21498.33
25828.7,-171.2599999999984,21353.809
25828.71,-171.25,21305.65
25828.72,-171.23999999999796,21161.227
25828.73,-171.22999999999956,21353.809
25828.74,-171.21999999999753,21209.359
25828.75,-171.20999999999913,21353.809
25828.76,-171.20000000000073,21353.809
25828.77,-171.1899999999987,21450.146
25828.78,-171.1800000000003,21353.809
25828.79,-171.16999999999825,21305.65
25828.8,-171.15999999999985,21353.809
25828.81,-171.14999999999782,21161.227
25828.82,-171.13999999999942,21401.973
25828.83,-171.12999999999738,21209.359
25828.84,-171.11999999999898,21161.227
25828.85,-171.11000000000058,21257.502
25828.86,-171.09999999999854,21257.502
25828.87,-171.09000000000015,21257.502
25828.88,-171.0799999999981,21257.502
25828.89,-171.0699999999997,21064.984
25828.9,-171.05999999999767,21209.359
25828.91,-171.04999999999927,21161.227
25828.92,-171.04000000000087,21113.102
25828.93,-171.02999999999884,21353.809
25828.94,-171.02000000000044,21450.146
25828.95,-171.0099999999984,21353.809
25828.96,-171.0,21353.809
25828.97,-170.98999999999796,21353.809
25828.98,-170.97999999999956,21450.146
25828.99,-170.96999999999753,21450.146
25829.0,-170.95999999999913,21257.502
25829.01,-170.95000000000073,21161.227
25829.02,-170.9399999999987,21401.973
25829.03,-170.9300000000003,21161.227
25829.04,-170.91999999999825,21401.973
25829.05,-170.90999999999985,21450.146
25829.06,-170.89999999999782,21257.502
25829.07,-170.88999999999942,21401.973
25829.08,-170.87999999999738,21209.359
25829.09,-170.86999999999898,21498.33
25829.1,-170.86000000000058,21401.973
25829.11,-170.84999999999854,21305.65
25829.12,-170.84000000000015,21401.973
25829.13,-170.8299999999981,21401.973
25829.14,-170.8199999999997,21161.227
25829.15,-170.80999999999767,21161.227
25829.16,-170.79999999999927,21305.65
25829.17,-170.79000000000087,21064.984
25829.18,-170.77999999999884,21353.809
25829.19,-170.77000000000044,21498.33
25829.2,-170.7599999999984,21401.973
25829.21,-170.75,21546.52
25829.22,-170.73999999999796,21353.809
25829.23,-170.72999999999956,21305.65
25829.24,-170.71999999999753,21209.359
25829.25,-170.70999999999913,21305.65
25829.26,-170.70000000000073,21450.146
25829.27,-170.6899999999987,21257.502
25829.28,-170.6800000000003,21064.984
25829.29,-170.66999999999825,21209.359
25829.3,-170.65999999999985,21401.973
25829.31,-170.64999999999782,21064.984
25829.32,-170.63999999999942,21161.227
25829.33,-170.62999999999738,21209.359
25829.34,-170.61999999999898,21257.502
25829.35,-170.61000000000058,21353.809
25829.36,-170.59999999999854,21353.809
25829.37,-170.59000000000015,21353.809
25829.38,-170.5799999999981,21353.809
25829.39,-170.5699999999997,21305.65
25829.4,-170.55999999999767,21401.973
25829.41,-170.54999999999927,21594.717
25829.42,-170.54000000000087,21353.809
25829.43,-170.52999999999884,21498.33
25829.44,-170.52000000000044,21546.52
25829.45,-170.5099999999984,21257.502
25829.46,-170.5,21546.52
25829.47,-170.48999999999796,21546.52
25829.48,-170.47999999999956,21401.973
25829.49,-170.46999999999753,21594.717
25829.5,-170.45999999999913,21353.809
25829.51,-170.45000000000073,21305.65
25829.52,-170.4399999999987,21450.146
25829.53,-170.4300000000003,21209.359
25829.54,-170.41999999999825,21401.973
25829.55,-170.40999999999985,21353.809
25829.56,-170.39999999999782,21209.359
25829.57,-170.38999999999942,21257.502
25829.58,-170.37999999999738,21498.33
25829.59,-170.36999999999898,21161.227
25829.6,-170.36000000000058,21305.65
25829.61,-170.34999999999854,21401.973
25829.62,-170.34000000000015,21353.809
25829.63,-170.3299999999981,21161.227
25829.64,-170.3199999999997,21498.33
25829.65,-170.30999999999767,21450.146
25829.66,-170.29999999999927,21450.146
25829.67,-170.29000000000087,21257.502
25829.68,-170.27999999999884,21305.65
25829.69,-170.27000000000044,21401.973
25829.7,-170.2599999999984,21353.809
25829.71,-170.25,21450.146
25829.72,-170.23999999999796,21353.809
25829.73,-170.22999999999956,21450.146
25829.74,-170.21999999999753,21401.973
25829.75,-170.20999999999913,21498.33
25829.76,-170.20000000000073,21401.973
25829.77,-170.1899999999987,21401.973
25829.78,-170.1800000000003,21257.502
25829.79,-170.16999999999825,21257.502
25829.8,-170.15999999999985,21257.502
25829.81,-170.14999999999782,21498.33
25829.82,-170.13999999999942,21305.65
25829.83,-170.12999999999738,21401.973
25829.84,-170.11999999999898,21353.809
25829.85,-170.11000000000058,21498.33
25829.86,-170.09999999999854,21257.502
25829.87,-170.09000000000015,21209.359
25829.88,-170.0799999999981,21305.65
25829.89,-170.0699999999997,21401.973
25829.9,-170.05999999999767,21353.809
25829.91,-170.04999999999927,21401.973
25829.92,-170.04000000000087,21305.65
25829.93,-170.02999999999884,21401.973
25829.94,-170.02000000000044,21305.65
25829.95,-170.0099999999984,21401.973
25829.96,-170.0,21161.227
25829.97,-169.98999999999796,21305.65
25829.98,-169.97999999999956,21305.65
25829.99,-169.96999999999753,21257.502
25830.0,-169.95999999999913,21209.359
25830.01,-169.95000000000073,21257.502
25830.02,-169.9399999999987,21257.502
25830.03,-169.9300000000003,21209.359
25830.04,-169.91999999999825,21353.809
25830.05,-169.90999999999985,21353.809
25830.06,-169.89999999999782,21353.809
25830.07,-169.88999999999942,21401.973
25830.08,-169.87999999999738,21401.973
25830.09,-169.86999999999898,21305.65
25830.1,-169.86000000000058,21450.146
25830.11,-169.84999999999854,21401.973
25830.12,-169.84000000000015,21353.809
25830.13,-169.8299999999981,21401.973
25830.14,-169.8199999999997,21450.146
25830.15,-169.80999999999767,21257.502
25830.16,-169.79999999999927,21161.227
25830.17,-169.79000000000087,21257.502
25830.18,-169.77999999999884,21498.33
25830.19,-169.77000000000044,21401.973
25830.2,-169.7599999999984,21257.502
25830.21,-169.75,21353.809
25830.22,-169.73999999999796,21401.973
25830.23,-169.72999999999956,21450.146
25830.24,-169.71999999999753,21305.65
25830.25,-169.70999999999913,21209.359
25830.26,-169.70000000000073,21353.809
25830.27,-169.6899999999987,21161.227
25830.28,-169.6800000000003,21161.227
25830.29,-169.66999999999825,21401.973
25830.3,-169.65999999999985,21498.33
25830.31,-169.64999999999782,21353.809
25830.32,-169.63999999999942,21401.973
25830.33,-169.62999999999738,21401.973
25830.34,-169.61999999999898,21209.359
25830.35,-169.61000000000058,21353.809
25830.36,-169.59999999999854,21498.33
25830.37,-169.59000000000015,21209.359
25830.38,-169.5799999999981,21161.227
25830.39,-169.5699999999997,21353.809
25830.4,-169.55999999999767,21257.502
25830.41,-169.54999999999927,21209.359
25830.42,-169.54000000000087,21257.502
25830.43,-169.52999999999884,21353.809
25830.44,-169.52000000000044,21353.809
25830.45,-169.5099999999984,21209.359
25830.46,-169.5,20968.775
25830.47,-169.48999999999796,21450.146
25830.48,-169.47999999999956,21498.33
25830.49,-169.46999999999753,21305.65
25830.5,-169.45999999999913,21450.146
25830.51,-169.45000000000073,21305.65
25830.52,-169.4399999999987,21450.146
25830.53,-169.4300000000003,21161.227
25830.54,-169.41999999999825,21305.65
25830.55,-169.40999999999985,21161.227
25830.56,-169.39999999999782,21353.809
25830.57,-169.38999999999942,21546.52
25830.58,-169.37999999999738,21257.502
25830.59,-169.36999999999898,21353.809
25830.6,-169.36000000000058,21401.973
25830.61,-169.34999999999854,21353.809
25830.62,-169.34000000000015,21257.502
25830.63,-169.3299999999981,21498.33
25830.64,-169.3199999999997,21401.973
25830.65,-169.30999999999767,21401.973
25830.66,-169.29999999999927,21161.227
25830.67,-169.29000000000087,21161.227
25830.68,-169.27999999999884,21209.359
25830.69,-169.27000000000044,21305.65
25830.7,-169.2599999999984,21161.227
25830.71,-169.25,21353.809
25830.72,-169.23999999999796,21257.502
25830.73,-169.22999999999956,21257.502
25830.74,-169.21999999999753,21161.227
25830.75,-169.20999999999913,21257.502
25830.76,-169.20000000000073,21401.973
25830.77,-169.1899999999987,21401.973
25830.78,-169.1800000000003,21401.973
25830.79,-169.16999999999825,21257.502
25830.8,-169.15999999999985,21353.809
25830.81,-169.14999999999782,21353.809
25830.82,-169.13999999999942,21546.52
25830.83,-169.12999999999738,21257.502
25830.84,-169.11999999999898,21498.33
25830.85,-169.11000000000058,21161.227
25830.86,-169.09999999999854,21498.33
25830.87,-169.09000000000015,21209.359
25830.88,-169.0799999999981,21353.809
25830.89,-169.0699999999997,21401.973
25830.9,-169.05999999999767,21209.359
25830.91,-169.04999999999927,21305.65
25830.92,-169.04000000000087,21161.227
25830.93,-169.02999999999884,21594.717
25830.94,-169.02000000000044,21209.359
25830.95,-169.0099999999984,21498.33
25830.96,-169.0,21257.502
25830.97,-168.98999999999796,21353.809
25830.98,-168.97999999999956,21353.809
25830.99,-168.96999999999753,21209.359
25831.0,-168.95999999999913,21305.65
25831.01,-168.95000000000073,21257.502
25831.02,-168.9399999999987,21257.502
25831.03,-168.9300000000003,21257.502
25831.04,-168.91999999999825,21257.502
25831.05,-168.90999999999985,21305.65
25831.06,-168.89999999999782,21305.65
25831.07,-168.88999999999942,21161.227
25831.08,-168.87999999999738,21305.65
25831.09,-168.86999999999898,21257.502
25831.1,-168.86000000000058,21450.146
25831.11,-168.84999999999854,21450.146
25831.12,-168.84000000000015,21353.809
25831.13,-168.8299999999981,21353.809
25831.14,-168.8199999999997,21305.65
25831.15,-168.80999999999767,21257.502
25831.16,-168.79999999999927,21353.809
25831.17,-168.79000000000087,21161.227
25831.18,-168.77999999999884,21257.502
25831.19,-168.77000000000044,21401.973
25831.2,-168.7599999999984,21498.33
25831.21,-168.75,21161.227
25831.22,-168.73999999999796,21401.973
25831.23,-168.72999999999956,21353.809
25831.24,-168.71999999999753,21305.65
25831.25,-168.70999999999913,21161.227
25831.26,-168.70000000000073,21353.809
25831.27,-168.6899999999987,21401.973
25831.28,-168.6800000000003,21257.502
25831.29,-168.66999999999825,21161.227
25831.3,-168.65999999999985,21353.809
25831.31,-168.64999999999782,21401.973
25831.32,-168.63999999999942,21450.146
25831.33,-168.62999999999738,21353.809
25831.34,-168.61999999999898,21450.146
25831.35,-168.61000000000058,21594.717
25831.36,-168.59999999999854,21353.809
25831.37,-168.59000000000015,21450.146
25831.38,-168.5799999999981,21209.359
25831.39,-168.5699999999997,21305.65
25831.4,-168.55999999999767,21353.809
25831.41,-168.54999999999927,21353.809
25831.42,-168.54000000000087,21257.502
25831.43,-168.52999999999884,21401.973
25831.44,-168.52000000000044,21401.973
25831.45,-168.5099999999984,21161.227
25831.46,-168.5,21353.809
25831.47,-168.48999999999796,21498.33
25831.48,-168.47999999999956,21401.973
25831.49,-168.46999999999753,21161.227
25831.5,-168.45999999999913,21401.973
25831.51,-168.45000000000073,21257.502
25831.52,-168.4399999999987,21257.502
25831.53,-168.4300000000003,21305.65
25831.54,-168.41999999999825,21257.502
25831.55,-168.40999999999985,21401.973
25831.56,-168.39999999999782,21498.33
25831.57,-168.38999999999942,21401.973
25831.58,-168.37999999999738,21401.973
25831.59,-168.36999999999898,21498.33
25831.6,-168.36000000000058,21353.809
25831.61,-168.34999999999854,21450.146
25831.62,-168.34000000000015,21257.502
25831.63,-168.3299999999981,21401.973
25831.64,-168.3199999999997,21305.65
25831.65,-168.30999999999767,21353.809
25831.66,-168.29999999999927,21305.65
25831.67,-168.29000000000087,21353.809
25831.68,-168.27999999999884,21353.809
25831.69,-168.27000000000044,21257.502
25831.7,-168.2599999999984,21305.65
25831.71,-168.25,21353.809
25831.72,-168.23999999999796,21498.33
25831.73,-168.22999999999956,21450.146
25831.74,-168.21999999999753,21353.809
25831.75,-168.20999999999913,21209.359
25831.76,-168.20000000000073,21450.146
25831.77,-168.1899999999987,21257.502
25831.78,-168.1800000000003,21401.973
25831.79,-168.16999999999825,21401.973
25831.8,-168.15999999999985,21594.717
25831.81,-168.14999999999782,21305.65
25831.82,-168.13999999999942,21257.502
25831.83,-168.12999999999738,21209.359
25831.84,-168.11999999999898,21257.502
25831.85,-168.11000000000058,21401.973
25831.86,-168.09999999999854,21401.973
25831.87,-168.09000000000015,21401.973
25831.88,-168.0799999999981,21257.502
25831.89,-168.0699999999997,21401.973
25831.9,-168.05999999999767,21209.359
25831.91,-168.04999999999927,21353.809
25831.92,-168.04000000000087,21401.973
25831.93,-168.02999999999884,21161.227
25831.94,-168.02000000000044,21498.33
25831.95,-168.0099999999984,21209.359
25831.96,-168.0,21161.227
25831.97,-167.98999999999796,21257.502
25831.98,-167.97999999999956,21401.973
25831.99,-167.96999999999753,21401.973
25832.0,-167.95999999999913,21401.973
25832.01,-167.95000000000073,21353.809
25832.02,-167.9399999999987,21594.717
25832.03,-167.9300000000003,21401.973
25832.04,-167.91999999999825,21353.809
25832.05,-167.90999999999985,21257.502
25832.06,-167.89999999999782,21401.973
25832.07,-167.88999999999942,21353.809
25832.08,-167.87999999999738,21257.502
25832.09,-167.86999999999898,21305.65
25832.1,-167.86000000000058,21305.65
25832.11,-167.84999999999854,21161.227
25832.12,-167.84000000000015,21353.809
25832.13,-167.8299999999981,21401.973
25832.14,-167.8199999999997,21353.809
25832.15,-167.80999999999767,21305.65
25832.16,-167.79999999999927,21113.102
25832.17,-167.79000000000087,21257.502
25832.18,-167.77999999999884,21353.809
25832.19,-167.77000000000044,21161.227
25832.2,-167.7599999999984,21161.227
25832.21,-167.75,21257.502
25832.22,-167.73999999999796,21209.359
25832.23,-167.72999999999956,21450.146
25832.24,-167.71999999999753,21113.102
25832.25,-167.70999999999913,21305.65
25832.26,-167.70000000000073,21401.973
25832.27,-167.6899999999987,21450.146
25832.28,-167.6800000000003,21450.146
25832.29,-167.66999999999825,21353.809
25832.3,-167.65999999999985,21401.973
25832.31,-167.64999999999782,21257.502
25832.32,-167.63999999999942,21064.984
25832.33,-167.62999999999738,21305.65
25832.34,-167.61999999999898,21305.65
25832.35,-167.61000000000058,21401.973
25832.36,-167.59999999999854,21305.65
25832.37,-167.59000000000015,21161.227
25832.38,-167.5799999999981,21450.146
25832.39,-167.5699999999997,21305.65
25832.4,-167.55999999999767,21353.809
25832.41,-167.54999999999927,21353.809
25832.42,-167.54000000000087,21305.65
25832.43,-167.52999999999884,21209.359
25832.44,-167.52000000000044,21257.502
25832.45,-167.5099999999984,21209.359
25832.46,-167.5,21161.227
25832.47,-167.48999999999796,21353.809
25832.48,-167.47999999999956,21257.502
25832.49,-167.46999999999753,21353.809
25832.5,-167.45999999999913,21305.65
25832.51,-167.45000000000073,21161.227
25832.52,-167.4399999999987,21401.973
25832.53,-167.4300000000003,21257.502
25832.54,-167.41999999999825,21450.146
25832.55,-167.40999999999985,21401.973
25832.56,-167.39999999999782,21257.502
25832.57,-167.38999999999942,21401.973
25832.58,-167.37999999999738,21257.502
25832.59,-167.36999999999898,21401.973
25832.6,-167.36000000000058,21257.502
25832.61,-167.34999999999854,21257.502
25832.62,-167.34000000000015,21305.65
25832.63,-167.3299999999981,21353.809
25832.64,-167.3199999999997,21257.502
25832.65,-167.30999999999767,21064.984
25832.66,-167.29999999999927,21305.65
25832.67,-167.29000000000087,21209.359
25832.68,-167.27999999999884,21594.717
25832.69,-167.27000000000044,21305.65
25832.7,-167.2599999999984,21401.973
25832.71,-167.25,21305.65
25832.72,-167.23999999999796,21546.52
25832.73,-167.22999999999956,21450.146
25832.74,-167.21999999999753,21353.809
25832.75,-167.20999999999913,21401.973
25832.76,-167.20000000000073,21401.973
25832.77,-167.1899999999987,21401.973
25832.78,-167.1800000000003,21305.65
25832.79,-167.16999999999825,21401.973
25832.8,-167.15999999999985,21450.146
25832.81,-167.14999999999782,21450.146
25832.82,-167.13999999999942,21305.65
25832.83,-167.12999999999738,21113.102
25832.84,-167.11999999999898,21161.227
25832.85,-167.11000000000058,21353.809
25832.86,-167.09999999999854,21401.973
25832.87,-167.09000000000015,21353.809
25832.88,-167.0799999999981,21257.502
25832.89,-167.0699999999997,21450.146
25832.9,-167.05999999999767,21209.359
25832.91,-167.04999999999927,21257.502
25832.92,-167.04000000000087,21401.973
25832.93,-167.02999999999884,21498.33
25832.94,-167.02000000000044,21161.227
25832.95,-167.0099999999984,21209.359
25832.96,-167.0,21305.65
25832.97,-166.98999999999796,21305.65
25832.98,-166.97999999999956,21401.973
25832.99,-166.96999999999753,21064.984
25833.0,-166.95999999999913,21257.502
25833.01,-166.95000000000073,21209.359
25833.02,-166.9399999999987,21305.65
25833.03,-166.9300000000003,21161.227
25833.04,-166.91999999999825,21161.227
25833.05,-166.90999999999985,21450.146
25833.06,-166.89999999999782,21257.502
25833.07,-166.88999999999942,21305.65
25833.08,-166.87999999999738,21257.502
25833.09,-166.86999999999898,21113.102
25833.1,-166.86000000000058,21353.809
25833.11,-166.84999999999854,21450.146
25833.12,-166.84000000000015,21305.65
25833.13,-166.8299999999981,21401.973
25833.14,-166.8199999999997,21450.146
25833.15,-166.80999999999767,21401.973
25833.16,-166.79999999999927,21257.502
25833.17,-166.79000000000087,21594.717
25833.18,-166.77999999999884,21353.809
25833.19,-166.77000000000044,21257.502
25833.2,-166.7599999999984,21401.973
25833.21,-166.75,21401.973
25833.22,-166.73999999999796,21257.502
25833.23,-166.72999999999956,21498.33
25833.24,-166.71999999999753,21450.146
25833.25,-166.70999999999913,21209.359
25833.26,-166.70000000000073,21305.65
25833.27,-166.6899999999987,21305.65
25833.28,-166.6800000000003,21064.984
25833.29,-166.66999999999825,21257.502
25833.3,-166.65999999999985,21305.65
25833.31,-166.64999999999782,21209.359
25833.32,-166.63999999999942,21161.227
25833.33,-166.62999999999738,21209.359
25833.34,-166.61999999999898,21113.102
25833.35,-166.61000000000058,21257.502
25833.36,-166.59999999999854,21161.227
25833.37,-166.59000000000015,21401.973
25833.38,-166.5799999999981,21353.809
25833.39,-166.5699999999997,21305.65
25833.4,-166.55999999999767,21401.973
25833.41,-166.54999999999927,21401.973
25833.42,-166.54000000000087,21257.502
25833.43,-166.52999999999884,21498.33
25833.44,-166.52000000000044,21401.973
25833.45,-166.5099999999984,21113.102
25833.46,-166.5,21257.502
25833.47,-166.48999999999796,21209.359
25833.48,-166.47999999999956,21450.146
25833.49,-166.46999999999753,21257.502
25833.5,-166.45999999999913,21401.973
25833.51,-166.45000000000073,21450.146
25833.52,-166.4399999999987,21353.809
25833.53,-166.4300000000003,21353.809
25833.54,-166.41999999999825,21353.809
25833.55,-166.40999999999985,21450.146
25833.56,-166.39999999999782,21450.146
25833.57,-166.38999999999942,21450.146
25833.58,-166.37999999999738,21594.717
25833.59,-166.36999999999898,21305.65
25833.6,-166.36000000000058,21257.502
25833.61,-166.34999999999854,21353.809
25833.62,-166.34000000000015,21209.359
25833.63,-166.3299999999981,21401.973
25833.64,-166.3199999999997,21305.65
25833.65,-166.30999999999767,21401.973
25833.66,-166.29999999999927,21305.65
25833.67,-166.29000000000087,21161.227
25833.68,-166.27999999999884,21353.809
25833.69,-166.27000000000044,21401.973
25833.7,-166.2599999999984,21113.102
25833.71,-166.25,21257.502
25833.72,-166.23999999999796,21498.33
25833.73,-166.22999999999956,21594.717
25833.74,-166.21999999999753,21401.973
25833.75,-166.20999999999913,21401.973
25833.76,-166.20000000000073,21498.33
25833.77,-166.1899999999987,21353.809
25833.78,-166.1800000000003,21353.809
25833.79,-166.16999999999825,21353.809
25833.8,-166.15999999999985,21450.146
25833.81,-166.14999999999782,21353.809
25833.82,-166.13999999999942,21257.502
25833.83,-166.12999999999738,21209.359
25833.84,-166.11999999999898,21161.227
25833.85,-166.11000000000058,21161.227
25833.86,-166.09999999999854,21401.973
25833.87,-166.09000000000015,21353.809
25833.88,-166.0799999999981,21594.717
25833.89,-166.0699999999997,21305.65
25833.9,-166.05999999999767,21401.973
25833.91,-166.04999999999927,21450.146
25833.92,-166.04000000000087,21353.809
25833.93,-166.02999999999884,21353.809
25833.94,-166.02000000000044,21353.809
25833.95,-166.0099999999984,21257.502
25833.96,-166.0,21305.65
25833.97,-165.98999999999796,21450.146
25833.98,-165.97999999999956,21546.52
25833.99,-165.96999999999753,21305.65
25834.0,-165.95999999999913,21401.973
25834.01,-165.95000000000073,21353.809
25834.02,-165.9399999999987,21401.973
25834.03,-165.9300000000003,21257.502
25834.04,-165.91999999999825,21064.984
25834.05,-165.90999999999985,21401.973
25834.06,-165.89999999999782,21257.502
25834.07,-165.88999999999942,21257.502
25834.08,-165.87999999999738,21161.227
25834.09,-165.86999999999898,21209.359
25834.1,-165.86000000000058,21209.359
25834.11,-165.84999999999854,21161.227
25834.12,-165.84000000000015,21401.973
25834.13,-165.8299999999981,21257.502
25834.14,-165.8199999999997,21450.146
25834.15,-165.80999999999767,21353.809
25834.16,-165.79999999999927,21305.65
25834.17,-165.79000000000087,21305.65
25834.18,-165.77999999999884,21546.52
25834.19,-165.77000000000044,21401.973
25834.2,-165.7599999999984,21305.65
25834.21,-165.75,21064.984
25834.22,-165.73999999999796,21353.809
25834.23,-165.72999999999956,21401.973
25834.24,-165.71999999999753,21257.502
25834.25,-165.70999999999913,21257.502
25834.26,-165.70000000000073,21209.359
25834.27,-165.6899999999987,21353.809
25834.28,-165.6800000000003,21209.359
25834.29,-165.66999999999825,21257.502
25834.3,-165.65999999999985,21401.973
25834.31,-165.64999999999782,21161.227
25834.32,-165.63999999999942,21209.359
25834.33,-165.62999999999738,21450.146
25834.34,-165.61999999999898,21161.227
25834.35,-165.61000000000058,21498.33
25834.36,-165.59999999999854,21209.359
25834.37,-165.59000000000015,21305.65
25834.38,-165.5799999999981,21450.146
25834.39,-165.5699999999997,21401.973
25834.4,-165.55999999999767,21450.146
25834.41,-165.54999999999927,21401.973
25834.42,-165.54000000000087,21161.227
25834.43,-165.52999999999884,21401.973
25834.44,-165.52000000000044,21161.227
25834.45,-165.5099999999984,21401.973
25834.46,-165.5,21257.502
25834.47,-165.48999999999796,21546.52
25834.48,-165.47999999999956,21257.502
25834.49,-165.46999999999753,21257.502
25834.5,-165.45999999999913,21353.809
25834.51,-165.45000000000073,21209.359
25834.52,-165.4399999999987,21450.146
25834.53,-165.4300000000003,21161.227
25834.54,-165.41999999999825,21064.984
25834.55,-165.40999999999985,21546.52
25834.56,-165.39999999999782,21353.809
25834.57,-165.38999999999942,21401.973
25834.58,-165.37999999999738,21594.717
25834.59,-165.36999999999898,21353.809
25834.6,-165.36000000000058,21401.973
25834.61,-165.34999999999854,21353.809
25834.62,-165.34000000000015,21257.502
25834.63,-165.3299999999981,21401.973
25834.64,-165.3199999999997,21450.146
25834.65,-165.30999999999767,21450.146
25834.66,-165.29999999999927,21305.65
25834.67,-165.29000000000087,21305.65
25834.68,-165.27999999999884,21401.973
25834.69,-165.27000000000044,21257.502
25834.7,-165.2599999999984,21161.227
25834.71,-165.25,21257.502
25834.72,-165.23999999999796,21257.502
25834.73,-165.22999999999956,21305.65
25834.74,-165.21999999999753,21305.65
25834.75,-165.20999999999913,21450.146
25834.76,-165.20000000000073,21546.52
25834.77,-165.1899999999987,21353.809
25834.78,-165.1800000000003,21401.973
25834.79,-165.16999999999825,21401.973
25834.8,-165.15999999999985,21161.227
25834.81,-165.14999999999782,21161.227
25834.82,-165.13999999999942,21209.359
25834.83,-165.12999999999738,21305.65
25834.84,-165.11999999999898,21353.809
25834.85,-165.11000000000058,21353.809
25834.86,-165.09999999999854,21161.227
25834.87,-165.09000000000015,21401.973
25834.88,-165.0799999999981,21450.146
25834.89,-165.0699999999997,21353.809
25834.9,-165.05999999999767,21353.809
25834.91,-165.04999999999927,21209.359
25834.92,-165.04000000000087,21257.502
25834.93,-165.02999999999884,21594.717
25834.94,-165.02000000000044,21257.502
25834.95,-165.0099999999984,21401.973
25834.96,-165.0,21161.227
25834.97,-164.98999999999796,21498.33
25834.98,-164.97999999999956,21594.717
25834.99,-164.96999999999753,21401.973
25835.0,-164.95999999999913,21305.65
25835.01,-164.95000000000073,21353.809
25835.02,-164.9399999999987,21401.973
25835.03,-164.9300000000003,21353.809
25835.04,-164.91999999999825,21401.973
25835.05,-164.90999999999985,21594.717
25835.06,-164.89999999999782,21450.146
25835.07,-164.88999999999942,21257.502
25835.08,-164.87999999999738,21401.973
25835.09,-164.86999999999898,21450.146
25835.1,-164.86000000000058,21498.33
25835.11,-164.84999999999854,21353.809
25835.12,-164.84000000000015,21305.65
25835.13,-164.8299999999981,21450.146
25835.14,-164.8199999999997,21450.146
25835.15,-164.80999999999767,21257.502
25835.16,-164.79999999999927,21401.973
25835.17,-164.79000000000087,21161.227
25835.18,-164.77999999999884,21353.809
25835.19,-164.77000000000044,21401.973
25835.2,-164.7599999999984,21353.809
25835.21,-164.75,21401.973
25835.22,-164.73999999999796,21305.65
25835.23,-164.72999999999956,21353.809
25835.24,-164.71999999999753,21353.809
25835.25,-164.70999999999913,21257.502
25835.26,-164.70000000000073,21257.502
25835.27,-164.6899999999987,21257.502
25835.28,-164.6800000000003,21305.65
25835.29,-164.66999999999825,21209.359
25835.3,-164.65999999999985,21450.146
25835.31,-164.64999999999782,21401.973
25835.32,-164.63999999999942,21450.146
25835.33,-164.62999999999738,21305.65
25835.34,-164.61999999999898,21353.809
25835.35,-164.61000000000058,21401.973
25835.36,-164.59999999999854,21401.973
25835.37,-164.59000000000015,21353.809
25835.38,-164.5799999999981,21450.146
25835.39,-164.5699999999997,21401.973
25835.4,-164.55999999999767,21401.973
25835.41,-164.54999999999927,21546.52
25835.42,-164.54000000000087,21257.502
25835.43,-164.52999999999884,21305.65
25835.44,-164.52000000000044,21257.502
25835.45,-164.5099999999984,21546.52
25835.46,-164.5,21353.809
25835.47,-164.48999999999796,21353.809
25835.48,-164.47999999999956,21401.973
25835.49,-164.46999999999753,21353.809
25835.5,-164.45999999999913,21305.65
25835.51,-164.45000000000073,21305.65
25835.52,-164.4399999999987,21401.973
25835.53,-164.4300000000003,21353.809
25835.54,-164.41999999999825,21691.139
25835.55,-164.40999999999985,21401.973
25835.56,-164.39999999999782,21257.502
25835.57,-164.38999999999942,21305.65
25835.58,-164.37999999999738,21209.359
25835.59,-164.36999999999898,21209.359
25835.6,-164.36000000000058,21546.52
25835.61,-164.34999999999854,21305.65
25835.62,-164.34000000000015,21401.973
25835.63,-164.3299999999981,21305.65
25835.64,-164.3199999999997,21353.809
25835.65,-164.30999999999767,21401.973
25835.66,-164.29999999999927,21450.146
25835.67,-164.29000000000087,21257.502
25835.68,-164.27999999999884,21353.809
25835.69,-164.27000000000044,21353.809
25835.7,-164.2599999999984,21257.502
25835.71,-164.25,21353.809
25835.72,-164.23999999999796,21305.65
25835.73,-164.22999999999956,21450.146
25835.74,-164.21999999999753,21257.502
25835.75,-164.20999999999913,21305.65
25835.76,-164.20000000000073,21450.146
25835.77,-164.1899999999987,21353.809
25835.78,-164.1800000000003,21161.227
25835.79,-164.16999999999825,21257.502
25835.8,-164.15999999999985,21353.809
25835.81,-164.14999999999782,21353.809
25835.82,-164.13999999999942,21401.973
25835.83,-164.12999999999738,21305.65
25835.84,-164.11999999999898,21401.973
25835.85,-164.11000000000058,21450.146
25835.86,-164.09999999999854,21498.33
25835.87,-164.09000000000015,21401.973
25835.88,-164.0799999999981,21546.52
25835.89,-164.0699999999997,21401.973
25835.9,-164.05999999999767,21498.33
25835.91,-164.04999999999927,21209.359
25835.92,-164.04000000000087,21305.65
25835.93,-164.02999999999884,21257.502
25835.94,-164.02000000000044,21450.146
25835.95,-164.0099999999984,21161.227
25835.96,-164.0,21257.502
25835.97,-163.98999999999796,21353.809
25835.98,-163.97999999999956,21353.809
25835.99,-163.96999999999753,21209.359
25836.0,-163.95999999999913,21161.227
25836.01,-163.95000000000073,21305.65
25836.02,-163.9399999999987,21257.502
25836.03,-163.9300000000003,21305.65
25836.04,-163.91999999999825,21305.65
25836.05,-163.90999999999985,21353.809
25836.06,-163.89999999999782,21209.359
25836.07,-163.88999999999942,21353.809
25836.08,-163.87999999999738,21594.717
25836.09,-163.86999999999898,21594.717
25836.1,-163.86000000000058,21257.502
25836.11,-163.84999999999854,21257.502
25836.12,-163.84000000000015,21401.973
25836.13,-163.8299999999981,21353.809
25836.14,-163.8199999999997,21498.33
25836.15,-163.80999999999767,21257.502
25836.16,-163.79999999999927,21450.146
25836.17,-163.79000000000087,21353.809
25836.18,-163.77999999999884,21450.146
25836.19,-163.77000000000044,21353.809
25836.2,-163.7599999999984,21401.973
25836.21,-163.75,21353.809
25836.22,-163.73999999999796,21546.52
25836.23,-163.72999999999956,21401.973
25836.24,-163.71999999999753,21353.809
25836.25,-163.70999999999913,21257.502
25836.26,-163.70000000000073,21353.809
25836.27,-163.6899999999987,21305.65
25836.28,-163.6800000000003,20968.775
25836.29,-163.66999999999825,21353.809
25836.3,-163.65999999999985,21401.973
25836.31,-163.64999999999782,21209.359
25836.32,-163.63999999999942,21161.227
25836.33,-163.62999999999738,21257.502
25836.34,-163.61999999999898,21401.973
25836.35,-163.61000000000058,21450.146
25836.36,-163.59999999999854,21305.65
25836.37,-163.59000000000015,21113.102
25836.38,-163.5799999999981,21642.924
25836.39,-163.5699999999997,21546.52
25836.4,-163.55999999999767,21161.227
25836.41,-163.54999999999927,21257.502
25836.42,-163.54000000000087,21450.146
25836.43,-163.52999999999884,21401.973
25836.44,-163.52000000000044,21353.809
25836.45,-163.5099999999984,21353.809
25836.46,-163.5,21353.809
25836.47,-163.48999999999796,21450.146
25836.48,-163.47999999999956,21401.973
25836.49,-163.46999999999753,21401.973
25836.5,-163.45999999999913,21161.227
25836.51,-163.45000000000073,21401.973
25836.52,-163.4399999999987,21257.502
25836.53,-163.4300000000003,21450.146
25836.54,-163.41999999999825,21257.502
25836.55,-163.40999999999985,21161.227
25836.56,-163.39999999999782,21305.65
25836.57,-163.38999999999942,21353.809
25836.58,-163.37999999999738,21257.502
25836.59,-163.36999999999898,21450.146
25836.6,-163.36000000000058,21401.973
25836.61,-163.34999999999854,21594.717
25836.62,-163.34000000000015,21305.65
25836.63,-163.3299999999981,21498.33
25836.64,-163.3199999999997,21209.359
25836.65,-163.30999999999767,21257.502
25836.66,-163.29999999999927,21064.984
25836.67,-163.29000000000087,21498.33
25836.68,-163.27999999999884,21353.809
25836.69,-163.27000000000044,21161.227
25836.7,-163.2599999999984,21401.973
25836.71,-163.25,21401.973
25836.72,-163.23999999999796,21498.33
25836.73,-163.22999999999956,21161.227
25836.74,-163.21999999999753,21353.809
25836.75,-163.20999999999913,21305.65
25836.76,-163.20000000000073,21257.502
25836.77,-163.1899999999987,21450.146
25836.78,-163.1800000000003,21257.502
25836.79,-163.16999999999825,21401.973
25836.8,-163.15999999999985,21498.33
25836.81,-163.14999999999782,21498.33
25836.82,-163.13999999999942,21257.502
25836.83,-163.12999999999738,21305.65
25836.84,-163.11999999999898,21401.973
25836.85,-163.11000000000058,21450.146
25836.86,-163.09999999999854,21401.973
25836.87,-163.09000000000015,21257.502
25836.88,-163.0799999999981,21353.809
25836.89,-163.0699999999997,21642.924
25836.9,-163.05999999999767,21257.502
25836.91,-163.04999999999927,21401.973
25836.92,-163.04000000000087,21257.502
25836.93,-163.02999999999884,21305.65
25836.94,-163.02000000000044,21353.809
25836.95,-163.0099999999984,21401.973
25836.96,-163.0,21353.809
25836.97,-162.98999999999796,21305.65
25836.98,-162.97999999999956,21353.809
25836.99,-162.96999999999753,21450.146
25837.0,-162.95999999999913,21257.502
25837.01,-162.95000000000073,21353.809
25837.02,-162.9399999999987,21305.65
25837.03,-162.9300000000003,21401.973
25837.04,-162.91999999999825,21401.973
25837.05,-162.90999999999985,21546.52
25837.06,-162.89999999999782,21498.33
25837.07,-162.88999999999942,21161.227
25837.08,-162.87999999999738,21353.809
25837.09,-162.86999999999898,21161.227
25837.1,-162.86000000000058,21305.65
25837.11,-162.84999999999854,21257.502
25837.12,-162.84000000000015,21305.65
25837.13,-162.8299999999981,21209.359
25837.14,-162.8199999999997,21209.359
25837.15,-162.80999999999767,21401.973
25837.16,-162.79999999999927,21161.227
25837.17,-162.79000000000087,21353.809
25837.18,-162.77999999999884,21401.973
25837.19,-162.77000000000044,21353.809
25837.2,-162.7599999999984,21353.809
25837.21,-162.75,21353.809
25837.22,-162.73999999999796,21353.809
25837.23,-162.72999999999956,21401.973
25837.24,-162.71999999999753,21257.502
25837.25,-162.70999999999913,21401.973
25837.26,-162.70000000000073,21305.65
25837.27,-162.6899999999987,21305.65
25837.28,-162.6800000000003,21498.33
25837.29,-162.66999999999825,21353.809
25837.3,-162.65999999999985,21594.717
25837.31,-162.64999999999782,21401.973
25837.32,-162.63999999999942,21305.65
25837.33,-162.62999999999738,21450.146
25837.34,-162.61999999999898,21353.809
25837.35,-162.61000000000058,21498.33
25837.36,-162.59999999999854,21401.973
25837.37,-162.59000000000015,21305.65
25837.38,-162.5799999999981,21257.502
25837.39,-162.5699999999997,21161.227
25837.4,-162.55999999999767,21257.502
25837.41,-162.54999999999927,21498.33
25837.42,-162.54000000000087,21161.227
25837.43,-162.52999999999884,21209.359
25837.44,-162.52000000000044,21401.973
25837.45,-162.5099999999984,21353.809
25837.46,-162.5,21353.809
25837.47,-162.48999999999796,21401.973
25837.48,-162.47999999999956,21450.146
25837.49,-162.46999999999753,21161.227
25837.5,-162.45999999999913,21353.809
25837.51,-162.45000000000073,21305.65
25837.52,-162.4399999999987,21305.65
25837.53,-162.4300000000003,21257.502
25837.54,-162.41999999999825,21450.146
25837.55,-162.40999999999985,21353.809
25837.56,-162.39999999999782,21401.973
25837.57,-162.38999999999942,21353.809
25837.58,-162.37999999999738,21450.146
25837.59,-162.36999999999898,21353.809
25837.6,-162.36000000000058,21305.65
25837.61,-162.34999999999854,21353.809
25837.62,-162.34000000000015,21401.973
25837.63,-162.3299999999981,21257.502
25837.64,-162.3199999999997,21353.809
25837.65,-162.30999999999767,21209.359
25837.66,-162.29999999999927,21305.65
25837.67,-162.29000000000087,21401.973
25837.68,-162.27999999999884,21401.973
25837.69,-162.27000000000044,21209.359
25837.7,-162.2599999999984,21401.973
25837.71,-162.25,21305.65
25837.72,-162.23999999999796,21450.146
25837.73,-162.22999999999956,21305.65
25837.74,-162.21999999999753,21257.502
25837.75,-162.20999999999913,21401.973
25837.76,-162.20000000000073,21450.146
25837.77,-162.1899999999987,21257.502
25837.78,-162.1800000000003,21546.52
25837.79,-162.16999999999825,21450.146
25837.8,-162.15999999999985,21498.33
25837.81,-162.14999999999782,21257.502
25837.82,-162.13999999999942,21353.809
25837.83,-162.12999999999738,21305.65
25837.84,-162.11999999999898,21353.809
25837.85,-162.11000000000058,21546.52
25837.86,-162.09999999999854,21353.809
25837.87,-162.09000000000015,21498.33
25837.88,-162.0799999999981,21353.809
25837.89,-162.0699999999997,21305.65
25837.9,-162.05999999999767,21401.973
25837.91,-162.04999999999927,21353.809
25837.92,-162.04000000000087,21353.809
25837.93,-162.02999999999884,21401.973
25837.94,-162.02000000000044,21401.973
25837.95,-162.0099999999984,21401.973
25837.96,-162.0,21353.809
25837.97,-161.98999999999796,21401.973
25837.98,-161.97999999999956,21257.502
25837.99,-161.96999999999753,21401.973
25838.0,-161.95999999999913,21450.146
25838.01,-161.95000000000073,21450.146
25838.02,-161.9399999999987,21450.146
25838.03,-161.9300000000003,21209.359
25838.04,-161.91999999999825,21450.146
25838.05,-161.90999999999985,21450.146
25838.06,-161.89999999999782,21594.717
25838.07,-161.88999999999942,21353.809
25838.08,-161.87999999999738,21401.973
25838.09,-161.86999999999898,21401.973
25838.1,-161.86000000000058,21353.809
25838.11,-161.84999999999854,21257.502
25838.12,-161.84000000000015,21642.924
25838.13,-161.8299999999981,21450.146
25838.14,-161.8199999999997,21546.52
25838.15,-161.80999999999767,21257.502
25838.16,-161.79999999999927,21498.33
25838.17,-161.79000000000087,21498.33
25838.18,-161.77999999999884,21353.809
25838.19,-161.77000000000044,21353.809
25838.2,-161.7599999999984,21257.502
25838.21,-161.75,21257.502
25838.22,-161.73999999999796,21353.809
25838.23,-161.72999999999956,21305.65
25838.24,-161.71999999999753,21401.973
25838.25,-161.70999999999913,21305.65
25838.26,-161.70000000000073,21401.973
25838.27,-161.6899999999987,21209.359
25838.28,-161.6800000000003,21305.65
25838.29,-161.66999999999825,21353.809
25838.3,-161.65999999999985,21401.973
25838.31,-161.64999999999782,21401.973
25838.32,-161.63999999999942,21401.973
25838.33,-161.62999999999738,21209.359
25838.34,-161.61999999999898,21401.973
25838.35,-161.61000000000058,21546.52
25838.36,-161.59999999999854,21257.502
25838.37,-161.59000000000015,21401.973
25838.38,-161.5799999999981,21257.502
25838.39,-161.5699999999997,21257.502
25838.4,-161.55999999999767,21401.973
25838.41,-161.54999999999927,21450.146
25838.42,-161.54000000000087,21401.973
25838.43,-161.52999999999884,21401.973
25838.44,-161.52000000000044,21209.359
25838.45,-161.5099999999984,21353.809
25838.46,-161.5,21305.65
25838.47,-161.48999999999796,21546.52
25838.48,-161.47999999999956,21401.973
25838.49,-161.46999999999753,21450.146
25838.5,-161.45999999999913,21546.52
25838.51,-161.45000000000073,21401.973
25838.52,-161.4399999999987,21498.33
25838.53,-161.4300000000003,21353.809
25838.54,-161.41999999999825,21305.65
25838.55,-161.40999999999985,21594.717
25838.56,-161.39999999999782,21546.52
25838.57,-161.38999999999942,21305.65
25838.58,-161.37999999999738,21353.809
25838.59,-161.36999999999898,21691.139
25838.6,-161.36000000000058,21450.146
25838.61,-161.34999999999854,21401.973
25838.62,-161.34000000000015,21305.65
25838.63,-161.3299999999981,21305.65
25838.64,-161.3199999999997,21161.227
25838.65,-161.30999999999767,21161.227
25838.66,-161.29999999999927,21257.502
25838.67,-161.29000000000087,21161.227
25838.68,-161.27999999999884,21113.102
25838.69,-161.27000000000044,21161.227
25838.7,-161.2599999999984,22270.344
25838.71,-161.25,23141.346
25838.72,-161.23999999999796,23286.768
25838.73,-161.22999999999956,23626.373
25838.74,-161.21999999999753,23820.611
25838.75,-161.20999999999913,23820.611
25838.76,-161.20000000000073,23917.777
25838.77,-161.1899999999987,23674.92
25838.78,-161.1800000000003,23577.832
25838.79,-161.16999999999825,23723.475
25838.8,-161.15999999999985,23917.777
25838.81,-161.14999999999782,23577.832
25838.82,-161.13999999999942,23772.039
25838.83,-161.12999999999738,23577.832
25838.84,-161.11999999999898,23772.039
25838.85,-161.11000000000058,23723.475
25838.86,-161.09999999999854,23626.373
25838.87,-161.09000000000015,23869.189
25838.88,-161.0799999999981,23820.611
25838.89,-161.0699999999997,23869.189
25838.9,-161.05999999999767,23723.475
25838.91,-161.04999999999927,23869.189
25838.92,-161.04000000000087,23626.373
25838.93,-161.02999999999884,23820.611
25838.94,-161.02000000000044,23577.832
25838.95,-161.0099999999984,23674.92
25838.96,-161.0,23723.475
25838.97,-160.98999999999796,23626.373
25838.98,-160.97999999999956,23723.475
25838.99,-160.96999999999753,23577.832
25839.0,-160.95999999999913,23723.475
25839.01,-160.95000000000073,23674.92
25839.02,-160.9399999999987,23335.258
25839.03,-160.9300000000003,23529.301
25839.04,-160.91999999999825,23820.611
25839.05,-160.90999999999985,23723.475
25839.06,-160.89999999999782,23723.475
25839.07,-160.88999999999942,23723.475
25839.08,-160.87999999999738,23772.039
25839.09,-160.86999999999898,23772.039
25839.1,-160.86000000000058,23723.475
25839.11,-160.84999999999854,23772.039
25839.12,-160.84000000000015,23723.475
25839.13,-160.8299999999981,23480.779
25839.14,-160.8199999999997,23529.301
25839.15,-160.80999999999767,23480.779
25839.16,-160.79999999999927,23529.301
25839.17,-160.79000000000087,23529.301
25839.18,-160.77999999999884,23772.039
25839.19,-160.77000000000044,23674.92
25839.2,-160.7599999999984,23626.373
25839.21,-160.75,23772.039
25839.22,-160.73999999999796,23723.475
25839.23,-160.72999999999956,23820.611
25839.24,-160.71999999999753,23917.777
25839.25,-160.70999999999913,23723.475
25839.26,-160.70000000000073,23869.189
25839.27,-160.6899999999987,23917.777
25839.28,-160.6800000000003,23674.92
25839.29,-160.66999999999825,23723.475
25839.3,-160.65999999999985,23480.779
25839.31,-160.64999999999782,23480.779
25839.32,-160.63999999999942,23626.373
25839.33,-160.62999999999738,23674.92
25839.34,-160.61999999999898,23772.039
25839.35,-160.61000000000058,23626.373
25839.36,-160.59999999999854,23577.832
25839.37,-160.59000000000015,23772.039
25839.38,-160.5799999999981,23869.189
25839.39,-160.5699999999997,23674.92
25839.4,-160.55999999999767,23869.189
25839.41,-160.54999999999927,23772.039
25839.42,-160.54000000000087,23674.92
25839.43,-160.52999999999884,23820.611
25839.44,-160.52000000000044,23723.475
25839.45,-160.5099999999984,23723.475
25839.46,-160.5,23626.373
25839.47,-160.48999999999796,23529.301
25839.48,-160.47999999999956,23723.475
25839.49,-160.46999999999753,23674.92
25839.5,-160.45999999999913,23723.475
25839.51,-160.45000000000073,23626.373
25839.52,-160.4399999999987,23820.611
25839.53,-160.4300000000003,23723.475
25839.54,-160.41999999999825,23820.611
25839.55,-160.40999999999985,24891.244
25839.56,-160.39999999999782,24988.77
25839.57,-160.38999999999942,24647.572
25839.58,-160.37999999999738,24647.572
25839.59,-160.36999999999898,24745.018
25839.6,-160.36000000000058,24647.572
25839.61,-160.34999999999854,24988.77
25839.62,-160.34000000000015,23480.779
25839.63,-160.3299999999981,22415.328
25839.64,-160.3199999999997,21739.359
25839.65,-160.30999999999767,21401.973
25839.66,-160.29999999999927,21401.973
25839.67,-160.29000000000087,21353.809
25839.68,-160.27999999999884,21691.139
25839.69,-160.27000000000044,21498.33
25839.7,-160.2599999999984,21450.146
25839.71,-160.25,21498.33
25839.72,-160.23999999999796,21642.924
25839.73,-160.22999999999956,21642.924
25839.74,-160.21999999999753,21353.809
25839.75,-160.20999999999913,21498.33
25839.76,-160.20000000000073,21642.924
25839.77,-160.1899999999987,21691.139
25839.78,-160.1800000000003,21594.717
25839.79,-160.16999999999825,21401.973
25839.8,-160.15999999999985,21498.33
25839.81,-160.14999999999782,21546.52
25839.82,-160.13999999999942,21691.139
25839.83,-160.12999999999738,21450.146
25839.84,-160.11999999999898,21498.33
25839.85,-160.11000000000058,21739.359
25839.86,-160.09999999999854,21594.717
25839.87,-160.09000000000015,21450.146
25839.88,-160.0799999999981,21546.52
25839.89,-160.0699999999997,21594.717
25839.9,-160.05999999999767,21691.139
25839.91,-160.04999999999927,21498.33
25839.92,-160.04000000000087,21353.809
25839.93,-160.02999999999884,21691.139
25839.94,-160.02000000000044,21594.717
25839.95,-160.0099999999984,21498.33
25839.96,-160.0,21498.33
25839.97,-159.98999999999796,21546.52
25839.98,-159.97999999999956,21546.52
25839.99,-159.96999999999753,21546.52
25840.0,-159.95999999999913,21450.146
25840.01,-159.95000000000073,21401.973
25840.02,-159.9399999999987,21498.33
25840.03,-159.9300000000003,21546.52
25840.04,-159.91999999999825,21353.809
25840.05,-159.90999999999985,21450.146
25840.06,-159.89999999999782,21401.973
25840.07,-159.88999999999942,21642.924
25840.08,-159.87999999999738,21305.65
25840.09,-159.86999999999898,21257.502
25840.1,-159.86000000000058,21401.973
25840.11,-159.84999999999854,21401.973
25840.12,-159.84000000000015,21401.973
25840.13,-159.8299999999981,21498.33
25840.14,-159.8199999999997,21498.33
25840.15,-159.80999999999767,21498.33
25840.16,-159.79999999999927,21498.33
25840.17,-159.79000000000087,21498.33
25840.18,-159.77999999999884,21546.52
25840.19,-159.77000000000044,21594.717
25840.2,-159.7599999999984,21546.52
25840.21,-159.75,21594.717
25840.22,-159.73999999999796,21594.717
25840.23,-159.72999999999956,21642.924
25840.24,-159.71999999999753,21401.973
25840.25,-159.70999999999913,21401.973
25840.26,-159.70000000000073,21498.33
25840.27,-159.6899999999987,21642.924
25840.28,-159.6800000000003,21546.52
25840.29,-159.66999999999825,21546.52
25840.3,-159.65999999999985,21787.59
25840.31,-159.64999999999782,21691.139
25840.32,-159.63999999999942,21546.52
25840.33,-159.62999999999738,21594.717
25840.34,-159.61999999999898,21642.924
25840.35,-159.61000000000058,21691.139
25840.36,-159.59999999999854,21594.717
25840.37,-159.59000000000015,21401.973
25840.38,-159.5799999999981,21642.924
25840.39,-159.5699999999997,21691.139
25840.4,-159.55999999999767,21787.59
25840.41,-159.54999999999927,21498.33
25840.42,-159.54000000000087,21594.717
25840.43,-159.52999999999884,21401.973
25840.44,-159.52000000000044,21498.33
25840.45,-159.5099999999984,21353.809
25840.46,-159.5,21450.146
25840.47,-159.48999999999796,21498.33
25840.48,-159.47999999999956,21546.52
25840.49,-159.46999999999753,21401.973
25840.5,-159.45999999999913,21498.33
25840.51,-159.45000000000073,21691.139
25840.52,-159.4399999999987,21546.52
25840.53,-159.4300000000003,21594.717
25840.54,-159.41999999999825,21498.33
25840.55,-159.40999999999985,21787.59
25840.56,-159.39999999999782,21498.33
25840.57,-159.38999999999942,21546.52
25840.58,-159.37999999999738,21498.33
25840.59,-159.36999999999898,21546.52
25840.6,-159.36000000000058,21450.146
25840.61,-159.34999999999854,21498.33
25840.62,-159.34000000000015,21642.924
25840.63,-159.3299999999981,21642.924
25840.64,-159.3199999999997,21450.146
25840.65,-159.30999999999767,21498.33
25840.66,-159.29999999999927,21401.973
25840.67,-159.29000000000087,21546.52
25840.68,-159.27999999999884,21546.52
25840.69,-159.27000000000044,21642.924
25840.7,-159.2599999999984,21401.973
25840.71,-159.25,21305.65
25840.72,-159.23999999999796,21450.146
25840.73,-159.22999999999956,21498.33
25840.74,-159.21999999999753,21498.33
25840.75,-159.20999999999913,21353.809
25840.76,-159.20000000000073,21498.33
25840.77,-159.1899999999987,21450.146
25840.78,-159.1800000000003,21498.33
25840.79,-159.16999999999825,21401.973
25840.8,-159.15999999999985,21546.52
25840.81,-159.14999999999782,21353.809
25840.82,-159.13999999999942,21594.717
25840.83,-159.12999999999738,21450.146
25840.84,-159.11999999999898,21594.717
25840.85,-159.11000000000058,21787.59
25840.86,-159.09999999999854,21546.52
25840.87,-159.09000000000015,21546.52
25840.88,-159.0799999999981,21498.33
25840.89,-159.0699999999997,21594.717
25840.9,-159.05999999999767,21450.146
25840.91,-159.04999999999927,21353.809
25840.92,-159.04000000000087,21305.65
25840.93,-159.02999999999884,21401.973
25840.94,-159.02000000000044,21594.717
25840.95,-159.0099999999984,21498.33
25840.96,-159.0,21401.973
25840.97,-158.98999999999796,21353.809
25840.98,-158.97999999999956,21498.33
25840.99,-158.96999999999753,21450.146
25841.0,-158.95999999999913,21642.924
25841.01,-158.95000000000073,21787.59
25841.02,-158.9399999999987,21498.33
25841.03,-158.9300000000003,21450.146
25841.04,-158.91999999999825,21546.52
25841.05,-158.90999999999985,21642.924
25841.06,-158.89999999999782,21546.52
25841.07,-158.88999999999942,21353.809
25841.08,-158.87999999999738,21594.717
25841.09,-158.86999999999898,21546.52
25841.1,-158.86000000000058,21401.973
25841.11,-158.84999999999854,21498.33
25841.12,-158.84000000000015,21305.65
25841.13,-158.8299999999981,21161.227
25841.14,-158.8199999999997,21642.924
25841.15,-158.80999999999767,21691.139
25841.16,-158.79999999999927,21401.973
25841.17,-158.79000000000087,21401.973
25841.18,-158.77999999999884,21642.924
25841.19,-158.77000000000044,21498.33
25841.2,-158.7599999999984,21305.65
25841.21,-158.75,21305.65
25841.22,-158.73999999999796,21546.52
25841.23,-158.72999999999956,21594.717
25841.24,-158.71999999999753,21305.65
25841.25,-158.70999999999913,21642.924
25841.26,-158.70000000000073,21450.146
25841.27,-158.6899999999987,21353.809
25841.28,-158.6800000000003,21450.146
25841.29,-158.66999999999825,21257.502
25841.3,-158.65999999999985,21594.717
25841.31,-158.64999999999782,21498.33
25841.32,-158.63999999999942,21594.717
25841.33,-158.62999999999738,21450.146
25841.34,-158.61999999999898,21691.139
25841.35,-158.61000000000058,21450.146
25841.36,-158.59999999999854,21498.33
25841.37,-158.59000000000015,21498.33
25841.38,-158.5799999999981,21546.52
25841.39,-158.5699999999997,21546.52
25841.4,-158.55999999999767,21257.502
25841.41,-158.54999999999927,21498.33
25841.42,-158.54000000000087,21353.809
25841.43,-158.52999999999884,21594.717
25841.44,-158.52000000000044,21642.924
25841.45,-158.5099999999984,21546.52
25841.46,-158.5,21642.924
25841.47,-158.48999999999796,21498.33
25841.48,-158.47999999999956,21161.227
25841.49,-158.46999999999753,21353.809
25841.5,-158.45999999999913,21594.717
25841.51,-158.45000000000073,21642.924
25841.52,-158.4399999999987,21450.146
25841.53,-158.4300000000003,21401.973
25841.54,-158.41999999999825,21401.973
25841.55,-158.40999999999985,21691.139
25841.56,-158.39999999999782,21594.717
25841.57,-158.38999999999942,21498.33
25841.58,-158.37999999999738,21498.33
25841.59,-158.36999999999898,21546.52
25841.6,-158.36000000000058,21642.924
25841.61,-158.34999999999854,21498.33
25841.62,-158.34000000000015,21546.52
25841.63,-158.3299999999981,21498.33
25841.64,-158.3199999999997,21305.65
25841.65,-158.30999999999767,21594.717
25841.66,-158.29999999999927,21353.809
25841.67,-158.29000000000087,21498.33
25841.68,-158.27999999999884,21353.809
25841.69,-158.27000000000044,21498.33
25841.7,-158.2599999999984,21305.65
25841.71,-158.25,21498.33
25841.72,-158.23999999999796,21594.717
25841.73,-158.22999999999956,21546.52
25841.74,-158.21999999999753,21450.146
25841.75,-158.20999999999913,21546.52
25841.76,-158.20000000000073,21401.973
25841.77,-158.1899999999987,21691.139
25841.78,-158.1800000000003,21594.717
25841.79,-158.16999999999825,21546.52
25841.8,-158.15999999999985,21546.52
25841.81,-158.14999999999782,21353.809
25841.82,-158.13999999999942,21594.717
25841.83,-158.12999999999738,21546.52
25841.84,-158.11999999999898,21546.52
25841.85,-158.11000000000058,21594.717
25841.86,-158.09999999999854,21450.146
25841.87,-158.09000000000015,21450.146
25841.88,-158.0799999999981,21546.52
25841.89,-158.0699999999997,21546.52
25841.9,-158.05999999999767,21642.924
25841.91,-158.04999999999927,21594.717
25841.92,-158.04000000000087,21305.65
25841.93,-158.02999999999884,21642.924
25841.94,-158.02000000000044,21642.924
25841.95,-158.0099999999984,21787.59
25841.96,-158.0,21305.65
25841.97,-157.98999999999796,21594.717
25841.98,-157.97999999999956,21450.146
25841.99,-157.96999999999753,21401.973
25842.0,-157.95999999999913,21353.809
25842.01,-157.95000000000073,21546.52
25842.02,-157.9399999999987,21401.973
25842.03,-157.9300000000003,21594.717
25842.04,-157.91999999999825,21353.809
25842.05,-157.90999999999985,21642.924
25842.06,-157.89999999999782,21691.139
25842.07,-157.88999999999942,21498.33
25842.08,-157.87999999999738,21546.52
25842.09,-157.86999999999898,21787.59
25842.1,-157.86000000000058,21594.717
25842.11,-157.84999999999854,21787.59
25842.12,-157.84000000000015,21353.809
25842.13,-157.8299999999981,21450.146
25842.14,-157.8199999999997,21546.52
25842.15,-157.80999999999767,21450.146
25842.16,-157.79999999999927,21546.52
25842.17,-157.79000000000087,21546.52
25842.18,-157.77999999999884,21546.52
25842.19,-157.77000000000044,21450.146
25842.2,-157.7599999999984,21401.973
25842.21,-157.75,21498.33
25842.22,-157.73999999999796,21546.52
25842.23,-157.72999999999956,21498.33
25842.24,-157.71999999999753,21691.139
25842.25,-157.70999999999913,21546.52
25842.26,-157.70000000000073,21450.146
25842.27,-157.6899999999987,21642.924
25842.28,-157.6800000000003,21401.973
25842.29,-157.66999999999825,21642.924
25842.3,-157.65999999999985,21594.717
25842.31,-157.64999999999782,21642.924
25842.32,-157.63999999999942,21498.33
25842.33,-157.62999999999738,21546.52
25842.34,-157.61999999999898,21691.139
25842.35,-157.61000000000058,21546.52
25842.36,-157.59999999999854,21498.33
25842.37,-157.59000000000015,21305.65
25842.38,-157.5799999999981,21450.146
25842.39,-157.5699999999997,21161.227
25842.4,-157.55999999999767,21594.717
25842.41,-157.54999999999927,21594.717
25842.42,-157.54000000000087,21353.809
25842.43,-157.52999999999884,21546.52
25842.44,-157.52000000000044,21787.59
25842.45,-157.5099999999984,21546.52
25842.46,-157.5,21498.33
25842.47,-157.48999999999796,21450.146
25842.48,-157.47999999999956,21642.924
25842.49,-157.46999999999753,21401.973
25842.5,-157.45999999999913,21401.973
25842.51,-157.45000000000073,21353.809
25842.52,-157.4399999999987,21401.973
25842.53,-157.4300000000003,21401.973
25842.54,-157.41999999999825,21594.717
25842.55,-157.40999999999985,21739.359
25842.56,-157.39999999999782,21498.33
25842.57,-157.38999999999942,21546.52
25842.58,-157.37999999999738,21401.973
25842.59,-157.36999999999898,21450.146
25842.6,-157.36000000000058,21498.33
25842.61,-157.34999999999854,21594.717
25842.62,-157.34000000000015,21546.52
25842.63,-157.3299999999981,21546.52
25842.64,-157.3199999999997,21498.33
25842.65,-157.30999999999767,21594.717
25842.66,-157.29999999999927,21305.65
25842.67,-157.29000000000087,21305.65
25842.68,-157.27999999999884,21594.717
25842.69,-157.27000000000044,21594.717
25842.7,-157.2599999999984,21594.717
25842.71,-157.25,21594.717
25842.72,-157.23999999999796,21594.717
25842.73,-157.22999999999956,21353.809
25842.74,-157.21999999999753,21450.146
25842.75,-157.20999999999913,21450.146
25842.76,-157.20000000000073,21642.924
25842.77,-157.1899999999987,21642.924
25842.78,-157.1800000000003,21401.973
25842.79,-157.16999999999825,21546.52
25842.8,-157.15999999999985,21594.717
25842.81,-157.14999999999782,21498.33
25842.82,-157.13999999999942,21498.33
25842.83,-157.12999999999738,21546.52
25842.84,-157.11999999999898,21546.52
25842.85,-157.11000000000058,21450.146
25842.86,-157.09999999999854,21594.717
25842.87,-157.09000000000015,21594.717
25842.88,-157.0799999999981,21594.717
25842.89,-157.0699999999997,21642.924
25842.9,-157.05999999999767,21642.924
25842.91,-157.04999999999927,21353.809
25842.92,-157.04000000000087,21691.139
25842.93,-157.02999999999884,21594.717
25842.94,-157.02000000000044,21642.924
25842.95,-157.0099999999984,21450.146
25842.96,-157.0,21546.52
25842.97,-156.98999999999796,21546.52
25842.98,-156.97999999999956,21498.33
25842.99,-156.96999999999753,21546.52
25843.0,-156.95999999999913,21498.33
25843.01,-156.95000000000073,21546.52
25843.02,-156.9399999999987,21450.146
25843.03,-156.9300000000003,21401.973
25843.04,-156.91999999999825,21546.52
25843.05,-156.90999999999985,21546.52
25843.06,-156.89999999999782,21401.973
25843.07,-156.88999999999942,21498.33
25843.08,-156.87999999999738,21401.973
25843.09,-156.86999999999898,21450.146
25843.1,-156.86000000000058,21642.924
25843.11,-156.84999999999854,21498.33
25843.12,-156.84000000000015,21594.717
25843.13,-156.8299999999981,21401.973
25843.14,-156.8199999999997,21498.33
25843.15,-156.80999999999767,21546.52
25843.16,-156.79999999999927,21594.717
25843.17,-156.79000000000087,21546.52
25843.18,-156.77999999999884,21739.359
25843.19,-156.77000000000044,21546.52
25843.2,-156.7599999999984,21305.65
25843.21,-156.75,21450.146
25843.22,-156.73999999999796,21450.146
25843.23,-156.72999999999956,21787.59
25843.24,-156.71999999999753,21546.52
25843.25,-156.70999999999913,21642.924
25843.26,-156.70000000000073,21691.139
25843.27,-156.6899999999987,21594.717
25843.28,-156.6800000000003,21450.146
25843.29,-156.66999999999825,21450.146
25843.3,-156.65999999999985,21498.33
25843.31,-156.64999999999782,21353.809
25843.32,-156.63999999999942,21546.52
25843.33,-156.62999999999738,21642.924
25843.34,-156.61999999999898,21546.52
25843.35,-156.61000000000058,21546.52
25843.36,-156.59999999999854,21691.139
25843.37,-156.59000000000015,21594.717
25843.38,-156.5799999999981,21498.33
25843.39,-156.5699999999997,21642.924
25843.4,-156.55999999999767,21546.52
25843.41,-156.54999999999927,21450.146
25843.42,-156.54000000000087,21257.502
25843.43,-156.52999999999884,21642.924
25843.44,-156.52000000000044,21546.52
25843.45,-156.5099999999984,21498.33
25843.46,-156.5,21546.52
25843.47,-156.48999999999796,21498.33
25843.48,-156.47999999999956,21642.924
25843.49,-156.46999999999753,21353.809
25843.5,-156.45999999999913,21257.502
25843.51,-156.45000000000073,21498.33
25843.52,-156.4399999999987,21546.52
25843.53,-156.4300000000003,21450.146
25843.54,-156.41999999999825,21594.717
25843.55,-156.40999999999985,21594.717
25843.56,-156.39999999999782,21161.227
25843.57,-156.38999999999942,21257.502
25843.58,-156.37999999999738,21546.52
25843.59,-156.36999999999898,21691.139
25843.6,-156.36000000000058,21546.52
25843.61,-156.34999999999854,21450.146
25843.62,-156.34000000000015,21594.717
25843.63,-156.3299999999981,21691.139
25843.64,-156.3199999999997,21691.139
25843.65,-156.30999999999767,21498.33
25843.66,-156.29999999999927,21498.33
25843.67,-156.29000000000087,21450.146
25843.68,-156.27999999999884,21594.717
25843.69,-156.27000000000044,21498.33
25843.7,-156.2599999999984,21450.146
25843.71,-156.25,21353.809
25843.72,-156.23999999999796,21691.139
25843.73,-156.22999999999956,21787.59
25843.74,-156.21999999999753,21546.52
25843.75,-156.20999999999913,21594.717
25843.76,-156.20000000000073,21691.139
25843.77,-156.1899999999987,21594.717
25843.78,-156.1800000000003,21498.33
25843.79,-156.16999999999825,21450.146
25843.8,-156.15999999999985,21594.717
25843.81,-156.14999999999782,21305.65
25843.82,-156.13999999999942,21257.502
25843.83,-156.12999999999738,21498.33
25843.84,-156.11999999999898,21498.33
25843.85,-156.11000000000058,21594.717
25843.86,-156.09999999999854,21257.502
25843.87,-156.09000000000015,21691.139
25843.88,-156.0799999999981,21594.717
25843.89,-156.0699999999997,21546.52
25843.9,-156.05999999999767,21498.33
25843.91,-156.04999999999927,21257.502
25843.92,-156.04000000000087,21594.717
25843.93,-156.02999999999884,21450.146
25843.94,-156.02000000000044,21546.52
25843.95,-156.0099999999984,21450.146
25843.96,-156.0,21257.502
25843.97,-155.98999999999796,21594.717
25843.98,-155.97999999999956,21594.717
25843.99,-155.96999999999753,21257.502
25844.0,-155.95999999999913,21498.33
25844.01,-155.95000000000073,21353.809
25844.02,-155.9399999999987,21787.59
25844.03,-155.9300000000003,21546.52
25844.04,-155.91999999999825,21498.33
25844.05,-155.90999999999985,21546.52
25844.06,-155.89999999999782,21498.33
25844.07,-155.88999999999942,21353.809
25844.08,-155.87999999999738,21546.52
25844.09,-155.86999999999898,21498.33
25844.1,-155.86000000000058,21642.924
25844.11,-155.84999999999854,21691.139
25844.12,-155.84000000000015,21401.973
25844.13,-155.8299999999981,21594.717
25844.14,-155.8199999999997,21546.52
25844.15,-155.80999999999767,21450.146
25844.16,-155.79999999999927,21401.973
25844.17,-155.79000000000087,21450.146
25844.18,-155.77999999999884,21835.83
25844.19,-155.77000000000044,21546.52
25844.2,-155.7599999999984,21450.146
25844.21,-155.75,21498.33
25844.22,-155.73999999999796,21498.33
25844.23,-155.72999999999956,21739.359
25844.24,-155.71999999999753,21498.33
25844.25,-155.70999999999913,21401.973
25844.26,-155.70000000000073,21353.809
25844.27,-155.6899999999987,21353.809
25844.28,-155.6800000000003,21450.146
25844.29,-155.66999999999825,21450.146
25844.3,-155.65999999999985,21739.359
25844.31,-155.64999999999782,21546.52
25844.32,-155.63999999999942,21594.717
25844.33,-155.62999999999738,21642.924
25844.34,-155.61999999999898,21546.52
25844.35,-155.61000000000058,21450.146
25844.36,-155.59999999999854,21546.52
25844.37,-155.59000000000015,21884.076
25844.38,-155.5799999999981,21594.717
25844.39,-155.5699999999997,21401.973
25844.4,-155.55999999999767,21546.52
25844.41,-155.54999999999927,21594.717
25844.42,-155.54000000000087,21401.973
25844.43,-155.52999999999884,21498.33
25844.44,-155.52000000000044,21353.809
25844.45,-155.5099999999984,21450.146
25844.46,-155.5,21546.52
25844.47,-155.48999999999796,21642.924
25844.48,-155.47999999999956,21450.146
25844.49,-155.46999999999753,21450.146
25844.5,-155.45999999999913,21401.973
25844.51,-155.45000000000073,21401.973
25844.52,-155.4399999999987,21739.359
25844.53,-155.4300000000003,21353.809
25844.54,-155.41999999999825,21498.33
25844.55,-155.40999999999985,21546.52
25844.56,-155.39999999999782,21691.139
25844.57,-155.38999999999942,21546.52
25844.58,-155.37999999999738,21594.717
25844.59,-155.36999999999898,21401.973
25844.6,-155.36000000000058,21450.146
25844.61,-155.34999999999854,21305.65
25844.62,-155.34000000000015,21401.973
25844.63,-155.3299999999981,21546.52
25844.64,-155.3199999999997,21401.973
25844.65,-155.30999999999767,21450.146
25844.66,-155.29999999999927,21401.973
25844.67,-155.29000000000087,21257.502
25844.68,-155.27999999999884,21498.33
25844.69,-155.27000000000044,21498.33
25844.7,-155.2599999999984,21546.52
25844.71,-155.25,21257.502
25844.72,-155.23999999999796,21498.33
25844.73,-155.22999999999956,21546.52
25844.74,-155.21999999999753,21546.52
25844.75,-155.20999999999913,21594.717
25844.76,-155.20000000000073,21739.359
25844.77,-155.1899999999987,21594.717
25844.78,-155.1800000000003,21401.973
25844.79,-155.16999999999825,21450.146
25844.8,-155.15999999999985,21787.59
25844.81,-155.14999999999782,21594.717
25844.82,-155.13999999999942,21305.65
25844.83,-155.12999999999738,21498.33
25844.84,-155.11999999999898,21546.52
25844.85,-155.11000000000058,21739.359
25844.86,-155.09999999999854,21498.33
25844.87,-155.09000000000015,21450.146
25844.88,-155.0799999999981,21691.139
25844.89,-155.0699999999997,21450.146
25844.9,-155.05999999999767,21353.809
25844.91,-155.04999999999927,21353.809
25844.92,-155.04000000000087,21450.146
25844.93,-155.02999999999884,21401.973
25844.94,-155.02000000000044,21209.359
25844.95,-155.0099999999984,21401.973
25844.96,-155.0,21353.809
25844.97,-154.98999999999796,21257.502
25844.98,-154.97999999999956,21594.717
25844.99,-154.96999999999753,21401.973
25845.0,-154.95999999999913,21353.809
25845.01,-154.95000000000073,21353.809
25845.02,-154.9399999999987,21594.717
25845.03,-154.9300000000003,21450.146
25845.04,-154.91999999999825,21546.52
25845.05,-154.90999999999985,21450.146
25845.06,-154.89999999999782,21401.973
25845.07,-154.88999999999942,21450.146
25845.08,-154.87999999999738,21450.146
25845.09,-154.86999999999898,21835.83
25845.1,-154.86000000000058,21787.59
25845.11,-154.84999999999854,21739.359
25845.12,-154.84000000000015,21353.809
25845.13,-154.8299999999981,21546.52
25845.14,-154.8199999999997,21642.924
25845.15,-154.80999999999767,21450.146
25845.16,-154.79999999999927,21498.33
25845.17,-154.79000000000087,21594.717
25845.18,-154.77999999999884,21642.924
25845.19,-154.77000000000044,21691.139
25845.2,-154.7599999999984,21257.502
25845.21,-154.75,21498.33
25845.22,-154.73999999999796,21691.139
25845.23,-154.72999999999956,21450.146
25845.24,-154.71999999999753,21498.33
25845.25,-154.70999999999913,21546.52
25845.26,-154.70000000000073,21498.33
25845.27,-154.6899999999987,21594.717
25845.28,-154.6800000000003,21594.717
25845.29,-154.66999999999825,21594.717
25845.3,-154.65999999999985,21787.59
25845.31,-154.64999999999782,21594.717
25845.32,-154.63999999999942,21546.52
25845.33,-154.62999999999738,21642.924
25845.34,-154.61999999999898,21498.33
25845.35,-154.61000000000058,21642.924
25845.36,-154.59999999999854,21450.146
25845.37,-154.59000000000015,21546.52
25845.38,-154.5799999999981,21401.973
25845.39,-154.5699999999997,21642.924
25845.4,-154.55999999999767,21642.924
25845.41,-154.54999999999927,21353.809
25845.42,-154.54000000000087,21353.809
25845.43,-154.52999999999884,21546.52
25845.44,-154.52000000000044,21546.52
25845.45,-154.5099999999984,21498.33
25845.46,-154.5,21498.33
25845.47,-154.48999999999796,21594.717
25845.48,-154.47999999999956,21594.717
25845.49,-154.46999999999753,21401.973
25845.5,-154.45999999999913,21450.146
25845.51,-154.45000000000073,21594.717
25845.52,-154.4399999999987,21498.33
25845.53,-154.4300000000003,21546.52
25845.54,-154.41999999999825,21594.717
25845.55,-154.40999999999985,21498.33
25845.56,-154.39999999999782,21642.924
25845.57,-154.38999999999942,21498.33
25845.58,-154.37999999999738,21546.52
25845.59,-154.36999999999898,21642.924
25845.6,-154.36000000000058,21739.359
25845.61,-154.34999999999854,21691.139
25845.62,-154.34000000000015,21642.924
25845.63,-154.3299999999981,21546.52
25845.64,-154.3199999999997,21546.52
25845.65,-154.30999999999767,21642.924
25845.66,-154.29999999999927,21305.65
25845.67,-154.29000000000087,21498.33
25845.68,-154.27999999999884,21739.359
25845.69,-154.27000000000044,21353.809
25845.7,-154.2599999999984,21353.809
25845.71,-154.25,21594.717
25845.72,-154.23999999999796,21594.717
25845.73,-154.22999999999956,21546.52
25845.74,-154.21999999999753,21546.52
25845.75,-154.20999999999913,21546.52
25845.76,-154.20000000000073,21594.717
25845.77,-154.1899999999987,21739.359
25845.78,-154.1800000000003,21498.33
25845.79,-154.16999999999825,21594.717
25845.8,-154.15999999999985,21642.924
25845.81,-154.14999999999782,21691.139
25845.82,-154.13999999999942,21594.717
25845.83,-154.12999999999738,21594.717
25845.84,-154.11999999999898,21498.33
25845.85,-154.11000000000058,21450.146
25845.86,-154.09999999999854,21353.809
25845.87,-154.09000000000015,21450.146
25845.88,-154.0799999999981,21498.33
25845.89,-154.0699999999997,21450.146
25845.9,-154.05999999999767,21401.973
25845.91,-154.04999999999927,21450.146
25845.92,-154.04000000000087,21353.809
25845.93,-154.02999999999884,21498.33
25845.94,-154.02000000000044,21305.65
25845.95,-154.0099999999984,21450.146
25845.96,-154.0,21498.33
25845.97,-153.98999999999796,21498.33
25845.98,-153.97999999999956,21401.973
25845.99,-153.96999999999753,21353.809
25846.0,-153.95999999999913,21594.717
25846.01,-153.95000000000073,21787.59
25846.02,-153.9399999999987,21450.146
25846.03,-153.9300000000003,21401.973
25846.04,-153.91999999999825,21498.33
25846.05,-153.90999999999985,21691.139
25846.06,-153.89999999999782,21498.33
25846.07,-153.88999999999942,21450.146
25846.08,-153.87999999999738,21498.33
25846.09,-153.86999999999898,21353.809
25846.1,-153.86000000000058,21498.33
25846.11,-153.84999999999854,21401.973
25846.12,-153.84000000000015,21498.33
25846.13,-153.8299999999981,21594.717
25846.14,-153.8199999999997,21401.973
25846.15,-153.80999999999767,21498.33
25846.16,-153.79999999999927,21932.332
25846.17,-153.79000000000087,21450.146
25846.18,-153.77999999999884,21691.139
25846.19,-153.77000000000044,21787.59
25846.2,-153.7599999999984,21642.924
25846.21,-153.75,21498.33
25846.22,-153.73999999999796,21450.146
25846.23,-153.72999999999956,21594.717
25846.24,-153.71999999999753,21546.52
25846.25,-153.70999999999913,21691.139
25846.26,-153.70000000000073,21546.52
25846.27,-153.6899999999987,21401.973
25846.28,-153.6800000000003,21642.924
25846.29,-153.66999999999825,21450.146
25846.3,-153.65999999999985,21787.59
25846.31,-153.64999999999782,21691.139
25846.32,-153.63999999999942,21787.59
25846.33,-153.62999999999738,21498.33
25846.34,-153.61999999999898,21498.33
25846.35,-153.61000000000058,21546.52
25846.36,-153.59999999999854,21498.33
25846.37,-153.59000000000015,21450.146
25846.38,-153.5799999999981,21401.973
25846.39,-153.5699999999997,21594.717
25846.4,-153.55999999999767,21498.33
25846.41,-153.54999999999927,21546.52
25846.42,-153.54000000000087,21594.717
25846.43,-153.52999999999884,21594.717
25846.44,-153.52000000000044,21401.973
25846.45,-153.5099999999984,21450.146
25846.46,-153.5,21498.33
25846.47,-153.48999999999796,21594.717
25846.48,-153.47999999999956,21642.924
25846.49,-153.46999999999753,21594.717
25846.5,-153.45999999999913,21642.924
25846.51,-153.45000000000073,21546.52
25846.52,-153.4399999999987,21594.717
25846.53,-153.4300000000003,21546.52
25846.54,-153.41999999999825,21546.52
25846.55,-153.40999999999985,21594.717
25846.56,-153.39999999999782,21498.33
25846.57,-153.38999999999942,21305.65
25846.58,-153.37999999999738,21498.33
25846.59,-153.36999999999898,21642.924
25846.6,-153.36000000000058,21642.924
25846.61,-153.34999999999854,21594.717
25846.62,-153.34000000000015,21594.717
25846.63,-153.3299999999981,21498.33
25846.64,-153.3199999999997,21594.717
25846.65,-153.30999999999767,21691.139
25846.66,-153.29999999999927,21498.33
25846.67,-153.29000000000087,21642.924
25846.68,-153.27999999999884,21594.717
25846.69,-153.27000000000044,21594.717
25846.7,-153.2599999999984,21594.717
25846.71,-153.25,21546.52
25846.72,-153.23999999999796,21642.924
25846.73,-153.22999999999956,21450.146
25846.74,-153.21999999999753,21691.139
25846.75,-153.20999999999913,21642.924
25846.76,-153.20000000000073,21546.52
25846.77,-153.1899999999987,21691.139
25846.78,-153.1800000000003,21450.146
25846.79,-153.16999999999825,21450.146
25846.8,-153.15999999999985,21739.359
25846.81,-153.14999999999782,21739.359
25846.82,-153.13999999999942,21594.717
25846.83,-153.12999999999738,21450.146
25846.84,-153.11999999999898,21691.139
25846.85,-153.11000000000058,21739.359
25846.86,-153.09999999999854,21642.924
25846.87,-153.09000000000015,21594.717
25846.88,-153.0799999999981,21594.717
25846.89,-153.0699999999997,21594.717
25846.9,-153.05999999999767,21498.33
25846.91,-153.04999999999927,21594.717
25846.92,-153.04000000000087,21594.717
25846.93,-153.02999999999884,21642.924
25846.94,-153.02000000000044,21498.33
25846.95,-153.0099999999984,21642.924
25846.96,-153.0,21450.146
25846.97,-152.98999999999796,21642.924
25846.98,-152.97999999999956,21594.717
25846.99,-152.96999999999753,21546.52
25847.0,-152.95999999999913,21546.52
25847.01,-152.95000000000073,21739.359
25847.02,-152.9399999999987,21642.924
25847.03,-152.9300000000003,21498.33
25847.04,-152.91999999999825,21546.52
25847.05,-152.90999999999985,21642.924
25847.06,-152.89999999999782,21546.52
25847.07,-152.88999999999942,21594.717
25847.08,-152.87999999999738,21739.359
25847.09,-152.86999999999898,21353.809
25847.1,-152.86000000000058,21546.52
25847.11,-152.84999999999854,21546.52
25847.12,-152.84000000000015,21498.33
25847.13,-152.8299999999981,21594.717
25847.14,-152.8199999999997,21691.139
25847.15,-152.80999999999767,21546.52
25847.16,-152.79999999999927,21594.717
25847.17,-152.79000000000087,21401.973
25847.18,-152.77999999999884,21691.139
25847.19,-152.77000000000044,21691.139
25847.2,-152.7599999999984,21594.717
25847.21,-152.75,21787.59
25847.22,-152.73999999999796,21739.359
25847.23,-152.72999999999956,21546.52
25847.24,-152.71999999999753,21594.717
25847.25,-152.70999999999913,21546.52
25847.26,-152.70000000000073,21787.59
25847.27,-152.6899999999987,21739.359
25847.28,-152.6800000000003,21739.359
25847.29,-152.66999999999825,21642.924
25847.3,-152.65999999999985,21739.359
25847.31,-152.64999999999782,21546.52
25847.32,-152.63999999999942,21594.717
25847.33,-152.62999999999738,21594.717
25847.34,-152.61999999999898,21594.717
25847.35,-152.61000000000058,21642.924
25847.36,-152.59999999999854,21642.924
25847.37,-152.59000000000015,21401.973
25847.38,-152.5799999999981,21642.924
25847.39,-152.5699999999997,21594.717
25847.4,-152.55999999999767,21401.973
25847.41,-152.54999999999927,21546.52
25847.42,-152.54000000000087,21450.146
25847.43,-152.52999999999884,21498.33
25847.44,-152.52000000000044,21546.52
25847.45,-152.5099999999984,21594.717
25847.46,-152.5,21739.359
25847.47,-152.48999999999796,21739.359
25847.48,-152.47999999999956,21546.52
25847.49,-152.46999999999753,21594.717
25847.5,-152.45999999999913,21594.717
25847.51,-152.45000000000073,21594.717
25847.52,-152.4399999999987,21787.59
25847.53,-152.4300000000003,21594.717
25847.54,-152.41999999999825,21353.809
25847.55,-152.40999999999985,21546.52
25847.56,-152.39999999999782,21546.52
25847.57,-152.38999999999942,21546.52
25847.58,-152.37999999999738,21546.52
25847.59,-152.36999999999898,21739.359
25847.6,-152.36000000000058,21594.717
25847.61,-152.34999999999854,21546.52
25847.62,-152.34000000000015,21498.33
25847.63,-152.3299999999981,21594.717
25847.64,-152.3199999999997,21450.146
25847.65,-152.30999999999767,21498.33
25847.66,-152.29999999999927,21546.52
25847.67,-152.29000000000087,21450.146
25847.68,-152.27999999999884,21691.139
25847.69,-152.27000000000044,21594.717
25847.7,-152.2599999999984,21642.924
25847.71,-152.25,21594.717
25847.72,-152.23999999999796,21546.52
25847.73,-152.22999999999956,21739.359
25847.74,-152.21999999999753,21594.717
25847.75,-152.20999999999913,21594.717
25847.76,-152.20000000000073,21787.59
25847.77,-152.1899999999987,21642.924
25847.78,-152.1800000000003,21739.359
25847.79,-152.16999999999825,21594.717
25847.8,-152.15999999999985,21546.52
25847.81,-152.14999999999782,21642.924
25847.82,-152.13999999999942,21594.717
25847.83,-152.12999999999738,21498.33
25847.84,-152.11999999999898,21546.52
25847.85,-152.11000000000058,21691.139
25847.86,-152.09999999999854,21594.717
25847.87,-152.09000000000015,21546.52
25847.88,-152.0799999999981,21642.924
25847.89,-152.0699999999997,21450.146
25847.9,-152.05999999999767,21498.33
25847.91,-152.04999999999927,21498.33
25847.92,-152.04000000000087,21401.973
25847.93,-152.02999999999884,21450.146
25847.94,-152.02000000000044,21450.146
25847.95,-152.0099999999984,21401.973
25847.96,-152.0,21450.146
25847.97,-151.98999999999796,21450.146
25847.98,-151.97999999999956,21498.33
25847.99,-151.96999999999753,21594.717
25848.0,-151.95999999999913,21546.52
25848.01,-151.95000000000073,21642.924
25848.02,-151.9399999999987,21691.139
25848.03,-151.9300000000003,21546.52
25848.04,-151.91999999999825,21498.33
25848.05,-151.90999999999985,21546.52
25848.06,-151.89999999999782,21546.52
25848.07,-151.88999999999942,21353.809
25848.08,-151.87999999999738,21739.359
25848.09,-151.86999999999898,21594.717
25848.1,-151.86000000000058,21642.924
25848.11,-151.84999999999854,21498.33
25848.12,-151.84000000000015,21546.52
25848.13,-151.8299999999981,21498.33
25848.14,-151.8199999999997,21691.139
25848.15,-151.80999999999767,21642.924
25848.16,-151.79999999999927,21546.52
25848.17,-151.79000000000087,21642.924
25848.18,-151.77999999999884,21546.52
25848.19,-151.77000000000044,21594.717
25848.2,-151.7599999999984,21546.52
25848.21,-151.75,21642.924
25848.22,-151.73999999999796,21642.924
25848.23,-151.72999999999956,21594.717
25848.24,-151.71999999999753,21594.717
25848.25,-151.70999999999913,21594.717
25848.26,-151.70000000000073,21691.139
25848.27,-151.6899999999987,21401.973
25848.28,-151.6800000000003,21594.717
25848.29,-151.66999999999825,21546.52
25848.3,-151.65999999999985,21787.59
25848.31,-151.64999999999782,21739.359
25848.32,-151.63999999999942,21787.59
25848.33,-151.62999999999738,21594.717
25848.34,-151.61999999999898,21642.924
25848.35,-151.61000000000058,21642.924
25848.36,-151.59999999999854,21642.924
25848.37,-151.59000000000015,21546.52
25848.38,-151.5799999999981,21594.717
25848.39,-151.5699999999997,21450.146
25848.4,-151.55999999999767,21257.502
25848.41,-151.54999999999927,21546.52
25848.42,-151.54000000000087,21450.146
25848.43,-151.52999999999884,21691.139
25848.44,-151.52000000000044,21450.146
25848.45,-151.5099999999984,21546.52
25848.46,-151.5,21594.717
25848.47,-151.48999999999796,21642.924
25848.48,-151.47999999999956,21594.717
25848.49,-151.46999999999753,21450.146
25848.5,-151.45999999999913,21546.52
25848.51,-151.45000000000073,21691.139
25848.52,-151.4399999999987,21691.139
25848.53,-151.4300000000003,21401.973
25848.54,-151.41999999999825,21546.52
25848.55,-151.40999999999985,21691.139
25848.56,-151.39999999999782,21691.139
25848.57,-151.38999999999942,21498.33
25848.58,-151.37999999999738,21642.924
25848.59,-151.36999999999898,21498.33
25848.6,-151.36000000000058,21594.717
25848.61,-151.34999999999854,21546.52
25848.62,-151.34000000000015,21450.146
25848.63,-151.3299999999981,21642.924
25848.64,-151.3199999999997,21594.717
25848.65,-151.30999999999767,21594.717
25848.66,-151.29999999999927,21498.33
25848.67,-151.29000000000087,21498.33
25848.68,-151.27999999999884,21546.52
25848.69,-151.27000000000044,21498.33
25848.7,-151.2599999999984,21498.33
25848.71,-151.25,21546.52
25848.72,-151.23999999999796,21787.59
25848.73,-151.22999999999956,21691.139
25848.74,-151.21999999999753,21353.809
25848.75,-151.20999999999913,21642.924
25848.76,-151.20000000000073,21691.139
25848.77,-151.1899999999987,21594.717
25848.78,-151.1800000000003,21642.924
25848.79,-151.16999999999825,21498.33
25848.8,-151.15999999999985,21546.52
25848.81,-151.14999999999782,21642.924
25848.82,-151.13999999999942,21546.52
25848.83,-151.12999999999738,21787.59
25848.84,-151.11999999999898,21546.52
25848.85,-151.11000000000058,21691.139
25848.86,-151.09999999999854,21546.52
25848.87,-151.09000000000015,21546.52
25848.88,-151.0799999999981,21642.924
25848.89,-151.0699999999997,21450.146
25848.9,-151.05999999999767,21642.924
25848.91,-151.04999999999927,21546.52
25848.92,-151.04000000000087,21546.52
25848.93,-151.02999999999884,21691.139
25848.94,-151.02000000000044,21594.717
25848.95,-151.0099999999984,21739.359
25848.96,-151.0,21546.52
25848.97,-150.98999999999796,21546.52
25848.98,-150.97999999999956,21546.52
25848.99,-150.96999999999753,21498.33
25849.0,-150.95999999999913,21498.33
25849.01,-150.95000000000073,21546.52
25849.02,-150.9399999999987,21546.52
25849.03,-150.9300000000003,21498.33
25849.04,-150.91999999999825,21642.924
25849.05,-150.90999999999985,21546.52
25849.06,-150.89999999999782,21450.146
25849.07,-150.88999999999942,21594.717
25849.08,-150.87999999999738,21546.52
25849.09,-150.86999999999898,21546.52
25849.1,-150.86000000000058,21691.139
25849.11,-150.84999999999854,21594.717
25849.12,-150.84000000000015,21401.973
25849.13,-150.8299999999981,21546.52
25849.14,-150.8199999999997,21739.359
25849.15,-150.80999999999767,21546.52
25849.16,-150.79999999999927,21305.65
25849.17,-150.79000000000087,21401.973
25849.18,-150.77999999999884,21594.717
25849.19,-150.77000000000044,21594.717
25849.2,-150.7599999999984,21642.924
25849.21,-150.75,21546.52
25849.22,-150.73999999999796,21739.359
25849.23,-150.72999999999956,21594.717
25849.24,-150.71999999999753,21594.717
25849.25,-150.70999999999913,21450.146
25849.26,-150.70000000000073,21642.924
25849.27,-150.6899999999987,21450.146
25849.28,-150.6800000000003,21642.924
25849.29,-150.66999999999825,21594.717
25849.3,-150.65999999999985,21642.924
25849.31,-150.64999999999782,21546.52
25849.32,-150.63999999999942,21594.717
25849.33,-150.62999999999738,21594.717
25849.34,-150.61999999999898,21691.139
25849.35,-150.61000000000058,21594.717
25849.36,-150.59999999999854,21498.33
25849.37,-150.59000000000015,21546.52
25849.38,-150.5799999999981,21546.52
25849.39,-150.5699999999997,21498.33
25849.4,-150.55999999999767,21594.717
25849.41,-150.54999999999927,21594.717
25849.42,-150.54000000000087,21450.146
25849.43,-150.52999999999884,21498.33
25849.44,-150.52000000000044,21546.52
25849.45,-150.5099999999984,21450.146
25849.46,-150.5,21546.52
25849.47,-150.48999999999796,21546.52
25849.48,-150.47999999999956,21498.33
25849.49,-150.46999999999753,21353.809
25849.5,-150.45999999999913,21450.146
25849.51,-150.45000000000073,21498.33
25849.52,-150.4399999999987,21353.809
25849.53,-150.4300000000003,21450.146
25849.54,-150.41999999999825,21546.52
25849.55,-150.40999999999985,21594.717
25849.56,-150.39999999999782,21546.52
25849.57,-150.38999999999942,21546.52
25849.58,-150.37999999999738,21594.717
25849.59,-150.36999999999898,21642.924
25849.6,-150.36000000000058,21691.139
25849.61,-150.34999999999854,21691.139
25849.62,-150.34000000000015,21498.33
25849.63,-150.3299999999981,21546.52
25849.64,-150.3199999999997,21642.924
25849.65,-150.30999999999767,21498.33
25849.66,-150.29999999999927,21594.717
25849.67,-150.29000000000087,21450.146
25849.68,-150.27999999999884,21353.809
25849.69,-150.27000000000044,21498.33
25849.7,-150.2599999999984,21498.33
25849.71,-150.25,21642.924
25849.72,-150.23999999999796,21594.717
25849.73,-150.22999999999956,21691.139
25849.74,-150.21999999999753,21401.973
25849.75,-150.20999999999913,21546.52
25849.76,-150.20000000000073,21691.139
25849.77,-150.1899999999987,21546.52
25849.78,-150.1800000000003,21691.139
25849.79,-150.16999999999825,21594.717
25849.8,-150.15999999999985,21691.139
25849.81,-150.14999999999782,21642.924
25849.82,-150.13999999999942,21450.146
25849.83,-150.12999999999738,21546.52
25849.84,-150.11999999999898,21739.359
25849.85,-150.11000000000058,21353.809
25849.86,-150.09999999999854,21642.924
25849.87,-150.09000000000015,21691.139
25849.88,-150.0799999999981,21691.139
25849.89,-150.0699999999997,21642.924
25849.9,-150.05999999999767,21546.52
25849.91,-150.04999999999927,21691.139
25849.92,-150.04000000000087,21498.33
25849.93,-150.02999999999884,21642.924
25849.94,-150.02000000000044,21546.52
25849.95,-150.0099999999984,21450.146
25849.96,-150.0,21642.924
25849.97,-149.98999999999796,21594.717
25849.98,-149.97999999999956,21787.59
25849.99,-149.96999999999753,21498.33
25850.0,-149.95999999999913,21642.924
25850.01,-149.95000000000073,21642.924
25850.02,-149.9399999999987,21546.52
25850.03,-149.9300000000003,21594.717
25850.04,-149.91999999999825,21498.33
25850.05,-149.90999999999985,21546.52
25850.06,-149.89999999999782,21546.52
25850.07,-149.88999999999942,21546.52
25850.08,-149.87999999999738,21546.52
25850.09,-149.86999999999898,21498.33
25850.1,-149.86000000000058,21594.717
25850.11,-149.84999999999854,21691.139
25850.12,-149.84000000000015,21691.139
25850.13,-149.8299999999981,21594.717
25850.14,-149.8199999999997,21642.924
25850.15,-149.80999999999767,21642.924
25850.16,-149.79999999999927,21691.139
25850.17,-149.79000000000087,21642.924
25850.18,-149.77999999999884,21739.359
25850.19,-149.77000000000044,21498.33
25850.2,-149.7599999999984,21594.717
25850.21,-149.75,21642.924
25850.22,-149.73999999999796,21642.924
25850.23,-149.72999999999956,21546.52
25850.24,-149.71999999999753,21739.359
25850.25,-149.70999999999913,21450.146
25850.26,-149.70000000000073,21691.139
25850.27,-149.6899999999987,21594.717
25850.28,-149.6800000000003,21546.52
25850.29,-149.66999999999825,21353.809
25850.3,-149.65999999999985,21594.717
25850.31,-149.64999999999782,21498.33
25850.32,-149.63999999999942,22077.145
25850.33,-149.62999999999738,22947.563
25850.34,-149.61999999999898,23286.768
25850.35,-149.61000000000058,23626.373
25850.36,-149.59999999999854,23869.189
25850.37,-149.59000000000015,23869.189
25850.38,-149.5799999999981,23966.375
25850.39,-149.5699999999997,23674.92
25850.4,-149.55999999999767,23626.373
25850.41,-149.54999999999927,23820.611
25850.42,-149.54000000000087,23529.301
25850.43,-149.52999999999884,23723.475
25850.44,-149.52000000000044,23529.301
25850.45,-149.5099999999984,23480.779
25850.46,-149.5,23529.301
25850.47,-149.48999999999796,23674.92
25850.48,-149.47999999999956,23480.779
25850.49,-149.46999999999753,23577.832
25850.5,-149.45999999999913,23674.92
25850.51,-149.45000000000073,23480.779
25850.52,-149.4399999999987,23820.611
25850.53,-149.4300000000003,23577.832
25850.54,-149.41999999999825,23723.475
25850.55,-149.40999999999985,23917.777
25850.56,-149.39999999999782,23723.475
25850.57,-149.38999999999942,23529.301
25850.58,-149.37999999999738,23577.832
25850.59,-149.36999999999898,23529.301
25850.6,-149.36000000000058,23626.373
25850.61,-149.34999999999854,23772.039
25850.62,-149.34000000000015,23626.373
25850.63,-149.3299999999981,23626.373
25850.64,-149.3199999999997,23723.475
25850.65,-149.30999999999767,23480.779
25850.66,-149.29999999999927,23577.832
25850.67,-149.29000000000087,23432.264
25850.68,-149.27999999999884,23917.777
25850.69,-149.27000000000044,23869.189
25850.7,-149.2599999999984,23723.475
25850.71,-149.25,23674.92
25850.72,-149.23999999999796,23772.039
25850.73,-149.22999999999956,23577.832
25850.74,-149.21999999999753,23577.832
25850.75,-149.20999999999913,23529.301
25850.76,-149.20000000000073,23577.832
25850.77,-149.1899999999987,23529.301
25850.78,-149.1800000000003,23626.373
25850.79,-149.16999999999825,23480.779
25850.8,-149.15999999999985,23577.832
25850.81,-149.14999999999782,23723.475
25850.82,-149.13999999999942,23626.373
25850.83,-149.12999999999738,23674.92
25850.84,-149.11999999999898,23480.779
25850.85,-149.11000000000058,23723.475
25850.86,-149.09999999999854,23820.611
25850.87,-149.09000000000015,23626.373
25850.88,-149.0799999999981,23723.475
25850.89,-149.0699999999997,23626.373
25850.9,-149.05999999999767,23723.475
25850.91,-149.04999999999927,23577.832
25850.92,-149.04000000000087,23432.264
25850.93,-149.02999999999884,23577.832
25850.94,-149.02000000000044,23529.301
25850.95,-149.0099999999984,23577.832
25850.96,-149.0,23432.264
25850.97,-148.98999999999796,23480.779
25850.98,-148.97999999999956,23772.039
25850.99,-148.96999999999753,23626.373
25851.0,-148.95999999999913,23869.189
25851.01,-148.95000000000073,23577.832
25851.02,-148.9399999999987,23674.92
25851.03,-148.9300000000003,23674.92
25851.04,-148.91999999999825,23626.373
25851.05,-148.90999999999985,23820.611
25851.06,-148.89999999999782,23480.779
25851.07,-148.88999999999942,23723.475
25851.08,-148.87999999999738,23966.375
25851.09,-148.86999999999898,23626.373
25851.1,-148.86000000000058,23723.475
25851.11,-148.84999999999854,23577.832
25851.12,-148.84000000000015,23577.832
25851.13,-148.8299999999981,23529.301
25851.14,-148.8199999999997,23626.373
25851.15,-148.80999999999767,23626.373
25851.16,-148.79999999999927,23772.039
25851.17,-148.79000000000087,24501.469
25851.18,-148.77999999999884,25086.328
25851.19,-148.77000000000044,24891.244
25851.2,-148.7599999999984,24745.018
25851.21,-148.75,24891.244
25851.22,-148.73999999999796,24647.572
25851.23,-148.72999999999956,24842.494
25851.24,-148.71999999999753,24063.592
25851.25,-148.70999999999913,22512.023
25851.26,-148.70000000000073,21642.924
25851.27,-148.6899999999987,21401.973
25851.28,-148.6800000000003,21401.973
25851.29,-148.66999999999825,21401.973
25851.3,-148.65999999999985,21450.146
25851.31,-148.64999999999782,21401.973
25851.32,-148.63999999999942,21546.52
25851.33,-148.62999999999738,21546.52
25851.34,-148.61999999999898,21401.973
25851.35,-148.61000000000058,21353.809
25851.36,-148.59999999999854,21257.502
25851.37,-148.59000000000015,21353.809
25851.38,-148.5799999999981,21498.33
25851.39,-148.5699999999997,21546.52
25851.4,-148.55999999999767,21353.809
25851.41,-148.54999999999927,21161.227
25851.42,-148.54000000000087,21450.146
25851.43,-148.52999999999884,21498.33
25851.44,-148.52000000000044,21257.502
25851.45,-148.5099999999984,21401.973
25851.46,-148.5,21209.359
25851.47,-148.48999999999796,21401.973
25851.48,-148.47999999999956,21450.146
25851.49,-148.46999999999753,21305.65
25851.5,-148.45999999999913,21594.717
25851.51,-148.45000000000073,21594.717
25851.52,-148.4399999999987,21353.809
25851.53,-148.4300000000003,21353.809
25851.54,-148.41999999999825,21353.809
25851.55,-148.40999999999985,21450.146
25851.56,-148.39999999999782,21353.809
25851.57,-148.38999999999942,21161.227
25851.58,-148.37999999999738,21209.359
25851.59,-148.36999999999898,21498.33
25851.6,-148.36000000000058,21401.973
25851.61,-148.34999999999854,21305.65
25851.62,-148.34000000000015,21257.502
25851.63,-148.3299999999981,21257.502
25851.64,-148.3199999999997,21161.227
25851.65,-148.30999999999767,21450.146
25851.66,-148.29999999999927,21498.33
25851.67,-148.29000000000087,21498.33
25851.68,-148.27999999999884,21498.33
25851.69,-148.27000000000044,21450.146
25851.7,-148.2599999999984,21161.227
25851.71,-148.25,21257.502
25851.72,-148.23999999999796,21450.146
25851.73,-148.22999999999956,21450.146
25851.74,-148.21999999999753,21450.146
25851.75,-148.20999999999913,21257.502
25851.76,-148.20000000000073,21161.227
25851.77,-148.1899999999987,21353.809
25851.78,-148.1800000000003,21257.502
25851.79,-148.16999999999825,21450.146
25851.8,-148.15999999999985,21353.809
25851.81,-148.14999999999782,21594.717
25851.82,-148.13999999999942,21113.102
25851.83,-148.12999999999738,21353.809
25851.84,-148.11999999999898,21353.809
25851.85,-148.11000000000058,21305.65
25851.86,-148.09999999999854,21401.973
25851.87,-148.09000000000015,21209.359
25851.88,-148.0799999999981,21353.809
25851.89,-148.0699999999997,21401.973
25851.9,-148.05999999999767,21305.65
25851.91,-148.04999999999927,21401.973
25851.92,-148.04000000000087,21353.809
25851.93,-148.02999999999884,21401.973
25851.94,-148.02000000000044,21401.973
25851.95,-148.0099999999984,21209.359
25851.96,-148.0,21161.227
25851.97,-147.98999999999796,21450.146
25851.98,-147.97999999999956,21353.809
25851.99,-147.96999999999753,21113.102
25852.0,-147.95999999999913,21546.52
25852.01,-147.95000000000073,21353.809
25852.02,-147.9399999999987,21353.809
25852.03,-147.9300000000003,21498.33
25852.04,-147.91999999999825,21305.65
25852.05,-147.90999999999985,21498.33
25852.06,-147.89999999999782,21450.146
25852.07,-147.88999999999942,21353.809
25852.08,-147.87999999999738,21113.102
25852.09,-147.86999999999898,21113.102
25852.1,-147.86000000000058,21498.33
25852.11,-147.84999999999854,21257.502
25852.12,-147.84000000000015,21498.33
25852.13,-147.8299999999981,21450.146
25852.14,-147.8199999999997,21353.809
25852.15,-147.80999999999767,21401.973
25852.16,-147.79999999999927,21257.502
25852.17,-147.79000000000087,21064.984
25852.18,-147.77999999999884,21546.52
25852.19,-147.77000000000044,21305.65
25852.2,-147.7599999999984,21498.33
25852.21,-147.75,21353.809
25852.22,-147.73999999999796,21450.146
25852.23,-147.72999999999956,21594.717
25852.24,-147.71999999999753,21353.809
25852.25,-147.70999999999913,21257.502
25852.26,-147.70000000000073,21257.502
25852.27,-147.6899999999987,21401.973
25852.28,-147.6800000000003,21305.65
25852.29,-147.66999999999825,21594.717
25852.3,-147.65999999999985,21498.33
25852.31,-147.64999999999782,21353.809
25852.32,-147.63999999999942,21161.227
25852.33,-147.62999999999738,21257.502
25852.34,-147.61999999999898,21305.65
25852.35,-147.61000000000058,21305.65
25852.36,-147.59999999999854,21353.809
25852.37,-147.59000000000015,21353.809
25852.38,-147.5799999999981,21305.65
25852.39,-147.5699999999997,21305.65
25852.4,-147.55999999999767,21257.502
25852.41,-147.54999999999927,21209.359
25852.42,-147.54000000000087,21305.65
25852.43,-147.52999999999884,21305.65
25852.44,-147.52000000000044,21161.227
25852.45,-147.5099999999984,21401.973
25852.46,-147.5,21353.809
25852.47,-147.48999999999796,21305.65
25852.48,-147.47999999999956,21305.65
25852.49,-147.46999999999753,21353.809
25852.5,-147.45999999999913,21209.359
25852.51,-147.45000000000073,21305.65
25852.52,-147.4399999999987,21401.973
25852.53,-147.4300000000003,21305.65
25852.54,-147.41999999999825,21113.102
25852.55,-147.40999999999985,21353.809
25852.56,-147.39999999999782,21305.65
25852.57,-147.38999999999942,21305.65
25852.58,-147.37999999999738,21305.65
25852.59,-147.36999999999898,21353.809
25852.6,-147.36000000000058,21305.65
25852.61,-147.34999999999854,21642.924
25852.62,-147.34000000000015,21257.502
25852.63,-147.3299999999981,21450.146
25852.64,-147.3199999999997,21353.809
25852.65,-147.30999999999767,21353.809
25852.66,-147.29999999999927,21257.502
25852.67,-147.29000000000087,21353.809
25852.68,-147.27999999999884,21401.973
25852.69,-147.27000000000044,21353.809
25852.7,-147.2599999999984,21305.65
25852.71,-147.25,21257.502
25852.72,-147.23999999999796,21401.973
25852.73,-147.22999999999956,21257.502
25852.74,-147.21999999999753,21305.65
25852.75,-147.20999999999913,21257.502
25852.76,-147.20000000000073,21257.502
25852.77,-147.1899999999987,21353.809
25852.78,-147.1800000000003,21161.227
25852.79,-147.16999999999825,21305.65
25852.8,-147.15999999999985,21257.502
25852.81,-147.14999999999782,21305.65
25852.82,-147.13999999999942,21257.502
25852.83,-147.12999999999738,20920.684
25852.84,-147.11999999999898,21305.65
25852.85,-147.11000000000058,21305.65
25852.86,-147.09999999999854,21161.227
25852.87,-147.09000000000015,21353.809
25852.88,-147.0799999999981,21305.65
25852.89,-147.0699999999997,21353.809
25852.9,-147.05999999999767,21353.809
25852.91,-147.04999999999927,21450.146
25852.92,-147.04000000000087,21257.502
25852.93,-147.02999999999884,21209.359
25852.94,-147.02000000000044,21257.502
25852.95,-147.0099999999984,21305.65
25852.96,-147.0,21209.359
25852.97,-146.98999999999796,21498.33
25852.98,-146.97999999999956,21353.809
25852.99,-146.96999999999753,21209.359
25853.0,-146.95999999999913,21161.227
25853.01,-146.95000000000073,21257.502
25853.02,-146.9399999999987,21498.33
25853.03,-146.9300000000003,21257.502
25853.04,-146.91999999999825,21594.717
25853.05,-146.90999999999985,21498.33
25853.06,-146.89999999999782,21401.973
25853.07,-146.88999999999942,21353.809
25853.08,-146.87999999999738,21064.984
25853.09,-146.86999999999898,21209.359
25853.1,-146.86000000000058,21594.717
25853.11,-146.84999999999854,21257.502
25853.12,-146.84000000000015,21305.65
25853.13,-146.8299999999981,21353.809
25853.14,-146.8199999999997,21498.33
25853.15,-146.80999999999767,21257.502
25853.16,-146.79999999999927,21305.65
25853.17,-146.79000000000087,21161.227
25853.18,-146.77999999999884,21161.227
25853.19,-146.77000000000044,21353.809
25853.2,-146.7599999999984,21209.359
25853.21,-146.75,21401.973
25853.22,-146.73999999999796,21401.973
25853.23,-146.72999999999956,21401.973
25853.24,-146.71999999999753,21209.359
25853.25,-146.70999999999913,21401.973
25853.26,-146.70000000000073,21161.227
25853.27,-146.6899999999987,21353.809
25853.28,-146.6800000000003,21257.502
25853.29,-146.66999999999825,21353.809
25853.3,-146.65999999999985,21305.65
25853.31,-146.64999999999782,21401.973
25853.32,-146.63999999999942,21353.809
25853.33,-146.62999999999738,21161.227
25853.34,-146.61999999999898,21209.359
25853.35,-146.61000000000058,21594.717
25853.36,-146.59999999999854,21353.809
25853.37,-146.59000000000015,21353.809
25853.38,-146.5799999999981,21064.984
25853.39,-146.5699999999997,21498.33
25853.4,-146.55999999999767,21450.146
25853.41,-146.54999999999927,21401.973
25853.42,-146.54000000000087,21209.359
25853.43,-146.52999999999884,21353.809
25853.44,-146.52000000000044,21353.809
25853.45,-146.5099999999984,21209.359
25853.46,-146.5,21353.809
25853.47,-146.48999999999796,21450.146
25853.48,-146.47999999999956,21305.65
25853.49,-146.46999999999753,21113.102
25853.5,-146.45999999999913,21305.65
25853.51,-146.45000000000073,21498.33
25853.52,-146.4399999999987,21353.809
25853.53,-146.4300000000003,21401.973
25853.54,-146.41999999999825,21353.809
25853.55,-146.40999999999985,21209.359
25853.56,-146.39999999999782,21161.227
25853.57,-146.38999999999942,21161.227
25853.58,-146.37999999999738,21305.65
25853.59,-146.36999999999898,21401.973
25853.6,-146.36000000000058,21353.809
25853.61,-146.34999999999854,21305.65
25853.62,-146.34000000000015,21450.146
25853.63,-146.3299999999981,21401.973
25853.64,-146.3199999999997,21353.809
25853.65,-146.30999999999767,21257.502
25853.66,-146.29999999999927,21161.227
25853.67,-146.29000000000087,21305.65
25853.68,-146.27999999999884,21113.102
25853.69,-146.27000000000044,21498.33
25853.7,-146.2599999999984,21161.227
25853.71,-146.25,21401.973
25853.72,-146.23999999999796,21450.146
25853.73,-146.22999999999956,21305.65
25853.74,-146.21999999999753,21161.227
25853.75,-146.20999999999913,21209.359
25853.76,-146.20000000000073,21401.973
25853.77,-146.1899999999987,21353.809
25853.78,-146.1800000000003,21450.146
25853.79,-146.16999999999825,21353.809
25853.8,-146.15999999999985,21594.717
25853.81,-146.14999999999782,21594.717
25853.82,-146.13999999999942,21546.52
25853.83,-146.12999999999738,21305.65
25853.84,-146.11999999999898,21257.502
25853.85,-146.11000000000058,21401.973
25853.86,-146.09999999999854,21305.65
25853.87,-146.09000000000015,21257.502
25853.88,-146.0799999999981,21305.65
25853.89,-146.0699999999997,21450.146
25853.9,-146.05999999999767,21401.973
25853.91,-146.04999999999927,21161.227
25853.92,-146.04000000000087,21305.65
25853.93,-146.02999999999884,21305.65
25853.94,-146.02000000000044,21305.65
25853.95,-146.0099999999984,21257.502
25853.96,-146.0,21401.973
25853.97,-145.98999999999796,21353.809
25853.98,-145.97999999999956,21401.973
25853.99,-145.96999999999753,21257.502
25854.0,-145.95999999999913,21401.973
25854.01,-145.95000000000073,21353.809
25854.02,-145.9399999999987,21353.809
25854.03,-145.9300000000003,21305.65
25854.04,-145.91999999999825,21257.502
25854.05,-145.90999999999985,21257.502
25854.06,-145.89999999999782,21353.809
25854.07,-145.88999999999942,21353.809
25854.08,-145.87999999999738,21353.809
25854.09,-145.86999999999898,21353.809
25854.1,-145.86000000000058,21498.33
25854.11,-145.84999999999854,21353.809
25854.12,-145.84000000000015,21450.146
25854.13,-145.8299999999981,21257.502
25854.14,-145.8199999999997,21161.227
25854.15,-145.80999999999767,21353.809
25854.16,-145.79999999999927,21161.227
25854.17,-145.79000000000087,21161.227
25854.18,-145.77999999999884,21161.227
25854.19,-145.77000000000044,21305.65
25854.2,-145.7599999999984,21257.502
25854.21,-145.75,21594.717
25854.22,-145.73999999999796,21401.973
25854.23,-145.72999999999956,21305.65
25854.24,-145.71999999999753,21353.809
25854.25,-145.70999999999913,21209.359
25854.26,-145.70000000000073,21450.146
25854.27,-145.6899999999987,21594.717
25854.28,-145.6800000000003,21450.146
25854.29,-145.66999999999825,21450.146
25854.3,-145.65999999999985,21353.809
25854.31,-145.64999999999782,21546.52
25854.32,-145.63999999999942,21305.65
25854.33,-145.62999999999738,21305.65
25854.34,-145.61999999999898,21401.973
25854.35,-145.61000000000058,21401.973
25854.36,-145.59999999999854,21450.146
25854.37,-145.59000000000015,21401.973
25854.38,-145.5799999999981,21305.65
25854.39,-145.5699999999997,21209.359
25854.4,-145.55999999999767,21401.973
25854.41,-145.54999999999927,21450.146
25854.42,-145.54000000000087,21161.227
25854.43,-145.52999999999884,21305.65
25854.44,-145.52000000000044,21353.809
25854.45,-145.5099999999984,21257.502
25854.46,-145.5,21353.809
25854.47,-145.48999999999796,21450.146
25854.48,-145.47999999999956,21257.502
25854.49,-145.46999999999753,21353.809
25854.5,-145.45999999999913,21450.146
25854.51,-145.45000000000073,21353.809
25854.52,-145.4399999999987,21257.502
25854.53,-145.4300000000003,21401.973
25854.54,-145.41999999999825,21401.973
25854.55,-145.40999999999985,21450.146
25854.56,-145.39999999999782,21498.33
25854.57,-145.38999999999942,21401.973
25854.58,-145.37999999999738,21353.809
25854.59,-145.36999999999898,21305.65
25854.6,-145.36000000000058,21353.809
25854.61,-145.34999999999854,21305.65
25854.62,-145.34000000000015,21401.973
25854.63,-145.3299999999981,21353.809
25854.64,-145.3199999999997,21305.65
25854.65,-145.30999999999767,21209.359
25854.66,-145.29999999999927,21305.65
25854.67,-145.29000000000087,21209.359
25854.68,-145.27999999999884,21450.146
25854.69,-145.27000000000044,21209.359
25854.7,-145.2599999999984,21353.809
25854.71,-145.25,21353.809
25854.72,-145.23999999999796,21257.502
25854.73,-145.22999999999956,21450.146
25854.74,-145.21999999999753,21450.146
25854.75,-145.20999999999913,21401.973
25854.76,-145.20000000000073,21209.359
25854.77,-145.1899999999987,21401.973
25854.78,-145.1800000000003,21257.502
25854.79,-145.16999999999825,21209.359
25854.8,-145.15999999999985,21401.973
25854.81,-145.14999999999782,21161.227
25854.82,-145.13999999999942,21353.809
25854.83,-145.12999999999738,21305.65
25854.84,-145.11999999999898,21305.65
25854.85,-145.11000000000058,21257.502
25854.86,-145.09999999999854,21498.33
25854.87,-145.09000000000015,21305.65
25854.88,-145.0799999999981,21305.65
25854.89,-145.0699999999997,21401.973
25854.9,-145.05999999999767,21305.65
25854.91,-145.04999999999927,21257.502
25854.92,-145.04000000000087,21353.809
25854.93,-145.02999999999884,21401.973
25854.94,-145.02000000000044,21161.227
25854.95,-145.0099999999984,21209.359
25854.96,-145.0,21450.146
25854.97,-144.98999999999796,21594.717
25854.98,-144.97999999999956,21498.33
25854.99,-144.96999999999753,21161.227
25855.0,-144.95999999999913,21450.146
25855.01,-144.95000000000073,21401.973
25855.02,-144.9399999999987,21546.52
25855.03,-144.9300000000003,21161.227
25855.04,-144.91999999999825,21353.809
25855.05,-144.90999999999985,21353.809
25855.06,-144.89999999999782,21353.809
25855.07,-144.88999999999942,21401.973
25855.08,-144.87999999999738,21257.502
25855.09,-144.86999999999898,21305.65
25855.1,-144.86000000000058,21401.973
25855.11,-144.84999999999854,21161.227
25855.12,-144.84000000000015,21209.359
25855.13,-144.8299999999981,21113.102
25855.14,-144.8199999999997,21161.227
25855.15,-144.80999999999767,21401.973
25855.16,-144.79999999999927,21257.502
25855.17,-144.79000000000087,21353.809
25855.18,-144.77999999999884,21498.33
25855.19,-144.77000000000044,21305.65
25855.2,-144.7599999999984,21305.65
25855.21,-144.75,21450.146
25855.22,-144.73999999999796,21305.65
25855.23,-144.72999999999956,21401.973
25855.24,-144.71999999999753,21401.973
25855.25,-144.70999999999913,21113.102
25855.26,-144.70000000000073,21498.33
25855.27,-144.6899999999987,21594.717
25855.28,-144.6800000000003,21546.52
25855.29,-144.66999999999825,21498.33
25855.3,-144.65999999999985,21546.52
25855.31,-144.64999999999782,21353.809
25855.32,-144.63999999999942,21594.717
25855.33,-144.62999999999738,21257.502
25855.34,-144.61999999999898,21305.65
25855.35,-144.61000000000058,21257.502
25855.36,-144.59999999999854,21209.359
25855.37,-144.59000000000015,21450.146
25855.38,-144.5799999999981,21305.65
25855.39,-144.5699999999997,21450.146
25855.4,-144.55999999999767,21305.65
25855.41,-144.54999999999927,21257.502
25855.42,-144.54000000000087,21257.502
25855.43,-144.52999999999884,21257.502
25855.44,-144.52000000000044,21209.359
25855.45,-144.5099999999984,21450.146
25855.46,-144.5,21450.146
25855.47,-144.48999999999796,21401.973
25855.48,-144.47999999999956,21498.33
25855.49,-144.46999999999753,21257.502
25855.5,-144.45999999999913,21353.809
25855.51,-144.45000000000073,21498.33
25855.52,-144.4399999999987,21257.502
25855.53,-144.4300000000003,21257.502
25855.54,-144.41999999999825,21209.359
25855.55,-144.40999999999985,21401.973
25855.56,-144.39999999999782,21401.973
25855.57,-144.38999999999942,21401.973
25855.58,-144.37999999999738,21161.227
25855.59,-144.36999999999898,21257.502
25855.6,-144.36000000000058,21353.809
25855.61,-144.34999999999854,21209.359
25855.62,-144.34000000000015,21305.65
25855.63,-144.3299999999981,21401.973
25855.64,-144.3199999999997,21161.227
25855.65,-144.30999999999767,21305.65
25855.66,-144.29999999999927,21257.502
25855.67,-144.29000000000087,21401.973
25855.68,-144.27999999999884,21257.502
25855.69,-144.27000000000044,21305.65
25855.7,-144.2599999999984,21064.984
25855.71,-144.25,21257.502
25855.72,-144.23999999999796,21209.359
25855.73,-144.22999999999956,21401.973
25855.74,-144.21999999999753,21209.359
25855.75,-144.20999999999913,21257.502
25855.76,-144.20000000000073,21161.227
25855.77,-144.1899999999987,21594.717
25855.78,-144.1800000000003,21401.973
25855.79,-144.16999999999825,21353.809
25855.8,-144.15999999999985,21450.146
25855.81,-144.14999999999782,21401.973
25855.82,-144.13999999999942,21161.227
25855.83,-144.12999999999738,21353.809
25855.84,-144.11999999999898,21257.502
25855.85,-144.11000000000058,21305.65
25855.86,-144.09999999999854,21305.65
25855.87,-144.09000000000015,21401.973
25855.88,-144.0799999999981,21353.809
25855.89,-144.0699999999997,21257.502
25855.9,-144.05999999999767,21209.359
25855.91,-144.04999999999927,21353.809
25855.92,-144.04000000000087,21305.65
25855.93,-144.02999999999884,21401.973
25855.94,-144.02000000000044,21257.502
25855.95,-144.0099999999984,21353.809
25855.96,-144.0,21353.809
25855.97,-143.98999999999796,21450.146
25855.98,-143.97999999999956,21353.809
25855.99,-143.96999999999753,21257.502
25856.0,-143.95999999999913,21161.227
25856.01,-143.95000000000073,21450.146
25856.02,-143.9399999999987,21498.33
25856.03,-143.9300000000003,21161.227
25856.04,-143.91999999999825,21546.52
25856.05,-143.90999999999985,21353.809
25856.06,-143.89999999999782,21594.717
25856.07,-143.88999999999942,21257.502
25856.08,-143.87999999999738,21305.65
25856.09,-143.86999999999898,21209.359
25856.1,-143.86000000000058,21305.65
25856.11,-143.84999999999854,21209.359
25856.12,-143.84000000000015,21353.809
25856.13,-143.8299999999981,21305.65
25856.14,-143.8199999999997,21401.973
25856.15,-143.80999999999767,21401.973
25856.16,-143.79999999999927,21353.809
25856.17,-143.79000000000087,21353.809
25856.18,-143.77999999999884,21257.502
25856.19,-143.77000000000044,21257.502
25856.2,-143.7599999999984,21209.359
25856.21,-143.75,21305.65
25856.22,-143.73999999999796,21401.973
25856.23,-143.72999999999956,21401.973
25856.24,-143.71999999999753,21353.809
25856.25,-143.70999999999913,21450.146
25856.26,-143.70000000000073,21113.102
25856.27,-143.6899999999987,21353.809
25856.28,-143.6800000000003,21209.359
25856.29,-143.66999999999825,21257.502
25856.3,-143.65999999999985,21257.502
25856.31,-143.64999999999782,21257.502
25856.32,-143.63999999999942,21064.984
25856.33,-143.62999999999738,21257.502
25856.34,-143.61999999999898,21209.359
25856.35,-143.61000000000058,21353.809
25856.36,-143.59999999999854,21257.502
25856.37,-143.59000000000015,21401.973
25856.38,-143.5799999999981,21161.227
25856.39,-143.5699999999997,21353.809
25856.4,-143.55999999999767,21257.502
25856.41,-143.54999999999927,21257.502
25856.42,-143.54000000000087,20968.775
25856.43,-143.52999999999884,21401.973
25856.44,-143.52000000000044,21401.973
25856.45,-143.5099999999984,21353.809
25856.46,-143.5,21353.809
25856.47,-143.48999999999796,21353.809
25856.48,-143.47999999999956,21401.973
25856.49,-143.46999999999753,21161.227
25856.5,-143.45999999999913,21209.359
25856.51,-143.45000000000073,21401.973
25856.52,-143.4399999999987,21161.227
25856.53,-143.4300000000003,21401.973
25856.54,-143.41999999999825,21113.102
25856.55,-143.40999999999985,21546.52
25856.56,-143.39999999999782,21209.359
25856.57,-143.38999999999942,21161.227
25856.58,-143.37999999999738,21209.359
25856.59,-143.36999999999898,21209.359
25856.6,-143.36000000000058,21305.65
25856.61,-143.34999999999854,21353.809
25856.62,-143.34000000000015,21113.102
25856.63,-143.3299999999981,21161.227
25856.64,-143.3199999999997,21257.502
25856.65,-143.30999999999767,21401.973
25856.66,-143.29999999999927,21113.102
25856.67,-143.29000000000087,21209.359
25856.68,-143.27999999999884,21401.973
25856.69,-143.27000000000044,21305.65
25856.7,-143.2599999999984,21209.359
25856.71,-143.25,21401.973
25856.72,-143.23999999999796,21498.33
25856.73,-143.22999999999956,21401.973
25856.74,-143.21999999999753,21353.809
25856.75,-143.20999999999913,21401.973
25856.76,-143.20000000000073,21401.973
25856.77,-143.1899999999987,21257.502
25856.78,-143.1800000000003,21353.809
25856.79,-143.16999999999825,21401.973
25856.8,-143.15999999999985,21401.973
25856.81,-143.14999999999782,21546.52
25856.82,-143.13999999999942,21401.973
25856.83,-143.12999999999738,21401.973
25856.84,-143.11999999999898,21401.973
25856.85,-143.11000000000058,21450.146
25856.86,-143.09999999999854,21305.65
25856.87,-143.09000000000015,21257.502
25856.88,-143.0799999999981,21257.502
25856.89,-143.0699999999997,21401.973
25856.9,-143.05999999999767,21113.102
25856.91,-143.04999999999927,21401.973
25856.92,-143.04000000000087,21353.809
25856.93,-143.02999999999884,21305.65
25856.94,-143.02000000000044,21305.65
25856.95,-143.0099999999984,21401.973
25856.96,-143.0,21498.33
25856.97,-142.98999999999796,21353.809
25856.98,-142.97999999999956,21257.502
25856.99,-142.96999999999753,21161.227
25857.0,-142.95999999999913,21257.502
25857.01,-142.95000000000073,21353.809
25857.02,-142.9399999999987,21450.146
25857.03,-142.9300000000003,21450.146
25857.04,-142.91999999999825,21401.973
25857.05,-142.90999999999985,21401.973
25857.06,-142.89999999999782,21450.146
25857.07,-142.88999999999942,21401.973
25857.08,-142.87999999999738,21305.65
25857.09,-142.86999999999898,21209.359
25857.1,-142.86000000000058,21305.65
25857.11,-142.84999999999854,21353.809
25857.12,-142.84000000000015,21401.973
25857.13,-142.8299999999981,21498.33
25857.14,-142.8199999999997,21498.33
25857.15,-142.80999999999767,21353.809
25857.16,-142.79999999999927,21305.65
25857.17,-142.79000000000087,21257.502
25857.18,-142.77999999999884,21305.65
25857.19,-142.77000000000044,21209.359
25857.2,-142.7599999999984,21498.33
25857.21,-142.75,21353.809
25857.22,-142.73999999999796,21353.809
25857.23,-142.72999999999956,21642.924
25857.24,-142.71999999999753,21353.809
25857.25,-142.70999999999913,21450.146
25857.26,-142.70000000000073,21450.146
25857.27,-142.6899999999987,21594.717
25857.28,-142.6800000000003,21594.717
25857.29,-142.66999999999825,21401.973
25857.3,-142.65999999999985,21498.33
25857.31,-142.64999999999782,21498.33
25857.32,-142.63999999999942,21209.359
25857.33,-142.62999999999738,21353.809
25857.34,-142.61999999999898,21353.809
25857.35,-142.61000000000058,21257.502
25857.36,-142.59999999999854,21257.502
25857.37,-142.59000000000015,21305.65
25857.38,-142.5799999999981,21546.52
25857.39,-142.5699999999997,21305.65
25857.4,-142.55999999999767,21161.227
25857.41,-142.54999999999927,21498.33
25857.42,-142.54000000000087,21257.502
25857.43,-142.52999999999884,21691.139
25857.44,-142.52000000000044,21257.502
25857.45,-142.5099999999984,21401.973
25857.46,-142.5,21401.973
25857.47,-142.48999999999796,21161.227
25857.48,-142.47999999999956,21353.809
25857.49,-142.46999999999753,21257.502
25857.5,-142.45999999999913,21161.227
25857.51,-142.45000000000073,21257.502
25857.52,-142.4399999999987,21498.33
25857.53,-142.4300000000003,21353.809
25857.54,-142.41999999999825,21209.359
25857.55,-142.40999999999985,21353.809
25857.56,-142.39999999999782,21401.973
25857.57,-142.38999999999942,21209.359
25857.58,-142.37999999999738,21209.359
25857.59,-142.36999999999898,21401.973
25857.6,-142.36000000000058,21450.146
25857.61,-142.34999999999854,21161.227
25857.62,-142.34000000000015,21450.146
25857.63,-142.3299999999981,21257.502
25857.64,-142.3199999999997,21401.973
25857.65,-142.30999999999767,21257.502
25857.66,-142.29999999999927,21257.502
25857.67,-142.29000000000087,21305.65
25857.68,-142.27999999999884,21257.502
25857.69,-142.27000000000044,21353.809
25857.7,-142.2599999999984,21305.65
25857.71,-142.25,21401.973
25857.72,-142.23999999999796,21305.65
25857.73,-142.22999999999956,21113.102
25857.74,-142.21999999999753,21450.146
25857.75,-142.20999999999913,21401.973
25857.76,-142.20000000000073,21305.65
25857.77,-142.1899999999987,21353.809
25857.78,-142.1800000000003,21257.502
25857.79,-142.16999999999825,21401.973
25857.8,-142.15999999999985,21594.717
25857.81,-142.14999999999782,21450.146
25857.82,-142.13999999999942,21594.717
25857.83,-142.12999999999738,21401.973
25857.84,-142.11999999999898,21450.146
25857.85,-142.11000000000058,21546.52
25857.86,-142.09999999999854,21305.65
25857.87,-142.09000000000015,21401.973
25857.88,-142.0799999999981,21353.809
25857.89,-142.0699999999997,21305.65
25857.9,-142.05999999999767,21305.65
25857.91,-142.04999999999927,21305.65
25857.92,-142.04000000000087,21161.227
25857.93,-142.02999999999884,21594.717
25857.94,-142.02000000000044,21401.973
25857.95,-142.0099999999984,21594.717
25857.96,-142.0,21257.502
25857.97,-141.98999999999796,21305.65
25857.98,-141.97999999999956,21161.227
25857.99,-141.96999999999753,21450.146
25858.0,-141.95999999999913,21498.33
25858.01,-141.95000000000073,21594.717
25858.02,-141.9399999999987,21498.33
25858.03,-141.9300000000003,21161.227
25858.04,-141.91999999999825,21209.359
25858.05,-141.90999999999985,21257.502
25858.06,-141.89999999999782,21209.359
25858.07,-141.88999999999942,21209.359
25858.08,-141.87999999999738,21209.359
25858.09,-141.86999999999898,21401.973
25858.1,-141.86000000000058,21401.973
25858.11,-141.84999999999854,21353.809
25858.12,-141.84000000000015,21305.65
25858.13,-141.8299999999981,21064.984
25858.14,-141.8199999999997,21401.973
25858.15,-141.80999999999767,21305.65
25858.16,-141.79999999999927,21257.502
25858.17,-141.79000000000087,21161.227
25858.18,-141.77999999999884,21209.359
25858.19,-141.77000000000044,21498.33
25858.2,-141.7599999999984,21353.809
25858.21,-141.75,21546.52
25858.22,-141.73999999999796,21450.146
25858.23,-141.72999999999956,21498.33
25858.24,-141.71999999999753,21353.809
25858.25,-141.70999999999913,21546.52
25858.26,-141.70000000000073,21450.146
25858.27,-141.6899999999987,21401.973
25858.28,-141.6800000000003,21546.52
25858.29,-141.66999999999825,21305.65
25858.3,-141.65999999999985,21450.146
25858.31,-141.64999999999782,21353.809
25858.32,-141.63999999999942,21353.809
25858.33,-141.62999999999738,21257.502
25858.34,-141.61999999999898,21401.973
25858.35,-141.61000000000058,21498.33
25858.36,-141.59999999999854,21161.227
25858.37,-141.59000000000015,21401.973
25858.38,-141.5799999999981,21498.33
25858.39,-141.5699999999997,21546.52
25858.4,-141.55999999999767,21498.33
25858.41,-141.54999999999927,21353.809
25858.42,-141.54000000000087,21353.809
25858.43,-141.52999999999884,21401.973
25858.44,-141.52000000000044,21498.33
25858.45,-141.5099999999984,21353.809
25858.46,-141.5,21498.33
25858.47,-141.48999999999796,21498.33
25858.48,-141.47999999999956,21353.809
25858.49,-141.46999999999753,21450.146
25858.5,-141.45999999999913,21305.65
25858.51,-141.45000000000073,21305.65
25858.52,-141.4399999999987,21401.973
25858.53,-141.4300000000003,21305.65
25858.54,-141.41999999999825,21401.973
25858.55,-141.40999999999985,21353.809
25858.56,-141.39999999999782,21257.502
25858.57,-141.38999999999942,21401.973
25858.58,-141.37999999999738,21353.809
25858.59,-141.36999999999898,21305.65
25858.6,-141.36000000000058,21209.359
25858.61,-141.34999999999854,21353.809
25858.62,-141.34000000000015,21401.973
25858.63,-141.3299999999981,21401.973
25858.64,-141.3199999999997,21209.359
25858.65,-141.30999999999767,21401.973
25858.66,-141.29999999999927,21257.502
25858.67,-141.29000000000087,21305.65
25858.68,-141.27999999999884,21498.33
25858.69,-141.27000000000044,21450.146
25858.7,-141.2599999999984,21450.146
25858.71,-141.25,21305.65
25858.72,-141.23999999999796,21450.146
25858.73,-141.22999999999956,21450.146
25858.74,-141.21999999999753,21257.502
25858.75,-141.20999999999913,21498.33
25858.76,-141.20000000000073,21353.809
25858.77,-141.1899999999987,21257.502
25858.78,-141.1800000000003,21305.65
25858.79,-141.16999999999825,21257.502
25858.8,-141.15999999999985,21257.502
25858.81,-141.14999999999782,21401.973
25858.82,-141.13999999999942,21257.502
25858.83,-141.12999999999738,21546.52
25858.84,-141.11999999999898,21257.502
25858.85,-141.11000000000058,21353.809
25858.86,-141.09999999999854,21113.102
25858.87,-141.09000000000015,21401.973
25858.88,-141.0799999999981,21353.809
25858.89,-141.0699999999997,21401.973
25858.9,-141.05999999999767,21401.973
25858.91,-141.04999999999927,21450.146
25858.92,-141.04000000000087,21546.52
25858.93,-141.02999999999884,21546.52
25858.94,-141.02000000000044,21257.502
25858.95,-141.0099999999984,21305.65
25858.96,-141.0,21401.973
25858.97,-140.98999999999796,21546.52
25858.98,-140.97999999999956,21305.65
25858.99,-140.96999999999753,21353.809
25859.0,-140.95999999999913,21161.227
25859.01,-140.95000000000073,21401.973
25859.02,-140.9399999999987,21305.65
25859.03,-140.9300000000003,21305.65
25859.04,-140.91999999999825,21305.65
25859.05,-140.90999999999985,21305.65
25859.06,-140.89999999999782,21450.146
25859.07,-140.88999999999942,21401.973
25859.08,-140.87999999999738,21401.973
25859.09,-140.86999999999898,21401.973
25859.1,-140.86000000000058,21353.809
25859.11,-140.84999999999854,21401.973
25859.12,-140.84000000000015,21594.717
25859.13,-140.8299999999981,21401.973
25859.14,-140.8199999999997,21498.33
25859.15,-140.80999999999767,21257.502
25859.16,-140.79999999999927,21401.973
25859.17,-140.79000000000087,21450.146
25859.18,-140.77999999999884,21450.146
25859.19,-140.77000000000044,21257.502
25859.2,-140.7599999999984,21353.809
25859.21,-140.75,21209.359
25859.22,-140.73999999999796,21594.717
25859.23,-140.72999999999956,21064.984
25859.24,-140.71999999999753,21305.65
25859.25,-140.70999999999913,21257.502
25859.26,-140.70000000000073,21498.33
25859.27,-140.6899999999987,21594.717
25859.28,-140.6800000000003,21353.809
25859.29,-140.66999999999825,21498.33
25859.3,-140.65999999999985,21401.973
25859.31,-140.64999999999782,21498.33
25859.32,-140.63999999999942,21305.65
25859.33,-140.62999999999738,21257.502
25859.34,-140.61999999999898,21257.502
25859.35,-140.61000000000058,21450.146
25859.36,-140.59999999999854,21401.973
25859.37,-140.59000000000015,21353.809
25859.38,-140.5799999999981,21498.33
25859.39,-140.5699999999997,21450.146
25859.4,-140.55999999999767,21498.33
25859.41,-140.54999999999927,21353.809
25859.42,-140.54000000000087,21401.973
25859.43,-140.52999999999884,21546.52
25859.44,-140.52000000000044,21450.146
25859.45,-140.5099999999984,21498.33
25859.46,-140.5,21257.502
25859.47,-140.48999999999796,21546.52
25859.48,-140.47999999999956,21401.973
25859.49,-140.46999999999753,21353.809
25859.5,-140.45999999999913,21401.973
25859.51,-140.45000000000073,21161.227
25859.52,-140.4399999999987,21209.359
25859.53,-140.4300000000003,21353.809
25859.54,-140.41999999999825,21401.973
25859.55,-140.40999999999985,21353.809
25859.56,-140.39999999999782,21257.502
25859.57,-140.38999999999942,21209.359
25859.58,-140.37999999999738,21209.359
25859.59,-140.36999999999898,21353.809
25859.6,-140.36000000000058,21353.809
25859.61,-140.34999999999854,21498.33
25859.62,-140.34000000000015,21594.717
25859.63,-140.3299999999981,21257.502
25859.64,-140.3199999999997,21401.973
25859.65,-140.30999999999767,21450.146
25859.66,-140.29999999999927,21209.359
25859.67,-140.29000000000087,21305.65
25859.68,-140.27999999999884,21257.502
25859.69,-140.27000000000044,21450.146
25859.7,-140.2599999999984,21450.146
25859.71,-140.25,21450.146
25859.72,-140.23999999999796,21498.33
25859.73,-140.22999999999956,21305.65
25859.74,-140.21999999999753,21353.809
25859.75,-140.20999999999913,21498.33
25859.76,-140.20000000000073,21305.65
25859.77,-140.1899999999987,21401.973
25859.78,-140.1800000000003,21161.227
25859.79,-140.16999999999825,21498.33
25859.8,-140.15999999999985,21353.809
25859.81,-140.14999999999782,21450.146
25859.82,-140.13999999999942,21353.809
25859.83,-140.12999999999738,21401.973
25859.84,-140.11999999999898,21353.809
25859.85,-140.11000000000058,21450.146
25859.86,-140.09999999999854,21257.502
25859.87,-140.09000000000015,21401.973
25859.88,-140.0799999999981,21305.65
25859.89,-140.0699999999997,21113.102
25859.9,-140.05999999999767,21498.33
25859.91,-140.04999999999927,21401.973
25859.92,-140.04000000000087,21209.359
25859.93,-140.02999999999884,21498.33
25859.94,-140.02000000000044,21161.227
25859.95,-140.0099999999984,21401.973
25859.96,-140.0,21450.146
25859.97,-139.98999999999796,21305.65
25859.98,-139.97999999999956,21450.146
25859.99,-139.96999999999753,21353.809
25860.0,-139.95999999999913,21353.809
25860.01,-139.95000000000073,21498.33
25860.02,-139.9399999999987,21305.65
25860.03,-139.9300000000003,21401.973
25860.04,-139.91999999999825,21546.52
25860.05,-139.90999999999985,21401.973
25860.06,-139.89999999999782,21353.809
25860.07,-139.88999999999942,21257.502
25860.08,-139.87999999999738,21257.502
25860.09,-139.86999999999898,21257.502
25860.1,-139.86000000000058,21450.146
25860.11,-139.84999999999854,21450.146
25860.12,-139.84000000000015,21161.227
25860.13,-139.8299999999981,21450.146
25860.14,-139.8199999999997,21353.809
25860.15,-139.80999999999767,21401.973
25860.16,-139.79999999999927,21401.973
25860.17,-139.79000000000087,21353.809
25860.18,-139.77999999999884,21498.33
25860.19,-139.77000000000044,21257.502
25860.2,-139.7599999999984,21498.33
25860.21,-139.75,21305.65
25860.22,-139.73999999999796,21305.65
25860.23,-139.72999999999956,21305.65
25860.24,-139.71999999999753,21257.502
25860.25,-139.70999999999913,21353.809
25860.26,-139.70000000000073,21498.33
25860.27,-139.6899999999987,21257.502
25860.28,-139.6800000000003,21401.973
25860.29,-139.66999999999825,21305.65
25860.3,-139.65999999999985,21450.146
25860.31,-139.64999999999782,21353.809
25860.32,-139.63999999999942,21305.65
25860.33,-139.62999999999738,21305.65
25860.34,-139.61999999999898,21450.146
25860.35,-139.61000000000058,21498.33
25860.36,-139.59999999999854,21257.502
25860.37,-139.59000000000015,21161.227
25860.38,-139.5799999999981,21401.973
25860.39,-139.5699999999997,21498.33
25860.4,-139.55999999999767,21401.973
25860.41,-139.54999999999927,21353.809
25860.42,-139.54000000000087,21305.65
25860.43,-139.52999999999884,21401.973
25860.44,-139.52000000000044,21450.146
25860.45,-139.5099999999984,21546.52
25860.46,-139.5,21450.146
25860.47,-139.48999999999796,21257.502
25860.48,-139.47999999999956,21401.973
25860.49,-139.46999999999753,21305.65
25860.5,-139.45999999999913,21257.502
25860.51,-139.45000000000073,21353.809
25860.52,-139.4399999999987,21353.809
25860.53,-139.4300000000003,21353.809
25860.54,-139.41999999999825,21498.33
25860.55,-139.40999999999985,21450.146
25860.56,-139.39999999999782,21594.717
25860.57,-139.38999999999942,21450.146
25860.58,-139.37999999999738,21305.65
25860.59,-139.36999999999898,21257.502
25860.6,-139.36000000000058,21450.146
25860.61,-139.34999999999854,21305.65
25860.62,-139.34000000000015,21401.973
25860.63,-139.3299999999981,21353.809
25860.64,-139.3199999999997,21257.502
25860.65,-139.30999999999767,21209.359
25860.66,-139.29999999999927,21498.33
25860.67,-139.29000000000087,21257.502
25860.68,-139.27999999999884,21353.809
25860.69,-139.27000000000044,21401.973
25860.7,-139.2599999999984,21401.973
25860.71,-139.25,21401.973
25860.72,-139.23999999999796,21546.52
25860.73,-139.22999999999956,21305.65
25860.74,-139.21999999999753,21401.973
25860.75,-139.20999999999913,21305.65
25860.76,-139.20000000000073,21401.973
25860.77,-139.1899999999987,21401.973
25860.78,-139.1800000000003,21401.973
25860.79,-139.16999999999825,21353.809
25860.8,-139.15999999999985,21401.973
25860.81,-139.14999999999782,21305.65
25860.82,-139.13999999999942,21305.65
25860.83,-139.12999999999738,21498.33
25860.84,-139.11999999999898,21401.973
25860.85,-139.11000000000058,21546.52
25860.86,-139.09999999999854,21305.65
25860.87,-139.09000000000015,21353.809
25860.88,-139.0799999999981,21498.33
25860.89,-139.0699999999997,21353.809
25860.9,-139.05999999999767,21305.65
25860.91,-139.04999999999927,21257.502
25860.92,-139.04000000000087,21401.973
25860.93,-139.02999999999884,21498.33
25860.94,-139.02000000000044,21401.973
25860.95,-139.0099999999984,21594.717
25860.96,-139.0,21401.973
25860.97,-138.98999999999796,21498.33
25860.98,-138.97999999999956,21546.52
25860.99,-138.96999999999753,21161.227
25861.0,-138.95999999999913,21401.973
25861.01,-138.95000000000073,21498.33
25861.02,-138.9399999999987,21498.33
25861.03,-138.9300000000003,21209.359
25861.04,-138.91999999999825,21161.227
25861.05,-138.90999999999985,21642.924
25861.06,-138.89999999999782,21546.52
25861.07,-138.88999999999942,21546.52
25861.08,-138.87999999999738,21546.52
25861.09,-138.86999999999898,21305.65
25861.1,-138.86000000000058,21353.809
25861.11,-138.84999999999854,21353.809
25861.12,-138.84000000000015,21113.102
25861.13,-138.8299999999981,21257.502
25861.14,-138.8199999999997,21498.33
25861.15,-138.80999999999767,21209.359
25861.16,-138.79999999999927,21353.809
25861.17,-138.79000000000087,21546.52
25861.18,-138.77999999999884,21450.146
25861.19,-138.77000000000044,21305.65
25861.2,-138.7599999999984,21353.809
25861.21,-138.75,21353.809
25861.22,-138.73999999999796,21401.973
25861.23,-138.72999999999956,21305.65
25861.24,-138.71999999999753,21305.65
25861.25,-138.70999999999913,21353.809
25861.26,-138.70000000000073,21594.717
25861.27,-138.6899999999987,21401.973
25861.28,-138.6800000000003,21401.973
25861.29,-138.66999999999825,21546.52
25861.3,-138.65999999999985,21642.924
25861.31,-138.64999999999782,21498.33
25861.32,-138.63999999999942,21401.973
25861.33,-138.62999999999738,21305.65
25861.34,-138.61999999999898,21401.973
25861.35,-138.61000000000058,21401.973
25861.36,-138.59999999999854,21257.502
25861.37,-138.59000000000015,21401.973
25861.38,-138.5799999999981,21353.809
25861.39,-138.5699999999997,21498.33
25861.4,-138.55999999999767,21401.973
25861.41,-138.54999999999927,21257.502
25861.42,-138.54000000000087,21401.973
25861.43,-138.52999999999884,21450.146
25861.44,-138.52000000000044,21450.146
25861.45,-138.5099999999984,21353.809
25861.46,-138.5,21450.146
25861.47,-138.48999999999796,21353.809
25861.48,-138.47999999999956,21257.502
25861.49,-138.46999999999753,21594.717
25861.5,-138.45999999999913,21691.139
25861.51,-138.45000000000073,21498.33
25861.52,-138.4399999999987,21450.146
25861.53,-138.4300000000003,21450.146
25861.54,-138.41999999999825,21401.973
25861.55,-138.40999999999985,21498.33
25861.56,-138.39999999999782,21353.809
25861.57,-138.38999999999942,21353.809
25861.58,-138.37999999999738,21257.502
25861.59,-138.36999999999898,21401.973
25861.6,-138.36000000000058,21594.717
25861.61,-138.34999999999854,21353.809
25861.62,-138.34000000000015,21450.146
25861.63,-138.3299999999981,21401.973
25861.64,-138.3199999999997,21450.146
25861.65,-138.30999999999767,21594.717
25861.66,-138.29999999999927,21450.146
25861.67,-138.29000000000087,21401.973
25861.68,-138.27999999999884,21498.33
25861.69,-138.27000000000044,21353.809
25861.7,-138.2599999999984,21257.502
25861.71,-138.25,21450.146
25861.72,-138.23999999999796,21498.33
25861.73,-138.22999999999956,21353.809
25861.74,-138.21999999999753,21450.146
25861.75,-138.20999999999913,21594.717
25861.76,-138.20000000000073,21353.809
25861.77,-138.1899999999987,21257.502
25861.78,-138.1800000000003,21401.973
25861.79,-138.16999999999825,21353.809
25861.8,-138.15999999999985,21498.33
25861.81,-138.14999999999782,21498.33
25861.82,-138.13999999999942,21353.809
25861.83,-138.12999999999738,21498.33
25861.84,-138.11999999999898,21161.227
25861.85,-138.11000000000058,21546.52
25861.86,-138.09999999999854,21161.227
25861.87,-138.09000000000015,21498.33
25861.88,-138.0799999999981,21161.227
25861.89,-138.0699999999997,21498.33
25861.9,-138.05999999999767,21305.65
25861.91,-138.04999999999927,21209.359
25861.92,-138.04000000000087,21209.359
25861.93,-138.02999999999884,21161.227
25861.94,-138.02000000000044,21642.924
25861.95,-138.0099999999984,22608.754
25861.96,-138.0,23189.811
25861.97,-137.98999999999796,23529.301
25861.98,-137.97999999999956,23674.92
25861.99,-137.96999999999753,23820.611
25862.0,-137.95999999999913,23674.92
25862.01,-137.95000000000073,23674.92
25862.02,-137.9399999999987,23869.189
25862.03,-137.9300000000003,23674.92
25862.04,-137.91999999999825,23286.768
25862.05,-137.90999999999985,23577.832
25862.06,-137.89999999999782,23577.832
25862.07,-137.88999999999942,23723.475
25862.08,-137.87999999999738,23723.475
25862.09,-137.86999999999898,23674.92
25862.1,-137.86000000000058,23723.475
25862.11,-137.84999999999854,23626.373
25862.12,-137.84000000000015,23723.475
25862.13,-137.8299999999981,23723.475
25862.14,-137.8199999999997,23626.373
25862.15,-137.80999999999767,23869.189
25862.16,-137.79999999999927,23723.475
25862.17,-137.79000000000087,23674.92
25862.18,-137.77999999999884,23917.777
25862.19,-137.77000000000044,23674.92
25862.2,-137.7599999999984,23480.779
25862.21,-137.75,23723.475
25862.22,-137.73999999999796,23772.039
25862.23,-137.72999999999956,23480.779
25862.24,-137.71999999999753,23723.475
25862.25,-137.70999999999913,23577.832
25862.26,-137.70000000000073,23917.777
25862.27,-137.6899999999987,23869.189
25862.28,-137.6800000000003,23723.475
25862.29,-137.66999999999825,23820.611
25862.3,-137.65999999999985,23674.92
25862.31,-137.64999999999782,23674.92
25862.32,-137.63999999999942,23772.039
25862.33,-137.62999999999738,23869.189
25862.34,-137.61999999999898,23577.832
25862.35,-137.61000000000058,23626.373
25862.36,-137.59999999999854,23626.373
25862.37,-137.59000000000015,23723.475
25862.38,-137.5799999999981,23577.832
25862.39,-137.5699999999997,23626.373
25862.4,-137.55999999999767,23480.779
25862.41,-137.54999999999927,23577.832
25862.42,-137.54000000000087,23626.373
25862.43,-137.52999999999884,23723.475
25862.44,-137.52000000000044,23674.92
25862.45,-137.5099999999984,23772.039
25862.46,-137.5,23529.301
25862.47,-137.48999999999796,23723.475
25862.48,-137.47999999999956,23674.92
25862.49,-137.46999999999753,23917.777
25862.5,-137.45999999999913,23626.373
25862.51,-137.45000000000073,23723.475
25862.52,-137.4399999999987,23723.475
25862.53,-137.4300000000003,23577.832
25862.54,-137.41999999999825,23723.475
25862.55,-137.40999999999985,23577.832
25862.56,-137.39999999999782,23626.373
25862.57,-137.38999999999942,23820.611
25862.58,-137.37999999999738,23820.611
25862.59,-137.36999999999898,23626.373
25862.6,-137.36000000000058,23820.611
25862.61,-137.34999999999854,23869.189
25862.62,-137.34000000000015,23820.611
25862.63,-137.3299999999981,23772.039
25862.64,-137.3199999999997,23772.039
25862.65,-137.30999999999767,23869.189
25862.66,-137.29999999999927,23917.777
25862.67,-137.29000000000087,23626.373
25862.68,-137.27999999999884,23772.039
25862.69,-137.27000000000044,23869.189
25862.7,-137.2599999999984,23577.832
25862.71,-137.25,23723.475
25862.72,-137.23999999999796,23820.611
25862.73,-137.22999999999956,23432.264
25862.74,-137.21999999999753,23577.832
25862.75,-137.20999999999913,23674.92
25862.76,-137.20000000000073,23626.373
25862.77,-137.1899999999987,23529.301
25862.78,-137.1800000000003,23723.475
25862.79,-137.16999999999825,24306.775
25862.8,-137.15999999999985,24940.002
25862.81,-137.14999999999782,24988.77
25862.82,-137.13999999999942,24696.291
25862.83,-137.12999999999738,24745.018
25862.84,-137.11999999999898,24842.494
25862.85,-137.11000000000058,24988.77
25862.86,-137.09999999999854,24696.291
25862.87,-137.09000000000015,23044.438
25862.88,-137.0799999999981,22125.432
25862.89,-137.0699999999997,21787.59
25862.9,-137.05999999999767,21450.146
25862.91,-137.04999999999927,21450.146
25862.92,-137.04000000000087,21257.502
25862.93,-137.02999999999884,21546.52
25862.94,-137.02000000000044,21546.52
25862.95,-137.0099999999984,21546.52
25862.96,-137.0,21546.52
25862.97,-136.98999999999796,21691.139
25862.98,-136.97999999999956,21546.52
25862.99,-136.96999999999753,21498.33
25863.0,-136.95999999999913,21498.33
25863.01,-136.95000000000073,21594.717
25863.02,-136.9399999999987,21642.924
25863.03,-136.9300000000003,21546.52
25863.04,-136.91999999999825,21401.973
25863.05,-136.90999999999985,21642.924
25863.06,-136.89999999999782,21642.924
25863.07,-136.88999999999942,21450.146
25863.08,-136.87999999999738,21691.139
25863.09,-136.86999999999898,21739.359
25863.1,-136.86000000000058,21498.33
25863.11,-136.84999999999854,21546.52
25863.12,-136.84000000000015,21642.924
25863.13,-136.8299999999981,21546.52
25863.14,-136.8199999999997,21594.717
25863.15,-136.80999999999767,21498.33
25863.16,-136.79999999999927,21401.973
25863.17,-136.79000000000087,21498.33
25863.18,-136.77999999999884,21594.717
25863.19,-136.77000000000044,21450.146
25863.2,-136.7599999999984,21450.146
25863.21,-136.75,21691.139
25863.22,-136.73999999999796,21594.717
25863.23,-136.72999999999956,21691.139
25863.24,-136.71999999999753,21594.717
25863.25,-136.70999999999913,21353.809
25863.26,-136.70000000000073,21546.52
25863.27,-136.6899999999987,21594.717
25863.28,-136.6800000000003,21353.809
25863.29,-136.66999999999825,21594.717
25863.3,-136.65999999999985,21642.924
25863.31,-136.64999999999782,21594.717
25863.32,-136.63999999999942,21594.717
25863.33,-136.62999999999738,21401.973
25863.34,-136.61999999999898,21691.139
25863.35,-136.61000000000058,21546.52
25863.36,-136.59999999999854,21594.717
25863.37,-136.59000000000015,21739.359
25863.38,-136.5799999999981,21594.717
25863.39,-136.5699999999997,21546.52
25863.4,-136.55999999999767,21594.717
25863.41,-136.54999999999927,21691.139
25863.42,-136.54000000000087,21498.33
25863.43,-136.52999999999884,21642.924
25863.44,-136.52000000000044,21546.52
25863.45,-136.5099999999984,21546.52
25863.46,-136.5,21594.717
25863.47,-136.48999999999796,21450.146
25863.48,-136.47999999999956,21642.924
25863.49,-136.46999999999753,21498.33
25863.5,-136.45999999999913,21353.809
25863.51,-136.45000000000073,21691.139
25863.52,-136.4399999999987,21691.139
25863.53,-136.4300000000003,21450.146
25863.54,-136.41999999999825,21257.502
25863.55,-136.40999999999985,21594.717
25863.56,-136.39999999999782,21594.717
25863.57,-136.38999999999942,21642.924
25863.58,-136.37999999999738,21498.33
25863.59,-136.36999999999898,21642.924
25863.6,-136.36000000000058,21691.139
25863.61,-136.34999999999854,21401.973
25863.62,-136.34000000000015,21546.52
25863.63,-136.3299999999981,21691.139
25863.64,-136.3199999999997,21594.717
25863.65,-136.30999999999767,21691.139
25863.66,-136.29999999999927,21546.52
25863.67,-136.29000000000087,21401.973
25863.68,-136.27999999999884,21546.52
25863.69,-136.27000000000044,21546.52
25863.7,-136.2599999999984,21691.139
25863.71,-136.25,21546.52
25863.72,-136.23999999999796,21498.33
25863.73,-136.22999999999956,21498.33
25863.74,-136.21999999999753,21594.717
25863.75,-136.20999999999913,21498.33
25863.76,-136.20000000000073,21739.359
25863.77,-136.1899999999987,21594.717
25863.78,-136.1800000000003,21642.924
25863.79,-136.16999999999825,21594.717
25863.8,-136.15999999999985,21546.52
25863.81,-136.14999999999782,21401.973
25863.82,-136.13999999999942,21546.52
25863.83,-136.12999999999738,21546.52
25863.84,-136.11999999999898,21787.59
25863.85,-136.11000000000058,21546.52
25863.86,-136.09999999999854,21642.924
25863.87,-136.09000000000015,21594.717
25863.88,-136.0799999999981,21787.59
25863.89,-136.0699999999997,21401.973
25863.9,-136.05999999999767,21546.52
25863.91,-136.04999999999927,21642.924
25863.92,-136.04000000000087,21353.809
25863.93,-136.02999999999884,21594.717
25863.94,-136.02000000000044,21450.146
25863.95,-136.0099999999984,21546.52
25863.96,-136.0,21450.146
25863.97,-135.98999999999796,21401.973
25863.98,-135.97999999999956,21691.139
25863.99,-135.96999999999753,21498.33
25864.0,-135.95999999999913,21401.973
25864.01,-135.95000000000073,21594.717
25864.02,-135.9399999999987,21594.717
25864.03,-135.9300000000003,21546.52
25864.04,-135.91999999999825,21546.52
25864.05,-135.90999999999985,21353.809
25864.06,-135.89999999999782,21546.52
25864.07,-135.88999999999942,21594.717
25864.08,-135.87999999999738,21546.52
25864.09,-135.86999999999898,21546.52
25864.1,-135.86000000000058,21642.924
25864.11,-135.84999999999854,21450.146
25864.12,-135.84000000000015,21594.717
25864.13,-135.8299999999981,21546.52
25864.14,-135.8199999999997,21498.33
25864.15,-135.80999999999767,21594.717
25864.16,-135.79999999999927,21353.809
25864.17,-135.79000000000087,21401.973
25864.18,-135.77999999999884,21594.717
25864.19,-135.77000000000044,21498.33
25864.2,-135.7599999999984,21498.33
25864.21,-135.75,21642.924
25864.22,-135.73999999999796,21498.33
25864.23,-135.72999999999956,21450.146
25864.24,-135.71999999999753,21401.973
25864.25,-135.70999999999913,21739.359
25864.26,-135.70000000000073,21787.59
25864.27,-135.6899999999987,21594.717
25864.28,-135.6800000000003,21739.359
25864.29,-135.66999999999825,21642.924
25864.3,-135.65999999999985,21498.33
25864.31,-135.64999999999782,21498.33
25864.32,-135.63999999999942,21450.146
25864.33,-135.62999999999738,21401.973
25864.34,-135.61999999999898,21450.146
25864.35,-135.61000000000058,21642.924
25864.36,-135.59999999999854,21594.717
25864.37,-135.59000000000015,21546.52
25864.38,-135.5799999999981,21691.139
25864.39,-135.5699999999997,21642.924
25864.4,-135.55999999999767,21642.924
25864.41,-135.54999999999927,21498.33
25864.42,-135.54000000000087,21450.146
25864.43,-135.52999999999884,21546.52
25864.44,-135.52000000000044,21594.717
25864.45,-135.5099999999984,21546.52
25864.46,-135.5,21594.717
25864.47,-135.48999999999796,21353.809
25864.48,-135.47999999999956,21594.717
25864.49,-135.46999999999753,21450.146
25864.5,-135.45999999999913,21498.33
25864.51,-135.45000000000073,21546.52
25864.52,-135.4399999999987,21498.33
25864.53,-135.4300000000003,21546.52
25864.54,-135.41999999999825,21450.146
25864.55,-135.40999999999985,21353.809
25864.56,-135.39999999999782,21594.717
25864.57,-135.38999999999942,21498.33
25864.58,-135.37999999999738,21642.924
25864.59,-135.36999999999898,21401.973
25864.6,-135.36000000000058,21594.717
25864.61,-135.34999999999854,21546.52
25864.62,-135.34000000000015,21594.717
25864.63,-135.3299999999981,21642.924
25864.64,-135.3199999999997,21450.146
25864.65,-135.30999999999767,21642.924
25864.66,-135.29999999999927,21498.33
25864.67,-135.29000000000087,21546.52
25864.68,-135.27999999999884,21498.33
25864.69,-135.27000000000044,21642.924
25864.7,-135.2599999999984,21161.227
25864.71,-135.25,21642.924
25864.72,-135.23999999999796,21401.973
25864.73,-135.22999999999956,21498.33
25864.74,-135.21999999999753,21546.52
25864.75,-135.20999999999913,21450.146
25864.76,-135.20000000000073,21594.717
25864.77,-135.1899999999987,21546.52
25864.78,-135.1800000000003,21594.717
25864.79,-135.16999999999825,21594.717
25864.8,-135.15999999999985,21546.52
25864.81,-135.14999999999782,21546.52
25864.82,-135.13999999999942,21546.52
25864.83,-135.12999999999738,21546.52
25864.84,-135.11999999999898,21739.359
25864.85,-135.11000000000058,21498.33
25864.86,-135.09999999999854,21546.52
25864.87,-135.09000000000015,21401.973
25864.88,-135.0799999999981,21642.924
25864.89,-135.0699999999997,21594.717
25864.9,-135.05999999999767,21498.33
25864.91,-135.04999999999927,21642.924
25864.92,-135.04000000000087,21401.973
25864.93,-135.02999999999884,21594.717
25864.94,-135.02000000000044,21450.146
25864.95,-135.0099999999984,21594.717
25864.96,-135.0,21546.52
25864.97,-134.98999999999796,21546.52
25864.98,-134.97999999999956,21594.717
25864.99,-134.96999999999753,21353.809
25865.0,-134.95999999999913,21691.139
25865.01,-134.95000000000073,21450.146
25865.02,-134.9399999999987,21546.52
25865.03,-134.9300000000003,21594.717
25865.04,-134.91999999999825,21305.65
25865.05,-134.90999999999985,21594.717
25865.06,-134.89999999999782,21594.717
25865.07,-134.88999999999942,21305.65
25865.08,-134.87999999999738,21691.139
25865.09,-134.86999999999898,21594.717
25865.1,-134.86000000000058,21642.924
25865.11,-134.84999999999854,21546.52
25865.12,-134.84000000000015,21498.33
25865.13,-134.8299999999981,21546.52
25865.14,-134.8199999999997,21498.33
25865.15,-134.80999999999767,21450.146
25865.16,-134.79999999999927,21450.146
25865.17,-134.79000000000087,21450.146
25865.18,-134.77999999999884,21642.924
25865.19,-134.77000000000044,21594.717
25865.2,-134.7599999999984,21498.33
25865.21,-134.75,21450.146
25865.22,-134.73999999999796,21498.33
25865.23,-134.72999999999956,21498.33
25865.24,-134.71999999999753,21401.973
25865.25,-134.70999999999913,21546.52
25865.26,-134.70000000000073,21450.146
25865.27,-134.6899999999987,21450.146
25865.28,-134.6800000000003,21450.146
25865.29,-134.66999999999825,21450.146
25865.3,-134.65999999999985,21546.52
25865.31,-134.64999999999782,21401.973
25865.32,-134.63999999999942,21546.52
25865.33,-134.62999999999738,21691.139
25865.34,-134.61999999999898,21739.359
25865.35,-134.61000000000058,21691.139
25865.36,-134.59999999999854,21450.146
25865.37,-134.59000000000015,21546.52
25865.38,-134.5799999999981,21594.717
25865.39,-134.5699999999997,21642.924
25865.4,-134.55999999999767,21498.33
25865.41,-134.54999999999927,21594.717
25865.42,-134.54000000000087,21642.924
25865.43,-134.52999999999884,21498.33
25865.44,-134.52000000000044,21546.52
25865.45,-134.5099999999984,21642.924
25865.46,-134.5,21546.52
25865.47,-134.48999999999796,21546.52
25865.48,-134.47999999999956,21546.52
25865.49,-134.46999999999753,21450.146
25865.5,-134.45999999999913,21450.146
25865.51,-134.45000000000073,21546.52
25865.52,-134.4399999999987,21546.52
25865.53,-134.4300000000003,21401.973
25865.54,-134.41999999999825,21546.52
25865.55,-134.40999999999985,21498.33
25865.56,-134.39999999999782,21450.146
25865.57,-134.38999999999942,21498.33
25865.58,-134.37999999999738,21401.973
25865.59,-134.36999999999898,21546.52
25865.6,-134.36000000000058,21546.52
25865.61,-134.34999999999854,21498.33
25865.62,-134.34000000000015,21498.33
25865.63,-134.3299999999981,21594.717
25865.64,-134.3199999999997,21498.33
25865.65,-134.30999999999767,21642.924
25865.66,-134.29999999999927,21594.717
25865.67,-134.29000000000087,21594.717
25865.68,-134.27999999999884,21642.924
25865.69,-134.27000000000044,21642.924
25865.7,-134.2599999999984,21401.973
25865.71,-134.25,21401.973
25865.72,-134.23999999999796,21450.146
25865.73,-134.22999999999956,21546.52
25865.74,-134.21999999999753,21498.33
25865.75,-134.20999999999913,21642.924
25865.76,-134.20000000000073,21594.717
25865.77,-134.1899999999987,21594.717
25865.78,-134.1800000000003,21594.717
25865.79,-134.16999999999825,21257.502
25865.8,-134.15999999999985,21642.924
25865.81,-134.14999999999782,21450.146
25865.82,-134.13999999999942,21450.146
25865.83,-134.12999999999738,21450.146
25865.84,-134.11999999999898,21546.52
25865.85,-134.11000000000058,21546.52
25865.86,-134.09999999999854,21594.717
25865.87,-134.09000000000015,21546.52
25865.88,-134.0799999999981,21401.973
25865.89,-134.0699999999997,21691.139
25865.9,-134.05999999999767,21498.33
25865.91,-134.04999999999927,21546.52
25865.92,-134.04000000000087,21642.924
25865.93,-134.02999999999884,21546.52
25865.94,-134.02000000000044,21594.717
25865.95,-134.0099999999984,21594.717
25865.96,-134.0,21594.717
25865.97,-133.98999999999796,21401.973
25865.98,-133.97999999999956,21594.717
25865.99,-133.96999999999753,21594.717
25866.0,-133.95999999999913,21498.33
25866.01,-133.95000000000073,21594.717
25866.02,-133.9399999999987,21594.717
25866.03,-133.9300000000003,21353.809
25866.04,-133.91999999999825,21642.924
25866.05,-133.90999999999985,21450.146
25866.06,-133.89999999999782,21546.52
25866.07,-133.88999999999942,21594.717
25866.08,-133.87999999999738,21498.33
25866.09,-133.86999999999898,21642.924
25866.1,-133.86000000000058,21546.52
25866.11,-133.84999999999854,21691.139
25866.12,-133.84000000000015,21642.924
25866.13,-133.8299999999981,21498.33
25866.14,-133.8199999999997,21594.717
25866.15,-133.80999999999767,21546.52
25866.16,-133.79999999999927,21594.717
25866.17,-133.79000000000087,21546.52
25866.18,-133.77999999999884,21546.52
25866.19,-133.77000000000044,21450.146
25866.2,-133.7599999999984,21498.33
25866.21,-133.75,21594.717
25866.22,-133.73999999999796,21594.717
25866.23,-133.72999999999956,21450.146
25866.24,-133.71999999999753,21594.717
25866.25,-133.70999999999913,21642.924
25866.26,-133.70000000000073,21691.139
25866.27,-133.6899999999987,21546.52
25866.28,-133.6800000000003,21594.717
25866.29,-133.66999999999825,21594.717
25866.3,-133.65999999999985,21691.139
25866.31,-133.64999999999782,21546.52
25866.32,-133.63999999999942,21498.33
25866.33,-133.62999999999738,21498.33
25866.34,-133.61999999999898,21594.717
25866.35,-133.61000000000058,21691.139
25866.36,-133.59999999999854,21353.809
25866.37,-133.59000000000015,21450.146
25866.38,-133.5799999999981,21642.924
25866.39,-133.5699999999997,21594.717
25866.4,-133.55999999999767,21594.717
25866.41,-133.54999999999927,21498.33
25866.42,-133.54000000000087,21353.809
25866.43,-133.52999999999884,21691.139
25866.44,-133.52000000000044,21401.973
25866.45,-133.5099999999984,21498.33
25866.46,-133.5,21546.52
25866.47,-133.48999999999796,21691.139
25866.48,-133.47999999999956,21594.717
25866.49,-133.46999999999753,21401.973
25866.5,-133.45999999999913,21257.502
25866.51,-133.45000000000073,21498.33
25866.52,-133.4399999999987,21546.52
25866.53,-133.4300000000003,21594.717
25866.54,-133.41999999999825,21401.973
25866.55,-133.40999999999985,21642.924
25866.56,-133.39999999999782,21739.359
25866.57,-133.38999999999942,21305.65
25866.58,-133.37999999999738,21450.146
25866.59,-133.36999999999898,21594.717
25866.6,-133.36000000000058,21498.33
25866.61,-133.34999999999854,21546.52
25866.62,-133.34000000000015,21546.52
25866.63,-133.3299999999981,21594.717
25866.64,-133.3199999999997,21546.52
25866.65,-133.30999999999767,21594.717
25866.66,-133.29999999999927,21498.33
25866.67,-133.29000000000087,21498.33
25866.68,-133.27999999999884,21594.717
25866.69,-133.27000000000044,21450.146
25866.7,-133.2599999999984,21498.33
25866.71,-133.25,21594.717
25866.72,-133.23999999999796,21401.973
25866.73,-133.22999999999956,21498.33
25866.74,-133.21999999999753,21450.146
25866.75,-133.20999999999913,21498.33
25866.76,-133.20000000000073,21594.717
25866.77,-133.1899999999987,21546.52
25866.78,-133.1800000000003,21546.52
25866.79,-133.16999999999825,21546.52
25866.8,-133.15999999999985,21642.924
25866.81,-133.14999999999782,21594.717
25866.82,-133.13999999999942,21401.973
25866.83,-133.12999999999738,21401.973
25866.84,-133.11999999999898,21450.146
25866.85,-133.11000000000058,21546.52
25866.86,-133.09999999999854,21450.146
25866.87,-133.09000000000015,21642.924
25866.88,-133.0799999999981,21546.52
25866.89,-133.0699999999997,21546.52
25866.9,-133.05999999999767,21642.924
25866.91,-133.04999999999927,21401.973
25866.92,-133.04000000000087,21401.973
25866.93,-133.02999999999884,21498.33
25866.94,-133.02000000000044,21546.52
25866.95,-133.0099999999984,21305.65
25866.96,-133.0,21401.973
25866.97,-132.98999999999796,21401.973
25866.98,-132.97999999999956,21546.52
25866.99,-132.96999999999753,21450.146
25867.0,-132.95999999999913,21450.146
25867.01,-132.95000000000073,21691.139
25867.02,-132.9399999999987,21691.139
25867.03,-132.9300000000003,21450.146
25867.04,-132.91999999999825,21498.33
25867.05,-132.90999999999985,21498.33
25867.06,-132.89999999999782,21546.52
25867.07,-132.88999999999942,21353.809
25867.08,-132.87999999999738,21594.717
25867.09,-132.86999999999898,21594.717
25867.1,-132.86000000000058,21546.52
25867.11,-132.84999999999854,21546.52
25867.12,-132.84000000000015,21594.717
25867.13,-132.8299999999981,21450.146
25867.14,-132.8199999999997,21450.146
25867.15,-132.80999999999767,21498.33
25867.16,-132.79999999999927,21594.717
25867.17,-132.79000000000087,21401.973
25867.18,-132.77999999999884,21691.139
25867.19,-132.77000000000044,21450.146
25867.2,-132.7599999999984,21450.146
25867.21,-132.75,21353.809
25867.22,-132.73999999999796,21401.973
25867.23,-132.72999999999956,21642.924
25867.24,-132.71999999999753,21450.146
25867.25,-132.70999999999913,21594.717
25867.26,-132.70000000000073,21642.924
25867.27,-132.6899999999987,21498.33
25867.28,-132.6800000000003,21450.146
25867.29,-132.66999999999825,21305.65
25867.3,-132.65999999999985,21450.146
25867.31,-132.64999999999782,21546.52
25867.32,-132.63999999999942,21498.33
25867.33,-132.62999999999738,21546.52
25867.34,-132.61999999999898,21546.52
25867.35,-132.61000000000058,21498.33
25867.36,-132.59999999999854,21401.973
25867.37,-132.59000000000015,21498.33
25867.38,-132.5799999999981,21642.924
25867.39,-132.5699999999997,21739.359
25867.4,-132.55999999999767,21642.924
25867.41,-132.54999999999927,21546.52
25867.42,-132.54000000000087,21546.52
25867.43,-132.52999999999884,21546.52
25867.44,-132.52000000000044,21546.52
25867.45,-132.5099999999984,21498.33
25867.46,-132.5,21353.809
25867.47,-132.48999999999796,21498.33
25867.48,-132.47999999999956,21353.809
25867.49,-132.46999999999753,21450.146
25867.5,-132.45999999999913,21401.973
25867.51,-132.45000000000073,21594.717
25867.52,-132.4399999999987,21401.973
25867.53,-132.4300000000003,21353.809
25867.54,-132.41999999999825,21594.717
25867.55,-132.40999999999985,21594.717
25867.56,-132.39999999999782,21594.717
25867.57,-132.38999999999942,21498.33
25867.58,-132.37999999999738,21594.717
25867.59,-132.36999999999898,21594.717
25867.6,-132.36000000000058,21546.52
25867.61,-132.34999999999854,21594.717
25867.62,-132.34000000000015,21305.65
25867.63,-132.3299999999981,21450.146
25867.64,-132.3199999999997,21739.359
25867.65,-132.30999999999767,21401.973
25867.66,-132.29999999999927,21401.973
25867.67,-132.29000000000087,21691.139
25867.68,-132.27999999999884,21739.359
25867.69,-132.27000000000044,21642.924
25867.7,-132.2599999999984,21691.139
25867.71,-132.25,21353.809
25867.72,-132.23999999999796,21594.717
25867.73,-132.22999999999956,21498.33
25867.74,-132.21999999999753,21546.52
25867.75,-132.20999999999913,21353.809
25867.76,-132.20000000000073,21546.52
25867.77,-132.1899999999987,21594.717
25867.78,-132.1800000000003,21498.33
25867.79,-132.16999999999825,21546.52
25867.8,-132.15999999999985,21594.717
25867.81,-132.14999999999782,21450.146
25867.82,-132.13999999999942,21594.717
25867.83,-132.12999999999738,21546.52
25867.84,-132.11999999999898,21450.146
25867.85,-132.11000000000058,21498.33
25867.86,-132.09999999999854,21353.809
25867.87,-132.09000000000015,21353.809
25867.88,-132.0799999999981,21546.52
25867.89,-132.0699999999997,21401.973
25867.9,-132.05999999999767,21450.146
25867.91,-132.04999999999927,21498.33
25867.92,-132.04000000000087,21305.65
25867.93,-132.02999999999884,21450.146
25867.94,-132.02000000000044,21450.146
25867.95,-132.0099999999984,21401.973
25867.96,-132.0,21498.33
25867.97,-131.98999999999796,21546.52
25867.98,-131.97999999999956,21450.146
25867.99,-131.96999999999753,21546.52
25868.0,-131.95999999999913,21546.52
25868.01,-131.95000000000073,21691.139
25868.02,-131.9399999999987,21546.52
25868.03,-131.9300000000003,21353.809
25868.04,-131.91999999999825,21546.52
25868.05,-131.90999999999985,21498.33
25868.06,-131.89999999999782,21642.924
25868.07,-131.88999999999942,21450.146
25868.08,-131.87999999999738,21353.809
25868.09,-131.86999999999898,21546.52
25868.1,-131.86000000000058,21594.717
25868.11,-131.84999999999854,21642.924
25868.12,-131.84000000000015,21546.52
25868.13,-131.8299999999981,21498.33
25868.14,-131.8199999999997,21691.139
25868.15,-131.80999999999767,21498.33
25868.16,-131.79999999999927,21498.33
25868.17,-131.79000000000087,21498.33
25868.18,-131.77999999999884,21498.33
25868.19,-131.77000000000044,21498.33
25868.2,-131.7599999999984,21257.502
25868.21,-131.75,21353.809
25868.22,-131.73999999999796,21498.33
25868.23,-131.72999999999956,21450.146
25868.24,-131.71999999999753,21546.52
25868.25,-131.70999999999913,21546.52
25868.26,-131.70000000000073,21450.146
25868.27,-131.6899999999987,21450.146
25868.28,-131.6800000000003,21498.33
25868.29,-131.66999999999825,21450.146
25868.3,-131.65999999999985,21691.139
25868.31,-131.64999999999782,21498.33
25868.32,-131.63999999999942,21594.717
25868.33,-131.62999999999738,21642.924
25868.34,-131.61999999999898,21546.52
25868.35,-131.61000000000058,21450.146
25868.36,-131.59999999999854,21498.33
25868.37,-131.59000000000015,21498.33
25868.38,-131.5799999999981,21546.52
25868.39,-131.5699999999997,21546.52
25868.4,-131.55999999999767,21353.809
25868.41,-131.54999999999927,21642.924
25868.42,-131.54000000000087,21546.52
25868.43,-131.52999999999884,21546.52
25868.44,-131.52000000000044,21257.502
25868.45,-131.5099999999984,21546.52
25868.46,-131.5,21546.52
25868.47,-131.48999999999796,21642.924
25868.48,-131.47999999999956,21546.52
25868.49,-131.46999999999753,21498.33
25868.5,-131.45999999999913,21401.973
25868.51,-131.45000000000073,21594.717
25868.52,-131.4399999999987,21498.33
25868.53,-131.4300000000003,21594.717
25868.54,-131.41999999999825,21594.717
25868.55,-131.40999999999985,21642.924
25868.56,-131.39999999999782,21691.139
25868.57,-131.38999999999942,21498.33
25868.58,-131.37999999999738,21594.717
25868.59,-131.36999999999898,21546.52
25868.6,-131.36000000000058,21594.717
25868.61,-131.34999999999854,21498.33
25868.62,-131.34000000000015,21498.33
25868.63,-131.3299999999981,21546.52
25868.64,-131.3199999999997,21594.717
25868.65,-131.30999999999767,21498.33
25868.66,-131.29999999999927,21498.33
25868.67,-131.29000000000087,21691.139
25868.68,-131.27999999999884,21642.924
25868.69,-131.27000000000044,21642.924
25868.7,-131.2599999999984,21594.717
25868.71,-131.25,21594.717
25868.72,-131.23999999999796,21546.52
25868.73,-131.22999999999956,21546.52
25868.74,-131.21999999999753,21353.809
25868.75,-131.20999999999913,21353.809
25868.76,-131.20000000000073,21546.52
25868.77,-131.1899999999987,21594.717
25868.78,-131.1800000000003,21546.52
25868.79,-131.16999999999825,21594.717
25868.8,-131.15999999999985,21835.83
25868.81,-131.14999999999782,21498.33
25868.82,-131.13999999999942,21594.717
25868.83,-131.12999999999738,21546.52
25868.84,-131.11999999999898,21787.59
25868.85,-131.11000000000058,21642.924
25868.86,-131.09999999999854,21691.139
25868.87,-131.09000000000015,21594.717
25868.88,-131.0799999999981,21498.33
25868.89,-131.0699999999997,21594.717
25868.9,-131.05999999999767,21546.52
25868.91,-131.04999999999927,21450.146
25868.92,-131.04000000000087,21546.52
25868.93,-131.02999999999884,21642.924
25868.94,-131.02000000000044,21546.52
25868.95,-131.0099999999984,21594.717
25868.96,-131.0,21450.146
25868.97,-130.98999999999796,21594.717
25868.98,-130.97999999999956,21594.717
25868.99,-130.96999999999753,21498.33
25869.0,-130.95999999999913,21546.52
25869.01,-130.95000000000073,21787.59
25869.02,-130.9399999999987,21642.924
25869.03,-130.9300000000003,21594.717
25869.04,-130.91999999999825,21594.717
25869.05,-130.90999999999985,21835.83
25869.06,-130.89999999999782,21642.924
25869.07,-130.88999999999942,21450.146
25869.08,-130.87999999999738,21594.717
25869.09,-130.86999999999898,21401.973
25869.1,-130.86000000000058,21498.33
25869.11,-130.84999999999854,21546.52
25869.12,-130.84000000000015,21594.717
25869.13,-130.8299999999981,21401.973
25869.14,-130.8199999999997,21546.52
25869.15,-130.80999999999767,21498.33
25869.16,-130.79999999999927,21353.809
25869.17,-130.79000000000087,21594.717
25869.18,-130.77999999999884,21498.33
25869.19,-130.77000000000044,21401.973
25869.2,-130.7599999999984,21498.33
25869.21,-130.75,21450.146
25869.22,-130.73999999999796,21401.973
25869.23,-130.72999999999956,21642.924
25869.24,-130.71999999999753,21546.52
25869.25,-130.70999999999913,21594.717
25869.26,-130.70000000000073,21498.33
25869.27,-130.6899999999987,21546.52
25869.28,-130.6800000000003,21498.33
25869.29,-130.66999999999825,21450.146
25869.3,-130.65999999999985,21498.33
25869.31,-130.64999999999782,21546.52
25869.32,-130.63999999999942,21450.146
25869.33,-130.62999999999738,21401.973
25869.34,-130.61999999999898,21450.146
25869.35,-130.61000000000058,21594.717
25869.36,-130.59999999999854,21401.973
25869.37,-130.59000000000015,21594.717
25869.38,-130.5799999999981,21642.924
25869.39,-130.5699999999997,21546.52
25869.4,-130.55999999999767,21594.717
25869.41,-130.54999999999927,21691.139
25869.42,-130.54000000000087,21546.52
25869.43,-130.52999999999884,21787.59
25869.44,-130.52000000000044,21498.33
25869.45,-130.5099999999984,21450.146
25869.46,-130.5,21498.33
25869.47,-130.48999999999796,21546.52
25869.48,-130.47999999999956,21353.809
25869.49,-130.46999999999753,21353.809
25869.5,-130.45999999999913,21546.52
25869.51,-130.45000000000073,21498.33
25869.52,-130.4399999999987,21498.33
25869.53,-130.4300000000003,21594.717
25869.54,-130.41999999999825,21594.717
25869.55,-130.40999999999985,21691.139
25869.56,-130.39999999999782,21546.52
25869.57,-130.38999999999942,21353.809
25869.58,-130.37999999999738,21691.139
25869.59,-130.36999999999898,21594.717
25869.6,-130.36000000000058,21642.924
25869.61,-130.34999999999854,21498.33
25869.62,-130.34000000000015,21546.52
25869.63,-130.3299999999981,21787.59
25869.64,-130.3199999999997,21546.52
25869.65,-130.30999999999767,21546.52
25869.66,-130.29999999999927,21546.52
25869.67,-130.29000000000087,21546.52
25869.68,-130.27999999999884,21450.146
25869.69,-130.27000000000044,21305.65
25869.7,-130.2599999999984,21498.33
25869.71,-130.25,21739.359
25869.72,-130.23999999999796,21546.52
25869.73,-130.22999999999956,21546.52
25869.74,-130.21999999999753,21594.717
25869.75,-130.20999999999913,21498.33
25869.76,-130.20000000000073,21787.59
25869.77,-130.1899999999987,21546.52
25869.78,-130.1800000000003,21353.809
25869.79,-130.16999999999825,21739.359
25869.8,-130.15999999999985,21594.717
25869.81,-130.14999999999782,21594.717
25869.82,-130.13999999999942,21450.146
25869.83,-130.12999999999738,21546.52
25869.84,-130.11999999999898,21498.33
25869.85,-130.11000000000058,21642.924
25869.86,-130.09999999999854,21594.717
25869.87,-130.09000000000015,21498.33
25869.88,-130.0799999999981,21594.717
25869.89,-130.0699999999997,21787.59
25869.9,-130.05999999999767,21450.146
25869.91,-130.04999999999927,21594.717
25869.92,-130.04000000000087,21401.973
25869.93,-130.02999999999884,21594.717
25869.94,-130.02000000000044,21739.359
25869.95,-130.0099999999984,21546.52
25869.96,-130.0,21498.33
25869.97,-129.98999999999796,21594.717
25869.98,-129.97999999999956,21594.717
25869.99,-129.96999999999753,21594.717
25870.0,-129.95999999999913,21353.809
25870.01,-129.95000000000073,21498.33
25870.02,-129.9399999999987,21594.717
25870.03,-129.9300000000003,21353.809
25870.04,-129.91999999999825,21546.52
25870.05,-129.90999999999985,21546.52
25870.06,-129.89999999999782,21546.52
25870.07,-129.88999999999942,21594.717
25870.08,-129.87999999999738,21546.52
25870.09,-129.86999999999898,21546.52
25870.1,-129.86000000000058,21691.139
25870.11,-129.84999999999854,21450.146
25870.12,-129.84000000000015,21594.717
25870.13,-129.8299999999981,21594.717
25870.14,-129.8199999999997,21546.52
25870.15,-129.80999999999767,21450.146
25870.16,-129.79999999999927,21594.717
25870.17,-129.79000000000087,21353.809
25870.18,-129.77999999999884,21594.717
25870.19,-129.77000000000044,21594.717
25870.2,-129.7599999999984,21594.717
25870.21,-129.75,21594.717
25870.22,-129.73999999999796,21642.924
25870.23,-129.72999999999956,21642.924
25870.24,-129.71999999999753,21642.924
25870.25,-129.70999999999913,21642.924
25870.26,-129.70000000000073,21739.359
25870.27,-129.6899999999987,21642.924
25870.28,-129.6800000000003,21546.52
25870.29,-129.66999999999825,21787.59
25870.3,-129.65999999999985,21642.924
25870.31,-129.64999999999782,21498.33
25870.32,-129.63999999999942,21594.717
25870.33,-129.62999999999738,21498.33
25870.34,-129.61999999999898,21353.809
25870.35,-129.61000000000058,21691.139
25870.36,-129.59999999999854,21546.52
25870.37,-129.59000000000015,21546.52
25870.38,-129.5799999999981,21450.146
25870.39,-129.5699999999997,21691.139
25870.4,-129.55999999999767,21546.52
25870.41,-129.54999999999927,21546.52
25870.42,-129.54000000000087,21546.52
25870.43,-129.52999999999884,21594.717
25870.44,-129.52000000000044,21353.809
25870.45,-129.5099999999984,21401.973
25870.46,-129.5,21594.717
25870.47,-129.48999999999796,21691.139
25870.48,-129.47999999999956,21739.359
25870.49,-129.46999999999753,21546.52
25870.5,-129.45999999999913,21594.717
25870.51,-129.45000000000073,21642.924
25870.52,-129.4399999999987,21450.146
25870.53,-129.4300000000003,21594.717
25870.54,-129.41999999999825,21401.973
25870.55,-129.40999999999985,21594.717
25870.56,-129.39999999999782,21642.924
25870.57,-129.38999999999942,21642.924
25870.58,-129.37999999999738,21401.973
25870.59,-129.36999999999898,21594.717
25870.6,-129.36000000000058,21546.52
25870.61,-129.34999999999854,21353.809
25870.62,-129.34000000000015,21498.33
25870.63,-129.3299999999981,21450.146
25870.64,-129.3199999999997,21546.52
25870.65,-129.30999999999767,21401.973
25870.66,-129.29999999999927,21739.359
25870.67,-129.29000000000087,21353.809
25870.68,-129.27999999999884,21546.52
25870.69,-129.27000000000044,21353.809
25870.7,-129.2599999999984,21546.52
25870.71,-129.25,21353.809
25870.72,-129.23999999999796,21594.717
25870.73,-129.22999999999956,21353.809
25870.74,-129.21999999999753,21450.146
25870.75,-129.20999999999913,21498.33
25870.76,-129.20000000000073,21546.52
25870.77,-129.1899999999987,21450.146
25870.78,-129.1800000000003,21691.139
25870.79,-129.16999999999825,21594.717
25870.8,-129.15999999999985,21642.924
25870.81,-129.14999999999782,21401.973
25870.82,-129.13999999999942,21594.717
25870.83,-129.12999999999738,21594.717
25870.84,-129.11999999999898,21594.717
25870.85,-129.11000000000058,21450.146
25870.86,-129.09999999999854,21353.809
25870.87,-129.09000000000015,21450.146
25870.88,-129.0799999999981,21546.52
25870.89,-129.0699999999997,21594.717
25870.9,-129.05999999999767,21498.33
25870.91,-129.04999999999927,21594.717
25870.92,-129.04000000000087,21594.717
25870.93,-129.02999999999884,21546.52
25870.94,-129.02000000000044,21498.33
25870.95,-129.0099999999984,21546.52
25870.96,-129.0,21498.33
25870.97,-128.98999999999796,21594.717
25870.98,-128.97999999999956,21401.973
25870.99,-128.96999999999753,21498.33
25871.0,-128.95999999999913,21498.33
25871.01,-128.95000000000073,21594.717
25871.02,-128.9399999999987,21594.717
25871.03,-128.9300000000003,21353.809
25871.04,-128.91999999999825,21594.717
25871.05,-128.90999999999985,21594.717
25871.06,-128.89999999999782,21546.52
25871.07,-128.88999999999942,21594.717
25871.08,-128.87999999999738,21353.809
25871.09,-128.86999999999898,21498.33
25871.1,-128.86000000000058,21546.52
25871.11,-128.84999999999854,21498.33
25871.12,-128.84000000000015,21353.809
25871.13,-128.8299999999981,21594.717
25871.14,-128.8199999999997,21450.146
25871.15,-128.80999999999767,21450.146
25871.16,-128.79999999999927,21450.146
25871.17,-128.79000000000087,21257.502
25871.18,-128.77999999999884,21450.146
25871.19,-128.77000000000044,21353.809
25871.2,-128.7599999999984,21401.973
25871.21,-128.75,21642.924
25871.22,-128.73999999999796,21498.33
25871.23,-128.72999999999956,21401.973
25871.24,-128.71999999999753,21498.33
25871.25,-128.70999999999913,21739.359
25871.26,-128.70000000000073,21546.52
25871.27,-128.6899999999987,21498.33
25871.28,-128.6800000000003,21450.146
25871.29,-128.66999999999825,21401.973
25871.3,-128.65999999999985,21498.33
25871.31,-128.64999999999782,21739.359
25871.32,-128.63999999999942,21450.146
25871.33,-128.62999999999738,21691.139
25871.34,-128.61999999999898,21546.52
25871.35,-128.61000000000058,21787.59
25871.36,-128.59999999999854,21691.139
25871.37,-128.59000000000015,21642.924
25871.38,-128.5799999999981,21594.717
25871.39,-128.5699999999997,21498.33
25871.4,-128.55999999999767,21450.146
25871.41,-128.54999999999927,21546.52
25871.42,-128.54000000000087,21401.973
25871.43,-128.52999999999884,21594.717
25871.44,-128.52000000000044,21401.973
25871.45,-128.5099999999984,21594.717
25871.46,-128.5,21546.52
25871.47,-128.48999999999796,21546.52
25871.48,-128.47999999999956,21691.139
25871.49,-128.46999999999753,21498.33
25871.5,-128.45999999999913,21450.146
25871.51,-128.45000000000073,21642.924
25871.52,-128.4399999999987,21401.973
25871.53,-128.4300000000003,21642.924
25871.54,-128.41999999999825,21594.717
25871.55,-128.40999999999985,21546.52
25871.56,-128.39999999999782,21594.717
25871.57,-128.38999999999942,21642.924
25871.58,-128.37999999999738,21450.146
25871.59,-128.36999999999898,21594.717
25871.6,-128.36000000000058,21546.52
25871.61,-128.34999999999854,21546.52
25871.62,-128.34000000000015,21353.809
25871.63,-128.3299999999981,21642.924
25871.64,-128.3199999999997,21498.33
25871.65,-128.30999999999767,21594.717
25871.66,-128.29999999999927,21546.52
25871.67,-128.29000000000087,21594.717
25871.68,-128.27999999999884,21787.59
25871.69,-128.27000000000044,21546.52
25871.7,-128.2599999999984,21450.146
25871.71,-128.25,21209.359
25871.72,-128.23999999999796,21498.33
25871.73,-128.22999999999956,21498.33
25871.74,-128.21999999999753,21787.59
25871.75,-128.20999999999913,21691.139
25871.76,-128.20000000000073,21546.52
25871.77,-128.1899999999987,21642.924
25871.78,-128.1800000000003,21498.33
25871.79,-128.16999999999825,21546.52
25871.8,-128.15999999999985,21642.924
25871.81,-128.14999999999782,21498.33
25871.82,-128.13999999999942,21450.146
25871.83,-128.12999999999738,21401.973
25871.84,-128.11999999999898,21450.146
25871.85,-128.11000000000058,21546.52
25871.86,-128.09999999999854,21257.502
25871.87,-128.09000000000015,21594.717
25871.88,-128.0799999999981,21353.809
25871.89,-128.0699999999997,21498.33
25871.9,-128.05999999999767,21498.33
25871.91,-128.04999999999927,21546.52
25871.92,-128.04000000000087,21594.717
25871.93,-128.02999999999884,21546.52
25871.94,-128.02000000000044,21498.33
25871.95,-128.0099999999984,21498.33
25871.96,-128.0,21353.809
25871.97,-127.98999999999796,21546.52
25871.98,-127.97999999999956,21353.809
25871.99,-127.96999999999753,21498.33
25872.0,-127.95999999999913,21401.973
25872.01,-127.95000000000073,21353.809
25872.02,-127.93999999999869,21450.146
25872.03,-127.93000000000029,21594.717
25872.04,-127.91999999999825,21546.52
25872.05,-127.90999999999985,21739.359
25872.06,-127.89999999999782,21594.717
25872.07,-127.88999999999942,21401.973
25872.08,-127.87999999999738,21691.139
25872.09,-127.86999999999898,21691.139
25872.1,-127.86000000000058,21739.359
25872.11,-127.84999999999854,21546.52
25872.12,-127.84000000000015,21691.139
25872.13,-127.82999999999811,21739.359
25872.14,-127.81999999999971,21450.146
25872.15,-127.80999999999767,21546.52
25872.16,-127.79999999999927,21450.146
25872.17,-127.79000000000087,21257.502
25872.18,-127.77999999999884,21739.359
25872.19,-127.77000000000044,21691.139
25872.2,-127.7599999999984,21401.973
25872.21,-127.75,21642.924
25872.22,-127.73999999999796,21546.52
25872.23,-127.72999999999956,21498.33
25872.24,-127.71999999999753,21401.973
25872.25,-127.70999999999913,21642.924
25872.26,-127.70000000000073,21546.52
25872.27,-127.68999999999869,21450.146
25872.28,-127.68000000000029,21546.52
25872.29,-127.66999999999825,21546.52
25872.3,-127.65999999999985,21450.146
25872.31,-127.64999999999782,21546.52
25872.32,-127.63999999999942,21691.139
25872.33,-127.62999999999738,21594.717
25872.34,-127.61999999999898,21594.717
25872.35,-127.61000000000058,21642.924
25872.36,-127.59999999999854,21594.717
25872.37,-127.59000000000015,21498.33
25872.38,-127.57999999999811,21594.717
25872.39,-127.56999999999971,21450.146
25872.4,-127.55999999999767,21498.33
25872.41,-127.54999999999927,21594.717
25872.42,-127.54000000000087,21450.146
25872.43,-127.52999999999884,21594.717
25872.44,-127.52000000000044,21353.809
25872.45,-127.5099999999984,21498.33
25872.46,-127.5,21546.52
25872.47,-127.48999999999796,21642.924
25872.48,-127.47999999999956,21498.33
25872.49,-127.46999999999753,21546.52
25872.5,-127.45999999999913,21450.146
25872.51,-127.45000000000073,21691.139
25872.52,-127.43999999999869,21691.139
25872.53,-127.43000000000029,21691.139
25872.54,-127.41999999999825,21401.973
25872.55,-127.40999999999985,21642.924
25872.56,-127.39999999999782,21498.33
25872.57,-127.38999999999942,21691.139
25872.58,-127.37999999999738,21546.52
25872.59,-127.36999999999898,21594.717
25872.6,-127.36000000000058,21498.33
25872.61,-127.34999999999854,21546.52
25872.62,-127.34000000000015,21401.973
25872.63,-127.32999999999811,21546.52
25872.64,-127.31999999999971,21498.33
25872.65,-127.30999999999767,21691.139
25872.66,-127.29999999999927,21546.52
25872.67,-127.29000000000087,21450.146
25872.68,-127.27999999999884,21642.924
25872.69,-127.27000000000044,21691.139
25872.7,-127.2599999999984,21691.139
25872.71,-127.25,21642.924
25872.72,-127.23999999999796,21546.52
25872.73,-127.22999999999956,21498.33
25872.74,-127.21999999999753,21450.146
25872.75,-127.20999999999913,21546.52
25872.76,-127.20000000000073,21401.973
25872.77,-127.18999999999869,21498.33
25872.78,-127.18000000000029,21691.139
25872.79,-127.16999999999825,21691.139
25872.8,-127.15999999999985,21739.359
25872.81,-127.14999999999782,21691.139
25872.82,-127.13999999999942,21546.52
25872.83,-127.12999999999738,21546.52
25872.84,-127.11999999999898,21594.717
25872.85,-127.11000000000058,21498.33
25872.86,-127.09999999999854,21450.146
25872.87,-127.09000000000015,21594.717
25872.88,-127.07999999999811,21691.139
25872.89,-127.06999999999971,21642.924
25872.9,-127.05999999999767,21594.717
25872.91,-127.04999999999927,21498.33
25872.92,-127.04000000000087,21498.33
25872.93,-127.02999999999884,21884.076
25872.94,-127.02000000000044,21642.924
25872.95,-127.0099999999984,21594.717
25872.96,-127.0,21450.146
25872.97,-126.98999999999796,21546.52
25872.98,-126.97999999999956,21401.973
25872.99,-126.96999999999753,21642.924
25873.0,-126.95999999999913,21594.717
25873.01,-126.95000000000073,21450.146
25873.02,-126.93999999999869,21450.146
25873.03,-126.93000000000029,21450.146
25873.04,-126.91999999999825,21546.52
25873.05,-126.90999999999985,21594.717
25873.06,-126.89999999999782,21546.52
25873.07,-126.88999999999942,21498.33
25873.08,-126.87999999999738,21450.146
25873.09,-126.86999999999898,21498.33
25873.1,-126.86000000000058,21546.52
25873.11,-126.84999999999854,21546.52
25873.12,-126.84000000000015,21835.83
25873.13,-126.82999999999811,21546.52
25873.14,-126.81999999999971,21691.139
25873.15,-126.80999999999767,21642.924
25873.16,-126.79999999999927,21450.146
25873.17,-126.79000000000087,21691.139
25873.18,-126.77999999999884,21546.52
25873.19,-126.77000000000044,21594.717
25873.2,-126.7599999999984,21642.924
25873.21,-126.75,21642.924
25873.22,-126.73999999999796,21450.146
25873.23,-126.72999999999956,21450.146
25873.24,-126.71999999999753,21401.973
25873.25,-126.70999999999913,21546.52
25873.26,-126.70000000000073,21787.59
25873.27,-126.68999999999869,21546.52
25873.28,-126.68000000000029,21691.139
25873.29,-126.66999999999825,21450.146
25873.3,-126.65999999999985,21739.359
25873.31,-126.64999999999782,21546.52
25873.32,-126.63999999999942,21691.139
25873.33,-126.62999999999738,21594.717
25873.34,-126.61999999999898,21450.146
25873.35,-126.61000000000058,21546.52
25873.36,-126.59999999999854,21594.717
25873.37,-126.59000000000015,21546.52
25873.38,-126.57999999999811,21739.359
25873.39,-126.56999999999971,21642.924
25873.4,-126.55999999999767,21546.52
25873.41,-126.54999999999927,21450.146
25873.42,-126.54000000000087,21498.33
25873.43,-126.52999999999884,21691.139
25873.44,-126.52000000000044,21642.924
25873.45,-126.5099999999984,21594.717
25873.46,-126.5,21642.924
25873.47,-126.48999999999796,21642.924
25873.48,-126.47999999999956,21691.139
25873.49,-126.46999999999753,21546.52
25873.5,-126.45999999999913,21739.359
25873.51,-126.45000000000073,21546.52
25873.52,-126.43999999999869,21594.717
25873.53,-126.43000000000029,21401.973
25873.54,-126.41999999999825,21353.809
25873.55,-126.40999999999985,21257.502
25873.56,-126.39999999999782,21161.227
25873.57,-126.38999999999942,22222.031
25873.58,-126.37999999999738,22947.563
25873.59,-126.36999999999898,23529.301
25873.6,-126.36000000000058,23820.611
25873.61,-126.34999999999854,23820.611
25873.62,-126.34000000000015,23772.039
25873.63,-126.32999999999811,23869.189
25873.64,-126.31999999999971,23917.777
25873.65,-126.30999999999767,23723.475
25873.66,-126.29999999999927,23480.779
25873.67,-126.29000000000087,23480.779
25873.68,-126.27999999999884,23480.779
25873.69,-126.27000000000044,23480.779
25873.7,-126.2599999999984,23723.475
25873.71,-126.25,23577.832
25873.72,-126.23999999999796,23674.92
25873.73,-126.22999999999956,23674.92
25873.74,-126.21999999999753,23626.373
25873.75,-126.20999999999913,23577.832
25873.76,-126.20000000000073,23723.475
25873.77,-126.18999999999869,23674.92
25873.78,-126.18000000000029,23820.611
25873.79,-126.16999999999825,23626.373
25873.8,-126.15999999999985,23674.92
25873.81,-126.14999999999782,23480.779
25873.82,-126.13999999999942,23383.758
25873.83,-126.12999999999738,23529.301
25873.84,-126.11999999999898,23626.373
25873.85,-126.11000000000058,23626.373
25873.86,-126.09999999999854,23723.475
25873.87,-126.09000000000015,23529.301
25873.88,-126.07999999999811,23577.832
25873.89,-126.06999999999971,23723.475
25873.9,-126.05999999999767,23529.301
25873.91,-126.04999999999927,23820.611
25873.92,-126.04000000000087,23480.779
25873.93,-126.02999999999884,23674.92
25873.94,-126.02000000000044,23674.92
25873.95,-126.0099999999984,23917.777
25873.96,-126.0,23529.301
25873.97,-125.98999999999796,23723.475
25873.98,-125.97999999999956,23772.039
25873.99,-125.96999999999753,23626.373
25874.0,-125.95999999999913,23529.301
25874.01,-125.95000000000073,23480.779
25874.02,-125.93999999999869,23626.373
25874.03,-125.93000000000029,23480.779
25874.04,-125.91999999999825,23772.039
25874.05,-125.90999999999985,23626.373
25874.06,-125.89999999999782,23723.475
25874.07,-125.88999999999942,23529.301
25874.08,-125.87999999999738,23626.373
25874.09,-125.86999999999898,23529.301
25874.1,-125.86000000000058,23626.373
25874.11,-125.84999999999854,23820.611
25874.12,-125.84000000000015,23820.611
25874.13,-125.82999999999811,23723.475
25874.14,-125.81999999999971,23674.92
25874.15,-125.80999999999767,23480.779
25874.16,-125.79999999999927,23577.832
25874.17,-125.79000000000087,23286.768
25874.18,-125.77999999999884,23626.373
25874.19,-125.77000000000044,23529.301
25874.2,-125.7599999999984,23626.373
25874.21,-125.75,23577.832
25874.22,-125.73999999999796,23577.832
25874.23,-125.72999999999956,23674.92
25874.24,-125.71999999999753,23480.779
25874.25,-125.70999999999913,23723.475
25874.26,-125.70000000000073,23772.039
25874.27,-125.68999999999869,23869.189
25874.28,-125.68000000000029,23772.039
25874.29,-125.66999999999825,23869.189
25874.3,-125.65999999999985,23772.039
25874.31,-125.64999999999782,23577.832
25874.32,-125.63999999999942,23577.832
25874.33,-125.62999999999738,23480.779
25874.34,-125.61999999999898,23480.779
25874.35,-125.61000000000058,23480.779
25874.36,-125.59999999999854,23674.92
25874.37,-125.59000000000015,23480.779
25874.38,-125.57999999999811,23577.832
25874.39,-125.56999999999971,23626.373
25874.4,-125.55999999999767,23577.832
25874.41,-125.54999999999927,23772.039
25874.42,-125.54000000000087,24696.291
25874.43,-125.52999999999884,24842.494
25874.44,-125.52000000000044,24891.244
25874.45,-125.5099999999984,24745.018
25874.46,-125.5,24793.752
25874.47,-125.48999999999796,24891.244
25874.48,-125.47999999999956,24842.494
25874.49,-125.46999999999753,23723.475
25874.5,-125.45999999999913,22415.328
25874.51,-125.45000000000073,21546.52
25874.52,-125.43999999999869,21498.33
25874.53,-125.43000000000029,21401.973
25874.54,-125.41999999999825,21305.65
25874.55,-125.40999999999985,21257.502
25874.56,-125.39999999999782,21353.809
25874.57,-125.38999999999942,21353.809
25874.58,-125.37999999999738,21305.65
25874.59,-125.36999999999898,21257.502
25874.6,-125.36000000000058,21498.33
25874.61,-125.34999999999854,21161.227
25874.62,-125.34000000000015,21257.502
25874.63,-125.32999999999811,21305.65
25874.64,-125.31999999999971,21450.146
25874.65,-125.30999999999767,21353.809
25874.66,-125.29999999999927,21305.65
25874.67,-125.29000000000087,21209.359
25874.68,-125.27999999999884,21305.65
25874.69,-125.27000000000044,21305.65
25874.7,-125.2599999999984,21161.227
25874.71,-125.25,21305.65
25874.72,-125.23999999999796,21450.146
25874.73,-125.22999999999956,21257.502
25874.74,-125.21999999999753,21209.359
25874.75,-125.20999999999913,21353.809
25874.76,-125.20000000000073,21257.502
25874.77,-125.18999999999869,21401.973
25874.78,-125.18000000000029,21546.52
25874.79,-125.16999999999825,21257.502
25874.8,-125.15999999999985,21209.359
25874.81,-125.14999999999782,21305.65
25874.82,-125.13999999999942,21401.973
25874.83,-125.12999999999738,21305.65
25874.84,-125.11999999999898,21305.65
25874.85,-125.11000000000058,21401.973
25874.86,-125.09999999999854,21401.973
25874.87,-125.09000000000015,21305.65
25874.88,-125.07999999999811,21498.33
25874.89,-125.06999999999971,21401.973
25874.9,-125.05999999999767,21401.973
25874.91,-125.04999999999927,21305.65
25874.92,-125.04000000000087,21257.502
25874.93,-125.02999999999884,21305.65
25874.94,-125.02000000000044,21305.65
25874.95,-125.0099999999984,21401.973
25874.96,-125.0,21353.809
25874.97,-124.98999999999796,21353.809
25874.98,-124.97999999999956,21161.227
25874.99,-124.96999999999753,21353.809
25875.0,-124.95999999999913,21353.809
25875.01,-124.95000000000073,21401.973
25875.02,-124.93999999999869,21450.146
25875.03,-124.93000000000029,21498.33
25875.04,-124.91999999999825,21450.146
25875.05,-124.90999999999985,21401.973
25875.06,-124.89999999999782,21353.809
25875.07,-124.88999999999942,21257.502
25875.08,-124.87999999999738,21401.973
25875.09,-124.86999999999898,21305.65
25875.1,-124.86000000000058,21353.809
25875.11,-124.84999999999854,21353.809
25875.12,-124.84000000000015,21401.973
25875.13,-124.82999999999811,21401.973
25875.14,-124.81999999999971,21353.809
25875.15,-124.80999999999767,21450.146
25875.16,-124.79999999999927,21594.717
25875.17,-124.79000000000087,21209.359
25875.18,-124.77999999999884,21353.809
25875.19,-124.77000000000044,21257.502
25875.2,-124.7599999999984,21401.973
25875.21,-124.75,21401.973
25875.22,-124.73999999999796,21498.33
25875.23,-124.72999999999956,21161.227
25875.24,-124.71999999999753,21401.973
25875.25,-124.70999999999913,21209.359
25875.26,-124.70000000000073,21305.65
25875.27,-124.68999999999869,21450.146
25875.28,-124.68000000000029,21401.973
25875.29,-124.66999999999825,21305.65
25875.3,-124.65999999999985,21546.52
25875.31,-124.64999999999782,21209.359
25875.32,-124.63999999999942,21161.227
25875.33,-124.62999999999738,21353.809
25875.34,-124.61999999999898,21305.65
25875.35,-124.61000000000058,21498.33
25875.36,-124.59999999999854,21401.973
25875.37,-124.59000000000015,21305.65
25875.38,-124.57999999999811,21401.973
25875.39,-124.56999999999971,21546.52
25875.4,-124.55999999999767,21401.973
25875.41,-124.54999999999927,21257.502
25875.42,-124.54000000000087,21064.984
25875.43,-124.52999999999884,21161.227
25875.44,-124.52000000000044,21401.973
25875.45,-124.5099999999984,21257.502
25875.46,-124.5,21594.717
25875.47,-124.48999999999796,21546.52
25875.48,-124.47999999999956,21498.33
25875.49,-124.46999999999753,21401.973
25875.5,-124.45999999999913,21257.502
25875.51,-124.45000000000073,21594.717
25875.52,-124.43999999999869,21450.146
25875.53,-124.43000000000029,21209.359
25875.54,-124.41999999999825,21401.973
25875.55,-124.40999999999985,21401.973
25875.56,-124.39999999999782,21353.809
25875.57,-124.38999999999942,21353.809
25875.58,-124.37999999999738,21209.359
25875.59,-124.36999999999898,21401.973
25875.6,-124.36000000000058,21401.973
25875.61,-124.34999999999854,21353.809
25875.62,-124.34000000000015,21498.33
25875.63,-124.32999999999811,21257.502
25875.64,-124.31999999999971,21257.502
25875.65,-124.30999999999767,21546.52
25875.66,-124.29999999999927,21353.809
25875.67,-124.29000000000087,21209.359
25875.68,-124.27999999999884,21161.227
25875.69,-124.27000000000044,21257.502
25875.7,-124.2599999999984,21209.359
25875.71,-124.25,21401.973
25875.72,-124.23999999999796,21450.146
25875.73,-124.22999999999956,21353.809
25875.74,-124.21999999999753,21353.809
25875.75,-124.20999999999913,21546.52
25875.76,-124.20000000000073,21257.502
25875.77,-124.18999999999869,21450.146
25875.78,-124.18000000000029,21305.65
25875.79,-124.16999999999825,21401.973
25875.8,-124.15999999999985,21257.502
25875.81,-124.14999999999782,21401.973
25875.82,-124.13999999999942,20968.775
25875.83,-124.12999999999738,21257.502
25875.84,-124.11999999999898,21353.809
25875.85,-124.11000000000058,21353.809
25875.86,-124.09999999999854,21401.973
25875.87,-124.09000000000015,21305.65
25875.88,-124.07999999999811,21498.33
25875.89,-124.06999999999971,21257.502
25875.9,-124.05999999999767,21498.33
25875.91,-124.04999999999927,21353.809
25875.92,-124.04000000000087,21353.809
25875.93,-124.02999999999884,21401.973
25875.94,-124.02000000000044,21305.65
25875.95,-124.0099999999984,21401.973
25875.96,-124.0,21305.65
25875.97,-123.98999999999796,21305.65
25875.98,-123.97999999999956,21161.227
25875.99,-123.96999999999753,21450.146
25876.0,-123.95999999999913,21161.227
25876.01,-123.95000000000073,21498.33
25876.02,-123.93999999999869,21161.227
25876.03,-123.93000000000029,21498.33
25876.04,-123.91999999999825,21257.502
25876.05,-123.90999999999985,21401.973
25876.06,-123.89999999999782,21161.227
25876.07,-123.88999999999942,21401.973
25876.08,-123.87999999999738,21161.227
25876.09,-123.86999999999898,21257.502
25876.1,-123.86000000000058,21257.502
25876.11,-123.84999999999854,21353.809
25876.12,-123.84000000000015,21257.502
25876.13,-123.82999999999811,21450.146
25876.14,-123.81999999999971,21546.52
25876.15,-123.80999999999767,21450.146
25876.16,-123.79999999999927,21305.65
25876.17,-123.79000000000087,21401.973
25876.18,-123.77999999999884,21401.973
25876.19,-123.77000000000044,21113.102
25876.2,-123.7599999999984,21257.502
25876.21,-123.75,21353.809
25876.22,-123.73999999999796,21594.717
25876.23,-123.72999999999956,21305.65
25876.24,-123.71999999999753,21401.973
25876.25,-123.70999999999913,21161.227
25876.26,-123.70000000000073,21305.65
25876.27,-123.68999999999869,21450.146
25876.28,-123.68000000000029,21161.227
25876.29,-123.66999999999825,21257.502
25876.3,-123.65999999999985,21353.809
25876.31,-123.64999999999782,21498.33
25876.32,-123.63999999999942,21305.65
25876.33,-123.62999999999738,21257.502
25876.34,-123.61999999999898,21401.973
25876.35,-123.61000000000058,21161.227
25876.36,-123.59999999999854,21209.359
25876.37,-123.59000000000015,21305.65
25876.38,-123.57999999999811,21401.973
25876.39,-123.56999999999971,21161.227
25876.4,-123.55999999999767,21161.227
25876.41,-123.54999999999927,21161.227
25876.42,-123.54000000000087,20968.775
25876.43,-123.52999999999884,21450.146
25876.44,-123.52000000000044,21498.33
25876.45,-123.5099999999984,21257.502
25876.46,-123.5,21161.227
25876.47,-123.48999999999796,21401.973
25876.48,-123.47999999999956,21257.502
25876.49,-123.46999999999753,21305.65
25876.5,-123.45999999999913,21257.502
25876.51,-123.45000000000073,21401.973
25876.52,-123.43999999999869,21401.973
25876.53,-123.43000000000029,21257.502
25876.54,-123.41999999999825,21305.65
25876.55,-123.40999999999985,21305.65
25876.56,-123.39999999999782,21064.984
25876.57,-123.38999999999942,21161.227
25876.58,-123.37999999999738,21305.65
25876.59,-123.36999999999898,21450.146
25876.6,-123.36000000000058,21353.809
25876.61,-123.34999999999854,21064.984
25876.62,-123.34000000000015,21257.502
25876.63,-123.32999999999811,21305.65
25876.64,-123.31999999999971,21257.502
25876.65,-123.30999999999767,21257.502
25876.66,-123.29999999999927,21161.227
25876.67,-123.29000000000087,21209.359
25876.68,-123.27999999999884,21305.65
25876.69,-123.27000000000044,21209.359
25876.7,-123.2599999999984,21353.809
25876.71,-123.25,21546.52
25876.72,-123.23999999999796,21498.33
25876.73,-123.22999999999956,21353.809
25876.74,-123.21999999999753,21498.33
25876.75,-123.20999999999913,21305.65
25876.76,-123.20000000000073,21594.717
25876.77,-123.18999999999869,21257.502
25876.78,-123.18000000000029,21401.973
25876.79,-123.16999999999825,21401.973
25876.8,-123.15999999999985,21498.33
25876.81,-123.14999999999782,21353.809
25876.82,-123.13999999999942,21257.502
25876.83,-123.12999999999738,21257.502
25876.84,-123.11999999999898,21209.359
25876.85,-123.11000000000058,21305.65
25876.86,-123.09999999999854,21113.102
25876.87,-123.09000000000015,21209.359
25876.88,-123.07999999999811,20968.775
25876.89,-123.06999999999971,21161.227
25876.9,-123.05999999999767,21161.227
25876.91,-123.04999999999927,21209.359
25876.92,-123.04000000000087,21161.227
25876.93,-123.02999999999884,21161.227
25876.94,-123.02000000000044,21113.102
25876.95,-123.0099999999984,21401.973
25876.96,-123.0,21353.809
25876.97,-122.98999999999796,21401.973
25876.98,-122.97999999999956,21305.65
25876.99,-122.96999999999753,21353.809
25877.0,-122.95999999999913,21401.973
25877.01,-122.95000000000073,21353.809
25877.02,-122.93999999999869,21401.973
25877.03,-122.93000000000029,21257.502
25877.04,-122.91999999999825,21401.973
25877.05,-122.90999999999985,21257.502
25877.06,-122.89999999999782,21353.809
25877.07,-122.88999999999942,21161.227
25877.08,-122.87999999999738,21401.973
25877.09,-122.86999999999898,21450.146
25877.1,-122.86000000000058,21401.973
25877.11,-122.84999999999854,21257.502
25877.12,-122.84000000000015,21305.65
25877.13,-122.82999999999811,21113.102
25877.14,-122.81999999999971,21353.809
25877.15,-122.80999999999767,21353.809
25877.16,-122.79999999999927,21257.502
25877.17,-122.79000000000087,21257.502
25877.18,-122.77999999999884,21305.65
25877.19,-122.77000000000044,21161.227
25877.2,-122.7599999999984,21450.146
25877.21,-122.75,21401.973
25877.22,-122.73999999999796,21353.809
25877.23,-122.72999999999956,21450.146
25877.24,-122.71999999999753,21257.502
25877.25,-122.70999999999913,21257.502
25877.26,-122.70000000000073,21401.973
25877.27,-122.68999999999869,21305.65
25877.28,-122.68000000000029,21401.973
25877.29,-122.66999999999825,21353.809
25877.3,-122.65999999999985,21353.809
25877.31,-122.64999999999782,21305.65
25877.32,-122.63999999999942,21305.65
25877.33,-122.62999999999738,21161.227
25877.34,-122.61999999999898,21161.227
25877.35,-122.61000000000058,21257.502
25877.36,-122.59999999999854,21498.33
25877.37,-122.59000000000015,21209.359
25877.38,-122.57999999999811,21353.809
25877.39,-122.56999999999971,21353.809
25877.4,-122.55999999999767,21064.984
25877.41,-122.54999999999927,21353.809
25877.42,-122.54000000000087,21113.102
25877.43,-122.52999999999884,21353.809
25877.44,-122.52000000000044,21353.809
25877.45,-122.5099999999984,21257.502
25877.46,-122.5,21594.717
25877.47,-122.48999999999796,21401.973
25877.48,-122.47999999999956,21257.502
25877.49,-122.46999999999753,21401.973
25877.5,-122.45999999999913,21305.65
25877.51,-122.45000000000073,21401.973
25877.52,-122.43999999999869,21450.146
25877.53,-122.43000000000029,21257.502
25877.54,-122.41999999999825,21161.227
25877.55,-122.40999999999985,21257.502
25877.56,-122.39999999999782,21305.65
25877.57,-122.38999999999942,21257.502
25877.58,-122.37999999999738,21353.809
25877.59,-122.36999999999898,21401.973
25877.6,-122.36000000000058,21594.717
25877.61,-122.34999999999854,21401.973
25877.62,-122.34000000000015,21401.973
25877.63,-122.32999999999811,21353.809
25877.64,-122.31999999999971,21498.33
25877.65,-122.30999999999767,21401.973
25877.66,-122.29999999999927,21161.227
25877.67,-122.29000000000087,21450.146
25877.68,-122.27999999999884,21450.146
25877.69,-122.27000000000044,21305.65
25877.7,-122.2599999999984,21209.359
25877.71,-122.25,21305.65
25877.72,-122.23999999999796,21401.973
25877.73,-122.22999999999956,21353.809
25877.74,-122.21999999999753,21257.502
25877.75,-122.20999999999913,21353.809
25877.76,-122.20000000000073,21161.227
25877.77,-122.18999999999869,21450.146
25877.78,-122.18000000000029,21209.359
25877.79,-122.16999999999825,21305.65
25877.8,-122.15999999999985,21401.973
25877.81,-122.14999999999782,21401.973
25877.82,-122.13999999999942,21401.973
25877.83,-122.12999999999738,21113.102
25877.84,-122.11999999999898,21498.33
25877.85,-122.11000000000058,21257.502
25877.86,-122.09999999999854,21401.973
25877.87,-122.09000000000015,21353.809
25877.88,-122.07999999999811,21353.809
25877.89,-122.06999999999971,21498.33
25877.9,-122.05999999999767,21353.809
25877.91,-122.04999999999927,21161.227
25877.92,-122.04000000000087,21353.809
25877.93,-122.02999999999884,21401.973
25877.94,-122.02000000000044,21353.809
25877.95,-122.0099999999984,21305.65
25877.96,-122.0,21257.502
25877.97,-121.98999999999796,21353.809
25877.98,-121.97999999999956,21064.984
25877.99,-121.96999999999753,21305.65
25878.0,-121.95999999999913,21401.973
25878.01,-121.95000000000073,21401.973
25878.02,-121.93999999999869,21498.33
25878.03,-121.93000000000029,21401.973
25878.04,-121.91999999999825,21305.65
25878.05,-121.90999999999985,21642.924
25878.06,-121.89999999999782,21594.717
25878.07,-121.88999999999942,21305.65
25878.08,-121.87999999999738,21353.809
25878.09,-121.86999999999898,21353.809
25878.1,-121.86000000000058,21401.973
25878.11,-121.84999999999854,21401.973
25878.12,-121.84000000000015,21546.52
25878.13,-121.82999999999811,21353.809
25878.14,-121.81999999999971,21353.809
25878.15,-121.80999999999767,21353.809
25878.16,-121.79999999999927,21305.65
25878.17,-121.79000000000087,21257.502
25878.18,-121.77999999999884,21401.973
25878.19,-121.77000000000044,21353.809
25878.2,-121.7599999999984,21401.973
25878.21,-121.75,21401.973
25878.22,-121.73999999999796,21401.973
25878.23,-121.72999999999956,21353.809
25878.24,-121.71999999999753,21209.359
25878.25,-121.70999999999913,21353.809
25878.26,-121.70000000000073,21594.717
25878.27,-121.68999999999869,21353.809
25878.28,-121.68000000000029,21113.102
25878.29,-121.66999999999825,21450.146
25878.3,-121.65999999999985,21353.809
25878.31,-121.64999999999782,21450.146
25878.32,-121.63999999999942,21353.809
25878.33,-121.62999999999738,21353.809
25878.34,-121.61999999999898,21257.502
25878.35,-121.61000000000058,21305.65
25878.36,-121.59999999999854,21209.359
25878.37,-121.59000000000015,21161.227
25878.38,-121.57999999999811,21353.809
25878.39,-121.56999999999971,21498.33
25878.4,-121.55999999999767,21209.359
25878.41,-121.54999999999927,21257.502
25878.42,-121.54000000000087,21113.102
25878.43,-121.52999999999884,21401.973
25878.44,-121.52000000000044,21257.502
25878.45,-121.5099999999984,21401.973
25878.46,-121.5,21257.502
25878.47,-121.48999999999796,21353.809
25878.48,-121.47999999999956,21305.65
25878.49,-121.46999999999753,21209.359
25878.5,-121.45999999999913,21161.227
25878.51,-121.45000000000073,21401.973
25878.52,-121.43999999999869,21401.973
25878.53,-121.43000000000029,21401.973
25878.54,-121.41999999999825,21305.65
25878.55,-121.40999999999985,21401.973
25878.56,-121.39999999999782,21401.973
25878.57,-121.38999999999942,21353.809
25878.58,-121.37999999999738,21546.52
25878.59,-121.36999999999898,21353.809
25878.6,-121.36000000000058,21401.973
25878.61,-121.34999999999854,21305.65
25878.62,-121.34000000000015,21353.809
25878.63,-121.32999999999811,21401.973
25878.64,-121.31999999999971,21450.146
25878.65,-121.30999999999767,21401.973
25878.66,-121.29999999999927,21161.227
25878.67,-121.29000000000087,21161.227
25878.68,-121.27999999999884,21353.809
25878.69,-121.27000000000044,21305.65
25878.7,-121.2599999999984,21353.809
25878.71,-121.25,21209.359
25878.72,-121.23999999999796,21305.65
25878.73,-121.22999999999956,21257.502
25878.74,-121.21999999999753,21450.146
25878.75,-121.20999999999913,21257.502
25878.76,-121.20000000000073,21161.227
25878.77,-121.18999999999869,21353.809
25878.78,-121.18000000000029,21401.973
25878.79,-121.16999999999825,21257.502
25878.8,-121.15999999999985,21401.973
25878.81,-121.14999999999782,21209.359
25878.82,-121.13999999999942,21353.809
25878.83,-121.12999999999738,21305.65
25878.84,-121.11999999999898,21353.809
25878.85,-121.11000000000058,21353.809
25878.86,-121.09999999999854,21113.102
25878.87,-121.09000000000015,21305.65
25878.88,-121.07999999999811,21353.809
25878.89,-121.06999999999971,21257.502
25878.9,-121.05999999999767,21498.33
25878.91,-121.04999999999927,21353.809
25878.92,-121.04000000000087,21161.227
25878.93,-121.02999999999884,21353.809
25878.94,-121.02000000000044,21209.359
25878.95,-121.0099999999984,21209.359
25878.96,-121.0,21353.809
25878.97,-120.98999999999796,21161.227
25878.98,-120.97999999999956,21353.809
25878.99,-120.96999999999753,21161.227
25879.0,-120.95999999999913,21353.809
25879.01,-120.95000000000073,21257.502
25879.02,-120.93999999999869,21305.65
25879.03,-120.93000000000029,21209.359
25879.04,-120.91999999999825,21257.502
25879.05,-120.90999999999985,21401.973
25879.06,-120.89999999999782,21305.65
25879.07,-120.88999999999942,21305.65
25879.08,-120.87999999999738,21257.502
25879.09,-120.86999999999898,21161.227
25879.1,-120.86000000000058,21353.809
25879.11,-120.84999999999854,21257.502
25879.12,-120.84000000000015,21161.227
25879.13,-120.82999999999811,21209.359
25879.14,-120.81999999999971,21209.359
25879.15,-120.80999999999767,21209.359
25879.16,-120.79999999999927,21209.359
25879.17,-120.79000000000087,21257.502
25879.18,-120.77999999999884,21257.502
25879.19,-120.77000000000044,21353.809
25879.2,-120.7599999999984,21305.65
25879.21,-120.75,21353.809
25879.22,-120.73999999999796,21401.973
25879.23,-120.72999999999956,21305.65
25879.24,-120.71999999999753,21305.65
25879.25,-120.70999999999913,21257.502
25879.26,-120.70000000000073,21353.809
25879.27,-120.68999999999869,21305.65
25879.28,-120.68000000000029,21305.65
25879.29,-120.66999999999825,21305.65
25879.3,-120.65999999999985,21450.146
25879.31,-120.64999999999782,21353.809
25879.32,-120.63999999999942,21401.973
25879.33,-120.62999999999738,21257.502
25879.34,-120.61999999999898,21305.65
25879.35,-120.61000000000058,21257.502
25879.36,-120.59999999999854,21305.65
25879.37,-120.59000000000015,21305.65
25879.38,-120.57999999999811,21305.65
25879.39,-120.56999999999971,21498.33
25879.4,-120.55999999999767,21305.65
25879.41,-120.54999999999927,21257.502
25879.42,-120.54000000000087,21209.359
25879.43,-120.52999999999884,21546.52
25879.44,-120.52000000000044,21257.502
25879.45,-120.5099999999984,21209.359
25879.46,-120.5,21353.809
25879.47,-120.48999999999796,21401.973
25879.48,-120.47999999999956,21209.359
25879.49,-120.46999999999753,21257.502
25879.5,-120.45999999999913,21353.809
25879.51,-120.45000000000073,21353.809
25879.52,-120.43999999999869,21498.33
25879.53,-120.43000000000029,21498.33
25879.54,-120.41999999999825,21305.65
25879.55,-120.40999999999985,21353.809
25879.56,-120.39999999999782,21113.102
25879.57,-120.38999999999942,21305.65
25879.58,-120.37999999999738,21450.146
25879.59,-120.36999999999898,21161.227
25879.6,-120.36000000000058,21401.973
25879.61,-120.34999999999854,21257.502
25879.62,-120.34000000000015,21546.52
25879.63,-120.32999999999811,21401.973
25879.64,-120.31999999999971,21401.973
25879.65,-120.30999999999767,21305.65
25879.66,-120.29999999999927,21209.359
25879.67,-120.29000000000087,21305.65
25879.68,-120.27999999999884,21257.502
25879.69,-120.27000000000044,21401.973
25879.7,-120.2599999999984,21257.502
25879.71,-120.25,21498.33
25879.72,-120.23999999999796,21305.65
25879.73,-120.22999999999956,21209.359
25879.74,-120.21999999999753,21113.102
25879.75,-120.20999999999913,21257.502
25879.76,-120.20000000000073,21305.65
25879.77,-120.18999999999869,21209.359
25879.78,-120.18000000000029,21257.502
25879.79,-120.16999999999825,21161.227
25879.8,-120.15999999999985,21450.146
25879.81,-120.14999999999782,21450.146
25879.82,-120.13999999999942,21209.359
25879.83,-120.12999999999738,21161.227
25879.84,-120.11999999999898,21161.227
25879.85,-120.11000000000058,21401.973
25879.86,-120.09999999999854,21161.227
25879.87,-120.09000000000015,21209.359
25879.88,-120.07999999999811,21305.65
25879.89,-120.06999999999971,21161.227
25879.9,-120.05999999999767,21305.65
25879.91,-120.04999999999927,21161.227
25879.92,-120.04000000000087,21209.359
25879.93,-120.02999999999884,21305.65
25879.94,-120.02000000000044,21305.65
25879.95,-120.0099999999984,21401.973
25879.96,-120.0,21401.973
25879.97,-119.98999999999796,21401.973
25879.98,-119.97999999999956,21498.33
25879.99,-119.96999999999753,21257.502
25880.0,-119.95999999999913,21064.984
25880.01,-119.95000000000073,21450.146
25880.02,-119.93999999999869,21498.33
25880.03,-119.93000000000029,21353.809
25880.04,-119.91999999999825,21401.973
25880.05,-119.90999999999985,21353.809
25880.06,-119.89999999999782,21305.65
25880.07,-119.88999999999942,21353.809
25880.08,-119.87999999999738,21353.809
25880.09,-119.86999999999898,21161.227
25880.1,-119.86000000000058,21498.33
25880.11,-119.84999999999854,21257.502
25880.12,-119.84000000000015,21305.65
25880.13,-119.82999999999811,21450.146
25880.14,-119.81999999999971,21161.227
25880.15,-119.80999999999767,21161.227
25880.16,-119.79999999999927,21498.33
25880.17,-119.79000000000087,21161.227
25880.18,-119.77999999999884,21353.809
25880.19,-119.77000000000044,21305.65
25880.2,-119.7599999999984,21353.809
25880.21,-119.75,21353.809
25880.22,-119.73999999999796,21353.809
25880.23,-119.72999999999956,21401.973
25880.24,-119.71999999999753,21305.65
25880.25,-119.70999999999913,21450.146
25880.26,-119.70000000000073,21401.973
25880.27,-119.68999999999869,21305.65
25880.28,-119.68000000000029,21064.984
25880.29,-119.66999999999825,21257.502
25880.3,-119.65999999999985,21401.973
25880.31,-119.64999999999782,21401.973
25880.32,-119.63999999999942,21498.33
25880.33,-119.62999999999738,21257.502
25880.34,-119.61999999999898,21401.973
25880.35,-119.61000000000058,21353.809
25880.36,-119.59999999999854,21305.65
25880.37,-119.59000000000015,21209.359
25880.38,-119.57999999999811,21353.809
25880.39,-119.56999999999971,21353.809
25880.4,-119.55999999999767,21305.65
25880.41,-119.54999999999927,21546.52
25880.42,-119.54000000000087,21064.984
25880.43,-119.52999999999884,21209.359
25880.44,-119.52000000000044,21257.502
25880.45,-119.5099999999984,21257.502
25880.46,-119.5,21450.146
25880.47,-119.48999999999796,21353.809
25880.48,-119.47999999999956,21498.33
25880.49,-119.46999999999753,21546.52
25880.5,-119.45999999999913,21498.33
25880.51,-119.45000000000073,21353.809
25880.52,-119.43999999999869,21450.146
25880.53,-119.43000000000029,21498.33
25880.54,-119.41999999999825,21353.809
25880.55,-119.40999999999985,21257.502
25880.56,-119.39999999999782,21161.227
25880.57,-119.38999999999942,21257.502
25880.58,-119.37999999999738,21209.359
25880.59,-119.36999999999898,21305.65
25880.6,-119.36000000000058,21353.809
25880.61,-119.34999999999854,21257.502
25880.62,-119.34000000000015,21257.502
25880.63,-119.32999999999811,21450.146
25880.64,-119.31999999999971,21498.33
25880.65,-119.30999999999767,21353.809
25880.66,-119.29999999999927,21305.65
25880.67,-119.29000000000087,21305.65
25880.68,-119.27999999999884,21498.33
25880.69,-119.27000000000044,21401.973
25880.7,-119.2599999999984,21401.973
25880.71,-119.25,21257.502
25880.72,-119.23999999999796,21450.146
25880.73,-119.22999999999956,21401.973
25880.74,-119.21999999999753,21161.227
25880.75,-119.20999999999913,21209.359
25880.76,-119.20000000000073,21401.973
25880.77,-119.18999999999869,21209.359
25880.78,-119.18000000000029,21305.65
25880.79,-119.16999999999825,21401.973
25880.8,-119.15999999999985,21209.359
25880.81,-119.14999999999782,21257.502
25880.82,-119.13999999999942,21401.973
25880.83,-119.12999999999738,21257.502
25880.84,-119.11999999999898,21353.809
25880.85,-119.11000000000058,21401.973
25880.86,-119.09999999999854,21305.65
25880.87,-119.09000000000015,21305.65
25880.88,-119.07999999999811,21450.146
25880.89,-119.06999999999971,21401.973
25880.9,-119.05999999999767,20968.775
25880.91,-119.04999999999927,21401.973
25880.92,-119.04000000000087,21353.809
25880.93,-119.02999999999884,21353.809
25880.94,-119.02000000000044,21209.359
25880.95,-119.0099999999984,21161.227
25880.96,-119.0,21353.809
25880.97,-118.98999999999796,21401.973
25880.98,-118.97999999999956,21401.973
25880.99,-118.96999999999753,21401.973
25881.0,-118.95999999999913,21257.502
25881.01,-118.95000000000073,21450.146
25881.02,-118.93999999999869,21161.227
25881.03,-118.93000000000029,21209.359
25881.04,-118.91999999999825,21546.52
25881.05,-118.90999999999985,21161.227
25881.06,-118.89999999999782,21401.973
25881.07,-118.88999999999942,21401.973
25881.08,-118.87999999999738,21450.146
25881.09,-118.86999999999898,21257.502
25881.1,-118.86000000000058,21305.65
25881.11,-118.84999999999854,21257.502
25881.12,-118.84000000000015,21450.146
25881.13,-118.82999999999811,21450.146
25881.14,-118.81999999999971,21498.33
25881.15,-118.80999999999767,21401.973
25881.16,-118.79999999999927,21450.146
25881.17,-118.79000000000087,21257.502
25881.18,-118.77999999999884,21498.33
25881.19,-118.77000000000044,21546.52
25881.2,-118.7599999999984,21353.809
25881.21,-118.75,21498.33
25881.22,-118.73999999999796,21353.809
25881.23,-118.72999999999956,21305.65
25881.24,-118.71999999999753,21498.33
25881.25,-118.70999999999913,21353.809
25881.26,-118.70000000000073,21450.146
25881.27,-118.68999999999869,21305.65
25881.28,-118.68000000000029,21305.65
25881.29,-118.66999999999825,21161.227
25881.3,-118.65999999999985,21257.502
25881.31,-118.64999999999782,21161.227
25881.32,-118.63999999999942,21113.102
25881.33,-118.62999999999738,21498.33
25881.34,-118.61999999999898,21353.809
25881.35,-118.61000000000058,21353.809
25881.36,-118.59999999999854,21305.65
25881.37,-118.59000000000015,21209.359
25881.38,-118.57999999999811,21353.809
25881.39,-118.56999999999971,21401.973
25881.4,-118.55999999999767,21305.65
25881.41,-118.54999999999927,21594.717
25881.42,-118.54000000000087,21161.227
25881.43,-118.52999999999884,21450.146
25881.44,-118.52000000000044,21305.65
25881.45,-118.5099999999984,21498.33
25881.46,-118.5,21353.809
25881.47,-118.48999999999796,21546.52
25881.48,-118.47999999999956,21498.33
25881.49,-118.46999999999753,21305.65
25881.5,-118.45999999999913,21450.146
25881.51,-118.45000000000073,21401.973
25881.52,-118.43999999999869,21305.65
25881.53,-118.43000000000029,21257.502
25881.54,-118.41999999999825,21209.359
25881.55,-118.40999999999985,21401.973
25881.56,-118.39999999999782,21353.809
25881.57,-118.38999999999942,21305.65
25881.58,-118.37999999999738,21353.809
25881.59,-118.36999999999898,21498.33
25881.6,-118.36000000000058,21353.809
25881.61,-118.34999999999854,21305.65
25881.62,-118.34000000000015,21353.809
25881.63,-118.32999999999811,21305.65
25881.64,-118.31999999999971,21161.227
25881.65,-118.30999999999767,21209.359
25881.66,-118.29999999999927,21546.52
25881.67,-118.29000000000087,21401.973
25881.68,-118.27999999999884,21594.717
25881.69,-118.27000000000044,21161.227
25881.7,-118.2599999999984,21353.809
25881.71,-118.25,21546.52
25881.72,-118.23999999999796,21450.146
25881.73,-118.22999999999956,21353.809
25881.74,-118.21999999999753,21209.359
25881.75,-118.20999999999913,21257.502
25881.76,-118.20000000000073,21450.146
25881.77,-118.18999999999869,21401.973
25881.78,-118.18000000000029,21209.359
25881.79,-118.16999999999825,21401.973
25881.8,-118.15999999999985,21498.33
25881.81,-118.14999999999782,21450.146
25881.82,-118.13999999999942,21353.809
25881.83,-118.12999999999738,21450.146
25881.84,-118.11999999999898,21642.924
25881.85,-118.11000000000058,21450.146
25881.86,-118.09999999999854,21450.146
25881.87,-118.09000000000015,21401.973
25881.88,-118.07999999999811,21594.717
25881.89,-118.06999999999971,21498.33
25881.9,-118.05999999999767,21161.227
25881.91,-118.04999999999927,21209.359
25881.92,-118.04000000000087,21209.359
25881.93,-118.02999999999884,21257.502
25881.94,-118.02000000000044,21257.502
25881.95,-118.0099999999984,21257.502
25881.96,-118.0,21353.809
25881.97,-117.98999999999796,21498.33
25881.98,-117.97999999999956,21257.502
25881.99,-117.96999999999753,21353.809
25882.0,-117.95999999999913,21353.809
25882.01,-117.95000000000073,21257.502
25882.02,-117.93999999999869,21257.502
25882.03,-117.93000000000029,21305.65
25882.04,-117.91999999999825,21353.809
25882.05,-117.90999999999985,21353.809
25882.06,-117.89999999999782,21401.973
25882.07,-117.88999999999942,21401.973
25882.08,-117.87999999999738,21353.809
25882.09,-117.86999999999898,21498.33
25882.1,-117.86000000000058,21498.33
25882.11,-117.84999999999854,21257.502
25882.12,-117.84000000000015,21401.973
25882.13,-117.82999999999811,21401.973
25882.14,-117.81999999999971,21450.146
25882.15,-117.80999999999767,21305.65
25882.16,-117.79999999999927,21450.146
25882.17,-117.79000000000087,21546.52
25882.18,-117.77999999999884,21450.146
25882.19,-117.77000000000044,21498.33
25882.2,-117.7599999999984,21305.65
25882.21,-117.75,21353.809
25882.22,-117.73999999999796,21305.65
25882.23,-117.72999999999956,21305.65
25882.24,-117.71999999999753,21401.973
25882.25,-117.70999999999913,21353.809
25882.26,-117.70000000000073,21546.52
25882.27,-117.68999999999869,21209.359
25882.28,-117.68000000000029,21450.146
25882.29,-117.66999999999825,21353.809
25882.3,-117.65999999999985,21353.809
25882.31,-117.64999999999782,21305.65
25882.32,-117.63999999999942,21305.65
25882.33,-117.62999999999738,21257.502
25882.34,-117.61999999999898,21450.146
25882.35,-117.61000000000058,21450.146
25882.36,-117.59999999999854,21594.717
25882.37,-117.59000000000015,21353.809
25882.38,-117.57999999999811,21401.973
25882.39,-117.56999999999971,21498.33
25882.4,-117.55999999999767,21498.33
25882.41,-117.54999999999927,21257.502
25882.42,-117.54000000000087,21209.359
25882.43,-117.52999999999884,21594.717
25882.44,-117.52000000000044,21401.973
25882.45,-117.5099999999984,21353.809
25882.46,-117.5,21401.973
25882.47,-117.48999999999796,21401.973
25882.48,-117.47999999999956,21450.146
25882.49,-117.46999999999753,21401.973
25882.5,-117.45999999999913,21401.973
25882.51,-117.45000000000073,21305.65
25882.52,-117.43999999999869,21401.973
25882.53,-117.43000000000029,21305.65
25882.54,-117.41999999999825,21353.809
25882.55,-117.40999999999985,21498.33
25882.56,-117.39999999999782,21353.809
25882.57,-117.38999999999942,21401.973
25882.58,-117.37999999999738,21353.809
25882.59,-117.36999999999898,21257.502
25882.6,-117.36000000000058,21161.227
25882.61,-117.34999999999854,21353.809
25882.62,-117.34000000000015,21353.809
25882.63,-117.32999999999811,21305.65
25882.64,-117.31999999999971,21498.33
25882.65,-117.30999999999767,21594.717
25882.66,-117.29999999999927,21305.65
25882.67,-117.29000000000087,21353.809
25882.68,-117.27999999999884,21546.52
25882.69,-117.27000000000044,21305.65
25882.7,-117.2599999999984,21305.65
25882.71,-117.25,21305.65
25882.72,-117.23999999999796,21546.52
25882.73,-117.22999999999956,21450.146
25882.74,-117.21999999999753,21450.146
25882.75,-117.20999999999913,21498.33
25882.76,-117.20000000000073,21450.146
25882.77,-117.18999999999869,21305.65
25882.78,-117.18000000000029,21401.973
25882.79,-117.16999999999825,21257.502
25882.8,-117.15999999999985,21450.146
25882.81,-117.14999999999782,21353.809
25882.82,-117.13999999999942,21305.65
25882.83,-117.12999999999738,21209.359
25882.84,-117.11999999999898,21209.359
25882.85,-117.11000000000058,21209.359
25882.86,-117.09999999999854,21161.227
25882.87,-117.09000000000015,21401.973
25882.88,-117.07999999999811,21401.973
25882.89,-117.06999999999971,21546.52
25882.9,-117.05999999999767,21401.973
25882.91,-117.04999999999927,21305.65
25882.92,-117.04000000000087,21401.973
25882.93,-117.02999999999884,21450.146
25882.94,-117.02000000000044,21498.33
25882.95,-117.0099999999984,21594.717
25882.96,-117.0,21498.33
25882.97,-116.98999999999796,21498.33
25882.98,-116.97999999999956,21401.973
25882.99,-116.96999999999753,21257.502
25883.0,-116.95999999999913,21353.809
25883.01,-116.95000000000073,21546.52
25883.02,-116.93999999999869,21353.809
25883.03,-116.93000000000029,21257.502
25883.04,-116.91999999999825,21498.33
25883.05,-116.90999999999985,21450.146
25883.06,-116.89999999999782,21353.809
25883.07,-116.88999999999942,21305.65
25883.08,-116.87999999999738,21161.227
25883.09,-116.86999999999898,21353.809
25883.1,-116.86000000000058,21498.33
25883.11,-116.84999999999854,21209.359
25883.12,-116.84000000000015,21353.809
25883.13,-116.82999999999811,21257.502
25883.14,-116.81999999999971,21450.146
25883.15,-116.80999999999767,21305.65
25883.16,-116.79999999999927,21401.973
25883.17,-116.79000000000087,21257.502
25883.18,-116.77999999999884,21498.33
25883.19,-116.77000000000044,21642.924
25883.2,-116.7599999999984,21498.33
25883.21,-116.75,21594.717
25883.22,-116.73999999999796,21594.717
25883.23,-116.72999999999956,21305.65
25883.24,-116.71999999999753,21450.146
25883.25,-116.70999999999913,21498.33
25883.26,-116.70000000000073,21450.146
25883.27,-116.68999999999869,21450.146
25883.28,-116.68000000000029,21401.973
25883.29,-116.66999999999825,21546.52
25883.3,-116.65999999999985,21546.52
25883.31,-116.64999999999782,21257.502
25883.32,-116.63999999999942,21305.65
25883.33,-116.62999999999738,21546.52
25883.34,-116.61999999999898,21353.809
25883.35,-116.61000000000058,21113.102
25883.36,-116.59999999999854,21257.502
25883.37,-116.59000000000015,21257.502
25883.38,-116.57999999999811,21450.146
25883.39,-116.56999999999971,21450.146
25883.4,-116.55999999999767,21305.65
25883.41,-116.54999999999927,21353.809
25883.42,-116.54000000000087,21257.502
25883.43,-116.52999999999884,21594.717
25883.44,-116.52000000000044,21498.33
25883.45,-116.5099999999984,21546.52
25883.46,-116.5,21450.146
25883.47,-116.48999999999796,21161.227
25883.48,-116.47999999999956,21305.65
25883.49,-116.46999999999753,21113.102
25883.5,-116.45999999999913,21113.102
25883.51,-116.45000000000073,21450.146
25883.52,-116.43999999999869,21257.502
25883.53,-116.43000000000029,21257.502
25883.54,-116.41999999999825,21353.809
25883.55,-116.40999999999985,21498.33
25883.56,-116.39999999999782,21401.973
25883.57,-116.38999999999942,21257.502
25883.58,-116.37999999999738,21353.809
25883.59,-116.36999999999898,21450.146
25883.6,-116.36000000000058,21161.227
25883.61,-116.34999999999854,21257.502
25883.62,-116.34000000000015,21401.973
25883.63,-116.32999999999811,21498.33
25883.64,-116.31999999999971,21401.973
25883.65,-116.30999999999767,21257.502
25883.66,-116.29999999999927,21401.973
25883.67,-116.29000000000087,21209.359
25883.68,-116.27999999999884,21353.809
25883.69,-116.27000000000044,21498.33
25883.7,-116.2599999999984,21257.502
25883.71,-116.25,21353.809
25883.72,-116.23999999999796,21305.65
25883.73,-116.22999999999956,21305.65
25883.74,-116.21999999999753,21257.502
25883.75,-116.20999999999913,21498.33
25883.76,-116.20000000000073,21401.973
25883.77,-116.18999999999869,21450.146
25883.78,-116.18000000000029,21353.809
25883.79,-116.16999999999825,21450.146
25883.8,-116.15999999999985,21498.33
25883.81,-116.14999999999782,21594.717
25883.82,-116.13999999999942,21353.809
25883.83,-116.12999999999738,21450.146
25883.84,-116.11999999999898,21450.146
25883.85,-116.11000000000058,21257.502
25883.86,-116.09999999999854,21401.973
25883.87,-116.09000000000015,21257.502
25883.88,-116.07999999999811,21305.65
25883.89,-116.06999999999971,21353.809
25883.9,-116.05999999999767,21305.65
25883.91,-116.04999999999927,21161.227
25883.92,-116.04000000000087,21450.146
25883.93,-116.02999999999884,21498.33
25883.94,-116.02000000000044,21305.65
25883.95,-116.0099999999984,21450.146
25883.96,-116.0,21498.33
25883.97,-115.98999999999796,21450.146
25883.98,-115.97999999999956,21498.33
25883.99,-115.96999999999753,21161.227
25884.0,-115.95999999999913,21257.502
25884.01,-115.95000000000073,21305.65
25884.02,-115.93999999999869,21209.359
25884.03,-115.93000000000029,21305.65
25884.04,-115.91999999999825,21450.146
25884.05,-115.90999999999985,21450.146
25884.06,-115.89999999999782,21305.65
25884.07,-115.88999999999942,21305.65
25884.08,-115.87999999999738,21450.146
25884.09,-115.86999999999898,21401.973
25884.1,-115.86000000000058,21257.502
25884.11,-115.84999999999854,21353.809
25884.12,-115.84000000000015,21257.502
25884.13,-115.82999999999811,21450.146
25884.14,-115.81999999999971,21546.52
25884.15,-115.80999999999767,21353.809
25884.16,-115.79999999999927,21257.502
25884.17,-115.79000000000087,21401.973
25884.18,-115.77999999999884,21546.52
25884.19,-115.77000000000044,21498.33
25884.2,-115.7599999999984,21594.717
25884.21,-115.75,21498.33
25884.22,-115.73999999999796,21546.52
25884.23,-115.72999999999956,21450.146
25884.24,-115.71999999999753,21498.33
25884.25,-115.70999999999913,21401.973
25884.26,-115.70000000000073,21401.973
25884.27,-115.68999999999869,21305.65
25884.28,-115.68000000000029,21450.146
25884.29,-115.66999999999825,21450.146
25884.3,-115.65999999999985,21450.146
25884.31,-115.64999999999782,21257.502
25884.32,-115.63999999999942,21450.146
25884.33,-115.62999999999738,21161.227
25884.34,-115.61999999999898,21353.809
25884.35,-115.61000000000058,21305.65
25884.36,-115.59999999999854,21401.973
25884.37,-115.59000000000015,21401.973
25884.38,-115.57999999999811,21257.502
25884.39,-115.56999999999971,21401.973
25884.4,-115.55999999999767,21305.65
25884.41,-115.54999999999927,21450.146
25884.42,-115.54000000000087,21450.146
25884.43,-115.52999999999884,21305.65
25884.44,-115.52000000000044,21257.502
25884.45,-115.5099999999984,21305.65
25884.46,-115.5,21305.65
25884.47,-115.48999999999796,21450.146
25884.48,-115.47999999999956,21353.809
25884.49,-115.46999999999753,21594.717
25884.5,-115.45999999999913,21305.65
25884.51,-115.45000000000073,21353.809
25884.52,-115.43999999999869,21353.809
25884.53,-115.43000000000029,21498.33
25884.54,-115.41999999999825,21546.52
25884.55,-115.40999999999985,21594.717
25884.56,-115.39999999999782,21498.33
25884.57,-115.38999999999942,21353.809
25884.58,-115.37999999999738,21353.809
25884.59,-115.36999999999898,21401.973
25884.6,-115.36000000000058,21450.146
25884.61,-115.34999999999854,21450.146
25884.62,-115.34000000000015,21305.65
25884.63,-115.32999999999811,21450.146
25884.64,-115.31999999999971,21401.973
25884.65,-115.30999999999767,21498.33
25884.66,-115.29999999999927,21450.146
25884.67,-115.29000000000087,21353.809
25884.68,-115.27999999999884,21546.52
25884.69,-115.27000000000044,21305.65
25884.7,-115.2599999999984,21209.359
25884.71,-115.25,21353.809
25884.72,-115.23999999999796,21257.502
25884.73,-115.22999999999956,21450.146
25884.74,-115.21999999999753,21401.973
25884.75,-115.20999999999913,21305.65
25884.76,-115.20000000000073,21257.502
25884.77,-115.18999999999869,21209.359
25884.78,-115.18000000000029,21401.973
25884.79,-115.16999999999825,21353.809
25884.8,-115.15999999999985,21450.146
25884.81,-115.14999999999782,21257.502
25884.82,-115.13999999999942,21257.502
25884.83,-115.12999999999738,21353.809
25884.84,-115.11999999999898,21401.973
25884.85,-115.11000000000058,21498.33
25884.86,-115.09999999999854,21450.146
25884.87,-115.09000000000015,21257.502
25884.88,-115.07999999999811,21401.973
25884.89,-115.06999999999971,21450.146
25884.9,-115.05999999999767,21498.33
25884.91,-115.04999999999927,21401.973
25884.92,-115.04000000000087,21257.502
25884.93,-115.02999999999884,21546.52
25884.94,-115.02000000000044,21594.717
25884.95,-115.0099999999984,21401.973
25884.96,-115.0,21401.973
25884.97,-114.98999999999796,21353.809
25884.98,-114.97999999999956,21450.146
25884.99,-114.96999999999753,21450.146
25885.0,-114.95999999999913,21546.52
25885.01,-114.95000000000073,21546.52
25885.02,-114.93999999999869,21401.973
25885.03,-114.93000000000029,21257.502
25885.04,-114.91999999999825,21642.924
25885.05,-114.90999999999985,21546.52
25885.06,-114.89999999999782,21353.809
25885.07,-114.88999999999942,21401.973
25885.08,-114.87999999999738,21498.33
25885.09,-114.86999999999898,21401.973
25885.1,-114.86000000000058,21498.33
25885.11,-114.84999999999854,21353.809
25885.12,-114.84000000000015,21401.973
25885.13,-114.82999999999811,21401.973
25885.14,-114.81999999999971,21546.52
25885.15,-114.80999999999767,21257.502
25885.16,-114.79999999999927,21257.502
25885.17,-114.79000000000087,21257.502
25885.18,-114.77999999999884,21257.502
25885.19,-114.77000000000044,21739.359
25885.2,-114.7599999999984,22705.516
25885.21,-114.75,23141.346
25885.22,-114.73999999999796,23674.92
25885.23,-114.72999999999956,23869.189
25885.24,-114.71999999999753,23723.475
25885.25,-114.70999999999913,23869.189
25885.26,-114.70000000000073,23820.611
25885.27,-114.68999999999869,23674.92
25885.28,-114.68000000000029,23626.373
25885.29,-114.66999999999825,23723.475
25885.3,-114.65999999999985,23723.475
25885.31,-114.64999999999782,23577.832
25885.32,-114.63999999999942,23820.611
25885.33,-114.62999999999738,23529.301
25885.34,-114.61999999999898,23529.301
25885.35,-114.61000000000058,23772.039
25885.36,-114.59999999999854,23480.779
25885.37,-114.59000000000015,23674.92
25885.38,-114.57999999999811,23917.777
25885.39,-114.56999999999971,23917.777
25885.4,-114.55999999999767,23577.832
25885.41,-114.54999999999927,23723.475
25885.42,-114.54000000000087,23723.475
25885.43,-114.52999999999884,23820.611
25885.44,-114.52000000000044,23577.832
25885.45,-114.5099999999984,23480.779
25885.46,-114.5,23432.264
25885.47,-114.48999999999796,23577.832
25885.48,-114.47999999999956,23577.832
25885.49,-114.46999999999753,23820.611
25885.5,-114.45999999999913,23626.373
25885.51,-114.45000000000073,23626.373
25885.52,-114.43999999999869,23723.475
25885.53,-114.43000000000029,23772.039
25885.54,-114.41999999999825,23820.611
25885.55,-114.40999999999985,23869.189
25885.56,-114.39999999999782,23820.611
25885.57,-114.38999999999942,23626.373
25885.58,-114.37999999999738,23820.611
25885.59,-114.36999999999898,23723.475
25885.6,-114.36000000000058,23674.92
25885.61,-114.34999999999854,23577.832
25885.62,-114.34000000000015,23529.301
25885.63,-114.32999999999811,23820.611
25885.64,-114.31999999999971,23577.832
25885.65,-114.30999999999767,23529.301
25885.66,-114.29999999999927,23577.832
25885.67,-114.29000000000087,23480.779
25885.68,-114.27999999999884,23772.039
25885.69,-114.27000000000044,23529.301
25885.7,-114.2599999999984,23674.92
25885.71,-114.25,23674.92
25885.72,-114.23999999999796,23723.475
25885.73,-114.22999999999956,23480.779
25885.74,-114.21999999999753,23772.039
25885.75,-114.20999999999913,23772.039
25885.76,-114.20000000000073,23917.777
25885.77,-114.18999999999869,23577.832
25885.78,-114.18000000000029,23723.475
25885.79,-114.16999999999825,23626.373
25885.8,-114.15999999999985,23820.611
25885.81,-114.14999999999782,23626.373
25885.82,-114.13999999999942,23723.475
25885.83,-114.12999999999738,23723.475
25885.84,-114.11999999999898,23723.475
25885.85,-114.11000000000058,23723.475
25885.86,-114.09999999999854,23869.189
25885.87,-114.09000000000015,23723.475
25885.88,-114.07999999999811,23480.779
25885.89,-114.06999999999971,23917.777
25885.9,-114.05999999999767,23674.92
25885.91,-114.04999999999927,23917.777
25885.92,-114.04000000000087,23772.039
25885.93,-114.02999999999884,23917.777
25885.94,-114.02000000000044,23577.832
25885.95,-114.0099999999984,23577.832
25885.96,-114.0,23626.373
25885.97,-113.98999999999796,23723.475
25885.98,-113.97999999999956,23820.611
25885.99,-113.96999999999753,23772.039
25886.0,-113.95999999999913,23529.301
25886.01,-113.95000000000073,23626.373
25886.02,-113.93999999999869,23577.832
25886.03,-113.93000000000029,23772.039
25886.04,-113.91999999999825,24355.436
25886.05,-113.90999999999985,24891.244
25886.06,-113.89999999999782,24891.244
25886.07,-113.88999999999942,24696.291
25886.08,-113.87999999999738,24696.291
25886.09,-113.86999999999898,24745.018
25886.1,-113.86000000000058,24988.77
25886.11,-113.84999999999854,24452.783
25886.12,-113.84000000000015,22899.137
25886.13,-113.82999999999811,21932.332
25886.14,-113.81999999999971,21450.146
25886.15,-113.80999999999767,21305.65
25886.16,-113.79999999999927,21546.52
25886.17,-113.79000000000087,21594.717
25886.18,-113.77999999999884,21739.359
25886.19,-113.77000000000044,21498.33
25886.2,-113.7599999999984,21546.52
25886.21,-113.75,21450.146
25886.22,-113.73999999999796,21498.33
25886.23,-113.72999999999956,21450.146
25886.24,-113.71999999999753,21498.33
25886.25,-113.70999999999913,21594.717
25886.26,-113.70000000000073,21546.52
25886.27,-113.68999999999869,21498.33
25886.28,-113.68000000000029,21450.146
25886.29,-113.66999999999825,21884.076
25886.3,-113.65999999999985,22173.729
25886.31,-113.64999999999782,21739.359
25886.32,-113.63999999999942,21884.076
25886.33,-113.62999999999738,21691.139
25886.34,-113.61999999999898,21787.59
25886.35,-113.61000000000058,21739.359
25886.36,-113.59999999999854,21546.52
25886.37,-113.59000000000015,21401.973
25886.38,-113.57999999999811,21691.139
25886.39,-113.56999999999971,21498.33
25886.4,-113.55999999999767,21353.809
25886.41,-113.54999999999927,21546.52
25886.42,-113.54000000000087,21353.809
25886.43,-113.52999999999884,21546.52
25886.44,-113.52000000000044,21546.52
25886.45,-113.5099999999984,21498.33
25886.46,-113.5,21353.809
25886.47,-113.48999999999796,21353.809
25886.48,-113.47999999999956,21401.973
25886.49,-113.46999999999753,21594.717
25886.5,-113.45999999999913,21498.33
25886.51,-113.45000000000073,21546.52
25886.52,-113.43999999999869,21546.52
25886.53,-113.43000000000029,21594.717
25886.54,-113.41999999999825,21498.33
25886.55,-113.40999999999985,21546.52
25886.56,-113.39999999999782,21594.717
25886.57,-113.38999999999942,21594.717
25886.58,-113.37999999999738,21305.65
25886.59,-113.36999999999898,21498.33
25886.6,-113.36000000000058,21642.924
25886.61,-113.34999999999854,21450.146
25886.62,-113.34000000000015,21546.52
25886.63,-113.32999999999811,21450.146
25886.64,-113.31999999999971,21498.33
25886.65,-113.30999999999767,21401.973
25886.66,-113.29999999999927,21546.52
25886.67,-113.29000000000087,21353.809
25886.68,-113.27999999999884,21642.924
25886.69,-113.27000000000044,21642.924
25886.7,-113.2599999999984,21450.146
25886.71,-113.25,21594.717
25886.72,-113.23999999999796,21691.139
25886.73,-113.22999999999956,21594.717
25886.74,-113.21999999999753,21450.146
25886.75,-113.20999999999913,21450.146
25886.76,-113.20000000000073,21787.59
25886.77,-113.18999999999869,21498.33
25886.78,-113.18000000000029,21401.973
25886.79,-113.16999999999825,21401.973
25886.8,-113.15999999999985,21401.973
25886.81,-113.14999999999782,21353.809
25886.82,-113.13999999999942,21401.973
25886.83,-113.12999999999738,21642.924
25886.84,-113.11999999999898,21642.924
25886.85,-113.11000000000058,21642.924
25886.86,-113.09999999999854,21546.52
25886.87,-113.09000000000015,21450.146
25886.88,-113.07999999999811,21594.717
25886.89,-113.06999999999971,21642.924
25886.9,-113.05999999999767,21546.52
25886.91,-113.04999999999927,21450.146
25886.92,-113.04000000000087,21546.52
25886.93,-113.02999999999884,21546.52
25886.94,-113.02000000000044,21401.973
25886.95,-113.0099999999984,21401.973
25886.96,-113.0,21594.717
25886.97,-112.98999999999796,21546.52
25886.98,-112.97999999999956,21642.924
25886.99,-112.96999999999753,21450.146
25887.0,-112.95999999999913,21546.52
25887.01,-112.95000000000073,21594.717
25887.02,-112.93999999999869,21739.359
25887.03,-112.93000000000029,21450.146
25887.04,-112.91999999999825,21450.146
25887.05,-112.90999999999985,21594.717
25887.06,-112.89999999999782,21401.973
25887.07,-112.88999999999942,21594.717
25887.08,-112.87999999999738,21739.359
25887.09,-112.86999999999898,21498.33
25887.1,-112.86000000000058,21594.717
25887.11,-112.84999999999854,21498.33
25887.12,-112.84000000000015,21546.52
25887.13,-112.82999999999811,21353.809
25887.14,-112.81999999999971,21691.139
25887.15,-112.80999999999767,21450.146
25887.16,-112.79999999999927,21642.924
25887.17,-112.79000000000087,21401.973
25887.18,-112.77999999999884,21642.924
25887.19,-112.77000000000044,21642.924
25887.2,-112.7599999999984,21450.146
25887.21,-112.75,21498.33
25887.22,-112.73999999999796,21546.52
25887.23,-112.72999999999956,21498.33
25887.24,-112.71999999999753,21498.33
25887.25,-112.70999999999913,21498.33
25887.26,-112.70000000000073,21498.33
25887.27,-112.68999999999869,21594.717
25887.28,-112.68000000000029,21594.717
25887.29,-112.66999999999825,21257.502
25887.3,-112.65999999999985,21546.52
25887.31,-112.64999999999782,21546.52
25887.32,-112.63999999999942,21305.65
25887.33,-112.62999999999738,21498.33
25887.34,-112.61999999999898,21739.359
25887.35,-112.61000000000058,21739.359
25887.36,-112.59999999999854,21546.52
25887.37,-112.59000000000015,21691.139
25887.38,-112.57999999999811,21498.33
25887.39,-112.56999999999971,21498.33
25887.4,-112.55999999999767,21594.717
25887.41,-112.54999999999927,21450.146
25887.42,-112.54000000000087,21498.33
25887.43,-112.52999999999884,21594.717
25887.44,-112.52000000000044,21594.717
25887.45,-112.5099999999984,21546.52
25887.46,-112.5,21498.33
25887.47,-112.48999999999796,21642.924
25887.48,-112.47999999999956,21594.717
25887.49,-112.46999999999753,21594.717
25887.5,-112.45999999999913,21739.359
25887.51,-112.45000000000073,21594.717
25887.52,-112.43999999999869,21739.359
25887.53,-112.43000000000029,21739.359
25887.54,-112.41999999999825,21450.146
25887.55,-112.40999999999985,21546.52
25887.56,-112.39999999999782,21546.52
25887.57,-112.38999999999942,21498.33
25887.58,-112.37999999999738,21498.33
25887.59,-112.36999999999898,21498.33
25887.6,-112.36000000000058,21546.52
25887.61,-112.34999999999854,21594.717
25887.62,-112.34000000000015,21546.52
25887.63,-112.32999999999811,21546.52
25887.64,-112.31999999999971,21691.139
25887.65,-112.30999999999767,21642.924
25887.66,-112.29999999999927,21546.52
25887.67,-112.29000000000087,21305.65
25887.68,-112.27999999999884,21546.52
25887.69,-112.27000000000044,21594.717
25887.7,-112.2599999999984,21353.809
25887.71,-112.25,21401.973
25887.72,-112.23999999999796,21450.146
25887.73,-112.22999999999956,21594.717
25887.74,-112.21999999999753,21594.717
25887.75,-112.20999999999913,21546.52
25887.76,-112.20000000000073,21642.924
25887.77,-112.18999999999869,21546.52
25887.78,-112.18000000000029,21594.717
25887.79,-112.16999999999825,21498.33
25887.8,-112.15999999999985,21739.359
25887.81,-112.14999999999782,21594.717
25887.82,-112.13999999999942,21401.973
25887.83,-112.12999999999738,21594.717
25887.84,-112.11999999999898,21450.146
25887.85,-112.11000000000058,21594.717
25887.86,-112.09999999999854,21450.146
25887.87,-112.09000000000015,21546.52
25887.88,-112.07999999999811,21546.52
25887.89,-112.06999999999971,21642.924
25887.9,-112.05999999999767,21546.52
25887.91,-112.04999999999927,21546.52
25887.92,-112.04000000000087,21450.146
25887.93,-112.02999999999884,21739.359
25887.94,-112.02000000000044,21498.33
25887.95,-112.0099999999984,21450.146
25887.96,-112.0,21546.52
25887.97,-111.98999999999796,21546.52
25887.98,-111.97999999999956,21594.717
25887.99,-111.96999999999753,21450.146
25888.0,-111.95999999999913,21546.52
25888.01,-111.95000000000073,21546.52
25888.02,-111.93999999999869,21594.717
25888.03,-111.93000000000029,21642.924
25888.04,-111.91999999999825,21401.973
25888.05,-111.90999999999985,21739.359
25888.06,-111.89999999999782,21498.33
25888.07,-111.88999999999942,21305.65
25888.08,-111.87999999999738,21498.33
25888.09,-111.86999999999898,21450.146
25888.1,-111.86000000000058,21691.139
25888.11,-111.84999999999854,21498.33
25888.12,-111.84000000000015,21546.52
25888.13,-111.82999999999811,21546.52
25888.14,-111.81999999999971,21642.924
25888.15,-111.80999999999767,21642.924
25888.16,-111.79999999999927,21546.52
25888.17,-111.79000000000087,21594.717
25888.18,-111.77999999999884,21498.33
25888.19,-111.77000000000044,21498.33
25888.2,-111.7599999999984,21546.52
25888.21,-111.75,21594.717
25888.22,-111.73999999999796,21546.52
25888.23,-111.72999999999956,21594.717
25888.24,-111.71999999999753,21739.359
25888.25,-111.70999999999913,21546.52
25888.26,-111.70000000000073,21739.359
25888.27,-111.68999999999869,21546.52
25888.28,-111.68000000000029,21498.33
25888.29,-111.66999999999825,21401.973
25888.3,-111.65999999999985,21498.33
25888.31,-111.64999999999782,21787.59
25888.32,-111.63999999999942,21642.924
25888.33,-111.62999999999738,21498.33
25888.34,-111.61999999999898,21691.139
25888.35,-111.61000000000058,21691.139
25888.36,-111.59999999999854,21546.52
25888.37,-111.59000000000015,21353.809
25888.38,-111.57999999999811,21401.973
25888.39,-111.56999999999971,21594.717
25888.4,-111.55999999999767,21594.717
25888.41,-111.54999999999927,21450.146
25888.42,-111.54000000000087,21594.717
25888.43,-111.52999999999884,21594.717
25888.44,-111.52000000000044,21450.146
25888.45,-111.5099999999984,21594.717
25888.46,-111.5,21594.717
25888.47,-111.48999999999796,21642.924
25888.48,-111.47999999999956,21498.33
25888.49,-111.46999999999753,21353.809
25888.5,-111.45999999999913,21594.717
25888.51,-111.45000000000073,21450.146
25888.52,-111.43999999999869,21594.717
25888.53,-111.43000000000029,21257.502
25888.54,-111.41999999999825,21498.33
25888.55,-111.40999999999985,21498.33
25888.56,-111.39999999999782,21594.717
25888.57,-111.38999999999942,21691.139
25888.58,-111.37999999999738,21546.52
25888.59,-111.36999999999898,21546.52
25888.6,-111.36000000000058,21691.139
25888.61,-111.34999999999854,21450.146
25888.62,-111.34000000000015,21546.52
25888.63,-111.32999999999811,21450.146
25888.64,-111.31999999999971,21498.33
25888.65,-111.30999999999767,21498.33
25888.66,-111.29999999999927,21498.33
25888.67,-111.29000000000087,21353.809
25888.68,-111.27999999999884,21594.717
25888.69,-111.27000000000044,21498.33
25888.7,-111.2599999999984,21642.924
25888.71,-111.25,21594.717
25888.72,-111.23999999999796,21546.52
25888.73,-111.22999999999956,21498.33
25888.74,-111.21999999999753,21353.809
25888.75,-111.20999999999913,21594.717
25888.76,-111.20000000000073,21594.717
25888.77,-111.18999999999869,21450.146
25888.78,-111.18000000000029,21450.146
25888.79,-111.16999999999825,21594.717
25888.8,-111.15999999999985,21594.717
25888.81,-111.14999999999782,21594.717
25888.82,-111.13999999999942,21546.52
25888.83,-111.12999999999738,21546.52
25888.84,-111.11999999999898,21450.146
25888.85,-111.11000000000058,21691.139
25888.86,-111.09999999999854,21642.924
25888.87,-111.09000000000015,21498.33
25888.88,-111.07999999999811,21498.33
25888.89,-111.06999999999971,21498.33
25888.9,-111.05999999999767,21353.809
25888.91,-111.04999999999927,21450.146
25888.92,-111.04000000000087,21546.52
25888.93,-111.02999999999884,21739.359
25888.94,-111.02000000000044,21546.52
25888.95,-111.0099999999984,21498.33
25888.96,-111.0,21498.33
25888.97,-110.98999999999796,21691.139
25888.98,-110.97999999999956,21739.359
25888.99,-110.96999999999753,21450.146
25889.0,-110.95999999999913,21353.809
25889.01,-110.95000000000073,21546.52
25889.02,-110.93999999999869,21546.52
25889.03,-110.93000000000029,21546.52
25889.04,-110.91999999999825,21642.924
25889.05,-110.90999999999985,21691.139
25889.06,-110.89999999999782,21546.52
25889.07,-110.88999999999942,21450.146
25889.08,-110.87999999999738,21450.146
25889.09,-110.86999999999898,21594.717
25889.1,-110.86000000000058,21691.139
25889.11,-110.84999999999854,21498.33
25889.12,-110.84000000000015,21353.809
25889.13,-110.82999999999811,21498.33
25889.14,-110.81999999999971,21498.33
25889.15,-110.80999999999767,21594.717
25889.16,-110.79999999999927,21353.809
25889.17,-110.79000000000087,21353.809
25889.18,-110.77999999999884,21594.717
25889.19,-110.77000000000044,21691.139
25889.2,-110.7599999999984,21594.717
25889.21,-110.75,21691.139
25889.22,-110.73999999999796,21594.717
25889.23,-110.72999999999956,21401.973
25889.24,-110.71999999999753,21401.973
25889.25,-110.70999999999913,21401.973
25889.26,-110.70000000000073,21546.52
25889.27,-110.68999999999869,21546.52
25889.28,-110.68000000000029,21546.52
25889.29,-110.66999999999825,21691.139
25889.3,-110.65999999999985,21594.717
25889.31,-110.64999999999782,21642.924
25889.32,-110.63999999999942,21546.52
25889.33,-110.62999999999738,21498.33
25889.34,-110.61999999999898,21450.146
25889.35,-110.61000000000058,21546.52
25889.36,-110.59999999999854,21498.33
25889.37,-110.59000000000015,21594.717
25889.38,-110.57999999999811,21642.924
25889.39,-110.56999999999971,21450.146
25889.4,-110.55999999999767,21594.717
25889.41,-110.54999999999927,21691.139
25889.42,-110.54000000000087,21594.717
25889.43,-110.52999999999884,21594.717
25889.44,-110.52000000000044,21450.146
25889.45,-110.5099999999984,21546.52
25889.46,-110.5,21401.973
25889.47,-110.48999999999796,21450.146
25889.48,-110.47999999999956,21546.52
25889.49,-110.46999999999753,21546.52
25889.5,-110.45999999999913,21594.717
25889.51,-110.45000000000073,21353.809
25889.52,-110.43999999999869,21691.139
25889.53,-110.43000000000029,21594.717
25889.54,-110.41999999999825,21401.973
25889.55,-110.40999999999985,21450.146
25889.56,-110.39999999999782,21642.924
25889.57,-110.38999999999942,21594.717
25889.58,-110.37999999999738,21450.146
25889.59,-110.36999999999898,21546.52
25889.6,-110.36000000000058,21594.717
25889.61,-110.34999999999854,21353.809
25889.62,-110.34000000000015,21401.973
25889.63,-110.32999999999811,21642.924
25889.64,-110.31999999999971,21787.59
25889.65,-110.30999999999767,21546.52
25889.66,-110.29999999999927,21353.809
25889.67,-110.29000000000087,21594.717
25889.68,-110.27999999999884,21642.924
25889.69,-110.27000000000044,21594.717
25889.7,-110.2599999999984,21594.717
25889.71,-110.25,21546.52
25889.72,-110.23999999999796,21642.924
25889.73,-110.22999999999956,21546.52
25889.74,-110.21999999999753,21546.52
25889.75,-110.20999999999913,21642.924
25889.76,-110.20000000000073,21353.809
25889.77,-110.18999999999869,21546.52
25889.78,-110.18000000000029,21450.146
25889.79,-110.16999999999825,21594.717
25889.8,-110.15999999999985,21691.139
25889.81,-110.14999999999782,21450.146
25889.82,-110.13999999999942,21546.52
25889.83,-110.12999999999738,21546.52
25889.84,-110.11999999999898,21594.717
25889.85,-110.11000000000058,21498.33
25889.86,-110.09999999999854,21450.146
25889.87,-110.09000000000015,21498.33
25889.88,-110.07999999999811,21691.139
25889.89,-110.06999999999971,21546.52
25889.9,-110.05999999999767,21546.52
25889.91,-110.04999999999927,21691.139
25889.92,-110.04000000000087,21498.33
25889.93,-110.02999999999884,21546.52
25889.94,-110.02000000000044,21450.146
25889.95,-110.0099999999984,21353.809
25889.96,-110.0,21450.146
25889.97,-109.98999999999796,21594.717
25889.98,-109.97999999999956,21642.924
25889.99,-109.96999999999753,21498.33
25890.0,-109.95999999999913,21401.973
25890.01,-109.95000000000073,21401.973
25890.02,-109.93999999999869,21594.717
25890.03,-109.93000000000029,21353.809
25890.04,-109.91999999999825,21594.717
25890.05,-109.90999999999985,21546.52
25890.06,-109.89999999999782,21546.52
25890.07,-109.88999999999942,21546.52
25890.08,-109.87999999999738,21594.717
25890.09,-109.86999999999898,21401.973
25890.1,-109.86000000000058,21594.717
25890.11,-109.84999999999854,21546.52
25890.12,-109.84000000000015,21546.52
25890.13,-109.82999999999811,21594.717
25890.14,-109.81999999999971,21594.717
25890.15,-109.80999999999767,21642.924
25890.16,-109.79999999999927,21787.59
25890.17,-109.79000000000087,21498.33
25890.18,-109.77999999999884,21642.924
25890.19,-109.77000000000044,21787.59
25890.2,-109.7599999999984,21594.717
25890.21,-109.75,21594.717
25890.22,-109.73999999999796,21739.359
25890.23,-109.72999999999956,21594.717
25890.24,-109.71999999999753,21450.146
25890.25,-109.70999999999913,21450.146
25890.26,-109.70000000000073,21450.146
25890.27,-109.68999999999869,21546.52
25890.28,-109.68000000000029,21353.809
25890.29,-109.66999999999825,21450.146
25890.3,-109.65999999999985,21498.33
25890.31,-109.64999999999782,21546.52
25890.32,-109.63999999999942,21401.973
25890.33,-109.62999999999738,21450.146
25890.34,-109.61999999999898,21401.973
25890.35,-109.61000000000058,21401.973
25890.36,-109.59999999999854,21546.52
25890.37,-109.59000000000015,21546.52
25890.38,-109.57999999999811,21546.52
25890.39,-109.56999999999971,21401.973
25890.4,-109.55999999999767,21401.973
25890.41,-109.54999999999927,21450.146
25890.42,-109.54000000000087,21353.809
25890.43,-109.52999999999884,21594.717
25890.44,-109.52000000000044,21257.502
25890.45,-109.5099999999984,21353.809
25890.46,-109.5,21546.52
25890.47,-109.48999999999796,21450.146
25890.48,-109.47999999999956,21498.33
25890.49,-109.46999999999753,21450.146
25890.5,-109.45999999999913,21498.33
25890.51,-109.45000000000073,21594.717
25890.52,-109.43999999999869,21787.59
25890.53,-109.43000000000029,21546.52
25890.54,-109.41999999999825,21546.52
25890.55,-109.40999999999985,21546.52
25890.56,-109.39999999999782,21401.973
25890.57,-109.38999999999942,21305.65
25890.58,-109.37999999999738,21401.973
25890.59,-109.36999999999898,21642.924
25890.6,-109.36000000000058,21353.809
25890.61,-109.34999999999854,21353.809
25890.62,-109.34000000000015,21546.52
25890.63,-109.32999999999811,21642.924
25890.64,-109.31999999999971,21498.33
25890.65,-109.30999999999767,21594.717
25890.66,-109.29999999999927,21353.809
25890.67,-109.29000000000087,21450.146
25890.68,-109.27999999999884,21498.33
25890.69,-109.27000000000044,21546.52
25890.7,-109.2599999999984,21546.52
25890.71,-109.25,21546.52
25890.72,-109.23999999999796,21450.146
25890.73,-109.22999999999956,21546.52
25890.74,-109.21999999999753,21401.973
25890.75,-109.20999999999913,21257.502
25890.76,-109.20000000000073,21450.146
25890.77,-109.18999999999869,21305.65
25890.78,-109.18000000000029,21450.146
25890.79,-109.16999999999825,21546.52
25890.8,-109.15999999999985,21546.52
25890.81,-109.14999999999782,21450.146
25890.82,-109.13999999999942,21546.52
25890.83,-109.12999999999738,21353.809
25890.84,-109.11999999999898,21498.33
25890.85,-109.11000000000058,21594.717
25890.86,-109.09999999999854,21594.717
25890.87,-109.09000000000015,21546.52
25890.88,-109.07999999999811,21546.52
25890.89,-109.06999999999971,21691.139
25890.9,-109.05999999999767,21498.33
25890.91,-109.04999999999927,21594.717
25890.92,-109.04000000000087,21209.359
25890.93,-109.02999999999884,21642.924
25890.94,-109.02000000000044,21450.146
25890.95,-109.0099999999984,21498.33
25890.96,-109.0,21401.973
25890.97,-108.98999999999796,21305.65
25890.98,-108.97999999999956,21450.146
25890.99,-108.96999999999753,21546.52
25891.0,-108.95999999999913,21594.717
25891.01,-108.95000000000073,21498.33
25891.02,-108.93999999999869,21594.717
25891.03,-108.93000000000029,21450.146
25891.04,-108.91999999999825,21450.146
25891.05,-108.90999999999985,21739.359
25891.06,-108.89999999999782,21546.52
25891.07,-108.88999999999942,21546.52
25891.08,-108.87999999999738,21594.717
25891.09,-108.86999999999898,21353.809
25891.1,-108.86000000000058,21450.146
25891.11,-108.84999999999854,21353.809
25891.12,-108.84000000000015,21498.33
25891.13,-108.82999999999811,21594.717
25891.14,-108.81999999999971,21546.52
25891.15,-108.80999999999767,21594.717
25891.16,-108.79999999999927,21546.52
25891.17,-108.79000000000087,21498.33
25891.18,-108.77999999999884,21546.52
25891.19,-108.77000000000044,21498.33
25891.2,-108.7599999999984,21498.33
25891.21,-108.75,21401.973
25891.22,-108.73999999999796,21353.809
25891.23,-108.72999999999956,21498.33
25891.24,-108.71999999999753,21305.65
25891.25,-108.70999999999913,21691.139
25891.26,-108.70000000000073,21691.139
25891.27,-108.68999999999869,21546.52
25891.28,-108.68000000000029,21450.146
25891.29,-108.66999999999825,21305.65
25891.3,-108.65999999999985,21594.717
25891.31,-108.64999999999782,21450.146
25891.32,-108.63999999999942,21401.973
25891.33,-108.62999999999738,21450.146
25891.34,-108.61999999999898,21450.146
25891.35,-108.61000000000058,21498.33
25891.36,-108.59999999999854,21161.227
25891.37,-108.59000000000015,21546.52
25891.38,-108.57999999999811,21498.33
25891.39,-108.56999999999971,21594.717
25891.4,-108.55999999999767,21257.502
25891.41,-108.54999999999927,21450.146
25891.42,-108.54000000000087,21353.809
25891.43,-108.52999999999884,21546.52
25891.44,-108.52000000000044,21498.33
25891.45,-108.5099999999984,21546.52
25891.46,-108.5,21353.809
25891.47,-108.48999999999796,21353.809
25891.48,-108.47999999999956,21305.65
25891.49,-108.46999999999753,21353.809
25891.5,-108.45999999999913,21546.52
25891.51,-108.45000000000073,21546.52
25891.52,-108.43999999999869,21546.52
25891.53,-108.43000000000029,21498.33
25891.54,-108.41999999999825,21498.33
25891.55,-108.40999999999985,21594.717
25891.56,-108.39999999999782,21401.973
25891.57,-108.38999999999942,21546.52
25891.58,-108.37999999999738,21594.717
25891.59,-108.36999999999898,21498.33
25891.6,-108.36000000000058,21546.52
25891.61,-108.34999999999854,21594.717
25891.62,-108.34000000000015,21498.33
25891.63,-108.32999999999811,21498.33
25891.64,-108.31999999999971,21546.52
25891.65,-108.30999999999767,21787.59
25891.66,-108.29999999999927,21642.924
25891.67,-108.29000000000087,21642.924
25891.68,-108.27999999999884,21739.359
25891.69,-108.27000000000044,21498.33
25891.7,-108.2599999999984,21450.146
25891.71,-108.25,21594.717
25891.72,-108.23999999999796,21642.924
25891.73,-108.22999999999956,21787.59
25891.74,-108.21999999999753,21691.139
25891.75,-108.20999999999913,21691.139
25891.76,-108.20000000000073,21401.973
25891.77,-108.18999999999869,21546.52
25891.78,-108.18000000000029,21353.809
25891.79,-108.16999999999825,21401.973
25891.8,-108.15999999999985,21498.33
25891.81,-108.14999999999782,21546.52
25891.82,-108.13999999999942,21353.809
25891.83,-108.12999999999738,21546.52
25891.84,-108.11999999999898,21594.717
25891.85,-108.11000000000058,21450.146
25891.86,-108.09999999999854,21594.717
25891.87,-108.09000000000015,21450.146
25891.88,-108.07999999999811,21691.139
25891.89,-108.06999999999971,21594.717
25891.9,-108.05999999999767,21546.52
25891.91,-108.04999999999927,21546.52
25891.92,-108.04000000000087,21498.33
25891.93,-108.02999999999884,21691.139
25891.94,-108.02000000000044,21450.146
25891.95,-108.0099999999984,21401.973
25891.96,-108.0,21546.52
25891.97,-107.98999999999796,21498.33
25891.98,-107.97999999999956,21594.717
25891.99,-107.96999999999753,21498.33
25892.0,-107.95999999999913,21450.146
25892.01,-107.95000000000073,21594.717
25892.02,-107.93999999999869,21546.52
25892.03,-107.93000000000029,21642.924
25892.04,-107.91999999999825,21546.52
25892.05,-107.90999999999985,21498.33
25892.06,-107.89999999999782,21691.139
25892.07,-107.88999999999942,21594.717
25892.08,-107.87999999999738,21498.33
25892.09,-107.86999999999898,21498.33
25892.1,-107.86000000000058,21594.717
25892.11,-107.84999999999854,21498.33
25892.12,-107.84000000000015,21498.33
25892.13,-107.82999999999811,21594.717
25892.14,-107.81999999999971,21546.52
25892.15,-107.80999999999767,21642.924
25892.16,-107.79999999999927,21498.33
25892.17,-107.79000000000087,21594.717
25892.18,-107.77999999999884,21594.717
25892.19,-107.77000000000044,21401.973
25892.2,-107.7599999999984,21450.146
25892.21,-107.75,21498.33
25892.22,-107.73999999999796,21498.33
25892.23,-107.72999999999956,21450.146
25892.24,-107.71999999999753,21691.139
25892.25,-107.70999999999913,21498.33
25892.26,-107.70000000000073,21642.924
25892.27,-107.68999999999869,21450.146
25892.28,-107.68000000000029,21546.52
25892.29,-107.66999999999825,21498.33
25892.3,-107.65999999999985,21353.809
25892.31,-107.64999999999782,21739.359
25892.32,-107.63999999999942,21546.52
25892.33,-107.62999999999738,21401.973
25892.34,-107.61999999999898,21401.973
25892.35,-107.61000000000058,21546.52
25892.36,-107.59999999999854,21450.146
25892.37,-107.59000000000015,21546.52
25892.38,-107.57999999999811,21498.33
25892.39,-107.56999999999971,21353.809
25892.4,-107.55999999999767,21498.33
25892.41,-107.54999999999927,21353.809
25892.42,-107.54000000000087,21498.33
25892.43,-107.52999999999884,21642.924
25892.44,-107.52000000000044,21401.973
25892.45,-107.5099999999984,21498.33
25892.46,-107.5,21691.139
25892.47,-107.48999999999796,21594.717
25892.48,-107.47999999999956,21401.973
25892.49,-107.46999999999753,21498.33
25892.5,-107.45999999999913,21498.33
25892.51,-107.45000000000073,21594.717
25892.52,-107.43999999999869,21450.146
25892.53,-107.43000000000029,21498.33
25892.54,-107.41999999999825,21401.973
25892.55,-107.40999999999985,21546.52
25892.56,-107.39999999999782,21642.924
25892.57,-107.38999999999942,21642.924
25892.58,-107.37999999999738,21546.52
25892.59,-107.36999999999898,21546.52
25892.6,-107.36000000000058,21546.52
25892.61,-107.34999999999854,21401.973
25892.62,-107.34000000000015,21498.33
25892.63,-107.32999999999811,21594.717
25892.64,-107.31999999999971,21546.52
25892.65,-107.30999999999767,21498.33
25892.66,-107.29999999999927,21498.33
25892.67,-107.29000000000087,21546.52
25892.68,-107.27999999999884,21498.33
25892.69,-107.27000000000044,21546.52
25892.7,-107.2599999999984,21546.52
25892.71,-107.25,21450.146
25892.72,-107.23999999999796,21498.33
25892.73,-107.22999999999956,21450.146
25892.74,-107.21999999999753,21498.33
25892.75,-107.20999999999913,21498.33
25892.76,-107.20000000000073,21787.59
25892.77,-107.18999999999869,21546.52
25892.78,-107.18000000000029,21498.33
25892.79,-107.16999999999825,21642.924
25892.8,-107.15999999999985,21642.924
25892.81,-107.14999999999782,21691.139
25892.82,-107.13999999999942,21594.717
25892.83,-107.12999999999738,21450.146
25892.84,-107.11999999999898,21546.52
25892.85,-107.11000000000058,21498.33
25892.86,-107.09999999999854,21546.52
25892.87,-107.09000000000015,21450.146
25892.88,-107.07999999999811,21642.924
25892.89,-107.06999999999971,21594.717
25892.9,-107.05999999999767,21594.717
25892.91,-107.04999999999927,21594.717
25892.92,-107.04000000000087,21498.33
25892.93,-107.02999999999884,21594.717
25892.94,-107.02000000000044,21450.146
25892.95,-107.0099999999984,21546.52
25892.96,-107.0,21450.146
25892.97,-106.98999999999796,21594.717
25892.98,-106.97999999999956,21594.717
25892.99,-106.96999999999753,21450.146
25893.0,-106.95999999999913,21450.146
25893.01,-106.95000000000073,21594.717
25893.02,-106.93999999999869,21401.973
25893.03,-106.93000000000029,21450.146
25893.04,-106.91999999999825,21691.139
25893.05,-106.90999999999985,21642.924
25893.06,-106.89999999999782,21691.139
25893.07,-106.88999999999942,21450.146
25893.08,-106.87999999999738,21594.717
25893.09,-106.86999999999898,21594.717
25893.1,-106.86000000000058,21401.973
25893.11,-106.84999999999854,21546.52
25893.12,-106.84000000000015,21546.52
25893.13,-106.82999999999811,21691.139
25893.14,-106.81999999999971,21594.717
25893.15,-106.80999999999767,21546.52
25893.16,-106.79999999999927,21546.52
25893.17,-106.79000000000087,21594.717
25893.18,-106.77999999999884,21691.139
25893.19,-106.77000000000044,21594.717
25893.2,-106.7599999999984,21546.52
25893.21,-106.75,21498.33
25893.22,-106.73999999999796,21691.139
25893.23,-106.72999999999956,21546.52
25893.24,-106.71999999999753,21498.33
25893.25,-106.70999999999913,21546.52
25893.26,-106.70000000000073,21450.146
25893.27,-106.68999999999869,21642.924
25893.28,-106.68000000000029,21594.717
25893.29,-106.66999999999825,21546.52
25893.3,-106.65999999999985,21498.33
25893.31,-106.64999999999782,21691.139
25893.32,-106.63999999999942,21594.717
25893.33,-106.62999999999738,21739.359
25893.34,-106.61999999999898,21450.146
25893.35,-106.61000000000058,21642.924
25893.36,-106.59999999999854,21594.717
25893.37,-106.59000000000015,21594.717
25893.38,-106.57999999999811,21594.717
25893.39,-106.56999999999971,21594.717
25893.4,-106.55999999999767,21450.146
25893.41,-106.54999999999927,21691.139
25893.42,-106.54000000000087,21353.809
25893.43,-106.52999999999884,21787.59
25893.44,-106.52000000000044,21594.717
25893.45,-106.5099999999984,21498.33
25893.46,-106.5,21546.52
25893.47,-106.48999999999796,21450.146
25893.48,-106.47999999999956,21450.146
25893.49,-106.46999999999753,21594.717
25893.5,-106.45999999999913,21401.973
25893.51,-106.45000000000073,21594.717
25893.52,-106.43999999999869,21691.139
25893.53,-106.43000000000029,21594.717
25893.54,-106.41999999999825,21594.717
25893.55,-106.40999999999985,21546.52
25893.56,-106.39999999999782,21594.717
25893.57,-106.38999999999942,21498.33
25893.58,-106.37999999999738,21401.973
25893.59,-106.36999999999898,21691.139
25893.6,-106.36000000000058,21642.924
25893.61,-106.34999999999854,21594.717
25893.62,-106.34000000000015,21450.146
25893.63,-106.32999999999811,21450.146
25893.64,-106.31999999999971,21450.146
25893.65,-106.30999999999767,21450.146
25893.66,-106.29999999999927,21353.809
25893.67,-106.29000000000087,21401.973
25893.68,-106.27999999999884,21691.139
25893.69,-106.27000000000044,21353.809
25893.7,-106.2599999999984,21546.52
25893.71,-106.25,21691.139
25893.72,-106.23999999999796,21691.139
25893.73,-106.22999999999956,21450.146
25893.74,-106.21999999999753,21546.52
25893.75,-106.20999999999913,21594.717
25893.76,-106.20000000000073,21642.924
25893.77,-106.18999999999869,21450.146
25893.78,-106.18000000000029,21594.717
25893.79,-106.16999999999825,21594.717
25893.8,-106.15999999999985,21787.59
25893.81,-106.14999999999782,21546.52
25893.82,-106.13999999999942,21594.717
25893.83,-106.12999999999738,21546.52
25893.84,-106.11999999999898,21691.139
25893.85,-106.11000000000058,21594.717
25893.86,-106.09999999999854,21498.33
25893.87,-106.09000000000015,21353.809
25893.88,-106.07999999999811,21594.717
25893.89,-106.06999999999971,21546.52
25893.9,-106.05999999999767,21450.146
25893.91,-106.04999999999927,21546.52
25893.92,-106.04000000000087,21450.146
25893.93,-106.02999999999884,21450.146
25893.94,-106.02000000000044,21594.717
25893.95,-106.0099999999984,21401.973
25893.96,-106.0,21546.52
25893.97,-105.98999999999796,21546.52
25893.98,-105.97999999999956,21546.52
25893.99,-105.96999999999753,21546.52
25894.0,-105.95999999999913,21546.52
25894.01,-105.95000000000073,21787.59
25894.02,-105.93999999999869,21642.924
25894.03,-105.93000000000029,21594.717
25894.04,-105.91999999999825,21739.359
25894.05,-105.90999999999985,21642.924
25894.06,-105.89999999999782,21594.717
25894.07,-105.88999999999942,21450.146
25894.08,-105.87999999999738,21498.33
25894.09,-105.86999999999898,21498.33
25894.1,-105.86000000000058,21642.924
25894.11,-105.84999999999854,21498.33
25894.12,-105.84000000000015,21594.717
25894.13,-105.82999999999811,21594.717
25894.14,-105.81999999999971,21787.59
25894.15,-105.80999999999767,21498.33
25894.16,-105.79999999999927,21739.359
25894.17,-105.79000000000087,21642.924
25894.18,-105.77999999999884,21498.33
25894.19,-105.77000000000044,21546.52
25894.2,-105.7599999999984,21594.717
25894.21,-105.75,21450.146
25894.22,-105.73999999999796,21691.139
25894.23,-105.72999999999956,21450.146
25894.24,-105.71999999999753,21498.33
25894.25,-105.70999999999913,21401.973
25894.26,-105.70000000000073,21498.33
25894.27,-105.68999999999869,21498.33
25894.28,-105.68000000000029,21546.52
25894.29,-105.66999999999825,21787.59
25894.3,-105.65999999999985,21691.139
25894.31,-105.64999999999782,21642.924
25894.32,-105.63999999999942,21546.52
25894.33,-105.62999999999738,21498.33
25894.34,-105.61999999999898,21691.139
25894.35,-105.61000000000058,21787.59
25894.36,-105.59999999999854,21546.52
25894.37,-105.59000000000015,21450.146
25894.38,-105.57999999999811,21739.359
25894.39,-105.56999999999971,21546.52
25894.4,-105.55999999999767,21498.33
25894.41,-105.54999999999927,21450.146
25894.42,-105.54000000000087,21450.146
25894.43,-105.52999999999884,21353.809
25894.44,-105.52000000000044,21498.33
25894.45,-105.5099999999984,21546.52
25894.46,-105.5,21401.973
25894.47,-105.48999999999796,21450.146
25894.48,-105.47999999999956,21546.52
25894.49,-105.46999999999753,21642.924
25894.5,-105.45999999999913,21401.973
25894.51,-105.45000000000073,21498.33
25894.52,-105.43999999999869,21642.924
25894.53,-105.43000000000029,21353.809
25894.54,-105.41999999999825,21594.717
25894.55,-105.40999999999985,21691.139
25894.56,-105.39999999999782,21353.809
25894.57,-105.38999999999942,21353.809
25894.58,-105.37999999999738,21450.146
25894.59,-105.36999999999898,21642.924
25894.6,-105.36000000000058,21498.33
25894.61,-105.34999999999854,21691.139
25894.62,-105.34000000000015,21642.924
25894.63,-105.32999999999811,21546.52
25894.64,-105.31999999999971,21353.809
25894.65,-105.30999999999767,21546.52
25894.66,-105.29999999999927,21546.52
25894.67,-105.29000000000087,21450.146
25894.68,-105.27999999999884,21642.924
25894.69,-105.27000000000044,21450.146
25894.7,-105.2599999999984,21594.717
25894.71,-105.25,21450.146
25894.72,-105.23999999999796,21691.139
25894.73,-105.22999999999956,21642.924
25894.74,-105.21999999999753,21594.717
25894.75,-105.20999999999913,21546.52
25894.76,-105.20000000000073,21691.139
25894.77,-105.18999999999869,21498.33
25894.78,-105.18000000000029,21450.146
25894.79,-105.16999999999825,21835.83
25894.8,-105.15999999999985,21594.717
25894.81,-105.14999999999782,21546.52
25894.82,-105.13999999999942,21594.717
25894.83,-105.12999999999738,21546.52
25894.84,-105.11999999999898,21787.59
25894.85,-105.11000000000058,21642.924
25894.86,-105.09999999999854,21594.717
25894.87,-105.09000000000015,21594.717
25894.88,-105.07999999999811,21739.359
25894.89,-105.06999999999971,21787.59
25894.9,-105.05999999999767,21498.33
25894.91,-105.04999999999927,21642.924
25894.92,-105.04000000000087,21401.973
25894.93,-105.02999999999884,21691.139
25894.94,-105.02000000000044,21450.146
25894.95,-105.0099999999984,21498.33
25894.96,-105.0,21691.139
25894.97,-104.98999999999796,21450.146
25894.98,-104.97999999999956,21546.52
25894.99,-104.96999999999753,21594.717
25895.0,-104.95999999999913,21450.146
25895.01,-104.95000000000073,21594.717
25895.02,-104.93999999999869,21450.146
25895.03,-104.93000000000029,21594.717
25895.04,-104.91999999999825,21498.33
25895.05,-104.90999999999985,21401.973
25895.06,-104.89999999999782,21594.717
25895.07,-104.88999999999942,21450.146
25895.08,-104.87999999999738,21353.809
25895.09,-104.86999999999898,21546.52
25895.1,-104.86000000000058,21546.52
25895.11,-104.84999999999854,21546.52
25895.12,-104.84000000000015,21450.146
25895.13,-104.82999999999811,21594.717
25895.14,-104.81999999999971,21739.359
25895.15,-104.80999999999767,21450.146
25895.16,-104.79999999999927,21787.59
25895.17,-104.79000000000087,21594.717
25895.18,-104.77999999999884,21739.359
25895.19,-104.77000000000044,21450.146
25895.2,-104.7599999999984,21498.33
25895.21,-104.75,21498.33
25895.22,-104.73999999999796,21594.717
25895.23,-104.72999999999956,21401.973
25895.24,-104.71999999999753,21450.146
25895.25,-104.70999999999913,21594.717
25895.26,-104.70000000000073,21594.717
25895.27,-104.68999999999869,21498.33
25895.28,-104.68000000000029,21498.33
25895.29,-104.66999999999825,21594.717
25895.3,-104.65999999999985,21353.809
25895.31,-104.64999999999782,21546.52
25895.32,-104.63999999999942,21546.52
25895.33,-104.62999999999738,21498.33
25895.34,-104.61999999999898,21546.52
25895.35,-104.61000000000058,21739.359
25895.36,-104.59999999999854,21546.52
25895.37,-104.59000000000015,21498.33
25895.38,-104.57999999999811,21594.717
25895.39,-104.56999999999971,21546.52
25895.4,-104.55999999999767,21642.924
25895.41,-104.54999999999927,21642.924
25895.42,-104.54000000000087,21498.33
25895.43,-104.52999999999884,21691.139
25895.44,-104.52000000000044,21546.52
25895.45,-104.5099999999984,21450.146
25895.46,-104.5,21546.52
25895.47,-104.48999999999796,21450.146
25895.48,-104.47999999999956,21498.33
25895.49,-104.46999999999753,21498.33
25895.5,-104.45999999999913,21546.52
25895.51,-104.45000000000073,21546.52
25895.52,-104.43999999999869,21450.146
25895.53,-104.43000000000029,21401.973
25895.54,-104.41999999999825,21450.146
25895.55,-104.40999999999985,21546.52
25895.56,-104.39999999999782,21642.924
25895.57,-104.38999999999942,21450.146
25895.58,-104.37999999999738,21594.717
25895.59,-104.36999999999898,21546.52
25895.6,-104.36000000000058,21546.52
25895.61,-104.34999999999854,21739.359
25895.62,-104.34000000000015,21594.717
25895.63,-104.32999999999811,21257.502
25895.64,-104.31999999999971,21450.146
25895.65,-104.30999999999767,21498.33
25895.66,-104.29999999999927,21353.809
25895.67,-104.29000000000087,21498.33
25895.68,-104.27999999999884,21401.973
25895.69,-104.27000000000044,21642.924
25895.7,-104.2599999999984,21498.33
25895.71,-104.25,21691.139
25895.72,-104.23999999999796,21642.924
25895.73,-104.22999999999956,21450.146
25895.74,-104.21999999999753,21691.139
25895.75,-104.20999999999913,21691.139
25895.76,-104.20000000000073,21691.139
25895.77,-104.18999999999869,21642.924
25895.78,-104.18000000000029,21594.717
25895.79,-104.16999999999825,21498.33
25895.8,-104.15999999999985,21546.52
25895.81,-104.14999999999782,21594.717
25895.82,-104.13999999999942,21401.973
25895.83,-104.12999999999738,21691.139
25895.84,-104.11999999999898,21642.924
25895.85,-104.11000000000058,21498.33
25895.86,-104.09999999999854,21450.146
25895.87,-104.09000000000015,21353.809
25895.88,-104.07999999999811,21353.809
25895.89,-104.06999999999971,21642.924
25895.9,-104.05999999999767,21450.146
25895.91,-104.04999999999927,21594.717
25895.92,-104.04000000000087,21642.924
25895.93,-104.02999999999884,21642.924
25895.94,-104.02000000000044,21546.52
25895.95,-104.0099999999984,21353.809
25895.96,-104.0,21594.717
25895.97,-103.98999999999796,21884.076
25895.98,-103.97999999999956,21546.52
25895.99,-103.96999999999753,21594.717
25896.0,-103.95999999999913,21739.359
25896.01,-103.95000000000073,21498.33
25896.02,-103.93999999999869,21642.924
25896.03,-103.93000000000029,21546.52
25896.04,-103.91999999999825,21594.717
25896.05,-103.90999999999985,21691.139
25896.06,-103.89999999999782,21401.973
25896.07,-103.88999999999942,21498.33
25896.08,-103.87999999999738,21642.924
25896.09,-103.86999999999898,21450.146
25896.1,-103.86000000000058,21546.52
25896.11,-103.84999999999854,21594.717
25896.12,-103.84000000000015,21642.924
25896.13,-103.82999999999811,21546.52
25896.14,-103.81999999999971,21594.717
25896.15,-103.80999999999767,21691.139
25896.16,-103.79999999999927,21787.59
25896.17,-103.79000000000087,21546.52
25896.18,-103.77999999999884,21546.52
25896.19,-103.77000000000044,21401.973
25896.2,-103.7599999999984,21691.139
25896.21,-103.75,21642.924
25896.22,-103.73999999999796,21450.146
25896.23,-103.72999999999956,21450.146
25896.24,-103.71999999999753,21546.52
25896.25,-103.70999999999913,21353.809
25896.26,-103.70000000000073,21642.924
25896.27,-103.68999999999869,21787.59
25896.28,-103.68000000000029,21546.52
25896.29,-103.66999999999825,21546.52
25896.3,-103.65999999999985,21691.139
25896.31,-103.64999999999782,21498.33
25896.32,-103.63999999999942,21546.52
25896.33,-103.62999999999738,21498.33
25896.34,-103.61999999999898,21498.33
25896.35,-103.61000000000058,21642.924
25896.36,-103.59999999999854,21594.717
25896.37,-103.59000000000015,21450.146
25896.38,-103.57999999999811,21546.52
25896.39,-103.56999999999971,21594.717
25896.4,-103.55999999999767,21546.52
25896.41,-103.54999999999927,21594.717
25896.42,-103.54000000000087,21546.52
25896.43,-103.52999999999884,21546.52
25896.44,-103.52000000000044,21498.33
25896.45,-103.5099999999984,21498.33
25896.46,-103.5,21642.924
25896.47,-103.48999999999796,21546.52
25896.48,-103.47999999999956,21546.52
25896.49,-103.46999999999753,21498.33
25896.5,-103.45999999999913,21594.717
25896.51,-103.45000000000073,21498.33
25896.52,-103.43999999999869,21498.33
25896.53,-103.43000000000029,21594.717
25896.54,-103.41999999999825,21642.924
25896.55,-103.40999999999985,21546.52
25896.56,-103.39999999999782,21594.717
25896.57,-103.38999999999942,21498.33
25896.58,-103.37999999999738,21546.52
25896.59,-103.36999999999898,21787.59
25896.6,-103.36000000000058,21594.717
25896.61,-103.34999999999854,21401.973
25896.62,-103.34000000000015,21642.924
25896.63,-103.32999999999811,21642.924
25896.64,-103.31999999999971,21594.717
25896.65,-103.30999999999767,21594.717
25896.66,-103.29999999999927,21353.809
25896.67,-103.29000000000087,21546.52
25896.68,-103.27999999999884,21546.52
25896.69,-103.27000000000044,21691.139
25896.7,-103.2599999999984,21498.33
25896.71,-103.25,21691.139
25896.72,-103.23999999999796,21787.59
25896.73,-103.22999999999956,21450.146
25896.74,-103.21999999999753,21787.59
25896.75,-103.20999999999913,21594.717
25896.76,-103.20000000000073,21691.139
25896.77,-103.18999999999869,21546.52
25896.78,-103.18000000000029,21401.973
25896.79,-103.16999999999825,21498.33
25896.8,-103.15999999999985,21642.924
25896.81,-103.14999999999782,21113.102
25896.82,-103.13999999999942,22125.432
25896.83,-103.12999999999738,22995.996
25896.84,-103.11999999999898,23286.768
25896.85,-103.11000000000058,23626.373
25896.86,-103.09999999999854,23869.189
25896.87,-103.09000000000015,23772.039
25896.88,-103.07999999999811,23772.039
25896.89,-103.06999999999971,23626.373
25896.9,-103.05999999999767,23626.373
25896.91,-103.04999999999927,23626.373
25896.92,-103.04000000000087,23432.264
25896.93,-103.02999999999884,23674.92
25896.94,-103.02000000000044,23529.301
25896.95,-103.0099999999984,23723.475
25896.96,-103.0,23626.373
25896.97,-102.98999999999796,23529.301
25896.98,-102.97999999999956,23529.301
25896.99,-102.96999999999753,23723.475
25897.0,-102.95999999999913,23577.832
25897.01,-102.95000000000073,23626.373
25897.02,-102.93999999999869,23626.373
25897.03,-102.93000000000029,23723.475
25897.04,-102.91999999999825,23577.832
25897.05,-102.90999999999985,23820.611
25897.06,-102.89999999999782,23577.832
25897.07,-102.88999999999942,23577.832
25897.08,-102.87999999999738,23626.373
25897.09,-102.86999999999898,23577.832
25897.1,-102.86000000000058,23626.373
25897.11,-102.84999999999854,23577.832
25897.12,-102.84000000000015,23772.039
25897.13,-102.82999999999811,23626.373
25897.14,-102.81999999999971,23529.301
25897.15,-102.80999999999767,23480.779
25897.16,-102.79999999999927,23723.475
25897.17,-102.79000000000087,23480.779
25897.18,-102.77999999999884,23966.375
25897.19,-102.77000000000044,23480.779
25897.2,-102.7599999999984,23820.611
25897.21,-102.75,23917.777
25897.22,-102.73999999999796,23820.611
25897.23,-102.72999999999956,23626.373
25897.24,-102.71999999999753,23723.475
25897.25,-102.70999999999913,23674.92
25897.26,-102.70000000000073,23577.832
25897.27,-102.68999999999869,23626.373
25897.28,-102.68000000000029,23772.039
25897.29,-102.66999999999825,23529.301
25897.3,-102.65999999999985,23577.832
25897.31,-102.64999999999782,23577.832
25897.32,-102.63999999999942,23529.301
25897.33,-102.62999999999738,23723.475
25897.34,-102.61999999999898,23772.039
25897.35,-102.61000000000058,23772.039
25897.36,-102.59999999999854,23626.373
25897.37,-102.59000000000015,23529.301
25897.38,-102.57999999999811,23723.475
25897.39,-102.56999999999971,23626.373
25897.4,-102.55999999999767,23529.301
25897.41,-102.54999999999927,23529.301
25897.42,-102.54000000000087,23335.258
25897.43,-102.52999999999884,23529.301
25897.44,-102.52000000000044,23917.777
25897.45,-102.5099999999984,23674.92
25897.46,-102.5,23480.779
25897.47,-102.48999999999796,23577.832
25897.48,-102.47999999999956,23772.039
25897.49,-102.46999999999753,23480.779
25897.5,-102.45999999999913,23772.039
25897.51,-102.45000000000073,23577.832
25897.52,-102.43999999999869,23723.475
25897.53,-102.43000000000029,23820.611
25897.54,-102.41999999999825,23772.039
25897.55,-102.40999999999985,23674.92
25897.56,-102.39999999999782,23577.832
25897.57,-102.38999999999942,23529.301
25897.58,-102.37999999999738,23529.301
25897.59,-102.36999999999898,23480.779
25897.6,-102.36000000000058,23577.832
25897.61,-102.34999999999854,23674.92
25897.62,-102.34000000000015,23577.832
25897.63,-102.32999999999811,23529.301
25897.64,-102.31999999999971,23626.373
25897.65,-102.30999999999767,23529.301
25897.66,-102.29999999999927,23723.475
25897.67,-102.29000000000087,24598.863
25897.68,-102.27999999999884,24842.494
25897.69,-102.27000000000044,25086.328
25897.7,-102.2599999999984,24940.002
25897.71,-102.25,24842.494
25897.72,-102.23999999999796,24842.494
25897.73,-102.22999999999956,24842.494
25897.74,-102.21999999999753,23869.189
25897.75,-102.20999999999913,22270.344
25897.76,-102.20000000000073,21546.52
25897.77,-102.18999999999869,21353.809
25897.78,-102.18000000000029,21257.502
25897.79,-102.16999999999825,21353.809
25897.8,-102.15999999999985,21401.973
25897.81,-102.14999999999782,21353.809
25897.82,-102.13999999999942,21353.809
25897.83,-102.12999999999738,21257.502
25897.84,-102.11999999999898,21594.717
25897.85,-102.11000000000058,21353.809
25897.86,-102.09999999999854,21353.809
25897.87,-102.09000000000015,21305.65
25897.88,-102.07999999999811,21305.65
25897.89,-102.06999999999971,21546.52
25897.9,-102.05999999999767,21498.33
25897.91,-102.04999999999927,21401.973
25897.92,-102.04000000000087,21257.502
25897.93,-102.02999999999884,21305.65
25897.94,-102.02000000000044,21450.146
25897.95,-102.0099999999984,21305.65
25897.96,-102.0,21353.809
25897.97,-101.98999999999796,21401.973
25897.98,-101.97999999999956,21546.52
25897.99,-101.96999999999753,21305.65
25898.0,-101.95999999999913,21450.146
25898.01,-101.95000000000073,21594.717
25898.02,-101.93999999999869,21450.146
25898.03,-101.93000000000029,21401.973
25898.04,-101.91999999999825,21305.65
25898.05,-101.90999999999985,21353.809
25898.06,-101.89999999999782,21594.717
25898.07,-101.88999999999942,21305.65
25898.08,-101.87999999999738,21401.973
25898.09,-101.86999999999898,21450.146
25898.1,-101.86000000000058,21498.33
25898.11,-101.84999999999854,21257.502
25898.12,-101.84000000000015,21450.146
25898.13,-101.82999999999811,21401.973
25898.14,-101.81999999999971,21498.33
25898.15,-101.80999999999767,21209.359
25898.16,-101.79999999999927,21257.502
25898.17,-101.79000000000087,21401.973
25898.18,-101.77999999999884,21257.502
25898.19,-101.77000000000044,21353.809
25898.2,-101.7599999999984,21305.65
25898.21,-101.75,21305.65
25898.22,-101.73999999999796,21401.973
25898.23,-101.72999999999956,21353.809
25898.24,-101.71999999999753,21161.227
25898.25,-101.70999999999913,21209.359
25898.26,-101.70000000000073,21450.146
25898.27,-101.68999999999869,21209.359
25898.28,-101.68000000000029,21257.502
25898.29,-101.66999999999825,21353.809
25898.3,-101.65999999999985,21353.809
25898.31,-101.64999999999782,21401.973
25898.32,-101.63999999999942,21209.359
25898.33,-101.62999999999738,21209.359
25898.34,-101.61999999999898,21353.809
25898.35,-101.61000000000058,21353.809
25898.36,-101.59999999999854,21401.973
25898.37,-101.59000000000015,21401.973
25898.38,-101.57999999999811,21450.146
25898.39,-101.56999999999971,21353.809
25898.4,-101.55999999999767,21161.227
25898.41,-101.54999999999927,21257.502
25898.42,-101.54000000000087,21353.809
25898.43,-101.52999999999884,21498.33
25898.44,-101.52000000000044,21498.33
25898.45,-101.5099999999984,21257.502
25898.46,-101.5,21257.502
25898.47,-101.48999999999796,21401.973
25898.48,-101.47999999999956,21353.809
25898.49,-101.46999999999753,21257.502
25898.5,-101.45999999999913,21257.502
25898.51,-101.45000000000073,21353.809
25898.52,-101.43999999999869,21257.502
25898.53,-101.43000000000029,21113.102
25898.54,-101.41999999999825,21401.973
25898.55,-101.40999999999985,21450.146
25898.56,-101.39999999999782,21498.33
25898.57,-101.38999999999942,21401.973
25898.58,-101.37999999999738,21401.973
25898.59,-101.36999999999898,21305.65
25898.6,-101.36000000000058,21498.33
25898.61,-101.34999999999854,21257.502
25898.62,-101.34000000000015,21401.973
25898.63,-101.32999999999811,21305.65
25898.64,-101.31999999999971,21401.973
25898.65,-101.30999999999767,21450.146
25898.66,-101.29999999999927,21161.227
25898.67,-101.29000000000087,21401.973
25898.68,-101.27999999999884,21353.809
25898.69,-101.27000000000044,21161.227
25898.7,-101.2599999999984,21498.33
25898.71,-101.25,21450.146
25898.72,-101.23999999999796,21498.33
25898.73,-101.22999999999956,21450.146
25898.74,-101.21999999999753,21161.227
25898.75,-101.20999999999913,21450.146
25898.76,-101.20000000000073,21401.973
25898.77,-101.18999999999869,21498.33
25898.78,-101.18000000000029,20968.775
25898.79,-101.16999999999825,21257.502
25898.8,-101.15999999999985,21642.924
25898.81,-101.14999999999782,21401.973
25898.82,-101.13999999999942,21305.65
25898.83,-101.12999999999738,21209.359
25898.84,-101.11999999999898,21161.227
25898.85,-101.11000000000058,21450.146
25898.86,-101.09999999999854,21401.973
25898.87,-101.09000000000015,21353.809
25898.88,-101.07999999999811,21401.973
25898.89,-101.06999999999971,21305.65
25898.9,-101.05999999999767,21209.359
25898.91,-101.04999999999927,21305.65
25898.92,-101.04000000000087,21305.65
25898.93,-101.02999999999884,21305.65
25898.94,-101.02000000000044,21209.359
25898.95,-101.0099999999984,21161.227
25898.96,-101.0,21353.809
25898.97,-100.98999999999796,21305.65
25898.98,-100.97999999999956,21257.502
25898.99,-100.96999999999753,21305.65
25899.0,-100.95999999999913,21353.809
25899.01,-100.95000000000073,21353.809
25899.02,-100.93999999999869,21401.973
25899.03,-100.93000000000029,21305.65
25899.04,-100.91999999999825,21209.359
25899.05,-100.90999999999985,21353.809
25899.06,-100.89999999999782,21161.227
25899.07,-100.88999999999942,21353.809
25899.08,-100.87999999999738,21161.227
25899.09,-100.86999999999898,21401.973
25899.1,-100.86000000000058,21257.502
25899.11,-100.84999999999854,21353.809
25899.12,-100.84000000000015,21305.65
25899.13,-100.82999999999811,21546.52
25899.14,-100.81999999999971,21594.717
25899.15,-100.80999999999767,21353.809
25899.16,-100.79999999999927,21257.502
25899.17,-100.79000000000087,21257.502
25899.18,-100.77999999999884,21498.33
25899.19,-100.77000000000044,21257.502
25899.2,-100.7599999999984,21450.146
25899.21,-100.75,21305.65
25899.22,-100.73999999999796,21401.973
25899.23,-100.72999999999956,21257.502
25899.24,-100.71999999999753,21257.502
25899.25,-100.70999999999913,21401.973
25899.26,-100.70000000000073,21353.809
25899.27,-100.68999999999869,21498.33
25899.28,-100.68000000000029,21064.984
25899.29,-100.66999999999825,21257.502
25899.3,-100.65999999999985,21305.65
25899.31,-100.64999999999782,21450.146
25899.32,-100.63999999999942,21401.973
25899.33,-100.62999999999738,21401.973
25899.34,-100.61999999999898,21161.227
25899.35,-100.61000000000058,21498.33
25899.36,-100.59999999999854,21353.809
25899.37,-100.59000000000015,21305.65
25899.38,-100.57999999999811,21401.973
25899.39,-100.56999999999971,21401.973
25899.4,-100.55999999999767,21305.65
25899.41,-100.54999999999927,21401.973
25899.42,-100.54000000000087,21305.65
25899.43,-100.52999999999884,21161.227
25899.44,-100.52000000000044,21401.973
25899.45,-100.5099999999984,21498.33
25899.46,-100.5,21401.973
25899.47,-100.48999999999796,21450.146
25899.48,-100.47999999999956,21257.502
25899.49,-100.46999999999753,21209.359
25899.5,-100.45999999999913,21209.359
25899.51,-100.45000000000073,21401.973
25899.52,-100.43999999999869,21257.502
25899.53,-100.43000000000029,21450.146
25899.54,-100.41999999999825,21498.33
25899.55,-100.40999999999985,21257.502
25899.56,-100.39999999999782,21450.146
25899.57,-100.38999999999942,21161.227
25899.58,-100.37999999999738,21064.984
25899.59,-100.36999999999898,21450.146
25899.6,-100.36000000000058,21401.973
25899.61,-100.34999999999854,21113.102
25899.62,-100.34000000000015,21450.146
25899.63,-100.32999999999811,21401.973
25899.64,-100.31999999999971,21450.146
25899.65,-100.30999999999767,21401.973
25899.66,-100.29999999999927,21257.502
25899.67,-100.29000000000087,21161.227
25899.68,-100.27999999999884,21353.809
25899.69,-100.27000000000044,21209.359
25899.7,-100.2599999999984,21353.809
25899.71,-100.25,21353.809
25899.72,-100.23999999999796,21353.809
25899.73,-100.22999999999956,21257.502
25899.74,-100.21999999999753,21353.809
25899.75,-100.20999999999913,21305.65
25899.76,-100.20000000000073,21401.973
25899.77,-100.18999999999869,21353.809
25899.78,-100.18000000000029,21353.809
25899.79,-100.16999999999825,21209.359
25899.8,-100.15999999999985,21353.809
25899.81,-100.14999999999782,21257.502
25899.82,-100.13999999999942,21257.502
25899.83,-100.12999999999738,21161.227
25899.84,-100.11999999999898,21257.502
25899.85,-100.11000000000058,21257.502
25899.86,-100.09999999999854,21450.146
25899.87,-100.09000000000015,21353.809
25899.88,-100.07999999999811,21353.809
25899.89,-100.06999999999971,21257.502
25899.9,-100.05999999999767,21353.809
25899.91,-100.04999999999927,21161.227
25899.92,-100.04000000000087,21257.502
25899.93,-100.02999999999884,21257.502
25899.94,-100.02000000000044,21257.502
25899.95,-100.0099999999984,21498.33
25899.96,-100.0,21353.809
25899.97,-99.98999999999796,21305.65
25899.98,-99.97999999999956,21546.52
25899.99,-99.96999999999753,21305.65
25900.0,-99.95999999999913,21064.984
25900.01,-99.95000000000073,21353.809
25900.02,-99.93999999999869,21401.973
25900.03,-99.93000000000029,21450.146
25900.04,-99.91999999999825,21546.52
25900.05,-99.90999999999985,21498.33
25900.06,-99.89999999999782,21113.102
25900.07,-99.88999999999942,21305.65
25900.08,-99.87999999999738,21257.502
25900.09,-99.86999999999898,21209.359
25900.1,-99.86000000000058,21161.227
25900.11,-99.84999999999854,21257.502
25900.12,-99.84000000000015,21257.502
25900.13,-99.82999999999811,21401.973
25900.14,-99.81999999999971,21401.973
25900.15,-99.80999999999767,21161.227
25900.16,-99.79999999999927,21257.502
25900.17,-99.79000000000087,21016.877
25900.18,-99.77999999999884,21161.227
25900.19,-99.77000000000044,21401.973
25900.2,-99.7599999999984,21161.227
25900.21,-99.75,21353.809
25900.22,-99.73999999999796,21546.52
25900.23,-99.72999999999956,21064.984
25900.24,-99.71999999999753,21353.809
25900.25,-99.70999999999913,21353.809
25900.26,-99.70000000000073,21401.973
25900.27,-99.68999999999869,21594.717
25900.28,-99.68000000000029,21498.33
25900.29,-99.66999999999825,21353.809
25900.3,-99.65999999999985,21546.52
25900.31,-99.64999999999782,21209.359
25900.32,-99.63999999999942,21450.146
25900.33,-99.62999999999738,21353.809
25900.34,-99.61999999999898,21305.65
25900.35,-99.61000000000058,21305.65
25900.36,-99.59999999999854,21305.65
25900.37,-99.59000000000015,21305.65
25900.38,-99.57999999999811,21353.809
25900.39,-99.56999999999971,21353.809
25900.4,-99.55999999999767,21161.227
25900.41,-99.54999999999927,21257.502
25900.42,-99.54000000000087,21161.227
25900.43,-99.52999999999884,21353.809
25900.44,-99.52000000000044,21353.809
25900.45,-99.5099999999984,21161.227
25900.46,-99.5,21401.973
25900.47,-99.48999999999796,21450.146
25900.48,-99.47999999999956,21546.52
25900.49,-99.46999999999753,21257.502
25900.5,-99.45999999999913,21257.502
25900.51,-99.45000000000073,21064.984
25900.52,-99.43999999999869,21209.359
25900.53,-99.43000000000029,21498.33
25900.54,-99.41999999999825,21546.52
25900.55,-99.40999999999985,21450.146
25900.56,-99.39999999999782,21498.33
25900.57,-99.38999999999942,21401.973
25900.58,-99.37999999999738,21353.809
25900.59,-99.36999999999898,21305.65
25900.6,-99.36000000000058,21401.973
25900.61,-99.34999999999854,21401.973
25900.62,-99.34000000000015,21305.65
25900.63,-99.32999999999811,21161.227
25900.64,-99.31999999999971,21353.809
25900.65,-99.30999999999767,21209.359
25900.66,-99.29999999999927,21305.65
25900.67,-99.29000000000087,21257.502
25900.68,-99.27999999999884,21401.973
25900.69,-99.27000000000044,21401.973
25900.7,-99.2599999999984,21209.359
25900.71,-99.25,21401.973
25900.72,-99.23999999999796,21209.359
25900.73,-99.22999999999956,21257.502
25900.74,-99.21999999999753,21257.502
25900.75,-99.20999999999913,21401.973
25900.76,-99.20000000000073,21401.973
25900.77,-99.18999999999869,21450.146
25900.78,-99.18000000000029,21305.65
25900.79,-99.16999999999825,21401.973
25900.8,-99.15999999999985,21161.227
25900.81,-99.14999999999782,21450.146
25900.82,-99.13999999999942,21113.102
25900.83,-99.12999999999738,21353.809
25900.84,-99.11999999999898,21209.359
25900.85,-99.11000000000058,21450.146
25900.86,-99.09999999999854,21401.973
25900.87,-99.09000000000015,21257.502
25900.88,-99.07999999999811,21401.973
25900.89,-99.06999999999971,21353.809
25900.9,-99.05999999999767,21305.65
25900.91,-99.04999999999927,21257.502
25900.92,-99.04000000000087,21305.65
25900.93,-99.02999999999884,21450.146
25900.94,-99.02000000000044,21161.227
25900.95,-99.0099999999984,21401.973
25900.96,-99.0,21209.359
25900.97,-98.98999999999796,21353.809
25900.98,-98.97999999999956,21257.502
25900.99,-98.96999999999753,21353.809
25901.0,-98.95999999999913,21305.65
25901.01,-98.95000000000073,21498.33
25901.02,-98.93999999999869,21353.809
25901.03,-98.93000000000029,21257.502
25901.04,-98.91999999999825,21257.502
25901.05,-98.90999999999985,21450.146
25901.06,-98.89999999999782,21353.809
25901.07,-98.88999999999942,21353.809
25901.08,-98.87999999999738,21450.146
25901.09,-98.86999999999898,21353.809
25901.1,-98.86000000000058,21450.146
25901.11,-98.84999999999854,21353.809
25901.12,-98.84000000000015,21401.973
25901.13,-98.82999999999811,21450.146
25901.14,-98.81999999999971,21353.809
25901.15,-98.80999999999767,21305.65
25901.16,-98.79999999999927,21161.227
25901.17,-98.79000000000087,21209.359
25901.18,-98.77999999999884,21305.65
25901.19,-98.77000000000044,21257.502
25901.2,-98.7599999999984,21305.65
25901.21,-98.75,21401.973
25901.22,-98.73999999999796,21546.52
25901.23,-98.72999999999956,21498.33
25901.24,-98.71999999999753,21305.65
25901.25,-98.70999999999913,21401.973
25901.26,-98.70000000000073,21353.809
25901.27,-98.68999999999869,21209.359
25901.28,-98.68000000000029,21353.809
25901.29,-98.66999999999825,21113.102
25901.3,-98.65999999999985,21546.52
25901.31,-98.64999999999782,21401.973
25901.32,-98.63999999999942,21498.33
25901.33,-98.62999999999738,21401.973
25901.34,-98.61999999999898,21594.717
25901.35,-98.61000000000058,21450.146
25901.36,-98.59999999999854,21305.65
25901.37,-98.59000000000015,21401.973
25901.38,-98.57999999999811,21353.809
25901.39,-98.56999999999971,21257.502
25901.4,-98.55999999999767,21161.227
25901.41,-98.54999999999927,21305.65
25901.42,-98.54000000000087,21161.227
25901.43,-98.52999999999884,21257.502
25901.44,-98.52000000000044,21161.227
25901.45,-98.5099999999984,21209.359
25901.46,-98.5,21257.502
25901.47,-98.48999999999796,21353.809
25901.48,-98.47999999999956,21450.146
25901.49,-98.46999999999753,21450.146
25901.5,-98.45999999999913,21450.146
25901.51,-98.45000000000073,21353.809
25901.52,-98.43999999999869,21546.52
25901.53,-98.43000000000029,21305.65
25901.54,-98.41999999999825,21353.809
25901.55,-98.40999999999985,21257.502
25901.56,-98.39999999999782,21450.146
25901.57,-98.38999999999942,21401.973
25901.58,-98.37999999999738,21401.973
25901.59,-98.36999999999898,21401.973
25901.6,-98.36000000000058,21353.809
25901.61,-98.34999999999854,21353.809
25901.62,-98.34000000000015,21209.359
25901.63,-98.32999999999811,21305.65
25901.64,-98.31999999999971,21353.809
25901.65,-98.30999999999767,21305.65
25901.66,-98.29999999999927,21498.33
25901.67,-98.29000000000087,21257.502
25901.68,-98.27999999999884,21257.502
25901.69,-98.27000000000044,21305.65
25901.7,-98.2599999999984,21305.65
25901.71,-98.25,21161.227
25901.72,-98.23999999999796,21305.65
25901.73,-98.22999999999956,21401.973
25901.74,-98.21999999999753,21450.146
25901.75,-98.20999999999913,21401.973
25901.76,-98.20000000000073,21353.809
25901.77,-98.18999999999869,21209.359
25901.78,-98.18000000000029,21401.973
25901.79,-98.16999999999825,21209.359
25901.8,-98.15999999999985,21353.809
25901.81,-98.14999999999782,21401.973
25901.82,-98.13999999999942,21353.809
25901.83,-98.12999999999738,21353.809
25901.84,-98.11999999999898,21257.502
25901.85,-98.11000000000058,21305.65
25901.86,-98.09999999999854,21209.359
25901.87,-98.09000000000015,21498.33
25901.88,-98.07999999999811,21546.52
25901.89,-98.06999999999971,21546.52
25901.9,-98.05999999999767,21401.973
25901.91,-98.04999999999927,21401.973
25901.92,-98.04000000000087,21353.809
25901.93,-98.02999999999884,21161.227
25901.94,-98.02000000000044,21305.65
25901.95,-98.0099999999984,21401.973
25901.96,-98.0,21161.227
25901.97,-97.98999999999796,21305.65
25901.98,-97.97999999999956,21594.717
25901.99,-97.96999999999753,21353.809
25902.0,-97.95999999999913,21113.102
25902.01,-97.95000000000073,21401.973
25902.02,-97.93999999999869,21353.809
25902.03,-97.93000000000029,21161.227
25902.04,-97.91999999999825,21353.809
25902.05,-97.90999999999985,21401.973
25902.06,-97.89999999999782,21305.65
25902.07,-97.88999999999942,21257.502
25902.08,-97.87999999999738,21209.359
25902.09,-97.86999999999898,21209.359
25902.1,-97.86000000000058,21353.809
25902.11,-97.84999999999854,21401.973
25902.12,-97.84000000000015,21401.973
25902.13,-97.82999999999811,21401.973
25902.14,-97.81999999999971,21161.227
25902.15,-97.80999999999767,21161.227
25902.16,-97.79999999999927,21209.359
25902.17,-97.79000000000087,21401.973
25902.18,-97.77999999999884,21305.65
25902.19,-97.77000000000044,21353.809
25902.2,-97.7599999999984,21257.502
25902.21,-97.75,21401.973
25902.22,-97.73999999999796,21257.502
25902.23,-97.72999999999956,21209.359
25902.24,-97.71999999999753,21113.102
25902.25,-97.70999999999913,21401.973
25902.26,-97.70000000000073,21305.65
25902.27,-97.68999999999869,21401.973
25902.28,-97.68000000000029,21209.359
25902.29,-97.66999999999825,21305.65
25902.3,-97.65999999999985,21353.809
25902.31,-97.64999999999782,21353.809
25902.32,-97.63999999999942,21257.502
25902.33,-97.62999999999738,21401.973
25902.34,-97.61999999999898,21305.65
25902.35,-97.61000000000058,21305.65
25902.36,-97.59999999999854,20968.775
25902.37,-97.59000000000015,21401.973
25902.38,-97.57999999999811,21594.717
25902.39,-97.56999999999971,21498.33
25902.4,-97.55999999999767,21064.984
25902.41,-97.54999999999927,21161.227
25902.42,-97.54000000000087,21209.359
25902.43,-97.52999999999884,21353.809
25902.44,-97.52000000000044,21305.65
25902.45,-97.5099999999984,21257.502
25902.46,-97.5,21498.33
25902.47,-97.48999999999796,21546.52
25902.48,-97.47999999999956,21353.809
25902.49,-97.46999999999753,21257.502
25902.5,-97.45999999999913,21401.973
25902.51,-97.45000000000073,21498.33
25902.52,-97.43999999999869,21401.973
25902.53,-97.43000000000029,21594.717
25902.54,-97.41999999999825,21401.973
25902.55,-97.40999999999985,21401.973
25902.56,-97.39999999999782,21401.973
25902.57,-97.38999999999942,21401.973
25902.58,-97.37999999999738,21161.227
25902.59,-97.36999999999898,21209.359
25902.6,-97.36000000000058,21353.809
25902.61,-97.34999999999854,21401.973
25902.62,-97.34000000000015,21161.227
25902.63,-97.32999999999811,21161.227
25902.64,-97.31999999999971,21353.809
25902.65,-97.30999999999767,21161.227
25902.66,-97.29999999999927,21353.809
25902.67,-97.29000000000087,21209.359
25902.68,-97.27999999999884,21594.717
25902.69,-97.27000000000044,21401.973
25902.7,-97.2599999999984,21209.359
25902.71,-97.25,21401.973
25902.72,-97.23999999999796,21209.359
25902.73,-97.22999999999956,21450.146
25902.74,-97.21999999999753,21305.65
25902.75,-97.20999999999913,21498.33
25902.76,-97.20000000000073,21257.502
25902.77,-97.18999999999869,21353.809
25902.78,-97.18000000000029,21257.502
25902.79,-97.16999999999825,21353.809
25902.8,-97.15999999999985,21305.65
25902.81,-97.14999999999782,21450.146
25902.82,-97.13999999999942,21161.227
25902.83,-97.12999999999738,21401.973
25902.84,-97.11999999999898,21305.65
25902.85,-97.11000000000058,21353.809
25902.86,-97.09999999999854,21401.973
25902.87,-97.09000000000015,21257.502
25902.88,-97.07999999999811,21353.809
25902.89,-97.06999999999971,21305.65
25902.9,-97.05999999999767,21161.227
25902.91,-97.04999999999927,21450.146
25902.92,-97.04000000000087,21498.33
25902.93,-97.02999999999884,21642.924
25902.94,-97.02000000000044,21305.65
25902.95,-97.0099999999984,21305.65
25902.96,-97.0,21450.146
25902.97,-96.98999999999796,21305.65
25902.98,-96.97999999999956,21305.65
25902.99,-96.96999999999753,21161.227
25903.0,-96.95999999999913,21450.146
25903.01,-96.95000000000073,21257.502
25903.02,-96.93999999999869,21161.227
25903.03,-96.93000000000029,21401.973
25903.04,-96.91999999999825,21498.33
25903.05,-96.90999999999985,21353.809
25903.06,-96.89999999999782,21353.809
25903.07,-96.88999999999942,21257.502
25903.08,-96.87999999999738,21161.227
25903.09,-96.86999999999898,21353.809
25903.1,-96.86000000000058,21305.65
25903.11,-96.84999999999854,21401.973
25903.12,-96.84000000000015,21401.973
25903.13,-96.82999999999811,21353.809
25903.14,-96.81999999999971,21257.502
25903.15,-96.80999999999767,21257.502
25903.16,-96.79999999999927,21450.146
25903.17,-96.79000000000087,21161.227
25903.18,-96.77999999999884,21401.973
25903.19,-96.77000000000044,21209.359
25903.2,-96.7599999999984,21257.502
25903.21,-96.75,21305.65
25903.22,-96.73999999999796,21450.146
25903.23,-96.72999999999956,21257.502
25903.24,-96.71999999999753,21401.973
25903.25,-96.70999999999913,21305.65
25903.26,-96.70000000000073,21498.33
25903.27,-96.68999999999869,21450.146
25903.28,-96.68000000000029,21450.146
25903.29,-96.66999999999825,21498.33
25903.3,-96.65999999999985,21353.809
25903.31,-96.64999999999782,21450.146
25903.32,-96.63999999999942,21401.973
25903.33,-96.62999999999738,21257.502
25903.34,-96.61999999999898,21401.973
25903.35,-96.61000000000058,21594.717
25903.36,-96.59999999999854,21353.809
25903.37,-96.59000000000015,21498.33
25903.38,-96.57999999999811,21401.973
25903.39,-96.56999999999971,21257.502
25903.4,-96.55999999999767,21257.502
25903.41,-96.54999999999927,21209.359
25903.42,-96.54000000000087,21498.33
25903.43,-96.52999999999884,21209.359
25903.44,-96.52000000000044,21305.65
25903.45,-96.5099999999984,21305.65
25903.46,-96.5,21401.973
25903.47,-96.48999999999796,21353.809
25903.48,-96.47999999999956,21401.973
25903.49,-96.46999999999753,21401.973
25903.5,-96.45999999999913,21498.33
25903.51,-96.45000000000073,21450.146
25903.52,-96.43999999999869,21401.973
25903.53,-96.43000000000029,21305.65
25903.54,-96.41999999999825,21353.809
25903.55,-96.40999999999985,21353.809
25903.56,-96.39999999999782,21450.146
25903.57,-96.38999999999942,21401.973
25903.58,-96.37999999999738,21353.809
25903.59,-96.36999999999898,21305.65
25903.6,-96.36000000000058,21401.973
25903.61,-96.34999999999854,21353.809
25903.62,-96.34000000000015,21401.973
25903.63,-96.32999999999811,21353.809
25903.64,-96.31999999999971,21305.65
25903.65,-96.30999999999767,21498.33
25903.66,-96.29999999999927,21257.502
25903.67,-96.29000000000087,21401.973
25903.68,-96.27999999999884,21546.52
25903.69,-96.27000000000044,21498.33
25903.7,-96.2599999999984,21353.809
25903.71,-96.25,21353.809
25903.72,-96.23999999999796,21594.717
25903.73,-96.22999999999956,21498.33
25903.74,-96.21999999999753,21353.809
25903.75,-96.20999999999913,21498.33
25903.76,-96.20000000000073,21305.65
25903.77,-96.18999999999869,21546.52
25903.78,-96.18000000000029,21257.502
25903.79,-96.16999999999825,21401.973
25903.8,-96.15999999999985,21450.146
25903.81,-96.14999999999782,21401.973
25903.82,-96.13999999999942,21401.973
25903.83,-96.12999999999738,21498.33
25903.84,-96.11999999999898,21257.502
25903.85,-96.11000000000058,21305.65
25903.86,-96.09999999999854,21401.973
25903.87,-96.09000000000015,21401.973
25903.88,-96.07999999999811,21305.65
25903.89,-96.06999999999971,21450.146
25903.9,-96.05999999999767,21257.502
25903.91,-96.04999999999927,21257.502
25903.92,-96.04000000000087,21257.502
25903.93,-96.02999999999884,21498.33
25903.94,-96.02000000000044,21305.65
25903.95,-96.0099999999984,21353.809
25903.96,-96.0,21498.33
25903.97,-95.98999999999796,21450.146
25903.98,-95.97999999999956,21257.502
25903.99,-95.96999999999753,21401.973
25904.0,-95.95999999999913,21161.227
25904.01,-95.95000000000073,21257.502
25904.02,-95.93999999999869,21353.809
25904.03,-95.93000000000029,21161.227
25904.04,-95.91999999999825,21450.146
25904.05,-95.90999999999985,21401.973
25904.06,-95.89999999999782,21257.502
25904.07,-95.88999999999942,21305.65
25904.08,-95.87999999999738,21209.359
25904.09,-95.86999999999898,21353.809
25904.1,-95.86000000000058,21353.809
25904.11,-95.84999999999854,21305.65
25904.12,-95.84000000000015,21450.146
25904.13,-95.82999999999811,21594.717
25904.14,-95.81999999999971,21594.717
25904.15,-95.80999999999767,21353.809
25904.16,-95.79999999999927,21353.809
25904.17,-95.79000000000087,21161.227
25904.18,-95.77999999999884,21305.65
25904.19,-95.77000000000044,21353.809
25904.2,-95.7599999999984,21498.33
25904.21,-95.75,21353.809
25904.22,-95.73999999999796,21257.502
25904.23,-95.72999999999956,21305.65
25904.24,-95.71999999999753,21209.359
25904.25,-95.70999999999913,21257.502
25904.26,-95.70000000000073,21498.33
25904.27,-95.68999999999869,21401.973
25904.28,-95.68000000000029,21353.809
25904.29,-95.66999999999825,21642.924
25904.3,-95.65999999999985,21305.65
25904.31,-95.64999999999782,21353.809
25904.32,-95.63999999999942,21353.809
25904.33,-95.62999999999738,21546.52
25904.34,-95.61999999999898,21546.52
25904.35,-95.61000000000058,21353.809
25904.36,-95.59999999999854,21450.146
25904.37,-95.59000000000015,21353.809
25904.38,-95.57999999999811,21353.809
25904.39,-95.56999999999971,21594.717
25904.4,-95.55999999999767,21498.33
25904.41,-95.54999999999927,21353.809
25904.42,-95.54000000000087,21209.359
25904.43,-95.52999999999884,21498.33
25904.44,-95.52000000000044,21450.146
25904.45,-95.5099999999984,21450.146
25904.46,-95.5,21353.809
25904.47,-95.48999999999796,21353.809
25904.48,-95.47999999999956,21450.146
25904.49,-95.46999999999753,21401.973
25904.5,-95.45999999999913,21450.146
25904.51,-95.45000000000073,21401.973
25904.52,-95.43999999999869,21353.809
25904.53,-95.43000000000029,21450.146
25904.54,-95.41999999999825,21257.502
25904.55,-95.40999999999985,21450.146
25904.56,-95.39999999999782,21450.146
25904.57,-95.38999999999942,21161.227
25904.58,-95.37999999999738,21305.65
25904.59,-95.36999999999898,21257.502
25904.6,-95.36000000000058,21498.33
25904.61,-95.34999999999854,21257.502
25904.62,-95.34000000000015,21450.146
25904.63,-95.32999999999811,21257.502
25904.64,-95.31999999999971,21450.146
25904.65,-95.30999999999767,21305.65
25904.66,-95.29999999999927,21353.809
25904.67,-95.29000000000087,21257.502
25904.68,-95.27999999999884,21498.33
25904.69,-95.27000000000044,21450.146
25904.7,-95.2599999999984,21353.809
25904.71,-95.25,21450.146
25904.72,-95.23999999999796,21498.33
25904.73,-95.22999999999956,21498.33
25904.74,-95.21999999999753,21161.227
25904.75,-95.20999999999913,21353.809
25904.76,-95.20000000000073,21353.809
25904.77,-95.18999999999869,21401.973
25904.78,-95.18000000000029,21450.146
25904.79,-95.16999999999825,21498.33
25904.8,-95.15999999999985,21353.809
25904.81,-95.14999999999782,21305.65
25904.82,-95.13999999999942,21401.973
25904.83,-95.12999999999738,21594.717
25904.84,-95.11999999999898,21450.146
25904.85,-95.11000000000058,21450.146
25904.86,-95.09999999999854,21209.359
25904.87,-95.09000000000015,21498.33
25904.88,-95.07999999999811,21450.146
25904.89,-95.06999999999971,21450.146
25904.9,-95.05999999999767,21401.973
25904.91,-95.04999999999927,21353.809
25904.92,-95.04000000000087,21498.33
25904.93,-95.02999999999884,21546.52
25904.94,-95.02000000000044,21257.502
25904.95,-95.0099999999984,21498.33
25904.96,-95.0,21498.33
25904.97,-94.98999999999796,21401.973
25904.98,-94.97999999999956,21353.809
25904.99,-94.96999999999753,21305.65
25905.0,-94.95999999999913,21353.809
25905.01,-94.95000000000073,21401.973
25905.02,-94.93999999999869,21353.809
25905.03,-94.93000000000029,21257.502
25905.04,-94.91999999999825,21209.359
25905.05,-94.90999999999985,21498.33
25905.06,-94.89999999999782,21450.146
25905.07,-94.88999999999942,21305.65
25905.08,-94.87999999999738,21546.52
25905.09,-94.86999999999898,21546.52
25905.1,-94.86000000000058,21594.717
25905.11,-94.84999999999854,21353.809
25905.12,-94.84000000000015,21305.65
25905.13,-94.82999999999811,21401.973
25905.14,-94.81999999999971,21353.809
25905.15,-94.80999999999767,21161.227
25905.16,-94.79999999999927,21113.102
25905.17,-94.79000000000087,21161.227
25905.18,-94.77999999999884,21161.227
25905.19,-94.77000000000044,21498.33
25905.2,-94.7599999999984,21257.502
25905.21,-94.75,21498.33
25905.22,-94.73999999999796,21353.809
25905.23,-94.72999999999956,21401.973
25905.24,-94.71999999999753,21353.809
25905.25,-94.70999999999913,21498.33
25905.26,-94.70000000000073,21450.146
25905.27,-94.68999999999869,21305.65
25905.28,-94.68000000000029,21305.65
25905.29,-94.66999999999825,21546.52
25905.3,-94.65999999999985,21498.33
25905.31,-94.64999999999782,21161.227
25905.32,-94.63999999999942,21450.146
25905.33,-94.62999999999738,21450.146
25905.34,-94.61999999999898,21305.65
25905.35,-94.61000000000058,21594.717
25905.36,-94.59999999999854,21257.502
25905.37,-94.59000000000015,21353.809
25905.38,-94.57999999999811,21401.973
25905.39,-94.56999999999971,21594.717
25905.4,-94.55999999999767,21305.65
25905.41,-94.54999999999927,21401.973
25905.42,-94.54000000000087,21401.973
25905.43,-94.52999999999884,21353.809
25905.44,-94.52000000000044,21305.65
25905.45,-94.5099999999984,21305.65
25905.46,-94.5,21353.809
25905.47,-94.48999999999796,21401.973
25905.48,-94.47999999999956,21353.809
25905.49,-94.46999999999753,21257.502
25905.5,-94.45999999999913,21401.973
25905.51,-94.45000000000073,21353.809
25905.52,-94.43999999999869,21450.146
25905.53,-94.43000000000029,21353.809
25905.54,-94.41999999999825,21305.65
25905.55,-94.40999999999985,21498.33
25905.56,-94.39999999999782,21546.52
25905.57,-94.38999999999942,21305.65
25905.58,-94.37999999999738,21401.973
25905.59,-94.36999999999898,21594.717
25905.6,-94.36000000000058,21546.52
25905.61,-94.34999999999854,21353.809
25905.62,-94.34000000000015,21161.227
25905.63,-94.32999999999811,21450.146
25905.64,-94.31999999999971,21546.52
25905.65,-94.30999999999767,21353.809
25905.66,-94.29999999999927,21305.65
25905.67,-94.29000000000087,21450.146
25905.68,-94.27999999999884,21594.717
25905.69,-94.27000000000044,21401.973
25905.7,-94.2599999999984,21305.65
25905.71,-94.25,21353.809
25905.72,-94.23999999999796,21498.33
25905.73,-94.22999999999956,21305.65
25905.74,-94.21999999999753,21209.359
25905.75,-94.20999999999913,21401.973
25905.76,-94.20000000000073,21498.33
25905.77,-94.18999999999869,21161.227
25905.78,-94.18000000000029,21305.65
25905.79,-94.16999999999825,21353.809
25905.8,-94.15999999999985,21401.973
25905.81,-94.14999999999782,21209.359
25905.82,-94.13999999999942,21353.809
25905.83,-94.12999999999738,21401.973
25905.84,-94.11999999999898,21401.973
25905.85,-94.11000000000058,21401.973
25905.86,-94.09999999999854,21401.973
25905.87,-94.09000000000015,21161.227
25905.88,-94.07999999999811,21401.973
25905.89,-94.06999999999971,21546.52
25905.9,-94.05999999999767,21305.65
25905.91,-94.04999999999927,21305.65
25905.92,-94.04000000000087,21450.146
25905.93,-94.02999999999884,21450.146
25905.94,-94.02000000000044,21401.973
25905.95,-94.0099999999984,21450.146
25905.96,-94.0,21305.65
25905.97,-93.98999999999796,21113.102
25905.98,-93.97999999999956,21401.973
25905.99,-93.96999999999753,21257.502
25906.0,-93.95999999999913,21401.973
25906.01,-93.95000000000073,21305.65
25906.02,-93.93999999999869,21209.359
25906.03,-93.93000000000029,21353.809
25906.04,-93.91999999999825,21401.973
25906.05,-93.90999999999985,21450.146
25906.06,-93.89999999999782,21257.502
25906.07,-93.88999999999942,21305.65
25906.08,-93.87999999999738,21257.502
25906.09,-93.86999999999898,21305.65
25906.1,-93.86000000000058,21353.809
25906.11,-93.84999999999854,21401.973
25906.12,-93.84000000000015,21257.502
25906.13,-93.82999999999811,21498.33
25906.14,-93.81999999999971,21257.502
25906.15,-93.80999999999767,21353.809
25906.16,-93.79999999999927,21401.973
25906.17,-93.79000000000087,21305.65
25906.18,-93.77999999999884,21498.33
25906.19,-93.77000000000044,21353.809
25906.2,-93.7599999999984,21498.33
25906.21,-93.75,21546.52
25906.22,-93.73999999999796,21546.52
25906.23,-93.72999999999956,21353.809
25906.24,-93.71999999999753,21209.359
25906.25,-93.70999999999913,21401.973
25906.26,-93.70000000000073,21209.359
25906.27,-93.68999999999869,21401.973
25906.28,-93.68000000000029,21209.359
25906.29,-93.66999999999825,21353.809
25906.3,-93.65999999999985,21594.717
25906.31,-93.64999999999782,21498.33
25906.32,-93.63999999999942,21401.973
25906.33,-93.62999999999738,21401.973
25906.34,-93.61999999999898,21450.146
25906.35,-93.61000000000058,21498.33
25906.36,-93.59999999999854,21161.227
25906.37,-93.59000000000015,21257.502
25906.38,-93.57999999999811,21353.809
25906.39,-93.56999999999971,21450.146
25906.4,-93.55999999999767,21305.65
25906.41,-93.54999999999927,21401.973
25906.42,-93.54000000000087,21401.973
25906.43,-93.52999999999884,21498.33
25906.44,-93.52000000000044,21450.146
25906.45,-93.5099999999984,21401.973
25906.46,-93.5,21161.227
25906.47,-93.48999999999796,21450.146
25906.48,-93.47999999999956,21594.717
25906.49,-93.46999999999753,21401.973
25906.5,-93.45999999999913,21353.809
25906.51,-93.45000000000073,21401.973
25906.52,-93.43999999999869,21161.227
25906.53,-93.43000000000029,21161.227
25906.54,-93.41999999999825,21305.65
25906.55,-93.40999999999985,21594.717
25906.56,-93.39999999999782,21450.146
25906.57,-93.38999999999942,21305.65
25906.58,-93.37999999999738,21113.102
25906.59,-93.36999999999898,21305.65
25906.6,-93.36000000000058,21353.809
25906.61,-93.34999999999854,21353.809
25906.62,-93.34000000000015,21450.146
25906.63,-93.32999999999811,21546.52
25906.64,-93.31999999999971,21450.146
25906.65,-93.30999999999767,21450.146
25906.66,-93.29999999999927,21450.146
25906.67,-93.29000000000087,21305.65
25906.68,-93.27999999999884,21401.973
25906.69,-93.27000000000044,21353.809
25906.7,-93.2599999999984,21498.33
25906.71,-93.25,21161.227
25906.72,-93.23999999999796,21305.65
25906.73,-93.22999999999956,21305.65
25906.74,-93.21999999999753,21401.973
25906.75,-93.20999999999913,21353.809
25906.76,-93.20000000000073,21401.973
25906.77,-93.18999999999869,21450.146
25906.78,-93.18000000000029,21401.973
25906.79,-93.16999999999825,21305.65
25906.8,-93.15999999999985,21401.973
25906.81,-93.14999999999782,21498.33
25906.82,-93.13999999999942,21450.146
25906.83,-93.12999999999738,21498.33
25906.84,-93.11999999999898,21401.973
25906.85,-93.11000000000058,21353.809
25906.86,-93.09999999999854,21305.65
25906.87,-93.09000000000015,21353.809
25906.88,-93.07999999999811,21257.502
25906.89,-93.06999999999971,21257.502
25906.9,-93.05999999999767,21161.227
25906.91,-93.04999999999927,21113.102
25906.92,-93.04000000000087,21305.65
25906.93,-93.02999999999884,21353.809
25906.94,-93.02000000000044,21257.502
25906.95,-93.0099999999984,21401.973
25906.96,-93.0,21353.809
25906.97,-92.98999999999796,21353.809
25906.98,-92.97999999999956,21209.359
25906.99,-92.96999999999753,21353.809
25907.0,-92.95999999999913,21450.146
25907.01,-92.95000000000073,21450.146
25907.02,-92.93999999999869,21401.973
25907.03,-92.93000000000029,21353.809
25907.04,-92.91999999999825,21498.33
25907.05,-92.90999999999985,21401.973
25907.06,-92.89999999999782,21353.809
25907.07,-92.88999999999942,21498.33
25907.08,-92.87999999999738,21305.65
25907.09,-92.86999999999898,21498.33
25907.1,-92.86000000000058,21450.146
25907.11,-92.84999999999854,21209.359
25907.12,-92.84000000000015,21161.227
25907.13,-92.82999999999811,21161.227
25907.14,-92.81999999999971,21401.973
25907.15,-92.80999999999767,21353.809
25907.16,-92.79999999999927,21401.973
25907.17,-92.79000000000087,21498.33
25907.18,-92.77999999999884,21450.146
25907.19,-92.77000000000044,21257.502
25907.2,-92.7599999999984,21257.502
25907.21,-92.75,21546.52
25907.22,-92.73999999999796,21353.809
25907.23,-92.72999999999956,21161.227
25907.24,-92.71999999999753,21401.973
25907.25,-92.70999999999913,21209.359
25907.26,-92.70000000000073,21401.973
25907.27,-92.68999999999869,21257.502
25907.28,-92.68000000000029,21209.359
25907.29,-92.66999999999825,21353.809
25907.3,-92.65999999999985,21450.146
25907.31,-92.64999999999782,21401.973
25907.32,-92.63999999999942,21353.809
25907.33,-92.62999999999738,21401.973
25907.34,-92.61999999999898,21594.717
25907.35,-92.61000000000058,21257.502
25907.36,-92.59999999999854,21401.973
25907.37,-92.59000000000015,21305.65
25907.38,-92.57999999999811,21498.33
25907.39,-92.56999999999971,21498.33
25907.4,-92.55999999999767,21305.65
25907.41,-92.54999999999927,21498.33
25907.42,-92.54000000000087,21450.146
25907.43,-92.52999999999884,21353.809
25907.44,-92.52000000000044,21305.65
25907.45,-92.5099999999984,21305.65
25907.46,-92.5,21594.717
25907.47,-92.48999999999796,21450.146
25907.48,-92.47999999999956,21546.52
25907.49,-92.46999999999753,21353.809
25907.5,-92.45999999999913,21498.33
25907.51,-92.45000000000073,21498.33
25907.52,-92.43999999999869,21209.359
25907.53,-92.43000000000029,21401.973
25907.54,-92.41999999999825,21450.146
25907.55,-92.40999999999985,21257.502
25907.56,-92.39999999999782,21353.809
25907.57,-92.38999999999942,21401.973
25907.58,-92.37999999999738,21401.973
25907.59,-92.36999999999898,21305.65
25907.6,-92.36000000000058,21450.146
25907.61,-92.34999999999854,21401.973
25907.62,-92.34000000000015,21450.146
25907.63,-92.32999999999811,21305.65
25907.64,-92.31999999999971,21450.146
25907.65,-92.30999999999767,21450.146
25907.66,-92.29999999999927,21498.33
25907.67,-92.29000000000087,21401.973
25907.68,-92.27999999999884,21546.52
25907.69,-92.27000000000044,21401.973
25907.7,-92.2599999999984,21353.809
25907.71,-92.25,21450.146
25907.72,-92.23999999999796,21353.809
25907.73,-92.22999999999956,21161.227
25907.74,-92.21999999999753,21353.809
25907.75,-92.20999999999913,21450.146
25907.76,-92.20000000000073,21546.52
25907.77,-92.18999999999869,21353.809
25907.78,-92.18000000000029,21353.809
25907.79,-92.16999999999825,21450.146
25907.8,-92.15999999999985,21642.924
25907.81,-92.14999999999782,21353.809
25907.82,-92.13999999999942,21498.33
25907.83,-92.12999999999738,21305.65
25907.84,-92.11999999999898,21450.146
25907.85,-92.11000000000058,21257.502
25907.86,-92.09999999999854,21401.973
25907.87,-92.09000000000015,21450.146
25907.88,-92.07999999999811,21787.59
25907.89,-92.06999999999971,21594.717
25907.9,-92.05999999999767,21353.809
25907.91,-92.04999999999927,21450.146
25907.92,-92.04000000000087,21498.33
25907.93,-92.02999999999884,21353.809
25907.94,-92.02000000000044,21257.502
25907.95,-92.0099999999984,21305.65
25907.96,-92.0,21450.146
25907.97,-91.98999999999796,21401.973
25907.98,-91.97999999999956,21401.973
25907.99,-91.96999999999753,21353.809
25908.0,-91.95999999999913,21305.65
25908.01,-91.95000000000073,21450.146
25908.02,-91.93999999999869,21401.973
25908.03,-91.93000000000029,21498.33
25908.04,-91.91999999999825,21353.809
25908.05,-91.90999999999985,21498.33
25908.06,-91.89999999999782,21401.973
25908.07,-91.88999999999942,21305.65
25908.08,-91.87999999999738,21450.146
25908.09,-91.86999999999898,21161.227
25908.1,-91.86000000000058,21401.973
25908.11,-91.84999999999854,21401.973
25908.12,-91.84000000000015,21353.809
25908.13,-91.82999999999811,21401.973
25908.14,-91.81999999999971,21450.146
25908.15,-91.80999999999767,21401.973
25908.16,-91.79999999999927,21450.146
25908.17,-91.79000000000087,21498.33
25908.18,-91.77999999999884,21546.52
25908.19,-91.77000000000044,21450.146
25908.2,-91.7599999999984,21401.973
25908.21,-91.75,21353.809
25908.22,-91.73999999999796,21691.139
25908.23,-91.72999999999956,21498.33
25908.24,-91.71999999999753,21739.359
25908.25,-91.70999999999913,21594.717
25908.26,-91.70000000000073,21450.146
25908.27,-91.68999999999869,21353.809
25908.28,-91.68000000000029,21498.33
25908.29,-91.66999999999825,21450.146
25908.3,-91.65999999999985,21546.52
25908.31,-91.64999999999782,21161.227
25908.32,-91.63999999999942,21450.146
25908.33,-91.62999999999738,21498.33
25908.34,-91.61999999999898,21546.52
25908.35,-91.61000000000058,21450.146
25908.36,-91.59999999999854,21257.502
25908.37,-91.59000000000015,21450.146
25908.38,-91.57999999999811,21498.33
25908.39,-91.56999999999971,21498.33
25908.4,-91.55999999999767,21305.65
25908.41,-91.54999999999927,21257.502
25908.42,-91.54000000000087,21209.359
25908.43,-91.52999999999884,21257.502
25908.44,-91.52000000000044,21787.59
25908.45,-91.5099999999984,22850.719
25908.46,-91.5,23335.258
25908.47,-91.48999999999796,23577.832
25908.48,-91.47999999999956,23772.039
25908.49,-91.46999999999753,23772.039
25908.5,-91.45999999999913,23917.777
25908.51,-91.45000000000073,23820.611
25908.52,-91.43999999999869,23674.92
25908.53,-91.43000000000029,23577.832
25908.54,-91.41999999999825,23529.301
25908.55,-91.40999999999985,23772.039
25908.56,-91.39999999999782,23529.301
25908.57,-91.38999999999942,23577.832
25908.58,-91.37999999999738,23577.832
25908.59,-91.36999999999898,23723.475
25908.6,-91.36000000000058,23626.373
25908.61,-91.34999999999854,23723.475
25908.62,-91.34000000000015,23577.832
25908.63,-91.32999999999811,23869.189
25908.64,-91.31999999999971,23674.92
25908.65,-91.30999999999767,23917.777
25908.66,-91.29999999999927,23820.611
25908.67,-91.29000000000087,23772.039
25908.68,-91.27999999999884,23772.039
25908.69,-91.27000000000044,23820.611
25908.7,-91.2599999999984,23723.475
25908.71,-91.25,23529.301
25908.72,-91.23999999999796,23723.475
25908.73,-91.22999999999956,23480.779
25908.74,-91.21999999999753,23529.301
25908.75,-91.20999999999913,23577.832
25908.76,-91.20000000000073,23820.611
25908.77,-91.18999999999869,23529.301
25908.78,-91.18000000000029,23723.475
25908.79,-91.16999999999825,23626.373
25908.8,-91.15999999999985,23820.611
25908.81,-91.14999999999782,23869.189
25908.82,-91.13999999999942,23674.92
25908.83,-91.12999999999738,23674.92
25908.84,-91.11999999999898,23626.373
25908.85,-91.11000000000058,23674.92
25908.86,-91.09999999999854,23577.832
25908.87,-91.09000000000015,23626.373
25908.88,-91.07999999999811,23577.832
25908.89,-91.06999999999971,23577.832
25908.9,-91.05999999999767,23772.039
25908.91,-91.04999999999927,23723.475
25908.92,-91.04000000000087,23674.92
25908.93,-91.02999999999884,23674.92
25908.94,-91.02000000000044,23480.779
25908.95,-91.0099999999984,23674.92
25908.96,-91.0,23626.373
25908.97,-90.98999999999796,23820.611
25908.98,-90.97999999999956,23674.92
25908.99,-90.96999999999753,23772.039
25909.0,-90.95999999999913,23626.373
25909.01,-90.95000000000073,23772.039
25909.02,-90.93999999999869,23626.373
25909.03,-90.93000000000029,23577.832
25909.04,-90.91999999999825,23480.779
25909.05,-90.90999999999985,23529.301
25909.06,-90.89999999999782,23577.832
25909.07,-90.88999999999942,23723.475
25909.08,-90.87999999999738,23674.92
25909.09,-90.86999999999898,23917.777
25909.1,-90.86000000000058,23869.189
25909.11,-90.84999999999854,23626.373
25909.12,-90.84000000000015,23674.92
25909.13,-90.82999999999811,23820.611
25909.14,-90.81999999999971,23869.189
25909.15,-90.80999999999767,23820.611
25909.16,-90.79999999999927,23966.375
25909.17,-90.79000000000087,23869.189
25909.18,-90.77999999999884,23674.92
25909.19,-90.77000000000044,23626.373
25909.2,-90.7599999999984,23626.373
25909.21,-90.75,23674.92
25909.22,-90.73999999999796,23674.92
25909.23,-90.72999999999956,23626.373
25909.24,-90.71999999999753,23723.475
25909.25,-90.70999999999913,23626.373
25909.26,-90.70000000000073,23480.779
25909.27,-90.68999999999869,23820.611
25909.28,-90.68000000000029,23577.832
25909.29,-90.66999999999825,24501.469
25909.3,-90.65999999999985,25086.328
25909.31,-90.64999999999782,24842.494
25909.32,-90.63999999999942,24842.494
25909.33,-90.62999999999738,24647.572
25909.34,-90.61999999999898,24793.752
25909.35,-90.61000000000058,24940.002
25909.36,-90.59999999999854,24501.469
25909.37,-90.59000000000015,22947.563
25909.38,-90.57999999999811,21932.332
25909.39,-90.56999999999971,21594.717
25909.4,-90.55999999999767,21401.973
25909.41,-90.54999999999927,21498.33
25909.42,-90.54000000000087,21498.33
25909.43,-90.52999999999884,21691.139
25909.44,-90.52000000000044,21498.33
25909.45,-90.5099999999984,21450.146
25909.46,-90.5,21450.146
25909.47,-90.48999999999796,21835.83
25909.48,-90.47999999999956,21450.146
25909.49,-90.46999999999753,21642.924
25909.5,-90.45999999999913,21546.52
25909.51,-90.45000000000073,21546.52
25909.52,-90.43999999999869,21739.359
25909.53,-90.43000000000029,21498.33
25909.54,-90.41999999999825,21739.359
25909.55,-90.40999999999985,21739.359
25909.56,-90.39999999999782,21594.717
25909.57,-90.38999999999942,21450.146
25909.58,-90.37999999999738,21594.717
25909.59,-90.36999999999898,21546.52
25909.6,-90.36000000000058,21691.139
25909.61,-90.34999999999854,21594.717
25909.62,-90.34000000000015,21594.717
25909.63,-90.32999999999811,21594.717
25909.64,-90.31999999999971,21691.139
25909.65,-90.30999999999767,21498.33
25909.66,-90.29999999999927,21642.924
25909.67,-90.29000000000087,21594.717
25909.68,-90.27999999999884,21642.924
25909.69,-90.27000000000044,21739.359
25909.7,-90.2599999999984,21594.717
25909.71,-90.25,21546.52
25909.72,-90.23999999999796,21546.52
25909.73,-90.22999999999956,21498.33
25909.74,-90.21999999999753,21353.809
25909.75,-90.20999999999913,21401.973
25909.76,-90.20000000000073,21498.33
25909.77,-90.18999999999869,21691.139
25909.78,-90.18000000000029,21498.33
25909.79,-90.16999999999825,21498.33
25909.8,-90.15999999999985,21691.139
25909.81,-90.14999999999782,21594.717
25909.82,-90.13999999999942,21594.717
25909.83,-90.12999999999738,21642.924
25909.84,-90.11999999999898,21594.717
25909.85,-90.11000000000058,21691.139
25909.86,-90.09999999999854,21594.717
25909.87,-90.09000000000015,21642.924
25909.88,-90.07999999999811,21594.717
25909.89,-90.06999999999971,21546.52
25909.9,-90.05999999999767,21594.717
25909.91,-90.04999999999927,21642.924
25909.92,-90.04000000000087,21450.146
25909.93,-90.02999999999884,21739.359
25909.94,-90.02000000000044,21546.52
25909.95,-90.0099999999984,21498.33
25909.96,-90.0,21498.33
25909.97,-89.98999999999796,21546.52
25909.98,-89.97999999999956,21691.139
25909.99,-89.96999999999753,21498.33
25910.0,-89.95999999999913,21450.146
25910.01,-89.95000000000073,21691.139
25910.02,-89.93999999999869,21642.924
25910.03,-89.93000000000029,21450.146
25910.04,-89.91999999999825,21498.33
25910.05,-89.90999999999985,21642.924
25910.06,-89.89999999999782,21691.139
25910.07,-89.88999999999942,21739.359
25910.08,-89.87999999999738,21594.717
25910.09,-89.86999999999898,21691.139
25910.1,-89.86000000000058,21594.717
25910.11,-89.84999999999854,21787.59
25910.12,-89.84000000000015,21450.146
25910.13,-89.82999999999811,21594.717
25910.14,-89.81999999999971,21546.52
25910.15,-89.80999999999767,21642.924
25910.16,-89.79999999999927,21353.809
25910.17,-89.79000000000087,21546.52
25910.18,-89.77999999999884,21498.33
25910.19,-89.77000000000044,21450.146
25910.2,-89.7599999999984,21401.973
25910.21,-89.75,21450.146
25910.22,-89.73999999999796,21498.33
25910.23,-89.72999999999956,21546.52
25910.24,-89.71999999999753,21594.717
25910.25,-89.70999999999913,21594.717
25910.26,-89.70000000000073,21594.717
25910.27,-89.68999999999869,21546.52
25910.28,-89.68000000000029,21450.146
25910.29,-89.66999999999825,21691.139
25910.3,-89.65999999999985,21401.973
25910.31,-89.64999999999782,21401.973
25910.32,-89.63999999999942,21450.146
25910.33,-89.62999999999738,21594.717
25910.34,-89.61999999999898,21691.139
25910.35,-89.61000000000058,21739.359
25910.36,-89.59999999999854,21450.146
25910.37,-89.59000000000015,21546.52
25910.38,-89.57999999999811,21594.717
25910.39,-89.56999999999971,21642.924
25910.4,-89.55999999999767,21498.33
25910.41,-89.54999999999927,21546.52
25910.42,-89.54000000000087,21546.52
25910.43,-89.52999999999884,21594.717
25910.44,-89.52000000000044,21546.52
25910.45,-89.5099999999984,21594.717
25910.46,-89.5,21642.924
25910.47,-89.48999999999796,21691.139
25910.48,-89.47999999999956,21546.52
25910.49,-89.46999999999753,21353.809
25910.5,-89.45999999999913,21546.52
25910.51,-89.45000000000073,21401.973
25910.52,-89.43999999999869,21498.33
25910.53,-89.43000000000029,21546.52
25910.54,-89.41999999999825,21691.139
25910.55,-89.40999999999985,21450.146
25910.56,-89.39999999999782,21546.52
25910.57,-89.38999999999942,21353.809
25910.58,-89.37999999999738,21546.52
25910.59,-89.36999999999898,21594.717
25910.6,-89.36000000000058,21642.924
25910.61,-89.34999999999854,21642.924
25910.62,-89.34000000000015,21498.33
25910.63,-89.32999999999811,21691.139
25910.64,-89.31999999999971,21594.717
25910.65,-89.30999999999767,21401.973
25910.66,-89.29999999999927,21546.52
25910.67,-89.29000000000087,21498.33
25910.68,-89.27999999999884,21546.52
25910.69,-89.27000000000044,21401.973
25910.7,-89.2599999999984,21642.924
25910.71,-89.25,21691.139
25910.72,-89.23999999999796,21642.924
25910.73,-89.22999999999956,21498.33
25910.74,-89.21999999999753,21546.52
25910.75,-89.20999999999913,21594.717
25910.76,-89.20000000000073,21787.59
25910.77,-89.18999999999869,21594.717
25910.78,-89.18000000000029,21498.33
25910.79,-89.16999999999825,21594.717
25910.8,-89.15999999999985,21450.146
25910.81,-89.14999999999782,21739.359
25910.82,-89.13999999999942,21401.973
25910.83,-89.12999999999738,21691.139
25910.84,-89.11999999999898,21498.33
25910.85,-89.11000000000058,21401.973
25910.86,-89.09999999999854,21450.146
25910.87,-89.09000000000015,21594.717
25910.88,-89.07999999999811,21450.146
25910.89,-89.06999999999971,21450.146
25910.9,-89.05999999999767,21498.33
25910.91,-89.04999999999927,21450.146
25910.92,-89.04000000000087,21594.717
25910.93,-89.02999999999884,21546.52
25910.94,-89.02000000000044,21498.33
25910.95,-89.0099999999984,21401.973
25910.96,-89.0,21594.717
25910.97,-88.98999999999796,21450.146
25910.98,-88.97999999999956,21353.809
25910.99,-88.96999999999753,21594.717
25911.0,-88.95999999999913,21498.33
25911.01,-88.95000000000073,21498.33
25911.02,-88.93999999999869,21691.139
25911.03,-88.93000000000029,21594.717
25911.04,-88.91999999999825,21546.52
25911.05,-88.90999999999985,21498.33
25911.06,-88.89999999999782,21450.146
25911.07,-88.88999999999942,21161.227
25911.08,-88.87999999999738,21546.52
25911.09,-88.86999999999898,21642.924
25911.1,-88.86000000000058,21450.146
25911.11,-88.84999999999854,21401.973
25911.12,-88.84000000000015,21498.33
25911.13,-88.82999999999811,21642.924
25911.14,-88.81999999999971,21546.52
25911.15,-88.80999999999767,21594.717
25911.16,-88.79999999999927,21401.973
25911.17,-88.79000000000087,21450.146
25911.18,-88.77999999999884,21546.52
25911.19,-88.77000000000044,21353.809
25911.2,-88.7599999999984,21450.146
25911.21,-88.75,21450.146
25911.22,-88.73999999999796,21498.33
25911.23,-88.72999999999956,21498.33
25911.24,-88.71999999999753,21305.65
25911.25,-88.70999999999913,21401.973
25911.26,-88.70000000000073,21691.139
25911.27,-88.68999999999869,21642.924
25911.28,-88.68000000000029,21401.973
25911.29,-88.66999999999825,21498.33
25911.3,-88.65999999999985,21642.924
25911.31,-88.64999999999782,21546.52
25911.32,-88.63999999999942,21401.973
25911.33,-88.62999999999738,21546.52
25911.34,-88.61999999999898,21691.139
25911.35,-88.61000000000058,21546.52
25911.36,-88.59999999999854,21498.33
25911.37,-88.59000000000015,21594.717
25911.38,-88.57999999999811,21450.146
25911.39,-88.56999999999971,21691.139
25911.4,-88.55999999999767,21594.717
25911.41,-88.54999999999927,21450.146
25911.42,-88.54000000000087,21450.146
25911.43,-88.52999999999884,21498.33
25911.44,-88.52000000000044,21498.33
25911.45,-88.5099999999984,21498.33
25911.46,-88.5,21498.33
25911.47,-88.48999999999796,21546.52
25911.48,-88.47999999999956,21884.076
25911.49,-88.46999999999753,21498.33
25911.5,-88.45999999999913,21546.52
25911.51,-88.45000000000073,21450.146
25911.52,-88.43999999999869,21594.717
25911.53,-88.43000000000029,21498.33
25911.54,-88.41999999999825,21353.809
25911.55,-88.40999999999985,21594.717
25911.56,-88.39999999999782,21594.717
25911.57,-88.38999999999942,21498.33
25911.58,-88.37999999999738,21642.924
25911.59,-88.36999999999898,21594.717
25911.6,-88.36000000000058,21594.717
25911.61,-88.34999999999854,21353.809
25911.62,-88.34000000000015,21546.52
25911.63,-88.32999999999811,21546.52
25911.64,-88.31999999999971,21642.924
25911.65,-88.30999999999767,21546.52
25911.66,-88.29999999999927,21353.809
25911.67,-88.29000000000087,21498.33
25911.68,-88.27999999999884,21450.146
25911.69,-88.27000000000044,21594.717
25911.7,-88.2599999999984,21546.52
25911.71,-88.25,21353.809
25911.72,-88.23999999999796,21546.52
25911.73,-88.22999999999956,21401.973
25911.74,-88.21999999999753,21353.809
25911.75,-88.20999999999913,21594.717
25911.76,-88.20000000000073,21594.717
25911.77,-88.18999999999869,21546.52
25911.78,-88.18000000000029,21498.33
25911.79,-88.16999999999825,21450.146
25911.8,-88.15999999999985,21450.146
25911.81,-88.14999999999782,21546.52
25911.82,-88.13999999999942,21594.717
25911.83,-88.12999999999738,21450.146
25911.84,-88.11999999999898,21691.139
25911.85,-88.11000000000058,21594.717
25911.86,-88.09999999999854,21546.52
25911.87,-88.09000000000015,21546.52
25911.88,-88.07999999999811,21642.924
25911.89,-88.06999999999971,21691.139
25911.9,-88.05999999999767,21498.33
25911.91,-88.04999999999927,21642.924
25911.92,-88.04000000000087,21546.52
25911.93,-88.02999999999884,21546.52
25911.94,-88.02000000000044,21594.717
25911.95,-88.0099999999984,21353.809
25911.96,-88.0,21450.146
25911.97,-87.98999999999796,21546.52
25911.98,-87.97999999999956,21594.717
25911.99,-87.96999999999753,21450.146
25912.0,-87.95999999999913,21594.717
25912.01,-87.95000000000073,21594.717
25912.02,-87.93999999999869,21691.139
25912.03,-87.93000000000029,21498.33
25912.04,-87.91999999999825,21401.973
25912.05,-87.90999999999985,21642.924
25912.06,-87.89999999999782,21546.52
25912.07,-87.88999999999942,21642.924
25912.08,-87.87999999999738,21498.33
25912.09,-87.86999999999898,21450.146
25912.1,-87.86000000000058,21498.33
25912.11,-87.84999999999854,21594.717
25912.12,-87.84000000000015,21353.809
25912.13,-87.82999999999811,21546.52
25912.14,-87.81999999999971,21642.924
25912.15,-87.80999999999767,21594.717
25912.16,-87.79999999999927,21594.717
25912.17,-87.79000000000087,21546.52
25912.18,-87.77999999999884,21642.924
25912.19,-87.77000000000044,21594.717
25912.2,-87.7599999999984,21546.52
25912.21,-87.75,21546.52
25912.22,-87.73999999999796,21594.717
25912.23,-87.72999999999956,21594.717
25912.24,-87.71999999999753,21546.52
25912.25,-87.70999999999913,21498.33
25912.26,-87.70000000000073,21642.924
25912.27,-87.68999999999869,21691.139
25912.28,-87.68000000000029,21642.924
25912.29,-87.66999999999825,21401.973
25912.3,-87.65999999999985,21546.52
25912.31,-87.64999999999782,21546.52
25912.32,-87.63999999999942,21450.146
25912.33,-87.62999999999738,21594.717
25912.34,-87.61999999999898,21498.33
25912.35,-87.61000000000058,21498.33
25912.36,-87.59999999999854,21498.33
25912.37,-87.59000000000015,21450.146
25912.38,-87.57999999999811,21739.359
25912.39,-87.56999999999971,21594.717
25912.4,-87.55999999999767,21546.52
25912.41,-87.54999999999927,21353.809
25912.42,-87.54000000000087,21594.717
25912.43,-87.52999999999884,21787.59
25912.44,-87.52000000000044,21642.924
25912.45,-87.5099999999984,21498.33
25912.46,-87.5,21546.52
25912.47,-87.48999999999796,21546.52
25912.48,-87.47999999999956,21450.146
25912.49,-87.46999999999753,21401.973
25912.5,-87.45999999999913,21546.52
25912.51,-87.45000000000073,21546.52
25912.52,-87.43999999999869,21691.139
25912.53,-87.43000000000029,21353.809
25912.54,-87.41999999999825,21642.924
25912.55,-87.40999999999985,21353.809
25912.56,-87.39999999999782,21594.717
25912.57,-87.38999999999942,21401.973
25912.58,-87.37999999999738,21401.973
25912.59,-87.36999999999898,21546.52
25912.6,-87.36000000000058,21546.52
25912.61,-87.34999999999854,21594.717
25912.62,-87.34000000000015,21498.33
25912.63,-87.32999999999811,21546.52
25912.64,-87.31999999999971,21691.139
25912.65,-87.30999999999767,21353.809
25912.66,-87.29999999999927,21594.717
25912.67,-87.29000000000087,21305.65
25912.68,-87.27999999999884,21594.717
25912.69,-87.27000000000044,21401.973
25912.7,-87.2599999999984,21450.146
25912.71,-87.25,21594.717
25912.72,-87.23999999999796,21450.146
25912.73,-87.22999999999956,21353.809
25912.74,-87.21999999999753,21498.33
25912.75,-87.20999999999913,21594.717
25912.76,-87.20000000000073,21739.359
25912.77,-87.18999999999869,21546.52
25912.78,-87.18000000000029,21401.973
25912.79,-87.16999999999825,21353.809
25912.8,-87.15999999999985,21594.717
25912.81,-87.14999999999782,21450.146
25912.82,-87.13999999999942,21546.52
25912.83,-87.12999999999738,21546.52
25912.84,-87.11999999999898,21691.139
25912.85,-87.11000000000058,21546.52
25912.86,-87.09999999999854,21546.52
25912.87,-87.09000000000015,21546.52
25912.88,-87.07999999999811,21498.33
25912.89,-87.06999999999971,21546.52
25912.9,-87.05999999999767,21642.924
25912.91,-87.04999999999927,21642.924
25912.92,-87.04000000000087,21353.809
25912.93,-87.02999999999884,21739.359
25912.94,-87.02000000000044,21498.33
25912.95,-87.0099999999984,21546.52
25912.96,-87.0,21450.146
25912.97,-86.98999999999796,21546.52
25912.98,-86.97999999999956,21498.33
25912.99,-86.96999999999753,21498.33
25913.0,-86.95999999999913,21594.717
25913.01,-86.95000000000073,21498.33
25913.02,-86.93999999999869,21691.139
25913.03,-86.93000000000029,21498.33
25913.04,-86.91999999999825,21546.52
25913.05,-86.90999999999985,21546.52
25913.06,-86.89999999999782,21691.139
25913.07,-86.88999999999942,21546.52
25913.08,-86.87999999999738,21546.52
25913.09,-86.86999999999898,21546.52
25913.1,-86.86000000000058,21546.52
25913.11,-86.84999999999854,21739.359
25913.12,-86.84000000000015,21594.717
25913.13,-86.82999999999811,21498.33
25913.14,-86.81999999999971,21642.924
25913.15,-86.80999999999767,21594.717
25913.16,-86.79999999999927,21353.809
25913.17,-86.79000000000087,21401.973
25913.18,-86.77999999999884,21498.33
25913.19,-86.77000000000044,21450.146
25913.2,-86.7599999999984,21450.146
25913.21,-86.75,21594.717
25913.22,-86.73999999999796,21498.33
25913.23,-86.72999999999956,21450.146
25913.24,-86.71999999999753,21498.33
25913.25,-86.70999999999913,21546.52
25913.26,-86.70000000000073,21546.52
25913.27,-86.68999999999869,21594.717
25913.28,-86.68000000000029,21450.146
25913.29,-86.66999999999825,21498.33
25913.3,-86.65999999999985,21642.924
25913.31,-86.64999999999782,21642.924
25913.32,-86.63999999999942,21594.717
25913.33,-86.62999999999738,21498.33
25913.34,-86.61999999999898,21498.33
25913.35,-86.61000000000058,21498.33
25913.36,-86.59999999999854,21353.809
25913.37,-86.59000000000015,21450.146
25913.38,-86.57999999999811,21642.924
25913.39,-86.56999999999971,21498.33
25913.4,-86.55999999999767,21498.33
25913.41,-86.54999999999927,21498.33
25913.42,-86.54000000000087,21546.52
25913.43,-86.52999999999884,21691.139
25913.44,-86.52000000000044,21642.924
25913.45,-86.5099999999984,21450.146
25913.46,-86.5,21498.33
25913.47,-86.48999999999796,21642.924
25913.48,-86.47999999999956,21353.809
25913.49,-86.46999999999753,21353.809
25913.5,-86.45999999999913,21498.33
25913.51,-86.45000000000073,21594.717
25913.52,-86.43999999999869,21498.33
25913.53,-86.43000000000029,21450.146
25913.54,-86.41999999999825,21450.146
25913.55,-86.40999999999985,21498.33
25913.56,-86.39999999999782,21401.973
25913.57,-86.38999999999942,21353.809
25913.58,-86.37999999999738,21450.146
25913.59,-86.36999999999898,21353.809
25913.6,-86.36000000000058,21498.33
25913.61,-86.34999999999854,21450.146
25913.62,-86.34000000000015,21498.33
25913.63,-86.32999999999811,21450.146
25913.64,-86.31999999999971,21450.146
25913.65,-86.30999999999767,21353.809
25913.66,-86.29999999999927,21498.33
25913.67,-86.29000000000087,21401.973
25913.68,-86.27999999999884,21594.717
25913.69,-86.27000000000044,21498.33
25913.7,-86.2599999999984,21546.52
25913.71,-86.25,21594.717
25913.72,-86.23999999999796,21450.146
25913.73,-86.22999999999956,21401.973
25913.74,-86.21999999999753,21113.102
25913.75,-86.20999999999913,21257.502
25913.76,-86.20000000000073,21353.809
25913.77,-86.18999999999869,21546.52
25913.78,-86.18000000000029,21594.717
25913.79,-86.16999999999825,21353.809
25913.8,-86.15999999999985,21546.52
25913.81,-86.14999999999782,21353.809
25913.82,-86.13999999999942,21450.146
25913.83,-86.12999999999738,21594.717
25913.84,-86.11999999999898,21498.33
25913.85,-86.11000000000058,21353.809
25913.86,-86.09999999999854,21401.973
25913.87,-86.09000000000015,21642.924
25913.88,-86.07999999999811,21498.33
25913.89,-86.06999999999971,21691.139
25913.9,-86.05999999999767,21353.809
25913.91,-86.04999999999927,21546.52
25913.92,-86.04000000000087,21546.52
25913.93,-86.02999999999884,21594.717
25913.94,-86.02000000000044,21450.146
25913.95,-86.0099999999984,21161.227
25913.96,-86.0,21450.146
25913.97,-85.98999999999796,21498.33
25913.98,-85.97999999999956,21450.146
25913.99,-85.96999999999753,21498.33
25914.0,-85.95999999999913,21305.65
25914.01,-85.95000000000073,21305.65
25914.02,-85.93999999999869,21401.973
25914.03,-85.93000000000029,21546.52
25914.04,-85.91999999999825,21642.924
25914.05,-85.90999999999985,21642.924
25914.06,-85.89999999999782,21594.717
25914.07,-85.88999999999942,21642.924
25914.08,-85.87999999999738,21642.924
25914.09,-85.86999999999898,21691.139
25914.1,-85.86000000000058,21642.924
25914.11,-85.84999999999854,21498.33
25914.12,-85.84000000000015,21305.65
25914.13,-85.82999999999811,21594.717
25914.14,-85.81999999999971,21546.52
25914.15,-85.80999999999767,21401.973
25914.16,-85.79999999999927,21498.33
25914.17,-85.79000000000087,21691.139
25914.18,-85.77999999999884,21594.717
25914.19,-85.77000000000044,21594.717
25914.2,-85.7599999999984,21450.146
25914.21,-85.75,21546.52
25914.22,-85.73999999999796,21353.809
25914.23,-85.72999999999956,21353.809
25914.24,-85.71999999999753,21401.973
25914.25,-85.70999999999913,21594.717
25914.26,-85.70000000000073,21546.52
25914.27,-85.68999999999869,21546.52
25914.28,-85.68000000000029,21498.33
25914.29,-85.66999999999825,21594.717
25914.3,-85.65999999999985,21257.502
25914.31,-85.64999999999782,21498.33
25914.32,-85.63999999999942,21401.973
25914.33,-85.62999999999738,21353.809
25914.34,-85.61999999999898,21546.52
25914.35,-85.61000000000058,21546.52
25914.36,-85.59999999999854,21353.809
25914.37,-85.59000000000015,21498.33
25914.38,-85.57999999999811,21739.359
25914.39,-85.56999999999971,21450.146
25914.4,-85.55999999999767,21498.33
25914.41,-85.54999999999927,21498.33
25914.42,-85.54000000000087,21401.973
25914.43,-85.52999999999884,21209.359
25914.44,-85.52000000000044,21498.33
25914.45,-85.5099999999984,21498.33
25914.46,-85.5,21305.65
25914.47,-85.48999999999796,21450.146
25914.48,-85.47999999999956,21546.52
25914.49,-85.46999999999753,21401.973
25914.5,-85.45999999999913,21546.52
25914.51,-85.45000000000073,21691.139
25914.52,-85.43999999999869,21498.33
25914.53,-85.43000000000029,21450.146
25914.54,-85.41999999999825,21498.33
25914.55,-85.40999999999985,21546.52
25914.56,-85.39999999999782,21546.52
25914.57,-85.38999999999942,21594.717
25914.58,-85.37999999999738,21546.52
25914.59,-85.36999999999898,21642.924
25914.6,-85.36000000000058,21642.924
25914.61,-85.34999999999854,21450.146
25914.62,-85.34000000000015,21498.33
25914.63,-85.32999999999811,21787.59
25914.64,-85.31999999999971,21305.65
25914.65,-85.30999999999767,21401.973
25914.66,-85.29999999999927,21353.809
25914.67,-85.29000000000087,21450.146
25914.68,-85.27999999999884,21739.359
25914.69,-85.27000000000044,21305.65
25914.7,-85.2599999999984,21498.33
25914.71,-85.25,21401.973
25914.72,-85.23999999999796,21353.809
25914.73,-85.22999999999956,21161.227
25914.74,-85.21999999999753,21257.502
25914.75,-85.20999999999913,21353.809
25914.76,-85.20000000000073,21594.717
25914.77,-85.18999999999869,21450.146
25914.78,-85.18000000000029,21546.52
25914.79,-85.16999999999825,21498.33
25914.8,-85.15999999999985,21546.52
25914.81,-85.14999999999782,21691.139
25914.82,-85.13999999999942,21498.33
25914.83,-85.12999999999738,21594.717
25914.84,-85.11999999999898,21594.717
25914.85,-85.11000000000058,21642.924
25914.86,-85.09999999999854,21594.717
25914.87,-85.09000000000015,21498.33
25914.88,-85.07999999999811,21642.924
25914.89,-85.06999999999971,21546.52
25914.9,-85.05999999999767,21594.717
25914.91,-85.04999999999927,21546.52
25914.92,-85.04000000000087,21498.33
25914.93,-85.02999999999884,21691.139
25914.94,-85.02000000000044,21594.717
25914.95,-85.0099999999984,21691.139
25914.96,-85.0,21642.924
25914.97,-84.98999999999796,21353.809
25914.98,-84.97999999999956,21546.52
25914.99,-84.96999999999753,21546.52
25915.0,-84.95999999999913,21353.809
25915.01,-84.95000000000073,21546.52
25915.02,-84.93999999999869,21594.717
25915.03,-84.93000000000029,21594.717
25915.04,-84.91999999999825,21498.33
25915.05,-84.90999999999985,21546.52
25915.06,-84.89999999999782,21642.924
25915.07,-84.88999999999942,21546.52
25915.08,-84.87999999999738,21594.717
25915.09,-84.86999999999898,21691.139
25915.1,-84.86000000000058,21642.924
25915.11,-84.84999999999854,21546.52
25915.12,-84.84000000000015,21546.52
25915.13,-84.82999999999811,21498.33
25915.14,-84.81999999999971,21450.146
25915.15,-84.80999999999767,21498.33
25915.16,-84.79999999999927,21546.52
25915.17,-84.79000000000087,21498.33
25915.18,-84.77999999999884,21691.139
25915.19,-84.77000000000044,21594.717
25915.2,-84.7599999999984,21594.717
25915.21,-84.75,21546.52
25915.22,-84.73999999999796,21691.139
25915.23,-84.72999999999956,21642.924
25915.24,-84.71999999999753,21642.924
25915.25,-84.70999999999913,21546.52
25915.26,-84.70000000000073,21594.717
25915.27,-84.68999999999869,21546.52
25915.28,-84.68000000000029,21498.33
25915.29,-84.66999999999825,21450.146
25915.3,-84.65999999999985,21546.52
25915.31,-84.64999999999782,21450.146
25915.32,-84.63999999999942,21546.52
25915.33,-84.62999999999738,21594.717
25915.34,-84.61999999999898,21691.139
25915.35,-84.61000000000058,21642.924
25915.36,-84.59999999999854,21498.33
25915.37,-84.59000000000015,21594.717
25915.38,-84.57999999999811,21546.52
25915.39,-84.56999999999971,21594.717
25915.4,-84.55999999999767,21401.973
25915.41,-84.54999999999927,21401.973
25915.42,-84.54000000000087,21450.146
25915.43,-84.52999999999884,21450.146
25915.44,-84.52000000000044,21642.924
25915.45,-84.5099999999984,21450.146
25915.46,-84.5,21642.924
25915.47,-84.48999999999796,21546.52
25915.48,-84.47999999999956,21546.52
25915.49,-84.46999999999753,21450.146
25915.5,-84.45999999999913,21594.717
25915.51,-84.45000000000073,21691.139
25915.52,-84.43999999999869,21353.809
25915.53,-84.43000000000029,21546.52
25915.54,-84.41999999999825,21787.59
25915.55,-84.40999999999985,21546.52
25915.56,-84.39999999999782,21450.146
25915.57,-84.38999999999942,21498.33
25915.58,-84.37999999999738,21498.33
25915.59,-84.36999999999898,21594.717
25915.6,-84.36000000000058,21594.717
25915.61,-84.34999999999854,21401.973
25915.62,-84.34000000000015,21642.924
25915.63,-84.32999999999811,21594.717
25915.64,-84.31999999999971,21498.33
25915.65,-84.30999999999767,21594.717
25915.66,-84.29999999999927,21498.33
25915.67,-84.29000000000087,21498.33
25915.68,-84.27999999999884,21691.139
25915.69,-84.27000000000044,21498.33
25915.7,-84.2599999999984,21546.52
25915.71,-84.25,21498.33
25915.72,-84.23999999999796,21546.52
25915.73,-84.22999999999956,21594.717
25915.74,-84.21999999999753,21594.717
25915.75,-84.20999999999913,21257.502
25915.76,-84.20000000000073,21498.33
25915.77,-84.18999999999869,21498.33
25915.78,-84.18000000000029,21450.146
25915.79,-84.16999999999825,21642.924
25915.8,-84.15999999999985,21546.52
25915.81,-84.14999999999782,21691.139
25915.82,-84.13999999999942,21401.973
25915.83,-84.12999999999738,21305.65
25915.84,-84.11999999999898,21498.33
25915.85,-84.11000000000058,21594.717
25915.86,-84.09999999999854,21450.146
25915.87,-84.09000000000015,21353.809
25915.88,-84.07999999999811,21546.52
25915.89,-84.06999999999971,21594.717
25915.9,-84.05999999999767,21594.717
25915.91,-84.04999999999927,21594.717
25915.92,-84.04000000000087,21546.52
25915.93,-84.02999999999884,21739.359
25915.94,-84.02000000000044,21546.52
25915.95,-84.0099999999984,21450.146
25915.96,-84.0,21498.33
25915.97,-83.98999999999796,21498.33
25915.98,-83.97999999999956,21257.502
25915.99,-83.96999999999753,21546.52
25916.0,-83.95999999999913,21498.33
25916.01,-83.95000000000073,21594.717
25916.02,-83.93999999999869,21642.924
25916.03,-83.93000000000029,21498.33
25916.04,-83.91999999999825,21739.359
25916.05,-83.90999999999985,21739.359
25916.06,-83.89999999999782,21642.924
25916.07,-83.88999999999942,21642.924
25916.08,-83.87999999999738,21691.139
25916.09,-83.86999999999898,21498.33
25916.1,-83.86000000000058,21594.717
25916.11,-83.84999999999854,21546.52
25916.12,-83.84000000000015,21498.33
25916.13,-83.82999999999811,21498.33
25916.14,-83.81999999999971,21594.717
25916.15,-83.80999999999767,21594.717
25916.16,-83.79999999999927,21401.973
25916.17,-83.79000000000087,21498.33
25916.18,-83.77999999999884,21353.809
25916.19,-83.77000000000044,21739.359
25916.2,-83.7599999999984,21642.924
25916.21,-83.75,21498.33
25916.22,-83.73999999999796,21498.33
25916.23,-83.72999999999956,21450.146
25916.24,-83.71999999999753,21401.973
25916.25,-83.70999999999913,21594.717
25916.26,-83.70000000000073,21401.973
25916.27,-83.68999999999869,21546.52
25916.28,-83.68000000000029,21450.146
25916.29,-83.66999999999825,21594.717
25916.3,-83.65999999999985,21594.717
25916.31,-83.64999999999782,21691.139
25916.32,-83.63999999999942,21546.52
25916.33,-83.62999999999738,21450.146
25916.34,-83.61999999999898,21691.139
25916.35,-83.61000000000058,21739.359
25916.36,-83.59999999999854,21546.52
25916.37,-83.59000000000015,21498.33
25916.38,-83.57999999999811,21450.146
25916.39,-83.56999999999971,21884.076
25916.4,-83.55999999999767,21546.52
25916.41,-83.54999999999927,21498.33
25916.42,-83.54000000000087,21498.33
25916.43,-83.52999999999884,21450.146
25916.44,-83.52000000000044,21594.717
25916.45,-83.5099999999984,21691.139
25916.46,-83.5,21642.924
25916.47,-83.48999999999796,21642.924
25916.48,-83.47999999999956,21546.52
25916.49,-83.46999999999753,21642.924
25916.5,-83.45999999999913,21546.52
25916.51,-83.45000000000073,21594.717
25916.52,-83.43999999999869,21546.52
25916.53,-83.43000000000029,21594.717
25916.54,-83.41999999999825,21498.33
25916.55,-83.40999999999985,21546.52
25916.56,-83.39999999999782,21546.52
25916.57,-83.38999999999942,21594.717
25916.58,-83.37999999999738,21594.717
25916.59,-83.36999999999898,21401.973
25916.6,-83.36000000000058,21353.809
25916.61,-83.34999999999854,21642.924
25916.62,-83.34000000000015,21546.52
25916.63,-83.32999999999811,21498.33
25916.64,-83.31999999999971,21691.139
25916.65,-83.30999999999767,21546.52
25916.66,-83.29999999999927,21498.33
25916.67,-83.29000000000087,21739.359
25916.68,-83.27999999999884,21787.59
25916.69,-83.27000000000044,21642.924
25916.7,-83.2599999999984,21691.139
25916.71,-83.25,21642.924
25916.72,-83.23999999999796,21594.717
25916.73,-83.22999999999956,21498.33
25916.74,-83.21999999999753,21739.359
25916.75,-83.20999999999913,21691.139
25916.76,-83.20000000000073,21594.717
25916.77,-83.18999999999869,21642.924
25916.78,-83.18000000000029,21450.146
25916.79,-83.16999999999825,21691.139
25916.8,-83.15999999999985,21546.52
25916.81,-83.14999999999782,21642.924
25916.82,-83.13999999999942,21546.52
25916.83,-83.12999999999738,21546.52
25916.84,-83.11999999999898,21642.924
25916.85,-83.11000000000058,21642.924
25916.86,-83.09999999999854,21498.33
25916.87,-83.09000000000015,21594.717
25916.88,-83.07999999999811,21739.359
25916.89,-83.06999999999971,21691.139
25916.9,-83.05999999999767,21498.33
25916.91,-83.04999999999927,21450.146
25916.92,-83.04000000000087,21498.33
25916.93,-83.02999999999884,21401.973
25916.94,-83.02000000000044,21353.809
25916.95,-83.0099999999984,21691.139
25916.96,-83.0,21594.717
25916.97,-82.98999999999796,21594.717
25916.98,-82.97999999999956,21594.717
25916.99,-82.96999999999753,21546.52
25917.0,-82.95999999999913,21691.139
25917.01,-82.95000000000073,21546.52
25917.02,-82.93999999999869,21546.52
25917.03,-82.93000000000029,21691.139
25917.04,-82.91999999999825,21546.52
25917.05,-82.90999999999985,21835.83
25917.06,-82.89999999999782,21594.717
25917.07,-82.88999999999942,21546.52
25917.08,-82.87999999999738,21594.717
25917.09,-82.86999999999898,21546.52
25917.1,-82.86000000000058,21594.717
25917.11,-82.84999999999854,21546.52
25917.12,-82.84000000000015,21450.146
25917.13,-82.82999999999811,21546.52
25917.14,-82.81999999999971,21642.924
25917.15,-82.80999999999767,21691.139
25917.16,-82.79999999999927,21739.359
25917.17,-82.79000000000087,21642.924
25917.18,-82.77999999999884,21594.717
25917.19,-82.77000000000044,21546.52
25917.2,-82.7599999999984,21450.146
25917.21,-82.75,21594.717
25917.22,-82.73999999999796,21691.139
25917.23,-82.72999999999956,21498.33
25917.24,-82.71999999999753,21594.717
25917.25,-82.70999999999913,21594.717
25917.26,-82.70000000000073,21642.924
25917.27,-82.68999999999869,21691.139
25917.28,-82.68000000000029,21594.717
25917.29,-82.66999999999825,21498.33
25917.3,-82.65999999999985,21498.33
25917.31,-82.64999999999782,21353.809
25917.32,-82.63999999999942,21498.33
25917.33,-82.62999999999738,21594.717
25917.34,-82.61999999999898,21546.52
25917.35,-82.61000000000058,21642.924
25917.36,-82.59999999999854,21594.717
25917.37,-82.59000000000015,21594.717
25917.38,-82.57999999999811,21546.52
25917.39,-82.56999999999971,21498.33
25917.4,-82.55999999999767,21594.717
25917.41,-82.54999999999927,21450.146
25917.42,-82.54000000000087,21642.924
25917.43,-82.52999999999884,21787.59
25917.44,-82.52000000000044,21498.33
25917.45,-82.5099999999984,21450.146
25917.46,-82.5,21594.717
25917.47,-82.48999999999796,21691.139
25917.48,-82.47999999999956,21594.717
25917.49,-82.46999999999753,21787.59
25917.5,-82.45999999999913,21691.139
25917.51,-82.45000000000073,21835.83
25917.52,-82.43999999999869,21546.52
25917.53,-82.43000000000029,21498.33
25917.54,-82.41999999999825,21546.52
25917.55,-82.40999999999985,21787.59
25917.56,-82.39999999999782,21498.33
25917.57,-82.38999999999942,21450.146
25917.58,-82.37999999999738,21691.139
25917.59,-82.36999999999898,21642.924
25917.6,-82.36000000000058,21642.924
25917.61,-82.34999999999854,21546.52
25917.62,-82.34000000000015,21401.973
25917.63,-82.32999999999811,21546.52
25917.64,-82.31999999999971,21594.717
25917.65,-82.30999999999767,21450.146
25917.66,-82.29999999999927,21546.52
25917.67,-82.29000000000087,21401.973
25917.68,-82.27999999999884,21594.717
25917.69,-82.27000000000044,21353.809
25917.7,-82.2599999999984,21401.973
25917.71,-82.25,21594.717
25917.72,-82.23999999999796,21691.139
25917.73,-82.22999999999956,21546.52
25917.74,-82.21999999999753,21642.924
25917.75,-82.20999999999913,21787.59
25917.76,-82.20000000000073,21691.139
25917.77,-82.18999999999869,21642.924
25917.78,-82.18000000000029,21498.33
25917.79,-82.16999999999825,21546.52
25917.8,-82.15999999999985,21691.139
25917.81,-82.14999999999782,21498.33
25917.82,-82.13999999999942,21401.973
25917.83,-82.12999999999738,21594.717
25917.84,-82.11999999999898,21884.076
25917.85,-82.11000000000058,21546.52
25917.86,-82.09999999999854,21546.52
25917.87,-82.09000000000015,21691.139
25917.88,-82.07999999999811,21401.973
25917.89,-82.06999999999971,21594.717
25917.9,-82.05999999999767,21546.52
25917.91,-82.04999999999927,21787.59
25917.92,-82.04000000000087,21546.52
25917.93,-82.02999999999884,21787.59
25917.94,-82.02000000000044,21546.52
25917.95,-82.0099999999984,21546.52
25917.96,-82.0,21546.52
25917.97,-81.98999999999796,21546.52
25917.98,-81.97999999999956,21642.924
25917.99,-81.96999999999753,21546.52
25918.0,-81.95999999999913,21739.359
25918.01,-81.95000000000073,21594.717
25918.02,-81.93999999999869,21498.33
25918.03,-81.93000000000029,21498.33
25918.04,-81.91999999999825,21691.139
25918.05,-81.90999999999985,21546.52
25918.06,-81.89999999999782,21691.139
25918.07,-81.88999999999942,21642.924
25918.08,-81.87999999999738,21691.139
25918.09,-81.86999999999898,21691.139
25918.1,-81.86000000000058,21498.33
25918.11,-81.84999999999854,21450.146
25918.12,-81.84000000000015,21787.59
25918.13,-81.82999999999811,21691.139
25918.14,-81.81999999999971,21594.717
25918.15,-81.80999999999767,21642.924
25918.16,-81.79999999999927,21642.924
25918.17,-81.79000000000087,21450.146
25918.18,-81.77999999999884,21691.139
25918.19,-81.77000000000044,21642.924
25918.2,-81.7599999999984,21691.139
25918.21,-81.75,21450.146
25918.22,-81.73999999999796,21594.717
25918.23,-81.72999999999956,21353.809
25918.24,-81.71999999999753,21498.33
25918.25,-81.70999999999913,21546.52
25918.26,-81.70000000000073,21787.59
25918.27,-81.68999999999869,21642.924
25918.28,-81.68000000000029,21594.717
25918.29,-81.66999999999825,21594.717
25918.3,-81.65999999999985,21546.52
25918.31,-81.64999999999782,21691.139
25918.32,-81.63999999999942,21642.924
25918.33,-81.62999999999738,21691.139
25918.34,-81.61999999999898,21594.717
25918.35,-81.61000000000058,21450.146
25918.36,-81.59999999999854,21594.717
25918.37,-81.59000000000015,21401.973
25918.38,-81.57999999999811,21498.33
25918.39,-81.56999999999971,21594.717
25918.4,-81.55999999999767,21594.717
25918.41,-81.54999999999927,21594.717
25918.42,-81.54000000000087,21642.924
25918.43,-81.52999999999884,21546.52
25918.44,-81.52000000000044,21691.139
25918.45,-81.5099999999984,21739.359
25918.46,-81.5,21642.924
25918.47,-81.48999999999796,21691.139
25918.48,-81.47999999999956,21642.924
25918.49,-81.46999999999753,21594.717
25918.5,-81.45999999999913,21546.52
25918.51,-81.45000000000073,21546.52
25918.52,-81.43999999999869,21546.52
25918.53,-81.43000000000029,21739.359
25918.54,-81.41999999999825,21546.52
25918.55,-81.40999999999985,21739.359
25918.56,-81.39999999999782,21401.973
25918.57,-81.38999999999942,21594.717
25918.58,-81.37999999999738,21691.139
25918.59,-81.36999999999898,21739.359
25918.6,-81.36000000000058,21546.52
25918.61,-81.34999999999854,21498.33
25918.62,-81.34000000000015,21353.809
25918.63,-81.32999999999811,21594.717
25918.64,-81.31999999999971,21594.717
25918.65,-81.30999999999767,21594.717
25918.66,-81.29999999999927,21739.359
25918.67,-81.29000000000087,21739.359
25918.68,-81.27999999999884,21739.359
25918.69,-81.27000000000044,21546.52
25918.7,-81.2599999999984,21691.139
25918.71,-81.25,21691.139
25918.72,-81.23999999999796,21884.076
25918.73,-81.22999999999956,21594.717
25918.74,-81.21999999999753,21498.33
25918.75,-81.20999999999913,21450.146
25918.76,-81.20000000000073,21642.924
25918.77,-81.18999999999869,21691.139
25918.78,-81.18000000000029,21642.924
25918.79,-81.16999999999825,21642.924
25918.8,-81.15999999999985,21642.924
25918.81,-81.14999999999782,21353.809
25918.82,-81.13999999999942,21450.146
25918.83,-81.12999999999738,21835.83
25918.84,-81.11999999999898,21739.359
25918.85,-81.11000000000058,21691.139
25918.86,-81.09999999999854,21450.146
25918.87,-81.09000000000015,21401.973
25918.88,-81.07999999999811,21787.59
25918.89,-81.06999999999971,21450.146
25918.9,-81.05999999999767,21353.809
25918.91,-81.04999999999927,21594.717
25918.92,-81.04000000000087,21401.973
25918.93,-81.02999999999884,21546.52
25918.94,-81.02000000000044,21450.146
25918.95,-81.0099999999984,21594.717
25918.96,-81.0,21739.359
25918.97,-80.98999999999796,21546.52
25918.98,-80.97999999999956,21691.139
25918.99,-80.96999999999753,21642.924
25919.0,-80.95999999999913,21691.139
25919.01,-80.95000000000073,21691.139
25919.02,-80.93999999999869,21642.924
25919.03,-80.93000000000029,21546.52
25919.04,-80.91999999999825,21739.359
25919.05,-80.90999999999985,21739.359
25919.06,-80.89999999999782,21450.146
25919.07,-80.88999999999942,21594.717
25919.08,-80.87999999999738,21594.717
25919.09,-80.86999999999898,21594.717
25919.1,-80.86000000000058,21546.52
25919.11,-80.84999999999854,21594.717
25919.12,-80.84000000000015,21642.924
25919.13,-80.82999999999811,21787.59
25919.14,-80.81999999999971,21691.139
25919.15,-80.80999999999767,21642.924
25919.16,-80.79999999999927,21498.33
25919.17,-80.79000000000087,21546.52
25919.18,-80.77999999999884,21787.59
25919.19,-80.77000000000044,21450.146
25919.2,-80.7599999999984,21450.146
25919.21,-80.75,21546.52
25919.22,-80.73999999999796,21787.59
25919.23,-80.72999999999956,21498.33
25919.24,-80.71999999999753,21594.717
25919.25,-80.70999999999913,21546.52
25919.26,-80.70000000000073,21642.924
25919.27,-80.68999999999869,21546.52
25919.28,-80.68000000000029,21642.924
25919.29,-80.66999999999825,21642.924
25919.3,-80.65999999999985,21739.359
25919.31,-80.64999999999782,21450.146
25919.32,-80.63999999999942,21546.52
25919.33,-80.62999999999738,21450.146
25919.34,-80.61999999999898,21739.359
25919.35,-80.61000000000058,21691.139
25919.36,-80.59999999999854,21498.33
25919.37,-80.59000000000015,21498.33
25919.38,-80.57999999999811,21594.717
25919.39,-80.56999999999971,21642.924
25919.4,-80.55999999999767,21546.52
25919.41,-80.54999999999927,21642.924
25919.42,-80.54000000000087,21642.924
25919.43,-80.52999999999884,21642.924
25919.44,-80.52000000000044,21739.359
25919.45,-80.5099999999984,21546.52
25919.46,-80.5,21498.33
25919.47,-80.48999999999796,21691.139
25919.48,-80.47999999999956,21546.52
25919.49,-80.46999999999753,21594.717
25919.5,-80.45999999999913,21450.146
25919.51,-80.45000000000073,21594.717
25919.52,-80.43999999999869,21498.33
25919.53,-80.43000000000029,21642.924
25919.54,-80.41999999999825,21642.924
25919.55,-80.40999999999985,21739.359
25919.56,-80.39999999999782,21450.146
25919.57,-80.38999999999942,21546.52
25919.58,-80.37999999999738,21691.139
25919.59,-80.36999999999898,21739.359
25919.6,-80.36000000000058,21450.146
25919.61,-80.34999999999854,21642.924
25919.62,-80.34000000000015,21642.924
25919.63,-80.32999999999811,21642.924
25919.64,-80.31999999999971,21498.33
25919.65,-80.30999999999767,21546.52
25919.66,-80.29999999999927,21498.33
25919.67,-80.29000000000087,21546.52
25919.68,-80.27999999999884,21739.359
25919.69,-80.27000000000044,21642.924
25919.7,-80.2599999999984,21546.52
25919.71,-80.25,21642.924
25919.72,-80.23999999999796,21594.717
25919.73,-80.22999999999956,21450.146
25919.74,-80.21999999999753,21739.359
25919.75,-80.20999999999913,21450.146
25919.76,-80.20000000000073,21546.52
25919.77,-80.18999999999869,21401.973
25919.78,-80.18000000000029,21305.65
25919.79,-80.16999999999825,21642.924
25919.8,-80.15999999999985,21787.59
25919.81,-80.14999999999782,21546.52
25919.82,-80.13999999999942,21739.359
25919.83,-80.12999999999738,21594.717
25919.84,-80.11999999999898,21498.33
25919.85,-80.11000000000058,21642.924
25919.86,-80.09999999999854,21498.33
25919.87,-80.09000000000015,21739.359
25919.88,-80.07999999999811,21594.717
25919.89,-80.06999999999971,21450.146
25919.9,-80.05999999999767,21739.359
25919.91,-80.04999999999927,21691.139
25919.92,-80.04000000000087,21594.717
25919.93,-80.02999999999884,21642.924
25919.94,-80.02000000000044,21546.52
25919.95,-80.0099999999984,21546.52
25919.96,-80.0,21594.717
25919.97,-79.98999999999796,21594.717
25919.98,-79.97999999999956,21353.809
25919.99,-79.96999999999753,21642.924
25920.0,-79.95999999999913,21739.359
25920.01,-79.95000000000073,21498.33
25920.02,-79.93999999999869,21498.33
25920.03,-79.93000000000029,21450.146
25920.04,-79.91999999999825,21498.33
25920.05,-79.90999999999985,21401.973
25920.06,-79.89999999999782,21546.52
25920.07,-79.88999999999942,22560.385
25920.08,-79.87999999999738,23092.887
25920.09,-79.86999999999898,23674.92
25920.1,-79.86000000000058,23820.611
25920.11,-79.84999999999854,23869.189
25920.12,-79.84000000000015,23869.189
25920.13,-79.82999999999811,23820.611
25920.14,-79.81999999999971,23626.373
25920.15,-79.80999999999767,23383.758
25920.16,-79.79999999999927,23529.301
25920.17,-79.79000000000087,23238.285
25920.18,-79.77999999999884,23674.92
25920.19,-79.77000000000044,23674.92
25920.2,-79.7599999999984,23723.475
25920.21,-79.75,23966.375
25920.22,-79.73999999999796,23674.92
25920.23,-79.72999999999956,23723.475
25920.24,-79.71999999999753,23723.475
25920.25,-79.70999999999913,23723.475
25920.26,-79.70000000000073,23820.611
25920.27,-79.68999999999869,23674.92
25920.28,-79.68000000000029,23917.777
25920.29,-79.66999999999825,23723.475
25920.3,-79.65999999999985,23772.039
25920.31,-79.64999999999782,23529.301
25920.32,-79.63999999999942,23674.92
25920.33,-79.62999999999738,23480.779
25920.34,-79.61999999999898,23529.301
25920.35,-79.61000000000058,23723.475
25920.36,-79.59999999999854,23432.264
25920.37,-79.59000000000015,23432.264
25920.38,-79.57999999999811,23772.039
25920.39,-79.56999999999971,23626.373
25920.4,-79.55999999999767,23577.832
25920.41,-79.54999999999927,23772.039
25920.42,-79.54000000000087,23480.779
25920.43,-79.52999999999884,23674.92
25920.44,-79.52000000000044,23626.373
25920.45,-79.5099999999984,23869.189
25920.46,-79.5,23723.475
25920.47,-79.48999999999796,23480.779
25920.48,-79.47999999999956,23480.779
25920.49,-79.46999999999753,23674.92
25920.5,-79.45999999999913,23432.264
25920.51,-79.45000000000073,23529.301
25920.52,-79.43999999999869,23626.373
25920.53,-79.43000000000029,23577.832
25920.54,-79.41999999999825,23723.475
25920.55,-79.40999999999985,23723.475
25920.56,-79.39999999999782,23674.92
25920.57,-79.38999999999942,23723.475
25920.58,-79.37999999999738,23577.832
25920.59,-79.36999999999898,23674.92
25920.6,-79.36000000000058,23723.475
25920.61,-79.34999999999854,23772.039
25920.62,-79.34000000000015,23723.475
25920.63,-79.32999999999811,23577.832
25920.64,-79.31999999999971,23723.475
25920.65,-79.30999999999767,23723.475
25920.66,-79.29999999999927,23432.264
25920.67,-79.29000000000087,23432.264
25920.68,-79.27999999999884,23723.475
25920.69,-79.27000000000044,23577.832
25920.7,-79.2599999999984,23723.475
25920.71,-79.25,23577.832
25920.72,-79.23999999999796,23480.779
25920.73,-79.22999999999956,23869.189
25920.74,-79.21999999999753,23966.375
25920.75,-79.20999999999913,23529.301
25920.76,-79.20000000000073,23674.92
25920.77,-79.18999999999869,23577.832
25920.78,-79.18000000000029,23917.777
25920.79,-79.16999999999825,23772.039
25920.8,-79.15999999999985,23869.189
25920.81,-79.14999999999782,23723.475
25920.82,-79.13999999999942,23577.832
25920.83,-79.12999999999738,23626.373
25920.84,-79.11999999999898,23626.373
25920.85,-79.11000000000058,23674.92
25920.86,-79.09999999999854,23674.92
25920.87,-79.09000000000015,23480.779
25920.88,-79.07999999999811,23723.475
25920.89,-79.06999999999971,23480.779
25920.9,-79.05999999999767,23674.92
25920.91,-79.04999999999927,23917.777
25920.92,-79.04000000000087,24745.018
25920.93,-79.02999999999884,24842.494
25920.94,-79.02000000000044,24745.018
25920.95,-79.0099999999984,24745.018
25920.96,-79.0,24745.018
25920.97,-78.98999999999796,24891.244
25920.98,-78.97999999999956,25183.918
25920.99,-78.96999999999753,23092.887
25921.0,-78.95999999999913,21932.332
25921.01,-78.95000000000073,21498.33
25921.02,-78.93999999999869,21450.146
25921.03,-78.93000000000029,21305.65
25921.04,-78.91999999999825,21401.973
25921.05,-78.90999999999985,21642.924
25921.06,-78.89999999999782,21401.973
25921.07,-78.88999999999942,21450.146
25921.08,-78.87999999999738,21353.809
25921.09,-78.86999999999898,21401.973
25921.1,-78.86000000000058,21353.809
25921.11,-78.84999999999854,21498.33
25921.12,-78.84000000000015,21401.973
25921.13,-78.82999999999811,21257.502
25921.14,-78.81999999999971,21353.809
25921.15,-78.80999999999767,21401.973
25921.16,-78.79999999999927,21401.973
25921.17,-78.79000000000087,21546.52
25921.18,-78.77999999999884,21546.52
25921.19,-78.77000000000044,21450.146
25921.2,-78.7599999999984,21401.973
25921.21,-78.75,21401.973
25921.22,-78.73999999999796,21450.146
25921.23,-78.72999999999956,21498.33
25921.24,-78.71999999999753,21353.809
25921.25,-78.70999999999913,21401.973
25921.26,-78.70000000000073,21450.146
25921.27,-78.68999999999869,21257.502
25921.28,-78.68000000000029,21305.65
25921.29,-78.66999999999825,21257.502
25921.3,-78.65999999999985,21546.52
25921.31,-78.64999999999782,21401.973
25921.32,-78.63999999999942,21257.502
25921.33,-78.62999999999738,21498.33
25921.34,-78.61999999999898,21353.809
25921.35,-78.61000000000058,21401.973
25921.36,-78.59999999999854,21257.502
25921.37,-78.59000000000015,21209.359
25921.38,-78.57999999999811,21161.227
25921.39,-78.56999999999971,21305.65
25921.4,-78.55999999999767,21305.65
25921.41,-78.54999999999927,21498.33
25921.42,-78.54000000000087,21353.809
25921.43,-78.52999999999884,21305.65
25921.44,-78.52000000000044,21209.359
25921.45,-78.5099999999984,21257.502
25921.46,-78.5,21498.33
25921.47,-78.48999999999796,21257.502
25921.48,-78.47999999999956,21353.809
25921.49,-78.46999999999753,21305.65
25921.5,-78.45999999999913,21401.973
25921.51,-78.45000000000073,21450.146
25921.52,-78.43999999999869,21546.52
25921.53,-78.43000000000029,21450.146
25921.54,-78.41999999999825,21401.973
25921.55,-78.40999999999985,21401.973
25921.56,-78.39999999999782,21305.65
25921.57,-78.38999999999942,21209.359
25921.58,-78.37999999999738,21305.65
25921.59,-78.36999999999898,21450.146
25921.6,-78.36000000000058,21450.146
25921.61,-78.34999999999854,21401.973
25921.62,-78.34000000000015,21450.146
25921.63,-78.32999999999811,21450.146
25921.64,-78.31999999999971,21401.973
25921.65,-78.30999999999767,21450.146
25921.66,-78.29999999999927,21353.809
25921.67,-78.29000000000087,21209.359
25921.68,-78.27999999999884,21401.973
25921.69,-78.27000000000044,21305.65
25921.7,-78.2599999999984,21450.146
25921.71,-78.25,21161.227
25921.72,-78.23999999999796,21257.502
25921.73,-78.22999999999956,21161.227
25921.74,-78.21999999999753,21353.809
25921.75,-78.20999999999913,21594.717
25921.76,-78.20000000000073,21401.973
25921.77,-78.18999999999869,21305.65
25921.78,-78.18000000000029,21353.809
25921.79,-78.16999999999825,21353.809
25921.8,-78.15999999999985,21353.809
25921.81,-78.14999999999782,21498.33
25921.82,-78.13999999999942,21257.502
25921.83,-78.12999999999738,21209.359
25921.84,-78.11999999999898,21305.65
25921.85,-78.11000000000058,21498.33
25921.86,-78.09999999999854,21450.146
25921.87,-78.09000000000015,21546.52
25921.88,-78.07999999999811,21450.146
25921.89,-78.06999999999971,21498.33
25921.9,-78.05999999999767,21353.809
25921.91,-78.04999999999927,21113.102
25921.92,-78.04000000000087,21257.502
25921.93,-78.02999999999884,21257.502
25921.94,-78.02000000000044,21257.502
25921.95,-78.0099999999984,21498.33
25921.96,-78.0,21498.33
25921.97,-77.98999999999796,21161.227
25921.98,-77.97999999999956,21450.146
25921.99,-77.96999999999753,21257.502
25922.0,-77.95999999999913,21161.227
25922.01,-77.95000000000073,21353.809
25922.02,-77.93999999999869,21450.146
25922.03,-77.93000000000029,21498.33
25922.04,-77.91999999999825,21209.359
25922.05,-77.90999999999985,21450.146
25922.06,-77.89999999999782,21450.146
25922.07,-77.88999999999942,21498.33
25922.08,-77.87999999999738,21257.502
25922.09,-77.86999999999898,21401.973
25922.1,-77.86000000000058,21353.809
25922.11,-77.84999999999854,21161.227
25922.12,-77.84000000000015,21257.502
25922.13,-77.82999999999811,21353.809
25922.14,-77.81999999999971,21546.52
25922.15,-77.80999999999767,21401.973
25922.16,-77.79999999999927,21257.502
25922.17,-77.79000000000087,21209.359
25922.18,-77.77999999999884,21305.65
25922.19,-77.77000000000044,21161.227
25922.2,-77.7599999999984,21257.502
25922.21,-77.75,21401.973
25922.22,-77.73999999999796,21353.809
25922.23,-77.72999999999956,21353.809
25922.24,-77.71999999999753,21498.33
25922.25,-77.70999999999913,21450.146
25922.26,-77.70000000000073,21450.146
25922.27,-77.68999999999869,21450.146
25922.28,-77.68000000000029,21305.65
25922.29,-77.66999999999825,21498.33
25922.3,-77.65999999999985,21257.502
25922.31,-77.64999999999782,21209.359
25922.32,-77.63999999999942,21257.502
25922.33,-77.62999999999738,21257.502
25922.34,-77.61999999999898,21401.973
25922.35,-77.61000000000058,21161.227
25922.36,-77.59999999999854,21498.33
25922.37,-77.59000000000015,21401.973
25922.38,-77.57999999999811,21353.809
25922.39,-77.56999999999971,21594.717
25922.4,-77.55999999999767,21353.809
25922.41,-77.54999999999927,21401.973
25922.42,-77.54000000000087,21498.33
25922.43,-77.52999999999884,21257.502
25922.44,-77.52000000000044,21305.65
25922.45,-77.5099999999984,21353.809
25922.46,-77.5,21498.33
25922.47,-77.48999999999796,21353.809
25922.48,-77.47999999999956,21353.809
25922.49,-77.46999999999753,21498.33
25922.5,-77.45999999999913,21401.973
25922.51,-77.45000000000073,21450.146
25922.52,-77.43999999999869,21498.33
25922.53,-77.43000000000029,21305.65
25922.54,-77.41999999999825,21401.973
25922.55,-77.40999999999985,21498.33
25922.56,-77.39999999999782,21209.359
25922.57,-77.38999999999942,21257.502
25922.58,-77.37999999999738,21401.973
25922.59,-77.36999999999898,21353.809
25922.6,-77.36000000000058,21305.65
25922.61,-77.34999999999854,21257.502
25922.62,-77.34000000000015,21353.809
25922.63,-77.32999999999811,21401.973
25922.64,-77.31999999999971,21401.973
25922.65,-77.30999999999767,21305.65
25922.66,-77.29999999999927,21064.984
25922.67,-77.29000000000087,21257.502
25922.68,-77.27999999999884,21353.809
25922.69,-77.27000000000044,21257.502
25922.7,-77.2599999999984,21401.973
25922.71,-77.25,21450.146
25922.72,-77.23999999999796,21305.65
25922.73,-77.22999999999956,21305.65
25922.74,-77.21999999999753,21401.973
25922.75,-77.20999999999913,21450.146
25922.76,-77.20000000000073,21401.973
25922.77,-77.18999999999869,21209.359
25922.78,-77.18000000000029,21113.102
25922.79,-77.16999999999825,21353.809
25922.8,-77.15999999999985,21450.146
25922.81,-77.14999999999782,21401.973
25922.82,-77.13999999999942,21209.359
25922.83,-77.12999999999738,21353.809
25922.84,-77.11999999999898,21305.65
25922.85,-77.11000000000058,21450.146
25922.86,-77.09999999999854,21353.809
25922.87,-77.09000000000015,21305.65
25922.88,-77.07999999999811,21161.227
25922.89,-77.06999999999971,21353.809
25922.9,-77.05999999999767,21209.359
25922.91,-77.04999999999927,21401.973
25922.92,-77.04000000000087,21209.359
25922.93,-77.02999999999884,21450.146
25922.94,-77.02000000000044,21305.65
25922.95,-77.0099999999984,21353.809
25922.96,-77.0,21498.33
25922.97,-76.98999999999796,21257.502
25922.98,-76.97999999999956,21305.65
25922.99,-76.96999999999753,21401.973
25923.0,-76.95999999999913,21401.973
25923.01,-76.95000000000073,21498.33
25923.02,-76.93999999999869,21450.146
25923.03,-76.93000000000029,21257.502
25923.04,-76.91999999999825,21353.809
25923.05,-76.90999999999985,21257.502
25923.06,-76.89999999999782,21257.502
25923.07,-76.88999999999942,21353.809
25923.08,-76.87999999999738,21450.146
25923.09,-76.86999999999898,21305.65
25923.1,-76.86000000000058,21450.146
25923.11,-76.84999999999854,21353.809
25923.12,-76.84000000000015,21353.809
25923.13,-76.82999999999811,21353.809
25923.14,-76.81999999999971,21401.973
25923.15,-76.80999999999767,21353.809
25923.16,-76.79999999999927,21353.809
25923.17,-76.79000000000087,21257.502
25923.18,-76.77999999999884,21498.33
25923.19,-76.77000000000044,21401.973
25923.2,-76.7599999999984,21353.809
25923.21,-76.75,21498.33
25923.22,-76.73999999999796,21353.809
25923.23,-76.72999999999956,21498.33
25923.24,-76.71999999999753,21401.973
25923.25,-76.70999999999913,21161.227
25923.26,-76.70000000000073,21401.973
25923.27,-76.68999999999869,21353.809
25923.28,-76.68000000000029,21353.809
25923.29,-76.66999999999825,21161.227
25923.3,-76.65999999999985,21498.33
25923.31,-76.64999999999782,21161.227
25923.32,-76.63999999999942,21161.227
25923.33,-76.62999999999738,21209.359
25923.34,-76.61999999999898,21209.359
25923.35,-76.61000000000058,21450.146
25923.36,-76.59999999999854,21305.65
25923.37,-76.59000000000015,21401.973
25923.38,-76.57999999999811,21257.502
25923.39,-76.56999999999971,21161.227
25923.4,-76.55999999999767,21401.973
25923.41,-76.54999999999927,21161.227
25923.42,-76.54000000000087,21161.227
25923.43,-76.52999999999884,21353.809
25923.44,-76.52000000000044,21401.973
25923.45,-76.5099999999984,21401.973
25923.46,-76.5,21401.973
25923.47,-76.48999999999796,21257.502
25923.48,-76.47999999999956,21498.33
25923.49,-76.46999999999753,21401.973
25923.5,-76.45999999999913,21450.146
25923.51,-76.45000000000073,21257.502
25923.52,-76.43999999999869,21401.973
25923.53,-76.43000000000029,21498.33
25923.54,-76.41999999999825,21257.502
25923.55,-76.40999999999985,21305.65
25923.56,-76.39999999999782,21450.146
25923.57,-76.38999999999942,21401.973
25923.58,-76.37999999999738,21305.65
25923.59,-76.36999999999898,21401.973
25923.6,-76.36000000000058,21546.52
25923.61,-76.34999999999854,21161.227
25923.62,-76.34000000000015,21016.877
25923.63,-76.32999999999811,21209.359
25923.64,-76.31999999999971,21498.33
25923.65,-76.30999999999767,21113.102
25923.66,-76.29999999999927,21305.65
25923.67,-76.29000000000087,21257.502
25923.68,-76.27999999999884,21450.146
25923.69,-76.27000000000044,21546.52
25923.7,-76.2599999999984,21401.973
25923.71,-76.25,21353.809
25923.72,-76.23999999999796,21064.984
25923.73,-76.22999999999956,21257.502
25923.74,-76.21999999999753,21305.65
25923.75,-76.20999999999913,21305.65
25923.76,-76.20000000000073,21353.809
25923.77,-76.18999999999869,21257.502
25923.78,-76.18000000000029,21353.809
25923.79,-76.16999999999825,21353.809
25923.8,-76.15999999999985,21305.65
25923.81,-76.14999999999782,21546.52
25923.82,-76.13999999999942,21498.33
25923.83,-76.12999999999738,21305.65
25923.84,-76.11999999999898,21161.227
25923.85,-76.11000000000058,21401.973
25923.86,-76.09999999999854,21401.973
25923.87,-76.09000000000015,21305.65
25923.88,-76.07999999999811,21305.65
25923.89,-76.06999999999971,21353.809
25923.9,-76.05999999999767,21353.809
25923.91,-76.04999999999927,21257.502
25923.92,-76.04000000000087,21353.809
25923.93,-76.02999999999884,21353.809
25923.94,-76.02000000000044,21209.359
25923.95,-76.0099999999984,21209.359
25923.96,-76.0,21257.502
25923.97,-75.98999999999796,21161.227
25923.98,-75.97999999999956,21305.65
25923.99,-75.96999999999753,21401.973
25924.0,-75.95999999999913,21691.139
25924.01,-75.95000000000073,21498.33
25924.02,-75.93999999999869,21353.809
25924.03,-75.93000000000029,21305.65
25924.04,-75.91999999999825,21498.33
25924.05,-75.90999999999985,21498.33
25924.06,-75.89999999999782,21353.809
25924.07,-75.88999999999942,21305.65
25924.08,-75.87999999999738,21353.809
25924.09,-75.86999999999898,21257.502
25924.1,-75.86000000000058,21401.973
25924.11,-75.84999999999854,21353.809
25924.12,-75.84000000000015,21161.227
25924.13,-75.82999999999811,21353.809
25924.14,-75.81999999999971,21257.502
25924.15,-75.80999999999767,21305.65
25924.16,-75.79999999999927,21257.502
25924.17,-75.79000000000087,21113.102
25924.18,-75.77999999999884,21401.973
25924.19,-75.77000000000044,21209.359
25924.2,-75.7599999999984,21353.809
25924.21,-75.75,21353.809
25924.22,-75.73999999999796,21353.809
25924.23,-75.72999999999956,21450.146
25924.24,-75.71999999999753,21401.973
25924.25,-75.70999999999913,21353.809
25924.26,-75.70000000000073,21353.809
25924.27,-75.68999999999869,21161.227
25924.28,-75.68000000000029,21498.33
25924.29,-75.66999999999825,21353.809
25924.3,-75.65999999999985,21353.809
25924.31,-75.64999999999782,21353.809
25924.32,-75.63999999999942,21209.359
25924.33,-75.62999999999738,21209.359
25924.34,-75.61999999999898,21161.227
25924.35,-75.61000000000058,21209.359
25924.36,-75.59999999999854,21257.502
25924.37,-75.59000000000015,21401.973
25924.38,-75.57999999999811,21450.146
25924.39,-75.56999999999971,21113.102
25924.4,-75.55999999999767,21353.809
25924.41,-75.54999999999927,21401.973
25924.42,-75.54000000000087,21305.65
25924.43,-75.52999999999884,21498.33
25924.44,-75.52000000000044,21353.809
25924.45,-75.5099999999984,21353.809
25924.46,-75.5,21450.146
25924.47,-75.48999999999796,21401.973
25924.48,-75.47999999999956,21209.359
25924.49,-75.46999999999753,21161.227
25924.5,-75.45999999999913,21401.973
25924.51,-75.45000000000073,21450.146
25924.52,-75.43999999999869,21353.809
25924.53,-75.43000000000029,21305.65
25924.54,-75.41999999999825,21498.33
25924.55,-75.40999999999985,21353.809
25924.56,-75.39999999999782,21401.973
25924.57,-75.38999999999942,21257.502
25924.58,-75.37999999999738,21401.973
25924.59,-75.36999999999898,21353.809
25924.6,-75.36000000000058,21353.809
25924.61,-75.34999999999854,21161.227
25924.62,-75.34000000000015,21498.33
25924.63,-75.32999999999811,21305.65
25924.64,-75.31999999999971,21257.502
25924.65,-75.30999999999767,21209.359
25924.66,-75.29999999999927,21401.973
25924.67,-75.29000000000087,21353.809
25924.68,-75.27999999999884,21498.33
25924.69,-75.27000000000044,21064.984
25924.7,-75.2599999999984,21257.502
25924.71,-75.25,21353.809
25924.72,-75.23999999999796,21450.146
25924.73,-75.22999999999956,21353.809
25924.74,-75.21999999999753,21209.359
25924.75,-75.20999999999913,21401.973
25924.76,-75.20000000000073,21353.809
25924.77,-75.18999999999869,21257.502
25924.78,-75.18000000000029,21401.973
25924.79,-75.16999999999825,21209.359
25924.8,-75.15999999999985,21209.359
25924.81,-75.14999999999782,21209.359
25924.82,-75.13999999999942,21113.102
25924.83,-75.12999999999738,21401.973
25924.84,-75.11999999999898,21450.146
25924.85,-75.11000000000058,21161.227
25924.86,-75.09999999999854,21209.359
25924.87,-75.09000000000015,21353.809
25924.88,-75.07999999999811,21401.973
25924.89,-75.06999999999971,21401.973
25924.9,-75.05999999999767,21209.359
25924.91,-75.04999999999927,21401.973
25924.92,-75.04000000000087,21064.984
25924.93,-75.02999999999884,21257.502
25924.94,-75.02000000000044,21353.809
25924.95,-75.0099999999984,21305.65
25924.96,-75.0,21401.973
25924.97,-74.98999999999796,21450.146
25924.98,-74.97999999999956,21305.65
25924.99,-74.96999999999753,21401.973
25925.0,-74.95999999999913,21257.502
25925.01,-74.95000000000073,21305.65
25925.02,-74.93999999999869,21353.809
25925.03,-74.93000000000029,21209.359
25925.04,-74.91999999999825,21498.33
25925.05,-74.90999999999985,21353.809
25925.06,-74.89999999999782,21209.359
25925.07,-74.88999999999942,21353.809
25925.08,-74.87999999999738,21401.973
25925.09,-74.86999999999898,21401.973
25925.1,-74.86000000000058,21450.146
25925.11,-74.84999999999854,21401.973
25925.12,-74.84000000000015,21257.502
25925.13,-74.82999999999811,21450.146
25925.14,-74.81999999999971,21498.33
25925.15,-74.80999999999767,21161.227
25925.16,-74.79999999999927,21209.359
25925.17,-74.79000000000087,21257.502
25925.18,-74.77999999999884,21353.809
25925.19,-74.77000000000044,21257.502
25925.2,-74.7599999999984,21450.146
25925.21,-74.75,21353.809
25925.22,-74.73999999999796,21594.717
25925.23,-74.72999999999956,21401.973
25925.24,-74.71999999999753,21209.359
25925.25,-74.70999999999913,21161.227
25925.26,-74.70000000000073,21305.65
25925.27,-74.68999999999869,21546.52
25925.28,-74.68000000000029,21305.65
25925.29,-74.66999999999825,21209.359
25925.3,-74.65999999999985,21401.973
25925.31,-74.64999999999782,21209.359
25925.32,-74.63999999999942,21209.359
25925.33,-74.62999999999738,21401.973
25925.34,-74.61999999999898,21161.227
25925.35,-74.61000000000058,21305.65
25925.36,-74.59999999999854,21305.65
25925.37,-74.59000000000015,21305.65
25925.38,-74.57999999999811,21257.502
25925.39,-74.56999999999971,21209.359
25925.4,-74.55999999999767,21209.359
25925.41,-74.54999999999927,21257.502
25925.42,-74.54000000000087,21305.65
25925.43,-74.52999999999884,21209.359
25925.44,-74.52000000000044,21161.227
25925.45,-74.5099999999984,21161.227
25925.46,-74.5,21209.359
25925.47,-74.48999999999796,21305.65
25925.48,-74.47999999999956,21353.809
25925.49,-74.46999999999753,21401.973
25925.5,-74.45999999999913,21450.146
25925.51,-74.45000000000073,21401.973
25925.52,-74.43999999999869,21353.809
25925.53,-74.43000000000029,21209.359
25925.54,-74.41999999999825,21401.973
25925.55,-74.40999999999985,21450.146
25925.56,-74.39999999999782,21257.502
25925.57,-74.38999999999942,21257.502
25925.58,-74.37999999999738,21450.146
25925.59,-74.36999999999898,21257.502
25925.6,-74.36000000000058,21401.973
25925.61,-74.34999999999854,21305.65
25925.62,-74.34000000000015,21161.227
25925.63,-74.32999999999811,21353.809
25925.64,-74.31999999999971,21209.359
25925.65,-74.30999999999767,21064.984
25925.66,-74.29999999999927,21353.809
25925.67,-74.29000000000087,21209.359
25925.68,-74.27999999999884,21353.809
25925.69,-74.27000000000044,21450.146
25925.7,-74.2599999999984,21450.146
25925.71,-74.25,21353.809
25925.72,-74.23999999999796,21401.973
25925.73,-74.22999999999956,21401.973
25925.74,-74.21999999999753,21401.973
25925.75,-74.20999999999913,21305.65
25925.76,-74.20000000000073,21401.973
25925.77,-74.18999999999869,21209.359
25925.78,-74.18000000000029,21209.359
25925.79,-74.16999999999825,21353.809
25925.8,-74.15999999999985,21401.973
25925.81,-74.14999999999782,21450.146
25925.82,-74.13999999999942,21209.359
25925.83,-74.12999999999738,21161.227
25925.84,-74.11999999999898,21161.227
25925.85,-74.11000000000058,21546.52
25925.86,-74.09999999999854,21305.65
25925.87,-74.09000000000015,21353.809
25925.88,-74.07999999999811,21209.359
25925.89,-74.06999999999971,21305.65
25925.9,-74.05999999999767,21401.973
25925.91,-74.04999999999927,21161.227
25925.92,-74.04000000000087,21209.359
25925.93,-74.02999999999884,21161.227
25925.94,-74.02000000000044,21257.502
25925.95,-74.0099999999984,21305.65
25925.96,-74.0,21305.65
25925.97,-73.98999999999796,21353.809
25925.98,-73.97999999999956,21305.65
25925.99,-73.96999999999753,21305.65
25926.0,-73.95999999999913,21257.502
25926.01,-73.95000000000073,21401.973
25926.02,-73.93999999999869,21450.146
25926.03,-73.93000000000029,21209.359
25926.04,-73.91999999999825,21401.973
25926.05,-73.90999999999985,21161.227
25926.06,-73.89999999999782,21257.502
25926.07,-73.88999999999942,21257.502
25926.08,-73.87999999999738,21401.973
25926.09,-73.86999999999898,21353.809
25926.1,-73.86000000000058,21546.52
25926.11,-73.84999999999854,21257.502
25926.12,-73.84000000000015,21305.65
25926.13,-73.82999999999811,21498.33
25926.14,-73.81999999999971,21401.973
25926.15,-73.80999999999767,21401.973
25926.16,-73.79999999999927,21161.227
25926.17,-73.79000000000087,21401.973
25926.18,-73.77999999999884,21257.502
25926.19,-73.77000000000044,21161.227
25926.2,-73.7599999999984,21353.809
25926.21,-73.75,21064.984
25926.22,-73.73999999999796,21257.502
25926.23,-73.72999999999956,21305.65
25926.24,-73.71999999999753,21209.359
25926.25,-73.70999999999913,21209.359
25926.26,-73.70000000000073,21209.359
25926.27,-73.68999999999869,21209.359
25926.28,-73.68000000000029,21257.502
25926.29,-73.66999999999825,21498.33
25926.3,-73.65999999999985,21594.717
25926.31,-73.64999999999782,21353.809
25926.32,-73.63999999999942,21257.502
25926.33,-73.62999999999738,21113.102
25926.34,-73.61999999999898,21257.502
25926.35,-73.61000000000058,21305.65
25926.36,-73.59999999999854,21257.502
25926.37,-73.59000000000015,21257.502
25926.38,-73.57999999999811,21305.65
25926.39,-73.56999999999971,21401.973
25926.4,-73.55999999999767,21305.65
25926.41,-73.54999999999927,21401.973
25926.42,-73.54000000000087,21257.502
25926.43,-73.52999999999884,21209.359
25926.44,-73.52000000000044,21305.65
25926.45,-73.5099999999984,21401.973
25926.46,-73.5,21161.227
25926.47,-73.48999999999796,21450.146
25926.48,-73.47999999999956,21450.146
25926.49,-73.46999999999753,21353.809
25926.5,-73.45999999999913,21257.502
25926.51,-73.45000000000073,21401.973
25926.52,-73.43999999999869,21353.809
25926.53,-73.43000000000029,21498.33
25926.54,-73.41999999999825,21353.809
25926.55,-73.40999999999985,21401.973
25926.56,-73.39999999999782,21353.809
25926.57,-73.38999999999942,21401.973
25926.58,-73.37999999999738,21401.973
25926.59,-73.36999999999898,21161.227
25926.6,-73.36000000000058,21305.65
25926.61,-73.34999999999854,21353.809
25926.62,-73.34000000000015,21450.146
25926.63,-73.32999999999811,21594.717
25926.64,-73.31999999999971,21113.102
25926.65,-73.30999999999767,21353.809
25926.66,-73.29999999999927,21257.502
25926.67,-73.29000000000087,21353.809
25926.68,-73.27999999999884,21401.973
25926.69,-73.27000000000044,21353.809
25926.7,-73.2599999999984,21401.973
25926.71,-73.25,21401.973
25926.72,-73.23999999999796,21353.809
25926.73,-73.22999999999956,21353.809
25926.74,-73.21999999999753,21209.359
25926.75,-73.20999999999913,21305.65
25926.76,-73.20000000000073,21401.973
25926.77,-73.18999999999869,21209.359
25926.78,-73.18000000000029,21353.809
25926.79,-73.16999999999825,21257.502
25926.8,-73.15999999999985,21450.146
25926.81,-73.14999999999782,21305.65
25926.82,-73.13999999999942,21305.65
25926.83,-73.12999999999738,21305.65
25926.84,-73.11999999999898,21401.973
25926.85,-73.11000000000058,21450.146
25926.86,-73.09999999999854,21353.809
25926.87,-73.09000000000015,21353.809
25926.88,-73.07999999999811,21594.717
25926.89,-73.06999999999971,21498.33
25926.9,-73.05999999999767,21401.973
25926.91,-73.04999999999927,21450.146
25926.92,-73.04000000000087,21257.502
25926.93,-73.02999999999884,21450.146
25926.94,-73.02000000000044,21305.65
25926.95,-73.0099999999984,21257.502
25926.96,-73.0,21498.33
25926.97,-72.98999999999796,21498.33
25926.98,-72.97999999999956,21450.146
25926.99,-72.96999999999753,21401.973
25927.0,-72.95999999999913,21353.809
25927.01,-72.95000000000073,21498.33
25927.02,-72.93999999999869,21546.52
25927.03,-72.93000000000029,21257.502
25927.04,-72.91999999999825,21546.52
25927.05,-72.90999999999985,21353.809
25927.06,-72.89999999999782,21305.65
25927.07,-72.88999999999942,21353.809
25927.08,-72.87999999999738,21594.717
25927.09,-72.86999999999898,21257.502
25927.1,-72.86000000000058,21401.973
25927.11,-72.84999999999854,21257.502
25927.12,-72.84000000000015,21353.809
25927.13,-72.82999999999811,21401.973
25927.14,-72.81999999999971,21353.809
25927.15,-72.80999999999767,21401.973
25927.16,-72.79999999999927,21594.717
25927.17,-72.79000000000087,21401.973
25927.18,-72.77999999999884,21546.52
25927.19,-72.77000000000044,21305.65
25927.2,-72.7599999999984,21353.809
25927.21,-72.75,21209.359
25927.22,-72.73999999999796,21401.973
25927.23,-72.72999999999956,21353.809
25927.24,-72.71999999999753,21401.973
25927.25,-72.70999999999913,21401.973
25927.26,-72.70000000000073,21401.973
25927.27,-72.68999999999869,21353.809
25927.28,-72.68000000000029,21161.227
25927.29,-72.66999999999825,21450.146
25927.3,-72.65999999999985,21353.809
25927.31,-72.64999999999782,21305.65
25927.32,-72.63999999999942,21257.502
25927.33,-72.62999999999738,21353.809
25927.34,-72.61999999999898,21353.809
25927.35,-72.61000000000058,21305.65
25927.36,-72.59999999999854,21401.973
25927.37,-72.59000000000015,21161.227
25927.38,-72.57999999999811,21450.146
25927.39,-72.56999999999971,21401.973
25927.4,-72.55999999999767,21450.146
25927.41,-72.54999999999927,21401.973
25927.42,-72.54000000000087,21209.359
25927.43,-72.52999999999884,21401.973
25927.44,-72.52000000000044,21161.227
25927.45,-72.5099999999984,21209.359
25927.46,-72.5,21401.973
25927.47,-72.48999999999796,21401.973
25927.48,-72.47999999999956,21305.65
25927.49,-72.46999999999753,21401.973
25927.5,-72.45999999999913,21401.973
25927.51,-72.45000000000073,21353.809
25927.52,-72.43999999999869,21450.146
25927.53,-72.43000000000029,21257.502
25927.54,-72.41999999999825,21353.809
25927.55,-72.40999999999985,21353.809
25927.56,-72.39999999999782,21401.973
25927.57,-72.38999999999942,21401.973
25927.58,-72.37999999999738,21161.227
25927.59,-72.36999999999898,21161.227
25927.6,-72.36000000000058,21257.502
25927.61,-72.34999999999854,21450.146
25927.62,-72.34000000000015,21305.65
25927.63,-72.32999999999811,21257.502
25927.64,-72.31999999999971,21305.65
25927.65,-72.30999999999767,21161.227
25927.66,-72.29999999999927,21353.809
25927.67,-72.29000000000087,21353.809
25927.68,-72.27999999999884,21450.146
25927.69,-72.27000000000044,21401.973
25927.7,-72.2599999999984,21450.146
25927.71,-72.25,21498.33
25927.72,-72.23999999999796,21450.146
25927.73,-72.22999999999956,21450.146
25927.74,-72.21999999999753,21498.33
25927.75,-72.20999999999913,21401.973
25927.76,-72.20000000000073,21305.65
25927.77,-72.18999999999869,21113.102
25927.78,-72.18000000000029,21064.984
25927.79,-72.16999999999825,21257.502
25927.8,-72.15999999999985,21401.973
25927.81,-72.14999999999782,21401.973
25927.82,-72.13999999999942,21498.33
25927.83,-72.12999999999738,21353.809
25927.84,-72.11999999999898,21498.33
25927.85,-72.11000000000058,21401.973
25927.86,-72.09999999999854,21305.65
25927.87,-72.09000000000015,21498.33
25927.88,-72.07999999999811,21353.809
25927.89,-72.06999999999971,21401.973
25927.9,-72.05999999999767,21305.65
25927.91,-72.04999999999927,21353.809
25927.92,-72.04000000000087,21353.809
25927.93,-72.02999999999884,21401.973
25927.94,-72.02000000000044,21353.809
25927.95,-72.0099999999984,21498.33
25927.96,-72.0,21498.33
25927.97,-71.98999999999796,21594.717
25927.98,-71.97999999999956,21353.809
25927.99,-71.96999999999753,21209.359
25928.0,-71.95999999999913,21450.146
25928.01,-71.95000000000073,21498.33
25928.02,-71.93999999999869,21401.973
25928.03,-71.93000000000029,21257.502
25928.04,-71.91999999999825,21401.973
25928.05,-71.90999999999985,21450.146
25928.06,-71.89999999999782,21305.65
25928.07,-71.88999999999942,21401.973
25928.08,-71.87999999999738,21401.973
25928.09,-71.86999999999898,21161.227
25928.1,-71.86000000000058,21401.973
25928.11,-71.84999999999854,21257.502
25928.12,-71.84000000000015,21594.717
25928.13,-71.82999999999811,21209.359
25928.14,-71.81999999999971,21546.52
25928.15,-71.80999999999767,21450.146
25928.16,-71.79999999999927,21161.227
25928.17,-71.79000000000087,21450.146
25928.18,-71.77999999999884,21209.359
25928.19,-71.77000000000044,21498.33
25928.2,-71.7599999999984,21353.809
25928.21,-71.75,21305.65
25928.22,-71.73999999999796,21209.359
25928.23,-71.72999999999956,21353.809
25928.24,-71.71999999999753,21594.717
25928.25,-71.70999999999913,21450.146
25928.26,-71.70000000000073,21401.973
25928.27,-71.68999999999869,21257.502
25928.28,-71.68000000000029,21209.359
25928.29,-71.66999999999825,21594.717
25928.3,-71.65999999999985,21594.717
25928.31,-71.64999999999782,21498.33
25928.32,-71.63999999999942,21257.502
25928.33,-71.62999999999738,21401.973
25928.34,-71.61999999999898,21450.146
25928.35,-71.61000000000058,21353.809
25928.36,-71.59999999999854,21401.973
25928.37,-71.59000000000015,21546.52
25928.38,-71.57999999999811,21450.146
25928.39,-71.56999999999971,21401.973
25928.4,-71.55999999999767,21209.359
25928.41,-71.54999999999927,21450.146
25928.42,-71.54000000000087,21353.809
25928.43,-71.52999999999884,21546.52
25928.44,-71.52000000000044,21450.146
25928.45,-71.5099999999984,21450.146
25928.46,-71.5,21498.33
25928.47,-71.48999999999796,21498.33
25928.48,-71.47999999999956,21305.65
25928.49,-71.46999999999753,21401.973
25928.5,-71.45999999999913,21161.227
25928.51,-71.45000000000073,21450.146
25928.52,-71.43999999999869,21594.717
25928.53,-71.43000000000029,21353.809
25928.54,-71.41999999999825,21546.52
25928.55,-71.40999999999985,21546.52
25928.56,-71.39999999999782,21209.359
25928.57,-71.38999999999942,21401.973
25928.58,-71.37999999999738,21594.717
25928.59,-71.36999999999898,21401.973
25928.6,-71.36000000000058,21353.809
25928.61,-71.34999999999854,21450.146
25928.62,-71.34000000000015,21353.809
25928.63,-71.32999999999811,21353.809
25928.64,-71.31999999999971,21401.973
25928.65,-71.30999999999767,21401.973
25928.66,-71.29999999999927,21498.33
25928.67,-71.29000000000087,21353.809
25928.68,-71.27999999999884,21353.809
25928.69,-71.27000000000044,21161.227
25928.7,-71.2599999999984,21401.973
25928.71,-71.25,21305.65
25928.72,-71.23999999999796,21450.146
25928.73,-71.22999999999956,21305.65
25928.74,-71.21999999999753,21401.973
25928.75,-71.20999999999913,21353.809
25928.76,-71.20000000000073,21401.973
25928.77,-71.18999999999869,21401.973
25928.78,-71.18000000000029,21450.146
25928.79,-71.16999999999825,21305.65
25928.8,-71.15999999999985,21401.973
25928.81,-71.14999999999782,21257.502
25928.82,-71.13999999999942,21546.52
25928.83,-71.12999999999738,21401.973
25928.84,-71.11999999999898,21498.33
25928.85,-71.11000000000058,21498.33
25928.86,-71.09999999999854,21401.973
25928.87,-71.09000000000015,21546.52
25928.88,-71.07999999999811,21498.33
25928.89,-71.06999999999971,21787.59
25928.9,-71.05999999999767,21353.809
25928.91,-71.04999999999927,21401.973
25928.92,-71.04000000000087,21450.146
25928.93,-71.02999999999884,21401.973
25928.94,-71.02000000000044,21305.65
25928.95,-71.0099999999984,21257.502
25928.96,-71.0,21401.973
25928.97,-70.98999999999796,21498.33
25928.98,-70.97999999999956,21209.359
25928.99,-70.96999999999753,21305.65
25929.0,-70.95999999999913,21450.146
25929.01,-70.95000000000073,21546.52
25929.02,-70.93999999999869,21353.809
25929.03,-70.93000000000029,21353.809
25929.04,-70.91999999999825,21594.717
25929.05,-70.90999999999985,21594.717
25929.06,-70.89999999999782,21353.809
25929.07,-70.88999999999942,21257.502
25929.08,-70.87999999999738,21498.33
25929.09,-70.86999999999898,21401.973
25929.1,-70.86000000000058,21305.65
25929.11,-70.84999999999854,21209.359
25929.12,-70.84000000000015,21353.809
25929.13,-70.82999999999811,21401.973
25929.14,-70.81999999999971,21594.717
25929.15,-70.80999999999767,21498.33
25929.16,-70.79999999999927,21546.52
25929.17,-70.79000000000087,21353.809
25929.18,-70.77999999999884,21594.717
25929.19,-70.77000000000044,21642.924
25929.2,-70.7599999999984,21401.973
25929.21,-70.75,21546.52
25929.22,-70.73999999999796,21546.52
25929.23,-70.72999999999956,21594.717
25929.24,-70.71999999999753,21546.52
25929.25,-70.70999999999913,21305.65
25929.26,-70.70000000000073,21401.973
25929.27,-70.68999999999869,21257.502
25929.28,-70.68000000000029,21161.227
25929.29,-70.66999999999825,21257.502
25929.3,-70.65999999999985,21498.33
25929.31,-70.64999999999782,21353.809
25929.32,-70.63999999999942,21498.33
25929.33,-70.62999999999738,21161.227
25929.34,-70.61999999999898,21498.33
25929.35,-70.61000000000058,21353.809
25929.36,-70.59999999999854,21305.65
25929.37,-70.59000000000015,21546.52
25929.38,-70.57999999999811,21353.809
25929.39,-70.56999999999971,21498.33
25929.4,-70.55999999999767,21257.502
25929.41,-70.54999999999927,21450.146
25929.42,-70.54000000000087,21305.65
25929.43,-70.52999999999884,21498.33
25929.44,-70.52000000000044,21305.65
25929.45,-70.5099999999984,21353.809
25929.46,-70.5,21498.33
25929.47,-70.48999999999796,21594.717
25929.48,-70.47999999999956,21209.359
25929.49,-70.46999999999753,21161.227
25929.5,-70.45999999999913,21401.973
25929.51,-70.45000000000073,21498.33
25929.52,-70.43999999999869,21353.809
25929.53,-70.43000000000029,21353.809
25929.54,-70.41999999999825,21498.33
25929.55,-70.40999999999985,21546.52
25929.56,-70.39999999999782,21594.717
25929.57,-70.38999999999942,21450.146
25929.58,-70.37999999999738,21401.973
25929.59,-70.36999999999898,21546.52
25929.6,-70.36000000000058,21401.973
25929.61,-70.34999999999854,21305.65
25929.62,-70.34000000000015,21353.809
25929.63,-70.32999999999811,21498.33
25929.64,-70.31999999999971,21450.146
25929.65,-70.30999999999767,21546.52
25929.66,-70.29999999999927,21401.973
25929.67,-70.29000000000087,21113.102
25929.68,-70.27999999999884,21401.973
25929.69,-70.27000000000044,21450.146
25929.7,-70.2599999999984,21546.52
25929.71,-70.25,21401.973
25929.72,-70.23999999999796,21257.502
25929.73,-70.22999999999956,21401.973
25929.74,-70.21999999999753,21353.809
25929.75,-70.20999999999913,21401.973
25929.76,-70.20000000000073,21546.52
25929.77,-70.18999999999869,21209.359
25929.78,-70.18000000000029,21257.502
25929.79,-70.16999999999825,21353.809
25929.8,-70.15999999999985,21498.33
25929.81,-70.14999999999782,21498.33
25929.82,-70.13999999999942,21209.359
25929.83,-70.12999999999738,21546.52
25929.84,-70.11999999999898,21353.809
25929.85,-70.11000000000058,21353.809
25929.86,-70.09999999999854,21305.65
25929.87,-70.09000000000015,21498.33
25929.88,-70.07999999999811,21594.717
25929.89,-70.06999999999971,21546.52
25929.9,-70.05999999999767,21161.227
25929.91,-70.04999999999927,21305.65
25929.92,-70.04000000000087,21450.146
25929.93,-70.02999999999884,21401.973
25929.94,-70.02000000000044,21353.809
25929.95,-70.0099999999984,21401.973
25929.96,-70.0,21161.227
25929.97,-69.98999999999796,21401.973
25929.98,-69.97999999999956,21305.65
25929.99,-69.96999999999753,21353.809
25930.0,-69.95999999999913,21450.146
25930.01,-69.95000000000073,21594.717
25930.02,-69.93999999999869,21594.717
25930.03,-69.93000000000029,21401.973
25930.04,-69.91999999999825,21546.52
25930.05,-69.90999999999985,21498.33
25930.06,-69.89999999999782,21305.65
25930.07,-69.88999999999942,21401.973
25930.08,-69.87999999999738,21401.973
25930.09,-69.86999999999898,21161.227
25930.1,-69.86000000000058,21353.809
25930.11,-69.84999999999854,21353.809
25930.12,-69.84000000000015,21305.65
25930.13,-69.82999999999811,21257.502
25930.14,-69.81999999999971,21353.809
25930.15,-69.80999999999767,21401.973
25930.16,-69.79999999999927,21353.809
25930.17,-69.79000000000087,21401.973
25930.18,-69.77999999999884,21450.146
25930.19,-69.77000000000044,21305.65
25930.2,-69.7599999999984,21257.502
25930.21,-69.75,21401.973
25930.22,-69.73999999999796,21401.973
25930.23,-69.72999999999956,21401.973
25930.24,-69.71999999999753,21546.52
25930.25,-69.70999999999913,21498.33
25930.26,-69.70000000000073,21401.973
25930.27,-69.68999999999869,21594.717
25930.28,-69.68000000000029,21546.52
25930.29,-69.66999999999825,21401.973
25930.3,-69.65999999999985,21450.146
25930.31,-69.64999999999782,21401.973
25930.32,-69.63999999999942,21401.973
25930.33,-69.62999999999738,21594.717
25930.34,-69.61999999999898,21401.973
25930.35,-69.61000000000058,21353.809
25930.36,-69.59999999999854,21401.973
25930.37,-69.59000000000015,21498.33
25930.38,-69.57999999999811,21546.52
25930.39,-69.56999999999971,21305.65
25930.4,-69.55999999999767,21305.65
25930.41,-69.54999999999927,21401.973
25930.42,-69.54000000000087,21353.809
25930.43,-69.52999999999884,21498.33
25930.44,-69.52000000000044,21353.809
25930.45,-69.5099999999984,21498.33
25930.46,-69.5,21498.33
25930.47,-69.48999999999796,21257.502
25930.48,-69.47999999999956,21353.809
25930.49,-69.46999999999753,21450.146
25930.5,-69.45999999999913,21161.227
25930.51,-69.45000000000073,21305.65
25930.52,-69.43999999999869,21401.973
25930.53,-69.43000000000029,21401.973
25930.54,-69.41999999999825,21498.33
25930.55,-69.40999999999985,21257.502
25930.56,-69.39999999999782,21353.809
25930.57,-69.38999999999942,21353.809
25930.58,-69.37999999999738,21305.65
25930.59,-69.36999999999898,21353.809
25930.6,-69.36000000000058,21498.33
25930.61,-69.34999999999854,21498.33
25930.62,-69.34000000000015,21401.973
25930.63,-69.32999999999811,21401.973
25930.64,-69.31999999999971,21401.973
25930.65,-69.30999999999767,21401.973
25930.66,-69.29999999999927,21450.146
25930.67,-69.29000000000087,21401.973
25930.68,-69.27999999999884,21450.146
25930.69,-69.27000000000044,21305.65
25930.7,-69.2599999999984,21401.973
25930.71,-69.25,21401.973
25930.72,-69.23999999999796,21594.717
25930.73,-69.22999999999956,21257.502
25930.74,-69.21999999999753,21353.809
25930.75,-69.20999999999913,21401.973
25930.76,-69.20000000000073,21401.973
25930.77,-69.18999999999869,21450.146
25930.78,-69.18000000000029,21305.65
25930.79,-69.16999999999825,21401.973
25930.8,-69.15999999999985,21594.717
25930.81,-69.14999999999782,21161.227
25930.82,-69.13999999999942,21546.52
25930.83,-69.12999999999738,21401.973
25930.84,-69.11999999999898,21642.924
25930.85,-69.11000000000058,21257.502
25930.86,-69.09999999999854,21401.973
25930.87,-69.09000000000015,21257.502
25930.88,-69.07999999999811,21401.973
25930.89,-69.06999999999971,21498.33
25930.9,-69.05999999999767,21305.65
25930.91,-69.04999999999927,21546.52
25930.92,-69.04000000000087,21353.809
25930.93,-69.02999999999884,21498.33
25930.94,-69.02000000000044,21450.146
25930.95,-69.0099999999984,21401.973
25930.96,-69.0,21305.65
25930.97,-68.98999999999796,21257.502
25930.98,-68.97999999999956,21353.809
25930.99,-68.96999999999753,21353.809
25931.0,-68.95999999999913,21401.973
25931.01,-68.95000000000073,21498.33
25931.02,-68.93999999999869,21353.809
25931.03,-68.93000000000029,21498.33
25931.04,-68.91999999999825,21498.33
25931.05,-68.90999999999985,21450.146
25931.06,-68.89999999999782,21546.52
25931.07,-68.88999999999942,21257.502
25931.08,-68.87999999999738,21401.973
25931.09,-68.86999999999898,21305.65
25931.1,-68.86000000000058,21450.146
25931.11,-68.84999999999854,21498.33
25931.12,-68.84000000000015,21257.502
25931.13,-68.82999999999811,21498.33
25931.14,-68.81999999999971,21353.809
25931.15,-68.80999999999767,21209.359
25931.16,-68.79999999999927,21353.809
25931.17,-68.79000000000087,21257.502
25931.18,-68.77999999999884,21450.146
25931.19,-68.77000000000044,21353.809
25931.2,-68.7599999999984,21353.809
25931.21,-68.75,21353.809
25931.22,-68.73999999999796,21546.52
25931.23,-68.72999999999956,21353.809
25931.24,-68.71999999999753,21450.146
25931.25,-68.70999999999913,21353.809
25931.26,-68.70000000000073,21209.359
25931.27,-68.68999999999869,21401.973
25931.28,-68.68000000000029,21401.973
25931.29,-68.66999999999825,21450.146
25931.3,-68.65999999999985,21546.52
25931.31,-68.64999999999782,21305.65
25931.32,-68.63999999999942,21257.502
25931.33,-68.62999999999738,21305.65
25931.34,-68.61999999999898,21401.973
25931.35,-68.61000000000058,21305.65
25931.36,-68.59999999999854,21450.146
25931.37,-68.59000000000015,21353.809
25931.38,-68.57999999999811,21498.33
25931.39,-68.56999999999971,21305.65
25931.4,-68.55999999999767,21257.502
25931.41,-68.54999999999927,21353.809
25931.42,-68.54000000000087,21401.973
25931.43,-68.52999999999884,21305.65
25931.44,-68.52000000000044,21450.146
25931.45,-68.5099999999984,21305.65
25931.46,-68.5,21498.33
25931.47,-68.48999999999796,21594.717
25931.48,-68.47999999999956,21161.227
25931.49,-68.46999999999753,21401.973
25931.5,-68.45999999999913,21401.973
25931.51,-68.45000000000073,21691.139
25931.52,-68.43999999999869,21353.809
25931.53,-68.43000000000029,21546.52
25931.54,-68.41999999999825,21546.52
25931.55,-68.40999999999985,21498.33
25931.56,-68.39999999999782,21546.52
25931.57,-68.38999999999942,21546.52
25931.58,-68.37999999999738,21450.146
25931.59,-68.36999999999898,21450.146
25931.6,-68.36000000000058,21353.809
25931.61,-68.34999999999854,21353.809
25931.62,-68.34000000000015,21546.52
25931.63,-68.32999999999811,21353.809
25931.64,-68.31999999999971,21450.146
25931.65,-68.30999999999767,21257.502
25931.66,-68.29999999999927,21161.227
25931.67,-68.29000000000087,21209.359
25931.68,-68.27999999999884,21113.102
25931.69,-68.27000000000044,21884.076
25931.7,-68.2599999999984,22753.908
25931.71,-68.25,23286.768
25931.72,-68.23999999999796,23723.475
25931.73,-68.22999999999956,23917.777
25931.74,-68.21999999999753,23723.475
25931.75,-68.20999999999913,23723.475
25931.76,-68.20000000000073,23674.92
25931.77,-68.18999999999869,23529.301
25931.78,-68.18000000000029,23820.611
25931.79,-68.16999999999825,23480.779
25931.8,-68.15999999999985,23772.039
25931.81,-68.14999999999782,23723.475
25931.82,-68.13999999999942,23723.475
25931.83,-68.12999999999738,23772.039
25931.84,-68.11999999999898,23820.611
25931.85,-68.11000000000058,23674.92
25931.86,-68.09999999999854,23674.92
25931.87,-68.09000000000015,24112.211
25931.88,-68.07999999999811,23723.475
25931.89,-68.06999999999971,23772.039
25931.9,-68.05999999999767,23820.611
25931.91,-68.04999999999927,23723.475
25931.92,-68.04000000000087,23723.475
25931.93,-68.02999999999884,23674.92
25931.94,-68.02000000000044,23383.758
25931.95,-68.0099999999984,23626.373
25931.96,-68.0,23432.264
25931.97,-67.98999999999796,23577.832
25931.98,-67.97999999999956,23674.92
25931.99,-67.96999999999753,23626.373
25932.0,-67.95999999999913,23723.475
25932.01,-67.95000000000073,23723.475
25932.02,-67.93999999999869,23674.92
25932.03,-67.93000000000029,23820.611
25932.04,-67.91999999999825,23674.92
25932.05,-67.90999999999985,23772.039
25932.06,-67.89999999999782,23577.832
25932.07,-67.88999999999942,23723.475
25932.08,-67.87999999999738,23529.301
25932.09,-67.86999999999898,23626.373
25932.1,-67.86000000000058,23674.92
25932.11,-67.84999999999854,23674.92
25932.12,-67.84000000000015,23626.373
25932.13,-67.82999999999811,23577.832
25932.14,-67.81999999999971,23723.475
25932.15,-67.80999999999767,23723.475
25932.16,-67.79999999999927,23480.779
25932.17,-67.79000000000087,23480.779
25932.18,-67.77999999999884,23577.832
25932.19,-67.77000000000044,23626.373
25932.2,-67.7599999999984,23772.039
25932.21,-67.75,23674.92
25932.22,-67.73999999999796,23966.375
25932.23,-67.72999999999956,23820.611
25932.24,-67.71999999999753,23869.189
25932.25,-67.70999999999913,23674.92
25932.26,-67.70000000000073,23723.475
25932.27,-67.68999999999869,23869.189
25932.28,-67.68000000000029,23529.301
25932.29,-67.66999999999825,23820.611
25932.3,-67.65999999999985,23674.92
25932.31,-67.64999999999782,23432.264
25932.32,-67.63999999999942,23674.92
25932.33,-67.62999999999738,23723.475
25932.34,-67.61999999999898,23723.475
25932.35,-67.61000000000058,23674.92
25932.36,-67.59999999999854,23674.92
25932.37,-67.59000000000015,23723.475
25932.38,-67.57999999999811,23723.475
25932.39,-67.56999999999971,23772.039
25932.4,-67.55999999999767,23723.475
25932.41,-67.54999999999927,23723.475
25932.42,-67.54000000000087,23674.92
25932.43,-67.52999999999884,23772.039
25932.44,-67.52000000000044,23577.832
25932.45,-67.5099999999984,23674.92
25932.46,-67.5,23577.832
25932.47,-67.48999999999796,23772.039
25932.48,-67.47999999999956,23577.832
25932.49,-67.46999999999753,23772.039
25932.5,-67.45999999999913,23723.475
25932.51,-67.45000000000073,23674.92
25932.52,-67.43999999999869,23674.92
25932.53,-67.43000000000029,23723.475
25932.54,-67.41999999999825,24598.863
25932.55,-67.40999999999985,24842.494
25932.56,-67.39999999999782,24988.77
25932.57,-67.38999999999942,24988.77
25932.58,-67.37999999999738,24745.018
25932.59,-67.36999999999898,24647.572
25932.6,-67.36000000000058,24793.752
25932.61,-67.34999999999854,24258.121
25932.62,-67.34000000000015,22608.754
25932.63,-67.32999999999811,21835.83
25932.64,-67.31999999999971,21498.33
25932.65,-67.30999999999767,21401.973
25932.66,-67.29999999999927,21450.146
25932.67,-67.29000000000087,21594.717
25932.68,-67.27999999999884,21642.924
25932.69,-67.27000000000044,21739.359
25932.7,-67.2599999999984,21594.717
25932.71,-67.25,21739.359
25932.72,-67.23999999999796,21642.924
25932.73,-67.22999999999956,21498.33
25932.74,-67.21999999999753,21257.502
25932.75,-67.20999999999913,21498.33
25932.76,-67.20000000000073,21594.717
25932.77,-67.18999999999869,21884.076
25932.78,-67.18000000000029,21498.33
25932.79,-67.16999999999825,21450.146
25932.8,-67.15999999999985,21739.359
25932.81,-67.14999999999782,21787.59
25932.82,-67.13999999999942,21450.146
25932.83,-67.12999999999738,21498.33
25932.84,-67.11999999999898,21642.924
25932.85,-67.11000000000058,21450.146
25932.86,-67.09999999999854,21450.146
25932.87,-67.09000000000015,21546.52
25932.88,-67.07999999999811,21546.52
25932.89,-67.06999999999971,21739.359
25932.9,-67.05999999999767,21498.33
25932.91,-67.04999999999927,21401.973
25932.92,-67.04000000000087,21498.33
25932.93,-67.02999999999884,21546.52
25932.94,-67.02000000000044,21546.52
25932.95,-67.0099999999984,21546.52
25932.96,-67.0,21546.52
25932.97,-66.98999999999796,21546.52
25932.98,-66.97999999999956,21305.65
25932.99,-66.96999999999753,21401.973
25933.0,-66.95999999999913,21594.717
25933.01,-66.95000000000073,21739.359
25933.02,-66.93999999999869,21594.717
25933.03,-66.93000000000029,21353.809
25933.04,-66.91999999999825,21691.139
25933.05,-66.90999999999985,21787.59
25933.06,-66.89999999999782,21546.52
25933.07,-66.88999999999942,21546.52
25933.08,-66.87999999999738,21594.717
25933.09,-66.86999999999898,21594.717
25933.1,-66.86000000000058,21642.924
25933.11,-66.84999999999854,21642.924
25933.12,-66.84000000000015,21450.146
25933.13,-66.82999999999811,21498.33
25933.14,-66.81999999999971,21691.139
25933.15,-66.80999999999767,21450.146
25933.16,-66.79999999999927,21450.146
25933.17,-66.79000000000087,21401.973
25933.18,-66.77999999999884,21642.924
25933.19,-66.77000000000044,21498.33
25933.2,-66.7599999999984,21546.52
25933.21,-66.75,21450.146
25933.22,-66.73999999999796,21739.359
25933.23,-66.72999999999956,21401.973
25933.24,-66.71999999999753,21546.52
25933.25,-66.70999999999913,21353.809
25933.26,-66.70000000000073,21691.139
25933.27,-66.68999999999869,21594.717
25933.28,-66.68000000000029,21594.717
25933.29,-66.66999999999825,21594.717
25933.3,-66.65999999999985,21498.33
25933.31,-66.64999999999782,21498.33
25933.32,-66.63999999999942,21450.146
25933.33,-66.62999999999738,21450.146
25933.34,-66.61999999999898,21594.717
25933.35,-66.61000000000058,21450.146
25933.36,-66.59999999999854,21450.146
25933.37,-66.59000000000015,21546.52
25933.38,-66.57999999999811,21691.139
25933.39,-66.56999999999971,21546.52
25933.4,-66.55999999999767,21498.33
25933.41,-66.54999999999927,21691.139
25933.42,-66.54000000000087,21546.52
25933.43,-66.52999999999884,21450.146
25933.44,-66.52000000000044,21498.33
25933.45,-66.5099999999984,21450.146
25933.46,-66.5,21594.717
25933.47,-66.48999999999796,21594.717
25933.48,-66.47999999999956,21401.973
25933.49,-66.46999999999753,21642.924
25933.5,-66.45999999999913,21594.717
25933.51,-66.45000000000073,21546.52
25933.52,-66.43999999999869,21691.139
25933.53,-66.43000000000029,21546.52
25933.54,-66.41999999999825,21450.146
25933.55,-66.40999999999985,21642.924
25933.56,-66.39999999999782,21787.59
25933.57,-66.38999999999942,21450.146
25933.58,-66.37999999999738,21691.139
25933.59,-66.36999999999898,21691.139
25933.6,-66.36000000000058,21546.52
25933.61,-66.34999999999854,21401.973
25933.62,-66.34000000000015,21353.809
25933.63,-66.32999999999811,21739.359
25933.64,-66.31999999999971,21739.359
25933.65,-66.30999999999767,21450.146
25933.66,-66.29999999999927,21691.139
25933.67,-66.29000000000087,21450.146
25933.68,-66.27999999999884,21642.924
25933.69,-66.27000000000044,21546.52
25933.7,-66.2599999999984,21450.146
25933.71,-66.25,21546.52
25933.72,-66.23999999999796,21498.33
25933.73,-66.22999999999956,21450.146
25933.74,-66.21999999999753,21594.717
25933.75,-66.20999999999913,21546.52
25933.76,-66.20000000000073,21353.809
25933.77,-66.18999999999869,21546.52
25933.78,-66.18000000000029,21401.973
25933.79,-66.16999999999825,21594.717
25933.8,-66.15999999999985,21498.33
25933.81,-66.14999999999782,21353.809
25933.82,-66.13999999999942,21594.717
25933.83,-66.12999999999738,21594.717
25933.84,-66.11999999999898,21642.924
25933.85,-66.11000000000058,21691.139
25933.86,-66.09999999999854,21546.52
25933.87,-66.09000000000015,21498.33
25933.88,-66.07999999999811,21739.359
25933.89,-66.06999999999971,21594.717
25933.9,-66.05999999999767,21353.809
25933.91,-66.04999999999927,21546.52
25933.92,-66.04000000000087,21498.33
25933.93,-66.02999999999884,21594.717
25933.94,-66.02000000000044,21498.33
25933.95,-66.0099999999984,21450.146
25933.96,-66.0,21450.146
25933.97,-65.98999999999796,21546.52
25933.98,-65.97999999999956,21498.33
25933.99,-65.96999999999753,21884.076
25934.0,-65.95999999999913,21594.717
25934.01,-65.95000000000073,21691.139
25934.02,-65.93999999999869,21787.59
25934.03,-65.93000000000029,21594.717
25934.04,-65.91999999999825,21594.717
25934.05,-65.90999999999985,21980.594
25934.06,-65.89999999999782,21546.52
25934.07,-65.88999999999942,21498.33
25934.08,-65.87999999999738,21353.809
25934.09,-65.86999999999898,21546.52
25934.1,-65.86000000000058,21691.139
25934.11,-65.84999999999854,21594.717
25934.12,-65.84000000000015,21594.717
25934.13,-65.82999999999811,21498.33
25934.14,-65.81999999999971,21498.33
25934.15,-65.80999999999767,21594.717
25934.16,-65.79999999999927,21401.973
25934.17,-65.79000000000087,21450.146
25934.18,-65.77999999999884,21594.717
25934.19,-65.77000000000044,21594.717
25934.2,-65.7599999999984,21546.52
25934.21,-65.75,21546.52
25934.22,-65.73999999999796,21546.52
25934.23,-65.72999999999956,21450.146
25934.24,-65.71999999999753,21401.973
25934.25,-65.70999999999913,21546.52
25934.26,-65.70000000000073,21498.33
25934.27,-65.68999999999869,21450.146
25934.28,-65.68000000000029,21546.52
25934.29,-65.66999999999825,21353.809
25934.3,-65.65999999999985,21594.717
25934.31,-65.64999999999782,21450.146
25934.32,-65.63999999999942,21401.973
25934.33,-65.62999999999738,21450.146
25934.34,-65.61999999999898,21594.717
25934.35,-65.61000000000058,21305.65
25934.36,-65.59999999999854,21401.973
25934.37,-65.59000000000015,21739.359
25934.38,-65.57999999999811,21594.717
25934.39,-65.56999999999971,21546.52
25934.4,-65.55999999999767,21546.52
25934.41,-65.54999999999927,21546.52
25934.42,-65.54000000000087,21546.52
25934.43,-65.52999999999884,21498.33
25934.44,-65.52000000000044,21401.973
25934.45,-65.5099999999984,21401.973
25934.46,-65.5,21546.52
25934.47,-65.48999999999796,21546.52
25934.48,-65.47999999999956,21450.146
25934.49,-65.46999999999753,21401.973
25934.5,-65.45999999999913,21546.52
25934.51,-65.45000000000073,21401.973
25934.52,-65.43999999999869,21642.924
25934.53,-65.43000000000029,21450.146
25934.54,-65.41999999999825,21498.33
25934.55,-65.40999999999985,21642.924
25934.56,-65.39999999999782,21594.717
25934.57,-65.38999999999942,21353.809
25934.58,-65.37999999999738,21546.52
25934.59,-65.36999999999898,21498.33
25934.6,-65.36000000000058,21787.59
25934.61,-65.34999999999854,21546.52
25934.62,-65.34000000000015,21498.33
25934.63,-65.32999999999811,21546.52
25934.64,-65.31999999999971,21594.717
25934.65,-65.30999999999767,21498.33
25934.66,-65.29999999999927,21546.52
25934.67,-65.29000000000087,21450.146
25934.68,-65.27999999999884,21546.52
25934.69,-65.27000000000044,21353.809
25934.7,-65.2599999999984,21594.717
25934.71,-65.25,21739.359
25934.72,-65.23999999999796,21739.359
25934.73,-65.22999999999956,21691.139
25934.74,-65.21999999999753,21450.146
25934.75,-65.20999999999913,21546.52
25934.76,-65.20000000000073,21739.359
25934.77,-65.18999999999869,21450.146
25934.78,-65.18000000000029,21498.33
25934.79,-65.16999999999825,21546.52
25934.8,-65.15999999999985,21498.33
25934.81,-65.14999999999782,21546.52
25934.82,-65.13999999999942,21642.924
25934.83,-65.12999999999738,21642.924
25934.84,-65.11999999999898,21546.52
25934.85,-65.11000000000058,21642.924
25934.86,-65.09999999999854,21594.717
25934.87,-65.09000000000015,21498.33
25934.88,-65.07999999999811,21498.33
25934.89,-65.06999999999971,21546.52
25934.9,-65.05999999999767,21546.52
25934.91,-65.04999999999927,21546.52
25934.92,-65.04000000000087,21739.359
25934.93,-65.02999999999884,21691.139
25934.94,-65.02000000000044,21594.717
25934.95,-65.0099999999984,21594.717
25934.96,-65.0,21401.973
25934.97,-64.98999999999796,21498.33
25934.98,-64.97999999999956,21450.146
25934.99,-64.96999999999753,21450.146
25935.0,-64.95999999999913,21353.809
25935.01,-64.95000000000073,21594.717
25935.02,-64.93999999999869,21642.924
25935.03,-64.93000000000029,21353.809
25935.04,-64.91999999999825,21401.973
25935.05,-64.90999999999985,21450.146
25935.06,-64.89999999999782,21594.717
25935.07,-64.88999999999942,21594.717
25935.08,-64.87999999999738,21546.52
25935.09,-64.86999999999898,21642.924
25935.1,-64.86000000000058,21594.717
25935.11,-64.84999999999854,21739.359
25935.12,-64.84000000000015,21450.146
25935.13,-64.82999999999811,21546.52
25935.14,-64.81999999999971,21594.717
25935.15,-64.80999999999767,21498.33
25935.16,-64.79999999999927,21546.52
25935.17,-64.79000000000087,21401.973
25935.18,-64.77999999999884,21884.076
25935.19,-64.77000000000044,21450.146
25935.2,-64.7599999999984,21450.146
25935.21,-64.75,21546.52
25935.22,-64.73999999999796,21450.146
25935.23,-64.72999999999956,21546.52
25935.24,-64.71999999999753,21450.146
25935.25,-64.70999999999913,21498.33
25935.26,-64.70000000000073,21594.717
25935.27,-64.68999999999869,21594.717
25935.28,-64.68000000000029,21450.146
25935.29,-64.66999999999825,21450.146
25935.3,-64.65999999999985,21642.924
25935.31,-64.64999999999782,21691.139
25935.32,-64.63999999999942,21546.52
25935.33,-64.62999999999738,21401.973
25935.34,-64.61999999999898,21450.146
25935.35,-64.61000000000058,21787.59
25935.36,-64.59999999999854,21642.924
25935.37,-64.59000000000015,21401.973
25935.38,-64.57999999999811,21546.52
25935.39,-64.56999999999971,21498.33
25935.4,-64.55999999999767,21498.33
25935.41,-64.54999999999927,21691.139
25935.42,-64.54000000000087,21642.924
25935.43,-64.52999999999884,21739.359
25935.44,-64.52000000000044,21594.717
25935.45,-64.5099999999984,21546.52
25935.46,-64.5,21594.717
25935.47,-64.48999999999796,21642.924
25935.48,-64.47999999999956,21450.146
25935.49,-64.46999999999753,21594.717
25935.5,-64.45999999999913,21691.139
25935.51,-64.45000000000073,21594.717
25935.52,-64.43999999999869,21498.33
25935.53,-64.43000000000029,21498.33
25935.54,-64.41999999999825,21498.33
25935.55,-64.40999999999985,21642.924
25935.56,-64.39999999999782,21594.717
25935.57,-64.38999999999942,21594.717
25935.58,-64.37999999999738,21450.146
25935.59,-64.36999999999898,21546.52
25935.6,-64.36000000000058,21353.809
25935.61,-64.34999999999854,21353.809
25935.62,-64.34000000000015,21498.33
25935.63,-64.32999999999811,21691.139
25935.64,-64.31999999999971,21450.146
25935.65,-64.30999999999767,21546.52
25935.66,-64.29999999999927,21546.52
25935.67,-64.29000000000087,21450.146
25935.68,-64.27999999999884,21546.52
25935.69,-64.27000000000044,21546.52
25935.7,-64.2599999999984,21498.33
25935.71,-64.25,21594.717
25935.72,-64.23999999999796,21691.139
25935.73,-64.22999999999956,21353.809
25935.74,-64.21999999999753,21546.52
25935.75,-64.20999999999913,21450.146
25935.76,-64.20000000000073,21691.139
25935.77,-64.18999999999869,21401.973
25935.78,-64.18000000000029,21546.52
25935.79,-64.16999999999825,21353.809
25935.8,-64.15999999999985,21450.146
25935.81,-64.14999999999782,21401.973
25935.82,-64.13999999999942,21594.717
25935.83,-64.12999999999738,21594.717
25935.84,-64.11999999999898,21594.717
25935.85,-64.11000000000058,21594.717
25935.86,-64.09999999999854,21401.973
25935.87,-64.09000000000015,21739.359
25935.88,-64.07999999999811,21546.52
25935.89,-64.06999999999971,21594.717
25935.9,-64.05999999999767,21594.717
25935.91,-64.04999999999927,21498.33
25935.92,-64.04000000000087,21546.52
25935.93,-64.02999999999884,21546.52
25935.94,-64.02000000000044,21546.52
25935.95,-64.0099999999984,21642.924
25935.96,-64.0,21498.33
25935.97,-63.98999999999796,21691.139
25935.98,-63.97999999999956,21691.139
25935.99,-63.969999999997526,21546.52
25936.0,-63.95999999999913,21546.52
25936.01,-63.95000000000073,21594.717
25936.02,-63.93999999999869,21546.52
25936.03,-63.93000000000029,21498.33
25936.04,-63.919999999998254,21739.359
25936.05,-63.909999999999854,21450.146
25936.06,-63.89999999999782,21546.52
25936.07,-63.88999999999942,21498.33
25936.08,-63.87999999999738,21546.52
25936.09,-63.86999999999898,21498.33
25936.1,-63.86000000000058,21450.146
25936.11,-63.849999999998545,21353.809
25936.12,-63.840000000000146,21450.146
25936.13,-63.82999999999811,21594.717
25936.14,-63.81999999999971,21546.52
25936.15,-63.80999999999767,21450.146
25936.16,-63.79999999999927,21498.33
25936.17,-63.79000000000087,21498.33
25936.18,-63.779999999998836,21498.33
25936.19,-63.77000000000044,21450.146
25936.2,-63.7599999999984,21787.59
25936.21,-63.75,21787.59
25936.22,-63.73999999999796,21739.359
25936.23,-63.72999999999956,21498.33
25936.24,-63.719999999997526,21401.973
25936.25,-63.70999999999913,21546.52
25936.26,-63.70000000000073,21691.139
25936.27,-63.68999999999869,21594.717
25936.28,-63.68000000000029,21353.809
25936.29,-63.669999999998254,21594.717
25936.3,-63.659999999999854,21642.924
25936.31,-63.64999999999782,21546.52
25936.32,-63.63999999999942,21642.924
25936.33,-63.62999999999738,21594.717
25936.34,-63.61999999999898,21546.52
25936.35,-63.61000000000058,21739.359
25936.36,-63.599999999998545,21594.717
25936.37,-63.590000000000146,21642.924
25936.38,-63.57999999999811,21691.139
25936.39,-63.56999999999971,21498.33
25936.4,-63.55999999999767,21498.33
25936.41,-63.54999999999927,21450.146
25936.42,-63.54000000000087,21546.52
25936.43,-63.529999999998836,21739.359
25936.44,-63.52000000000044,21305.65
25936.45,-63.5099999999984,21546.52
25936.46,-63.5,21739.359
25936.47,-63.48999999999796,21450.146
25936.48,-63.47999999999956,21594.717
25936.49,-63.469999999997526,21546.52
25936.5,-63.45999999999913,21546.52
25936.51,-63.45000000000073,21498.33
25936.52,-63.43999999999869,21450.146
25936.53,-63.43000000000029,21450.146
25936.54,-63.419999999998254,21594.717
25936.55,-63.409999999999854,21546.52
25936.56,-63.39999999999782,21642.924
25936.57,-63.38999999999942,21546.52
25936.58,-63.37999999999738,21450.146
25936.59,-63.36999999999898,21594.717
25936.6,-63.36000000000058,21642.924
25936.61,-63.349999999998545,21594.717
25936.62,-63.340000000000146,21498.33
25936.63,-63.32999999999811,21498.33
25936.64,-63.31999999999971,21594.717
25936.65,-63.30999999999767,21498.33
25936.66,-63.29999999999927,21450.146
25936.67,-63.29000000000087,21498.33
25936.68,-63.279999999998836,21594.717
25936.69,-63.27000000000044,21594.717
25936.7,-63.2599999999984,21498.33
25936.71,-63.25,21546.52
25936.72,-63.23999999999796,21353.809
25936.73,-63.22999999999956,21546.52
25936.74,-63.219999999997526,21401.973
25936.75,-63.20999999999913,21787.59
25936.76,-63.20000000000073,21691.139
25936.77,-63.18999999999869,21642.924
25936.78,-63.18000000000029,21642.924
25936.79,-63.169999999998254,21401.973
25936.8,-63.159999999999854,21594.717
25936.81,-63.14999999999782,21546.52
25936.82,-63.13999999999942,21401.973
25936.83,-63.12999999999738,21353.809
25936.84,-63.11999999999898,21161.227
25936.85,-63.11000000000058,21498.33
25936.86,-63.099999999998545,21546.52
25936.87,-63.090000000000146,21450.146
25936.88,-63.07999999999811,21498.33
25936.89,-63.06999999999971,21642.924
25936.9,-63.05999999999767,21594.717
25936.91,-63.04999999999927,21546.52
25936.92,-63.04000000000087,21498.33
25936.93,-63.029999999998836,21642.924
25936.94,-63.02000000000044,21498.33
25936.95,-63.0099999999984,21498.33
25936.96,-63.0,21498.33
25936.97,-62.98999999999796,21546.52
25936.98,-62.97999999999956,21257.502
25936.99,-62.969999999997526,21594.717
25937.0,-62.95999999999913,21546.52
25937.01,-62.95000000000073,21546.52
25937.02,-62.93999999999869,21498.33
25937.03,-62.93000000000029,21450.146
25937.04,-62.919999999998254,21401.973
25937.05,-62.909999999999854,21546.52
25937.06,-62.89999999999782,21257.502
25937.07,-62.88999999999942,21498.33
25937.08,-62.87999999999738,21498.33
25937.09,-62.86999999999898,21546.52
25937.1,-62.86000000000058,21546.52
25937.11,-62.849999999998545,21594.717
25937.12,-62.840000000000146,21594.717
25937.13,-62.82999999999811,21642.924
25937.14,-62.81999999999971,21594.717
25937.15,-62.80999999999767,21594.717
25937.16,-62.79999999999927,21498.33
25937.17,-62.79000000000087,21450.146
25937.18,-62.779999999998836,21594.717
25937.19,-62.77000000000044,21353.809
25937.2,-62.7599999999984,21498.33
25937.21,-62.75,21642.924
25937.22,-62.73999999999796,21546.52
25937.23,-62.72999999999956,21450.146
25937.24,-62.719999999997526,21401.973
25937.25,-62.70999999999913,21546.52
25937.26,-62.70000000000073,21257.502
25937.27,-62.68999999999869,21401.973
25937.28,-62.68000000000029,21401.973
25937.29,-62.669999999998254,21353.809
25937.3,-62.659999999999854,21546.52
25937.31,-62.64999999999782,21401.973
25937.32,-62.63999999999942,21594.717
25937.33,-62.62999999999738,21546.52
25937.34,-62.61999999999898,21498.33
25937.35,-62.61000000000058,21498.33
25937.36,-62.599999999998545,21546.52
25937.37,-62.590000000000146,21691.139
25937.38,-62.57999999999811,21546.52
25937.39,-62.56999999999971,21594.717
25937.4,-62.55999999999767,21546.52
25937.41,-62.54999999999927,21594.717
25937.42,-62.54000000000087,21546.52
25937.43,-62.529999999998836,21739.359
25937.44,-62.52000000000044,21257.502
25937.45,-62.5099999999984,21546.52
25937.46,-62.5,21642.924
25937.47,-62.48999999999796,21642.924
25937.48,-62.47999999999956,21450.146
25937.49,-62.469999999997526,21450.146
25937.5,-62.45999999999913,21353.809
25937.51,-62.45000000000073,21498.33
25937.52,-62.43999999999869,21401.973
25937.53,-62.43000000000029,21594.717
25937.54,-62.419999999998254,21498.33
25937.55,-62.409999999999854,21642.924
25937.56,-62.39999999999782,21546.52
25937.57,-62.38999999999942,21594.717
25937.58,-62.37999999999738,21498.33
25937.59,-62.36999999999898,21594.717
25937.6,-62.36000000000058,21353.809
25937.61,-62.349999999998545,21450.146
25937.62,-62.340000000000146,21450.146
25937.63,-62.32999999999811,21450.146
25937.64,-62.31999999999971,21546.52
25937.65,-62.30999999999767,21594.717
25937.66,-62.29999999999927,21498.33
25937.67,-62.29000000000087,21498.33
25937.68,-62.279999999998836,21546.52
25937.69,-62.27000000000044,21594.717
25937.7,-62.2599999999984,21353.809
25937.71,-62.25,21450.146
25937.72,-62.23999999999796,21546.52
25937.73,-62.22999999999956,21401.973
25937.74,-62.219999999997526,21642.924
25937.75,-62.20999999999913,21594.717
25937.76,-62.20000000000073,21546.52
25937.77,-62.18999999999869,21450.146
25937.78,-62.18000000000029,21642.924
25937.79,-62.169999999998254,21401.973
25937.8,-62.159999999999854,21642.924
25937.81,-62.14999999999782,21546.52
25937.82,-62.13999999999942,21401.973
25937.83,-62.12999999999738,21450.146
25937.84,-62.11999999999898,21642.924
25937.85,-62.11000000000058,21594.717
25937.86,-62.099999999998545,21498.33
25937.87,-62.090000000000146,21401.973
25937.88,-62.07999999999811,21353.809
25937.89,-62.06999999999971,21401.973
25937.9,-62.05999999999767,21353.809
25937.91,-62.04999999999927,21594.717
25937.92,-62.04000000000087,21257.502
25937.93,-62.029999999998836,21450.146
25937.94,-62.02000000000044,21642.924
25937.95,-62.0099999999984,21546.52
25937.96,-62.0,21498.33
25937.97,-61.98999999999796,21401.973
25937.98,-61.97999999999956,21594.717
25937.99,-61.969999999997526,21353.809
25938.0,-61.95999999999913,21401.973
25938.01,-61.95000000000073,21450.146
25938.02,-61.93999999999869,21450.146
25938.03,-61.93000000000029,21546.52
25938.04,-61.919999999998254,21546.52
25938.05,-61.909999999999854,21594.717
25938.06,-61.89999999999782,21594.717
25938.07,-61.88999999999942,21401.973
25938.08,-61.87999999999738,21498.33
25938.09,-61.86999999999898,21594.717
25938.1,-61.86000000000058,21401.973
25938.11,-61.849999999998545,21450.146
25938.12,-61.840000000000146,21546.52
25938.13,-61.82999999999811,21546.52
25938.14,-61.81999999999971,21739.359
25938.15,-61.80999999999767,21594.717
25938.16,-61.79999999999927,21691.139
25938.17,-61.79000000000087,21546.52
25938.18,-61.779999999998836,21739.359
25938.19,-61.77000000000044,21594.717
25938.2,-61.7599999999984,21594.717
25938.21,-61.75,21594.717
25938.22,-61.73999999999796,21642.924
25938.23,-61.72999999999956,21594.717
25938.24,-61.719999999997526,21498.33
25938.25,-61.70999999999913,21401.973
25938.26,-61.70000000000073,21642.924
25938.27,-61.68999999999869,21594.717
25938.28,-61.68000000000029,21498.33
25938.29,-61.669999999998254,21353.809
25938.3,-61.659999999999854,21594.717
25938.31,-61.64999999999782,21401.973
25938.32,-61.63999999999942,21305.65
25938.33,-61.62999999999738,21450.146
25938.34,-61.61999999999898,21498.33
25938.35,-61.61000000000058,21594.717
25938.36,-61.599999999998545,21594.717
25938.37,-61.590000000000146,21546.52
25938.38,-61.57999999999811,21546.52
25938.39,-61.56999999999971,21594.717
25938.4,-61.55999999999767,21498.33
25938.41,-61.54999999999927,21546.52
25938.42,-61.54000000000087,21594.717
25938.43,-61.529999999998836,21594.717
25938.44,-61.52000000000044,21642.924
25938.45,-61.5099999999984,21353.809
25938.46,-61.5,21498.33
25938.47,-61.48999999999796,21691.139
25938.48,-61.47999999999956,21642.924
25938.49,-61.469999999997526,21498.33
25938.5,-61.45999999999913,21691.139
25938.51,-61.45000000000073,21739.359
25938.52,-61.43999999999869,21498.33
25938.53,-61.43000000000029,21498.33
25938.54,-61.419999999998254,21594.717
25938.55,-61.409999999999854,21450.146
25938.56,-61.39999999999782,21498.33
25938.57,-61.38999999999942,21691.139
25938.58,-61.37999999999738,21546.52
25938.59,-61.36999999999898,21787.59
25938.6,-61.36000000000058,21546.52
25938.61,-61.349999999998545,21546.52
25938.62,-61.340000000000146,21546.52
25938.63,-61.32999999999811,21594.717
25938.64,-61.31999999999971,21691.139
25938.65,-61.30999999999767,21642.924
25938.66,-61.29999999999927,21594.717
25938.67,-61.29000000000087,21594.717
25938.68,-61.279999999998836,21546.52
25938.69,-61.27000000000044,21642.924
25938.7,-61.2599999999984,21401.973
25938.71,-61.25,21546.52
25938.72,-61.23999999999796,21787.59
25938.73,-61.22999999999956,21691.139
25938.74,-61.219999999997526,21450.146
25938.75,-61.20999999999913,21546.52
25938.76,-61.20000000000073,21691.139
25938.77,-61.18999999999869,21739.359
25938.78,-61.18000000000029,21546.52
25938.79,-61.169999999998254,21691.139
25938.8,-61.159999999999854,21546.52
25938.81,-61.14999999999782,21642.924
25938.82,-61.13999999999942,21498.33
25938.83,-61.12999999999738,21498.33
25938.84,-61.11999999999898,21594.717
25938.85,-61.11000000000058,21546.52
25938.86,-61.099999999998545,21546.52
25938.87,-61.090000000000146,21401.973
25938.88,-61.07999999999811,21498.33
25938.89,-61.06999999999971,21353.809
25938.9,-61.05999999999767,21498.33
25938.91,-61.04999999999927,21353.809
25938.92,-61.04000000000087,21498.33
25938.93,-61.029999999998836,21642.924
25938.94,-61.02000000000044,21353.809
25938.95,-61.0099999999984,21305.65
25938.96,-61.0,21594.717
25938.97,-60.98999999999796,21691.139
25938.98,-60.97999999999956,21401.973
25938.99,-60.969999999997526,21739.359
25939.0,-60.95999999999913,21450.146
25939.01,-60.95000000000073,21498.33
25939.02,-60.93999999999869,21546.52
25939.03,-60.93000000000029,21498.33
25939.04,-60.919999999998254,21594.717
25939.05,-60.909999999999854,21546.52
25939.06,-60.89999999999782,21401.973
25939.07,-60.88999999999942,21450.146
25939.08,-60.87999999999738,21546.52
25939.09,-60.86999999999898,21594.717
25939.1,-60.86000000000058,21450.146
25939.11,-60.849999999998545,21498.33
25939.12,-60.840000000000146,21546.52
25939.13,-60.82999999999811,21642.924
25939.14,-60.81999999999971,21691.139
25939.15,-60.80999999999767,21594.717
25939.16,-60.79999999999927,21353.809
25939.17,-60.79000000000087,21450.146
25939.18,-60.779999999998836,21835.83
25939.19,-60.77000000000044,21546.52
25939.2,-60.7599999999984,21739.359
25939.21,-60.75,21642.924
25939.22,-60.73999999999796,21498.33
25939.23,-60.72999999999956,21691.139
25939.24,-60.719999999997526,21594.717
25939.25,-60.70999999999913,21642.924
25939.26,-60.70000000000073,21450.146
25939.27,-60.68999999999869,21498.33
25939.28,-60.68000000000029,21546.52
25939.29,-60.669999999998254,21594.717
25939.3,-60.659999999999854,21835.83
25939.31,-60.64999999999782,21353.809
25939.32,-60.63999999999942,21546.52
25939.33,-60.62999999999738,21642.924
25939.34,-60.61999999999898,21450.146
25939.35,-60.61000000000058,21401.973
25939.36,-60.599999999998545,21546.52
25939.37,-60.590000000000146,21546.52
25939.38,-60.57999999999811,21642.924
25939.39,-60.56999999999971,21594.717
25939.4,-60.55999999999767,21546.52
25939.41,-60.54999999999927,21546.52
25939.42,-60.54000000000087,21353.809
25939.43,-60.529999999998836,21642.924
25939.44,-60.52000000000044,21546.52
25939.45,-60.5099999999984,21401.973
25939.46,-60.5,21787.59
25939.47,-60.48999999999796,21594.717
25939.48,-60.47999999999956,21450.146
25939.49,-60.469999999997526,21498.33
25939.5,-60.45999999999913,21546.52
25939.51,-60.45000000000073,21546.52
25939.52,-60.43999999999869,21401.973
25939.53,-60.43000000000029,21642.924
25939.54,-60.419999999998254,21546.52
25939.55,-60.409999999999854,21691.139
25939.56,-60.39999999999782,21691.139
25939.57,-60.38999999999942,21594.717
25939.58,-60.37999999999738,21546.52
25939.59,-60.36999999999898,21594.717
25939.6,-60.36000000000058,21642.924
25939.61,-60.349999999998545,21594.717
25939.62,-60.340000000000146,21739.359
25939.63,-60.32999999999811,21691.139
25939.64,-60.31999999999971,21691.139
25939.65,-60.30999999999767,21594.717
25939.66,-60.29999999999927,21594.717
25939.67,-60.29000000000087,21787.59
25939.68,-60.279999999998836,21594.717
25939.69,-60.27000000000044,21787.59
25939.7,-60.2599999999984,21691.139
25939.71,-60.25,21594.717
25939.72,-60.23999999999796,21739.359
25939.73,-60.22999999999956,21594.717
25939.74,-60.219999999997526,21498.33
25939.75,-60.20999999999913,21594.717
25939.76,-60.20000000000073,21450.146
25939.77,-60.18999999999869,21498.33
25939.78,-60.18000000000029,21594.717
25939.79,-60.169999999998254,21546.52
25939.8,-60.159999999999854,21498.33
25939.81,-60.14999999999782,21642.924
25939.82,-60.13999999999942,21594.717
25939.83,-60.12999999999738,21594.717
25939.84,-60.11999999999898,21594.717
25939.85,-60.11000000000058,21498.33
25939.86,-60.099999999998545,21546.52
25939.87,-60.090000000000146,21353.809
25939.88,-60.07999999999811,21546.52
25939.89,-60.06999999999971,21498.33
25939.9,-60.05999999999767,21498.33
25939.91,-60.04999999999927,21594.717
25939.92,-60.04000000000087,21546.52
25939.93,-60.029999999998836,21498.33
25939.94,-60.02000000000044,21498.33
25939.95,-60.0099999999984,21594.717
25939.96,-60.0,21450.146
25939.97,-59.98999999999796,21787.59
25939.98,-59.97999999999956,21594.717
25939.99,-59.969999999997526,21642.924
25940.0,-59.95999999999913,21739.359
25940.01,-59.95000000000073,21884.076
25940.02,-59.93999999999869,21546.52
25940.03,-59.93000000000029,21594.717
25940.04,-59.919999999998254,21594.717
25940.05,-59.909999999999854,21642.924
25940.06,-59.89999999999782,21450.146
25940.07,-59.88999999999942,21594.717
25940.08,-59.87999999999738,21498.33
25940.09,-59.86999999999898,21691.139
25940.1,-59.86000000000058,21546.52
25940.11,-59.849999999998545,21642.924
25940.12,-59.840000000000146,21546.52
25940.13,-59.82999999999811,21787.59
25940.14,-59.81999999999971,21642.924
25940.15,-59.80999999999767,21450.146
25940.16,-59.79999999999927,21594.717
25940.17,-59.79000000000087,21498.33
25940.18,-59.779999999998836,21739.359
25940.19,-59.77000000000044,21691.139
25940.2,-59.7599999999984,21353.809
25940.21,-59.75,21594.717
25940.22,-59.73999999999796,21498.33
25940.23,-59.72999999999956,21546.52
25940.24,-59.719999999997526,21498.33
25940.25,-59.70999999999913,21642.924
25940.26,-59.70000000000073,21546.52
25940.27,-59.68999999999869,21594.717
25940.28,-59.68000000000029,21594.717
25940.29,-59.669999999998254,21546.52
25940.3,-59.659999999999854,21739.359
25940.31,-59.64999999999782,21450.146
25940.32,-59.63999999999942,21594.717
25940.33,-59.62999999999738,21546.52
25940.34,-59.61999999999898,21401.973
25940.35,-59.61000000000058,21642.924
25940.36,-59.599999999998545,21498.33
25940.37,-59.590000000000146,21450.146
25940.38,-59.57999999999811,21546.52
25940.39,-59.56999999999971,21594.717
25940.4,-59.55999999999767,21594.717
25940.41,-59.54999999999927,21691.139
25940.42,-59.54000000000087,21450.146
25940.43,-59.529999999998836,21739.359
25940.44,-59.52000000000044,21401.973
25940.45,-59.5099999999984,21498.33
25940.46,-59.5,21546.52
25940.47,-59.48999999999796,21884.076
25940.48,-59.47999999999956,21498.33
25940.49,-59.469999999997526,21739.359
25940.5,-59.45999999999913,21787.59
25940.51,-59.45000000000073,21691.139
25940.52,-59.43999999999869,21546.52
25940.53,-59.43000000000029,21594.717
25940.54,-59.419999999998254,21450.146
25940.55,-59.409999999999854,21739.359
25940.56,-59.39999999999782,21546.52
25940.57,-59.38999999999942,21353.809
25940.58,-59.37999999999738,21498.33
25940.59,-59.36999999999898,21594.717
25940.6,-59.36000000000058,21498.33
25940.61,-59.349999999998545,21450.146
25940.62,-59.340000000000146,21546.52
25940.63,-59.32999999999811,21594.717
25940.64,-59.31999999999971,21546.52
25940.65,-59.30999999999767,21642.924
25940.66,-59.29999999999927,21546.52
25940.67,-59.29000000000087,21835.83
25940.68,-59.279999999998836,21691.139
25940.69,-59.27000000000044,21594.717
25940.7,-59.2599999999984,21642.924
25940.71,-59.25,21498.33
25940.72,-59.23999999999796,21691.139
25940.73,-59.22999999999956,21498.33
25940.74,-59.219999999997526,21594.717
25940.75,-59.20999999999913,21594.717
25940.76,-59.20000000000073,21642.924
25940.77,-59.18999999999869,21642.924
25940.78,-59.18000000000029,21691.139
25940.79,-59.169999999998254,21691.139
25940.8,-59.159999999999854,21739.359
25940.81,-59.14999999999782,21594.717
25940.82,-59.13999999999942,21546.52
25940.83,-59.12999999999738,21594.717
25940.84,-59.11999999999898,21642.924
25940.85,-59.11000000000058,21546.52
25940.86,-59.099999999998545,21450.146
25940.87,-59.090000000000146,21594.717
25940.88,-59.07999999999811,21498.33
25940.89,-59.06999999999971,21642.924
25940.9,-59.05999999999767,21450.146
25940.91,-59.04999999999927,21594.717
25940.92,-59.04000000000087,21546.52
25940.93,-59.029999999998836,21691.139
25940.94,-59.02000000000044,21353.809
25940.95,-59.0099999999984,21401.973
25940.96,-59.0,21450.146
25940.97,-58.98999999999796,21739.359
25940.98,-58.97999999999956,21594.717
25940.99,-58.969999999997526,21642.924
25941.0,-58.95999999999913,21594.717
25941.01,-58.95000000000073,21739.359
25941.02,-58.93999999999869,21498.33
25941.03,-58.93000000000029,21594.717
25941.04,-58.919999999998254,21546.52
25941.05,-58.909999999999854,21739.359
25941.06,-58.89999999999782,21594.717
25941.07,-58.88999999999942,21594.717
25941.08,-58.87999999999738,21594.717
25941.09,-58.86999999999898,21498.33
25941.1,-58.86000000000058,21787.59
25941.11,-58.849999999998545,21353.809
25941.12,-58.840000000000146,21546.52
25941.13,-58.82999999999811,21546.52
25941.14,-58.81999999999971,21594.717
25941.15,-58.80999999999767,21594.717
25941.16,-58.79999999999927,21546.52
25941.17,-58.79000000000087,21594.717
25941.18,-58.779999999998836,21353.809
25941.19,-58.77000000000044,21594.717
25941.2,-58.7599999999984,21642.924
25941.21,-58.75,21401.973
25941.22,-58.73999999999796,21642.924
25941.23,-58.72999999999956,21594.717
25941.24,-58.719999999997526,21594.717
25941.25,-58.70999999999913,21739.359
25941.26,-58.70000000000073,21450.146
25941.27,-58.68999999999869,21546.52
25941.28,-58.68000000000029,21546.52
25941.29,-58.669999999998254,21450.146
25941.3,-58.659999999999854,21546.52
25941.31,-58.64999999999782,21594.717
25941.32,-58.63999999999942,21498.33
25941.33,-58.62999999999738,21546.52
25941.34,-58.61999999999898,21642.924
25941.35,-58.61000000000058,21450.146
25941.36,-58.599999999998545,21401.973
25941.37,-58.590000000000146,21691.139
25941.38,-58.57999999999811,21642.924
25941.39,-58.56999999999971,21739.359
25941.4,-58.55999999999767,21546.52
25941.41,-58.54999999999927,21594.717
25941.42,-58.54000000000087,21401.973
25941.43,-58.529999999998836,21401.973
25941.44,-58.52000000000044,21642.924
25941.45,-58.5099999999984,21450.146
25941.46,-58.5,21691.139
25941.47,-58.48999999999796,21594.717
25941.48,-58.47999999999956,21353.809
25941.49,-58.469999999997526,21546.52
25941.5,-58.45999999999913,21546.52
25941.51,-58.45000000000073,21642.924
25941.52,-58.43999999999869,21739.359
25941.53,-58.43000000000029,21450.146
25941.54,-58.419999999998254,21739.359
25941.55,-58.409999999999854,21594.717
25941.56,-58.39999999999782,21450.146
25941.57,-58.38999999999942,21546.52
25941.58,-58.37999999999738,21450.146
25941.59,-58.36999999999898,21642.924
25941.6,-58.36000000000058,21498.33
25941.61,-58.349999999998545,21450.146
25941.62,-58.340000000000146,21353.809
25941.63,-58.32999999999811,21498.33
25941.64,-58.31999999999971,21450.146
25941.65,-58.30999999999767,21450.146
25941.66,-58.29999999999927,21642.924
25941.67,-58.29000000000087,21546.52
25941.68,-58.279999999998836,21691.139
25941.69,-58.27000000000044,21594.717
25941.7,-58.2599999999984,21450.146
25941.71,-58.25,21594.717
25941.72,-58.23999999999796,21594.717
25941.73,-58.22999999999956,21594.717
25941.74,-58.219999999997526,21594.717
25941.75,-58.20999999999913,21594.717
25941.76,-58.20000000000073,21594.717
25941.77,-58.18999999999869,21353.809
25941.78,-58.18000000000029,21642.924
25941.79,-58.169999999998254,21594.717
25941.8,-58.159999999999854,21498.33
25941.81,-58.14999999999782,21450.146
25941.82,-58.13999999999942,21594.717
25941.83,-58.12999999999738,21546.52
25941.84,-58.11999999999898,21546.52
25941.85,-58.11000000000058,21739.359
25941.86,-58.099999999998545,21450.146
25941.87,-58.090000000000146,21642.924
25941.88,-58.07999999999811,21787.59
25941.89,-58.06999999999971,21594.717
25941.9,-58.05999999999767,21546.52
25941.91,-58.04999999999927,21787.59
25941.92,-58.04000000000087,21450.146
25941.93,-58.029999999998836,21594.717
25941.94,-58.02000000000044,21642.924
25941.95,-58.0099999999984,21450.146
25941.96,-58.0,21642.924
25941.97,-57.98999999999796,21739.359
25941.98,-57.97999999999956,21546.52
25941.99,-57.969999999997526,21498.33
25942.0,-57.95999999999913,21498.33
25942.01,-57.95000000000073,21594.717
25942.02,-57.93999999999869,21401.973
25942.03,-57.93000000000029,21594.717
25942.04,-57.919999999998254,21594.717
25942.05,-57.909999999999854,21594.717
25942.06,-57.89999999999782,21353.809
25942.07,-57.88999999999942,21691.139
25942.08,-57.87999999999738,21642.924
25942.09,-57.86999999999898,21739.359
25942.1,-57.86000000000058,21450.146
25942.11,-57.849999999998545,21546.52
25942.12,-57.840000000000146,21546.52
25942.13,-57.82999999999811,21401.973
25942.14,-57.81999999999971,21498.33
25942.15,-57.80999999999767,21546.52
25942.16,-57.79999999999927,21498.33
25942.17,-57.79000000000087,21498.33
25942.18,-57.779999999998836,21787.59
25942.19,-57.77000000000044,21546.52
25942.2,-57.7599999999984,21642.924
25942.21,-57.75,21594.717
25942.22,-57.73999999999796,21691.139
25942.23,-57.72999999999956,21450.146
25942.24,-57.719999999997526,21498.33
25942.25,-57.70999999999913,21642.924
25942.26,-57.70000000000073,21691.139
25942.27,-57.68999999999869,21305.65
25942.28,-57.68000000000029,21498.33
25942.29,-57.669999999998254,21546.52
25942.3,-57.659999999999854,21691.139
25942.31,-57.64999999999782,21642.924
25942.32,-57.63999999999942,21594.717
25942.33,-57.62999999999738,21739.359
25942.34,-57.61999999999898,21642.924
25942.35,-57.61000000000058,21546.52
25942.36,-57.599999999998545,21642.924
25942.37,-57.590000000000146,21546.52
25942.38,-57.57999999999811,21498.33
25942.39,-57.56999999999971,21691.139
25942.4,-57.55999999999767,21546.52
25942.41,-57.54999999999927,21450.146
25942.42,-57.54000000000087,21642.924
25942.43,-57.529999999998836,21691.139
25942.44,-57.52000000000044,21353.809
25942.45,-57.5099999999984,21594.717
25942.46,-57.5,21594.717
25942.47,-57.48999999999796,21642.924
25942.48,-57.47999999999956,21691.139
25942.49,-57.469999999997526,21498.33
25942.5,-57.45999999999913,21498.33
25942.51,-57.45000000000073,21594.717
25942.52,-57.43999999999869,21498.33
25942.53,-57.43000000000029,21594.717
25942.54,-57.419999999998254,21739.359
25942.55,-57.409999999999854,21594.717
25942.56,-57.39999999999782,21594.717
25942.57,-57.38999999999942,21594.717
25942.58,-57.37999999999738,21642.924
25942.59,-57.36999999999898,21691.139
25942.6,-57.36000000000058,21546.52
25942.61,-57.349999999998545,21594.717
25942.62,-57.340000000000146,21691.139
25942.63,-57.32999999999811,21546.52
25942.64,-57.31999999999971,21498.33
25942.65,-57.30999999999767,21546.52
25942.66,-57.29999999999927,21594.717
25942.67,-57.29000000000087,21594.717
25942.68,-57.279999999998836,21642.924
25942.69,-57.27000000000044,21642.924
25942.7,-57.2599999999984,21594.717
25942.71,-57.25,21835.83
25942.72,-57.23999999999796,21691.139
25942.73,-57.22999999999956,21691.139
25942.74,-57.219999999997526,21642.924
25942.75,-57.20999999999913,21691.139
25942.76,-57.20000000000073,21498.33
25942.77,-57.18999999999869,21594.717
25942.78,-57.18000000000029,21498.33
25942.79,-57.169999999998254,21642.924
25942.8,-57.159999999999854,21546.52
25942.81,-57.14999999999782,21787.59
25942.82,-57.13999999999942,21401.973
25942.83,-57.12999999999738,21546.52
25942.84,-57.11999999999898,21787.59
25942.85,-57.11000000000058,21498.33
25942.86,-57.099999999998545,21401.973
25942.87,-57.090000000000146,21546.52
25942.88,-57.07999999999811,21546.52
25942.89,-57.06999999999971,21594.717
25942.9,-57.05999999999767,21642.924
25942.91,-57.04999999999927,21642.924
25942.92,-57.04000000000087,21498.33
25942.93,-57.029999999998836,21498.33
25942.94,-57.02000000000044,21401.973
25942.95,-57.0099999999984,21450.146
25942.96,-57.0,21594.717
25942.97,-56.98999999999796,21787.59
25942.98,-56.97999999999956,21498.33
25942.99,-56.969999999997526,21642.924
25943.0,-56.95999999999913,21546.52
25943.01,-56.95000000000073,21787.59
25943.02,-56.93999999999869,21450.146
25943.03,-56.93000000000029,21546.52
25943.04,-56.919999999998254,21787.59
25943.05,-56.909999999999854,21594.717
25943.06,-56.89999999999782,21594.717
25943.07,-56.88999999999942,21546.52
25943.08,-56.87999999999738,21642.924
25943.09,-56.86999999999898,21787.59
25943.1,-56.86000000000058,21450.146
25943.11,-56.849999999998545,21739.359
25943.12,-56.840000000000146,21787.59
25943.13,-56.82999999999811,21787.59
25943.14,-56.81999999999971,21739.359
25943.15,-56.80999999999767,21353.809
25943.16,-56.79999999999927,21739.359
25943.17,-56.79000000000087,21787.59
25943.18,-56.779999999998836,21691.139
25943.19,-56.77000000000044,21546.52
25943.2,-56.7599999999984,21498.33
25943.21,-56.75,21787.59
25943.22,-56.73999999999796,21594.717
25943.23,-56.72999999999956,21546.52
25943.24,-56.719999999997526,21691.139
25943.25,-56.70999999999913,21594.717
25943.26,-56.70000000000073,21739.359
25943.27,-56.68999999999869,21594.717
25943.28,-56.68000000000029,21450.146
25943.29,-56.669999999998254,21305.65
25943.3,-56.659999999999854,21305.65
25943.31,-56.64999999999782,21884.076
25943.32,-56.63999999999942,22657.131
25943.33,-56.62999999999738,23092.887
25943.34,-56.61999999999898,23820.611
25943.35,-56.61000000000058,23869.189
25943.36,-56.599999999998545,23917.777
25943.37,-56.590000000000146,23820.611
25943.38,-56.57999999999811,23820.611
25943.39,-56.56999999999971,23772.039
25943.4,-56.55999999999767,23772.039
25943.41,-56.54999999999927,23383.758
25943.42,-56.54000000000087,23626.373
25943.43,-56.529999999998836,23529.301
25943.44,-56.52000000000044,23577.832
25943.45,-56.5099999999984,23723.475
25943.46,-56.5,23674.92
25943.47,-56.48999999999796,23626.373
25943.48,-56.47999999999956,23432.264
25943.49,-56.469999999997526,23723.475
25943.5,-56.45999999999913,23723.475
25943.51,-56.45000000000073,23626.373
25943.52,-56.43999999999869,23869.189
25943.53,-56.43000000000029,23723.475
25943.54,-56.419999999998254,23820.611
25943.55,-56.409999999999854,23674.92
25943.56,-56.39999999999782,23480.779
25943.57,-56.38999999999942,23577.832
25943.58,-56.37999999999738,23577.832
25943.59,-56.36999999999898,23674.92
25943.6,-56.36000000000058,23480.779
25943.61,-56.349999999998545,23723.475
25943.62,-56.340000000000146,23529.301
25943.63,-56.32999999999811,23480.779
25943.64,-56.31999999999971,23674.92
25943.65,-56.30999999999767,23626.373
25943.66,-56.29999999999927,23674.92
25943.67,-56.29000000000087,23723.475
25943.68,-56.279999999998836,23674.92
25943.69,-56.27000000000044,23772.039
25943.7,-56.2599999999984,23674.92
25943.71,-56.25,23917.777
25943.72,-56.23999999999796,23674.92
25943.73,-56.22999999999956,23480.779
25943.74,-56.219999999997526,23674.92
25943.75,-56.20999999999913,23577.832
25943.76,-56.20000000000073,23529.301
25943.77,-56.18999999999869,23529.301
25943.78,-56.18000000000029,23480.779
25943.79,-56.169999999998254,23723.475
25943.8,-56.159999999999854,23723.475
25943.81,-56.14999999999782,23480.779
25943.82,-56.13999999999942,23723.475
25943.83,-56.12999999999738,23723.475
25943.84,-56.11999999999898,23723.475
25943.85,-56.11000000000058,23723.475
25943.86,-56.099999999998545,23820.611
25943.87,-56.090000000000146,23529.301
25943.88,-56.07999999999811,23772.039
25943.89,-56.06999999999971,23577.832
25943.9,-56.05999999999767,23480.779
25943.91,-56.04999999999927,23577.832
25943.92,-56.04000000000087,23432.264
25943.93,-56.029999999998836,23674.92
25943.94,-56.02000000000044,23674.92
25943.95,-56.0099999999984,23626.373
25943.96,-56.0,23674.92
25943.97,-55.98999999999796,23674.92
25943.98,-55.97999999999956,23674.92
25943.99,-55.969999999997526,23772.039
25944.0,-55.95999999999913,23674.92
25944.01,-55.95000000000073,23529.301
25944.02,-55.93999999999869,23674.92
25944.03,-55.93000000000029,23723.475
25944.04,-55.919999999998254,23529.301
25944.05,-55.909999999999854,23577.832
25944.06,-55.89999999999782,23626.373
25944.07,-55.88999999999942,23772.039
25944.08,-55.87999999999738,23723.475
25944.09,-55.86999999999898,23674.92
25944.1,-55.86000000000058,23674.92
25944.11,-55.849999999998545,23674.92
25944.12,-55.840000000000146,23626.373
25944.13,-55.82999999999811,23723.475
25944.14,-55.81999999999971,23723.475
25944.15,-55.80999999999767,23772.039
25944.16,-55.79999999999927,24160.84
25944.17,-55.79000000000087,24891.244
25944.18,-55.779999999998836,24988.77
25944.19,-55.77000000000044,24891.244
25944.2,-55.7599999999984,24891.244
25944.21,-55.75,24842.494
25944.22,-55.73999999999796,24988.77
25944.23,-55.72999999999956,24842.494
25944.24,-55.719999999997526,23141.346
25944.25,-55.70999999999913,21932.332
25944.26,-55.70000000000073,21594.717
25944.27,-55.68999999999869,21401.973
25944.28,-55.68000000000029,21401.973
25944.29,-55.669999999998254,21450.146
25944.3,-55.659999999999854,21450.146
25944.31,-55.64999999999782,21498.33
25944.32,-55.63999999999942,21209.359
25944.33,-55.62999999999738,21257.502
25944.34,-55.61999999999898,21401.973
25944.35,-55.61000000000058,21353.809
25944.36,-55.599999999998545,21594.717
25944.37,-55.590000000000146,21450.146
25944.38,-55.57999999999811,21353.809
25944.39,-55.56999999999971,21353.809
25944.4,-55.55999999999767,21161.227
25944.41,-55.54999999999927,21401.973
25944.42,-55.54000000000087,21353.809
25944.43,-55.529999999998836,21498.33
25944.44,-55.52000000000044,21450.146
25944.45,-55.5099999999984,21161.227
25944.46,-55.5,21401.973
25944.47,-55.48999999999796,21401.973
25944.48,-55.47999999999956,21305.65
25944.49,-55.469999999997526,21546.52
25944.5,-55.45999999999913,21498.33
25944.51,-55.45000000000073,21498.33
25944.52,-55.43999999999869,21353.809
25944.53,-55.43000000000029,21161.227
25944.54,-55.419999999998254,21305.65
25944.55,-55.409999999999854,21450.146
25944.56,-55.39999999999782,21305.65
25944.57,-55.38999999999942,21257.502
25944.58,-55.37999999999738,21353.809
25944.59,-55.36999999999898,21498.33
25944.6,-55.36000000000058,21498.33
25944.61,-55.349999999998545,21401.973
25944.62,-55.340000000000146,21498.33
25944.63,-55.32999999999811,21257.502
25944.64,-55.31999999999971,21257.502
25944.65,-55.30999999999767,21257.502
25944.66,-55.29999999999927,21353.809
25944.67,-55.29000000000087,21209.359
25944.68,-55.279999999998836,21401.973
25944.69,-55.27000000000044,21353.809
25944.7,-55.2599999999984,21450.146
25944.71,-55.25,21401.973
25944.72,-55.23999999999796,21401.973
25944.73,-55.22999999999956,21353.809
25944.74,-55.219999999997526,21305.65
25944.75,-55.20999999999913,21353.809
25944.76,-55.20000000000073,21257.502
25944.77,-55.18999999999869,21257.502
25944.78,-55.18000000000029,21353.809
25944.79,-55.169999999998254,21305.65
25944.8,-55.159999999999854,21498.33
25944.81,-55.14999999999782,21450.146
25944.82,-55.13999999999942,21546.52
25944.83,-55.12999999999738,21305.65
25944.84,-55.11999999999898,21546.52
25944.85,-55.11000000000058,21594.717
25944.86,-55.099999999998545,21498.33
25944.87,-55.090000000000146,21401.973
25944.88,-55.07999999999811,21498.33
25944.89,-55.06999999999971,21498.33
25944.9,-55.05999999999767,21450.146
25944.91,-55.04999999999927,21257.502
25944.92,-55.04000000000087,21161.227
25944.93,-55.029999999998836,21498.33
25944.94,-55.02000000000044,21450.146
25944.95,-55.0099999999984,21353.809
25944.96,-55.0,21305.65
25944.97,-54.98999999999796,21401.973
25944.98,-54.97999999999956,21594.717
25944.99,-54.969999999997526,21353.809
25945.0,-54.95999999999913,21498.33
25945.01,-54.95000000000073,21450.146
25945.02,-54.93999999999869,21401.973
25945.03,-54.93000000000029,21161.227
25945.04,-54.919999999998254,21161.227
25945.05,-54.909999999999854,21353.809
25945.06,-54.89999999999782,21257.502
25945.07,-54.88999999999942,21401.973
25945.08,-54.87999999999738,21305.65
25945.09,-54.86999999999898,21257.502
25945.1,-54.86000000000058,21498.33
25945.11,-54.849999999998545,21161.227
25945.12,-54.840000000000146,21498.33
25945.13,-54.82999999999811,21498.33
25945.14,-54.81999999999971,21305.65
25945.15,-54.80999999999767,21401.973
25945.16,-54.79999999999927,21401.973
25945.17,-54.79000000000087,21305.65
25945.18,-54.779999999998836,21257.502
25945.19,-54.77000000000044,21161.227
25945.2,-54.7599999999984,21450.146
25945.21,-54.75,21546.52
25945.22,-54.73999999999796,21450.146
25945.23,-54.72999999999956,21305.65
25945.24,-54.719999999997526,21353.809
25945.25,-54.70999999999913,21257.502
25945.26,-54.70000000000073,21401.973
25945.27,-54.68999999999869,21353.809
25945.28,-54.68000000000029,21305.65
25945.29,-54.669999999998254,21353.809
25945.3,-54.659999999999854,21257.502
25945.31,-54.64999999999782,21305.65
25945.32,-54.63999999999942,21353.809
25945.33,-54.62999999999738,21498.33
25945.34,-54.61999999999898,21401.973
25945.35,-54.61000000000058,21401.973
25945.36,-54.599999999998545,21305.65
25945.37,-54.590000000000146,21257.502
25945.38,-54.57999999999811,21401.973
25945.39,-54.56999999999971,21161.227
25945.4,-54.55999999999767,21450.146
25945.41,-54.54999999999927,21257.502
25945.42,-54.54000000000087,21209.359
25945.43,-54.529999999998836,21401.973
25945.44,-54.52000000000044,21209.359
25945.45,-54.5099999999984,21498.33
25945.46,-54.5,21546.52
25945.47,-54.48999999999796,21353.809
25945.48,-54.47999999999956,21498.33
25945.49,-54.469999999997526,21450.146
25945.5,-54.45999999999913,21353.809
25945.51,-54.45000000000073,21498.33
25945.52,-54.43999999999869,21353.809
25945.53,-54.43000000000029,21209.359
25945.54,-54.419999999998254,21353.809
25945.55,-54.409999999999854,21401.973
25945.56,-54.39999999999782,21353.809
25945.57,-54.38999999999942,21113.102
25945.58,-54.37999999999738,21401.973
25945.59,-54.36999999999898,21353.809
25945.6,-54.36000000000058,21401.973
25945.61,-54.349999999998545,21353.809
25945.62,-54.340000000000146,21594.717
25945.63,-54.32999999999811,21305.65
25945.64,-54.31999999999971,21401.973
25945.65,-54.30999999999767,21353.809
25945.66,-54.29999999999927,21353.809
25945.67,-54.29000000000087,21257.502
25945.68,-54.279999999998836,21546.52
25945.69,-54.27000000000044,21209.359
25945.7,-54.2599999999984,21257.502
25945.71,-54.25,21353.809
25945.72,-54.23999999999796,21353.809
25945.73,-54.22999999999956,21257.502
25945.74,-54.219999999997526,21257.502
25945.75,-54.20999999999913,21353.809
25945.76,-54.20000000000073,21401.973
25945.77,-54.18999999999869,21353.809
25945.78,-54.18000000000029,21401.973
25945.79,-54.169999999998254,21257.502
25945.8,-54.159999999999854,21353.809
25945.81,-54.14999999999782,21450.146
25945.82,-54.13999999999942,21401.973
25945.83,-54.12999999999738,21305.65
25945.84,-54.11999999999898,21401.973
25945.85,-54.11000000000058,21305.65
25945.86,-54.099999999998545,21209.359
25945.87,-54.090000000000146,21257.502
25945.88,-54.07999999999811,21353.809
25945.89,-54.06999999999971,21401.973
25945.9,-54.05999999999767,21353.809
25945.91,-54.04999999999927,21257.502
25945.92,-54.04000000000087,21401.973
25945.93,-54.029999999998836,21257.502
25945.94,-54.02000000000044,21257.502
25945.95,-54.0099999999984,21305.65
25945.96,-54.0,21209.359
25945.97,-53.98999999999796,21401.973
25945.98,-53.97999999999956,21064.984
25945.99,-53.969999999997526,21257.502
25946.0,-53.95999999999913,21353.809
25946.01,-53.95000000000073,21401.973
25946.02,-53.93999999999869,21401.973
25946.03,-53.93000000000029,21401.973
25946.04,-53.919999999998254,21305.65
25946.05,-53.909999999999854,21305.65
25946.06,-53.89999999999782,21594.717
25946.07,-53.88999999999942,21209.359
25946.08,-53.87999999999738,21257.502
25946.09,-53.86999999999898,21498.33
25946.1,-53.86000000000058,21353.809
25946.11,-53.849999999998545,21401.973
25946.12,-53.840000000000146,21450.146
25946.13,-53.82999999999811,21401.973
25946.14,-53.81999999999971,21401.973
25946.15,-53.80999999999767,21305.65
25946.16,-53.79999999999927,21257.502
25946.17,-53.79000000000087,21161.227
25946.18,-53.779999999998836,21401.973
25946.19,-53.77000000000044,21064.984
25946.2,-53.7599999999984,21401.973
25946.21,-53.75,21209.359
25946.22,-53.73999999999796,21401.973
25946.23,-53.72999999999956,21353.809
25946.24,-53.719999999997526,21305.65
25946.25,-53.70999999999913,21401.973
25946.26,-53.70000000000073,21498.33
25946.27,-53.68999999999869,21546.52
25946.28,-53.68000000000029,21257.502
25946.29,-53.669999999998254,21450.146
25946.3,-53.659999999999854,21401.973
25946.31,-53.64999999999782,21257.502
25946.32,-53.63999999999942,21401.973
25946.33,-53.62999999999738,21209.359
25946.34,-53.61999999999898,21401.973
25946.35,-53.61000000000058,21450.146
25946.36,-53.599999999998545,21209.359
25946.37,-53.590000000000146,21353.809
25946.38,-53.57999999999811,21450.146
25946.39,-53.56999999999971,21353.809
25946.4,-53.55999999999767,21161.227
25946.41,-53.54999999999927,21305.65
25946.42,-53.54000000000087,21401.973
25946.43,-53.529999999998836,21498.33
25946.44,-53.52000000000044,21161.227
25946.45,-53.5099999999984,21161.227
25946.46,-53.5,21546.52
25946.47,-53.48999999999796,21546.52
25946.48,-53.47999999999956,21498.33
25946.49,-53.469999999997526,21257.502
25946.5,-53.45999999999913,21257.502
25946.51,-53.45000000000073,21498.33
25946.52,-53.43999999999869,21257.502
25946.53,-53.43000000000029,21450.146
25946.54,-53.419999999998254,21161.227
25946.55,-53.409999999999854,21450.146
25946.56,-53.39999999999782,21257.502
25946.57,-53.38999999999942,21353.809
25946.58,-53.37999999999738,21161.227
25946.59,-53.36999999999898,21450.146
25946.6,-53.36000000000058,21161.227
25946.61,-53.349999999998545,21209.359
25946.62,-53.340000000000146,21353.809
25946.63,-53.32999999999811,21401.973
25946.64,-53.31999999999971,21401.973
25946.65,-53.30999999999767,21209.359
25946.66,-53.29999999999927,21161.227
25946.67,-53.29000000000087,21305.65
25946.68,-53.279999999998836,21401.973
25946.69,-53.27000000000044,21064.984
25946.7,-53.2599999999984,21450.146
25946.71,-53.25,21450.146
25946.72,-53.23999999999796,21257.502
25946.73,-53.22999999999956,21305.65
25946.74,-53.219999999997526,21209.359
25946.75,-53.20999999999913,21353.809
25946.76,-53.20000000000073,21305.65
25946.77,-53.18999999999869,21401.973
25946.78,-53.18000000000029,21353.809
25946.79,-53.169999999998254,21353.809
25946.8,-53.159999999999854,21401.973
25946.81,-53.14999999999782,21401.973
25946.82,-53.13999999999942,21161.227
25946.83,-53.12999999999738,21546.52
25946.84,-53.11999999999898,21257.502
25946.85,-53.11000000000058,21353.809
25946.86,-53.099999999998545,21161.227
25946.87,-53.090000000000146,21161.227
25946.88,-53.07999999999811,21161.227
25946.89,-53.06999999999971,21401.973
25946.9,-53.05999999999767,21257.502
25946.91,-53.04999999999927,21209.359
25946.92,-53.04000000000087,21305.65
25946.93,-53.029999999998836,21353.809
25946.94,-53.02000000000044,21305.65
25946.95,-53.0099999999984,21305.65
25946.96,-53.0,21401.973
25946.97,-52.98999999999796,21353.809
25946.98,-52.97999999999956,21257.502
25946.99,-52.969999999997526,21305.65
25947.0,-52.95999999999913,21305.65
25947.01,-52.95000000000073,21450.146
25947.02,-52.93999999999869,21353.809
25947.03,-52.93000000000029,21305.65
25947.04,-52.919999999998254,21257.502
25947.05,-52.909999999999854,21450.146
25947.06,-52.89999999999782,21353.809
25947.07,-52.88999999999942,21353.809
25947.08,-52.87999999999738,21161.227
25947.09,-52.86999999999898,21401.973
25947.1,-52.86000000000058,21498.33
25947.11,-52.849999999998545,21353.809
25947.12,-52.840000000000146,21401.973
25947.13,-52.82999999999811,21401.973
25947.14,-52.81999999999971,21450.146
25947.15,-52.80999999999767,21353.809
25947.16,-52.79999999999927,21305.65
25947.17,-52.79000000000087,21064.984
25947.18,-52.779999999998836,21450.146
25947.19,-52.77000000000044,21209.359
25947.2,-52.7599999999984,21450.146
25947.21,-52.75,21401.973
25947.22,-52.73999999999796,21209.359
25947.23,-52.72999999999956,21401.973
25947.24,-52.719999999997526,21401.973
25947.25,-52.70999999999913,21401.973
25947.26,-52.70000000000073,21498.33
25947.27,-52.68999999999869,21401.973
25947.28,-52.68000000000029,21353.809
25947.29,-52.669999999998254,21305.65
25947.3,-52.659999999999854,21498.33
25947.31,-52.64999999999782,21401.973
25947.32,-52.63999999999942,21209.359
25947.33,-52.62999999999738,21305.65
25947.34,-52.61999999999898,21305.65
25947.35,-52.61000000000058,21401.973
25947.36,-52.599999999998545,21113.102
25947.37,-52.590000000000146,21305.65
25947.38,-52.57999999999811,21209.359
25947.39,-52.56999999999971,21161.227
25947.4,-52.55999999999767,21257.502
25947.41,-52.54999999999927,21353.809
25947.42,-52.54000000000087,21305.65
25947.43,-52.529999999998836,21209.359
25947.44,-52.52000000000044,21161.227
25947.45,-52.5099999999984,21450.146
25947.46,-52.5,21161.227
25947.47,-52.48999999999796,21257.502
25947.48,-52.47999999999956,21401.973
25947.49,-52.469999999997526,21209.359
25947.5,-52.45999999999913,21401.973
25947.51,-52.45000000000073,21161.227
25947.52,-52.43999999999869,21305.65
25947.53,-52.43000000000029,21257.502
25947.54,-52.419999999998254,21305.65
25947.55,-52.409999999999854,21401.973
25947.56,-52.39999999999782,21161.227
25947.57,-52.38999999999942,21209.359
25947.58,-52.37999999999738,21353.809
25947.59,-52.36999999999898,21401.973
25947.6,-52.36000000000058,21353.809
25947.61,-52.349999999998545,21401.973
25947.62,-52.340000000000146,21353.809
25947.63,-52.32999999999811,21450.146
25947.64,-52.31999999999971,21498.33
25947.65,-52.30999999999767,21161.227
25947.66,-52.29999999999927,21257.502
25947.67,-52.29000000000087,21257.502
25947.68,-52.279999999998836,21594.717
25947.69,-52.27000000000044,21257.502
25947.7,-52.2599999999984,21401.973
25947.71,-52.25,21257.502
25947.72,-52.23999999999796,21498.33
25947.73,-52.22999999999956,21257.502
25947.74,-52.219999999997526,21498.33
25947.75,-52.20999999999913,21450.146
25947.76,-52.20000000000073,21498.33
25947.77,-52.18999999999869,21257.502
25947.78,-52.18000000000029,21257.502
25947.79,-52.169999999998254,21257.502
25947.8,-52.159999999999854,21401.973
25947.81,-52.14999999999782,21401.973
25947.82,-52.13999999999942,21161.227
25947.83,-52.12999999999738,21257.502
25947.84,-52.11999999999898,21353.809
25947.85,-52.11000000000058,21594.717
25947.86,-52.099999999998545,21305.65
25947.87,-52.090000000000146,21353.809
25947.88,-52.07999999999811,21353.809
25947.89,-52.06999999999971,21498.33
25947.9,-52.05999999999767,21642.924
25947.91,-52.04999999999927,21305.65
25947.92,-52.04000000000087,21305.65
25947.93,-52.029999999998836,21498.33
25947.94,-52.02000000000044,21353.809
25947.95,-52.0099999999984,21401.973
25947.96,-52.0,21353.809
25947.97,-51.98999999999796,21594.717
25947.98,-51.97999999999956,21450.146
25947.99,-51.969999999997526,21401.973
25948.0,-51.95999999999913,21498.33
25948.01,-51.95000000000073,21401.973
25948.02,-51.93999999999869,21209.359
25948.03,-51.93000000000029,21450.146
25948.04,-51.919999999998254,21209.359
25948.05,-51.909999999999854,21450.146
25948.06,-51.89999999999782,21401.973
25948.07,-51.88999999999942,21257.502
25948.08,-51.87999999999738,21353.809
25948.09,-51.86999999999898,21498.33
25948.1,-51.86000000000058,21401.973
25948.11,-51.849999999998545,21064.984
25948.12,-51.840000000000146,21353.809
25948.13,-51.82999999999811,21353.809
25948.14,-51.81999999999971,21450.146
25948.15,-51.80999999999767,21257.502
25948.16,-51.79999999999927,21161.227
25948.17,-51.79000000000087,21113.102
25948.18,-51.779999999998836,21401.973
25948.19,-51.77000000000044,21450.146
25948.2,-51.7599999999984,21401.973
25948.21,-51.75,21450.146
25948.22,-51.73999999999796,21642.924
25948.23,-51.72999999999956,21353.809
25948.24,-51.719999999997526,21401.973
25948.25,-51.70999999999913,21401.973
25948.26,-51.70000000000073,21401.973
25948.27,-51.68999999999869,21353.809
25948.28,-51.68000000000029,21257.502
25948.29,-51.669999999998254,21401.973
25948.3,-51.659999999999854,21257.502
25948.31,-51.64999999999782,21353.809
25948.32,-51.63999999999942,21401.973
25948.33,-51.62999999999738,21353.809
25948.34,-51.61999999999898,21209.359
25948.35,-51.61000000000058,21401.973
25948.36,-51.599999999998545,21257.502
25948.37,-51.590000000000146,21305.65
25948.38,-51.57999999999811,21546.52
25948.39,-51.56999999999971,21401.973
25948.4,-51.55999999999767,21209.359
25948.41,-51.54999999999927,21305.65
25948.42,-51.54000000000087,21161.227
25948.43,-51.529999999998836,21257.502
25948.44,-51.52000000000044,21401.973
25948.45,-51.5099999999984,21353.809
25948.46,-51.5,21257.502
25948.47,-51.48999999999796,21305.65
25948.48,-51.47999999999956,21161.227
25948.49,-51.469999999997526,21353.809
25948.5,-51.45999999999913,21353.809
25948.51,-51.45000000000073,21401.973
25948.52,-51.43999999999869,21257.502
25948.53,-51.43000000000029,21353.809
25948.54,-51.419999999998254,21257.502
25948.55,-51.409999999999854,21353.809
25948.56,-51.39999999999782,21401.973
25948.57,-51.38999999999942,21209.359
25948.58,-51.37999999999738,21209.359
25948.59,-51.36999999999898,21353.809
25948.6,-51.36000000000058,21401.973
25948.61,-51.349999999998545,21305.65
25948.62,-51.340000000000146,21257.502
25948.63,-51.32999999999811,21401.973
25948.64,-51.31999999999971,21209.359
25948.65,-51.30999999999767,21257.502
25948.66,-51.29999999999927,21209.359
25948.67,-51.29000000000087,21113.102
25948.68,-51.279999999998836,21353.809
25948.69,-51.27000000000044,21401.973
25948.7,-51.2599999999984,21257.502
25948.71,-51.25,21305.65
25948.72,-51.23999999999796,21353.809
25948.73,-51.22999999999956,21257.502
25948.74,-51.219999999997526,21353.809
25948.75,-51.20999999999913,21305.65
25948.76,-51.20000000000073,21113.102
25948.77,-51.18999999999869,21305.65
25948.78,-51.18000000000029,21498.33
25948.79,-51.169999999998254,21209.359
25948.8,-51.159999999999854,21305.65
25948.81,-51.14999999999782,21257.502
25948.82,-51.13999999999942,21257.502
25948.83,-51.12999999999738,21401.973
25948.84,-51.11999999999898,21257.502
25948.85,-51.11000000000058,21353.809
25948.86,-51.099999999998545,21161.227
25948.87,-51.090000000000146,21257.502
25948.88,-51.07999999999811,21594.717
25948.89,-51.06999999999971,21305.65
25948.9,-51.05999999999767,21209.359
25948.91,-51.04999999999927,21161.227
25948.92,-51.04000000000087,21353.809
25948.93,-51.029999999998836,21594.717
25948.94,-51.02000000000044,21161.227
25948.95,-51.0099999999984,21498.33
25948.96,-51.0,21161.227
25948.97,-50.98999999999796,21498.33
25948.98,-50.97999999999956,21305.65
25948.99,-50.969999999997526,21305.65
25949.0,-50.95999999999913,21161.227
25949.01,-50.95000000000073,21305.65
25949.02,-50.93999999999869,21353.809
25949.03,-50.93000000000029,21401.973
25949.04,-50.919999999998254,21401.973
25949.05,-50.909999999999854,21498.33
25949.06,-50.89999999999782,21353.809
25949.07,-50.88999999999942,21257.502
25949.08,-50.87999999999738,21305.65
25949.09,-50.86999999999898,21401.973
25949.1,-50.86000000000058,21305.65
25949.11,-50.849999999998545,21353.809
25949.12,-50.840000000000146,21161.227
25949.13,-50.82999999999811,21161.227
25949.14,-50.81999999999971,21739.359
25949.15,-50.80999999999767,21594.717
25949.16,-50.79999999999927,21353.809
25949.17,-50.79000000000087,21498.33
25949.18,-50.779999999998836,21594.717
25949.19,-50.77000000000044,21305.65
25949.2,-50.7599999999984,21401.973
25949.21,-50.75,21401.973
25949.22,-50.73999999999796,21353.809
25949.23,-50.72999999999956,21257.502
25949.24,-50.719999999997526,21209.359
25949.25,-50.70999999999913,21257.502
25949.26,-50.70000000000073,21546.52
25949.27,-50.68999999999869,21450.146
25949.28,-50.68000000000029,21401.973
25949.29,-50.669999999998254,21257.502
25949.3,-50.659999999999854,21401.973
25949.31,-50.64999999999782,21257.502
25949.32,-50.63999999999942,21305.65
25949.33,-50.62999999999738,21401.973
25949.34,-50.61999999999898,21305.65
25949.35,-50.61000000000058,21064.984
25949.36,-50.599999999998545,21401.973
25949.37,-50.590000000000146,21450.146
25949.38,-50.57999999999811,21401.973
25949.39,-50.56999999999971,21305.65
25949.4,-50.55999999999767,21305.65
25949.41,-50.54999999999927,21305.65
25949.42,-50.54000000000087,21353.809
25949.43,-50.529999999998836,21498.33
25949.44,-50.52000000000044,21257.502
25949.45,-50.5099999999984,21305.65
25949.46,-50.5,21401.973
25949.47,-50.48999999999796,21353.809
25949.48,-50.47999999999956,21257.502
25949.49,-50.469999999997526,21257.502
25949.5,-50.45999999999913,21209.359
25949.51,-50.45000000000073,21353.809
25949.52,-50.43999999999869,21209.359
25949.53,-50.43000000000029,21161.227
25949.54,-50.419999999998254,21450.146
25949.55,-50.409999999999854,21161.227
25949.56,-50.39999999999782,21257.502
25949.57,-50.38999999999942,21064.984
25949.58,-50.37999999999738,21209.359
25949.59,-50.36999999999898,21305.65
25949.6,-50.36000000000058,21064.984
25949.61,-50.349999999998545,21209.359
25949.62,-50.340000000000146,21209.359
25949.63,-50.32999999999811,21353.809
25949.64,-50.31999999999971,21498.33
25949.65,-50.30999999999767,21161.227
25949.66,-50.29999999999927,21401.973
25949.67,-50.29000000000087,21161.227
25949.68,-50.279999999998836,21209.359
25949.69,-50.27000000000044,21161.227
25949.7,-50.2599999999984,21353.809
25949.71,-50.25,21161.227
25949.72,-50.23999999999796,21257.502
25949.73,-50.22999999999956,21209.359
25949.74,-50.219999999997526,21450.146
25949.75,-50.20999999999913,21401.973
25949.76,-50.20000000000073,21450.146
25949.77,-50.18999999999869,21353.809
25949.78,-50.18000000000029,21401.973
25949.79,-50.169999999998254,21594.717
25949.8,-50.159999999999854,21546.52
25949.81,-50.14999999999782,21305.65
25949.82,-50.13999999999942,21450.146
25949.83,-50.12999999999738,21450.146
25949.84,-50.11999999999898,21450.146
25949.85,-50.11000000000058,21450.146
25949.86,-50.099999999998545,21209.359
25949.87,-50.090000000000146,21209.359
25949.88,-50.07999999999811,21305.65
25949.89,-50.06999999999971,21498.33
25949.9,-50.05999999999767,21498.33
25949.91,-50.04999999999927,21257.502
25949.92,-50.04000000000087,21161.227
25949.93,-50.029999999998836,21401.973
25949.94,-50.02000000000044,21161.227
25949.95,-50.0099999999984,21305.65
25949.96,-50.0,21161.227
25949.97,-49.98999999999796,21401.973
25949.98,-49.97999999999956,21209.359
25949.99,-49.969999999997526,21305.65
25950.0,-49.95999999999913,21401.973
25950.01,-49.95000000000073,21642.924
25950.02,-49.93999999999869,21353.809
25950.03,-49.93000000000029,21257.502
25950.04,-49.919999999998254,21353.809
25950.05,-49.909999999999854,21594.717
25950.06,-49.89999999999782,21450.146
25950.07,-49.88999999999942,21209.359
25950.08,-49.87999999999738,21401.973
25950.09,-49.86999999999898,21401.973
25950.1,-49.86000000000058,21305.65
25950.11,-49.849999999998545,21305.65
25950.12,-49.840000000000146,21305.65
25950.13,-49.82999999999811,21546.52
25950.14,-49.81999999999971,21546.52
25950.15,-49.80999999999767,21401.973
25950.16,-49.79999999999927,21257.502
25950.17,-49.79000000000087,21161.227
25950.18,-49.779999999998836,21498.33
25950.19,-49.77000000000044,21450.146
25950.2,-49.7599999999984,21353.809
25950.21,-49.75,21401.973
25950.22,-49.73999999999796,21450.146
25950.23,-49.72999999999956,21401.973
25950.24,-49.719999999997526,21353.809
25950.25,-49.70999999999913,21498.33
25950.26,-49.70000000000073,21642.924
25950.27,-49.68999999999869,21257.502
25950.28,-49.68000000000029,21113.102
25950.29,-49.669999999998254,21353.809
25950.3,-49.659999999999854,21353.809
25950.31,-49.64999999999782,21257.502
25950.32,-49.63999999999942,21257.502
25950.33,-49.62999999999738,21257.502
25950.34,-49.61999999999898,21401.973
25950.35,-49.61000000000058,21353.809
25950.36,-49.599999999998545,21353.809
25950.37,-49.590000000000146,21209.359
25950.38,-49.57999999999811,21353.809
25950.39,-49.56999999999971,21401.973
25950.4,-49.55999999999767,21353.809
25950.41,-49.54999999999927,21498.33
25950.42,-49.54000000000087,21353.809
25950.43,-49.529999999998836,21498.33
25950.44,-49.52000000000044,21209.359
25950.45,-49.5099999999984,21401.973
25950.46,-49.5,21450.146
25950.47,-49.48999999999796,21498.33
25950.48,-49.47999999999956,21450.146
25950.49,-49.469999999997526,21353.809
25950.5,-49.45999999999913,21209.359
25950.51,-49.45000000000073,21305.65
25950.52,-49.43999999999869,21401.973
25950.53,-49.43000000000029,21257.502
25950.54,-49.419999999998254,21498.33
25950.55,-49.409999999999854,21257.502
25950.56,-49.39999999999782,21161.227
25950.57,-49.38999999999942,21353.809
25950.58,-49.37999999999738,21401.973
25950.59,-49.36999999999898,21401.973
25950.6,-49.36000000000058,21353.809
25950.61,-49.349999999998545,21401.973
25950.62,-49.340000000000146,21305.65
25950.63,-49.32999999999811,21450.146
25950.64,-49.31999999999971,21257.502
25950.65,-49.30999999999767,21161.227
25950.66,-49.29999999999927,21353.809
25950.67,-49.29000000000087,21209.359
25950.68,-49.279999999998836,21546.52
25950.69,-49.27000000000044,21305.65
25950.7,-49.2599999999984,21450.146
25950.71,-49.25,21401.973
25950.72,-49.23999999999796,21401.973
25950.73,-49.22999999999956,21401.973
25950.74,-49.219999999997526,21305.65
25950.75,-49.20999999999913,21305.65
25950.76,-49.20000000000073,21401.973
25950.77,-49.18999999999869,21401.973
25950.78,-49.18000000000029,21353.809
25950.79,-49.169999999998254,21209.359
25950.8,-49.159999999999854,21450.146
25950.81,-49.14999999999782,21594.717
25950.82,-49.13999999999942,21353.809
25950.83,-49.12999999999738,21353.809
25950.84,-49.11999999999898,21450.146
25950.85,-49.11000000000058,21161.227
25950.86,-49.099999999998545,21305.65
25950.87,-49.090000000000146,21305.65
25950.88,-49.07999999999811,21353.809
25950.89,-49.06999999999971,21594.717
25950.9,-49.05999999999767,21209.359
25950.91,-49.04999999999927,21450.146
25950.92,-49.04000000000087,21401.973
25950.93,-49.029999999998836,21546.52
25950.94,-49.02000000000044,21353.809
25950.95,-49.0099999999984,21353.809
25950.96,-49.0,21064.984
25950.97,-48.98999999999796,21401.973
25950.98,-48.97999999999956,21257.502
25950.99,-48.969999999997526,21209.359
25951.0,-48.95999999999913,21450.146
25951.01,-48.95000000000073,21498.33
25951.02,-48.93999999999869,21450.146
25951.03,-48.93000000000029,21305.65
25951.04,-48.919999999998254,21401.973
25951.05,-48.909999999999854,21401.973
25951.06,-48.89999999999782,21113.102
25951.07,-48.88999999999942,21161.227
25951.08,-48.87999999999738,21498.33
25951.09,-48.86999999999898,21305.65
25951.1,-48.86000000000058,21064.984
25951.11,-48.849999999998545,21257.502
25951.12,-48.840000000000146,21257.502
25951.13,-48.82999999999811,21401.973
25951.14,-48.81999999999971,21257.502
25951.15,-48.80999999999767,21209.359
25951.16,-48.79999999999927,21401.973
25951.17,-48.79000000000087,21353.809
25951.18,-48.779999999998836,21450.146
25951.19,-48.77000000000044,21257.502
25951.2,-48.7599999999984,21353.809
25951.21,-48.75,21450.146
25951.22,-48.73999999999796,21642.924
25951.23,-48.72999999999956,21401.973
25951.24,-48.719999999997526,21401.973
25951.25,-48.70999999999913,21401.973
25951.26,-48.70000000000073,21594.717
25951.27,-48.68999999999869,21401.973
25951.28,-48.68000000000029,21498.33
25951.29,-48.669999999998254,21401.973
25951.3,-48.659999999999854,21450.146
25951.31,-48.64999999999782,21305.65
25951.32,-48.63999999999942,21257.502
25951.33,-48.62999999999738,21353.809
25951.34,-48.61999999999898,21546.52
25951.35,-48.61000000000058,21546.52
25951.36,-48.599999999998545,21353.809
25951.37,-48.590000000000146,21594.717
25951.38,-48.57999999999811,21401.973
25951.39,-48.56999999999971,21353.809
25951.4,-48.55999999999767,21257.502
25951.41,-48.54999999999927,21353.809
25951.42,-48.54000000000087,21257.502
25951.43,-48.529999999998836,21498.33
25951.44,-48.52000000000044,21257.502
25951.45,-48.5099999999984,21450.146
25951.46,-48.5,21450.146
25951.47,-48.48999999999796,21401.973
25951.48,-48.47999999999956,21257.502
25951.49,-48.469999999997526,21305.65
25951.5,-48.45999999999913,21305.65
25951.51,-48.45000000000073,21450.146
25951.52,-48.43999999999869,21401.973
25951.53,-48.43000000000029,21450.146
25951.54,-48.419999999998254,21257.502
25951.55,-48.409999999999854,21546.52
25951.56,-48.39999999999782,21498.33
25951.57,-48.38999999999942,21305.65
25951.58,-48.37999999999738,21353.809
25951.59,-48.36999999999898,21401.973
25951.6,-48.36000000000058,21498.33
25951.61,-48.349999999998545,21353.809
25951.62,-48.340000000000146,21401.973
25951.63,-48.32999999999811,21546.52
25951.64,-48.31999999999971,21401.973
25951.65,-48.30999999999767,21113.102
25951.66,-48.29999999999927,21450.146
25951.67,-48.29000000000087,21305.65
25951.68,-48.279999999998836,21498.33
25951.69,-48.27000000000044,21353.809
25951.7,-48.2599999999984,21450.146
25951.71,-48.25,21450.146
25951.72,-48.23999999999796,21498.33
25951.73,-48.22999999999956,21353.809
25951.74,-48.219999999997526,21257.502
25951.75,-48.20999999999913,21353.809
25951.76,-48.20000000000073,21546.52
25951.77,-48.18999999999869,21546.52
25951.78,-48.18000000000029,21401.973
25951.79,-48.169999999998254,21257.502
25951.8,-48.159999999999854,21353.809
25951.81,-48.14999999999782,21401.973
25951.82,-48.13999999999942,21305.65
25951.83,-48.12999999999738,21209.359
25951.84,-48.11999999999898,21353.809
25951.85,-48.11000000000058,21257.502
25951.86,-48.099999999998545,21353.809
25951.87,-48.090000000000146,21353.809
25951.88,-48.07999999999811,21498.33
25951.89,-48.06999999999971,21401.973
25951.9,-48.05999999999767,21401.973
25951.91,-48.04999999999927,21401.973
25951.92,-48.04000000000087,21401.973
25951.93,-48.029999999998836,21546.52
25951.94,-48.02000000000044,21257.502
25951.95,-48.0099999999984,21401.973
25951.96,-48.0,21450.146
25951.97,-47.98999999999796,21594.717
25951.98,-47.97999999999956,21353.809
25951.99,-47.969999999997526,21305.65
25952.0,-47.95999999999913,21401.973
25952.01,-47.95000000000073,21305.65
25952.02,-47.93999999999869,21353.809
25952.03,-47.93000000000029,21353.809
25952.04,-47.919999999998254,21305.65
25952.05,-47.909999999999854,21498.33
25952.06,-47.89999999999782,21305.65
25952.07,-47.88999999999942,21401.973
25952.08,-47.87999999999738,21401.973
25952.09,-47.86999999999898,21498.33
25952.1,-47.86000000000058,21498.33
25952.11,-47.849999999998545,21401.973
25952.12,-47.840000000000146,21450.146
25952.13,-47.82999999999811,21498.33
25952.14,-47.81999999999971,21353.809
25952.15,-47.80999999999767,21353.809
25952.16,-47.79999999999927,21161.227
25952.17,-47.79000000000087,21401.973
25952.18,-47.779999999998836,21498.33
25952.19,-47.77000000000044,21161.227
25952.2,-47.7599999999984,21498.33
25952.21,-47.75,21401.973
25952.22,-47.73999999999796,21353.809
25952.23,-47.72999999999956,21450.146
25952.24,-47.719999999997526,21401.973
25952.25,-47.70999999999913,21353.809
25952.26,-47.70000000000073,21450.146
25952.27,-47.68999999999869,21353.809
25952.28,-47.68000000000029,21113.102
25952.29,-47.669999999998254,21594.717
25952.3,-47.659999999999854,21450.146
25952.31,-47.64999999999782,21353.809
25952.32,-47.63999999999942,21401.973
25952.33,-47.62999999999738,21401.973
25952.34,-47.61999999999898,21209.359
25952.35,-47.61000000000058,21401.973
25952.36,-47.599999999998545,21353.809
25952.37,-47.590000000000146,21546.52
25952.38,-47.57999999999811,21401.973
25952.39,-47.56999999999971,21546.52
25952.4,-47.55999999999767,21353.809
25952.41,-47.54999999999927,21209.359
25952.42,-47.54000000000087,21401.973
25952.43,-47.529999999998836,21257.502
25952.44,-47.52000000000044,21305.65
25952.45,-47.5099999999984,21401.973
25952.46,-47.5,21546.52
25952.47,-47.48999999999796,21401.973
25952.48,-47.47999999999956,21498.33
25952.49,-47.469999999997526,21257.502
25952.5,-47.45999999999913,21113.102
25952.51,-47.45000000000073,21450.146
25952.52,-47.43999999999869,21257.502
25952.53,-47.43000000000029,21353.809
25952.54,-47.419999999998254,21401.973
25952.55,-47.409999999999854,21594.717
25952.56,-47.39999999999782,21161.227
25952.57,-47.38999999999942,21209.359
25952.58,-47.37999999999738,21257.502
25952.59,-47.36999999999898,21161.227
25952.6,-47.36000000000058,21064.984
25952.61,-47.349999999998545,21209.359
25952.62,-47.340000000000146,21353.809
25952.63,-47.32999999999811,21498.33
25952.64,-47.31999999999971,21498.33
25952.65,-47.30999999999767,21353.809
25952.66,-47.29999999999927,21353.809
25952.67,-47.29000000000087,21401.973
25952.68,-47.279999999998836,21498.33
25952.69,-47.27000000000044,21450.146
25952.7,-47.2599999999984,21353.809
25952.71,-47.25,21353.809
25952.72,-47.23999999999796,21353.809
25952.73,-47.22999999999956,21401.973
25952.74,-47.219999999997526,21353.809
25952.75,-47.20999999999913,21305.65
25952.76,-47.20000000000073,21401.973
25952.77,-47.18999999999869,21498.33
25952.78,-47.18000000000029,21546.52
25952.79,-47.169999999998254,21401.973
25952.8,-47.159999999999854,21642.924
25952.81,-47.14999999999782,21594.717
25952.82,-47.13999999999942,21401.973
25952.83,-47.12999999999738,21401.973
25952.84,-47.11999999999898,21353.809
25952.85,-47.11000000000058,21401.973
25952.86,-47.099999999998545,21353.809
25952.87,-47.090000000000146,21257.502
25952.88,-47.07999999999811,21353.809
25952.89,-47.06999999999971,21401.973
25952.9,-47.05999999999767,21353.809
25952.91,-47.04999999999927,21401.973
25952.92,-47.04000000000087,21257.502
25952.93,-47.029999999998836,21546.52
25952.94,-47.02000000000044,21401.973
25952.95,-47.0099999999984,21450.146
25952.96,-47.0,21401.973
25952.97,-46.98999999999796,21450.146
25952.98,-46.97999999999956,21257.502
25952.99,-46.969999999997526,21305.65
25953.0,-46.95999999999913,21401.973
25953.01,-46.95000000000073,21450.146
25953.02,-46.93999999999869,21546.52
25953.03,-46.93000000000029,21257.502
25953.04,-46.919999999998254,21353.809
25953.05,-46.909999999999854,21353.809
25953.06,-46.89999999999782,21305.65
25953.07,-46.88999999999942,21353.809
25953.08,-46.87999999999738,21305.65
25953.09,-46.86999999999898,21450.146
25953.1,-46.86000000000058,21353.809
25953.11,-46.849999999998545,21305.65
25953.12,-46.840000000000146,21450.146
25953.13,-46.82999999999811,21401.973
25953.14,-46.81999999999971,21353.809
25953.15,-46.80999999999767,21353.809
25953.16,-46.79999999999927,21401.973
25953.17,-46.79000000000087,21305.65
25953.18,-46.779999999998836,21257.502
25953.19,-46.77000000000044,21498.33
25953.2,-46.7599999999984,21546.52
25953.21,-46.75,21450.146
25953.22,-46.73999999999796,21498.33
25953.23,-46.72999999999956,21257.502
25953.24,-46.719999999997526,21161.227
25953.25,-46.70999999999913,21305.65
25953.26,-46.70000000000073,21401.973
25953.27,-46.68999999999869,21353.809
25953.28,-46.68000000000029,21401.973
25953.29,-46.669999999998254,21594.717
25953.3,-46.659999999999854,21257.502
25953.31,-46.64999999999782,21353.809
25953.32,-46.63999999999942,21401.973
25953.33,-46.62999999999738,21353.809
25953.34,-46.61999999999898,21353.809
25953.35,-46.61000000000058,21161.227
25953.36,-46.599999999998545,21209.359
25953.37,-46.590000000000146,21257.502
25953.38,-46.57999999999811,21305.65
25953.39,-46.56999999999971,21450.146
25953.4,-46.55999999999767,21498.33
25953.41,-46.54999999999927,21594.717
25953.42,-46.54000000000087,21401.973
25953.43,-46.529999999998836,21594.717
25953.44,-46.52000000000044,21401.973
25953.45,-46.5099999999984,21401.973
25953.46,-46.5,21401.973
25953.47,-46.48999999999796,21353.809
25953.48,-46.47999999999956,21209.359
25953.49,-46.469999999997526,21353.809
25953.5,-46.45999999999913,21498.33
25953.51,-46.45000000000073,21546.52
25953.52,-46.43999999999869,21305.65
25953.53,-46.43000000000029,21450.146
25953.54,-46.419999999998254,21353.809
25953.55,-46.409999999999854,21498.33
25953.56,-46.39999999999782,21401.973
25953.57,-46.38999999999942,21450.146
25953.58,-46.37999999999738,21353.809
25953.59,-46.36999999999898,21498.33
25953.6,-46.36000000000058,21305.65
25953.61,-46.349999999998545,21161.227
25953.62,-46.340000000000146,21401.973
25953.63,-46.32999999999811,21353.809
25953.64,-46.31999999999971,21257.502
25953.65,-46.30999999999767,21353.809
25953.66,-46.29999999999927,21450.146
25953.67,-46.29000000000087,21401.973
25953.68,-46.279999999998836,21353.809
25953.69,-46.27000000000044,21257.502
25953.7,-46.2599999999984,21498.33
25953.71,-46.25,21594.717
25953.72,-46.23999999999796,21401.973
25953.73,-46.22999999999956,21401.973
25953.74,-46.219999999997526,21401.973
25953.75,-46.20999999999913,21257.502
25953.76,-46.20000000000073,21257.502
25953.77,-46.18999999999869,21450.146
25953.78,-46.18000000000029,21401.973
25953.79,-46.169999999998254,21498.33
25953.8,-46.159999999999854,21257.502
25953.81,-46.14999999999782,21305.65
25953.82,-46.13999999999942,21401.973
25953.83,-46.12999999999738,21450.146
25953.84,-46.11999999999898,21450.146
25953.85,-46.11000000000058,21257.502
25953.86,-46.099999999998545,21450.146
25953.87,-46.090000000000146,21401.973
25953.88,-46.07999999999811,21546.52
25953.89,-46.06999999999971,21305.65
25953.9,-46.05999999999767,21353.809
25953.91,-46.04999999999927,21546.52
25953.92,-46.04000000000087,21353.809
25953.93,-46.029999999998836,21594.717
25953.94,-46.02000000000044,21546.52
25953.95,-46.0099999999984,21498.33
25953.96,-46.0,21353.809
25953.97,-45.98999999999796,21401.973
25953.98,-45.97999999999956,21498.33
25953.99,-45.969999999997526,21353.809
25954.0,-45.95999999999913,21594.717
25954.01,-45.95000000000073,21401.973
25954.02,-45.93999999999869,21353.809
25954.03,-45.93000000000029,21450.146
25954.04,-45.919999999998254,21498.33
25954.05,-45.909999999999854,21642.924
25954.06,-45.89999999999782,21257.502
25954.07,-45.88999999999942,21401.973
25954.08,-45.87999999999738,21546.52
25954.09,-45.86999999999898,21450.146
25954.1,-45.86000000000058,21064.984
25954.11,-45.849999999998545,21401.973
25954.12,-45.840000000000146,21401.973
25954.13,-45.82999999999811,21450.146
25954.14,-45.81999999999971,21450.146
25954.15,-45.80999999999767,21353.809
25954.16,-45.79999999999927,21401.973
25954.17,-45.79000000000087,21353.809
25954.18,-45.779999999998836,21450.146
25954.19,-45.77000000000044,21401.973
25954.2,-45.7599999999984,21546.52
25954.21,-45.75,21353.809
25954.22,-45.73999999999796,21401.973
25954.23,-45.72999999999956,21161.227
25954.24,-45.719999999997526,21401.973
25954.25,-45.70999999999913,21450.146
25954.26,-45.70000000000073,21546.52
25954.27,-45.68999999999869,21498.33
25954.28,-45.68000000000029,21546.52
25954.29,-45.669999999998254,21594.717
25954.3,-45.659999999999854,21498.33
25954.31,-45.64999999999782,21498.33
25954.32,-45.63999999999942,21353.809
25954.33,-45.62999999999738,21305.65
25954.34,-45.61999999999898,21401.973
25954.35,-45.61000000000058,21305.65
25954.36,-45.599999999998545,21305.65
25954.37,-45.590000000000146,21450.146
25954.38,-45.57999999999811,21450.146
25954.39,-45.56999999999971,21498.33
25954.4,-45.55999999999767,21450.146
25954.41,-45.54999999999927,21401.973
25954.42,-45.54000000000087,21257.502
25954.43,-45.529999999998836,21257.502
25954.44,-45.52000000000044,21401.973
25954.45,-45.5099999999984,21450.146
25954.46,-45.5,21498.33
25954.47,-45.48999999999796,21401.973
25954.48,-45.47999999999956,21546.52
25954.49,-45.469999999997526,21498.33
25954.5,-45.45999999999913,21546.52
25954.51,-45.45000000000073,21209.359
25954.52,-45.43999999999869,21209.359
25954.53,-45.43000000000029,21401.973
25954.54,-45.419999999998254,21498.33
25954.55,-45.409999999999854,21498.33
25954.56,-45.39999999999782,21353.809
25954.57,-45.38999999999942,21257.502
25954.58,-45.37999999999738,21353.809
25954.59,-45.36999999999898,21353.809
25954.6,-45.36000000000058,21594.717
25954.61,-45.349999999998545,21498.33
25954.62,-45.340000000000146,21353.809
25954.63,-45.32999999999811,21450.146
25954.64,-45.31999999999971,21257.502
25954.65,-45.30999999999767,21353.809
25954.66,-45.29999999999927,21450.146
25954.67,-45.29000000000087,21498.33
25954.68,-45.279999999998836,21594.717
25954.69,-45.27000000000044,21353.809
25954.7,-45.2599999999984,21498.33
25954.71,-45.25,21450.146
25954.72,-45.23999999999796,21498.33
25954.73,-45.22999999999956,21305.65
25954.74,-45.219999999997526,21353.809
25954.75,-45.20999999999913,21257.502
25954.76,-45.20000000000073,21401.973
25954.77,-45.18999999999869,21257.502
25954.78,-45.18000000000029,21353.809
25954.79,-45.169999999998254,21450.146
25954.8,-45.159999999999854,21498.33
25954.81,-45.14999999999782,21305.65
25954.82,-45.13999999999942,21305.65
25954.83,-45.12999999999738,21594.717
25954.84,-45.11999999999898,21546.52
25954.85,-45.11000000000058,21353.809
25954.86,-45.099999999998545,21498.33
25954.87,-45.090000000000146,21257.502
25954.88,-45.07999999999811,21353.809
25954.89,-45.06999999999971,21401.973
25954.9,-45.05999999999767,21209.359
25954.91,-45.04999999999927,21305.65
25954.92,-45.04000000000087,21161.227
25954.93,-45.029999999998836,21353.809
25954.94,-45.02000000000044,22125.432
25954.95,-45.0099999999984,22995.996
25954.96,-45.0,23577.832
25954.97,-44.98999999999796,23869.189
25954.98,-44.97999999999956,23820.611
25954.99,-44.969999999997526,23820.611
25955.0,-44.95999999999913,23772.039
25955.01,-44.95000000000073,23626.373
25955.02,-44.93999999999869,23480.779
25955.03,-44.93000000000029,23626.373
25955.04,-44.919999999998254,23577.832
25955.05,-44.909999999999854,23772.039
25955.06,-44.89999999999782,23723.475
25955.07,-44.88999999999942,23626.373
25955.08,-44.87999999999738,23917.777
25955.09,-44.86999999999898,23529.301
25955.1,-44.86000000000058,23529.301
25955.11,-44.849999999998545,23723.475
25955.12,-44.840000000000146,23820.611
25955.13,-44.82999999999811,23674.92
25955.14,-44.81999999999971,23674.92
25955.15,-44.80999999999767,23966.375
25955.16,-44.79999999999927,23917.777
25955.17,-44.79000000000087,23723.475
25955.18,-44.779999999998836,23723.475
25955.19,-44.77000000000044,23723.475
25955.2,-44.7599999999984,23577.832
25955.21,-44.75,23577.832
25955.22,-44.73999999999796,23480.779
25955.23,-44.72999999999956,23674.92
25955.24,-44.719999999997526,23577.832
25955.25,-44.70999999999913,23626.373
25955.26,-44.70000000000073,23772.039
25955.27,-44.68999999999869,23432.264
25955.28,-44.68000000000029,23723.475
25955.29,-44.669999999998254,23480.779
25955.3,-44.659999999999854,23820.611
25955.31,-44.64999999999782,23869.189
25955.32,-44.63999999999942,23772.039
25955.33,-44.62999999999738,23772.039
25955.34,-44.61999999999898,23723.475
25955.35,-44.61000000000058,23674.92
25955.36,-44.599999999998545,23723.475
25955.37,-44.590000000000146,23723.475
25955.38,-44.57999999999811,23626.373
25955.39,-44.56999999999971,23432.264
25955.4,-44.55999999999767,23674.92
25955.41,-44.54999999999927,23917.777
25955.42,-44.54000000000087,23529.301
25955.43,-44.529999999998836,23723.475
25955.44,-44.52000000000044,23432.264
25955.45,-44.5099999999984,23674.92
25955.46,-44.5,23723.475
25955.47,-44.48999999999796,23723.475
25955.48,-44.47999999999956,23869.189
25955.49,-44.469999999997526,23772.039
25955.5,-44.45999999999913,23723.475
25955.51,-44.45000000000073,23820.611
25955.52,-44.43999999999869,23772.039
25955.53,-44.43000000000029,23772.039
25955.54,-44.419999999998254,23674.92
25955.55,-44.409999999999854,23723.475
25955.56,-44.39999999999782,23626.373
25955.57,-44.38999999999942,23820.611
25955.58,-44.37999999999738,23723.475
25955.59,-44.36999999999898,23480.779
25955.6,-44.36000000000058,23626.373
25955.61,-44.349999999998545,23820.611
25955.62,-44.340000000000146,23674.92
25955.63,-44.32999999999811,23869.189
25955.64,-44.31999999999971,23772.039
25955.65,-44.30999999999767,23917.777
25955.66,-44.29999999999927,23917.777
25955.67,-44.29000000000087,23772.039
25955.68,-44.279999999998836,23917.777
25955.69,-44.27000000000044,23480.779
25955.7,-44.2599999999984,23917.777
25955.71,-44.25,23723.475
25955.72,-44.23999999999796,23674.92
25955.73,-44.22999999999956,23626.373
25955.74,-44.219999999997526,23577.832
25955.75,-44.20999999999913,23529.301
25955.76,-44.20000000000073,23723.475
25955.77,-44.18999999999869,23674.92
25955.78,-44.18000000000029,23772.039
25955.79,-44.169999999998254,24891.244
25955.8,-44.159999999999854,24988.77
25955.81,-44.14999999999782,24696.291
25955.82,-44.13999999999942,24258.121
25955.83,-44.12999999999738,23869.189
25955.84,-44.11999999999898,24598.863
25955.85,-44.11000000000058,23917.777
25955.86,-44.099999999998545,23432.264
25955.87,-44.090000000000146,23141.346
25955.88,-44.07999999999811,23141.346
25955.89,-44.06999999999971,23238.285
25955.9,-44.05999999999767,23092.887
25955.91,-44.04999999999927,22995.996
25955.92,-44.04000000000087,22995.996
25955.93,-44.029999999998836,22850.719
25955.94,-44.02000000000044,22366.992
25955.95,-44.0099999999984,22125.432
25955.96,-44.0,22270.344
25955.97,-43.98999999999796,22608.754
25955.98,-43.97999999999956,22512.023
25955.99,-43.969999999997526,22802.309
25956.0,-43.95999999999913,23577.832
25956.01,-43.95000000000073,23917.777
25956.02,-43.93999999999869,24014.979
25956.03,-43.93000000000029,24063.592
25956.04,-43.919999999998254,23772.039
25956.05,-43.909999999999854,22802.309
25956.06,-43.89999999999782,22318.664
25956.07,-43.88999999999942,23141.346
25956.08,-43.87999999999738,23723.475
25956.09,-43.86999999999898,23917.777
25956.1,-43.86000000000058,23869.189
25956.11,-43.849999999998545,23480.779
25956.12,-43.840000000000146,22850.719
25956.13,-43.82999999999811,22753.908
25956.14,-43.81999999999971,23383.758
25956.15,-43.80999999999767,23869.189
25956.16,-43.79999999999927,24014.979
25956.17,-43.79000000000087,24014.979
25956.18,-43.779999999998836,23917.777
25956.19,-43.77000000000044,22995.996
25956.2,-43.7599999999984,22222.031
25956.21,-43.75,23092.887
25956.22,-43.73999999999796,23772.039
25956.23,-43.72999999999956,23869.189
25956.24,-43.719999999997526,24112.211
25956.25,-43.70999999999913,24112.211
25956.26,-43.70000000000073,22995.996
25956.27,-43.68999999999869,22270.344
25956.28,-43.68000000000029,23092.887
25956.29,-43.669999999998254,23674.92
25956.3,-43.659999999999854,23869.189
25956.31,-43.64999999999782,24112.211
25956.32,-43.63999999999942,24209.477
25956.33,-43.62999999999738,23286.768
25956.34,-43.61999999999898,23092.887
25956.35,-43.61000000000058,23626.373
25956.36,-43.599999999998545,23917.777
25956.37,-43.590000000000146,24209.477
25956.38,-43.57999999999811,24306.775
25956.39,-43.56999999999971,23674.92
25956.4,-43.55999999999767,23723.475
25956.41,-43.54999999999927,23917.777
25956.42,-43.54000000000087,23966.375
25956.43,-43.529999999998836,24112.211
25956.44,-43.52000000000044,24014.979
25956.45,-43.5099999999984,23286.768
25956.46,-43.5,22608.754
25956.47,-43.48999999999796,22802.309
25956.48,-43.47999999999956,23577.832
25956.49,-43.469999999997526,24112.211
25956.5,-43.45999999999913,24209.477
25956.51,-43.45000000000073,24306.775
25956.52,-43.43999999999869,23432.264
25956.53,-43.43000000000029,23772.039
25956.54,-43.419999999998254,24014.979
25956.55,-43.409999999999854,24209.477
25956.56,-43.39999999999782,24258.121
25956.57,-43.38999999999942,24112.211
25956.58,-43.37999999999738,23141.346
25956.59,-43.36999999999898,22947.563
25956.6,-43.36000000000058,23480.779
25956.61,-43.349999999998545,24063.592
25956.62,-43.340000000000146,24160.84
25956.63,-43.32999999999811,24112.211
25956.64,-43.31999999999971,23480.779
25956.65,-43.30999999999767,22753.908
25956.66,-43.29999999999927,23286.768
25956.67,-43.29000000000087,23917.777
25956.68,-43.279999999998836,24063.592
25956.69,-43.27000000000044,24160.84
25956.7,-43.2599999999984,24112.211
25956.71,-43.25,23286.768
25956.72,-43.23999999999796,23723.475
25956.73,-43.22999999999956,24112.211
25956.74,-43.219999999997526,24209.477
25956.75,-43.20999999999913,24160.84
25956.76,-43.20000000000073,23723.475
25956.77,-43.18999999999869,22753.908
25956.78,-43.18000000000029,22415.328
25956.79,-43.169999999998254,23286.768
25956.8,-43.159999999999854,24014.979
25956.81,-43.14999999999782,24209.477
25956.82,-43.13999999999942,24112.211
25956.83,-43.12999999999738,23772.039
25956.84,-43.11999999999898,23529.301
25956.85,-43.11000000000058,23869.189
25956.86,-43.099999999998545,24209.477
25956.87,-43.090000000000146,24306.775
25956.88,-43.07999999999811,24112.211
25956.89,-43.06999999999971,23480.779
25956.9,-43.05999999999767,22802.309
25956.91,-43.04999999999927,23529.301
25956.92,-43.04000000000087,23917.777
25956.93,-43.029999999998836,24355.436
25956.94,-43.02000000000044,24160.84
25956.95,-43.0099999999984,24112.211
25956.96,-43.0,23092.887
25956.97,-42.98999999999796,23432.264
25956.98,-42.97999999999956,24112.211
25956.99,-42.969999999997526,24258.121
25957.0,-42.95999999999913,24258.121
25957.01,-42.95000000000073,24063.592
25957.02,-42.93999999999869,23577.832
25957.03,-42.93000000000029,23820.611
25957.04,-42.919999999998254,24306.775
25957.05,-42.909999999999854,24209.477
25957.06,-42.89999999999782,24355.436
25957.07,-42.88999999999942,24306.775
25957.08,-42.87999999999738,23092.887
25957.09,-42.86999999999898,22657.131
25957.1,-42.86000000000058,23092.887
25957.11,-42.849999999998545,23869.189
25957.12,-42.840000000000146,23869.189
25957.13,-42.82999999999811,24209.477
25957.14,-42.81999999999971,24209.477
25957.15,-42.80999999999767,23723.475
25957.16,-42.79999999999927,24014.979
25957.17,-42.79000000000087,24063.592
25957.18,-42.779999999998836,24306.775
25957.19,-42.77000000000044,24209.477
25957.2,-42.7599999999984,23966.375
25957.21,-42.75,22947.563
25957.22,-42.73999999999796,23335.258
25957.23,-42.72999999999956,23772.039
25957.24,-42.719999999997526,24112.211
25957.25,-42.70999999999913,24063.592
25957.26,-42.70000000000073,24209.477
25957.27,-42.68999999999869,23335.258
25957.28,-42.68000000000029,23238.285
25957.29,-42.669999999998254,23772.039
25957.3,-42.659999999999854,24063.592
25957.31,-42.64999999999782,24258.121
25957.32,-42.63999999999942,24258.121
25957.33,-42.62999999999738,23917.777
25957.34,-42.61999999999898,23917.777
25957.35,-42.61000000000058,24112.211
25957.36,-42.599999999998545,24258.121
25957.37,-42.590000000000146,24160.84
25957.38,-42.57999999999811,24550.162
25957.39,-42.56999999999971,23432.264
25957.4,-42.55999999999767,22850.719
25957.41,-42.54999999999927,22995.996
25957.42,-42.54000000000087,23820.611
25957.43,-42.529999999998836,24306.775
25957.44,-42.52000000000044,24112.211
25957.45,-42.5099999999984,24209.477
25957.46,-42.5,23626.373
25957.47,-42.48999999999796,23917.777
25957.48,-42.47999999999956,23917.777
25957.49,-42.469999999997526,24160.84
25957.5,-42.45999999999913,24063.592
25957.51,-42.45000000000073,23966.375
25957.52,-42.43999999999869,23092.887
25957.53,-42.43000000000029,23092.887
25957.54,-42.419999999998254,23674.92
25957.55,-42.409999999999854,24209.477
25957.56,-42.39999999999782,24306.775
25957.57,-42.38999999999942,24209.477
25957.58,-42.37999999999738,23723.475
25957.59,-42.36999999999898,23092.887
25957.6,-42.36000000000058,23432.264
25957.61,-42.349999999998545,23966.375
25957.62,-42.340000000000146,24063.592
25957.63,-42.32999999999811,24258.121
25957.64,-42.31999999999971,24014.979
25957.65,-42.30999999999767,23820.611
25957.66,-42.29999999999927,24014.979
25957.67,-42.29000000000087,24209.477
25957.68,-42.279999999998836,24209.477
25957.69,-42.27000000000044,24209.477
25957.7,-42.2599999999984,23772.039
25957.71,-42.25,22947.563
25957.72,-42.23999999999796,22899.137
25957.73,-42.22999999999956,23383.758
25957.74,-42.219999999997526,24063.592
25957.75,-42.20999999999913,24112.211
25957.76,-42.20000000000073,24258.121
25957.77,-42.18999999999869,23820.611
25957.78,-42.18000000000029,23577.832
25957.79,-42.169999999998254,23917.777
25957.8,-42.159999999999854,24258.121
25957.81,-42.14999999999782,24306.775
25957.82,-42.13999999999942,24209.477
25957.83,-42.12999999999738,23577.832
25957.84,-42.11999999999898,23044.438
25957.85,-42.11000000000058,23820.611
25957.86,-42.099999999998545,24209.477
25957.87,-42.090000000000146,24112.211
25957.88,-42.07999999999811,24063.592
25957.89,-42.06999999999971,23820.611
25957.9,-42.05999999999767,23044.438
25957.91,-42.04999999999927,23480.779
25957.92,-42.04000000000087,23772.039
25957.93,-42.029999999998836,23869.189
25957.94,-42.02000000000044,24160.84
25957.95,-42.0099999999984,24258.121
25957.96,-42.0,23626.373
25957.97,-41.98999999999796,23820.611
25957.98,-41.97999999999956,24063.592
25957.99,-41.969999999997526,24306.775
25958.0,-41.95999999999913,24112.211
25958.01,-41.95000000000073,24014.979
25958.02,-41.93999999999869,22995.996
25958.03,-41.93000000000029,22608.754
25958.04,-41.919999999998254,23480.779
25958.05,-41.909999999999854,23917.777
25958.06,-41.89999999999782,23966.375
25958.07,-41.88999999999942,24160.84
25958.08,-41.87999999999738,24160.84
25958.09,-41.86999999999898,23674.92
25958.1,-41.86000000000058,23917.777
25958.11,-41.849999999998545,24306.775
25958.12,-41.840000000000146,24258.121
25958.13,-41.82999999999811,24209.477
25958.14,-41.81999999999971,23723.475
25958.15,-41.80999999999767,22899.137
25958.16,-41.79999999999927,23529.301
25958.17,-41.79000000000087,24209.477
25958.18,-41.779999999998836,24160.84
25958.19,-41.77000000000044,24014.979
25958.2,-41.7599999999984,24355.436
25958.21,-41.75,23238.285
25958.22,-41.73999999999796,23432.264
25958.23,-41.72999999999956,23869.189
25958.24,-41.719999999997526,24112.211
25958.25,-41.70999999999913,24355.436
25958.26,-41.70000000000073,24209.477
25958.27,-41.68999999999869,23674.92
25958.28,-41.68000000000029,23820.611
25958.29,-41.669999999998254,24014.979
25958.3,-41.659999999999854,24112.211
25958.31,-41.64999999999782,24014.979
25958.32,-41.63999999999942,24258.121
25958.33,-41.62999999999738,23189.811
25958.34,-41.61999999999898,22608.754
25958.35,-41.61000000000058,22850.719
25958.36,-41.599999999998545,24014.979
25958.37,-41.590000000000146,24160.84
25958.38,-41.57999999999811,24209.477
25958.39,-41.56999999999971,24501.469
25958.4,-41.55999999999767,23820.611
25958.41,-41.54999999999927,23820.611
25958.42,-41.54000000000087,24014.979
25958.43,-41.529999999998836,24355.436
25958.44,-41.52000000000044,24014.979
25958.45,-41.5099999999984,24063.592
25958.46,-41.5,22753.908
25958.47,-41.48999999999796,23238.285
25958.48,-41.47999999999956,23674.92
25958.49,-41.469999999997526,24014.979
25958.5,-41.45999999999913,24063.592
25958.51,-41.45000000000073,24014.979
25958.52,-41.43999999999869,23529.301
25958.53,-41.43000000000029,23044.438
25958.54,-41.419999999998254,23626.373
25958.55,-41.409999999999854,24209.477
25958.56,-41.39999999999782,24452.783
25958.57,-41.38999999999942,24306.775
25958.58,-41.37999999999738,24306.775
25958.59,-41.36999999999898,23723.475
25958.6,-41.36000000000058,23966.375
25958.61,-41.349999999998545,24112.211
25958.62,-41.340000000000146,24160.84
25958.63,-41.32999999999811,24209.477
25958.64,-41.31999999999971,23674.92
25958.65,-41.30999999999767,22899.137
25958.66,-41.29999999999927,22705.516
25958.67,-41.29000000000087,23723.475
25958.68,-41.279999999998836,24306.775
25958.69,-41.27000000000044,24501.469
25958.7,-41.2599999999984,24501.469
25958.71,-41.25,24112.211
25958.72,-41.23999999999796,23674.92
25958.73,-41.22999999999956,24160.84
25958.74,-41.219999999997526,24112.211
25958.75,-41.20999999999913,24063.592
25958.76,-41.20000000000073,24014.979
25958.77,-41.18999999999869,23480.779
25958.78,-41.18000000000029,23141.346
25958.79,-41.169999999998254,23383.758
25958.8,-41.159999999999854,23917.777
25958.81,-41.14999999999782,23966.375
25958.82,-41.13999999999942,24160.84
25958.83,-41.12999999999738,23577.832
25958.84,-41.11999999999898,23044.438
25958.85,-41.11000000000058,23529.301
25958.86,-41.099999999998545,24112.211
25958.87,-41.090000000000146,24647.572
25958.88,-41.07999999999811,24404.105
25958.89,-41.06999999999971,24452.783
25958.9,-41.05999999999767,23820.611
25958.91,-41.04999999999927,23917.777
25958.92,-41.04000000000087,23869.189
25958.93,-41.029999999998836,24063.592
25958.94,-41.02000000000044,24014.979
25958.95,-41.0099999999984,23674.92
25958.96,-41.0,23092.887
25958.97,-40.98999999999796,22753.908
25958.98,-40.97999999999956,23674.92
25958.99,-40.969999999997526,24306.775
25959.0,-40.95999999999913,24355.436
25959.01,-40.95000000000073,24598.863
25959.02,-40.93999999999869,24306.775
25959.03,-40.93000000000029,23577.832
25959.04,-40.919999999998254,23869.189
25959.05,-40.909999999999854,23869.189
25959.06,-40.89999999999782,23966.375
25959.07,-40.88999999999942,24209.477
25959.08,-40.87999999999738,23723.475
25959.09,-40.86999999999898,22802.309
25959.1,-40.86000000000058,23335.258
25959.11,-40.849999999998545,23917.777
25959.12,-40.840000000000146,23966.375
25959.13,-40.82999999999811,23723.475
25959.14,-40.81999999999971,23917.777
25959.15,-40.80999999999767,22995.996
25959.16,-40.79999999999927,23383.758
25959.17,-40.79000000000087,23917.777
25959.18,-40.779999999998836,24355.436
25959.19,-40.77000000000044,24647.572
25959.2,-40.7599999999984,24501.469
25959.21,-40.75,23723.475
25959.22,-40.73999999999796,23869.189
25959.23,-40.72999999999956,23966.375
25959.24,-40.719999999997526,24063.592
25959.25,-40.70999999999913,24209.477
25959.26,-40.70000000000073,24112.211
25959.27,-40.68999999999869,23092.887
25959.28,-40.68000000000029,22705.516
25959.29,-40.669999999998254,23286.768
25959.3,-40.659999999999854,23917.777
25959.31,-40.64999999999782,24209.477
25959.32,-40.63999999999942,24452.783
25959.33,-40.62999999999738,24306.775
25959.34,-40.61999999999898,23820.611
25959.35,-40.61000000000058,23869.189
25959.36,-40.599999999998545,24063.592
25959.37,-40.590000000000146,24160.84
25959.38,-40.57999999999811,24160.84
25959.39,-40.56999999999971,23772.039
25959.4,-40.55999999999767,23092.887
25959.41,-40.54999999999927,23092.887
25959.42,-40.54000000000087,23772.039
25959.43,-40.529999999998836,24063.592
25959.44,-40.52000000000044,24014.979
25959.45,-40.5099999999984,23917.777
25959.46,-40.5,23335.258
25959.47,-40.48999999999796,22705.516
25959.48,-40.47999999999956,22705.516
25959.49,-40.469999999997526,23820.611
25959.5,-40.45999999999913,24209.477
25959.51,-40.45000000000073,24258.121
25959.52,-40.43999999999869,24550.162
25959.53,-40.43000000000029,24112.211
25959.54,-40.419999999998254,22947.563
25959.55,-40.409999999999854,22512.023
25959.56,-40.39999999999782,23335.258
25959.57,-40.38999999999942,23869.189
25959.58,-40.37999999999738,23966.375
25959.59,-40.36999999999898,23917.777
25959.6,-40.36000000000058,23820.611
25959.61,-40.349999999998545,22995.996
25959.62,-40.340000000000146,22753.908
25959.63,-40.32999999999811,23432.264
25959.64,-40.31999999999971,23966.375
25959.65,-40.30999999999767,24258.121
25959.66,-40.29999999999927,24404.105
25959.67,-40.29000000000087,24160.84
25959.68,-40.279999999998836,23238.285
25959.69,-40.27000000000044,22415.328
25959.7,-40.2599999999984,23092.887
25959.71,-40.25,23772.039
25959.72,-40.23999999999796,24063.592
25959.73,-40.22999999999956,23820.611
25959.74,-40.219999999997526,24160.84
25959.75,-40.20999999999913,23092.887
25959.76,-40.20000000000073,22415.328
25959.77,-40.18999999999869,22947.563
25959.78,-40.18000000000029,23432.264
25959.79,-40.169999999998254,23869.189
25959.8,-40.159999999999854,24014.979
25959.81,-40.14999999999782,24112.211
25959.82,-40.13999999999942,23189.811
25959.83,-40.12999999999738,22366.992
25959.84,-40.11999999999898,23238.285
25959.85,-40.11000000000058,23917.777
25959.86,-40.099999999998545,24355.436
25959.87,-40.090000000000146,24306.775
25959.88,-40.07999999999811,24209.477
25959.89,-40.06999999999971,23577.832
25959.9,-40.05999999999767,22657.131
25959.91,-40.04999999999927,23092.887
25959.92,-40.04000000000087,23529.301
25959.93,-40.029999999998836,23869.189
25959.94,-40.02000000000044,23966.375
25959.95,-40.0099999999984,23966.375
25959.96,-40.0,23141.346
25959.97,-39.98999999999796,23723.475
25959.98,-39.97999999999956,23723.475
25959.99,-39.969999999997526,23674.92
25960.0,-39.95999999999913,23723.475
25960.01,-39.95000000000073,23723.475
25960.02,-39.93999999999869,23286.768
25960.03,-39.93000000000029,22318.664
25960.04,-39.919999999998254,21594.717
25960.05,-39.909999999999854,21353.809
25960.06,-39.89999999999782,21113.102
25960.07,-39.88999999999942,20968.775
25960.08,-39.87999999999738,22463.672
25960.09,-39.86999999999898,24112.211
25960.1,-39.86000000000058,23917.777
25960.11,-39.849999999998545,23189.811
25960.12,-39.840000000000146,24014.979
25960.13,-39.82999999999811,24598.863
25960.14,-39.81999999999971,24647.572
25960.15,-39.80999999999767,24598.863
25960.16,-39.79999999999927,24696.291
25960.17,-39.79000000000087,24598.863
25960.18,-39.779999999998836,24598.863
25960.19,-39.77000000000044,24550.162
25960.2,-39.7599999999984,24550.162
25960.21,-39.75,24647.572
25960.22,-39.73999999999796,24501.469
25960.23,-39.72999999999956,24550.162
25960.24,-39.719999999997526,24647.572
25960.25,-39.70999999999913,24598.863
25960.26,-39.70000000000073,24842.494
25960.27,-39.68999999999869,24647.572
25960.28,-39.68000000000029,24647.572
25960.29,-39.669999999998254,24501.469
25960.3,-39.659999999999854,24647.572
25960.31,-39.64999999999782,24696.291
25960.32,-39.63999999999942,24550.162
25960.33,-39.62999999999738,24745.018
25960.34,-39.61999999999898,24598.863
25960.35,-39.61000000000058,24745.018
25960.36,-39.599999999998545,24696.291
25960.37,-39.590000000000146,24647.572
25960.38,-39.57999999999811,24647.572
25960.39,-39.56999999999971,24647.572
25960.4,-39.55999999999767,24355.436
25960.41,-39.54999999999927,24745.018
25960.42,-39.54000000000087,24598.863
25960.43,-39.529999999998836,24647.572
25960.44,-39.52000000000044,24696.291
25960.45,-39.5099999999984,24452.783
25960.46,-39.5,24647.572
25960.47,-39.48999999999796,24550.162
25960.48,-39.47999999999956,24647.572
25960.49,-39.469999999997526,24696.291
25960.5,-39.45999999999913,24696.291
25960.51,-39.45000000000073,24745.018
25960.52,-39.43999999999869,24647.572
25960.53,-39.43000000000029,24452.783
25960.54,-39.419999999998254,24452.783
25960.55,-39.409999999999854,24550.162
25960.56,-39.39999999999782,24598.863
25960.57,-39.38999999999942,24842.494
25960.58,-39.37999999999738,24745.018
25960.59,-39.36999999999898,24696.291
25960.6,-39.36000000000058,24793.752
25960.61,-39.349999999998545,24696.291
25960.62,-39.340000000000146,24891.244
25960.63,-39.32999999999811,24745.018
25960.64,-39.31999999999971,24696.291
25960.65,-39.30999999999767,24696.291
25960.66,-39.29999999999927,24501.469
25960.67,-39.29000000000087,24550.162
25960.68,-39.279999999998836,24452.783
25960.69,-39.27000000000044,24550.162
25960.7,-39.2599999999984,24696.291
25960.71,-39.25,24696.291
25960.72,-39.23999999999796,24793.752
25960.73,-39.22999999999956,24598.863
25960.74,-39.219999999997526,24647.572
25960.75,-39.20999999999913,24793.752
25960.76,-39.20000000000073,24550.162
25960.77,-39.18999999999869,24550.162
25960.78,-39.18000000000029,24598.863
25960.79,-39.169999999998254,24647.572
25960.8,-39.159999999999854,24550.162
25960.81,-39.14999999999782,24501.469
25960.82,-39.13999999999942,24745.018
25960.83,-39.12999999999738,24793.752
25960.84,-39.11999999999898,24647.572
25960.85,-39.11000000000058,24598.863
25960.86,-39.099999999998545,24696.291
25960.87,-39.090000000000146,24647.572
25960.88,-39.07999999999811,24842.494
25960.89,-39.06999999999971,24696.291
25960.9,-39.05999999999767,24550.162
25960.91,-39.04999999999927,24647.572
25960.92,-39.04000000000087,24745.018
25960.93,-39.029999999998836,24940.002
25960.94,-39.02000000000044,24647.572
25960.95,-39.0099999999984,24696.291
25960.96,-39.0,24550.162
25960.97,-38.98999999999796,24793.752
25960.98,-38.97999999999956,24842.494
25960.99,-38.969999999997526,24696.291
25961.0,-38.95999999999913,24793.752
25961.01,-38.95000000000073,24647.572
25961.02,-38.93999999999869,24793.752
25961.03,-38.93000000000029,24647.572
25961.04,-38.919999999998254,24793.752
25961.05,-38.909999999999854,24842.494
25961.06,-38.89999999999782,24745.018
25961.07,-38.88999999999942,24793.752
25961.08,-38.87999999999738,24598.863
25961.09,-38.86999999999898,24842.494
25961.1,-38.86000000000058,24696.291
25961.11,-38.849999999998545,24647.572
25961.12,-38.840000000000146,24793.752
25961.13,-38.82999999999811,24696.291
25961.14,-38.81999999999971,24647.572
25961.15,-38.80999999999767,24647.572
25961.16,-38.79999999999927,24598.863
25961.17,-38.79000000000087,24550.162
25961.18,-38.779999999998836,24842.494
25961.19,-38.77000000000044,24842.494
25961.2,-38.7599999999984,24842.494
25961.21,-38.75,24647.572
25961.22,-38.73999999999796,24647.572
25961.23,-38.72999999999956,24647.572
25961.24,-38.719999999997526,24842.494
25961.25,-38.70999999999913,24891.244
25961.26,-38.70000000000073,24842.494
25961.27,-38.68999999999869,24647.572
25961.28,-38.68000000000029,24842.494
25961.29,-38.669999999998254,24891.244
25961.3,-38.659999999999854,24842.494
25961.31,-38.64999999999782,24745.018
25961.32,-38.63999999999942,24793.752
25961.33,-38.62999999999738,24745.018
25961.34,-38.61999999999898,24793.752
25961.35,-38.61000000000058,24891.244
25961.36,-38.599999999998545,24647.572
25961.37,-38.590000000000146,24598.863
25961.38,-38.57999999999811,24647.572
25961.39,-38.56999999999971,24550.162
25961.4,-38.55999999999767,24598.863
25961.41,-38.54999999999927,24647.572
25961.42,-38.54000000000087,24793.752
25961.43,-38.529999999998836,24793.752
25961.44,-38.52000000000044,24842.494
25961.45,-38.5099999999984,24647.572
25961.46,-38.5,24696.291
25961.47,-38.48999999999796,24696.291
25961.48,-38.47999999999956,24696.291
25961.49,-38.469999999997526,24940.002
25961.5,-38.45999999999913,24550.162
25961.51,-38.45000000000073,24793.752
25961.52,-38.43999999999869,24696.291
25961.53,-38.43000000000029,24696.291
25961.54,-38.419999999998254,24647.572
25961.55,-38.409999999999854,24745.018
25961.56,-38.39999999999782,24745.018
25961.57,-38.38999999999942,24745.018
25961.58,-38.37999999999738,24452.783
25961.59,-38.36999999999898,24647.572
25961.6,-38.36000000000058,24745.018
25961.61,-38.349999999998545,24696.291
25961.62,-38.340000000000146,24647.572
25961.63,-38.32999999999811,24940.002
25961.64,-38.31999999999971,24793.752
25961.65,-38.30999999999767,24647.572
25961.66,-38.29999999999927,24745.018
25961.67,-38.29000000000087,24745.018
25961.68,-38.279999999998836,24647.572
25961.69,-38.27000000000044,24696.291
25961.7,-38.2599999999984,24696.291
25961.71,-38.25,24598.863
25961.72,-38.23999999999796,24647.572
25961.73,-38.22999999999956,24891.244
25961.74,-38.219999999997526,24550.162
25961.75,-38.20999999999913,24696.291
25961.76,-38.20000000000073,24647.572
25961.77,-38.18999999999869,24745.018
25961.78,-38.18000000000029,24793.752
25961.79,-38.169999999998254,24550.162
25961.8,-38.159999999999854,24745.018
25961.81,-38.14999999999782,24891.244
25961.82,-38.13999999999942,24647.572
25961.83,-38.12999999999738,24696.291
25961.84,-38.11999999999898,24696.291
25961.85,-38.11000000000058,24891.244
25961.86,-38.099999999998545,24891.244
25961.87,-38.090000000000146,24793.752
25961.88,-38.07999999999811,24793.752
25961.89,-38.06999999999971,24745.018
25961.9,-38.05999999999767,24745.018
25961.91,-38.04999999999927,24940.002
25961.92,-38.04000000000087,24745.018
25961.93,-38.029999999998836,24550.162
25961.94,-38.02000000000044,24647.572
25961.95,-38.0099999999984,24842.494
25961.96,-38.0,24891.244
25961.97,-37.98999999999796,24793.752
25961.98,-37.97999999999956,24891.244
25961.99,-37.969999999997526,24696.291
25962.0,-37.95999999999913,24745.018
25962.01,-37.95000000000073,24891.244
25962.02,-37.93999999999869,24696.291
25962.03,-37.93000000000029,24696.291
25962.04,-37.919999999998254,24745.018
25962.05,-37.909999999999854,24647.572
25962.06,-37.89999999999782,24696.291
25962.07,-37.88999999999942,24598.863
25962.08,-37.87999999999738,24988.77
25962.09,-37.86999999999898,24793.752
25962.1,-37.86000000000058,24745.018
25962.11,-37.849999999998545,24745.018
25962.12,-37.840000000000146,24550.162
25962.13,-37.82999999999811,24647.572
25962.14,-37.81999999999971,24842.494
25962.15,-37.80999999999767,24696.291
25962.16,-37.79999999999927,24647.572
25962.17,-37.79000000000087,24988.77
25962.18,-37.779999999998836,24745.018
25962.19,-37.77000000000044,24891.244
25962.2,-37.7599999999984,24842.494
25962.21,-37.75,24696.291
25962.22,-37.73999999999796,24598.863
25962.23,-37.72999999999956,24647.572
25962.24,-37.719999999997526,24550.162
25962.25,-37.70999999999913,24598.863
25962.26,-37.70000000000073,24842.494
25962.27,-37.68999999999869,24745.018
25962.28,-37.68000000000029,24891.244
25962.29,-37.669999999998254,24647.572
25962.3,-37.659999999999854,24891.244
25962.31,-37.64999999999782,24647.572
25962.32,-37.63999999999942,24696.291
25962.33,-37.62999999999738,24696.291
25962.34,-37.61999999999898,24891.244
25962.35,-37.61000000000058,24793.752
25962.36,-37.599999999998545,24550.162
25962.37,-37.590000000000146,24550.162
25962.38,-37.57999999999811,24598.863
25962.39,-37.56999999999971,24501.469
25962.4,-37.55999999999767,24550.162
25962.41,-37.54999999999927,24647.572
25962.42,-37.54000000000087,24647.572
25962.43,-37.529999999998836,24891.244
25962.44,-37.52000000000044,24696.291
25962.45,-37.5099999999984,24745.018
25962.46,-37.5,24745.018
25962.47,-37.48999999999796,24891.244
25962.48,-37.47999999999956,24647.572
25962.49,-37.469999999997526,24891.244
25962.5,-37.45999999999913,24647.572
25962.51,-37.45000000000073,24745.018
25962.52,-37.43999999999869,24891.244
25962.53,-37.43000000000029,24793.752
25962.54,-37.419999999998254,24452.783
25962.55,-37.409999999999854,24891.244
25962.56,-37.39999999999782,24647.572
25962.57,-37.38999999999942,24647.572
25962.58,-37.37999999999738,24842.494
25962.59,-37.36999999999898,24598.863
25962.6,-37.36000000000058,24647.572
25962.61,-37.349999999998545,24745.018
25962.62,-37.340000000000146,24696.291
25962.63,-37.32999999999811,24696.291
25962.64,-37.31999999999971,24793.752
25962.65,-37.30999999999767,24745.018
25962.66,-37.29999999999927,24696.291
25962.67,-37.29000000000087,24745.018
25962.68,-37.279999999998836,24940.002
25962.69,-37.27000000000044,24842.494
25962.7,-37.2599999999984,24696.291
25962.71,-37.25,24696.291
25962.72,-37.23999999999796,24696.291
25962.73,-37.22999999999956,24793.752
25962.74,-37.219999999997526,24696.291
25962.75,-37.20999999999913,24745.018
25962.76,-37.20000000000073,24647.572
25962.77,-37.18999999999869,24745.018
25962.78,-37.18000000000029,24647.572
25962.79,-37.169999999998254,24598.863
25962.8,-37.159999999999854,24696.291
25962.81,-37.14999999999782,24745.018
25962.82,-37.13999999999942,24647.572
25962.83,-37.12999999999738,24647.572
25962.84,-37.11999999999898,24452.783
25962.85,-37.11000000000058,24793.752
25962.86,-37.099999999998545,24745.018
25962.87,-37.090000000000146,24940.002
25962.88,-37.07999999999811,24793.752
25962.89,-37.06999999999971,24647.572
25962.9,-37.05999999999767,24940.002
25962.91,-37.04999999999927,24550.162
25962.92,-37.04000000000087,24647.572
25962.93,-37.029999999998836,24501.469
25962.94,-37.02000000000044,24598.863
25962.95,-37.0099999999984,24550.162
25962.96,-37.0,24209.477
25962.97,-36.98999999999796,23480.779
25962.98,-36.97999999999956,23092.887
25962.99,-36.969999999997526,23529.301
25963.0,-36.95999999999913,23723.475
25963.01,-36.95000000000073,23674.92
25963.02,-36.93999999999869,23529.301
25963.03,-36.93000000000029,23577.832
25963.04,-36.919999999998254,23432.264
25963.05,-36.909999999999854,23529.301
25963.06,-36.89999999999782,23529.301
25963.07,-36.88999999999942,23529.301
25963.08,-36.87999999999738,23626.373
25963.09,-36.86999999999898,23626.373
25963.1,-36.86000000000058,23626.373
25963.11,-36.849999999998545,23286.768
25963.12,-36.840000000000146,23626.373
25963.13,-36.82999999999811,23189.811
25963.14,-36.81999999999971,23480.779
25963.15,-36.80999999999767,23577.832
25963.16,-36.79999999999927,23723.475
25963.17,-36.79000000000087,23626.373
25963.18,-36.779999999998836,23917.777
25963.19,-36.77000000000044,23820.611
25963.2,-36.7599999999984,23772.039
25963.21,-36.75,23723.475
25963.22,-36.73999999999796,23869.189
25963.23,-36.72999999999956,23917.777
25963.24,-36.719999999997526,23820.611
25963.25,-36.70999999999913,23772.039
25963.26,-36.70000000000073,23917.777
25963.27,-36.68999999999869,23917.777
25963.28,-36.68000000000029,23432.264
25963.29,-36.669999999998254,23092.887
25963.3,-36.659999999999854,23286.768
25963.31,-36.64999999999782,23529.301
25963.32,-36.63999999999942,23626.373
25963.33,-36.62999999999738,23529.301
25963.34,-36.61999999999898,23723.475
25963.35,-36.61000000000058,23480.779
25963.36,-36.599999999998545,23432.264
25963.37,-36.590000000000146,23286.768
25963.38,-36.57999999999811,23577.832
25963.39,-36.56999999999971,23577.832
25963.4,-36.55999999999767,23577.832
25963.41,-36.54999999999927,23529.301
25963.42,-36.54000000000087,23335.258
25963.43,-36.529999999998836,23480.779
25963.44,-36.52000000000044,23189.811
25963.45,-36.5099999999984,23092.887
25963.46,-36.5,23432.264
25963.47,-36.48999999999796,23577.832
25963.48,-36.47999999999956,23820.611
25963.49,-36.469999999997526,23674.92
25963.5,-36.45999999999913,23772.039
25963.51,-36.45000000000073,23772.039
25963.52,-36.43999999999869,23577.832
25963.53,-36.43000000000029,23577.832
25963.54,-36.419999999998254,23723.475
25963.55,-36.409999999999854,23772.039
25963.56,-36.39999999999782,23529.301
25963.57,-36.38999999999942,23723.475
25963.58,-36.37999999999738,23626.373
25963.59,-36.36999999999898,23674.92
25963.6,-36.36000000000058,23141.346
25963.61,-36.349999999998545,23286.768
25963.62,-36.340000000000146,23577.832
25963.63,-36.32999999999811,23966.375
25963.64,-36.31999999999971,23772.039
25963.65,-36.30999999999767,23772.039
25963.66,-36.29999999999927,23626.373
25963.67,-36.29000000000087,23869.189
25963.68,-36.279999999998836,23869.189
25963.69,-36.27000000000044,23723.475
25963.7,-36.2599999999984,23626.373
25963.71,-36.25,23674.92
25963.72,-36.23999999999796,23869.189
25963.73,-36.22999999999956,23869.189
25963.74,-36.219999999997526,23869.189
25963.75,-36.20999999999913,23335.258
25963.76,-36.20000000000073,23432.264
25963.77,-36.18999999999869,23723.475
25963.78,-36.18000000000029,23577.832
25963.79,-36.169999999998254,23820.611
25963.8,-36.159999999999854,23772.039
25963.81,-36.14999999999782,23820.611
25963.82,-36.13999999999942,23917.777
25963.83,-36.12999999999738,23772.039
25963.84,-36.11999999999898,23820.611
25963.85,-36.11000000000058,24014.979
25963.86,-36.099999999998545,23772.039
25963.87,-36.090000000000146,23869.189
25963.88,-36.07999999999811,23820.611
25963.89,-36.06999999999971,24014.979
25963.9,-36.05999999999767,23869.189
25963.91,-36.04999999999927,23189.811
25963.92,-36.04000000000087,23189.811
25963.93,-36.029999999998836,23480.779
25963.94,-36.02000000000044,23723.475
25963.95,-36.0099999999984,23577.832
25963.96,-36.0,23772.039
25963.97,-35.98999999999796,23626.373
25963.98,-35.97999999999956,23723.475
25963.99,-35.969999999997526,23577.832
25964.0,-35.95999999999913,23480.779
25964.01,-35.95000000000073,23626.373
25964.02,-35.93999999999869,23674.92
25964.03,-35.93000000000029,23820.611
25964.04,-35.919999999998254,23577.832
25964.05,-35.909999999999854,23772.039
25964.06,-35.89999999999782,23189.811
25964.07,-35.88999999999942,23286.768
25964.08,-35.87999999999738,23626.373
25964.09,-35.86999999999898,23529.301
25964.1,-35.86000000000058,23772.039
25964.11,-35.849999999998545,23529.301
25964.12,-35.840000000000146,23820.611
25964.13,-35.82999999999811,23626.373
25964.14,-35.81999999999971,23772.039
25964.15,-35.80999999999767,23869.189
25964.16,-35.79999999999927,23674.92
25964.17,-35.79000000000087,23772.039
25964.18,-35.779999999998836,23674.92
25964.19,-35.77000000000044,23869.189
25964.2,-35.7599999999984,23674.92
25964.21,-35.75,23674.92
25964.22,-35.73999999999796,23092.887
25964.23,-35.72999999999956,23480.779
25964.24,-35.719999999997526,23529.301
25964.25,-35.70999999999913,23577.832
25964.26,-35.70000000000073,23723.475
25964.27,-35.68999999999869,23869.189
25964.28,-35.68000000000029,23723.475
25964.29,-35.669999999998254,23772.039
25964.3,-35.659999999999854,23869.189
25964.31,-35.64999999999782,23529.301
25964.32,-35.63999999999942,23723.475
25964.33,-35.62999999999738,23674.92
25964.34,-35.61999999999898,23772.039
25964.35,-35.61000000000058,23577.832
25964.36,-35.599999999998545,23626.373
25964.37,-35.590000000000146,23335.258
25964.38,-35.57999999999811,23335.258
25964.39,-35.56999999999971,23626.373
25964.4,-35.55999999999767,23772.039
25964.41,-35.54999999999927,23820.611
25964.42,-35.54000000000087,23917.777
25964.43,-35.529999999998836,23772.039
25964.44,-35.52000000000044,23772.039
25964.45,-35.5099999999984,23723.475
25964.46,-35.5,23869.189
25964.47,-35.48999999999796,23723.475
25964.48,-35.47999999999956,23820.611
25964.49,-35.469999999997526,23772.039
25964.5,-35.45999999999913,23820.611
25964.51,-35.45000000000073,23772.039
25964.52,-35.43999999999869,23772.039
25964.53,-35.43000000000029,23189.811
25964.54,-35.419999999998254,23383.758
25964.55,-35.409999999999854,23674.92
25964.56,-35.39999999999782,23772.039
25964.57,-35.38999999999942,23723.475
25964.58,-35.37999999999738,23966.375
25964.59,-35.36999999999898,23820.611
25964.6,-35.36000000000058,23772.039
25964.61,-35.349999999998545,23772.039
25964.62,-35.340000000000146,23626.373
25964.63,-35.32999999999811,23674.92
25964.64,-35.31999999999971,23723.475
25964.65,-35.30999999999767,23820.611
25964.66,-35.29999999999927,23772.039
25964.67,-35.29000000000087,23577.832
25964.68,-35.279999999998836,23383.758
25964.69,-35.27000000000044,23092.887
25964.7,-35.2599999999984,23480.779
25964.71,-35.25,23577.832
25964.72,-35.23999999999796,23577.832
25964.73,-35.22999999999956,23577.832
25964.74,-35.219999999997526,23723.475
25964.75,-35.20999999999913,23626.373
25964.76,-35.20000000000073,23820.611
25964.77,-35.18999999999869,23577.832
25964.78,-35.18000000000029,23723.475
25964.79,-35.169999999998254,23626.373
25964.8,-35.159999999999854,23674.92
25964.81,-35.14999999999782,23723.475
25964.82,-35.13999999999942,23674.92
25964.83,-35.12999999999738,23674.92
25964.84,-35.11999999999898,23238.285
25964.85,-35.11000000000058,23529.301
25964.86,-35.099999999998545,23577.832
25964.87,-35.090000000000146,23772.039
25964.88,-35.07999999999811,23966.375
25964.89,-35.06999999999971,23917.777
25964.9,-35.05999999999767,23917.777
25964.91,-35.04999999999927,23966.375
25964.92,-35.04000000000087,23869.189
25964.93,-35.029999999998836,23820.611
25964.94,-35.02000000000044,23869.189
25964.95,-35.0099999999984,23917.777
25964.96,-35.0,23917.777
25964.97,-34.98999999999796,24112.211
25964.98,-34.97999999999956,23917.777
25964.99,-34.969999999997526,23577.832
25965.0,-34.95999999999913,23383.758
25965.01,-34.95000000000073,23383.758
25965.02,-34.93999999999869,23626.373
25965.03,-34.93000000000029,23723.475
25965.04,-34.919999999998254,23674.92
25965.05,-34.909999999999854,23820.611
25965.06,-34.89999999999782,23674.92
25965.07,-34.88999999999942,23772.039
25965.08,-34.87999999999738,23723.475
25965.09,-34.86999999999898,23820.611
25965.1,-34.86000000000058,23723.475
25965.11,-34.849999999998545,23772.039
25965.12,-34.840000000000146,23626.373
25965.13,-34.82999999999811,23723.475
25965.14,-34.81999999999971,23674.92
25965.15,-34.80999999999767,23044.438
25965.16,-34.79999999999927,23238.285
25965.17,-34.79000000000087,23529.301
25965.18,-34.779999999998836,23626.373
25965.19,-34.77000000000044,23723.475
25965.2,-34.7599999999984,23723.475
25965.21,-34.75,23869.189
25965.22,-34.73999999999796,23772.039
25965.23,-34.72999999999956,23917.777
25965.24,-34.719999999997526,23917.777
25965.25,-34.70999999999913,23772.039
25965.26,-34.70000000000073,23772.039
25965.27,-34.68999999999869,23820.611
25965.28,-34.68000000000029,23820.611
25965.29,-34.669999999998254,23772.039
25965.3,-34.659999999999854,23772.039
25965.31,-34.64999999999782,23092.887
25965.32,-34.63999999999942,23480.779
25965.33,-34.62999999999738,23480.779
25965.34,-34.61999999999898,23772.039
25965.35,-34.61000000000058,23674.92
25965.36,-34.599999999998545,23723.475
25965.37,-34.590000000000146,24014.979
25965.38,-34.57999999999811,23626.373
25965.39,-34.56999999999971,23577.832
25965.4,-34.55999999999767,23772.039
25965.41,-34.54999999999927,23723.475
25965.42,-34.54000000000087,23723.475
25965.43,-34.529999999998836,23917.777
25965.44,-34.52000000000044,23674.92
25965.45,-34.5099999999984,23674.92
25965.46,-34.5,22995.996
25965.47,-34.48999999999796,23238.285
25965.48,-34.47999999999956,23674.92
25965.49,-34.469999999997526,23820.611
25965.5,-34.45999999999913,24063.592
25965.51,-34.45000000000073,23674.92
25965.52,-34.43999999999869,23966.375
25965.53,-34.43000000000029,23820.611
25965.54,-34.419999999998254,23966.375
25965.55,-34.409999999999854,23820.611
25965.56,-34.39999999999782,23917.777
25965.57,-34.38999999999942,23820.611
25965.58,-34.37999999999738,23723.475
25965.59,-34.36999999999898,23723.475
25965.6,-34.36000000000058,24014.979
25965.61,-34.349999999998545,23820.611
25965.62,-34.340000000000146,23529.301
25965.63,-34.32999999999811,23723.475
25965.64,-34.31999999999971,23820.611
25965.65,-34.30999999999767,24063.592
25965.66,-34.29999999999927,23820.611
25965.67,-34.29000000000087,23917.777
25965.68,-34.279999999998836,23820.611
25965.69,-34.27000000000044,23820.611
25965.7,-34.2599999999984,23917.777
25965.71,-34.25,24063.592
25965.72,-34.23999999999796,23917.777
25965.73,-34.22999999999956,23820.611
25965.74,-34.219999999997526,23772.039
25965.75,-34.20999999999913,23820.611
25965.76,-34.20000000000073,23966.375
25965.77,-34.18999999999869,23432.264
25965.78,-34.18000000000029,23529.301
25965.79,-34.169999999998254,23577.832
25965.8,-34.159999999999854,23674.92
25965.81,-34.14999999999782,23723.475
25965.82,-34.13999999999942,23772.039
25965.83,-34.12999999999738,23626.373
25965.84,-34.11999999999898,23674.92
25965.85,-34.11000000000058,23723.475
25965.86,-34.099999999998545,23820.611
25965.87,-34.090000000000146,23820.611
25965.88,-34.07999999999811,23869.189
25965.89,-34.06999999999971,23723.475
25965.9,-34.05999999999767,23820.611
25965.91,-34.04999999999927,23820.611
25965.92,-34.04000000000087,23383.758
25965.93,-34.029999999998836,23286.768
25965.94,-34.02000000000044,23383.758
25965.95,-34.0099999999984,23577.832
25965.96,-34.0,23723.475
25965.97,-33.98999999999796,23723.475
25965.98,-33.97999999999956,23772.039
25965.99,-33.969999999997526,23772.039
25966.0,-33.95999999999913,23820.611
25966.01,-33.95000000000073,23723.475
25966.02,-33.93999999999869,23772.039
25966.03,-33.93000000000029,23869.189
25966.04,-33.919999999998254,24014.979
25966.05,-33.909999999999854,23772.039
25966.06,-33.89999999999782,23966.375
25966.07,-33.88999999999942,23917.777
25966.08,-33.87999999999738,23092.887
25966.09,-33.86999999999898,23626.373
25966.1,-33.86000000000058,23626.373
25966.11,-33.849999999998545,23674.92
25966.12,-33.840000000000146,23723.475
25966.13,-33.82999999999811,23820.611
25966.14,-33.81999999999971,23529.301
25966.15,-33.80999999999767,23723.475
25966.16,-33.79999999999927,23480.779
25966.17,-33.79000000000087,23480.779
25966.18,-33.779999999998836,23723.475
25966.19,-33.77000000000044,23577.832
25966.2,-33.7599999999984,23723.475
25966.21,-33.75,23723.475
25966.22,-33.73999999999796,23626.373
25966.23,-33.72999999999956,23577.832
25966.24,-33.719999999997526,23189.811
25966.25,-33.70999999999913,23383.758
25966.26,-33.70000000000073,23577.832
25966.27,-33.68999999999869,23723.475
25966.28,-33.68000000000029,23772.039
25966.29,-33.669999999998254,23772.039
25966.3,-33.659999999999854,23723.475
25966.31,-33.64999999999782,23577.832
25966.32,-33.63999999999942,23820.611
25966.33,-33.62999999999738,23674.92
25966.34,-33.61999999999898,23917.777
25966.35,-33.61000000000058,23917.777
25966.36,-33.599999999998545,23772.039
25966.37,-33.590000000000146,23674.92
25966.38,-33.57999999999811,23626.373
25966.39,-33.56999999999971,23092.887
25966.4,-33.55999999999767,23529.301
25966.41,-33.54999999999927,23626.373
25966.42,-33.54000000000087,23674.92
25966.43,-33.529999999998836,23869.189
25966.44,-33.52000000000044,23772.039
25966.45,-33.5099999999984,23820.611
25966.46,-33.5,23869.189
25966.47,-33.48999999999796,23820.611
25966.48,-33.47999999999956,23869.189
25966.49,-33.469999999997526,23674.92
25966.5,-33.45999999999913,23820.611
25966.51,-33.45000000000073,23723.475
25966.52,-33.43999999999869,23577.832
25966.53,-33.43000000000029,23820.611
25966.54,-33.419999999998254,23820.611
25966.55,-33.409999999999854,23092.887
25966.56,-33.39999999999782,23141.346
25966.57,-33.38999999999942,23286.768
25966.58,-33.37999999999738,23432.264
25966.59,-33.36999999999898,23480.779
25966.6,-33.36000000000058,23383.758
25966.61,-33.349999999998545,23383.758
25966.62,-33.340000000000146,23432.264
25966.63,-33.32999999999811,23480.779
25966.64,-33.31999999999971,23480.779
25966.65,-33.30999999999767,23432.264
25966.66,-33.29999999999927,23529.301
25966.67,-33.29000000000087,23432.264
25966.68,-33.279999999998836,23529.301
25966.69,-33.27000000000044,23626.373
25966.7,-33.2599999999984,23092.887
25966.71,-33.25,23286.768
25966.72,-33.23999999999796,23189.811
25966.73,-33.22999999999956,23723.475
25966.74,-33.219999999997526,23869.189
25966.75,-33.20999999999913,23529.301
25966.76,-33.20000000000073,23626.373
25966.77,-33.18999999999869,23577.832
25966.78,-33.18000000000029,23723.475
25966.79,-33.169999999998254,23772.039
25966.8,-33.159999999999854,23917.777
25966.81,-33.14999999999782,23772.039
25966.82,-33.13999999999942,23869.189
25966.83,-33.12999999999738,23723.475
25966.84,-33.11999999999898,23626.373
25966.85,-33.11000000000058,23529.301
25966.86,-33.099999999998545,23141.346
25966.87,-33.090000000000146,23383.758
25966.88,-33.07999999999811,23723.475
25966.89,-33.06999999999971,23577.832
25966.9,-33.05999999999767,23674.92
25966.91,-33.04999999999927,23820.611
25966.92,-33.04000000000087,23869.189
25966.93,-33.029999999998836,23917.777
25966.94,-33.02000000000044,23869.189
25966.95,-33.0099999999984,23869.189
25966.96,-33.0,23626.373
25966.97,-32.98999999999796,23966.375
25966.98,-32.97999999999956,23772.039
25966.99,-32.969999999997526,23772.039
25967.0,-32.95999999999913,23772.039
25967.01,-32.95000000000073,23286.768
25967.02,-32.93999999999869,23383.758
25967.03,-32.93000000000029,23577.832
25967.04,-32.919999999998254,23869.189
25967.05,-32.909999999999854,23869.189
25967.06,-32.89999999999782,23723.475
25967.07,-32.88999999999942,23674.92
25967.08,-32.87999999999738,23917.777
25967.09,-32.86999999999898,23772.039
25967.1,-32.86000000000058,23869.189
25967.11,-32.849999999998545,23966.375
25967.12,-32.840000000000146,23820.611
25967.13,-32.82999999999811,23869.189
25967.14,-32.81999999999971,23869.189
25967.15,-32.80999999999767,24112.211
25967.16,-32.79999999999927,23723.475
25967.17,-32.79000000000087,23335.258
25967.18,-32.779999999998836,23480.779
25967.19,-32.77000000000044,23626.373
25967.2,-32.7599999999984,23674.92
25967.21,-32.75,23626.373
25967.22,-32.73999999999796,23869.189
25967.23,-32.72999999999956,23820.611
25967.24,-32.719999999997526,23820.611
25967.25,-32.70999999999913,23917.777
25967.26,-32.70000000000073,23917.777
25967.27,-32.68999999999869,23917.777
25967.28,-32.68000000000029,23869.189
25967.29,-32.669999999998254,23869.189
25967.3,-32.659999999999854,23869.189
25967.31,-32.64999999999782,23772.039
25967.32,-32.63999999999942,23480.779
25967.33,-32.62999999999738,23189.811
25967.34,-32.61999999999898,23480.779
25967.35,-32.61000000000058,23772.039
25967.36,-32.599999999998545,23917.777
25967.37,-32.590000000000146,23674.92
25967.38,-32.57999999999811,23772.039
25967.39,-32.56999999999971,23820.611
25967.4,-32.55999999999767,23820.611
25967.41,-32.54999999999927,23869.189
25967.42,-32.54000000000087,23723.475
25967.43,-32.529999999998836,24014.979
25967.44,-32.52000000000044,23869.189
25967.45,-32.5099999999984,23772.039
25967.46,-32.5,23917.777
25967.47,-32.48999999999796,23626.373
25967.48,-32.47999999999956,23092.887
25967.49,-32.469999999997526,23626.373
25967.5,-32.45999999999913,23626.373
25967.51,-32.45000000000073,23723.475
25967.52,-32.43999999999869,23917.777
25967.53,-32.43000000000029,23772.039
25967.54,-32.419999999998254,23869.189
25967.55,-32.409999999999854,23820.611
25967.56,-32.39999999999782,23917.777
25967.57,-32.38999999999942,23966.375
25967.58,-32.37999999999738,23820.611
25967.59,-32.36999999999898,23917.777
25967.6,-32.36000000000058,23723.475
25967.61,-32.349999999998545,23674.92
25967.62,-32.340000000000146,23820.611
25967.63,-32.32999999999811,23529.301
25967.64,-32.31999999999971,23286.768
25967.65,-32.30999999999767,23529.301
25967.66,-32.29999999999927,23820.611
25967.67,-32.29000000000087,23577.832
25967.68,-32.279999999998836,23820.611
25967.69,-32.27000000000044,23869.189
25967.7,-32.2599999999984,23917.777
25967.71,-32.25,23917.777
25967.72,-32.23999999999796,23917.777
25967.73,-32.22999999999956,23723.475
25967.74,-32.219999999997526,23723.475
25967.75,-32.20999999999913,23723.475
25967.76,-32.20000000000073,23577.832
25967.77,-32.18999999999869,23772.039
25967.78,-32.18000000000029,23772.039
25967.79,-32.169999999998254,23092.887
25967.8,-32.159999999999854,23286.768
25967.81,-32.14999999999782,23577.832
25967.82,-32.13999999999942,23820.611
25967.83,-32.12999999999738,23869.189
25967.84,-32.11999999999898,23723.475
25967.85,-32.11000000000058,23869.189
25967.86,-32.099999999998545,23869.189
25967.87,-32.090000000000146,23869.189
25967.88,-32.07999999999811,24014.979
25967.89,-32.06999999999971,23869.189
25967.9,-32.05999999999767,23820.611
25967.91,-32.04999999999927,23869.189
25967.92,-32.04000000000087,23674.92
25967.93,-32.029999999998836,23480.779
25967.94,-32.02000000000044,23772.039
25967.95,-32.0099999999984,22899.137
25967.96,-32.0,22173.729
25967.97,-31.989999999997963,21739.359
25967.98,-31.979999999999563,21546.52
25967.99,-31.969999999997526,21498.33
25968.0,-31.959999999999127,21257.502
25968.01,-31.950000000000728,22899.137
25968.02,-31.93999999999869,24306.775
25968.03,-31.93000000000029,23772.039
25968.04,-31.919999999998254,23432.264
25968.05,-31.909999999999854,24014.979
25968.06,-31.899999999997817,24258.121
25968.07,-31.889999999999418,24404.105
25968.08,-31.87999999999738,24501.469
25968.09,-31.86999999999898,24452.783
25968.1,-31.860000000000582,24452.783
25968.11,-31.849999999998545,24404.105
25968.12,-31.840000000000146,24501.469
25968.13,-31.82999999999811,24355.436
25968.14,-31.81999999999971,24647.572
25968.15,-31.80999999999767,24258.121
25968.16,-31.799999999999272,24452.783
25968.17,-31.790000000000873,24306.775
25968.18,-31.779999999998836,24452.783
25968.19,-31.770000000000437,24550.162
25968.2,-31.7599999999984,24550.162
25968.21,-31.75,24550.162
25968.22,-31.739999999997963,24598.863
25968.23,-31.729999999999563,24404.105
25968.24,-31.719999999997526,24258.121
25968.25,-31.709999999999127,24452.783
25968.26,-31.700000000000728,24550.162
25968.27,-31.68999999999869,24550.162
25968.28,-31.68000000000029,24598.863
25968.29,-31.669999999998254,24550.162
25968.3,-31.659999999999854,24598.863
25968.31,-31.649999999997817,24696.291
25968.32,-31.639999999999418,24696.291
25968.33,-31.62999999999738,24696.291
25968.34,-31.61999999999898,24696.291
25968.35,-31.610000000000582,24598.863
25968.36,-31.599999999998545,24501.469
25968.37,-31.590000000000146,24452.783
25968.38,-31.57999999999811,24452.783
25968.39,-31.56999999999971,24598.863
25968.4,-31.55999999999767,24355.436
25968.41,-31.549999999999272,24598.863
25968.42,-31.540000000000873,24452.783
25968.43,-31.529999999998836,24452.783
25968.44,-31.520000000000437,24404.105
25968.45,-31.5099999999984,24452.783
25968.46,-31.5,24501.469
25968.47,-31.489999999997963,24501.469
25968.48,-31.479999999999563,24501.469
25968.49,-31.469999999997526,24452.783
25968.5,-31.459999999999127,24258.121
25968.51,-31.450000000000728,24696.291
25968.52,-31.43999999999869,24258.121
25968.53,-31.43000000000029,24550.162
25968.54,-31.419999999998254,24696.291
25968.55,-31.409999999999854,24550.162
25968.56,-31.399999999997817,24355.436
25968.57,-31.389999999999418,24501.469
25968.58,-31.37999999999738,24258.121
25968.59,-31.36999999999898,24452.783
25968.6,-31.360000000000582,24501.469
25968.61,-31.349999999998545,24501.469
25968.62,-31.340000000000146,24598.863
25968.63,-31.32999999999811,24355.436
25968.64,-31.31999999999971,24452.783
25968.65,-31.30999999999767,24404.105
25968.66,-31.299999999999272,24550.162
25968.67,-31.290000000000873,24452.783
25968.68,-31.279999999998836,24355.436
25968.69,-31.270000000000437,24258.121
25968.7,-31.2599999999984,24550.162
25968.71,-31.25,24452.783
25968.72,-31.239999999997963,24550.162
25968.73,-31.229999999999563,24306.775
25968.74,-31.219999999997526,24501.469
25968.75,-31.209999999999127,24696.291
25968.76,-31.200000000000728,24501.469
25968.77,-31.18999999999869,24306.775
25968.78,-31.18000000000029,24501.469
25968.79,-31.169999999998254,24501.469
25968.8,-31.159999999999854,24598.863
25968.81,-31.149999999997817,24501.469
25968.82,-31.139999999999418,24501.469
25968.83,-31.12999999999738,24452.783
25968.84,-31.11999999999898,24501.469
25968.85,-31.110000000000582,24501.469
25968.86,-31.099999999998545,24696.291
25968.87,-31.090000000000146,24696.291
25968.88,-31.07999999999811,24452.783
25968.89,-31.06999999999971,24647.572
25968.9,-31.05999999999767,24647.572
25968.91,-31.049999999999272,24452.783
25968.92,-31.040000000000873,24501.469
25968.93,-31.029999999998836,24647.572
25968.94,-31.020000000000437,24501.469
25968.95,-31.0099999999984,24550.162
25968.96,-31.0,24452.783
25968.97,-30.989999999997963,24842.494
25968.98,-30.979999999999563,24793.752
25968.99,-30.969999999997526,24452.783
25969.0,-30.959999999999127,24696.291
25969.01,-30.950000000000728,24696.291
25969.02,-30.93999999999869,24550.162
25969.03,-30.93000000000029,24647.572
25969.04,-30.919999999998254,24452.783
25969.05,-30.909999999999854,24550.162
25969.06,-30.899999999997817,24696.291
25969.07,-30.889999999999418,24598.863
25969.08,-30.87999999999738,24696.291
25969.09,-30.86999999999898,24745.018
25969.1,-30.860000000000582,24647.572
25969.11,-30.849999999998545,24550.162
25969.12,-30.840000000000146,24745.018
25969.13,-30.82999999999811,24501.469
25969.14,-30.81999999999971,24550.162
25969.15,-30.80999999999767,24598.863
25969.16,-30.799999999999272,24647.572
25969.17,-30.790000000000873,24793.752
25969.18,-30.779999999998836,24550.162
25969.19,-30.770000000000437,24550.162
25969.2,-30.7599999999984,24452.783
25969.21,-30.75,24745.018
25969.22,-30.739999999997963,24598.863
25969.23,-30.729999999999563,24647.572
25969.24,-30.719999999997526,24745.018
25969.25,-30.709999999999127,24647.572
25969.26,-30.700000000000728,24550.162
25969.27,-30.68999999999869,24452.783
25969.28,-30.68000000000029,24306.775
25969.29,-30.669999999998254,24404.105
25969.3,-30.659999999999854,24550.162
25969.31,-30.649999999997817,24598.863
25969.32,-30.639999999999418,24550.162
25969.33,-30.62999999999738,24598.863
25969.34,-30.61999999999898,24501.469
25969.35,-30.610000000000582,24598.863
25969.36,-30.599999999998545,24452.783
25969.37,-30.590000000000146,24745.018
25969.38,-30.57999999999811,24501.469
25969.39,-30.56999999999971,24404.105
25969.4,-30.55999999999767,24598.863
25969.41,-30.549999999999272,24550.162
25969.42,-30.540000000000873,24501.469
25969.43,-30.529999999998836,24842.494
25969.44,-30.520000000000437,24598.863
25969.45,-30.5099999999984,24647.572
25969.46,-30.5,24745.018
25969.47,-30.489999999997963,24696.291
25969.48,-30.479999999999563,24647.572
25969.49,-30.469999999997526,24501.469
25969.5,-30.459999999999127,24696.291
25969.51,-30.450000000000728,24598.863
25969.52,-30.43999999999869,24550.162
25969.53,-30.43000000000029,24647.572
25969.54,-30.419999999998254,24404.105
25969.55,-30.409999999999854,24598.863
25969.56,-30.399999999997817,24598.863
25969.57,-30.389999999999418,24696.291
25969.58,-30.37999999999738,24550.162
25969.59,-30.36999999999898,24598.863
25969.6,-30.360000000000582,24452.783
25969.61,-30.349999999998545,24550.162
25969.62,-30.340000000000146,24647.572
25969.63,-30.32999999999811,24696.291
25969.64,-30.31999999999971,24598.863
25969.65,-30.30999999999767,24647.572
25969.66,-30.299999999999272,24696.291
25969.67,-30.290000000000873,24452.783
25969.68,-30.279999999998836,24696.291
25969.69,-30.270000000000437,24598.863
25969.7,-30.2599999999984,24647.572
25969.71,-30.25,24598.863
25969.72,-30.239999999997963,24598.863
25969.73,-30.229999999999563,24745.018
25969.74,-30.219999999997526,24696.291
25969.75,-30.209999999999127,24647.572
25969.76,-30.200000000000728,24745.018
25969.77,-30.18999999999869,24550.162
25969.78,-30.18000000000029,24598.863
25969.79,-30.169999999998254,24598.863
25969.8,-30.159999999999854,24647.572
25969.81,-30.149999999997817,24501.469
25969.82,-30.139999999999418,24452.783
25969.83,-30.12999999999738,24647.572
25969.84,-30.11999999999898,24550.162
25969.85,-30.110000000000582,24550.162
25969.86,-30.099999999998545,24598.863
25969.87,-30.090000000000146,24550.162
25969.88,-30.07999999999811,24598.863
25969.89,-30.06999999999971,24550.162
25969.9,-30.05999999999767,24501.469
25969.91,-30.049999999999272,24598.863
25969.92,-30.040000000000873,24598.863
25969.93,-30.029999999998836,24452.783
25969.94,-30.020000000000437,24598.863
25969.95,-30.0099999999984,24598.863
25969.96,-30.0,24501.469
25969.97,-29.989999999997963,24550.162
25969.98,-29.979999999999563,24696.291
25969.99,-29.969999999997526,24598.863
25970.0,-29.959999999999127,24501.469
25970.01,-29.950000000000728,24696.291
25970.02,-29.93999999999869,24696.291
25970.03,-29.93000000000029,24452.783
25970.04,-29.919999999998254,24550.162
25970.05,-29.909999999999854,24598.863
25970.06,-29.899999999997817,24647.572
25970.07,-29.889999999999418,24745.018
25970.08,-29.87999999999738,24793.752
25970.09,-29.86999999999898,24647.572
25970.1,-29.860000000000582,24793.752
25970.11,-29.849999999998545,24452.783
25970.12,-29.840000000000146,24647.572
25970.13,-29.82999999999811,24842.494
25970.14,-29.81999999999971,24598.863
25970.15,-29.80999999999767,24598.863
25970.16,-29.799999999999272,24355.436
25970.17,-29.790000000000873,24696.291
25970.18,-29.779999999998836,24745.018
25970.19,-29.770000000000437,24745.018
25970.2,-29.7599999999984,24550.162
25970.21,-29.75,24745.018
25970.22,-29.739999999997963,24598.863
25970.23,-29.729999999999563,24647.572
25970.24,-29.719999999997526,24891.244
25970.25,-29.709999999999127,24598.863
25970.26,-29.700000000000728,24696.291
25970.27,-29.68999999999869,24550.162
25970.28,-29.68000000000029,24452.783
25970.29,-29.669999999998254,24598.863
25970.3,-29.659999999999854,24550.162
25970.31,-29.649999999997817,24598.863
25970.32,-29.639999999999418,24550.162
25970.33,-29.62999999999738,24452.783
25970.34,-29.61999999999898,24647.572
25970.35,-29.610000000000582,24647.572
25970.36,-29.599999999998545,24598.863
25970.37,-29.590000000000146,24696.291
25970.38,-29.57999999999811,24647.572
25970.39,-29.56999999999971,24647.572
25970.4,-29.55999999999767,24745.018
25970.41,-29.549999999999272,24793.752
25970.42,-29.540000000000873,24550.162
25970.43,-29.529999999998836,24696.291
25970.44,-29.520000000000437,24598.863
25970.45,-29.5099999999984,24696.291
25970.46,-29.5,24842.494
25970.47,-29.489999999997963,24793.752
25970.48,-29.479999999999563,24598.863
25970.49,-29.469999999997526,24793.752
25970.5,-29.459999999999127,24647.572
25970.51,-29.450000000000728,24647.572
25970.52,-29.43999999999869,24647.572
25970.53,-29.43000000000029,24696.291
25970.54,-29.419999999998254,24598.863
25970.55,-29.409999999999854,24647.572
25970.56,-29.399999999997817,24550.162
25970.57,-29.389999999999418,24647.572
25970.58,-29.37999999999738,24647.572
25970.59,-29.36999999999898,24696.291
25970.6,-29.360000000000582,24647.572
25970.61,-29.349999999998545,24696.291
25970.62,-29.340000000000146,24696.291
25970.63,-29.32999999999811,24501.469
25970.64,-29.31999999999971,24550.162
25970.65,-29.30999999999767,24696.291
25970.66,-29.299999999999272,24745.018
25970.67,-29.290000000000873,24696.291
25970.68,-29.279999999998836,24647.572
25970.69,-29.270000000000437,24647.572
25970.7,-29.2599999999984,24598.863
25970.71,-29.25,24452.783
25970.72,-29.239999999997963,24696.291
25970.73,-29.229999999999563,24793.752
25970.74,-29.219999999997526,24647.572
25970.75,-29.209999999999127,24598.863
25970.76,-29.200000000000728,24647.572
25970.77,-29.18999999999869,24598.863
25970.78,-29.18000000000029,24550.162
25970.79,-29.169999999998254,24258.121
25970.8,-29.159999999999854,24696.291
25970.81,-29.149999999997817,24501.469
25970.82,-29.139999999999418,24696.291
25970.83,-29.12999999999738,24696.291
25970.84,-29.11999999999898,24501.469
25970.85,-29.110000000000582,24696.291
25970.86,-29.099999999998545,24647.572
25970.87,-29.090000000000146,24745.018
25970.88,-29.07999999999811,24452.783
25970.89,-29.06999999999971,23674.92
25970.9,-29.05999999999767,23044.438
25970.91,-29.049999999999272,22802.309
25970.92,-29.040000000000873,22753.908
25970.93,-29.029999999998836,22608.754
25970.94,-29.020000000000437,22947.563
25970.95,-29.0099999999984,22657.131
25970.96,-29.0,22657.131
25970.97,-28.989999999997963,22657.131
25970.98,-28.979999999999563,22608.754
25970.99,-28.969999999997526,22753.908
25971.0,-28.959999999999127,22608.754
25971.01,-28.950000000000728,22608.754
25971.02,-28.93999999999869,22560.385
25971.03,-28.93000000000029,22560.385
25971.04,-28.919999999998254,22608.754
25971.05,-28.909999999999854,22560.385
25971.06,-28.899999999997817,22463.672
25971.07,-28.889999999999418,22463.672
25971.08,-28.87999999999738,22753.908
25971.09,-28.86999999999898,22753.908
25971.1,-28.860000000000582,22608.754
25971.11,-28.849999999998545,22753.908
25971.12,-28.840000000000146,22608.754
25971.13,-28.82999999999811,22753.908
25971.14,-28.81999999999971,22560.385
25971.15,-28.80999999999767,22608.754
25971.16,-28.799999999999272,22512.023
25971.17,-28.790000000000873,22705.516
25971.18,-28.779999999998836,22947.563
25971.19,-28.770000000000437,22705.516
25971.2,-28.7599999999984,22850.719
25971.21,-28.75,22560.385
25971.22,-28.739999999997963,22657.131
25971.23,-28.729999999999563,22705.516
25971.24,-28.719999999997526,22753.908
25971.25,-28.709999999999127,22753.908
25971.26,-28.700000000000728,22753.908
25971.27,-28.68999999999869,22560.385
25971.28,-28.68000000000029,22512.023
25971.29,-28.669999999998254,22366.992
25971.3,-28.659999999999854,22222.031
25971.31,-28.649999999997817,22463.672
25971.32,-28.639999999999418,22463.672
25971.33,-28.62999999999738,22512.023
25971.34,-28.61999999999898,22753.908
25971.35,-28.610000000000582,22802.309
25971.36,-28.599999999998545,22512.023
25971.37,-28.590000000000146,22753.908
25971.38,-28.57999999999811,22608.754
25971.39,-28.56999999999971,22657.131
25971.4,-28.55999999999767,22463.672
25971.41,-28.549999999999272,22318.664
25971.42,-28.540000000000873,22270.344
25971.43,-28.529999999998836,22560.385
25971.44,-28.520000000000437,22560.385
25971.45,-28.5099999999984,22657.131
25971.46,-28.5,22415.328
25971.47,-28.489999999997963,22947.563
25971.48,-28.479999999999563,22850.719
25971.49,-28.469999999997526,22802.309
25971.5,-28.459999999999127,22657.131
25971.51,-28.450000000000728,22705.516
25971.52,-28.43999999999869,22657.131
25971.53,-28.43000000000029,22415.328
25971.54,-28.419999999998254,22560.385
25971.55,-28.409999999999854,22560.385
25971.56,-28.399999999997817,22657.131
25971.57,-28.389999999999418,22705.516
25971.58,-28.37999999999738,22802.309
25971.59,-28.36999999999898,22705.516
25971.6,-28.360000000000582,22318.664
25971.61,-28.349999999998545,22753.908
25971.62,-28.340000000000146,22560.385
25971.63,-28.32999999999811,22415.328
25971.64,-28.31999999999971,22318.664
25971.65,-28.30999999999767,22512.023
25971.66,-28.299999999999272,22512.023
25971.67,-28.290000000000873,22608.754
25971.68,-28.279999999998836,22705.516
25971.69,-28.270000000000437,22657.131
25971.7,-28.2599999999984,22560.385
25971.71,-28.25,22512.023
25971.72,-28.239999999997963,22415.328
25971.73,-28.229999999999563,22318.664
25971.74,-28.219999999997526,22318.664
25971.75,-28.209999999999127,22366.992
25971.76,-28.200000000000728,22366.992
25971.77,-28.18999999999869,22608.754
25971.78,-28.18000000000029,22705.516
25971.79,-28.169999999998254,22657.131
25971.8,-28.159999999999854,22753.908
25971.81,-28.149999999997817,22512.023
25971.82,-28.139999999999418,22415.328
25971.83,-28.12999999999738,22366.992
25971.84,-28.11999999999898,22608.754
25971.85,-28.110000000000582,22753.908
25971.86,-28.099999999998545,22608.754
25971.87,-28.090000000000146,22463.672
25971.88,-28.07999999999811,22608.754
25971.89,-28.06999999999971,22415.328
25971.9,-28.05999999999767,22657.131
25971.91,-28.049999999999272,22415.328
25971.92,-28.040000000000873,22463.672
25971.93,-28.029999999998836,22560.385
25971.94,-28.020000000000437,22270.344
25971.95,-28.0099999999984,22173.729
25971.96,-28.0,22270.344
25971.97,-27.989999999997963,22318.664
25971.98,-27.979999999999563,22463.672
25971.99,-27.969999999997526,22753.908
25972.0,-27.959999999999127,22415.328
25972.01,-27.950000000000728,22366.992
25972.02,-27.93999999999869,22512.023
25972.03,-27.93000000000029,22366.992
25972.04,-27.919999999998254,22318.664
25972.05,-27.909999999999854,22270.344
25972.06,-27.899999999997817,22318.664
25972.07,-27.889999999999418,22222.031
25972.08,-27.87999999999738,22463.672
25972.09,-27.86999999999898,22318.664
25972.1,-27.860000000000582,22463.672
25972.11,-27.849999999998545,22560.385
25972.12,-27.840000000000146,22608.754
25972.13,-27.82999999999811,22463.672
25972.14,-27.81999999999971,22560.385
25972.15,-27.80999999999767,22560.385
25972.16,-27.799999999999272,22560.385
25972.17,-27.790000000000873,22560.385
25972.18,-27.779999999998836,22899.137
25972.19,-27.770000000000437,22657.131
25972.2,-27.7599999999984,22753.908
25972.21,-27.75,22657.131
25972.22,-27.739999999997963,22608.754
25972.23,-27.729999999999563,22560.385
25972.24,-27.719999999997526,22463.672
25972.25,-27.709999999999127,22802.309
25972.26,-27.700000000000728,22366.992
25972.27,-27.68999999999869,22463.672
25972.28,-27.68000000000029,22415.328
25972.29,-27.669999999998254,22753.908
25972.3,-27.659999999999854,22753.908
25972.31,-27.649999999997817,22560.385
25972.32,-27.639999999999418,22512.023
25972.33,-27.62999999999738,22512.023
25972.34,-27.61999999999898,22463.672
25972.35,-27.610000000000582,22560.385
25972.36,-27.599999999998545,22415.328
25972.37,-27.590000000000146,22366.992
25972.38,-27.57999999999811,22560.385
25972.39,-27.56999999999971,22753.908
25972.4,-27.55999999999767,22753.908
25972.41,-27.549999999999272,22802.309
25972.42,-27.540000000000873,22657.131
25972.43,-27.529999999998836,22608.754
25972.44,-27.520000000000437,22608.754
25972.45,-27.5099999999984,22657.131
25972.46,-27.5,22318.664
25972.47,-27.489999999997963,22366.992
25972.48,-27.479999999999563,22415.328
25972.49,-27.469999999997526,22560.385
25972.5,-27.459999999999127,22608.754
25972.51,-27.450000000000728,22753.908
25972.52,-27.43999999999869,22608.754
25972.53,-27.43000000000029,22608.754
25972.54,-27.419999999998254,22608.754
25972.55,-27.409999999999854,22560.385
25972.56,-27.399999999997817,22512.023
25972.57,-27.389999999999418,22753.908
25972.58,-27.37999999999738,22415.328
25972.59,-27.36999999999898,22512.023
25972.6,-27.360000000000582,22753.908
25972.61,-27.349999999998545,22657.131
25972.62,-27.340000000000146,22657.131
25972.63,-27.32999999999811,22512.023
25972.64,-27.31999999999971,22608.754
25972.65,-27.30999999999767,22463.672
25972.66,-27.299999999999272,22512.023
25972.67,-27.290000000000873,22512.023
25972.68,-27.279999999998836,22463.672
25972.69,-27.270000000000437,22415.328
25972.7,-27.2599999999984,22657.131
25972.71,-27.25,22463.672
25972.72,-27.239999999997963,22657.131
25972.73,-27.229999999999563,22753.908
25972.74,-27.219999999997526,22608.754
25972.75,-27.209999999999127,22560.385
25972.76,-27.200000000000728,22560.385
25972.77,-27.18999999999869,22463.672
25972.78,-27.18000000000029,22560.385
25972.79,-27.169999999998254,22463.672
25972.8,-27.159999999999854,22560.385
25972.81,-27.149999999997817,22608.754
25972.82,-27.139999999999418,22463.672
25972.83,-27.12999999999738,22753.908
25972.84,-27.11999999999898,22608.754
25972.85,-27.110000000000582,22802.309
25972.86,-27.099999999998545,22657.131
25972.87,-27.090000000000146,22415.328
25972.88,-27.07999999999811,22366.992
25972.89,-27.06999999999971,22512.023
25972.9,-27.05999999999767,22512.023
25972.91,-27.049999999999272,22705.516
25972.92,-27.040000000000873,22705.516
25972.93,-27.029999999998836,22705.516
25972.94,-27.020000000000437,22608.754
25972.95,-27.0099999999984,22657.131
25972.96,-27.0,22463.672
25972.97,-26.989999999997963,22463.672
25972.98,-26.979999999999563,22270.344
25972.99,-26.969999999997526,22366.992
25973.0,-26.959999999999127,22560.385
25973.01,-26.950000000000728,22318.664
25973.02,-26.93999999999869,22512.023
25973.03,-26.93000000000029,22560.385
25973.04,-26.919999999998254,22608.754
25973.05,-26.909999999999854,22366.992
25973.06,-26.899999999997817,22318.664
25973.07,-26.889999999999418,22366.992
25973.08,-26.87999999999738,22366.992
25973.09,-26.86999999999898,22415.328
25973.1,-26.860000000000582,22270.344
25973.11,-26.849999999998545,22318.664
25973.12,-26.840000000000146,22608.754
25973.13,-26.82999999999811,22608.754
25973.14,-26.81999999999971,22366.992
25973.15,-26.80999999999767,22463.672
25973.16,-26.799999999999272,22318.664
25973.17,-26.790000000000873,22366.992
25973.18,-26.779999999998836,22463.672
25973.19,-26.770000000000437,22512.023
25973.2,-26.7599999999984,22560.385
25973.21,-26.75,22560.385
25973.22,-26.739999999997963,22657.131
25973.23,-26.729999999999563,22753.908
25973.24,-26.719999999997526,22560.385
25973.25,-26.709999999999127,22705.516
25973.26,-26.700000000000728,22705.516
25973.27,-26.68999999999869,22657.131
25973.28,-26.68000000000029,22560.385
25973.29,-26.669999999998254,22560.385
25973.3,-26.659999999999854,22463.672
25973.31,-26.649999999997817,22415.328
25973.32,-26.639999999999418,22608.754
25973.33,-26.62999999999738,22753.908
25973.34,-26.61999999999898,22512.023
25973.35,-26.610000000000582,22705.516
25973.36,-26.599999999998545,22512.023
25973.37,-26.590000000000146,22657.131
25973.38,-26.57999999999811,22560.385
25973.39,-26.56999999999971,22512.023
25973.4,-26.55999999999767,22318.664
25973.41,-26.549999999999272,22415.328
25973.42,-26.540000000000873,22463.672
25973.43,-26.529999999998836,22753.908
25973.44,-26.520000000000437,22608.754
25973.45,-26.5099999999984,22802.309
25973.46,-26.5,22657.131
25973.47,-26.489999999997963,22705.516
25973.48,-26.479999999999563,22753.908
25973.49,-26.469999999997526,22705.516
25973.5,-26.459999999999127,22560.385
25973.51,-26.450000000000728,22366.992
25973.52,-26.43999999999869,22366.992
25973.53,-26.43000000000029,22463.672
25973.54,-26.419999999998254,22415.328
25973.55,-26.409999999999854,22753.908
25973.56,-26.399999999997817,22753.908
25973.57,-26.389999999999418,22753.908
25973.58,-26.37999999999738,22512.023
25973.59,-26.36999999999898,22463.672
25973.6,-26.360000000000582,22318.664
25973.61,-26.349999999998545,22608.754
25973.62,-26.340000000000146,22512.023
25973.63,-26.32999999999811,22705.516
25973.64,-26.31999999999971,22705.516
25973.65,-26.30999999999767,22850.719
25973.66,-26.299999999999272,22850.719
25973.67,-26.290000000000873,22850.719
25973.68,-26.279999999998836,22753.908
25973.69,-26.270000000000437,22512.023
25973.7,-26.2599999999984,22318.664
25973.71,-26.25,22560.385
25973.72,-26.239999999997963,22512.023
25973.73,-26.229999999999563,22512.023
25973.74,-26.219999999997526,22657.131
25973.75,-26.209999999999127,22947.563
25973.76,-26.200000000000728,22657.131
25973.77,-26.18999999999869,22608.754
25973.78,-26.18000000000029,22608.754
25973.79,-26.169999999998254,22753.908
25973.8,-26.159999999999854,22318.664
25973.81,-26.149999999997817,22270.344
25973.82,-26.139999999999418,22560.385
25973.83,-26.12999999999738,22705.516
25973.84,-26.11999999999898,22705.516
25973.85,-26.110000000000582,22512.023
25973.86,-26.099999999998545,22512.023
25973.87,-26.090000000000146,22560.385
25973.88,-26.07999999999811,22512.023
25973.89,-26.06999999999971,22560.385
25973.9,-26.05999999999767,22512.023
25973.91,-26.049999999999272,22512.023
25973.92,-26.040000000000873,22415.328
25973.93,-26.029999999998836,22415.328
25973.94,-26.020000000000437,22512.023
25973.95,-26.0099999999984,22753.908
25973.96,-26.0,22753.908
25973.97,-25.989999999997963,22802.309
25973.98,-25.979999999999563,22657.131
25973.99,-25.969999999997526,22560.385
25974.0,-25.959999999999127,22463.672
25974.01,-25.950000000000728,22463.672
25974.02,-25.93999999999869,22415.328
25974.03,-25.93000000000029,22512.023
25974.04,-25.919999999998254,22270.344
25974.05,-25.909999999999854,22366.992
25974.06,-25.899999999997817,22560.385
25974.07,-25.889999999999418,22705.516
25974.08,-25.87999999999738,22560.385
25974.09,-25.86999999999898,22463.672
25974.1,-25.860000000000582,22318.664
25974.11,-25.849999999998545,22028.865
25974.12,-25.840000000000146,22125.432
25974.13,-25.82999999999811,22270.344
25974.14,-25.81999999999971,22318.664
25974.15,-25.80999999999767,22366.992
25974.16,-25.799999999999272,22463.672
25974.17,-25.790000000000873,22463.672
25974.18,-25.779999999998836,22415.328
25974.19,-25.770000000000437,22560.385
25974.2,-25.7599999999984,22366.992
25974.21,-25.75,22270.344
25974.22,-25.739999999997963,22173.729
25974.23,-25.729999999999563,22173.729
25974.24,-25.719999999997526,22077.145
25974.25,-25.709999999999127,22125.432
25974.26,-25.700000000000728,22318.664
25974.27,-25.68999999999869,22560.385
25974.28,-25.68000000000029,22366.992
25974.29,-25.669999999998254,22415.328
25974.3,-25.659999999999854,22463.672
25974.31,-25.649999999997817,22366.992
25974.32,-25.639999999999418,22753.908
25974.33,-25.62999999999738,22608.754
25974.34,-25.61999999999898,22415.328
25974.35,-25.610000000000582,22512.023
25974.36,-25.599999999998545,22705.516
25974.37,-25.590000000000146,22657.131
25974.38,-25.57999999999811,22705.516
25974.39,-25.56999999999971,22560.385
25974.4,-25.55999999999767,22463.672
25974.41,-25.549999999999272,22512.023
25974.42,-25.540000000000873,22463.672
25974.43,-25.529999999998836,22753.908
25974.44,-25.520000000000437,22463.672
25974.45,-25.5099999999984,22560.385
25974.46,-25.5,22270.344
25974.47,-25.489999999997963,22512.023
25974.48,-25.479999999999563,22560.385
25974.49,-25.469999999997526,22512.023
25974.5,-25.459999999999127,22657.131
25974.51,-25.450000000000728,22608.754
25974.52,-25.43999999999869,22753.908
25974.53,-25.43000000000029,22657.131
25974.54,-25.419999999998254,22463.672
25974.55,-25.409999999999854,22463.672
25974.56,-25.399999999997817,22318.664
25974.57,-25.389999999999418,22318.664
25974.58,-25.37999999999738,22366.992
25974.59,-25.36999999999898,22270.344
25974.6,-25.360000000000582,22463.672
25974.61,-25.349999999998545,22415.328
25974.62,-25.340000000000146,22657.131
25974.63,-25.32999999999811,22657.131
25974.64,-25.31999999999971,22366.992
25974.65,-25.30999999999767,22560.385
25974.66,-25.299999999999272,22463.672
25974.67,-25.290000000000873,22270.344
25974.68,-25.279999999998836,22657.131
25974.69,-25.270000000000437,22850.719
25974.7,-25.2599999999984,22657.131
25974.71,-25.25,22705.516
25974.72,-25.239999999997963,22560.385
25974.73,-25.229999999999563,22608.754
25974.74,-25.219999999997526,22512.023
25974.75,-25.209999999999127,22318.664
25974.76,-25.200000000000728,22415.328
25974.77,-25.18999999999869,22366.992
25974.78,-25.18000000000029,22318.664
25974.79,-25.169999999998254,22608.754
25974.8,-25.159999999999854,22608.754
25974.81,-25.149999999997817,22657.131
25974.82,-25.139999999999418,22608.754
25974.83,-25.12999999999738,22512.023
25974.84,-25.11999999999898,22512.023
25974.85,-25.110000000000582,22560.385
25974.86,-25.099999999998545,22657.131
25974.87,-25.090000000000146,22608.754
25974.88,-25.07999999999811,22512.023
25974.89,-25.06999999999971,22802.309
25974.9,-25.05999999999767,22705.516
25974.91,-25.049999999999272,22705.516
25974.92,-25.040000000000873,22415.328
25974.93,-25.029999999998836,22512.023
25974.94,-25.020000000000437,22415.328
25974.95,-25.0099999999984,22512.023
25974.96,-25.0,22366.992
25974.97,-24.989999999997963,22318.664
25974.98,-24.979999999999563,22560.385
25974.99,-24.969999999997526,22512.023
25975.0,-24.959999999999127,22705.516
25975.01,-24.950000000000728,22657.131
25975.02,-24.93999999999869,22753.908
25975.03,-24.93000000000029,22512.023
25975.04,-24.919999999998254,22512.023
25975.05,-24.909999999999854,22512.023
25975.06,-24.899999999997817,22415.328
25975.07,-24.889999999999418,22222.031
25975.08,-24.87999999999738,22173.729
25975.09,-24.86999999999898,22415.328
25975.1,-24.860000000000582,22415.328
25975.11,-24.849999999998545,22512.023
25975.12,-24.840000000000146,22753.908
25975.13,-24.82999999999811,22657.131
25975.14,-24.81999999999971,22512.023
25975.15,-24.80999999999767,22560.385
25975.16,-24.799999999999272,22270.344
25975.17,-24.790000000000873,22173.729
25975.18,-24.779999999998836,22366.992
25975.19,-24.770000000000437,22463.672
25975.2,-24.7599999999984,22560.385
25975.21,-24.75,22463.672
25975.22,-24.739999999997963,22366.992
25975.23,-24.729999999999563,22560.385
25975.24,-24.719999999997526,22560.385
25975.25,-24.709999999999127,22512.023
25975.26,-24.700000000000728,22415.328
25975.27,-24.68999999999869,22173.729
25975.28,-24.68000000000029,22222.031
25975.29,-24.669999999998254,22222.031
25975.3,-24.659999999999854,22512.023
25975.31,-24.649999999997817,22415.328
25975.32,-24.639999999999418,22318.664
25975.33,-24.62999999999738,22366.992
25975.34,-24.61999999999898,22512.023
25975.35,-24.610000000000582,22463.672
25975.36,-24.599999999998545,22560.385
25975.37,-24.590000000000146,22512.023
25975.38,-24.57999999999811,22512.023
25975.39,-24.56999999999971,22415.328
25975.4,-24.55999999999767,22463.672
25975.41,-24.549999999999272,22512.023
25975.42,-24.540000000000873,22608.754
25975.43,-24.529999999998836,22850.719
25975.44,-24.520000000000437,22463.672
25975.45,-24.5099999999984,22560.385
25975.46,-24.5,22512.023
25975.47,-24.489999999997963,22560.385
25975.48,-24.479999999999563,22560.385
25975.49,-24.469999999997526,22366.992
25975.5,-24.459999999999127,22657.131
25975.51,-24.450000000000728,22753.908
25975.52,-24.43999999999869,22512.023
25975.53,-24.43000000000029,22512.023
25975.54,-24.419999999998254,22705.516
25975.55,-24.409999999999854,22512.023
25975.56,-24.399999999997817,22657.131
25975.57,-24.389999999999418,22125.432
25975.58,-24.37999999999738,22657.131
25975.59,-24.36999999999898,22463.672
25975.6,-24.360000000000582,22560.385
25975.61,-24.349999999998545,22560.385
25975.62,-24.340000000000146,22608.754
25975.63,-24.32999999999811,22512.023
25975.64,-24.31999999999971,22463.672
25975.65,-24.30999999999767,22415.328
25975.66,-24.299999999999272,22512.023
25975.67,-24.290000000000873,22463.672
25975.68,-24.279999999998836,22608.754
25975.69,-24.270000000000437,22560.385
25975.7,-24.2599999999984,22318.664
25975.71,-24.25,22270.344
25975.72,-24.239999999997963,22560.385
25975.73,-24.229999999999563,22560.385
25975.74,-24.219999999997526,22753.908
25975.75,-24.209999999999127,22802.309
25975.76,-24.200000000000728,22753.908
25975.77,-24.18999999999869,22705.516
25975.78,-24.18000000000029,22802.309
25975.79,-24.169999999998254,22608.754
25975.8,-24.159999999999854,22512.023
25975.81,-24.149999999997817,22463.672
25975.82,-24.139999999999418,22463.672
25975.83,-24.12999999999738,22560.385
25975.84,-24.11999999999898,22512.023
25975.85,-24.110000000000582,22753.908
25975.86,-24.099999999998545,22802.309
25975.87,-24.090000000000146,22512.023
25975.88,-24.07999999999811,22463.672
25975.89,-24.06999999999971,22222.031
25975.9,-24.05999999999767,22222.031
25975.91,-24.049999999999272,22077.145
25975.92,-24.040000000000873,22222.031
25975.93,-24.029999999998836,22366.992
25975.94,-24.020000000000437,22463.672
25975.95,-24.0099999999984,22512.023
25975.96,-24.0,22608.754
25975.97,-23.989999999997963,22222.031
25975.98,-23.979999999999563,22415.328
25975.99,-23.969999999997526,22415.328
25976.0,-23.959999999999127,22463.672
25976.01,-23.950000000000728,22366.992
25976.02,-23.93999999999869,22463.672
25976.03,-23.93000000000029,22560.385
25976.04,-23.919999999998254,22753.908
25976.05,-23.909999999999854,22802.309
25976.06,-23.899999999997817,22657.131
25976.07,-23.889999999999418,22753.908
25976.08,-23.87999999999738,22850.719
25976.09,-23.86999999999898,22657.131
25976.1,-23.860000000000582,22608.754
25976.11,-23.849999999998545,22463.672
25976.12,-23.840000000000146,22366.992
25976.13,-23.82999999999811,22415.328
25976.14,-23.81999999999971,22512.023
25976.15,-23.80999999999767,22705.516
25976.16,-23.799999999999272,22512.023
25976.17,-23.790000000000873,22318.664
25976.18,-23.779999999998836,22705.516
25976.19,-23.770000000000437,22318.664
25976.2,-23.7599999999984,22463.672
25976.21,-23.75,22366.992
25976.22,-23.739999999997963,22415.328
25976.23,-23.729999999999563,22318.664
25976.24,-23.719999999997526,22512.023
25976.25,-23.709999999999127,22705.516
25976.26,-23.700000000000728,22657.131
25976.27,-23.68999999999869,22657.131
25976.28,-23.68000000000029,22657.131
25976.29,-23.669999999998254,22705.516
25976.3,-23.659999999999854,22608.754
25976.31,-23.649999999997817,22512.023
25976.32,-23.639999999999418,22560.385
25976.33,-23.62999999999738,22270.344
25976.34,-23.61999999999898,22318.664
25976.35,-23.610000000000582,22366.992
25976.36,-23.599999999998545,22512.023
25976.37,-23.590000000000146,22560.385
25976.38,-23.57999999999811,22657.131
25976.39,-23.56999999999971,22753.908
25976.4,-23.55999999999767,22560.385
25976.41,-23.549999999999272,22512.023
25976.42,-23.540000000000873,22560.385
25976.43,-23.529999999998836,22512.023
25976.44,-23.520000000000437,22415.328
25976.45,-23.5099999999984,22608.754
25976.46,-23.5,22657.131
25976.47,-23.489999999997963,22608.754
25976.48,-23.479999999999563,22608.754
25976.49,-23.469999999997526,22560.385
25976.5,-23.459999999999127,22560.385
25976.51,-23.450000000000728,22560.385
25976.52,-23.43999999999869,22560.385
25976.53,-23.43000000000029,22463.672
25976.54,-23.419999999998254,22560.385
25976.55,-23.409999999999854,22512.023
25976.56,-23.399999999997817,22608.754
25976.57,-23.389999999999418,22802.309
25976.58,-23.37999999999738,22512.023
25976.59,-23.36999999999898,22463.672
25976.6,-23.360000000000582,22657.131
25976.61,-23.349999999998545,22512.023
25976.62,-23.340000000000146,22512.023
25976.63,-23.32999999999811,22560.385
25976.64,-23.31999999999971,22415.328
25976.65,-23.30999999999767,22512.023
25976.66,-23.299999999999272,22753.908
25976.67,-23.290000000000873,22705.516
25976.68,-23.279999999998836,22512.023
25976.69,-23.270000000000437,22512.023
25976.7,-23.2599999999984,22415.328
25976.71,-23.25,22512.023
25976.72,-23.239999999997963,22560.385
25976.73,-23.229999999999563,22463.672
25976.74,-23.219999999997526,22560.385
25976.75,-23.209999999999127,22657.131
25976.76,-23.200000000000728,22415.328
25976.77,-23.18999999999869,22512.023
25976.78,-23.18000000000029,22560.385
25976.79,-23.169999999998254,22560.385
25976.8,-23.159999999999854,22657.131
25976.81,-23.149999999997817,22753.908
25976.82,-23.139999999999418,22657.131
25976.83,-23.12999999999738,22657.131
25976.84,-23.11999999999898,22270.344
25976.85,-23.110000000000582,22463.672
25976.86,-23.099999999998545,22560.385
25976.87,-23.090000000000146,22512.023
25976.88,-23.07999999999811,22512.023
25976.89,-23.06999999999971,22753.908
25976.9,-23.05999999999767,22705.516
25976.91,-23.049999999999272,22512.023
25976.92,-23.040000000000873,22512.023
25976.93,-23.029999999998836,22560.385
25976.94,-23.020000000000437,22318.664
25976.95,-23.0099999999984,22222.031
25976.96,-23.0,22028.865
25976.97,-22.989999999997963,22560.385
25976.98,-22.979999999999563,22560.385
25976.99,-22.969999999997526,22415.328
25977.0,-22.959999999999127,22560.385
25977.01,-22.950000000000728,22608.754
25977.02,-22.93999999999869,22415.328
25977.03,-22.93000000000029,22318.664
25977.04,-22.919999999998254,22366.992
25977.05,-22.909999999999854,22318.664
25977.06,-22.899999999997817,22415.328
25977.07,-22.889999999999418,22318.664
25977.08,-22.87999999999738,22366.992
25977.09,-22.86999999999898,22753.908
25977.1,-22.860000000000582,22802.309
25977.11,-22.849999999998545,22705.516
25977.12,-22.840000000000146,22608.754
25977.13,-22.82999999999811,22608.754
25977.14,-22.81999999999971,22512.023
25977.15,-22.80999999999767,22657.131
25977.16,-22.799999999999272,22560.385
25977.17,-22.790000000000873,22415.328
25977.18,-22.779999999998836,22512.023
25977.19,-22.770000000000437,22657.131
25977.2,-22.7599999999984,22608.754
25977.21,-22.75,22753.908
25977.22,-22.739999999997963,22560.385
25977.23,-22.729999999999563,22560.385
25977.24,-22.719999999997526,22318.664
25977.25,-22.709999999999127,22463.672
25977.26,-22.700000000000728,22318.664
25977.27,-22.68999999999869,22366.992
25977.28,-22.68000000000029,22608.754
25977.29,-22.669999999998254,22366.992
25977.3,-22.659999999999854,22512.023
25977.31,-22.649999999997817,22657.131
25977.32,-22.639999999999418,22608.754
25977.33,-22.62999999999738,22463.672
25977.34,-22.61999999999898,22512.023
25977.35,-22.610000000000582,22512.023
25977.36,-22.599999999998545,22753.908
25977.37,-22.590000000000146,22512.023
25977.38,-22.57999999999811,22560.385
25977.39,-22.56999999999971,22512.023
25977.4,-22.55999999999767,22608.754
25977.41,-22.549999999999272,22560.385
25977.42,-22.540000000000873,22415.328
25977.43,-22.529999999998836,22463.672
25977.44,-22.520000000000437,22415.328
25977.45,-22.5099999999984,22463.672
25977.46,-22.5,22512.023
25977.47,-22.489999999997963,22463.672
25977.48,-22.479999999999563,22318.664
25977.49,-22.469999999997526,22512.023
25977.5,-22.459999999999127,22560.385
25977.51,-22.450000000000728,22657.131
25977.52,-22.43999999999869,22899.137
25977.53,-22.43000000000029,22705.516
25977.54,-22.419999999998254,22657.131
25977.55,-22.409999999999854,22705.516
25977.56,-22.399999999997817,22705.516
25977.57,-22.389999999999418,22512.023
25977.58,-22.37999999999738,22366.992
25977.59,-22.36999999999898,22560.385
25977.6,-22.360000000000582,22512.023
25977.61,-22.349999999998545,22657.131
25977.62,-22.340000000000146,22753.908
25977.63,-22.32999999999811,22512.023
25977.64,-22.31999999999971,22512.023
25977.65,-22.30999999999767,22366.992
25977.66,-22.299999999999272,22512.023
25977.67,-22.290000000000873,22512.023
25977.68,-22.279999999998836,22318.664
25977.69,-22.270000000000437,22415.328
25977.7,-22.2599999999984,22463.672
25977.71,-22.25,22512.023
25977.72,-22.239999999997963,22608.754
25977.73,-22.229999999999563,22850.719
25977.74,-22.219999999997526,22657.131
25977.75,-22.209999999999127,22512.023
25977.76,-22.200000000000728,22705.516
25977.77,-22.18999999999869,22366.992
25977.78,-22.18000000000029,22222.031
25977.79,-22.169999999998254,22366.992
25977.8,-22.159999999999854,22366.992
25977.81,-22.149999999997817,22415.328
25977.82,-22.139999999999418,22608.754
25977.83,-22.12999999999738,22657.131
25977.84,-22.11999999999898,22657.131
25977.85,-22.110000000000582,22608.754
25977.86,-22.099999999998545,22753.908
25977.87,-22.090000000000146,22560.385
25977.88,-22.07999999999811,22415.328
25977.89,-22.06999999999971,22366.992
25977.9,-22.05999999999767,22608.754
25977.91,-22.049999999999272,22366.992
25977.92,-22.040000000000873,22318.664
25977.93,-22.029999999998836,22560.385
25977.94,-22.020000000000437,22512.023
25977.95,-22.0099999999984,22657.131
25977.96,-22.0,22560.385
25977.97,-21.989999999997963,22366.992
25977.98,-21.979999999999563,22318.664
25977.99,-21.969999999997526,22270.344
25978.0,-21.959999999999127,22173.729
25978.01,-21.950000000000728,22415.328
25978.02,-21.93999999999869,22270.344
25978.03,-21.93000000000029,22560.385
25978.04,-21.919999999998254,22560.385
25978.05,-21.909999999999854,22318.664
25978.06,-21.899999999997817,22415.328
25978.07,-21.889999999999418,22512.023
25978.08,-21.87999999999738,22463.672
25978.09,-21.86999999999898,22318.664
25978.1,-21.860000000000582,22366.992
25978.11,-21.849999999998545,22125.432
25978.12,-21.840000000000146,22463.672
25978.13,-21.82999999999811,22608.754
25978.14,-21.81999999999971,22608.754
25978.15,-21.80999999999767,22753.908
25978.16,-21.799999999999272,22705.516
25978.17,-21.790000000000873,22512.023
25978.18,-21.779999999998836,22705.516
25978.19,-21.770000000000437,22512.023
25978.2,-21.7599999999984,22463.672
25978.21,-21.75,22512.023
25978.22,-21.739999999997963,22608.754
25978.23,-21.729999999999563,22802.309
25978.24,-21.719999999997526,22753.908
25978.25,-21.709999999999127,23044.438
25978.26,-21.700000000000728,22753.908
25978.27,-21.68999999999869,22753.908
25978.28,-21.68000000000029,22657.131
25978.29,-21.669999999998254,22512.023
25978.3,-21.659999999999854,22415.328
25978.31,-21.649999999997817,22512.023
25978.32,-21.639999999999418,22560.385
25978.33,-21.62999999999738,22608.754
25978.34,-21.61999999999898,22802.309
25978.35,-21.610000000000582,22705.516
25978.36,-21.599999999998545,22705.516
25978.37,-21.590000000000146,22512.023
25978.38,-21.57999999999811,22415.328
25978.39,-21.56999999999971,22560.385
25978.4,-21.55999999999767,22560.385
25978.41,-21.549999999999272,22415.328
25978.42,-21.540000000000873,22318.664
25978.43,-21.529999999998836,22657.131
25978.44,-21.520000000000437,22608.754
25978.45,-21.5099999999984,22608.754
25978.46,-21.5,22512.023
25978.47,-21.489999999997963,22463.672
25978.48,-21.479999999999563,22463.672
25978.49,-21.469999999997526,22560.385
25978.5,-21.459999999999127,22415.328
25978.51,-21.450000000000728,22463.672
25978.52,-21.43999999999869,22512.023
25978.53,-21.43000000000029,22366.992
25978.54,-21.419999999998254,22657.131
25978.55,-21.409999999999854,22512.023
25978.56,-21.399999999997817,22753.908
25978.57,-21.389999999999418,22753.908
25978.58,-21.37999999999738,22850.719
25978.59,-21.36999999999898,22608.754
25978.6,-21.360000000000582,22608.754
25978.61,-21.349999999998545,22657.131
25978.62,-21.340000000000146,22463.672
25978.63,-21.32999999999811,22560.385
25978.64,-21.31999999999971,22608.754
25978.65,-21.30999999999767,22463.672
25978.66,-21.299999999999272,22657.131
25978.67,-21.290000000000873,22512.023
25978.68,-21.279999999998836,22657.131
25978.69,-21.270000000000437,22657.131
25978.7,-21.2599999999984,22657.131
25978.71,-21.25,22415.328
25978.72,-21.239999999997963,22415.328
25978.73,-21.229999999999563,22366.992
25978.74,-21.219999999997526,22318.664
25978.75,-21.209999999999127,22560.385
25978.76,-21.200000000000728,22608.754
25978.77,-21.18999999999869,22512.023
25978.78,-21.18000000000029,22899.137
25978.79,-21.169999999998254,22753.908
25978.8,-21.159999999999854,22512.023
25978.81,-21.149999999997817,22318.664
25978.82,-21.139999999999418,22463.672
25978.83,-21.12999999999738,22415.328
25978.84,-21.11999999999898,22270.344
25978.85,-21.110000000000582,22512.023
25978.86,-21.099999999998545,22753.908
25978.87,-21.090000000000146,22657.131
25978.88,-21.07999999999811,22802.309
25978.89,-21.06999999999971,22512.023
25978.9,-21.05999999999767,22512.023
25978.91,-21.049999999999272,22463.672
25978.92,-21.040000000000873,22463.672
25978.93,-21.029999999998836,22560.385
25978.94,-21.020000000000437,22270.344
25978.95,-21.0099999999984,22270.344
25978.96,-21.0,22560.385
25978.97,-20.989999999997963,22560.385
25978.98,-20.979999999999563,22560.385
25978.99,-20.969999999997526,22657.131
25979.0,-20.959999999999127,22463.672
25979.01,-20.950000000000728,22463.672
25979.02,-20.93999999999869,22608.754
25979.03,-20.93000000000029,22366.992
25979.04,-20.919999999998254,22366.992
25979.05,-20.909999999999854,22366.992
25979.06,-20.899999999997817,22173.729
25979.07,-20.889999999999418,22560.385
25979.08,-20.87999999999738,22463.672
25979.09,-20.86999999999898,22415.328
25979.1,-20.860000000000582,22560.385
25979.11,-20.849999999998545,22222.031
25979.12,-20.840000000000146,22318.664
25979.13,-20.82999999999811,22463.672
25979.14,-20.81999999999971,22270.344
25979.15,-20.80999999999767,22173.729
25979.16,-20.799999999999272,22125.432
25979.17,-20.790000000000873,22415.328
25979.18,-20.779999999998836,22512.023
25979.19,-20.770000000000437,22415.328
25979.2,-20.7599999999984,22415.328
25979.21,-20.75,22608.754
25979.22,-20.739999999997963,22512.023
25979.23,-20.729999999999563,22463.672
25979.24,-20.719999999997526,22512.023
25979.25,-20.709999999999127,22366.992
25979.26,-20.700000000000728,22463.672
25979.27,-20.68999999999869,22560.385
25979.28,-20.68000000000029,22705.516
25979.29,-20.669999999998254,22657.131
25979.3,-20.659999999999854,22802.309
25979.31,-20.649999999997817,22657.131
25979.32,-20.639999999999418,22753.908
25979.33,-20.62999999999738,22366.992
25979.34,-20.61999999999898,22463.672
25979.35,-20.610000000000582,22512.023
25979.36,-20.599999999998545,22753.908
25979.37,-20.590000000000146,22415.328
25979.38,-20.57999999999811,22512.023
25979.39,-20.56999999999971,22608.754
25979.4,-20.55999999999767,22560.385
25979.41,-20.549999999999272,22608.754
25979.42,-20.540000000000873,22560.385
25979.43,-20.529999999998836,22560.385
25979.44,-20.520000000000437,22366.992
25979.45,-20.5099999999984,22415.328
25979.46,-20.5,22415.328
25979.47,-20.489999999997963,22318.664
25979.48,-20.479999999999563,22512.023
25979.49,-20.469999999997526,22850.719
25979.5,-20.459999999999127,22753.908
25979.51,-20.450000000000728,22657.131
25979.52,-20.43999999999869,22463.672
25979.53,-20.43000000000029,22560.385
25979.54,-20.419999999998254,22366.992
25979.55,-20.409999999999854,22415.328
25979.56,-20.399999999997817,22512.023
25979.57,-20.389999999999418,22318.664
25979.58,-20.37999999999738,22318.664
25979.59,-20.36999999999898,22608.754
25979.6,-20.360000000000582,22608.754
25979.61,-20.349999999998545,22705.516
25979.62,-20.340000000000146,22705.516
25979.63,-20.32999999999811,22657.131
25979.64,-20.31999999999971,22705.516
25979.65,-20.30999999999767,22753.908
25979.66,-20.299999999999272,22560.385
25979.67,-20.290000000000873,22463.672
25979.68,-20.279999999998836,22608.754
25979.69,-20.270000000000437,22463.672
25979.7,-20.2599999999984,22753.908
25979.71,-20.25,22753.908
25979.72,-20.239999999997963,22657.131
25979.73,-20.229999999999563,22705.516
25979.74,-20.219999999997526,22705.516
25979.75,-20.209999999999127,22608.754
25979.76,-20.200000000000728,22899.137
25979.77,-20.18999999999869,22222.031
25979.78,-20.18000000000029,21835.83
25979.79,-20.169999999998254,21450.146
25979.8,-20.159999999999854,21353.809
25979.81,-20.149999999997817,21305.65
25979.82,-20.139999999999418,22028.865
25979.83,-20.12999999999738,23772.039
25979.84,-20.11999999999898,24306.775
25979.85,-20.110000000000582,23238.285
25979.86,-20.099999999998545,23820.611
25979.87,-20.090000000000146,24258.121
25979.88,-20.07999999999811,24647.572
25979.89,-20.06999999999971,24647.572
25979.9,-20.05999999999767,24891.244
25979.91,-20.049999999999272,24842.494
25979.92,-20.040000000000873,24550.162
25979.93,-20.029999999998836,24842.494
25979.94,-20.020000000000437,24891.244
25979.95,-20.0099999999984,24550.162
25979.96,-20.0,24745.018
25979.97,-19.989999999997963,24501.469
25979.98,-19.979999999999563,24745.018
25979.99,-19.969999999997526,24696.291
25980.0,-19.959999999999127,24842.494
25980.01,-19.950000000000728,24452.783
25980.02,-19.93999999999869,24647.572
25980.03,-19.93000000000029,24696.291
25980.04,-19.919999999998254,24745.018
25980.05,-19.909999999999854,24647.572
25980.06,-19.899999999997817,24598.863
25980.07,-19.889999999999418,24745.018
25980.08,-19.87999999999738,24647.572
25980.09,-19.86999999999898,24452.783
25980.1,-19.860000000000582,24696.291
25980.11,-19.849999999998545,24598.863
25980.12,-19.840000000000146,24598.863
25980.13,-19.82999999999811,24745.018
25980.14,-19.81999999999971,24696.291
25980.15,-19.80999999999767,24793.752
25980.16,-19.799999999999272,24745.018
25980.17,-19.790000000000873,24647.572
25980.18,-19.779999999998836,24647.572
25980.19,-19.770000000000437,24891.244
25980.2,-19.7599999999984,24647.572
25980.21,-19.75,24501.469
25980.22,-19.739999999997963,24550.162
25980.23,-19.729999999999563,24793.752
25980.24,-19.719999999997526,24696.291
25980.25,-19.709999999999127,24598.863
25980.26,-19.700000000000728,24647.572
25980.27,-19.68999999999869,24696.291
25980.28,-19.68000000000029,24793.752
25980.29,-19.669999999998254,24647.572
25980.3,-19.659999999999854,24696.291
25980.31,-19.649999999997817,24647.572
25980.32,-19.639999999999418,24647.572
25980.33,-19.62999999999738,24647.572
25980.34,-19.61999999999898,24745.018
25980.35,-19.610000000000582,24647.572
25980.36,-19.599999999998545,24647.572
25980.37,-19.590000000000146,24745.018
25980.38,-19.57999999999811,24550.162
25980.39,-19.56999999999971,24696.291
25980.4,-19.55999999999767,24793.752
25980.41,-19.549999999999272,24696.291
25980.42,-19.540000000000873,24501.469
25980.43,-19.529999999998836,24745.018
25980.44,-19.520000000000437,24598.863
25980.45,-19.5099999999984,24647.572
25980.46,-19.5,24842.494
25980.47,-19.489999999997963,24550.162
25980.48,-19.479999999999563,24404.105
25980.49,-19.469999999997526,24598.863
25980.5,-19.459999999999127,24647.572
25980.51,-19.450000000000728,24550.162
25980.52,-19.43999999999869,24598.863
25980.53,-19.43000000000029,24598.863
25980.54,-19.419999999998254,24696.291
25980.55,-19.409999999999854,24745.018
25980.56,-19.399999999997817,24598.863
25980.57,-19.389999999999418,24696.291
25980.58,-19.37999999999738,24696.291
25980.59,-19.36999999999898,24647.572
25980.6,-19.360000000000582,24745.018
25980.61,-19.349999999998545,24598.863
25980.62,-19.340000000000146,24501.469
25980.63,-19.32999999999811,24501.469
25980.64,-19.31999999999971,24745.018
25980.65,-19.30999999999767,24696.291
25980.66,-19.299999999999272,24550.162
25980.67,-19.290000000000873,24501.469
25980.68,-19.279999999998836,24647.572
25980.69,-19.270000000000437,24647.572
25980.7,-19.2599999999984,24550.162
25980.71,-19.25,24501.469
25980.72,-19.239999999997963,24696.291
25980.73,-19.229999999999563,24745.018
25980.74,-19.219999999997526,24550.162
25980.75,-19.209999999999127,24940.002
25980.76,-19.200000000000728,24647.572
25980.77,-19.18999999999869,24452.783
25980.78,-19.18000000000029,24452.783
25980.79,-19.169999999998254,24696.291
25980.8,-19.159999999999854,24550.162
25980.81,-19.149999999997817,24598.863
25980.82,-19.139999999999418,24598.863
25980.83,-19.12999999999738,24696.291
25980.84,-19.11999999999898,24696.291
25980.85,-19.110000000000582,24647.572
25980.86,-19.099999999998545,24598.863
25980.87,-19.090000000000146,24550.162
25980.88,-19.07999999999811,24404.105
25980.89,-19.06999999999971,24550.162
25980.9,-19.05999999999767,24647.572
25980.91,-19.049999999999272,24550.162
25980.92,-19.040000000000873,24501.469
25980.93,-19.029999999998836,24550.162
25980.94,-19.020000000000437,24647.572
25980.95,-19.0099999999984,24745.018
25980.96,-19.0,24598.863
25980.97,-18.989999999997963,24696.291
25980.98,-18.979999999999563,24550.162
25980.99,-18.969999999997526,24452.783
25981.0,-18.959999999999127,24501.469
25981.01,-18.950000000000728,24647.572
25981.02,-18.93999999999869,24696.291
25981.03,-18.93000000000029,24598.863
25981.04,-18.919999999998254,24452.783
25981.05,-18.909999999999854,24550.162
25981.06,-18.899999999997817,24647.572
25981.07,-18.889999999999418,24598.863
25981.08,-18.87999999999738,24550.162
25981.09,-18.86999999999898,24452.783
25981.1,-18.860000000000582,24501.469
25981.11,-18.849999999998545,24598.863
25981.12,-18.840000000000146,24452.783
25981.13,-18.82999999999811,24501.469
25981.14,-18.81999999999971,24598.863
25981.15,-18.80999999999767,24598.863
25981.16,-18.799999999999272,24550.162
25981.17,-18.790000000000873,24452.783
25981.18,-18.779999999998836,24550.162
25981.19,-18.770000000000437,24404.105
25981.2,-18.7599999999984,24452.783
25981.21,-18.75,24355.436
25981.22,-18.739999999997963,24501.469
25981.23,-18.729999999999563,24306.775
25981.24,-18.719999999997526,24696.291
25981.25,-18.709999999999127,24452.783
25981.26,-18.700000000000728,24452.783
25981.27,-18.68999999999869,24550.162
25981.28,-18.68000000000029,24501.469
25981.29,-18.669999999998254,24452.783
25981.3,-18.659999999999854,24501.469
25981.31,-18.649999999997817,24550.162
25981.32,-18.639999999999418,24550.162
25981.33,-18.62999999999738,24501.469
25981.34,-18.61999999999898,24550.162
25981.35,-18.610000000000582,24598.863
25981.36,-18.599999999998545,24452.783
25981.37,-18.590000000000146,24550.162
25981.38,-18.57999999999811,24598.863
25981.39,-18.56999999999971,24647.572
25981.4,-18.55999999999767,24501.469
25981.41,-18.549999999999272,24501.469
25981.42,-18.540000000000873,24452.783
25981.43,-18.529999999998836,24452.783
25981.44,-18.520000000000437,24452.783
25981.45,-18.5099999999984,24404.105
25981.46,-18.5,24452.783
25981.47,-18.489999999997963,24452.783
25981.48,-18.479999999999563,24501.469
25981.49,-18.469999999997526,24501.469
25981.5,-18.459999999999127,24452.783
25981.51,-18.450000000000728,24452.783
25981.52,-18.43999999999869,24501.469
25981.53,-18.43000000000029,24404.105
25981.54,-18.419999999998254,24598.863
25981.55,-18.409999999999854,24696.291
25981.56,-18.399999999997817,24452.783
25981.57,-18.389999999999418,24355.436
25981.58,-18.37999999999738,24598.863
25981.59,-18.36999999999898,24550.162
25981.6,-18.360000000000582,24647.572
25981.61,-18.349999999998545,24696.291
25981.62,-18.340000000000146,24550.162
25981.63,-18.32999999999811,24501.469
25981.64,-18.31999999999971,24550.162
25981.65,-18.30999999999767,24355.436
25981.66,-18.299999999999272,24598.863
25981.67,-18.290000000000873,24501.469
25981.68,-18.279999999998836,24696.291
25981.69,-18.270000000000437,24501.469
25981.7,-18.2599999999984,24598.863
25981.71,-18.25,24550.162
25981.72,-18.239999999997963,24647.572
25981.73,-18.229999999999563,24501.469
25981.74,-18.219999999997526,24647.572
25981.75,-18.209999999999127,24647.572
25981.76,-18.200000000000728,24550.162
25981.77,-18.18999999999869,24696.291
25981.78,-18.18000000000029,24355.436
25981.79,-18.169999999998254,24793.752
25981.8,-18.159999999999854,24647.572
25981.81,-18.149999999997817,24598.863
25981.82,-18.139999999999418,24550.162
25981.83,-18.12999999999738,24404.105
25981.84,-18.11999999999898,24550.162
25981.85,-18.110000000000582,24696.291
25981.86,-18.099999999998545,24647.572
25981.87,-18.090000000000146,24501.469
25981.88,-18.07999999999811,24745.018
25981.89,-18.06999999999971,24647.572
25981.9,-18.05999999999767,24647.572
25981.91,-18.049999999999272,24501.469
25981.92,-18.040000000000873,24550.162
25981.93,-18.029999999998836,24647.572
25981.94,-18.020000000000437,24550.162
25981.95,-18.0099999999984,24404.105
25981.96,-18.0,24598.863
25981.97,-17.989999999997963,24550.162
25981.98,-17.979999999999563,24598.863
25981.99,-17.969999999997526,24452.783
25982.0,-17.959999999999127,24550.162
25982.01,-17.950000000000728,24404.105
25982.02,-17.93999999999869,24452.783
25982.03,-17.93000000000029,24696.291
25982.04,-17.919999999998254,24696.291
25982.05,-17.909999999999854,24696.291
25982.06,-17.899999999997817,24647.572
25982.07,-17.889999999999418,24550.162
25982.08,-17.87999999999738,24452.783
25982.09,-17.86999999999898,24355.436
25982.1,-17.860000000000582,24501.469
25982.11,-17.849999999998545,24647.572
25982.12,-17.840000000000146,24598.863
25982.13,-17.82999999999811,24550.162
25982.14,-17.81999999999971,24452.783
25982.15,-17.80999999999767,24452.783
25982.16,-17.799999999999272,24598.863
25982.17,-17.790000000000873,24550.162
25982.18,-17.779999999998836,24696.291
25982.19,-17.770000000000437,24696.291
25982.2,-17.7599999999984,24550.162
25982.21,-17.75,24647.572
25982.22,-17.739999999997963,24598.863
25982.23,-17.729999999999563,24696.291
25982.24,-17.719999999997526,24306.775
25982.25,-17.709999999999127,24404.105
25982.26,-17.700000000000728,24647.572
25982.27,-17.68999999999869,24501.469
25982.28,-17.68000000000029,24501.469
25982.29,-17.669999999998254,24306.775
25982.3,-17.659999999999854,24550.162
25982.31,-17.649999999997817,24598.863
25982.32,-17.639999999999418,24550.162
25982.33,-17.62999999999738,24501.469
25982.34,-17.61999999999898,24501.469
25982.35,-17.610000000000582,24598.863
25982.36,-17.599999999998545,24598.863
25982.37,-17.590000000000146,24647.572
25982.38,-17.57999999999811,24550.162
25982.39,-17.56999999999971,24452.783
25982.4,-17.55999999999767,24598.863
25982.41,-17.549999999999272,24501.469
25982.42,-17.540000000000873,24501.469
25982.43,-17.529999999998836,24550.162
25982.44,-17.520000000000437,24696.291
25982.45,-17.5099999999984,24598.863
25982.46,-17.5,24647.572
25982.47,-17.489999999997963,24501.469
25982.48,-17.479999999999563,24696.291
25982.49,-17.469999999997526,24598.863
25982.5,-17.459999999999127,24306.775
25982.51,-17.450000000000728,24696.291
25982.52,-17.43999999999869,24501.469
25982.53,-17.43000000000029,24550.162
25982.54,-17.419999999998254,24598.863
25982.55,-17.409999999999854,24598.863
25982.56,-17.399999999997817,24647.572
25982.57,-17.389999999999418,24696.291
25982.58,-17.37999999999738,24404.105
25982.59,-17.36999999999898,24550.162
25982.6,-17.360000000000582,24501.469
25982.61,-17.349999999998545,24452.783
25982.62,-17.340000000000146,24647.572
25982.63,-17.32999999999811,24501.469
25982.64,-17.31999999999971,24598.863
25982.65,-17.30999999999767,24647.572
25982.66,-17.299999999999272,24501.469
25982.67,-17.290000000000873,24452.783
25982.68,-17.279999999998836,24404.105
25982.69,-17.270000000000437,24598.863
25982.7,-17.2599999999984,24355.436
25982.71,-17.25,23529.301
25982.72,-17.239999999997963,23383.758
25982.73,-17.229999999999563,23480.779
25982.74,-17.219999999997526,23723.475
25982.75,-17.209999999999127,23626.373
25982.76,-17.200000000000728,23529.301
25982.77,-17.18999999999869,23626.373
25982.78,-17.18000000000029,23432.264
25982.79,-17.169999999998254,23577.832
25982.8,-17.159999999999854,23723.475
25982.81,-17.149999999997817,23577.832
25982.82,-17.139999999999418,23529.301
25982.83,-17.12999999999738,23577.832
25982.84,-17.11999999999898,23577.832
25982.85,-17.110000000000582,23480.779
25982.86,-17.099999999998545,23577.832
25982.87,-17.090000000000146,23092.887
25982.88,-17.07999999999811,23141.346
25982.89,-17.06999999999971,23480.779
25982.9,-17.05999999999767,23577.832
25982.91,-17.049999999999272,23577.832
25982.92,-17.040000000000873,23772.039
25982.93,-17.029999999998836,23626.373
25982.94,-17.020000000000437,23820.611
25982.95,-17.0099999999984,23723.475
25982.96,-17.0,23772.039
25982.97,-16.989999999997963,23723.475
25982.98,-16.979999999999563,23917.777
25982.99,-16.969999999997526,23772.039
25983.0,-16.959999999999127,23820.611
25983.01,-16.950000000000728,23772.039
25983.02,-16.93999999999869,23626.373
25983.03,-16.93000000000029,23335.258
25983.04,-16.919999999998254,23189.811
25983.05,-16.909999999999854,23480.779
25983.06,-16.899999999997817,23480.779
25983.07,-16.889999999999418,23626.373
25983.08,-16.87999999999738,23577.832
25983.09,-16.86999999999898,23674.92
25983.1,-16.860000000000582,23480.779
25983.11,-16.849999999998545,23626.373
25983.12,-16.840000000000146,23577.832
25983.13,-16.82999999999811,23674.92
25983.14,-16.81999999999971,23577.832
25983.15,-16.80999999999767,23529.301
25983.16,-16.799999999999272,23529.301
25983.17,-16.790000000000873,23577.832
25983.18,-16.779999999998836,23335.258
25983.19,-16.770000000000437,23092.887
25983.2,-16.7599999999984,23432.264
25983.21,-16.75,23529.301
25983.22,-16.739999999997963,23626.373
25983.23,-16.729999999999563,23480.779
25983.24,-16.719999999997526,23772.039
25983.25,-16.709999999999127,23869.189
25983.26,-16.700000000000728,24112.211
25983.27,-16.68999999999869,23674.92
25983.28,-16.68000000000029,23820.611
25983.29,-16.669999999998254,23772.039
25983.3,-16.659999999999854,23674.92
25983.31,-16.649999999997817,23917.777
25983.32,-16.639999999999418,23723.475
25983.33,-16.62999999999738,23869.189
25983.34,-16.61999999999898,23141.346
25983.35,-16.610000000000582,23432.264
25983.36,-16.599999999998545,23577.832
25983.37,-16.590000000000146,23723.475
25983.38,-16.57999999999811,23869.189
25983.39,-16.56999999999971,23917.777
25983.4,-16.55999999999767,23772.039
25983.41,-16.549999999999272,23869.189
25983.42,-16.540000000000873,23529.301
25983.43,-16.529999999998836,23820.611
25983.44,-16.520000000000437,23820.611
25983.45,-16.5099999999984,23772.039
25983.46,-16.5,23626.373
25983.47,-16.489999999997963,23917.777
25983.48,-16.479999999999563,23820.611
25983.49,-16.469999999997526,23529.301
25983.5,-16.459999999999127,23238.285
25983.51,-16.450000000000728,23480.779
25983.52,-16.43999999999869,23626.373
25983.53,-16.43000000000029,23480.779
25983.54,-16.419999999998254,23820.611
25983.55,-16.409999999999854,23674.92
25983.56,-16.399999999997817,23529.301
25983.57,-16.389999999999418,23626.373
25983.58,-16.37999999999738,23723.475
25983.59,-16.36999999999898,23674.92
25983.6,-16.360000000000582,23772.039
25983.61,-16.349999999998545,23820.611
25983.62,-16.340000000000146,23723.475
25983.63,-16.32999999999811,23480.779
25983.64,-16.31999999999971,23674.92
25983.65,-16.30999999999767,22899.137
25983.66,-16.299999999999272,23189.811
25983.67,-16.290000000000873,23335.258
25983.68,-16.279999999998836,23626.373
25983.69,-16.270000000000437,23820.611
25983.7,-16.2599999999984,23772.039
25983.71,-16.25,23577.832
25983.72,-16.239999999997963,23480.779
25983.73,-16.229999999999563,23626.373
25983.74,-16.219999999997526,23577.832
25983.75,-16.209999999999127,23577.832
25983.76,-16.200000000000728,23674.92
25983.77,-16.18999999999869,23577.832
25983.78,-16.18000000000029,23674.92
25983.79,-16.169999999998254,23480.779
25983.8,-16.159999999999854,23383.758
25983.81,-16.149999999997817,23335.258
25983.82,-16.139999999999418,23529.301
25983.83,-16.12999999999738,23723.475
25983.84,-16.11999999999898,23820.611
25983.85,-16.110000000000582,23820.611
25983.86,-16.099999999998545,23674.92
25983.87,-16.090000000000146,23674.92
25983.88,-16.07999999999811,23820.611
25983.89,-16.06999999999971,23820.611
25983.9,-16.05999999999767,23723.475
25983.91,-16.049999999999272,23772.039
25983.92,-16.040000000000873,23626.373
25983.93,-16.029999999998836,23917.777
25983.94,-16.020000000000437,23674.92
25983.95,-16.0099999999984,23820.611
25983.96,-16.0,23092.887
25983.97,-15.989999999997963,23335.258
25983.98,-15.979999999999563,23723.475
25983.99,-15.969999999997526,23869.189
25984.0,-15.959999999999127,23966.375
25984.01,-15.950000000000728,24112.211
25984.02,-15.93999999999869,24014.979
25984.03,-15.930000000000291,23723.475
25984.04,-15.919999999998254,23772.039
25984.05,-15.909999999999854,23917.777
25984.06,-15.899999999997817,23772.039
25984.07,-15.889999999999418,23869.189
25984.08,-15.87999999999738,23917.777
25984.09,-15.869999999998981,24014.979
25984.1,-15.860000000000582,23917.777
25984.11,-15.849999999998545,23577.832
25984.12,-15.840000000000146,23189.811
25984.13,-15.829999999998108,23577.832
25984.14,-15.819999999999709,23529.301
25984.15,-15.809999999997672,23626.373
25984.16,-15.799999999999272,23820.611
25984.17,-15.790000000000873,23869.189
25984.18,-15.779999999998836,23820.611
25984.19,-15.770000000000437,23674.92
25984.2,-15.7599999999984,23869.189
25984.21,-15.75,23820.611
25984.22,-15.739999999997963,23869.189
25984.23,-15.729999999999563,23917.777
25984.24,-15.719999999997526,23869.189
25984.25,-15.709999999999127,23820.611
25984.26,-15.700000000000728,23674.92
25984.27,-15.68999999999869,22899.137
25984.28,-15.680000000000291,23286.768
25984.29,-15.669999999998254,23577.832
25984.3,-15.659999999999854,23577.832
25984.31,-15.649999999997817,23577.832
25984.32,-15.639999999999418,23674.92
25984.33,-15.62999999999738,23674.92
25984.34,-15.619999999998981,23820.611
25984.35,-15.610000000000582,23869.189
25984.36,-15.599999999998545,23626.373
25984.37,-15.590000000000146,23674.92
25984.38,-15.579999999998108,23577.832
25984.39,-15.569999999999709,23577.832
25984.4,-15.559999999997672,23723.475
25984.41,-15.549999999999272,23674.92
25984.42,-15.540000000000873,23335.258
25984.43,-15.529999999998836,22947.563
25984.44,-15.520000000000437,23286.768
25984.45,-15.5099999999984,23529.301
25984.46,-15.5,23577.832
25984.47,-15.489999999997963,23577.832
25984.48,-15.479999999999563,23674.92
25984.49,-15.469999999997526,23480.779
25984.5,-15.459999999999127,23674.92
25984.51,-15.450000000000728,23674.92
25984.52,-15.43999999999869,23723.475
25984.53,-15.430000000000291,23723.475
25984.54,-15.419999999998254,23723.475
25984.55,-15.409999999999854,23674.92
25984.56,-15.399999999997817,23529.301
25984.57,-15.389999999999418,23723.475
25984.58,-15.37999999999738,23044.438
25984.59,-15.369999999998981,23092.887
25984.6,-15.360000000000582,23480.779
25984.61,-15.349999999998545,23529.301
25984.62,-15.340000000000146,23529.301
25984.63,-15.329999999998108,23480.779
25984.64,-15.319999999999709,23432.264
25984.65,-15.309999999997672,23577.832
25984.66,-15.299999999999272,23674.92
25984.67,-15.290000000000873,23529.301
25984.68,-15.279999999998836,23869.189
25984.69,-15.270000000000437,23674.92
25984.7,-15.2599999999984,23529.301
25984.71,-15.25,23529.301
25984.72,-15.239999999997963,23480.779
25984.73,-15.229999999999563,23674.92
25984.74,-15.219999999997526,23092.887
25984.75,-15.209999999999127,23529.301
25984.76,-15.200000000000728,23723.475
25984.77,-15.18999999999869,23723.475
25984.78,-15.180000000000291,23723.475
25984.79,-15.169999999998254,23869.189
25984.8,-15.159999999999854,23966.375
25984.81,-15.149999999997817,23626.373
25984.82,-15.139999999999418,23917.777
25984.83,-15.12999999999738,23869.189
25984.84,-15.119999999998981,23723.475
25984.85,-15.110000000000582,23772.039
25984.86,-15.099999999998545,23772.039
25984.87,-15.090000000000146,23772.039
25984.88,-15.079999999998108,23869.189
25984.89,-15.069999999999709,23189.811
25984.9,-15.059999999997672,23238.285
25984.91,-15.049999999999272,23529.301
25984.92,-15.040000000000873,23577.832
25984.93,-15.029999999998836,23723.475
25984.94,-15.020000000000437,23772.039
25984.95,-15.0099999999984,23772.039
25984.96,-15.0,23723.475
25984.97,-14.989999999997963,23674.92
25984.98,-14.979999999999563,23723.475
25984.99,-14.969999999997526,23820.611
25985.0,-14.959999999999127,23820.611
25985.01,-14.950000000000728,23772.039
25985.02,-14.93999999999869,23577.832
25985.03,-14.930000000000291,23674.92
25985.04,-14.919999999998254,23723.475
25985.05,-14.909999999999854,23092.887
25985.06,-14.899999999997817,23577.832
25985.07,-14.889999999999418,23772.039
25985.08,-14.87999999999738,23820.611
25985.09,-14.869999999998981,24063.592
25985.1,-14.860000000000582,23966.375
25985.11,-14.849999999998545,23966.375
25985.12,-14.840000000000146,23917.777
25985.13,-14.829999999998108,23917.777
25985.14,-14.819999999999709,23723.475
25985.15,-14.809999999997672,23772.039
25985.16,-14.799999999999272,23869.189
25985.17,-14.790000000000873,23820.611
25985.18,-14.779999999998836,23917.777
25985.19,-14.770000000000437,23772.039
25985.2,-14.7599999999984,23286.768
25985.21,-14.75,23286.768
25985.22,-14.739999999997963,23480.779
25985.23,-14.729999999999563,23674.92
25985.24,-14.719999999997526,23723.475
25985.25,-14.709999999999127,23723.475
25985.26,-14.700000000000728,23723.475
25985.27,-14.68999999999869,23820.611
25985.28,-14.680000000000291,23772.039
25985.29,-14.669999999998254,23674.92
25985.3,-14.659999999999854,23674.92
25985.31,-14.649999999997817,23772.039
25985.32,-14.639999999999418,23626.373
25985.33,-14.62999999999738,23772.039
25985.34,-14.619999999998981,23869.189
25985.35,-14.610000000000582,23432.264
25985.36,-14.599999999998545,22947.563
25985.37,-14.590000000000146,23238.285
25985.38,-14.579999999998108,23383.758
25985.39,-14.569999999999709,23577.832
25985.4,-14.559999999997672,23674.92
25985.41,-14.549999999999272,23723.475
25985.42,-14.540000000000873,23674.92
25985.43,-14.529999999998836,23869.189
25985.44,-14.520000000000437,23723.475
25985.45,-14.5099999999984,23577.832
25985.46,-14.5,23917.777
25985.47,-14.489999999997963,23820.611
25985.48,-14.479999999999563,23820.611
25985.49,-14.469999999997526,23723.475
25985.5,-14.459999999999127,23674.92
25985.51,-14.450000000000728,23335.258
25985.52,-14.43999999999869,23335.258
25985.53,-14.430000000000291,23529.301
25985.54,-14.419999999998254,23723.475
25985.55,-14.409999999999854,23917.777
25985.56,-14.399999999997817,23723.475
25985.57,-14.389999999999418,23723.475
25985.58,-14.37999999999738,23674.92
25985.59,-14.369999999998981,23577.832
25985.6,-14.360000000000582,23723.475
25985.61,-14.349999999998545,23674.92
25985.62,-14.340000000000146,23723.475
25985.63,-14.329999999998108,23723.475
25985.64,-14.319999999999709,23869.189
25985.65,-14.309999999997672,23626.373
25985.66,-14.299999999999272,23674.92
25985.67,-14.290000000000873,23092.887
25985.68,-14.279999999998836,23335.258
25985.69,-14.270000000000437,23674.92
25985.7,-14.2599999999984,23626.373
25985.71,-14.25,23723.475
25985.72,-14.239999999997963,23820.611
25985.73,-14.229999999999563,23626.373
25985.74,-14.219999999997526,23723.475
25985.75,-14.209999999999127,23917.777
25985.76,-14.200000000000728,23966.375
25985.77,-14.18999999999869,23917.777
25985.78,-14.180000000000291,23723.475
25985.79,-14.169999999998254,23820.611
25985.8,-14.159999999999854,23480.779
25985.81,-14.149999999997817,23772.039
25985.82,-14.139999999999418,23092.887
25985.83,-14.12999999999738,23141.346
25985.84,-14.119999999998981,23529.301
25985.85,-14.110000000000582,23626.373
25985.86,-14.099999999998545,23674.92
25985.87,-14.090000000000146,23917.777
25985.88,-14.079999999998108,23820.611
25985.89,-14.069999999999709,23723.475
25985.9,-14.059999999997672,23723.475
25985.91,-14.049999999999272,23820.611
25985.92,-14.040000000000873,23820.611
25985.93,-14.029999999998836,23917.777
25985.94,-14.020000000000437,23577.832
25985.95,-14.0099999999984,23820.611
25985.96,-14.0,23820.611
25985.97,-13.989999999997963,23772.039
25985.98,-13.979999999999563,23092.887
25985.99,-13.969999999997526,23335.258
25986.0,-13.959999999999127,23335.258
25986.01,-13.950000000000728,23480.779
25986.02,-13.93999999999869,23674.92
25986.03,-13.930000000000291,23480.779
25986.04,-13.919999999998254,23529.301
25986.05,-13.909999999999854,23432.264
25986.06,-13.899999999997817,23286.768
25986.07,-13.889999999999418,23480.779
25986.08,-13.87999999999738,23577.832
25986.09,-13.869999999998981,23480.779
25986.1,-13.860000000000582,23432.264
25986.11,-13.849999999998545,23577.832
25986.12,-13.840000000000146,23529.301
25986.13,-13.829999999998108,23432.264
25986.14,-13.819999999999709,23238.285
25986.15,-13.809999999997672,23480.779
25986.16,-13.799999999999272,23869.189
25986.17,-13.790000000000873,23674.92
25986.18,-13.779999999998836,23674.92
25986.19,-13.770000000000437,23917.777
25986.2,-13.7599999999984,23917.777
25986.21,-13.75,23772.039
25986.22,-13.739999999997963,23820.611
25986.23,-13.729999999999563,23772.039
25986.24,-13.719999999997526,23820.611
25986.25,-13.709999999999127,23869.189
25986.26,-13.700000000000728,23917.777
25986.27,-13.68999999999869,23966.375
25986.28,-13.680000000000291,23917.777
25986.29,-13.669999999998254,23092.887
25986.3,-13.659999999999854,23189.811
25986.31,-13.649999999997817,23723.475
25986.32,-13.639999999999418,23772.039
25986.33,-13.62999999999738,23917.777
25986.34,-13.619999999998981,23772.039
25986.35,-13.610000000000582,23820.611
25986.36,-13.599999999998545,23917.777
25986.37,-13.590000000000146,23917.777
25986.38,-13.579999999998108,23577.832
25986.39,-13.569999999999709,23772.039
25986.4,-13.559999999997672,23674.92
25986.41,-13.549999999999272,23674.92
25986.42,-13.540000000000873,23723.475
25986.43,-13.529999999998836,24014.979
25986.44,-13.520000000000437,23723.475
25986.45,-13.5099999999984,23286.768
25986.46,-13.5,23480.779
25986.47,-13.489999999997963,23529.301
25986.48,-13.479999999999563,23723.475
25986.49,-13.469999999997526,23383.758
25986.5,-13.459999999999127,23674.92
25986.51,-13.450000000000728,23480.779
25986.52,-13.43999999999869,23723.475
25986.53,-13.430000000000291,23626.373
25986.54,-13.419999999998254,23577.832
25986.55,-13.409999999999854,23674.92
25986.56,-13.399999999997817,23529.301
25986.57,-13.389999999999418,23820.611
25986.58,-13.37999999999738,23723.475
25986.59,-13.369999999998981,23577.832
25986.6,-13.360000000000582,23092.887
25986.61,-13.349999999998545,22995.996
25986.62,-13.340000000000146,23577.832
25986.63,-13.329999999998108,23529.301
25986.64,-13.319999999999709,23674.92
25986.65,-13.309999999997672,23723.475
25986.66,-13.299999999999272,23626.373
25986.67,-13.290000000000873,23577.832
25986.68,-13.279999999998836,23772.039
25986.69,-13.270000000000437,23674.92
25986.7,-13.2599999999984,23966.375
25986.71,-13.25,23577.832
25986.72,-13.239999999997963,23723.475
25986.73,-13.229999999999563,23626.373
25986.74,-13.219999999997526,23577.832
25986.75,-13.209999999999127,23286.768
25986.76,-13.200000000000728,22947.563
25986.77,-13.18999999999869,23092.887
25986.78,-13.180000000000291,23626.373
25986.79,-13.169999999998254,23626.373
25986.8,-13.159999999999854,23480.779
25986.81,-13.149999999997817,23577.832
25986.82,-13.139999999999418,23674.92
25986.83,-13.12999999999738,23577.832
25986.84,-13.119999999998981,23480.779
25986.85,-13.110000000000582,23529.301
25986.86,-13.099999999998545,23529.301
25986.87,-13.090000000000146,23529.301
25986.88,-13.079999999998108,23577.832
25986.89,-13.069999999999709,23674.92
25986.9,-13.059999999997672,23577.832
25986.91,-13.049999999999272,22899.137
25986.92,-13.040000000000873,23044.438
25986.93,-13.029999999998836,23577.832
25986.94,-13.020000000000437,23577.832
25986.95,-13.0099999999984,23723.475
25986.96,-13.0,23674.92
25986.97,-12.989999999997963,23820.611
25986.98,-12.979999999999563,23529.301
25986.99,-12.969999999997526,23917.777
25987.0,-12.959999999999127,23626.373
25987.01,-12.950000000000728,23674.92
25987.02,-12.93999999999869,23674.92
25987.03,-12.930000000000291,23674.92
25987.04,-12.919999999998254,23869.189
25987.05,-12.909999999999854,23723.475
25987.06,-12.899999999997817,23480.779
25987.07,-12.889999999999418,23238.285
25987.08,-12.87999999999738,23238.285
25987.09,-12.869999999998981,23772.039
25987.1,-12.860000000000582,23723.475
25987.11,-12.849999999998545,23869.189
25987.12,-12.840000000000146,23772.039
25987.13,-12.829999999998108,23723.475
25987.14,-12.819999999999709,23917.777
25987.15,-12.809999999997672,23674.92
25987.16,-12.799999999999272,23820.611
25987.17,-12.790000000000873,23674.92
25987.18,-12.779999999998836,23917.777
25987.19,-12.770000000000437,23723.475
25987.2,-12.7599999999984,23626.373
25987.21,-12.75,23577.832
25987.22,-12.739999999997963,23092.887
25987.23,-12.729999999999563,23189.811
25987.24,-12.719999999997526,23189.811
25987.25,-12.709999999999127,23529.301
25987.26,-12.700000000000728,23383.758
25987.27,-12.68999999999869,23577.832
25987.28,-12.680000000000291,23335.258
25987.29,-12.669999999998254,23432.264
25987.3,-12.659999999999854,23286.768
25987.31,-12.649999999997817,23577.832
25987.32,-12.639999999999418,23286.768
25987.33,-12.62999999999738,23383.758
25987.34,-12.619999999998981,23383.758
25987.35,-12.610000000000582,23432.264
25987.36,-12.599999999998545,23480.779
25987.37,-12.590000000000146,23286.768
25987.38,-12.579999999998108,22995.996
25987.39,-12.569999999999709,23238.285
25987.4,-12.559999999997672,23480.779
25987.41,-12.549999999999272,23529.301
25987.42,-12.540000000000873,23432.264
25987.43,-12.529999999998836,23577.832
25987.44,-12.520000000000437,23674.92
25987.45,-12.5099999999984,23577.832
25987.46,-12.5,23674.92
25987.47,-12.489999999997963,23577.832
25987.48,-12.479999999999563,23480.779
25987.49,-12.469999999997526,23383.758
25987.5,-12.459999999999127,23432.264
25987.51,-12.450000000000728,23626.373
25987.52,-12.43999999999869,23626.373
25987.53,-12.430000000000291,23044.438
25987.54,-12.419999999998254,23141.346
25987.55,-12.409999999999854,23480.779
25987.56,-12.399999999997817,23674.92
25987.57,-12.389999999999418,23674.92
25987.58,-12.37999999999738,23674.92
25987.59,-12.369999999998981,23674.92
25987.6,-12.360000000000582,23820.611
25987.61,-12.349999999998545,23917.777
25987.62,-12.340000000000146,23966.375
25987.63,-12.329999999998108,23674.92
25987.64,-12.319999999999709,23772.039
25987.65,-12.309999999997672,23869.189
25987.66,-12.299999999999272,23917.777
25987.67,-12.290000000000873,23674.92
25987.68,-12.279999999998836,23772.039
25987.69,-12.270000000000437,23189.811
25987.7,-12.2599999999984,22366.992
25987.71,-12.25,21739.359
25987.72,-12.239999999997963,21739.359
25987.73,-12.229999999999563,21401.973
25987.74,-12.219999999997526,21498.33
25987.75,-12.209999999999127,22608.754
25987.76,-12.200000000000728,24063.592
25987.77,-12.18999999999869,23966.375
25987.78,-12.180000000000291,23480.779
25987.79,-12.169999999998254,24063.592
25987.8,-12.159999999999854,24452.783
25987.81,-12.149999999997817,24647.572
25987.82,-12.139999999999418,24452.783
25987.83,-12.12999999999738,24598.863
25987.84,-12.119999999998981,24452.783
25987.85,-12.110000000000582,24501.469
25987.86,-12.099999999998545,24501.469
25987.87,-12.090000000000146,24452.783
25987.88,-12.079999999998108,24404.105
25987.89,-12.069999999999709,24404.105
25987.9,-12.059999999997672,24404.105
25987.91,-12.049999999999272,24452.783
25987.92,-12.040000000000873,24452.783
25987.93,-12.029999999998836,24501.469
25987.94,-12.020000000000437,24306.775
25987.95,-12.0099999999984,24355.436
25987.96,-12.0,24355.436
25987.97,-11.989999999997963,24501.469
25987.98,-11.979999999999563,24598.863
25987.99,-11.969999999997526,24404.105
25988.0,-11.959999999999127,24501.469
25988.01,-11.950000000000728,24452.783
25988.02,-11.93999999999869,24598.863
25988.03,-11.930000000000291,24598.863
25988.04,-11.919999999998254,24501.469
25988.05,-11.909999999999854,24355.436
25988.06,-11.899999999997817,24306.775
25988.07,-11.889999999999418,24501.469
25988.08,-11.87999999999738,24501.469
25988.09,-11.869999999998981,24501.469
25988.1,-11.860000000000582,24501.469
25988.11,-11.849999999998545,24452.783
25988.12,-11.840000000000146,24355.436
25988.13,-11.829999999998108,24647.572
25988.14,-11.819999999999709,24501.469
25988.15,-11.809999999997672,24404.105
25988.16,-11.799999999999272,24501.469
25988.17,-11.790000000000873,24696.291
25988.18,-11.779999999998836,24598.863
25988.19,-11.770000000000437,24647.572
25988.2,-11.7599999999984,24452.783
25988.21,-11.75,24452.783
25988.22,-11.739999999997963,24598.863
25988.23,-11.729999999999563,24647.572
25988.24,-11.719999999997526,24258.121
25988.25,-11.709999999999127,24306.775
25988.26,-11.700000000000728,24404.105
25988.27,-11.68999999999869,24598.863
25988.28,-11.680000000000291,24452.783
25988.29,-11.669999999998254,24696.291
25988.3,-11.659999999999854,24647.572
25988.31,-11.649999999997817,24501.469
25988.32,-11.639999999999418,24501.469
25988.33,-11.62999999999738,24501.469
25988.34,-11.619999999998981,24598.863
25988.35,-11.610000000000582,24452.783
25988.36,-11.599999999998545,24550.162
25988.37,-11.590000000000146,24550.162
25988.38,-11.579999999998108,24598.863
25988.39,-11.569999999999709,24696.291
25988.4,-11.559999999997672,24501.469
25988.41,-11.549999999999272,24452.783
25988.42,-11.540000000000873,24355.436
25988.43,-11.529999999998836,24696.291
25988.44,-11.520000000000437,24258.121
25988.45,-11.5099999999984,24404.105
25988.46,-11.5,24258.121
25988.47,-11.489999999997963,24501.469
25988.48,-11.479999999999563,24550.162
25988.49,-11.469999999997526,24696.291
25988.5,-11.459999999999127,24501.469
25988.51,-11.450000000000728,24452.783
25988.52,-11.43999999999869,24550.162
25988.53,-11.430000000000291,24452.783
25988.54,-11.419999999998254,24501.469
25988.55,-11.409999999999854,24696.291
25988.56,-11.399999999997817,24355.436
25988.57,-11.389999999999418,24501.469
25988.58,-11.37999999999738,24501.469
25988.59,-11.369999999998981,24598.863
25988.6,-11.360000000000582,24501.469
25988.61,-11.349999999998545,24696.291
25988.62,-11.340000000000146,24550.162
25988.63,-11.329999999998108,24501.469
25988.64,-11.319999999999709,24696.291
25988.65,-11.309999999997672,24501.469
25988.66,-11.299999999999272,24550.162
25988.67,-11.290000000000873,24598.863
25988.68,-11.279999999998836,24696.291
25988.69,-11.270000000000437,24404.105
25988.7,-11.2599999999984,24501.469
25988.71,-11.25,24696.291
25988.72,-11.239999999997963,24550.162
25988.73,-11.229999999999563,24647.572
25988.74,-11.219999999997526,24404.105
25988.75,-11.209999999999127,24647.572
25988.76,-11.200000000000728,24550.162
25988.77,-11.18999999999869,24501.469
25988.78,-11.180000000000291,24647.572
25988.79,-11.169999999998254,24598.863
25988.8,-11.159999999999854,24550.162
25988.81,-11.149999999997817,24306.775
25988.82,-11.139999999999418,24306.775
25988.83,-11.12999999999738,24598.863
25988.84,-11.119999999998981,24647.572
25988.85,-11.110000000000582,24696.291
25988.86,-11.099999999998545,24696.291
25988.87,-11.090000000000146,24598.863
25988.88,-11.079999999998108,24452.783
25988.89,-11.069999999999709,24550.162
25988.9,-11.059999999997672,24501.469
25988.91,-11.049999999999272,24598.863
25988.92,-11.040000000000873,24598.863
25988.93,-11.029999999998836,24452.783
25988.94,-11.020000000000437,24258.121
25988.95,-11.0099999999984,24501.469
25988.96,-11.0,24598.863
25988.97,-10.989999999997963,24598.863
25988.98,-10.979999999999563,24598.863
25988.99,-10.969999999997526,24550.162
25989.0,-10.959999999999127,24501.469
25989.01,-10.950000000000728,24598.863
25989.02,-10.93999999999869,24550.162
25989.03,-10.930000000000291,24501.469
25989.04,-10.919999999998254,24550.162
25989.05,-10.909999999999854,24355.436
25989.06,-10.899999999997817,24501.469
25989.07,-10.889999999999418,24550.162
25989.08,-10.87999999999738,24647.572
25989.09,-10.869999999998981,24306.775
25989.1,-10.860000000000582,24501.469
25989.11,-10.849999999998545,24647.572
25989.12,-10.840000000000146,24696.291
25989.13,-10.829999999998108,24501.469
25989.14,-10.819999999999709,24501.469
25989.15,-10.809999999997672,24452.783
25989.16,-10.799999999999272,24501.469
25989.17,-10.790000000000873,24550.162
25989.18,-10.779999999998836,24452.783
25989.19,-10.770000000000437,24550.162
25989.2,-10.7599999999984,24550.162
25989.21,-10.75,24501.469
25989.22,-10.739999999997963,24452.783
25989.23,-10.729999999999563,24647.572
25989.24,-10.719999999997526,24501.469
25989.25,-10.709999999999127,24501.469
25989.26,-10.700000000000728,24452.783
25989.27,-10.68999999999869,24355.436
25989.28,-10.680000000000291,24598.863
25989.29,-10.669999999998254,24550.162
25989.3,-10.659999999999854,24598.863
25989.31,-10.649999999997817,24696.291
25989.32,-10.639999999999418,24404.105
25989.33,-10.62999999999738,24598.863
25989.34,-10.619999999998981,24306.775
25989.35,-10.610000000000582,24501.469
25989.36,-10.599999999998545,24501.469
25989.37,-10.590000000000146,24550.162
25989.38,-10.579999999998108,24501.469
25989.39,-10.569999999999709,24501.469
25989.4,-10.559999999997672,24696.291
25989.41,-10.549999999999272,24501.469
25989.42,-10.540000000000873,24452.783
25989.43,-10.529999999998836,24598.863
25989.44,-10.520000000000437,24452.783
25989.45,-10.5099999999984,24550.162
25989.46,-10.5,24647.572
25989.47,-10.489999999997963,24550.162
25989.48,-10.479999999999563,24501.469
25989.49,-10.469999999997526,24404.105
25989.5,-10.459999999999127,24501.469
25989.51,-10.450000000000728,24355.436
25989.52,-10.43999999999869,24696.291
25989.53,-10.430000000000291,24647.572
25989.54,-10.419999999998254,24258.121
25989.55,-10.409999999999854,24501.469
25989.56,-10.399999999997817,24647.572
25989.57,-10.389999999999418,24598.863
25989.58,-10.37999999999738,24550.162
25989.59,-10.369999999998981,24404.105
25989.6,-10.360000000000582,24501.469
25989.61,-10.349999999998545,24598.863
25989.62,-10.340000000000146,24452.783
25989.63,-10.329999999998108,24550.162
25989.64,-10.319999999999709,24598.863
25989.65,-10.309999999997672,24501.469
25989.66,-10.299999999999272,24696.291
25989.67,-10.290000000000873,24696.291
25989.68,-10.279999999998836,24501.469
25989.69,-10.270000000000437,24598.863
25989.7,-10.2599999999984,24355.436
25989.71,-10.25,24501.469
25989.72,-10.239999999997963,24550.162
25989.73,-10.229999999999563,24452.783
25989.74,-10.219999999997526,24501.469
25989.75,-10.209999999999127,24598.863
25989.76,-10.200000000000728,24647.572
25989.77,-10.18999999999869,24452.783
25989.78,-10.180000000000291,24501.469
25989.79,-10.169999999998254,24452.783
25989.8,-10.159999999999854,24355.436
25989.81,-10.149999999997817,24647.572
25989.82,-10.139999999999418,24452.783
25989.83,-10.12999999999738,24550.162
25989.84,-10.119999999998981,24501.469
25989.85,-10.110000000000582,24452.783
25989.86,-10.099999999998545,24550.162
25989.87,-10.090000000000146,24501.469
25989.88,-10.079999999998108,24452.783
25989.89,-10.069999999999709,24647.572
25989.9,-10.059999999997672,24598.863
25989.91,-10.049999999999272,24452.783
25989.92,-10.040000000000873,24355.436
25989.93,-10.029999999998836,24598.863
25989.94,-10.020000000000437,24452.783
25989.95,-10.0099999999984,24501.469
25989.96,-10.0,24550.162
25989.97,-9.989999999997963,24306.775
25989.98,-9.979999999999563,24452.783
25989.99,-9.969999999997526,24355.436
25990.0,-9.959999999999127,24647.572
25990.01,-9.950000000000728,24501.469
25990.02,-9.93999999999869,24550.162
25990.03,-9.930000000000291,24647.572
25990.04,-9.919999999998254,24598.863
25990.05,-9.909999999999854,24501.469
25990.06,-9.899999999997817,24355.436
25990.07,-9.889999999999418,24452.783
25990.08,-9.87999999999738,24452.783
25990.09,-9.869999999998981,24501.469
25990.1,-9.860000000000582,24550.162
25990.11,-9.849999999998545,24550.162
25990.12,-9.840000000000146,24501.469
25990.13,-9.829999999998108,24598.863
25990.14,-9.819999999999709,24598.863
25990.15,-9.809999999997672,24696.291
25990.16,-9.799999999999272,24598.863
25990.17,-9.790000000000873,24501.469
25990.18,-9.779999999998836,24598.863
25990.19,-9.770000000000437,24550.162
25990.2,-9.7599999999984,24598.863
25990.21,-9.75,24647.572
25990.22,-9.739999999997963,24598.863
25990.23,-9.729999999999563,24598.863
25990.24,-9.719999999997526,24355.436
25990.25,-9.709999999999127,24452.783
25990.26,-9.700000000000728,24598.863
25990.27,-9.68999999999869,24598.863
25990.28,-9.680000000000291,24793.752
25990.29,-9.669999999998254,24452.783
25990.3,-9.659999999999854,24647.572
25990.31,-9.649999999997817,24355.436
25990.32,-9.639999999999418,24501.469
25990.33,-9.62999999999738,24598.863
25990.34,-9.619999999998981,24452.783
25990.35,-9.610000000000582,24306.775
25990.36,-9.599999999998545,24647.572
25990.37,-9.590000000000146,24501.469
25990.38,-9.579999999998108,24452.783
25990.39,-9.569999999999709,24745.018
25990.4,-9.559999999997672,24647.572
25990.41,-9.549999999999272,24404.105
25990.42,-9.540000000000873,24355.436
25990.43,-9.529999999998836,24501.469
25990.44,-9.520000000000437,24550.162
25990.45,-9.5099999999984,24452.783
25990.46,-9.5,24745.018
25990.47,-9.489999999997963,24550.162
25990.48,-9.479999999999563,24404.105
25990.49,-9.469999999997526,24258.121
25990.5,-9.459999999999127,24501.469
25990.51,-9.450000000000728,24598.863
25990.52,-9.43999999999869,24550.162
25990.53,-9.430000000000291,24550.162
25990.54,-9.419999999998254,24452.783
25990.55,-9.409999999999854,24501.469
25990.56,-9.399999999997817,24598.863
25990.57,-9.389999999999418,24501.469
25990.58,-9.37999999999738,24404.105
25990.59,-9.369999999998981,24404.105
25990.6,-9.360000000000582,24696.291
25990.61,-9.349999999998545,24452.783
25990.62,-9.340000000000146,24404.105
25990.63,-9.329999999998108,24160.84
25990.64,-9.319999999999709,23335.258
25990.65,-9.309999999997672,23092.887
25990.66,-9.299999999999272,22947.563
25990.67,-9.290000000000873,22899.137
25990.68,-9.279999999998836,22705.516
25990.69,-9.270000000000437,22705.516
25990.7,-9.2599999999984,22608.754
25990.71,-9.25,22657.131
25990.72,-9.239999999997963,22657.131
25990.73,-9.229999999999563,22512.023
25990.74,-9.219999999997526,22560.385
25990.75,-9.209999999999127,22753.908
25990.76,-9.200000000000728,22705.516
25990.77,-9.18999999999869,22705.516
25990.78,-9.180000000000291,22512.023
25990.79,-9.169999999998254,22560.385
25990.8,-9.159999999999854,22705.516
25990.81,-9.149999999997817,22899.137
25990.82,-9.139999999999418,22705.516
25990.83,-9.12999999999738,22608.754
25990.84,-9.119999999998981,22705.516
25990.85,-9.110000000000582,22608.754
25990.86,-9.099999999998545,22415.328
25990.87,-9.090000000000146,22463.672
25990.88,-9.079999999998108,22560.385
25990.89,-9.069999999999709,22512.023
25990.9,-9.059999999997672,22657.131
25990.91,-9.049999999999272,22512.023
25990.92,-9.040000000000873,22753.908
25990.93,-9.029999999998836,22512.023
25990.94,-9.020000000000437,22463.672
25990.95,-9.0099999999984,22657.131
25990.96,-9.0,22705.516
25990.97,-8.989999999997963,22753.908
25990.98,-8.979999999999563,22560.385
25990.99,-8.969999999997526,22560.385
25991.0,-8.959999999999127,22608.754
25991.01,-8.950000000000728,22608.754
25991.02,-8.93999999999869,22560.385
25991.03,-8.930000000000291,22512.023
25991.04,-8.919999999998254,22463.672
25991.05,-8.909999999999854,22657.131
25991.06,-8.899999999997817,22318.664
25991.07,-8.889999999999418,22512.023
25991.08,-8.87999999999738,22512.023
25991.09,-8.869999999998981,22463.672
25991.1,-8.860000000000582,22366.992
25991.11,-8.849999999998545,22512.023
25991.12,-8.840000000000146,22608.754
25991.13,-8.829999999998108,22318.664
25991.14,-8.819999999999709,22463.672
25991.15,-8.809999999997672,22512.023
25991.16,-8.799999999999272,22657.131
25991.17,-8.790000000000873,22753.908
25991.18,-8.779999999998836,22608.754
25991.19,-8.770000000000437,22512.023
25991.2,-8.7599999999984,22463.672
25991.21,-8.75,22608.754
25991.22,-8.739999999997963,22657.131
25991.23,-8.729999999999563,22463.672
25991.24,-8.719999999997526,22222.031
25991.25,-8.709999999999127,22318.664
25991.26,-8.700000000000728,22366.992
25991.27,-8.68999999999869,22512.023
25991.28,-8.680000000000291,22753.908
25991.29,-8.669999999998254,22608.754
25991.3,-8.659999999999854,22608.754
25991.31,-8.649999999997817,22366.992
25991.32,-8.639999999999418,22173.729
25991.33,-8.62999999999738,22222.031
25991.34,-8.619999999998981,22366.992
25991.35,-8.610000000000582,22463.672
25991.36,-8.599999999998545,22415.328
25991.37,-8.590000000000146,22608.754
25991.38,-8.579999999998108,22318.664
25991.39,-8.569999999999709,22608.754
25991.4,-8.559999999997672,22318.664
25991.41,-8.549999999999272,22463.672
25991.42,-8.540000000000873,22270.344
25991.43,-8.529999999998836,22366.992
25991.44,-8.520000000000437,22463.672
25991.45,-8.5099999999984,22463.672
25991.46,-8.5,22608.754
25991.47,-8.489999999997963,22705.516
25991.48,-8.479999999999563,22657.131
25991.49,-8.469999999997526,22415.328
25991.5,-8.459999999999127,22512.023
25991.51,-8.450000000000728,22705.516
25991.52,-8.43999999999869,22512.023
25991.53,-8.430000000000291,22415.328
25991.54,-8.419999999998254,22415.328
25991.55,-8.409999999999854,22415.328
25991.56,-8.399999999997817,22560.385
25991.57,-8.389999999999418,22560.385
25991.58,-8.37999999999738,22657.131
25991.59,-8.369999999998981,22657.131
25991.6,-8.360000000000582,22463.672
25991.61,-8.349999999998545,22415.328
25991.62,-8.340000000000146,22415.328
25991.63,-8.329999999998108,22512.023
25991.64,-8.319999999999709,22415.328
25991.65,-8.309999999997672,22318.664
25991.66,-8.299999999999272,22463.672
25991.67,-8.290000000000873,22415.328
25991.68,-8.279999999998836,22415.328
25991.69,-8.270000000000437,22318.664
25991.7,-8.2599999999984,22512.023
25991.71,-8.25,22608.754
25991.72,-8.239999999997963,22415.328
25991.73,-8.229999999999563,22560.385
25991.74,-8.219999999997526,22270.344
25991.75,-8.209999999999127,22125.432
25991.76,-8.200000000000728,22222.031
25991.77,-8.18999999999869,22608.754
25991.78,-8.180000000000291,22802.309
25991.79,-8.169999999998254,22657.131
25991.8,-8.159999999999854,22850.719
25991.81,-8.149999999997817,22608.754
25991.82,-8.139999999999418,22753.908
25991.83,-8.12999999999738,22657.131
25991.84,-8.119999999998981,22560.385
25991.85,-8.110000000000582,22512.023
25991.86,-8.099999999998545,22366.992
25991.87,-8.090000000000146,22608.754
25991.88,-8.079999999998108,22608.754
25991.89,-8.069999999999709,22705.516
25991.9,-8.059999999997672,22705.516
25991.91,-8.049999999999272,22753.908
25991.92,-8.040000000000873,22560.385
25991.93,-8.029999999998836,22415.328
25991.94,-8.020000000000437,22366.992
25991.95,-8.0099999999984,22318.664
25991.96,-8.0,22222.031
25991.97,-7.989999999997963,22366.992
25991.98,-7.979999999999563,22560.385
25991.99,-7.969999999997526,22657.131
25992.0,-7.959999999999127,22802.309
25992.01,-7.950000000000728,22657.131
25992.02,-7.93999999999869,22705.516
25992.03,-7.930000000000291,22512.023
25992.04,-7.919999999998254,22463.672
25992.05,-7.9099999999998545,22318.664
25992.06,-7.899999999997817,22512.023
25992.07,-7.889999999999418,22657.131
25992.08,-7.879999999997381,22463.672
25992.09,-7.869999999998981,22657.131
25992.1,-7.860000000000582,22560.385
25992.11,-7.849999999998545,22657.131
25992.12,-7.8400000000001455,22560.385
25992.13,-7.829999999998108,22512.023
25992.14,-7.819999999999709,22512.023
25992.15,-7.809999999997672,22366.992
25992.16,-7.799999999999272,22270.344
25992.17,-7.790000000000873,22222.031
25992.18,-7.779999999998836,22560.385
25992.19,-7.770000000000437,22415.328
25992.2,-7.759999999998399,22608.754
25992.21,-7.75,22705.516
25992.22,-7.739999999997963,22512.023
25992.23,-7.729999999999563,22560.385
25992.24,-7.719999999997526,22318.664
25992.25,-7.709999999999127,22512.023
25992.26,-7.700000000000728,22608.754
25992.27,-7.68999999999869,22463.672
25992.28,-7.680000000000291,22560.385
25992.29,-7.669999999998254,22657.131
25992.3,-7.6599999999998545,22608.754
25992.31,-7.649999999997817,22512.023
25992.32,-7.639999999999418,22512.023
25992.33,-7.629999999997381,22415.328
25992.34,-7.619999999998981,22657.131
25992.35,-7.610000000000582,22463.672
25992.36,-7.599999999998545,22318.664
25992.37,-7.5900000000001455,22463.672
25992.38,-7.579999999998108,22222.031
25992.39,-7.569999999999709,22366.992
25992.4,-7.559999999997672,22512.023
25992.41,-7.549999999999272,22415.328
25992.42,-7.540000000000873,22318.664
25992.43,-7.529999999998836,22463.672
25992.44,-7.520000000000437,22560.385
25992.45,-7.509999999998399,22415.328
25992.46,-7.5,22366.992
25992.47,-7.489999999997963,22512.023
25992.48,-7.479999999999563,22512.023
25992.49,-7.469999999997526,22608.754
25992.5,-7.459999999999127,22705.516
25992.51,-7.450000000000728,22560.385
25992.52,-7.43999999999869,22463.672
25992.53,-7.430000000000291,22657.131
25992.54,-7.419999999998254,22608.754
25992.55,-7.4099999999998545,22415.328
25992.56,-7.399999999997817,22560.385
25992.57,-7.389999999999418,22560.385
25992.58,-7.379999999997381,22657.131
25992.59,-7.369999999998981,22463.672
25992.6,-7.360000000000582,22512.023
25992.61,-7.349999999998545,22608.754
25992.62,-7.3400000000001455,22657.131
25992.63,-7.329999999998108,22850.719
25992.64,-7.319999999999709,22560.385
25992.65,-7.309999999997672,22608.754
25992.66,-7.299999999999272,22512.023
25992.67,-7.290000000000873,22222.031
25992.68,-7.279999999998836,22463.672
25992.69,-7.270000000000437,22560.385
25992.7,-7.259999999998399,22560.385
25992.71,-7.25,22512.023
25992.72,-7.239999999997963,22463.672
25992.73,-7.229999999999563,22415.328
25992.74,-7.219999999997526,22463.672
25992.75,-7.209999999999127,22366.992
25992.76,-7.200000000000728,22415.328
25992.77,-7.18999999999869,22512.023
25992.78,-7.180000000000291,22560.385
25992.79,-7.169999999998254,22753.908
25992.8,-7.1599999999998545,22512.023
25992.81,-7.149999999997817,22560.385
25992.82,-7.139999999999418,22608.754
25992.83,-7.129999999997381,22705.516
25992.84,-7.119999999998981,22415.328
25992.85,-7.110000000000582,22753.908
25992.86,-7.099999999998545,22415.328
25992.87,-7.0900000000001455,22270.344
25992.88,-7.079999999998108,22463.672
25992.89,-7.069999999999709,22512.023
25992.9,-7.059999999997672,22318.664
25992.91,-7.049999999999272,22463.672
25992.92,-7.040000000000873,22560.385
25992.93,-7.029999999998836,22657.131
25992.94,-7.020000000000437,22560.385
25992.95,-7.009999999998399,22705.516
25992.96,-7.0,22560.385
25992.97,-6.989999999997963,22608.754
25992.98,-6.979999999999563,22463.672
25992.99,-6.969999999997526,22560.385
25993.0,-6.959999999999127,22512.023
25993.01,-6.950000000000728,22318.664
25993.02,-6.93999999999869,22560.385
25993.03,-6.930000000000291,22560.385
25993.04,-6.919999999998254,22463.672
25993.05,-6.9099999999998545,22608.754
25993.06,-6.899999999997817,22705.516
25993.07,-6.889999999999418,22608.754
25993.08,-6.879999999997381,22560.385
25993.09,-6.869999999998981,22366.992
25993.1,-6.860000000000582,22366.992
25993.11,-6.849999999998545,22366.992
25993.12,-6.8400000000001455,22657.131
25993.13,-6.829999999998108,22608.754
25993.14,-6.819999999999709,22802.309
25993.15,-6.809999999997672,22705.516
25993.16,-6.799999999999272,22608.754
25993.17,-6.790000000000873,22560.385
25993.18,-6.779999999998836,22512.023
25993.19,-6.770000000000437,22366.992
25993.2,-6.759999999998399,22463.672
25993.21,-6.75,22512.023
25993.22,-6.739999999997963,22512.023
25993.23,-6.729999999999563,22608.754
25993.24,-6.719999999997526,22802.309
25993.25,-6.709999999999127,22512.023
25993.26,-6.700000000000728,22560.385
25993.27,-6.68999999999869,22512.023
25993.28,-6.680000000000291,22657.131
25993.29,-6.669999999998254,22753.908
25993.3,-6.6599999999998545,22512.023
25993.31,-6.649999999997817,22463.672
25993.32,-6.639999999999418,22608.754
25993.33,-6.629999999997381,22802.309
25993.34,-6.619999999998981,22802.309
25993.35,-6.610000000000582,22705.516
25993.36,-6.599999999998545,22512.023
25993.37,-6.5900000000001455,22415.328
25993.38,-6.579999999998108,22415.328
25993.39,-6.569999999999709,22318.664
25993.4,-6.559999999997672,22415.328
25993.41,-6.549999999999272,22608.754
25993.42,-6.540000000000873,22318.664
25993.43,-6.529999999998836,22463.672
25993.44,-6.520000000000437,22512.023
25993.45,-6.509999999998399,22463.672
25993.46,-6.5,22560.385
25993.47,-6.489999999997963,22415.328
25993.48,-6.479999999999563,22608.754
25993.49,-6.469999999997526,22463.672
25993.5,-6.459999999999127,22512.023
25993.51,-6.450000000000728,22366.992
25993.52,-6.43999999999869,22318.664
25993.53,-6.430000000000291,22318.664
25993.54,-6.419999999998254,22415.328
25993.55,-6.4099999999998545,22512.023
25993.56,-6.399999999997817,22608.754
25993.57,-6.389999999999418,22802.309
25993.58,-6.379999999997381,22657.131
25993.59,-6.369999999998981,22608.754
25993.6,-6.360000000000582,22463.672
25993.61,-6.349999999998545,22318.664
25993.62,-6.3400000000001455,22463.672
25993.63,-6.329999999998108,22318.664
25993.64,-6.319999999999709,22560.385
25993.65,-6.309999999997672,22608.754
25993.66,-6.299999999999272,22753.908
25993.67,-6.290000000000873,22463.672
25993.68,-6.279999999998836,22753.908
25993.69,-6.270000000000437,22560.385
25993.7,-6.259999999998399,22560.385
25993.71,-6.25,22415.328
25993.72,-6.239999999997963,22415.328
25993.73,-6.229999999999563,22415.328
25993.74,-6.219999999997526,22318.664
25993.75,-6.209999999999127,22560.385
25993.76,-6.200000000000728,22512.023
25993.77,-6.18999999999869,22657.131
25993.78,-6.180000000000291,22705.516
25993.79,-6.169999999998254,22608.754
25993.8,-6.1599999999998545,22512.023
25993.81,-6.149999999997817,22657.131
25993.82,-6.139999999999418,22318.664
25993.83,-6.129999999997381,22512.023
25993.84,-6.119999999998981,22705.516
25993.85,-6.110000000000582,22753.908
25993.86,-6.099999999998545,22657.131
25993.87,-6.0900000000001455,22753.908
25993.88,-6.079999999998108,22366.992
25993.89,-6.069999999999709,22657.131
25993.9,-6.059999999997672,22318.664
25993.91,-6.049999999999272,22222.031
25993.92,-6.040000000000873,22125.432
25993.93,-6.029999999998836,22415.328
25993.94,-6.020000000000437,22512.023
25993.95,-6.009999999998399,22753.908
25993.96,-6.0,22512.023
25993.97,-5.989999999997963,22415.328
25993.98,-5.979999999999563,22415.328
25993.99,-5.969999999997526,22463.672
25994.0,-5.959999999999127,22560.385
25994.01,-5.950000000000728,22608.754
25994.02,-5.93999999999869,22463.672
25994.03,-5.930000000000291,22463.672
25994.04,-5.919999999998254,22318.664
25994.05,-5.9099999999998545,22657.131
25994.06,-5.899999999997817,22512.023
25994.07,-5.889999999999418,22512.023
25994.08,-5.879999999997381,22366.992
25994.09,-5.869999999998981,22560.385
25994.1,-5.860000000000582,22366.992
25994.11,-5.849999999998545,22463.672
25994.12,-5.8400000000001455,22463.672
25994.13,-5.829999999998108,22318.664
25994.14,-5.819999999999709,22222.031
25994.15,-5.809999999997672,22270.344
25994.16,-5.799999999999272,22222.031
25994.17,-5.790000000000873,22415.328
25994.18,-5.779999999998836,22560.385
25994.19,-5.770000000000437,22463.672
25994.2,-5.759999999998399,22366.992
25994.21,-5.75,22415.328
25994.22,-5.739999999997963,22318.664
25994.23,-5.729999999999563,22415.328
25994.24,-5.719999999997526,22560.385
25994.25,-5.709999999999127,22415.328
25994.26,-5.700000000000728,22705.516
25994.27,-5.68999999999869,22657.131
25994.28,-5.680000000000291,22608.754
25994.29,-5.669999999998254,22512.023
25994.3,-5.6599999999998545,22560.385
25994.31,-5.649999999997817,22608.754
25994.32,-5.639999999999418,22318.664
25994.33,-5.629999999997381,22512.023
25994.34,-5.619999999998981,22463.672
25994.35,-5.610000000000582,22366.992
25994.36,-5.599999999998545,22512.023
25994.37,-5.5900000000001455,22705.516
25994.38,-5.579999999998108,22560.385
25994.39,-5.569999999999709,22560.385
25994.4,-5.559999999997672,22657.131
25994.41,-5.549999999999272,22560.385
25994.42,-5.540000000000873,22270.344
25994.43,-5.529999999998836,22366.992
25994.44,-5.520000000000437,22270.344
25994.45,-5.509999999998399,22463.672
25994.46,-5.5,22318.664
25994.47,-5.489999999997963,22560.385
25994.48,-5.479999999999563,22608.754
25994.49,-5.469999999997526,22560.385
25994.5,-5.459999999999127,22512.023
25994.51,-5.450000000000728,22318.664
25994.52,-5.43999999999869,22366.992
25994.53,-5.430000000000291,22318.664
25994.54,-5.419999999998254,22270.344
25994.55,-5.4099999999998545,22560.385
25994.56,-5.399999999997817,22512.023
25994.57,-5.389999999999418,22512.023
25994.58,-5.379999999997381,22512.023
25994.59,-5.369999999998981,22657.131
25994.6,-5.360000000000582,22608.754
25994.61,-5.349999999998545,22657.131
25994.62,-5.3400000000001455,22512.023
25994.63,-5.329999999998108,22463.672
25994.64,-5.319999999999709,22366.992
25994.65,-5.309999999997672,22366.992
25994.66,-5.299999999999272,22463.672
25994.67,-5.290000000000873,22415.328
25994.68,-5.279999999998836,22705.516
25994.69,-5.270000000000437,22705.516
25994.7,-5.259999999998399,22463.672
25994.71,-5.25,22753.908
25994.72,-5.239999999997963,22366.992
25994.73,-5.229999999999563,22270.344
25994.74,-5.219999999997526,22366.992
25994.75,-5.209999999999127,22366.992
25994.76,-5.200000000000728,22657.131
25994.77,-5.18999999999869,22657.131
25994.78,-5.180000000000291,22705.516
25994.79,-5.169999999998254,22753.908
25994.8,-5.1599999999998545,22753.908
25994.81,-5.149999999997817,22657.131
25994.82,-5.139999999999418,22560.385
25994.83,-5.129999999997381,22753.908
25994.84,-5.119999999998981,22463.672
25994.85,-5.110000000000582,22657.131
25994.86,-5.099999999998545,22366.992
25994.87,-5.0900000000001455,22222.031
25994.88,-5.079999999998108,22512.023
25994.89,-5.069999999999709,22753.908
25994.9,-5.059999999997672,22705.516
25994.91,-5.049999999999272,22850.719
25994.92,-5.040000000000873,22657.131
25994.93,-5.029999999998836,22657.131
25994.94,-5.020000000000437,22463.672
25994.95,-5.009999999998399,22415.328
25994.96,-5.0,22415.328
25994.97,-4.989999999997963,22415.328
25994.98,-4.979999999999563,22512.023
25994.99,-4.969999999997526,22560.385
25995.0,-4.959999999999127,22318.664
25995.01,-4.950000000000728,22705.516
25995.02,-4.93999999999869,22512.023
25995.03,-4.930000000000291,22415.328
25995.04,-4.919999999998254,22512.023
25995.05,-4.9099999999998545,22512.023
25995.06,-4.899999999997817,22366.992
25995.07,-4.889999999999418,22512.023
25995.08,-4.879999999997381,22415.328
25995.09,-4.869999999998981,22512.023
25995.1,-4.860000000000582,22560.385
25995.11,-4.849999999998545,22657.131
25995.12,-4.8400000000001455,22802.309
25995.13,-4.829999999998108,22560.385
25995.14,-4.819999999999709,22366.992
25995.15,-4.809999999997672,22222.031
25995.16,-4.799999999999272,22415.328
25995.17,-4.790000000000873,22366.992
25995.18,-4.779999999998836,22512.023
25995.19,-4.770000000000437,22705.516
25995.2,-4.759999999998399,22608.754
25995.21,-4.75,22705.516
25995.22,-4.739999999997963,22463.672
25995.23,-4.729999999999563,22415.328
25995.24,-4.719999999997526,22560.385
25995.25,-4.709999999999127,22560.385
25995.26,-4.700000000000728,22560.385
25995.27,-4.68999999999869,22512.023
25995.28,-4.680000000000291,22560.385
25995.29,-4.669999999998254,22463.672
25995.3,-4.6599999999998545,22318.664
25995.31,-4.649999999997817,22560.385
25995.32,-4.639999999999418,22705.516
25995.33,-4.629999999997381,22512.023
25995.34,-4.619999999998981,22512.023
25995.35,-4.610000000000582,22318.664
25995.36,-4.599999999998545,22512.023
25995.37,-4.5900000000001455,22560.385
25995.38,-4.579999999998108,22415.328
25995.39,-4.569999999999709,22753.908
25995.4,-4.559999999997672,22705.516
25995.41,-4.549999999999272,22850.719
25995.42,-4.540000000000873,22512.023
25995.43,-4.529999999998836,22753.908
25995.44,-4.520000000000437,22512.023
25995.45,-4.509999999998399,22753.908
25995.46,-4.5,22608.754
25995.47,-4.489999999997963,22657.131
25995.48,-4.479999999999563,22608.754
25995.49,-4.469999999997526,22366.992
25995.5,-4.459999999999127,22657.131
25995.51,-4.450000000000728,22415.328
25995.52,-4.43999999999869,22512.023
25995.53,-4.430000000000291,22512.023
25995.54,-4.419999999998254,22560.385
25995.55,-4.4099999999998545,22415.328
25995.56,-4.399999999997817,22512.023
25995.57,-4.389999999999418,22366.992
25995.58,-4.379999999997381,22463.672
25995.59,-4.369999999998981,22270.344
25995.6,-4.360000000000582,22415.328
25995.61,-4.349999999998545,22705.516
25995.62,-4.3400000000001455,22608.754
25995.63,-4.329999999998108,22463.672
25995.64,-4.319999999999709,22463.672
25995.65,-4.309999999997672,22560.385
25995.66,-4.299999999999272,22318.664
25995.67,-4.290000000000873,22222.031
25995.68,-4.279999999998836,22657.131
25995.69,-4.270000000000437,22222.031
25995.7,-4.259999999998399,22512.023
25995.71,-4.25,22705.516
25995.72,-4.239999999997963,22850.719
25995.73,-4.229999999999563,22512.023
25995.74,-4.219999999997526,22512.023
25995.75,-4.209999999999127,22705.516
25995.76,-4.200000000000728,22850.719
25995.77,-4.18999999999869,22753.908
25995.78,-4.180000000000291,22657.131
25995.79,-4.169999999998254,22657.131
25995.8,-4.1599999999998545,22512.023
25995.81,-4.149999999997817,22463.672
25995.82,-4.139999999999418,22705.516
25995.83,-4.129999999997381,22753.908
25995.84,-4.119999999998981,22512.023
25995.85,-4.110000000000582,22608.754
25995.86,-4.099999999998545,22415.328
25995.87,-4.0900000000001455,22415.328
25995.88,-4.079999999998108,22463.672
25995.89,-4.069999999999709,22608.754
25995.9,-4.059999999997672,22560.385
25995.91,-4.049999999999272,22560.385
25995.92,-4.040000000000873,22657.131
25995.93,-4.029999999998836,22608.754
25995.94,-4.020000000000437,22560.385
25995.95,-4.009999999998399,22850.719
25995.96,-4.0,22753.908
25995.97,-3.9899999999979627,22705.516
25995.98,-3.9799999999995634,22512.023
25995.99,-3.969999999997526,22270.344
25996.0,-3.959999999999127,22318.664
25996.01,-3.9500000000007276,22657.131
25996.02,-3.9399999999986903,22512.023
25996.03,-3.930000000000291,22415.328
25996.04,-3.9199999999982538,22657.131
25996.05,-3.9099999999998545,22512.023
25996.06,-3.899999999997817,22560.385
25996.07,-3.889999999999418,22512.023
25996.08,-3.8799999999973807,22463.672
25996.09,-3.8699999999989814,22366.992
25996.1,-3.860000000000582,22415.328
25996.11,-3.849999999998545,22512.023
25996.12,-3.8400000000001455,22657.131
25996.13,-3.8299999999981083,22705.516
25996.14,-3.819999999999709,22657.131
25996.15,-3.8099999999976717,22705.516
25996.16,-3.7999999999992724,22415.328
25996.17,-3.790000000000873,22608.754
25996.18,-3.779999999998836,22608.754
25996.19,-3.7700000000004366,22560.385
25996.2,-3.7599999999983993,22512.023
25996.21,-3.75,22125.432
25996.22,-3.7399999999979627,22415.328
25996.23,-3.7299999999995634,22657.131
25996.24,-3.719999999997526,22705.516
25996.25,-3.709999999999127,22753.908
25996.26,-3.7000000000007276,22657.131
25996.27,-3.6899999999986903,22608.754
25996.28,-3.680000000000291,22318.664
25996.29,-3.6699999999982538,22222.031
25996.3,-3.6599999999998545,22415.328
25996.31,-3.649999999997817,22415.328
25996.32,-3.639999999999418,22802.309
25996.33,-3.6299999999973807,22657.131
25996.34,-3.6199999999989814,22608.754
25996.35,-3.610000000000582,22512.023
25996.36,-3.599999999998545,22366.992
25996.37,-3.5900000000001455,22560.385
25996.38,-3.5799999999981083,22366.992
25996.39,-3.569999999999709,22657.131
25996.4,-3.5599999999976717,22318.664
25996.41,-3.5499999999992724,22366.992
25996.42,-3.540000000000873,22318.664
25996.43,-3.529999999998836,22560.385
25996.44,-3.5200000000004366,22657.131
25996.45,-3.5099999999983993,22753.908
25996.46,-3.5,22657.131
25996.47,-3.4899999999979627,22512.023
25996.48,-3.4799999999995634,22657.131
25996.49,-3.469999999997526,22705.516
25996.5,-3.459999999999127,22560.385
25996.51,-3.4500000000007276,22415.328
25996.52,-3.4399999999986903,22415.328
25996.53,-3.430000000000291,22802.309
25996.54,-3.4199999999982538,22463.672
25996.55,-3.4099999999998545,22560.385
25996.56,-3.399999999997817,22366.992
25996.57,-3.389999999999418,22608.754
25996.58,-3.3799999999973807,22463.672
25996.59,-3.3699999999989814,22415.328
25996.6,-3.360000000000582,22608.754
25996.61,-3.349999999998545,22366.992
25996.62,-3.3400000000001455,22415.328
25996.63,-3.3299999999981083,22415.328
25996.64,-3.319999999999709,22173.729
25996.65,-3.3099999999976717,22366.992
25996.66,-3.2999999999992724,22415.328
25996.67,-3.290000000000873,22560.385
25996.68,-3.279999999998836,22657.131
25996.69,-3.2700000000004366,22657.131
25996.7,-3.2599999999983993,22415.328
25996.71,-3.25,22560.385
25996.72,-3.2399999999979627,22560.385
25996.73,-3.2299999999995634,22318.664
25996.74,-3.219999999997526,22753.908
25996.75,-3.209999999999127,22947.563
25996.76,-3.2000000000007276,22560.385
25996.77,-3.1899999999986903,22512.023
25996.78,-3.180000000000291,22753.908
25996.79,-3.1699999999982538,22947.563
25996.8,-3.1599999999998545,22705.516
25996.81,-3.149999999997817,22560.385
25996.82,-3.139999999999418,22463.672
25996.83,-3.1299999999973807,22463.672
25996.84,-3.1199999999989814,22512.023
25996.85,-3.110000000000582,22899.137
25996.86,-3.099999999998545,22705.516
25996.87,-3.0900000000001455,22657.131
25996.88,-3.0799999999981083,22802.309
25996.89,-3.069999999999709,22705.516
25996.9,-3.0599999999976717,22705.516
25996.91,-3.0499999999992724,22560.385
25996.92,-3.040000000000873,22270.344
25996.93,-3.029999999998836,22318.664
25996.94,-3.0200000000004366,22560.385
25996.95,-3.0099999999983993,22753.908
25996.96,-3.0,22705.516
25996.97,-2.9899999999979627,22705.516
25996.98,-2.9799999999995634,22753.908
25996.99,-2.969999999997526,22560.385
25997.0,-2.959999999999127,22657.131
25997.01,-2.9500000000007276,22415.328
25997.02,-2.9399999999986903,22512.023
25997.03,-2.930000000000291,22705.516
25997.04,-2.9199999999982538,22608.754
25997.05,-2.9099999999998545,22657.131
25997.06,-2.899999999997817,22560.385
25997.07,-2.889999999999418,22560.385
25997.08,-2.8799999999973807,22608.754
25997.09,-2.8699999999989814,22560.385
25997.1,-2.860000000000582,22608.754
25997.11,-2.849999999998545,22512.023
25997.12,-2.8400000000001455,22463.672
25997.13,-2.8299999999981083,22512.023
25997.14,-2.819999999999709,22415.328
25997.15,-2.8099999999976717,22270.344
25997.16,-2.7999999999992724,22512.023
25997.17,-2.790000000000873,22850.719
25997.18,-2.779999999998836,22608.754
25997.19,-2.7700000000004366,22657.131
25997.2,-2.7599999999983993,22463.672
25997.21,-2.75,22560.385
25997.22,-2.7399999999979627,22512.023
25997.23,-2.7299999999995634,22608.754
25997.24,-2.719999999997526,22753.908
25997.25,-2.709999999999127,22657.131
25997.26,-2.7000000000007276,22657.131
25997.27,-2.6899999999986903,22657.131
25997.28,-2.680000000000291,22512.023
25997.29,-2.6699999999982538,22608.754
25997.3,-2.6599999999998545,22512.023
25997.31,-2.649999999997817,22560.385
25997.32,-2.639999999999418,22463.672
25997.33,-2.6299999999973807,22560.385
25997.34,-2.6199999999989814,22366.992
25997.35,-2.610000000000582,22366.992
25997.36,-2.599999999998545,22415.328
25997.37,-2.5900000000001455,22463.672
25997.38,-2.5799999999981083,22705.516
25997.39,-2.569999999999709,22512.023
25997.4,-2.5599999999976717,22463.672
25997.41,-2.5499999999992724,22608.754
25997.42,-2.540000000000873,22512.023
25997.43,-2.529999999998836,22560.385
25997.44,-2.5200000000004366,22318.664
25997.45,-2.5099999999983993,22463.672
25997.46,-2.5,22608.754
25997.47,-2.4899999999979627,22608.754
25997.48,-2.4799999999995634,22560.385
25997.49,-2.469999999997526,22705.516
25997.5,-2.459999999999127,22560.385
25997.51,-2.4500000000007276,22560.385
25997.52,-2.4399999999986903,22415.328
25997.53,-2.430000000000291,22463.672
25997.54,-2.4199999999982538,22512.023
25997.55,-2.4099999999998545,22657.131
25997.56,-2.399999999997817,22608.754
25997.57,-2.389999999999418,22705.516
25997.58,-2.3799999999973807,22753.908
25997.59,-2.3699999999989814,22705.516
25997.6,-2.360000000000582,22608.754
25997.61,-2.349999999998545,22753.908
25997.62,-2.3400000000001455,22608.754
25997.63,-2.3299999999981083,22415.328
25997.64,-2.319999999999709,22222.031
25997.65,-2.3099999999976717,22366.992
25997.66,-2.2999999999992724,22608.754
25997.67,-2.290000000000873,22463.672
25997.68,-2.279999999998836,22512.023
25997.69,-2.2700000000004366,22657.131
25997.7,-2.2599999999983993,22560.385
25997.71,-2.25,22366.992
25997.72,-2.2399999999979627,22463.672
25997.73,-2.2299999999995634,22560.385
25997.74,-2.219999999997526,22318.664
25997.75,-2.209999999999127,22608.754
25997.76,-2.2000000000007276,22560.385
25997.77,-2.1899999999986903,22512.023
25997.78,-2.180000000000291,22705.516
25997.79,-2.1699999999982538,22512.023
25997.8,-2.1599999999998545,22657.131
25997.81,-2.149999999997817,22657.131
25997.82,-2.139999999999418,22560.385
25997.83,-2.1299999999973807,22512.023
25997.84,-2.1199999999989814,22512.023
25997.85,-2.110000000000582,22512.023
25997.86,-2.099999999998545,22366.992
25997.87,-2.0900000000001455,22560.385
25997.88,-2.0799999999981083,22512.023
25997.89,-2.069999999999709,22608.754
25997.9,-2.0599999999976717,22753.908
25997.91,-2.0499999999992724,22560.385
25997.92,-2.040000000000873,22560.385
25997.93,-2.029999999998836,22608.754
25997.94,-2.0200000000004366,22608.754
25997.95,-2.0099999999983993,22608.754
25997.96,-2.0,22512.023
25997.97,-1.9899999999979627,22463.672
25997.98,-1.9799999999995634,22657.131
25997.99,-1.9699999999975262,22560.385
25998.0,-1.9599999999991269,22753.908
25998.01,-1.9500000000007276,22705.516
25998.02,-1.9399999999986903,22512.023
25998.03,-1.930000000000291,22705.516
25998.04,-1.9199999999982538,22753.908
25998.05,-1.9099999999998545,22608.754
25998.06,-1.8999999999978172,22512.023
25998.07,-1.889999999999418,22753.908
25998.08,-1.8799999999973807,22560.385
25998.09,-1.8699999999989814,22705.516
25998.1,-1.860000000000582,22608.754
25998.11,-1.8499999999985448,22608.754
25998.12,-1.8400000000001455,22463.672
25998.13,-1.8299999999981083,22318.664
25998.14,-1.819999999999709,22753.908
25998.15,-1.8099999999976717,22463.672
25998.16,-1.7999999999992724,22415.328
25998.17,-1.7900000000008731,22222.031
25998.18,-1.7799999999988358,22560.385
25998.19,-1.7700000000004366,22608.754
25998.2,-1.7599999999983993,22560.385
25998.21,-1.75,22463.672
25998.22,-1.7399999999979627,22415.328
25998.23,-1.7299999999995634,22753.908
25998.24,-1.7199999999975262,22366.992
25998.25,-1.7099999999991269,22463.672
25998.26,-1.7000000000007276,22415.328
25998.27,-1.6899999999986903,22415.328
25998.28,-1.680000000000291,22512.023
25998.29,-1.6699999999982538,22657.131
25998.3,-1.6599999999998545,22512.023
25998.31,-1.6499999999978172,22753.908
25998.32,-1.639999999999418,22560.385
25998.33,-1.6299999999973807,22463.672
25998.34,-1.6199999999989814,22512.023
25998.35,-1.610000000000582,22270.344
25998.36,-1.5999999999985448,22222.031
25998.37,-1.5900000000001455,22512.023
25998.38,-1.5799999999981083,22560.385
25998.39,-1.569999999999709,22318.664
25998.4,-1.5599999999976717,22366.992
25998.41,-1.5499999999992724,22415.328
25998.42,-1.5400000000008731,22463.672
25998.43,-1.5299999999988358,22463.672
25998.44,-1.5200000000004366,22366.992
25998.45,-1.5099999999983993,22318.664
25998.46,-1.5,22318.664
25998.47,-1.4899999999979627,22222.031
25998.48,-1.4799999999995634,22415.328
25998.49,-1.4699999999975262,22608.754
25998.5,-1.4599999999991269,22366.992
25998.51,-1.4500000000007276,22657.131
25998.52,-1.4399999999986903,22657.131
25998.53,-1.430000000000291,22560.385
25998.54,-1.4199999999982538,22512.023
25998.55,-1.4099999999998545,22850.719
25998.56,-1.3999999999978172,22560.385
25998.57,-1.389999999999418,22366.992
25998.58,-1.3799999999973807,22560.385
25998.59,-1.3699999999989814,22560.385
25998.6,-1.360000000000582,22560.385
25998.61,-1.3499999999985448,22463.672
25998.62,-1.3400000000001455,22512.023
25998.63,-1.3299999999981083,22560.385
25998.64,-1.319999999999709,22415.328
25998.65,-1.3099999999976717,22415.328
25998.66,-1.2999999999992724,22608.754
25998.67,-1.2900000000008731,22318.664
25998.68,-1.2799999999988358,22270.344
25998.69,-1.2700000000004366,21980.594
25998.7,-1.2599999999983993,22463.672
25998.71,-1.25,22705.516
25998.72,-1.2399999999979627,22512.023
25998.73,-1.2299999999995634,22512.023
25998.74,-1.2199999999975262,22608.754
25998.75,-1.2099999999991269,22753.908
25998.76,-1.2000000000007276,22560.385
25998.77,-1.1899999999986903,22415.328
25998.78,-1.180000000000291,22366.992
25998.79,-1.1699999999982538,22608.754
25998.8,-1.1599999999998545,22705.516
25998.81,-1.1499999999978172,22512.023
25998.82,-1.139999999999418,22705.516
25998.83,-1.1299999999973807,22608.754
25998.84,-1.1199999999989814,22415.328
25998.85,-1.110000000000582,22415.328
25998.86,-1.0999999999985448,22415.328
25998.87,-1.0900000000001455,22560.385
25998.88,-1.0799999999981083,22512.023
25998.89,-1.069999999999709,22270.344
25998.9,-1.0599999999976717,22270.344
25998.91,-1.0499999999992724,22753.908
25998.92,-1.0400000000008731,22415.328
25998.93,-1.0299999999988358,22657.131
25998.94,-1.0200000000004366,22318.664
25998.95,-1.0099999999983993,22705.516
25998.96,-1.0,22512.023
25998.97,-0.9899999999979627,22366.992
25998.98,-0.9799999999995634,22222.031
25998.99,-0.9699999999975262,22463.672
25999.0,-0.9599999999991269,22560.385
25999.01,-0.9500000000007276,22608.754
25999.02,-0.9399999999986903,22512.023
25999.03,-0.930000000000291,22512.023
25999.04,-0.9199999999982538,22512.023
25999.05,-0.9099999999998545,22366.992
25999.06,-0.8999999999978172,22415.328
25999.07,-0.8899999999994179,22512.023
25999.08,-0.8799999999973807,22560.385
25999.09,-0.8699999999989814,22318.664
25999.1,-0.8600000000005821,22512.023
25999.11,-0.8499999999985448,22318.664
25999.12,-0.8400000000001455,22366.992
25999.13,-0.8299999999981083,22512.023
25999.14,-0.819999999999709,22657.131
25999.15,-0.8099999999976717,22705.516
25999.16,-0.7999999999992724,22560.385
25999.17,-0.7900000000008731,22608.754
25999.18,-0.7799999999988358,22222.031
25999.19,-0.7700000000004366,22318.664
25999.2,-0.7599999999983993,22512.023
25999.21,-0.75,22512.023
25999.22,-0.7399999999979627,22705.516
25999.23,-0.7299999999995634,22512.023
25999.24,-0.7199999999975262,22608.754
25999.25,-0.7099999999991269,22560.385
25999.26,-0.7000000000007276,22463.672
25999.27,-0.6899999999986903,22415.328
25999.28,-0.680000000000291,22512.023
25999.29,-0.6699999999982538,22560.385
25999.3,-0.6599999999998545,22366.992
25999.31,-0.6499999999978172,22415.328
25999.32,-0.6399999999994179,22512.023
25999.33,-0.6299999999973807,22657.131
25999.34,-0.6199999999989814,22705.516
25999.35,-0.6100000000005821,22415.328
25999.36,-0.5999999999985448,22753.908
25999.37,-0.5900000000001455,22705.516
25999.38,-0.5799999999981083,22608.754
25999.39,-0.569999999999709,22366.992
25999.4,-0.5599999999976717,22173.729
25999.41,-0.5499999999992724,22318.664
25999.42,-0.5400000000008731,22463.672
25999.43,-0.5299999999988358,22512.023
25999.44,-0.5200000000004366,22318.664
25999.45,-0.5099999999983993,22560.385
25999.46,-0.5,22560.385
25999.47,-0.48999999999796273,22512.023
25999.48,-0.47999999999956344,22270.344
25999.49,-0.4699999999975262,22560.385
25999.5,-0.4599999999991269,22125.432
25999.51,-0.4500000000007276,23044.438
25999.52,-0.4399999999986903,22173.729
25999.53,-0.43000000000029104,21835.83
25999.54,-0.41999999999825377,21691.139
25999.55,-0.4099999999998545,21691.139
25999.56,-0.3999999999978172,21401.973
25999.57,-0.3899999999994179,21691.139
25999.58,-0.37999999999738066,23626.373
25999.59,-0.36999999999898137,24112.211
25999.6,-0.3600000000005821,23092.887
25999.61,-0.3499999999985448,23480.779
25999.62,-0.3400000000001455,24112.211
25999.63,-0.32999999999810825,24452.783
25999.64,-0.31999999999970896,24647.572
25999.65,-0.3099999999976717,24452.783
25999.66,-0.2999999999992724,24598.863
25999.67,-0.2900000000008731,24452.783
25999.68,-0.27999999999883585,24647.572
25999.69,-0.27000000000043656,24793.752
25999.7,-0.2599999999983993,24647.572
25999.71,-0.25,24745.018
25999.72,-0.23999999999796273,24696.291
25999.73,-0.22999999999956344,24598.863
25999.74,-0.21999999999752617,24793.752
25999.75,-0.20999999999912689,24793.752
25999.76,-0.2000000000007276,24891.244
25999.77,-0.18999999999869033,24598.863
25999.78,-0.18000000000029104,24891.244
25999.79,-0.16999999999825377,24793.752
25999.8,-0.15999999999985448,24842.494
25999.81,-0.1499999999978172,24745.018
25999.82,-0.13999999999941792,24940.002
25999.83,-0.12999999999738066,24647.572
25999.84,-0.11999999999898137,24891.244
25999.85,-0.11000000000058208,25037.545
25999.86,-0.09999999999854481,24842.494
25999.87,-0.09000000000014552,24988.77
25999.88,-0.07999999999810825,24988.77
25999.89,-0.06999999999970896,24842.494
25999.9,-0.059999999997671694,24842.494
25999.91,-0.049999999999272404,24891.244
25999.92,-0.040000000000873115,24745.018
25999.93,-0.029999999998835847,24745.018
25999.94,-0.020000000000436557,24745.018
25999.95,-0.00999999999839929,24696.291
25999.96,0.0,25086.328
25999.97,0.010000000002037268,24988.77
25999.98,0.020000000000436557,24940.002
25999.99,0.030000000002473826,24988.77
26000.0,0.040000000000873115,25037.545
26000.01,0.049999999999272404,24891.244
26000.02,0.06000000000130967,24842.494
26000.03,0.06999999999970896,24842.494
26000.04,0.08000000000174623,24842.494
26000.05,0.09000000000014552,24793.752
26000.06,0.10000000000218279,24745.018
26000.07,0.11000000000058208,24842.494
26000.08,0.12000000000261934,24647.572
26000.09,0.13000000000101863,24842.494
26000.1,0.13999999999941792,24842.494
26000.11,0.1500000000014552,24842.494
26000.12,0.15999999999985448,24988.77
26000.13,0.17000000000189175,24745.018
26000.14,0.18000000000029104,24696.291
26000.15,0.1900000000023283,24842.494
26000.16,0.2000000000007276,24793.752
26000.17,0.20999999999912689,24842.494
26000.18,0.22000000000116415,24891.244
26000.19,0.22999999999956344,24891.244
26000.2,0.2400000000016007,24842.494
26000.21,0.25,24940.002
26000.22,0.26000000000203727,24891.244
26000.23,0.27000000000043656,24842.494
26000.24,0.2800000000024738,25086.328
26000.25,0.2900000000008731,24940.002
26000.26,0.2999999999992724,24940.002
26000.27,0.3100000000013097,25037.545
26000.28,0.31999999999970896,24891.244
26000.29,0.33000000000174623,24842.494
26000.3,0.3400000000001455,24842.494
26000.31,0.3500000000021828,24842.494
26000.32,0.3600000000005821,24940.002
26000.33,0.37000000000261934,24940.002
26000.34,0.38000000000101863,24793.752
26000.35,0.3899999999994179,24842.494
26000.36,0.4000000000014552,24940.002
26000.37,0.4099999999998545,24842.494
26000.38,0.42000000000189175,24891.244
26000.39,0.43000000000029104,24647.572
26000.4,0.4400000000023283,24988.77
26000.41,0.4500000000007276,24940.002
26000.42,0.4599999999991269,24988.77
26000.43,0.47000000000116415,24842.494
26000.44,0.47999999999956344,24988.77
26000.45,0.4900000000016007,24842.494
26000.46,0.5,24842.494
26000.47,0.5100000000020373,24793.752
26000.48,0.5200000000004366,24988.77
26000.49,0.5300000000024738,24891.244
26000.5,0.5400000000008731,24696.291
26000.51,0.5499999999992724,24842.494
26000.52,0.5600000000013097,24647.572
26000.53,0.569999999999709,24940.002
26000.54,0.5800000000017462,24891.244
26000.55,0.5900000000001455,24842.494
26000.56,0.6000000000021828,24842.494
26000.57,0.6100000000005821,24940.002
26000.58,0.6200000000026193,24842.494
26000.59,0.6300000000010186,24842.494
26000.6,0.6399999999994179,24891.244
26000.61,0.6500000000014552,24940.002
26000.62,0.6599999999998545,24745.018
26000.63,0.6700000000018917,24842.494
26000.64,0.680000000000291,24842.494
26000.65,0.6900000000023283,24793.752
26000.66,0.7000000000007276,24793.752
26000.67,0.7099999999991269,24940.002
26000.68,0.7200000000011642,24842.494
26000.69,0.7299999999995634,25037.545
26000.7,0.7400000000016007,24696.291
26000.71,0.75,24988.77
26000.72,0.7600000000020373,24793.752
26000.73,0.7700000000004366,24647.572
26000.74,0.7800000000024738,24696.291
26000.75,0.7900000000008731,24842.494
26000.76,0.7999999999992724,24793.752
26000.77,0.8100000000013097,24988.77
26000.78,0.819999999999709,24842.494
26000.79,0.8300000000017462,24793.752
26000.8,0.8400000000001455,24793.752
26000.81,0.8500000000021828,24842.494
26000.82,0.8600000000005821,24842.494
26000.83,0.8700000000026193,24842.494
26000.84,0.8800000000010186,24745.018
26000.85,0.8899999999994179,24842.494
26000.86,0.9000000000014552,24598.863
26000.87,0.9099999999998545,24988.77
26000.88,0.9200000000018917,24745.018
26000.89,0.930000000000291,24696.291
26000.9,0.9400000000023283,24647.572
26000.91,0.9500000000007276,24696.291
26000.92,0.9599999999991269,24891.244
26000.93,0.9700000000011642,24793.752
26000.94,0.9799999999995634,24793.752
26000.95,0.9900000000016007,24696.291
26000.96,1.0,24647.572
26000.97,1.0100000000020373,24647.572
26000.98,1.0200000000004366,24891.244
26000.99,1.0300000000024738,24842.494
26001.0,1.0400000000008731,24793.752
26001.01,1.0499999999992724,24842.494
26001.02,1.0600000000013097,24793.752
26001.03,1.069999999999709,24842.494
26001.04,1.0800000000017462,24842.494
26001.05,1.0900000000001455,24647.572
26001.06,1.1000000000021828,24940.002
26001.07,1.110000000000582,24745.018
26001.08,1.1200000000026193,24647.572
26001.09,1.1300000000010186,24696.291
26001.1,1.139999999999418,24745.018
26001.11,1.1500000000014552,24891.244
26001.12,1.1599999999998545,24988.77
26001.13,1.1700000000018917,24940.002
26001.14,1.180000000000291,24842.494
26001.15,1.1900000000023283,25037.545
26001.16,1.2000000000007276,24696.291
26001.17,1.2099999999991269,24842.494
26001.18,1.2200000000011642,24891.244
26001.19,1.2299999999995634,24696.291
26001.2,1.2400000000016007,24745.018
26001.21,1.25,24842.494
26001.22,1.2600000000020373,24940.002
26001.23,1.2700000000004366,24647.572
26001.24,1.2800000000024738,24745.018
26001.25,1.2900000000008731,24891.244
26001.26,1.2999999999992724,24842.494
26001.27,1.3100000000013097,24842.494
26001.28,1.319999999999709,24647.572
26001.29,1.3300000000017462,24696.291
26001.3,1.3400000000001455,24647.572
26001.31,1.3500000000021828,24647.572
26001.32,1.360000000000582,24842.494
26001.33,1.3700000000026193,24696.291
26001.34,1.3800000000010186,24745.018
26001.35,1.389999999999418,24647.572
26001.36,1.4000000000014552,24793.752
26001.37,1.4099999999998545,24793.752
26001.38,1.4200000000018917,24745.018
26001.39,1.430000000000291,24745.018
26001.4,1.4400000000023283,24842.494
26001.41,1.4500000000007276,24988.77
26001.42,1.4599999999991269,24696.291
26001.43,1.4700000000011642,24745.018
26001.44,1.4799999999995634,24745.018
26001.45,1.4900000000016007,24842.494
26001.46,1.5,24891.244
26001.47,1.5100000000020373,24793.752
26001.48,1.5200000000004366,24891.244
26001.49,1.5300000000024738,24745.018
26001.5,1.5400000000008731,24696.291
26001.51,1.5499999999992724,24842.494
26001.52,1.5600000000013097,24891.244
26001.53,1.569999999999709,24793.752
26001.54,1.5800000000017462,24647.572
26001.55,1.5900000000001455,24696.291
26001.56,1.6000000000021828,24696.291
26001.57,1.610000000000582,24745.018
26001.58,1.6200000000026193,24745.018
26001.59,1.6300000000010186,24842.494
26001.6,1.639999999999418,24842.494
26001.61,1.6500000000014552,24940.002
26001.62,1.6599999999998545,24696.291
26001.63,1.6700000000018917,24793.752
26001.64,1.680000000000291,24745.018
26001.65,1.6900000000023283,24793.752
26001.66,1.7000000000007276,24842.494
26001.67,1.7099999999991269,24891.244
26001.68,1.7200000000011642,24842.494
26001.69,1.7299999999995634,24842.494
26001.7,1.7400000000016007,24598.863
26001.71,1.75,24647.572
26001.72,1.7600000000020373,24891.244
26001.73,1.7700000000004366,24696.291
26001.74,1.7800000000024738,24940.002
26001.75,1.7900000000008731,24647.572
26001.76,1.7999999999992724,24745.018
26001.77,1.8100000000013097,24647.572
26001.78,1.819999999999709,24745.018
26001.79,1.8300000000017462,24647.572
26001.8,1.8400000000001455,24842.494
26001.81,1.8500000000021828,24842.494
26001.82,1.860000000000582,24696.291
26001.83,1.8700000000026193,24745.018
26001.84,1.8800000000010186,24842.494
26001.85,1.889999999999418,24745.018
26001.86,1.9000000000014552,24647.572
26001.87,1.9099999999998545,24598.863
26001.88,1.9200000000018917,24842.494
26001.89,1.930000000000291,24745.018
26001.9,1.9400000000023283,24842.494
26001.91,1.9500000000007276,24891.244
26001.92,1.9599999999991269,24891.244
26001.93,1.9700000000011642,24988.77
26001.94,1.9799999999995634,24745.018
26001.95,1.9900000000016007,24891.244
26001.96,2.0,24842.494
26001.97,2.0100000000020373,24891.244
26001.98,2.0200000000004366,24842.494
26001.99,2.030000000002474,24793.752
26002.0,2.040000000000873,24745.018
26002.01,2.0499999999992724,24793.752
26002.02,2.0600000000013097,24793.752
26002.03,2.069999999999709,24940.002
26002.04,2.0800000000017462,24696.291
26002.05,2.0900000000001455,24647.572
26002.06,2.100000000002183,24940.002
26002.07,2.110000000000582,24793.752
26002.08,2.1200000000026193,24842.494
26002.09,2.1300000000010186,24647.572
26002.1,2.139999999999418,24891.244
26002.11,2.150000000001455,24696.291
26002.12,2.1599999999998545,24842.494
26002.13,2.1700000000018917,24891.244
26002.14,2.180000000000291,24745.018
26002.15,2.1900000000023283,24793.752
26002.16,2.2000000000007276,24745.018
26002.17,2.209999999999127,24647.572
26002.18,2.220000000001164,24842.494
26002.19,2.2299999999995634,24940.002
26002.2,2.2400000000016007,24842.494
26002.21,2.25,24891.244
26002.22,2.2600000000020373,24842.494
26002.23,2.2700000000004366,24598.863
26002.24,2.280000000002474,24598.863
26002.25,2.290000000000873,24696.291
26002.26,2.2999999999992724,24696.291
26002.27,2.3100000000013097,24696.291
26002.28,2.319999999999709,24793.752
26002.29,2.3300000000017462,24696.291
26002.3,2.3400000000001455,24696.291
26002.31,2.350000000002183,24842.494
26002.32,2.360000000000582,24793.752
26002.33,2.3700000000026193,24696.291
26002.34,2.3800000000010186,24647.572
26002.35,2.389999999999418,24647.572
26002.36,2.400000000001455,24647.572
26002.37,2.4099999999998545,24598.863
26002.38,2.4200000000018917,24842.494
26002.39,2.430000000000291,24891.244
26002.4,2.4400000000023283,24696.291
26002.41,2.4500000000007276,24842.494
26002.42,2.459999999999127,24891.244
26002.43,2.470000000001164,24842.494
26002.44,2.4799999999995634,24891.244
26002.45,2.4900000000016007,24696.291
26002.46,2.5,23674.92
26002.47,2.5100000000020373,23238.285
26002.48,2.5200000000004366,23092.887
26002.49,2.530000000002474,23092.887
26002.5,2.540000000000873,23529.301
26002.51,2.5499999999992724,23480.779
26002.52,2.5600000000013097,23480.779
26002.53,2.569999999999709,23626.373
26002.54,2.5800000000017462,23626.373
26002.55,2.5900000000001455,23626.373
26002.56,2.600000000002183,23286.768
26002.57,2.610000000000582,23480.779
26002.58,2.6200000000026193,23577.832
26002.59,2.6300000000010186,23529.301
26002.6,2.639999999999418,23432.264
26002.61,2.650000000001455,23626.373
26002.62,2.6599999999998545,23141.346
26002.63,2.6700000000018917,23092.887
26002.64,2.680000000000291,23723.475
26002.65,2.6900000000023283,23674.92
26002.66,2.7000000000007276,23674.92
26002.67,2.709999999999127,23869.189
26002.68,2.720000000001164,24014.979
26002.69,2.7299999999995634,23869.189
26002.7,2.7400000000016007,23723.475
26002.71,2.75,23820.611
26002.72,2.7600000000020373,23772.039
26002.73,2.7700000000004366,23966.375
26002.74,2.780000000002474,23869.189
26002.75,2.790000000000873,23674.92
26002.76,2.7999999999992724,23966.375
26002.77,2.8100000000013097,23917.777
26002.78,2.819999999999709,23189.811
26002.79,2.8300000000017462,23238.285
26002.8,2.8400000000001455,23723.475
26002.81,2.850000000002183,23674.92
26002.82,2.860000000000582,23723.475
26002.83,2.8700000000026193,23820.611
26002.84,2.8800000000010186,23869.189
26002.85,2.889999999999418,23723.475
26002.86,2.900000000001455,23869.189
26002.87,2.9099999999998545,23869.189
26002.88,2.9200000000018917,23966.375
26002.89,2.930000000000291,23869.189
26002.9,2.9400000000023283,24014.979
26002.91,2.9500000000007276,23869.189
26002.92,2.959999999999127,23820.611
26002.93,2.970000000001164,23772.039
26002.94,2.9799999999995634,23141.346
26002.95,2.9900000000016007,23092.887
26002.96,3.0,23432.264
26002.97,3.0100000000020373,23674.92
26002.98,3.0200000000004366,23674.92
26002.99,3.030000000002474,23529.301
26003.0,3.040000000000873,23723.475
26003.01,3.0499999999992724,23480.779
26003.02,3.0600000000013097,23674.92
26003.03,3.069999999999709,23820.611
26003.04,3.0800000000017462,23674.92
26003.05,3.0900000000001455,23674.92
26003.06,3.100000000002183,23626.373
26003.07,3.110000000000582,23577.832
26003.08,3.1200000000026193,23577.832
26003.09,3.1300000000010186,23141.346
26003.1,3.139999999999418,23383.758
26003.11,3.150000000001455,23626.373
26003.12,3.1599999999998545,23723.475
26003.13,3.1700000000018917,23917.777
26003.14,3.180000000000291,24112.211
26003.15,3.1900000000023283,23723.475
26003.16,3.2000000000007276,23674.92
26003.17,3.209999999999127,23869.189
26003.18,3.220000000001164,23820.611
26003.19,3.2299999999995634,24014.979
26003.2,3.2400000000016007,23869.189
26003.21,3.25,23869.189
26003.22,3.2600000000020373,23966.375
26003.23,3.2700000000004366,23869.189
26003.24,3.280000000002474,23723.475
26003.25,3.290000000000873,23238.285
26003.26,3.2999999999992724,23335.258
26003.27,3.3100000000013097,23480.779
26003.28,3.319999999999709,23917.777
26003.29,3.3300000000017462,23820.611
26003.3,3.3400000000001455,23820.611
26003.31,3.350000000002183,23772.039
26003.32,3.360000000000582,23529.301
26003.33,3.3700000000026193,23917.777
26003.34,3.3800000000010186,23674.92
26003.35,3.389999999999418,23772.039
26003.36,3.400000000001455,23820.611
26003.37,3.4099999999998545,23480.779
26003.38,3.4200000000018917,23674.92
26003.39,3.430000000000291,23966.375
26003.4,3.4400000000023283,23092.887
26003.41,3.4500000000007276,23335.258
26003.42,3.459999999999127,23674.92
26003.43,3.470000000001164,23820.611
26003.44,3.4799999999995634,23577.832
26003.45,3.4900000000016007,23869.189
26003.46,3.5,24063.592
26003.47,3.5100000000020373,23869.189
26003.48,3.5200000000004366,23820.611
26003.49,3.530000000002474,23772.039
26003.5,3.540000000000873,23723.475
26003.51,3.5499999999992724,23869.189
26003.52,3.5600000000013097,23869.189
26003.53,3.569999999999709,23820.611
26003.54,3.5800000000017462,23869.189
26003.55,3.5900000000001455,23772.039
26003.56,3.600000000002183,23044.438
26003.57,3.610000000000582,23626.373
26003.58,3.6200000000026193,23480.779
26003.59,3.6300000000010186,23820.611
26003.6,3.639999999999418,23723.475
26003.61,3.650000000001455,23723.475
26003.62,3.6599999999998545,23869.189
26003.63,3.6700000000018917,23772.039
26003.64,3.680000000000291,23917.777
26003.65,3.6900000000023283,23723.475
26003.66,3.7000000000007276,23772.039
26003.67,3.709999999999127,23674.92
26003.68,3.720000000001164,23723.475
26003.69,3.7299999999995634,23869.189
26003.7,3.7400000000016007,23674.92
26003.71,3.75,23286.768
26003.72,3.7600000000020373,23141.346
26003.73,3.7700000000004366,23432.264
26003.74,3.780000000002474,23577.832
26003.75,3.790000000000873,23674.92
26003.76,3.7999999999992724,23772.039
26003.77,3.8100000000013097,23869.189
26003.78,3.819999999999709,23917.777
26003.79,3.8300000000017462,23674.92
26003.8,3.8400000000001455,23820.611
26003.81,3.850000000002183,23772.039
26003.82,3.860000000000582,23820.611
26003.83,3.8700000000026193,23917.777
26003.84,3.8800000000010186,23820.611
26003.85,3.889999999999418,23772.039
26003.86,3.900000000001455,23626.373
26003.87,3.9099999999998545,23092.887
26003.88,3.9200000000018917,23383.758
26003.89,3.930000000000291,23480.779
26003.9,3.9400000000023283,23674.92
26003.91,3.9500000000007276,23820.611
26003.92,3.959999999999127,23772.039
26003.93,3.970000000001164,23869.189
26003.94,3.9799999999995634,23917.777
26003.95,3.9900000000016007,23674.92
26003.96,4.0,23869.189
26003.97,4.010000000002037,23917.777
26003.98,4.020000000000437,23674.92
26003.99,4.030000000002474,23674.92
26004.0,4.040000000000873,23966.375
26004.01,4.049999999999272,23674.92
26004.02,4.06000000000131,23238.285
26004.03,4.069999999999709,23092.887
26004.04,4.080000000001746,23480.779
26004.05,4.0900000000001455,23723.475
26004.06,4.100000000002183,23723.475
26004.07,4.110000000000582,23674.92
26004.08,4.120000000002619,23723.475
26004.09,4.130000000001019,23674.92
26004.1,4.139999999999418,23577.832
26004.11,4.150000000001455,23820.611
26004.12,4.1599999999998545,23723.475
26004.13,4.170000000001892,23577.832
26004.14,4.180000000000291,23626.373
26004.15,4.190000000002328,23626.373
26004.16,4.200000000000728,23674.92
26004.17,4.209999999999127,23723.475
26004.18,4.220000000001164,23141.346
26004.19,4.229999999999563,23480.779
26004.2,4.240000000001601,23480.779
26004.21,4.25,23626.373
26004.22,4.260000000002037,23626.373
26004.23,4.270000000000437,23674.92
26004.24,4.280000000002474,23820.611
26004.25,4.290000000000873,23772.039
26004.26,4.299999999999272,23674.92
26004.27,4.31000000000131,23626.373
26004.28,4.319999999999709,23772.039
26004.29,4.330000000001746,23869.189
26004.3,4.3400000000001455,23820.611
26004.31,4.350000000002183,23723.475
26004.32,4.360000000000582,23674.92
26004.33,4.370000000002619,23335.258
26004.34,4.380000000001019,23092.887
26004.35,4.389999999999418,23432.264
26004.36,4.400000000001455,23529.301
26004.37,4.4099999999998545,23626.373
26004.38,4.420000000001892,23772.039
26004.39,4.430000000000291,23674.92
26004.4,4.440000000002328,23723.475
26004.41,4.450000000000728,23723.475
26004.42,4.459999999999127,23723.475
26004.43,4.470000000001164,23772.039
26004.44,4.479999999999563,23432.264
26004.45,4.490000000001601,23723.475
26004.46,4.5,23820.611
26004.47,4.510000000002037,23723.475
26004.48,4.520000000000437,23820.611
26004.49,4.530000000002474,22899.137
26004.5,4.540000000000873,23141.346
26004.51,4.549999999999272,23529.301
26004.52,4.56000000000131,23723.475
26004.53,4.569999999999709,23626.373
26004.54,4.580000000001746,23577.832
26004.55,4.5900000000001455,23674.92
26004.56,4.600000000002183,23480.779
26004.57,4.610000000000582,23820.611
26004.58,4.620000000002619,23723.475
26004.59,4.630000000001019,23577.832
26004.6,4.639999999999418,23674.92
26004.61,4.650000000001455,23577.832
26004.62,4.6599999999998545,23480.779
26004.63,4.670000000001892,23820.611
26004.64,4.680000000000291,23383.758
26004.65,4.690000000002328,23189.811
26004.66,4.700000000000728,23432.264
26004.67,4.709999999999127,23529.301
26004.68,4.720000000001164,23723.475
26004.69,4.729999999999563,23820.611
26004.7,4.740000000001601,23674.92
26004.71,4.75,23820.611
26004.72,4.760000000002037,23674.92
26004.73,4.770000000000437,23723.475
26004.74,4.780000000002474,23723.475
26004.75,4.790000000000873,23869.189
26004.76,4.799999999999272,23917.777
26004.77,4.81000000000131,23772.039
26004.78,4.819999999999709,23529.301
26004.79,4.830000000001746,23480.779
26004.8,4.8400000000001455,23044.438
26004.81,4.850000000002183,23383.758
26004.82,4.860000000000582,23480.779
26004.83,4.870000000002619,23480.779
26004.84,4.880000000001019,23723.475
26004.85,4.889999999999418,23723.475
26004.86,4.900000000001455,23723.475
26004.87,4.9099999999998545,23820.611
26004.88,4.920000000001892,23723.475
26004.89,4.930000000000291,23480.779
26004.9,4.940000000002328,23820.611
26004.91,4.950000000000728,23674.92
26004.92,4.959999999999127,23723.475
26004.93,4.970000000001164,23674.92
26004.94,4.979999999999563,23529.301
26004.95,4.990000000001601,23480.779
26004.96,5.0,23238.285
26004.97,5.010000000002037,23529.301
26004.98,5.020000000000437,23529.301
26004.99,5.030000000002474,23674.92
26005.0,5.040000000000873,23820.611
26005.01,5.049999999999272,23529.301
26005.02,5.06000000000131,23626.373
26005.03,5.069999999999709,23577.832
26005.04,5.080000000001746,23674.92
26005.05,5.0900000000001455,23723.475
26005.06,5.100000000002183,23674.92
26005.07,5.110000000000582,23577.832
26005.08,5.120000000002619,23626.373
26005.09,5.130000000001019,23626.373
26005.1,5.139999999999418,23820.611
26005.11,5.150000000001455,23044.438
26005.12,5.1599999999998545,23432.264
26005.13,5.170000000001892,23626.373
26005.14,5.180000000000291,23674.92
26005.15,5.190000000002328,23626.373
26005.16,5.200000000000728,23674.92
26005.17,5.209999999999127,23772.039
26005.18,5.220000000001164,23820.611
26005.19,5.229999999999563,23577.832
26005.2,5.240000000001601,23674.92
26005.21,5.25,23820.611
26005.22,5.260000000002037,23723.475
26005.23,5.270000000000437,23820.611
26005.24,5.280000000002474,23723.475
26005.25,5.290000000000873,23869.189
26005.26,5.299999999999272,23286.768
26005.27,5.31000000000131,22947.563
26005.28,5.319999999999709,23092.887
26005.29,5.330000000001746,23480.779
26005.3,5.3400000000001455,23529.301
26005.31,5.350000000002183,23335.258
26005.32,5.360000000000582,23480.779
26005.33,5.370000000002619,23480.779
26005.34,5.380000000001019,23335.258
26005.35,5.389999999999418,23480.779
26005.36,5.400000000001455,23335.258
26005.37,5.4099999999998545,23480.779
26005.38,5.420000000001892,23529.301
26005.39,5.430000000000291,23335.258
26005.4,5.440000000002328,23674.92
26005.41,5.450000000000728,23432.264
26005.42,5.459999999999127,22802.309
26005.43,5.470000000001164,23141.346
26005.44,5.479999999999563,23286.768
26005.45,5.490000000001601,23577.832
26005.46,5.5,23480.779
26005.47,5.510000000002037,23674.92
26005.48,5.520000000000437,23432.264
26005.49,5.530000000002474,23480.779
26005.5,5.540000000000873,23432.264
26005.51,5.549999999999272,23529.301
26005.52,5.56000000000131,23674.92
26005.53,5.569999999999709,23674.92
26005.54,5.580000000001746,23577.832
26005.55,5.5900000000001455,23529.301
26005.56,5.600000000002183,23529.301
26005.57,5.610000000000582,23577.832
26005.58,5.620000000002619,23286.768
26005.59,5.630000000001019,23480.779
26005.6,5.639999999999418,23626.373
26005.61,5.650000000001455,23577.832
26005.62,5.6599999999998545,23577.832
26005.63,5.670000000001892,23869.189
26005.64,5.680000000000291,23674.92
26005.65,5.690000000002328,23723.475
26005.66,5.700000000000728,23772.039
26005.67,5.709999999999127,23723.475
26005.68,5.720000000001164,23674.92
26005.69,5.729999999999563,23723.475
26005.7,5.740000000001601,23577.832
26005.71,5.75,23869.189
26005.72,5.760000000002037,23820.611
26005.73,5.770000000000437,23286.768
26005.74,5.780000000002474,23238.285
26005.75,5.790000000000873,23383.758
26005.76,5.799999999999272,23723.475
26005.77,5.81000000000131,23626.373
26005.78,5.819999999999709,23772.039
26005.79,5.830000000001746,23917.777
26005.8,5.8400000000001455,23820.611
26005.81,5.850000000002183,23869.189
26005.82,5.860000000000582,23772.039
26005.83,5.870000000002619,23577.832
26005.84,5.880000000001019,23480.779
26005.85,5.889999999999418,23723.475
26005.86,5.900000000001455,23674.92
26005.87,5.9099999999998545,23772.039
26005.88,5.920000000001892,23626.373
26005.89,5.930000000000291,23141.346
26005.9,5.940000000002328,23432.264
26005.91,5.950000000000728,23480.779
26005.92,5.959999999999127,23723.475
26005.93,5.970000000001164,23917.777
26005.94,5.979999999999563,23820.611
26005.95,5.990000000001601,23820.611
26005.96,6.0,23772.039
26005.97,6.010000000002037,23966.375
26005.98,6.020000000000437,23626.373
26005.99,6.030000000002474,23723.475
26006.0,6.040000000000873,23723.475
26006.01,6.049999999999272,23772.039
26006.02,6.06000000000131,23869.189
26006.03,6.069999999999709,23772.039
26006.04,6.080000000001746,23432.264
26006.05,6.0900000000001455,23480.779
26006.06,6.100000000002183,23674.92
26006.07,6.110000000000582,23577.832
26006.08,6.120000000002619,23626.373
26006.09,6.130000000001019,23917.777
26006.1,6.139999999999418,23820.611
26006.11,6.150000000001455,23820.611
26006.12,6.1599999999998545,23626.373
26006.13,6.170000000001892,23772.039
26006.14,6.180000000000291,23869.189
26006.15,6.190000000002328,23772.039
26006.16,6.200000000000728,23723.475
26006.17,6.209999999999127,23577.832
26006.18,6.220000000001164,23869.189
26006.19,6.229999999999563,23577.832
26006.2,6.240000000001601,23189.811
26006.21,6.25,23480.779
26006.22,6.260000000002037,23674.92
26006.23,6.270000000000437,23674.92
26006.24,6.280000000002474,23723.475
26006.25,6.290000000000873,23674.92
26006.26,6.299999999999272,23820.611
26006.27,6.31000000000131,23674.92
26006.28,6.319999999999709,23577.832
26006.29,6.330000000001746,23772.039
26006.3,6.3400000000001455,23723.475
26006.31,6.350000000002183,23674.92
26006.32,6.360000000000582,23723.475
26006.33,6.370000000002619,23772.039
26006.34,6.380000000001019,23529.301
26006.35,6.389999999999418,23238.285
26006.36,6.400000000001455,23092.887
26006.37,6.4099999999998545,23286.768
26006.38,6.420000000001892,23529.301
26006.39,6.430000000000291,23577.832
26006.4,6.440000000002328,23480.779
26006.41,6.450000000000728,23674.92
26006.42,6.459999999999127,23723.475
26006.43,6.470000000001164,23674.92
26006.44,6.479999999999563,23480.779
26006.45,6.490000000001601,23723.475
26006.46,6.5,23723.475
26006.47,6.510000000002037,23626.373
26006.48,6.520000000000437,23723.475
26006.49,6.530000000002474,23820.611
26006.5,6.540000000000873,23626.373
26006.51,6.549999999999272,22947.563
26006.52,6.56000000000131,23189.811
26006.53,6.569999999999709,23432.264
26006.54,6.580000000001746,23529.301
26006.55,6.5900000000001455,23335.258
26006.56,6.600000000002183,23480.779
26006.57,6.610000000000582,23383.758
26006.58,6.620000000002619,23529.301
26006.59,6.630000000001019,23626.373
26006.6,6.639999999999418,23529.301
26006.61,6.650000000001455,23480.779
26006.62,6.6599999999998545,23626.373
26006.63,6.670000000001892,23772.039
26006.64,6.680000000000291,23480.779
26006.65,6.690000000002328,23529.301
26006.66,6.700000000000728,22947.563
26006.67,6.709999999999127,22899.137
26006.68,6.720000000001164,23529.301
26006.69,6.729999999999563,23626.373
26006.7,6.740000000001601,23480.779
26006.71,6.75,23480.779
26006.72,6.760000000002037,23723.475
26006.73,6.770000000000437,23723.475
26006.74,6.780000000002474,23626.373
26006.75,6.790000000000873,23577.832
26006.76,6.799999999999272,23674.92
26006.77,6.81000000000131,23820.611
26006.78,6.819999999999709,23723.475
26006.79,6.830000000001746,23674.92
26006.8,6.8400000000001455,23577.832
26006.81,6.850000000002183,23723.475
26006.82,6.860000000000582,22947.563
26006.83,6.870000000002619,23432.264
26006.84,6.880000000001019,23529.301
26006.85,6.889999999999418,23529.301
26006.86,6.900000000001455,23723.475
26006.87,6.9099999999998545,23723.475
26006.88,6.920000000001892,23917.777
26006.89,6.930000000000291,23723.475
26006.9,6.940000000002328,23577.832
26006.91,6.950000000000728,23674.92
26006.92,6.959999999999127,23480.779
26006.93,6.970000000001164,23529.301
26006.94,6.979999999999563,23820.611
26006.95,6.990000000001601,23723.475
26006.96,7.0,23577.832
26006.97,7.010000000002037,23189.811
26006.98,7.020000000000437,23238.285
26006.99,7.030000000002474,23432.264
26007.0,7.040000000000873,23577.832
26007.01,7.049999999999272,23820.611
26007.02,7.06000000000131,23626.373
26007.03,7.069999999999709,23869.189
26007.04,7.080000000001746,24014.979
26007.05,7.0900000000001455,23723.475
26007.06,7.100000000002183,23577.832
26007.07,7.110000000000582,23723.475
26007.08,7.120000000002619,23966.375
26007.09,7.130000000001019,23772.039
26007.1,7.139999999999418,23626.373
26007.11,7.150000000001455,23869.189
26007.12,7.1599999999998545,23869.189
26007.13,7.170000000001892,23044.438
26007.14,7.180000000000291,23189.811
26007.15,7.190000000002328,23383.758
26007.16,7.200000000000728,23383.758
26007.17,7.209999999999127,23480.779
26007.18,7.220000000001164,23383.758
26007.19,7.229999999999563,23480.779
26007.2,7.240000000001601,23480.779
26007.21,7.25,23480.779
26007.22,7.260000000002037,23723.475
26007.23,7.270000000000437,23335.258
26007.24,7.280000000002474,23480.779
26007.25,7.290000000000873,23529.301
26007.26,7.299999999999272,23529.301
26007.27,7.31000000000131,23480.779
26007.28,7.319999999999709,23238.285
26007.29,7.330000000001746,23286.768
26007.3,7.3400000000001455,23626.373
26007.31,7.350000000002183,23917.777
26007.32,7.360000000000582,23820.611
26007.33,7.370000000002619,23772.039
26007.34,7.380000000001019,23966.375
26007.35,7.389999999999418,23966.375
26007.36,7.400000000001455,23966.375
26007.37,7.4099999999998545,23820.611
26007.38,7.420000000001892,23820.611
26007.39,7.430000000000291,23820.611
26007.4,7.440000000002328,23966.375
26007.41,7.450000000000728,23966.375
26007.42,7.459999999999127,23917.777
26007.43,7.470000000001164,23917.777
26007.44,7.479999999999563,23626.373
26007.45,7.490000000001601,22560.385
26007.46,7.5,21691.139
26007.47,7.510000000002037,21546.52
26007.48,7.520000000000437,21498.33
26007.49,7.530000000002474,21498.33
26007.5,7.540000000000873,22463.672
26007.51,7.549999999999272,24014.979
26007.52,7.56000000000131,24112.211
26007.53,7.569999999999709,23432.264
26007.54,7.580000000001746,23820.611
26007.55,7.5900000000001455,24306.775
26007.56,7.600000000002183,24452.783
26007.57,7.610000000000582,24647.572
26007.58,7.620000000002619,24696.291
26007.59,7.630000000001019,24404.105
26007.6,7.639999999999418,24598.863
26007.61,7.650000000001455,24598.863
26007.62,7.6599999999998545,24647.572
26007.63,7.670000000001892,24598.863
26007.64,7.680000000000291,24501.469
26007.65,7.690000000002328,24501.469
26007.66,7.700000000000728,24745.018
26007.67,7.709999999999127,24745.018
26007.68,7.720000000001164,24355.436
26007.69,7.729999999999563,24598.863
26007.7,7.740000000001601,24550.162
26007.71,7.75,24501.469
26007.72,7.760000000002037,24647.572
26007.73,7.770000000000437,24550.162
26007.74,7.780000000002474,24647.572
26007.75,7.790000000000873,24745.018
26007.76,7.799999999999272,24745.018
26007.77,7.81000000000131,24696.291
26007.78,7.819999999999709,24550.162
26007.79,7.830000000001746,24696.291
26007.8,7.8400000000001455,24647.572
26007.81,7.850000000002183,24745.018
26007.82,7.860000000000582,24647.572
26007.83,7.870000000002619,24745.018
26007.84,7.880000000001019,24842.494
26007.85,7.889999999999418,24793.752
26007.86,7.900000000001455,24598.863
26007.87,7.9099999999998545,24550.162
26007.88,7.920000000001892,24745.018
26007.89,7.930000000000291,24696.291
26007.9,7.940000000002328,24647.572
26007.91,7.950000000000728,24647.572
26007.92,7.959999999999127,24745.018
26007.93,7.970000000001164,24842.494
26007.94,7.979999999999563,24745.018
26007.95,7.990000000001601,24598.863
26007.96,8.0,24842.494
26007.97,8.010000000002037,24647.572
26007.98,8.020000000000437,24696.291
26007.99,8.030000000002474,24647.572
26008.0,8.040000000000873,24745.018
26008.01,8.049999999999272,24988.77
26008.02,8.06000000000131,24647.572
26008.03,8.069999999999709,24598.863
26008.04,8.080000000001746,24598.863
26008.05,8.090000000000146,24891.244
26008.06,8.100000000002183,24647.572
26008.07,8.110000000000582,24745.018
26008.08,8.12000000000262,24793.752
26008.09,8.130000000001019,24647.572
26008.1,8.139999999999418,24745.018
26008.11,8.150000000001455,24647.572
26008.12,8.159999999999854,24793.752
26008.13,8.170000000001892,24745.018
26008.14,8.180000000000291,24745.018
26008.15,8.190000000002328,24891.244
26008.16,8.200000000000728,24940.002
26008.17,8.209999999999127,24793.752
26008.18,8.220000000001164,24647.572
26008.19,8.229999999999563,24745.018
26008.2,8.2400000000016,24696.291
26008.21,8.25,24647.572
26008.22,8.260000000002037,24891.244
26008.23,8.270000000000437,24696.291
26008.24,8.280000000002474,24745.018
26008.25,8.290000000000873,24647.572
26008.26,8.299999999999272,24696.291
26008.27,8.31000000000131,24696.291
26008.28,8.319999999999709,24647.572
26008.29,8.330000000001746,24793.752
26008.3,8.340000000000146,24745.018
26008.31,8.350000000002183,24696.291
26008.32,8.360000000000582,24647.572
26008.33,8.37000000000262,24696.291
26008.34,8.380000000001019,24598.863
26008.35,8.389999999999418,24696.291
26008.36,8.400000000001455,24696.291
26008.37,8.409999999999854,24696.291
26008.38,8.420000000001892,24793.752
26008.39,8.430000000000291,24842.494
26008.4,8.440000000002328,24696.291
26008.41,8.450000000000728,24647.572
26008.42,8.459999999999127,24793.752
26008.43,8.470000000001164,24647.572
26008.44,8.479999999999563,24696.291
26008.45,8.4900000000016,24891.244
26008.46,8.5,24696.291
26008.47,8.510000000002037,24793.752
26008.48,8.520000000000437,24745.018
26008.49,8.530000000002474,24793.752
26008.5,8.540000000000873,24696.291
26008.51,8.549999999999272,24891.244
26008.52,8.56000000000131,24745.018
26008.53,8.569999999999709,24696.291
26008.54,8.580000000001746,24696.291
26008.55,8.590000000000146,24501.469
26008.56,8.600000000002183,24647.572
26008.57,8.610000000000582,24793.752
26008.58,8.62000000000262,24745.018
26008.59,8.630000000001019,24793.752
26008.6,8.639999999999418,24842.494
26008.61,8.650000000001455,24891.244
26008.62,8.659999999999854,24842.494
26008.63,8.670000000001892,24793.752
26008.64,8.680000000000291,24793.752
26008.65,8.690000000002328,24891.244
26008.66,8.700000000000728,24598.863
26008.67,8.709999999999127,24550.162
26008.68,8.720000000001164,24793.752
26008.69,8.729999999999563,24891.244
26008.7,8.7400000000016,24647.572
26008.71,8.75,24793.752
26008.72,8.760000000002037,24793.752
26008.73,8.770000000000437,24842.494
26008.74,8.780000000002474,24745.018
26008.75,8.790000000000873,24842.494
26008.76,8.799999999999272,24647.572
26008.77,8.81000000000131,24745.018
26008.78,8.819999999999709,24745.018
26008.79,8.830000000001746,24647.572
26008.8,8.840000000000146,24793.752
26008.81,8.850000000002183,24891.244
26008.82,8.860000000000582,24598.863
26008.83,8.87000000000262,24745.018
26008.84,8.880000000001019,24842.494
26008.85,8.889999999999418,24745.018
26008.86,8.900000000001455,24647.572
26008.87,8.909999999999854,24793.752
26008.88,8.920000000001892,24745.018
26008.89,8.930000000000291,24647.572
26008.9,8.940000000002328,24842.494
26008.91,8.950000000000728,24793.752
26008.92,8.959999999999127,24842.494
26008.93,8.970000000001164,24647.572
26008.94,8.979999999999563,24842.494
26008.95,8.9900000000016,24598.863
26008.96,9.0,24745.018
26008.97,9.010000000002037,24647.572
26008.98,9.020000000000437,24696.291
26008.99,9.030000000002474,24598.863
26009.0,9.040000000000873,24696.291
26009.01,9.049999999999272,24696.291
26009.02,9.06000000000131,24891.244
26009.03,9.069999999999709,24696.291
26009.04,9.080000000001746,24647.572
26009.05,9.090000000000146,24647.572
26009.06,9.100000000002183,24745.018
26009.07,9.110000000000582,24793.752
26009.08,9.12000000000262,24793.752
26009.09,9.130000000001019,24550.162
26009.1,9.139999999999418,24842.494
26009.11,9.150000000001455,24793.752
26009.12,9.159999999999854,24793.752
26009.13,9.170000000001892,24793.752
26009.14,9.180000000000291,24550.162
26009.15,9.190000000002328,24647.572
26009.16,9.200000000000728,24647.572
26009.17,9.209999999999127,24550.162
26009.18,9.220000000001164,24891.244
26009.19,9.229999999999563,24501.469
26009.2,9.2400000000016,24793.752
26009.21,9.25,24696.291
26009.22,9.260000000002037,24696.291
26009.23,9.270000000000437,24793.752
26009.24,9.280000000002474,24647.572
26009.25,9.290000000000873,24793.752
26009.26,9.299999999999272,24647.572
26009.27,9.31000000000131,24550.162
26009.28,9.319999999999709,24793.752
26009.29,9.330000000001746,24745.018
26009.3,9.340000000000146,24745.018
26009.31,9.350000000002183,24696.291
26009.32,9.360000000000582,24696.291
26009.33,9.37000000000262,24891.244
26009.34,9.380000000001019,24745.018
26009.35,9.389999999999418,24647.572
26009.36,9.400000000001455,24647.572
26009.37,9.409999999999854,24793.752
26009.38,9.420000000001892,24842.494
26009.39,9.430000000000291,24696.291
26009.4,9.440000000002328,24745.018
26009.41,9.450000000000728,24647.572
26009.42,9.459999999999127,24842.494
26009.43,9.470000000001164,24598.863
26009.44,9.479999999999563,24647.572
26009.45,9.4900000000016,24696.291
26009.46,9.5,24793.752
26009.47,9.510000000002037,24793.752
26009.48,9.520000000000437,24696.291
26009.49,9.530000000002474,24745.018
26009.5,9.540000000000873,24647.572
26009.51,9.549999999999272,24696.291
26009.52,9.56000000000131,24842.494
26009.53,9.569999999999709,24696.291
26009.54,9.580000000001746,24696.291
26009.55,9.590000000000146,24696.291
26009.56,9.600000000002183,24793.752
26009.57,9.610000000000582,24598.863
26009.58,9.62000000000262,24891.244
26009.59,9.630000000001019,24647.572
26009.6,9.639999999999418,24745.018
26009.61,9.650000000001455,24598.863
26009.62,9.659999999999854,24891.244
26009.63,9.670000000001892,24598.863
26009.64,9.680000000000291,24696.291
26009.65,9.690000000002328,24940.002
26009.66,9.700000000000728,24842.494
26009.67,9.709999999999127,24793.752
26009.68,9.720000000001164,24598.863
26009.69,9.729999999999563,24647.572
26009.7,9.7400000000016,24696.291
26009.71,9.75,24696.291
26009.72,9.760000000002037,24647.572
26009.73,9.770000000000437,24598.863
26009.74,9.780000000002474,24745.018
26009.75,9.790000000000873,24793.752
26009.76,9.799999999999272,24842.494
26009.77,9.81000000000131,24647.572
26009.78,9.819999999999709,24647.572
26009.79,9.830000000001746,24842.494
26009.8,9.840000000000146,24745.018
26009.81,9.850000000002183,24842.494
26009.82,9.860000000000582,24647.572
26009.83,9.87000000000262,24696.291
26009.84,9.880000000001019,24647.572
26009.85,9.889999999999418,24696.291
26009.86,9.900000000001455,24891.244
26009.87,9.909999999999854,24793.752
26009.88,9.920000000001892,24891.244
26009.89,9.930000000000291,24696.291
26009.9,9.940000000002328,24891.244
26009.91,9.950000000000728,24745.018
26009.92,9.959999999999127,24647.572
26009.93,9.970000000001164,24891.244
26009.94,9.979999999999563,24647.572
26009.95,9.9900000000016,24501.469
26009.96,10.0,24550.162
26009.97,10.010000000002037,24745.018
26009.98,10.020000000000437,24891.244
26009.99,10.030000000002474,24696.291
26010.0,10.040000000000873,24793.752
26010.01,10.049999999999272,24501.469
26010.02,10.06000000000131,24891.244
26010.03,10.069999999999709,24647.572
26010.04,10.080000000001746,24647.572
26010.05,10.090000000000146,24598.863
26010.06,10.100000000002183,24598.863
26010.07,10.110000000000582,24696.291
26010.08,10.12000000000262,24842.494
26010.09,10.130000000001019,24647.572
26010.1,10.139999999999418,24745.018
26010.11,10.150000000001455,24891.244
26010.12,10.159999999999854,24647.572
26010.13,10.170000000001892,24842.494
26010.14,10.180000000000291,24793.752
26010.15,10.190000000002328,24940.002
26010.16,10.200000000000728,24745.018
26010.17,10.209999999999127,24550.162
26010.18,10.220000000001164,24842.494
26010.19,10.229999999999563,24842.494
26010.2,10.2400000000016,24696.291
26010.21,10.25,24793.752
26010.22,10.260000000002037,24745.018
26010.23,10.270000000000437,24793.752
26010.24,10.280000000002474,24745.018
26010.25,10.290000000000873,24842.494
26010.26,10.299999999999272,24988.77
26010.27,10.31000000000131,24647.572
26010.28,10.319999999999709,24793.752
26010.29,10.330000000001746,24891.244
26010.3,10.340000000000146,24745.018
26010.31,10.350000000002183,24696.291
26010.32,10.360000000000582,24598.863
26010.33,10.37000000000262,24793.752
26010.34,10.380000000001019,24745.018
26010.35,10.389999999999418,24793.752
26010.36,10.400000000001455,24647.572
26010.37,10.409999999999854,24842.494
26010.38,10.420000000001892,24258.121
26010.39,10.430000000000291,23480.779
26010.4,10.440000000002328,23238.285
26010.41,10.450000000000728,23044.438
26010.42,10.459999999999127,22850.719
26010.43,10.470000000001164,22753.908
26010.44,10.479999999999563,22753.908
26010.45,10.4900000000016,22463.672
26010.46,10.5,22705.516
26010.47,10.510000000002037,22850.719
26010.48,10.520000000000437,22657.131
26010.49,10.530000000002474,22657.131
26010.5,10.540000000000873,22657.131
26010.51,10.549999999999272,22608.754
26010.52,10.56000000000131,22415.328
26010.53,10.569999999999709,22657.131
26010.54,10.580000000001746,22705.516
26010.55,10.590000000000146,22802.309
26010.56,10.600000000002183,22850.719
26010.57,10.610000000000582,22512.023
26010.58,10.62000000000262,22560.385
26010.59,10.630000000001019,22415.328
26010.6,10.639999999999418,22608.754
26010.61,10.650000000001455,22512.023
26010.62,10.659999999999854,22608.754
26010.63,10.670000000001892,22608.754
26010.64,10.680000000000291,22463.672
26010.65,10.690000000002328,22657.131
26010.66,10.700000000000728,22512.023
26010.67,10.709999999999127,22463.672
26010.68,10.720000000001164,22608.754
26010.69,10.729999999999563,22415.328
26010.7,10.7400000000016,22850.719
26010.71,10.75,22608.754
26010.72,10.760000000002037,22657.131
26010.73,10.770000000000437,22705.516
26010.74,10.780000000002474,22657.131
26010.75,10.790000000000873,22753.908
26010.76,10.799999999999272,22318.664
26010.77,10.81000000000131,22463.672
26010.78,10.819999999999709,22512.023
26010.79,10.830000000001746,22560.385
26010.8,10.840000000000146,22608.754
26010.81,10.850000000002183,22318.664
26010.82,10.860000000000582,22366.992
26010.83,10.87000000000262,22270.344
26010.84,10.880000000001019,22463.672
26010.85,10.889999999999418,22318.664
26010.86,10.900000000001455,22463.672
26010.87,10.909999999999854,22560.385
26010.88,10.920000000001892,22657.131
26010.89,10.930000000000291,22657.131
26010.9,10.940000000002328,22657.131
26010.91,10.950000000000728,22657.131
26010.92,10.959999999999127,22705.516
26010.93,10.970000000001164,22512.023
26010.94,10.979999999999563,22657.131
26010.95,10.9900000000016,22366.992
26010.96,11.0,22657.131
26010.97,11.010000000002037,22366.992
26010.98,11.020000000000437,22222.031
26010.99,11.030000000002474,22366.992
26011.0,11.040000000000873,22463.672
26011.01,11.049999999999272,22366.992
26011.02,11.06000000000131,22463.672
26011.03,11.069999999999709,22608.754
26011.04,11.080000000001746,22415.328
26011.05,11.090000000000146,22366.992
26011.06,11.100000000002183,22463.672
26011.07,11.110000000000582,22222.031
26011.08,11.12000000000262,22366.992
26011.09,11.130000000001019,22512.023
26011.1,11.139999999999418,22415.328
26011.11,11.150000000001455,22608.754
26011.12,11.159999999999854,22705.516
26011.13,11.170000000001892,22657.131
26011.14,11.180000000000291,22608.754
26011.15,11.190000000002328,22415.328
26011.16,11.200000000000728,22560.385
26011.17,11.209999999999127,22270.344
26011.18,11.220000000001164,22560.385
26011.19,11.229999999999563,22753.908
26011.2,11.2400000000016,22463.672
26011.21,11.25,22608.754
26011.22,11.260000000002037,22753.908
26011.23,11.270000000000437,22753.908
26011.24,11.280000000002474,22560.385
26011.25,11.290000000000873,22512.023
26011.26,11.299999999999272,22657.131
26011.27,11.31000000000131,22463.672
26011.28,11.319999999999709,22415.328
26011.29,11.330000000001746,22512.023
26011.3,11.340000000000146,22657.131
26011.31,11.350000000002183,22753.908
26011.32,11.360000000000582,22512.023
26011.33,11.37000000000262,22463.672
26011.34,11.380000000001019,22512.023
26011.35,11.389999999999418,22366.992
26011.36,11.400000000001455,22415.328
26011.37,11.409999999999854,22657.131
26011.38,11.420000000001892,22366.992
26011.39,11.430000000000291,22415.328
26011.4,11.440000000002328,22560.385
26011.41,11.450000000000728,22608.754
26011.42,11.459999999999127,22753.908
26011.43,11.470000000001164,22657.131
26011.44,11.479999999999563,22608.754
26011.45,11.4900000000016,22705.516
26011.46,11.5,22802.309
26011.47,11.510000000002037,22560.385
26011.48,11.520000000000437,22608.754
26011.49,11.530000000002474,22705.516
26011.5,11.540000000000873,22415.328
26011.51,11.549999999999272,22463.672
26011.52,11.56000000000131,22657.131
26011.53,11.569999999999709,22657.131
26011.54,11.580000000001746,22899.137
26011.55,11.590000000000146,22657.131
26011.56,11.600000000002183,22415.328
26011.57,11.610000000000582,22415.328
26011.58,11.62000000000262,22560.385
26011.59,11.630000000001019,22318.664
26011.6,11.639999999999418,22318.664
26011.61,11.650000000001455,22560.385
26011.62,11.659999999999854,22512.023
26011.63,11.670000000001892,22705.516
26011.64,11.680000000000291,22512.023
26011.65,11.690000000002328,22657.131
26011.66,11.700000000000728,22657.131
26011.67,11.709999999999127,22512.023
26011.68,11.720000000001164,22512.023
26011.69,11.729999999999563,22318.664
26011.7,11.7400000000016,22463.672
26011.71,11.75,22318.664
26011.72,11.760000000002037,22463.672
26011.73,11.770000000000437,22657.131
26011.74,11.780000000002474,22512.023
26011.75,11.790000000000873,22512.023
26011.76,11.799999999999272,22753.908
26011.77,11.81000000000131,22415.328
26011.78,11.819999999999709,22657.131
26011.79,11.830000000001746,22560.385
26011.8,11.840000000000146,22318.664
26011.81,11.850000000002183,22608.754
26011.82,11.860000000000582,22560.385
26011.83,11.87000000000262,22802.309
26011.84,11.880000000001019,22705.516
26011.85,11.889999999999418,22657.131
26011.86,11.900000000001455,22415.328
26011.87,11.909999999999854,22366.992
26011.88,11.920000000001892,22173.729
26011.89,11.930000000000291,22366.992
26011.9,11.940000000002328,22270.344
26011.91,11.950000000000728,22173.729
26011.92,11.959999999999127,22415.328
26011.93,11.970000000001164,22657.131
26011.94,11.979999999999563,22753.908
26011.95,11.9900000000016,22560.385
26011.96,12.0,22705.516
26011.97,12.010000000002037,22657.131
26011.98,12.020000000000437,22753.908
26011.99,12.030000000002474,22608.754
26012.0,12.040000000000873,22850.719
26012.01,12.049999999999272,22802.309
26012.02,12.06000000000131,22560.385
26012.03,12.069999999999709,22705.516
26012.04,12.080000000001746,22705.516
26012.05,12.090000000000146,22657.131
26012.06,12.100000000002183,22512.023
26012.07,12.110000000000582,22560.385
26012.08,12.12000000000262,22415.328
26012.09,12.130000000001019,22753.908
26012.1,12.139999999999418,22366.992
26012.11,12.150000000001455,22366.992
26012.12,12.159999999999854,22512.023
26012.13,12.170000000001892,22705.516
26012.14,12.180000000000291,22753.908
26012.15,12.190000000002328,22802.309
26012.16,12.200000000000728,22753.908
26012.17,12.209999999999127,22657.131
26012.18,12.220000000001164,22608.754
26012.19,12.229999999999563,22463.672
26012.2,12.2400000000016,22463.672
26012.21,12.25,22173.729
26012.22,12.260000000002037,22318.664
26012.23,12.270000000000437,22270.344
26012.24,12.280000000002474,22512.023
26012.25,12.290000000000873,22560.385
26012.26,12.299999999999272,22512.023
26012.27,12.31000000000131,22415.328
26012.28,12.319999999999709,22463.672
26012.29,12.330000000001746,22463.672
26012.3,12.340000000000146,22512.023
26012.31,12.350000000002183,22173.729
26012.32,12.360000000000582,22560.385
26012.33,12.37000000000262,22512.023
26012.34,12.380000000001019,22415.328
26012.35,12.389999999999418,22415.328
26012.36,12.400000000001455,22463.672
26012.37,12.409999999999854,22463.672
26012.38,12.420000000001892,22318.664
26012.39,12.430000000000291,22463.672
26012.4,12.440000000002328,22318.664
26012.41,12.450000000000728,22512.023
26012.42,12.459999999999127,22318.664
26012.43,12.470000000001164,22415.328
26012.44,12.479999999999563,22512.023
26012.45,12.4900000000016,22608.754
26012.46,12.5,22608.754
26012.47,12.510000000002037,22512.023
26012.48,12.520000000000437,22512.023
26012.49,12.530000000002474,22657.131
26012.5,12.540000000000873,22463.672
26012.51,12.549999999999272,22608.754
26012.52,12.56000000000131,22463.672
26012.53,12.569999999999709,22560.385
26012.54,12.580000000001746,22512.023
26012.55,12.590000000000146,22802.309
26012.56,12.600000000002183,22512.023
26012.57,12.610000000000582,22463.672
26012.58,12.62000000000262,22512.023
26012.59,12.630000000001019,22512.023
26012.6,12.639999999999418,22512.023
26012.61,12.650000000001455,22463.672
26012.62,12.659999999999854,22366.992
26012.63,12.670000000001892,22463.672
26012.64,12.680000000000291,22802.309
26012.65,12.690000000002328,22753.908
26012.66,12.700000000000728,22463.672
26012.67,12.709999999999127,22415.328
26012.68,12.720000000001164,22657.131
26012.69,12.729999999999563,22560.385
26012.7,12.7400000000016,22608.754
26012.71,12.75,22512.023
26012.72,12.760000000002037,22512.023
26012.73,12.770000000000437,22270.344
26012.74,12.780000000002474,22318.664
26012.75,12.790000000000873,22512.023
26012.76,12.799999999999272,22512.023
26012.77,12.81000000000131,22463.672
26012.78,12.819999999999709,22125.432
26012.79,12.830000000001746,22366.992
26012.8,12.840000000000146,22366.992
26012.81,12.850000000002183,22463.672
26012.82,12.860000000000582,22415.328
26012.83,12.87000000000262,22366.992
26012.84,12.880000000001019,22318.664
26012.85,12.889999999999418,22366.992
26012.86,12.900000000001455,22560.385
26012.87,12.909999999999854,22463.672
26012.88,12.920000000001892,22415.328
26012.89,12.930000000000291,22657.131
26012.9,12.940000000002328,22560.385
26012.91,12.950000000000728,22463.672
26012.92,12.959999999999127,22173.729
26012.93,12.970000000001164,22415.328
26012.94,12.979999999999563,21980.594
26012.95,12.9900000000016,22463.672
26012.96,13.0,22753.908
26012.97,13.010000000002037,22512.023
26012.98,13.020000000000437,22608.754
26012.99,13.030000000002474,22657.131
26013.0,13.040000000000873,22512.023
26013.01,13.049999999999272,22560.385
26013.02,13.06000000000131,22560.385
26013.03,13.069999999999709,22366.992
26013.04,13.080000000001746,22318.664
26013.05,13.090000000000146,22753.908
26013.06,13.100000000002183,22463.672
26013.07,13.110000000000582,22608.754
26013.08,13.12000000000262,22802.309
26013.09,13.130000000001019,22657.131
26013.1,13.139999999999418,22463.672
26013.11,13.150000000001455,22463.672
26013.12,13.159999999999854,22270.344
26013.13,13.170000000001892,22366.992
26013.14,13.180000000000291,22222.031
26013.15,13.190000000002328,22512.023
26013.16,13.200000000000728,22705.516
26013.17,13.209999999999127,22366.992
26013.18,13.220000000001164,22753.908
26013.19,13.229999999999563,22657.131
26013.2,13.2400000000016,22560.385
26013.21,13.25,22657.131
26013.22,13.260000000002037,22463.672
26013.23,13.270000000000437,22560.385
26013.24,13.280000000002474,22463.672
26013.25,13.290000000000873,22657.131
26013.26,13.299999999999272,22657.131
26013.27,13.31000000000131,22560.385
26013.28,13.319999999999709,22415.328
26013.29,13.330000000001746,22415.328
26013.3,13.340000000000146,22753.908
26013.31,13.350000000002183,22512.023
26013.32,13.360000000000582,22657.131
26013.33,13.37000000000262,22415.328
26013.34,13.380000000001019,22512.023
26013.35,13.389999999999418,22560.385
26013.36,13.400000000001455,22415.328
26013.37,13.409999999999854,22705.516
26013.38,13.420000000001892,22366.992
26013.39,13.430000000000291,22753.908
26013.4,13.440000000002328,22753.908
26013.41,13.450000000000728,22512.023
26013.42,13.459999999999127,22512.023
26013.43,13.470000000001164,22512.023
26013.44,13.479999999999563,22318.664
26013.45,13.4900000000016,22366.992
26013.46,13.5,22318.664
26013.47,13.510000000002037,22512.023
26013.48,13.520000000000437,22463.672
26013.49,13.530000000002474,22705.516
26013.5,13.540000000000873,22318.664
26013.51,13.549999999999272,22512.023
26013.52,13.56000000000131,22512.023
26013.53,13.569999999999709,22560.385
26013.54,13.580000000001746,22657.131
26013.55,13.590000000000146,22560.385
26013.56,13.600000000002183,22657.131
26013.57,13.610000000000582,22512.023
26013.58,13.62000000000262,22657.131
26013.59,13.630000000001019,22705.516
26013.6,13.639999999999418,22657.131
26013.61,13.650000000001455,22753.908
26013.62,13.659999999999854,22608.754
26013.63,13.670000000001892,22415.328
26013.64,13.680000000000291,22560.385
26013.65,13.690000000002328,22415.328
26013.66,13.700000000000728,22608.754
26013.67,13.709999999999127,22463.672
26013.68,13.720000000001164,22512.023
26013.69,13.729999999999563,22608.754
26013.7,13.7400000000016,22753.908
26013.71,13.75,22753.908
26013.72,13.760000000002037,22753.908
26013.73,13.770000000000437,22366.992
26013.74,13.780000000002474,22657.131
26013.75,13.790000000000873,22512.023
26013.76,13.799999999999272,22415.328
26013.77,13.81000000000131,22463.672
26013.78,13.819999999999709,22608.754
26013.79,13.830000000001746,22705.516
26013.8,13.840000000000146,22560.385
26013.81,13.850000000002183,22318.664
26013.82,13.860000000000582,22463.672
26013.83,13.87000000000262,22270.344
26013.84,13.880000000001019,22173.729
26013.85,13.889999999999418,22463.672
26013.86,13.900000000001455,22366.992
26013.87,13.909999999999854,22366.992
26013.88,13.920000000001892,22222.031
26013.89,13.930000000000291,22512.023
26013.9,13.940000000002328,22560.385
26013.91,13.950000000000728,22560.385
26013.92,13.959999999999127,22512.023
26013.93,13.970000000001164,22705.516
26013.94,13.979999999999563,22560.385
26013.95,13.9900000000016,22608.754
26013.96,14.0,22415.328
26013.97,14.010000000002037,22366.992
26013.98,14.020000000000437,22318.664
26013.99,14.030000000002474,22415.328
26014.0,14.040000000000873,22415.328
26014.01,14.049999999999272,22463.672
26014.02,14.06000000000131,22560.385
26014.03,14.069999999999709,22366.992
26014.04,14.080000000001746,22512.023
26014.05,14.090000000000146,22463.672
26014.06,14.100000000002183,22463.672
26014.07,14.110000000000582,22512.023
26014.08,14.12000000000262,22415.328
26014.09,14.130000000001019,22463.672
26014.1,14.139999999999418,22608.754
26014.11,14.150000000001455,22512.023
26014.12,14.159999999999854,22753.908
26014.13,14.170000000001892,22512.023
26014.14,14.180000000000291,22512.023
26014.15,14.190000000002328,22657.131
26014.16,14.200000000000728,22366.992
26014.17,14.209999999999127,22270.344
26014.18,14.220000000001164,22415.328
26014.19,14.229999999999563,22270.344
26014.2,14.2400000000016,22415.328
26014.21,14.25,22415.328
26014.22,14.260000000002037,22753.908
26014.23,14.270000000000437,22560.385
26014.24,14.280000000002474,22560.385
26014.25,14.290000000000873,22608.754
26014.26,14.299999999999272,22512.023
26014.27,14.31000000000131,22318.664
26014.28,14.319999999999709,22560.385
26014.29,14.330000000001746,22512.023
26014.3,14.340000000000146,22512.023
26014.31,14.350000000002183,22705.516
26014.32,14.360000000000582,22899.137
26014.33,14.37000000000262,22560.385
26014.34,14.380000000001019,22608.754
26014.35,14.389999999999418,22560.385
26014.36,14.400000000001455,22318.664
26014.37,14.409999999999854,22366.992
26014.38,14.420000000001892,22366.992
26014.39,14.430000000000291,22463.672
26014.4,14.440000000002328,22366.992
26014.41,14.450000000000728,22415.328
26014.42,14.459999999999127,22512.023
26014.43,14.470000000001164,22608.754
26014.44,14.479999999999563,22608.754
26014.45,14.4900000000016,22753.908
26014.46,14.5,22512.023
26014.47,14.510000000002037,22463.672
26014.48,14.520000000000437,22608.754
26014.49,14.530000000002474,22512.023
26014.5,14.540000000000873,22415.328
26014.51,14.549999999999272,22222.031
26014.52,14.56000000000131,22415.328
26014.53,14.569999999999709,22560.385
26014.54,14.580000000001746,22463.672
26014.55,14.590000000000146,22318.664
26014.56,14.600000000002183,22802.309
26014.57,14.610000000000582,22850.719
26014.58,14.62000000000262,22705.516
26014.59,14.630000000001019,22512.023
26014.6,14.639999999999418,22657.131
26014.61,14.650000000001455,22463.672
26014.62,14.659999999999854,22560.385
26014.63,14.670000000001892,22657.131
26014.64,14.680000000000291,22850.719
26014.65,14.690000000002328,22802.309
26014.66,14.700000000000728,22705.516
26014.67,14.709999999999127,22608.754
26014.68,14.720000000001164,22608.754
26014.69,14.729999999999563,22753.908
26014.7,14.7400000000016,22222.031
26014.71,14.75,22560.385
26014.72,14.760000000002037,22318.664
26014.73,14.770000000000437,22512.023
26014.74,14.780000000002474,22512.023
26014.75,14.790000000000873,22560.385
26014.76,14.799999999999272,22705.516
26014.77,14.81000000000131,22657.131
26014.78,14.819999999999709,22415.328
26014.79,14.830000000001746,22318.664
26014.8,14.840000000000146,22512.023
26014.81,14.850000000002183,22608.754
26014.82,14.860000000000582,22512.023
26014.83,14.87000000000262,22318.664
26014.84,14.880000000001019,22560.385
26014.85,14.889999999999418,22850.719
26014.86,14.900000000001455,22463.672
26014.87,14.909999999999854,22222.031
26014.88,14.920000000001892,22366.992
26014.89,14.930000000000291,22366.992
26014.9,14.940000000002328,22222.031
26014.91,14.950000000000728,22270.344
26014.92,14.959999999999127,22366.992
26014.93,14.970000000001164,22415.328
26014.94,14.979999999999563,22512.023
26014.95,14.9900000000016,22463.672
26014.96,15.0,22463.672
26014.97,15.010000000002037,22560.385
26014.98,15.020000000000437,22463.672
26014.99,15.030000000002474,22560.385
26015.0,15.040000000000873,22318.664
26015.01,15.049999999999272,22463.672
26015.02,15.06000000000131,22366.992
26015.03,15.069999999999709,22560.385
26015.04,15.080000000001746,22366.992
26015.05,15.090000000000146,22125.432
26015.06,15.100000000002183,22270.344
26015.07,15.110000000000582,22125.432
26015.08,15.12000000000262,22318.664
26015.09,15.130000000001019,22028.865
26015.1,15.139999999999418,22270.344
26015.11,15.150000000001455,22318.664
26015.12,15.159999999999854,22366.992
26015.13,15.170000000001892,22270.344
26015.14,15.180000000000291,22366.992
26015.15,15.190000000002328,22222.031
26015.16,15.200000000000728,22657.131
26015.17,15.209999999999127,22270.344
26015.18,15.220000000001164,22512.023
26015.19,15.229999999999563,22318.664
26015.2,15.2400000000016,22463.672
26015.21,15.25,22222.031
26015.22,15.260000000002037,22125.432
26015.23,15.270000000000437,22318.664
26015.24,15.280000000002474,22173.729
26015.25,15.290000000000873,22222.031
26015.26,15.299999999999272,22415.328
26015.27,15.31000000000131,22318.664
26015.28,15.319999999999709,22512.023
26015.29,15.330000000001746,22608.754
26015.3,15.340000000000146,22705.516
26015.31,15.350000000002183,22415.328
26015.32,15.360000000000582,22657.131
26015.33,15.37000000000262,22463.672
26015.34,15.380000000001019,22318.664
26015.35,15.389999999999418,22512.023
26015.36,15.400000000001455,22657.131
26015.37,15.409999999999854,22947.563
26015.38,15.420000000001892,22705.516
26015.39,15.430000000000291,22705.516
26015.4,15.440000000002328,22463.672
26015.41,15.450000000000728,22560.385
26015.42,15.459999999999127,22415.328
26015.43,15.470000000001164,22512.023
26015.44,15.479999999999563,22463.672
26015.45,15.4900000000016,22415.328
26015.46,15.5,22560.385
26015.47,15.510000000002037,22560.385
26015.48,15.520000000000437,22608.754
26015.49,15.530000000002474,22463.672
26015.5,15.540000000000873,22415.328
26015.51,15.549999999999272,22608.754
26015.52,15.56000000000131,22415.328
26015.53,15.569999999999709,22270.344
26015.54,15.580000000001746,22512.023
26015.55,15.590000000000146,22512.023
26015.56,15.600000000002183,22318.664
26015.57,15.610000000000582,22270.344
26015.58,15.62000000000262,22366.992
26015.59,15.630000000001019,22560.385
26015.6,15.639999999999418,22657.131
26015.61,15.650000000001455,22318.664
26015.62,15.659999999999854,22463.672
26015.63,15.670000000001892,22463.672
26015.64,15.680000000000291,22512.023
26015.65,15.690000000002328,22705.516
26015.66,15.700000000000728,22512.023
26015.67,15.709999999999127,22463.672
26015.68,15.720000000001164,22608.754
26015.69,15.729999999999563,22657.131
26015.7,15.7400000000016,22657.131
26015.71,15.75,22608.754
26015.72,15.760000000002037,22608.754
26015.73,15.770000000000437,22512.023
26015.74,15.780000000002474,22366.992
26015.75,15.790000000000873,22318.664
26015.76,15.799999999999272,22318.664
26015.77,15.81000000000131,22415.328
26015.78,15.819999999999709,22270.344
26015.79,15.830000000001746,22318.664
26015.8,15.840000000000146,22366.992
26015.81,15.850000000002183,22318.664
26015.82,15.860000000000582,22463.672
26015.83,15.87000000000262,22512.023
26015.84,15.880000000001019,22366.992
26015.85,15.889999999999418,22463.672
26015.86,15.900000000001455,22560.385
26015.87,15.909999999999854,22753.908
26015.88,15.920000000001892,22318.664
26015.89,15.930000000000291,22657.131
26015.9,15.940000000002328,22608.754
26015.91,15.950000000000728,22753.908
26015.92,15.959999999999127,22318.664
26015.93,15.970000000001164,22318.664
26015.94,15.979999999999563,22318.664
26015.95,15.9900000000016,22270.344
26015.96,16.0,22270.344
26015.97,16.010000000002037,22318.664
26015.98,16.020000000000437,22512.023
26015.99,16.030000000002474,22318.664
26016.0,16.040000000000873,22560.385
26016.01,16.049999999999272,22512.023
26016.02,16.06000000000131,22512.023
26016.03,16.06999999999971,22415.328
26016.04,16.080000000001746,22512.023
26016.05,16.090000000000146,22318.664
26016.06,16.100000000002183,22366.992
26016.07,16.110000000000582,22318.664
26016.08,16.12000000000262,22705.516
26016.09,16.13000000000102,22512.023
26016.1,16.139999999999418,22512.023
26016.11,16.150000000001455,22560.385
26016.12,16.159999999999854,22657.131
26016.13,16.17000000000189,22657.131
26016.14,16.18000000000029,22512.023
26016.15,16.19000000000233,22415.328
26016.16,16.200000000000728,22366.992
26016.17,16.209999999999127,22270.344
26016.18,16.220000000001164,22318.664
26016.19,16.229999999999563,22463.672
26016.2,16.2400000000016,22705.516
26016.21,16.25,22512.023
26016.22,16.260000000002037,22560.385
26016.23,16.270000000000437,22415.328
26016.24,16.280000000002474,22318.664
26016.25,16.290000000000873,22608.754
26016.26,16.299999999999272,22560.385
26016.27,16.31000000000131,22415.328
26016.28,16.31999999999971,22222.031
26016.29,16.330000000001746,22366.992
26016.3,16.340000000000146,22415.328
26016.31,16.350000000002183,22415.328
26016.32,16.360000000000582,22560.385
26016.33,16.37000000000262,22512.023
26016.34,16.38000000000102,22318.664
26016.35,16.389999999999418,22463.672
26016.36,16.400000000001455,22608.754
26016.37,16.409999999999854,22560.385
26016.38,16.42000000000189,22318.664
26016.39,16.43000000000029,22657.131
26016.4,16.44000000000233,22608.754
26016.41,16.450000000000728,22753.908
26016.42,16.459999999999127,22608.754
26016.43,16.470000000001164,22657.131
26016.44,16.479999999999563,22512.023
26016.45,16.4900000000016,22608.754
26016.46,16.5,22560.385
26016.47,16.510000000002037,22415.328
26016.48,16.520000000000437,22318.664
26016.49,16.530000000002474,22463.672
26016.5,16.540000000000873,22512.023
26016.51,16.549999999999272,22366.992
26016.52,16.56000000000131,22608.754
26016.53,16.56999999999971,22608.754
26016.54,16.580000000001746,22512.023
26016.55,16.590000000000146,22463.672
26016.56,16.600000000002183,22608.754
26016.57,16.610000000000582,22463.672
26016.58,16.62000000000262,22463.672
26016.59,16.63000000000102,22415.328
26016.6,16.639999999999418,22512.023
26016.61,16.650000000001455,22560.385
26016.62,16.659999999999854,22560.385
26016.63,16.67000000000189,22415.328
26016.64,16.68000000000029,22415.328
26016.65,16.69000000000233,22415.328
26016.66,16.700000000000728,22318.664
26016.67,16.709999999999127,22270.344
26016.68,16.720000000001164,22415.328
26016.69,16.729999999999563,22512.023
26016.7,16.7400000000016,22705.516
26016.71,16.75,22657.131
26016.72,16.760000000002037,22753.908
26016.73,16.770000000000437,22560.385
26016.74,16.780000000002474,22608.754
26016.75,16.790000000000873,22560.385
26016.76,16.799999999999272,22657.131
26016.77,16.81000000000131,22657.131
26016.78,16.81999999999971,22512.023
26016.79,16.830000000001746,22463.672
26016.8,16.840000000000146,22415.328
26016.81,16.850000000002183,22512.023
26016.82,16.860000000000582,22512.023
26016.83,16.87000000000262,22415.328
26016.84,16.88000000000102,22222.031
26016.85,16.889999999999418,22366.992
26016.86,16.900000000001455,22173.729
26016.87,16.909999999999854,22463.672
26016.88,16.92000000000189,22463.672
26016.89,16.93000000000029,22560.385
26016.9,16.94000000000233,22318.664
26016.91,16.950000000000728,22560.385
26016.92,16.959999999999127,22415.328
26016.93,16.970000000001164,22705.516
26016.94,16.979999999999563,22657.131
26016.95,16.9900000000016,22753.908
26016.96,17.0,22512.023
26016.97,17.010000000002037,22657.131
26016.98,17.020000000000437,22415.328
26016.99,17.030000000002474,22270.344
26017.0,17.040000000000873,22366.992
26017.01,17.049999999999272,22125.432
26017.02,17.06000000000131,22270.344
26017.03,17.06999999999971,22366.992
26017.04,17.080000000001746,22415.328
26017.05,17.090000000000146,22318.664
26017.06,17.100000000002183,22415.328
26017.07,17.110000000000582,22657.131
26017.08,17.12000000000262,22366.992
26017.09,17.13000000000102,22366.992
26017.1,17.139999999999418,22608.754
26017.11,17.150000000001455,22077.145
26017.12,17.159999999999854,22125.432
26017.13,17.17000000000189,22463.672
26017.14,17.18000000000029,22608.754
26017.15,17.19000000000233,22705.516
26017.16,17.200000000000728,22608.754
26017.17,17.209999999999127,22560.385
26017.18,17.220000000001164,22512.023
26017.19,17.229999999999563,22366.992
26017.2,17.2400000000016,22463.672
26017.21,17.25,22463.672
26017.22,17.260000000002037,22415.328
26017.23,17.270000000000437,22415.328
26017.24,17.280000000002474,22705.516
26017.25,17.290000000000873,22705.516
26017.26,17.299999999999272,22512.023
26017.27,17.31000000000131,22512.023
26017.28,17.31999999999971,22608.754
26017.29,17.330000000001746,22512.023
26017.3,17.340000000000146,22415.328
26017.31,17.350000000002183,22415.328
26017.32,17.360000000000582,22415.328
26017.33,17.37000000000262,22366.992
26017.34,17.38000000000102,22318.664
26017.35,17.389999999999418,22415.328
26017.36,17.400000000001455,22560.385
26017.37,17.409999999999854,22512.023
26017.38,17.42000000000189,22463.672
26017.39,17.43000000000029,22415.328
26017.4,17.44000000000233,22415.328
26017.41,17.450000000000728,22463.672
26017.42,17.459999999999127,22512.023
26017.43,17.470000000001164,22512.023
26017.44,17.479999999999563,22463.672
26017.45,17.4900000000016,22657.131
26017.46,17.5,22753.908
26017.47,17.510000000002037,22850.719
26017.48,17.520000000000437,22463.672
26017.49,17.530000000002474,22512.023
26017.5,17.540000000000873,22705.516
26017.51,17.549999999999272,22560.385
26017.52,17.56000000000131,22366.992
26017.53,17.56999999999971,22318.664
26017.54,17.580000000001746,22318.664
26017.55,17.590000000000146,22608.754
26017.56,17.600000000002183,22463.672
26017.57,17.610000000000582,22463.672
26017.58,17.62000000000262,22318.664
26017.59,17.63000000000102,22608.754
26017.6,17.639999999999418,22512.023
26017.61,17.650000000001455,22366.992
26017.62,17.659999999999854,22318.664
26017.63,17.67000000000189,22512.023
26017.64,17.68000000000029,22608.754
26017.65,17.69000000000233,22463.672
26017.66,17.700000000000728,22608.754
26017.67,17.709999999999127,22463.672
26017.68,17.720000000001164,22705.516
26017.69,17.729999999999563,22608.754
26017.7,17.7400000000016,22415.328
26017.71,17.75,22270.344
26017.72,17.760000000002037,22222.031
26017.73,17.770000000000437,22270.344
26017.74,17.780000000002474,22173.729
26017.75,17.790000000000873,22415.328
26017.76,17.799999999999272,22463.672
26017.77,17.81000000000131,22705.516
26017.78,17.81999999999971,22560.385
26017.79,17.830000000001746,22560.385
26017.8,17.840000000000146,22512.023
26017.81,17.850000000002183,22318.664
26017.82,17.860000000000582,22366.992
26017.83,17.87000000000262,22415.328
26017.84,17.88000000000102,22463.672
26017.85,17.889999999999418,22512.023
26017.86,17.900000000001455,22512.023
26017.87,17.909999999999854,22463.672
26017.88,17.92000000000189,22415.328
26017.89,17.93000000000029,22270.344
26017.9,17.94000000000233,22318.664
26017.91,17.950000000000728,22318.664
26017.92,17.959999999999127,22173.729
26017.93,17.970000000001164,22318.664
26017.94,17.979999999999563,22318.664
26017.95,17.9900000000016,22463.672
26017.96,18.0,22753.908
26017.97,18.010000000002037,22705.516
26017.98,18.020000000000437,22657.131
26017.99,18.030000000002474,22608.754
26018.0,18.040000000000873,22705.516
26018.01,18.049999999999272,22512.023
26018.02,18.06000000000131,22608.754
26018.03,18.06999999999971,22512.023
26018.04,18.080000000001746,22463.672
26018.05,18.090000000000146,22318.664
26018.06,18.100000000002183,22318.664
26018.07,18.110000000000582,22463.672
26018.08,18.12000000000262,22415.328
26018.09,18.13000000000102,22463.672
26018.1,18.139999999999418,22705.516
26018.11,18.150000000001455,22512.023
26018.12,18.159999999999854,22657.131
26018.13,18.17000000000189,22415.328
26018.14,18.18000000000029,22366.992
26018.15,18.19000000000233,22560.385
26018.16,18.200000000000728,22560.385
26018.17,18.209999999999127,22366.992
26018.18,18.220000000001164,22850.719
26018.19,18.229999999999563,22608.754
26018.2,18.2400000000016,22753.908
26018.21,18.25,22705.516
26018.22,18.260000000002037,22512.023
26018.23,18.270000000000437,22366.992
26018.24,18.280000000002474,22173.729
26018.25,18.290000000000873,22463.672
26018.26,18.299999999999272,22366.992
26018.27,18.31000000000131,22657.131
26018.28,18.31999999999971,22512.023
26018.29,18.330000000001746,22512.023
26018.3,18.340000000000146,22657.131
26018.31,18.350000000002183,22657.131
26018.32,18.360000000000582,22512.023
26018.33,18.37000000000262,22608.754
26018.34,18.38000000000102,22608.754
26018.35,18.389999999999418,22560.385
26018.36,18.400000000001455,22463.672
26018.37,18.409999999999854,22463.672
26018.38,18.42000000000189,22608.754
26018.39,18.43000000000029,22512.023
26018.4,18.44000000000233,22608.754
26018.41,18.450000000000728,22657.131
26018.42,18.459999999999127,22318.664
26018.43,18.470000000001164,22512.023
26018.44,18.479999999999563,22366.992
26018.45,18.4900000000016,22415.328
26018.46,18.5,22366.992
26018.47,18.510000000002037,22705.516
26018.48,18.520000000000437,22512.023
26018.49,18.530000000002474,22415.328
26018.5,18.540000000000873,22705.516
26018.51,18.549999999999272,22802.309
26018.52,18.56000000000131,22753.908
26018.53,18.56999999999971,22512.023
26018.54,18.580000000001746,22318.664
26018.55,18.590000000000146,22415.328
26018.56,18.600000000002183,22463.672
26018.57,18.610000000000582,22560.385
26018.58,18.62000000000262,22560.385
26018.59,18.63000000000102,22705.516
26018.6,18.639999999999418,22512.023
26018.61,18.650000000001455,22657.131
26018.62,18.659999999999854,22512.023
26018.63,18.67000000000189,22560.385
26018.64,18.68000000000029,22512.023
26018.65,18.69000000000233,22608.754
26018.66,18.700000000000728,22415.328
26018.67,18.709999999999127,22318.664
26018.68,18.720000000001164,22512.023
26018.69,18.729999999999563,22512.023
26018.7,18.7400000000016,22657.131
26018.71,18.75,22366.992
26018.72,18.760000000002037,22705.516
26018.73,18.770000000000437,22705.516
26018.74,18.780000000002474,22608.754
26018.75,18.790000000000873,22318.664
26018.76,18.799999999999272,22222.031
26018.77,18.81000000000131,22318.664
26018.78,18.81999999999971,22318.664
26018.79,18.830000000001746,22318.664
26018.8,18.840000000000146,22366.992
26018.81,18.850000000002183,22608.754
26018.82,18.860000000000582,22608.754
26018.83,18.87000000000262,22463.672
26018.84,18.88000000000102,22560.385
26018.85,18.889999999999418,22415.328
26018.86,18.900000000001455,22463.672
26018.87,18.909999999999854,22270.344
26018.88,18.92000000000189,22415.328
26018.89,18.93000000000029,22366.992
26018.9,18.94000000000233,22415.328
26018.91,18.950000000000728,22608.754
26018.92,18.959999999999127,22512.023
26018.93,18.970000000001164,22802.309
26018.94,18.979999999999563,22415.328
26018.95,18.9900000000016,22560.385
26018.96,19.0,22125.432
26018.97,19.010000000002037,22270.344
26018.98,19.020000000000437,22318.664
26018.99,19.030000000002474,22222.031
26019.0,19.040000000000873,22415.328
26019.01,19.049999999999272,22850.719
26019.02,19.06000000000131,22512.023
26019.03,19.06999999999971,22657.131
26019.04,19.080000000001746,22560.385
26019.05,19.090000000000146,22705.516
26019.06,19.100000000002183,22608.754
26019.07,19.110000000000582,22512.023
26019.08,19.12000000000262,22705.516
26019.09,19.13000000000102,22512.023
26019.1,19.139999999999418,22415.328
26019.11,19.150000000001455,22366.992
26019.12,19.159999999999854,22512.023
26019.13,19.17000000000189,22512.023
26019.14,19.18000000000029,22657.131
26019.15,19.19000000000233,22512.023
26019.16,19.200000000000728,22512.023
26019.17,19.209999999999127,22753.908
26019.18,19.220000000001164,22512.023
26019.19,19.229999999999563,22560.385
26019.2,19.2400000000016,22657.131
26019.21,19.25,22512.023
26019.22,19.260000000002037,22560.385
26019.23,19.270000000000437,22705.516
26019.24,19.280000000002474,22753.908
26019.25,19.290000000000873,22705.516
26019.26,19.299999999999272,22995.996
26019.27,19.31000000000131,21980.594
26019.28,19.31999999999971,21257.502
26019.29,19.330000000001746,21113.102
26019.3,19.340000000000146,20968.775
26019.31,19.350000000002183,21113.102
26019.32,19.360000000000582,20968.775
26019.33,19.37000000000262,21016.877
26019.34,19.38000000000102,20920.684
26019.35,19.389999999999418,20872.6
26019.36,19.400000000001455,20968.775
26019.37,19.409999999999854,20920.684
26019.38,19.42000000000189,20872.6
26019.39,19.43000000000029,20824.523
26019.4,19.44000000000233,20680.342
26019.41,19.450000000000728,21113.102
26019.42,19.459999999999127,21064.984
26019.43,19.470000000001164,21064.984
26019.44,19.479999999999563,20968.775
26019.45,19.4900000000016,21064.984
26019.46,19.5,20872.6
26019.47,19.510000000002037,21016.877
26019.48,19.520000000000437,20872.6
26019.49,19.530000000002474,21209.359
26019.5,19.540000000000873,21113.102
26019.51,19.549999999999272,21064.984
26019.52,19.56000000000131,21064.984
26019.53,19.56999999999971,20920.684
26019.54,19.580000000001746,20968.775
26019.55,19.590000000000146,20872.6
26019.56,19.600000000002183,20824.523
26019.57,19.610000000000582,20920.684
26019.58,19.62000000000262,20968.775
26019.59,19.63000000000102,20680.342
26019.6,19.639999999999418,20920.684
26019.61,19.650000000001455,20824.523
26019.62,19.659999999999854,20920.684
26019.63,19.67000000000189,21787.59
26019.64,19.68000000000029,22850.719
26019.65,19.69000000000233,23335.258
26019.66,19.700000000000728,23238.285
26019.67,19.709999999999127,23480.779
26019.68,19.720000000001164,23626.373
26019.69,19.729999999999563,23529.301
26019.7,19.7400000000016,23141.346
26019.71,19.75,22753.908
26019.72,19.760000000002037,22753.908
26019.73,19.770000000000437,22899.137
26019.74,19.780000000002474,21353.809
26019.75,19.790000000000873,19338.188
26019.76,19.799999999999272,18669.498
26019.77,19.81000000000131,18621.797
26019.78,19.81999999999971,18335.752
26019.79,19.830000000001746,18097.604
26019.8,19.840000000000146,18097.604
26019.81,19.850000000002183,18288.105
26019.82,19.860000000000582,18288.105
26019.83,19.87000000000262,18335.752
26019.84,19.88000000000102,18192.838
26019.85,19.889999999999418,18145.217
26019.86,19.900000000001455,18192.838
26019.87,19.909999999999854,18335.752
26019.88,19.92000000000189,18145.217
26019.89,19.93000000000029,18240.469
26019.9,19.94000000000233,18335.752
26019.91,19.950000000000728,18383.406
26019.92,19.959999999999127,18288.105
26019.93,19.970000000001164,18335.752
26019.94,19.979999999999563,18240.469
26019.95,19.9900000000016,18240.469
26019.96,20.0,18335.752
26019.97,20.010000000002037,18145.217
26019.98,20.020000000000437,18097.604
26019.99,20.030000000002474,18288.105
26020.0,20.040000000000873,18431.066
26020.01,20.049999999999272,18383.406
26020.02,20.06000000000131,18335.752
26020.03,20.06999999999971,18240.469
26020.04,20.080000000001746,18097.604
26020.05,20.090000000000146,18335.752
26020.06,20.100000000002183,18335.752
26020.07,20.110000000000582,18240.469
26020.08,20.12000000000262,18335.752
26020.09,20.13000000000102,18288.105
26020.1,20.139999999999418,18335.752
26020.11,20.150000000001455,18145.217
26020.12,20.159999999999854,18145.217
26020.13,20.17000000000189,18288.105
26020.14,20.18000000000029,18192.838
26020.15,20.19000000000233,18288.105
26020.16,20.200000000000728,18288.105
26020.17,20.209999999999127,18431.066
26020.18,20.220000000001164,18288.105
26020.19,20.229999999999563,18097.604
26020.2,20.2400000000016,18335.752
26020.21,20.25,18192.838
26020.22,20.260000000002037,18097.604
26020.23,20.270000000000437,18288.105
26020.24,20.280000000002474,18192.838
26020.25,20.290000000000873,18097.604
26020.26,20.299999999999272,18335.752
26020.27,20.31000000000131,18335.752
26020.28,20.31999999999971,18335.752
26020.29,20.330000000001746,18240.469
26020.3,20.340000000000146,18240.469
26020.31,20.350000000002183,18383.406
26020.32,20.360000000000582,18192.838
26020.33,20.37000000000262,18383.406
26020.34,20.38000000000102,18288.105
26020.35,20.389999999999418,18097.604
26020.36,20.400000000001455,18288.105
26020.37,20.409999999999854,18335.752
26020.38,20.42000000000189,18431.066
26020.39,20.43000000000029,18383.406
26020.4,20.44000000000233,18240.469
26020.41,20.450000000000728,18097.604
26020.42,20.459999999999127,18192.838
26020.43,20.470000000001164,18431.066
26020.44,20.479999999999563,18431.066
26020.45,20.4900000000016,18335.752
26020.46,20.5,18145.217
26020.47,20.510000000002037,18145.217
26020.48,20.520000000000437,18526.416
26020.49,20.530000000002474,18240.469
26020.5,20.540000000000873,18192.838
26020.51,20.549999999999272,18097.604
26020.52,20.56000000000131,18574.102
26020.53,20.56999999999971,18288.105
26020.54,20.580000000001746,18431.066
26020.55,20.590000000000146,18335.752
26020.56,20.600000000002183,18145.217
26020.57,20.610000000000582,18145.217
26020.58,20.62000000000262,18383.406
26020.59,20.63000000000102,18335.752
26020.6,20.639999999999418,18383.406
26020.61,20.650000000001455,18335.752
26020.62,20.659999999999854,18288.105
26020.63,20.67000000000189,18288.105
26020.64,20.68000000000029,18240.469
26020.65,20.69000000000233,18192.838
26020.66,20.700000000000728,18478.738
26020.67,20.709999999999127,18478.738
26020.68,20.720000000001164,18431.066
26020.69,20.729999999999563,18431.066
26020.7,20.7400000000016,18431.066
26020.71,20.75,18192.838
26020.72,20.760000000002037,18145.217
26020.73,20.770000000000437,18335.752
26020.74,20.780000000002474,18335.752
26020.75,20.790000000000873,18335.752
26020.76,20.799999999999272,18192.838
26020.77,20.81000000000131,18431.066
26020.78,20.81999999999971,18431.066
26020.79,20.830000000001746,18383.406
26020.8,20.840000000000146,18335.752
26020.81,20.850000000002183,18431.066
26020.82,20.860000000000582,18335.752
26020.83,20.87000000000262,18383.406
26020.84,20.88000000000102,18288.105
26020.85,20.889999999999418,18288.105
26020.86,20.900000000001455,18383.406
26020.87,20.909999999999854,18383.406
26020.88,20.92000000000189,18431.066
26020.89,20.93000000000029,18145.217
26020.9,20.94000000000233,18240.469
26020.91,20.950000000000728,18192.838
26020.92,20.959999999999127,18288.105
26020.93,20.970000000001164,18192.838
26020.94,20.979999999999563,18383.406
26020.95,20.9900000000016,18288.105
26020.96,21.0,18240.469
26020.97,21.010000000002037,18621.797
26020.98,21.020000000000437,18335.752
26020.99,21.030000000002474,18192.838
26021.0,21.040000000000873,18240.469
26021.01,21.049999999999272,18288.105
26021.02,21.06000000000131,18288.105
26021.03,21.06999999999971,18288.105
26021.04,21.080000000001746,18288.105
26021.05,21.090000000000146,18383.406
26021.06,21.100000000002183,18240.469
26021.07,21.110000000000582,18288.105
26021.08,21.12000000000262,18335.752
26021.09,21.13000000000102,18288.105
26021.1,21.139999999999418,18383.406
26021.11,21.150000000001455,18288.105
26021.12,21.159999999999854,18335.752
26021.13,21.17000000000189,18288.105
26021.14,21.18000000000029,18335.752
26021.15,21.19000000000233,18145.217
26021.16,21.200000000000728,18240.469
26021.17,21.209999999999127,18097.604
26021.18,21.220000000001164,18097.604
26021.19,21.229999999999563,18288.105
26021.2,21.2400000000016,18288.105
26021.21,21.25,18192.838
26021.22,21.260000000002037,18335.752
26021.23,21.270000000000437,18288.105
26021.24,21.280000000002474,18431.066
26021.25,21.290000000000873,18097.604
26021.26,21.299999999999272,18145.217
26021.27,21.31000000000131,18192.838
26021.28,21.31999999999971,18288.105
26021.29,21.330000000001746,18478.738
26021.3,21.340000000000146,18478.738
26021.31,21.350000000002183,18240.469
26021.32,21.360000000000582,18335.752
26021.33,21.37000000000262,18288.105
26021.34,21.38000000000102,18192.838
26021.35,21.389999999999418,18145.217
26021.36,21.400000000001455,18383.406
26021.37,21.409999999999854,18145.217
26021.38,21.42000000000189,18335.752
26021.39,21.43000000000029,18383.406
26021.4,21.44000000000233,18288.105
26021.41,21.450000000000728,18383.406
26021.42,21.459999999999127,18145.217
26021.43,21.470000000001164,18288.105
26021.44,21.479999999999563,18335.752
26021.45,21.4900000000016,18383.406
26021.46,21.5,18192.838
26021.47,21.510000000002037,18526.416
26021.48,21.520000000000437,18192.838
26021.49,21.530000000002474,18526.416
26021.5,21.540000000000873,18192.838
26021.51,21.549999999999272,18288.105
26021.52,21.56000000000131,18145.217
26021.53,21.56999999999971,18335.752
26021.54,21.580000000001746,18145.217
26021.55,21.590000000000146,18288.105
26021.56,21.600000000002183,18288.105
26021.57,21.610000000000582,18478.738
26021.58,21.62000000000262,18240.469
26021.59,21.63000000000102,18288.105
26021.6,21.639999999999418,18383.406
26021.61,21.650000000001455,18288.105
26021.62,21.659999999999854,18097.604
26021.63,21.67000000000189,18478.738
26021.64,21.68000000000029,18431.066
26021.65,21.69000000000233,18335.752
26021.66,21.700000000000728,18431.066
26021.67,21.709999999999127,18288.105
26021.68,21.720000000001164,18431.066
26021.69,21.729999999999563,18431.066
26021.7,21.7400000000016,18383.406
26021.71,21.75,18288.105
26021.72,21.760000000002037,18526.416
26021.73,21.770000000000437,18431.066
26021.74,21.780000000002474,18145.217
26021.75,21.790000000000873,18288.105
26021.76,21.799999999999272,18192.838
26021.77,21.81000000000131,18145.217
26021.78,21.81999999999971,18240.469
26021.79,21.830000000001746,18288.105
26021.8,21.840000000000146,18335.752
26021.81,21.850000000002183,18335.752
26021.82,21.860000000000582,18383.406
26021.83,21.87000000000262,18335.752
26021.84,21.88000000000102,18335.752
26021.85,21.889999999999418,18574.102
26021.86,21.900000000001455,18288.105
26021.87,21.909999999999854,18192.838
26021.88,21.92000000000189,18335.752
26021.89,21.93000000000029,18192.838
26021.9,21.94000000000233,18288.105
26021.91,21.950000000000728,18240.469
26021.92,21.959999999999127,18192.838
26021.93,21.970000000001164,18335.752
26021.94,21.979999999999563,18192.838
26021.95,21.9900000000016,18383.406
26021.96,22.0,18288.105
26021.97,22.010000000002037,18240.469
26021.98,22.020000000000437,18478.738
26021.99,22.030000000002474,18288.105
26022.0,22.040000000000873,18288.105
26022.01,22.049999999999272,18192.838
26022.02,22.06000000000131,18192.838
26022.03,22.06999999999971,18192.838
26022.04,22.080000000001746,18288.105
26022.05,22.090000000000146,18335.752
26022.06,22.100000000002183,18288.105
26022.07,22.110000000000582,18478.738
26022.08,22.12000000000262,18288.105
26022.09,22.13000000000102,18335.752
26022.1,22.139999999999418,18431.066
26022.11,22.150000000001455,18192.838
26022.12,22.159999999999854,18288.105
26022.13,22.17000000000189,18478.738
26022.14,22.18000000000029,18335.752
26022.15,22.19000000000233,18383.406
26022.16,22.200000000000728,18288.105
26022.17,22.209999999999127,18288.105
26022.18,22.220000000001164,18383.406
26022.19,22.229999999999563,18288.105
26022.2,22.2400000000016,18192.838
26022.21,22.25,18335.752
26022.22,22.260000000002037,18192.838
26022.23,22.270000000000437,18288.105
26022.24,22.280000000002474,18478.738
26022.25,22.290000000000873,18478.738
26022.26,22.299999999999272,18383.406
26022.27,22.31000000000131,18335.752
26022.28,22.31999999999971,18192.838
26022.29,22.330000000001746,18192.838
26022.3,22.340000000000146,18192.838
26022.31,22.350000000002183,18335.752
26022.32,22.360000000000582,18288.105
26022.33,22.37000000000262,18288.105
26022.34,22.38000000000102,18335.752
26022.35,22.389999999999418,18526.416
26022.36,22.400000000001455,18526.416
26022.37,22.409999999999854,18240.469
26022.38,22.42000000000189,18240.469
26022.39,22.43000000000029,18383.406
26022.4,22.44000000000233,18478.738
26022.41,22.450000000000728,18383.406
26022.42,22.459999999999127,18240.469
26022.43,22.470000000001164,18383.406
26022.44,22.479999999999563,18240.469
26022.45,22.4900000000016,18431.066
26022.46,22.5,18288.105
26022.47,22.510000000002037,18478.738
26022.48,22.520000000000437,18288.105
26022.49,22.530000000002474,18335.752
26022.5,22.540000000000873,18335.752
26022.51,22.549999999999272,18145.217
26022.52,22.56000000000131,18335.752
26022.53,22.56999999999971,18383.406
26022.54,22.580000000001746,18383.406
26022.55,22.590000000000146,18335.752
26022.56,22.600000000002183,18288.105
26022.57,22.610000000000582,18145.217
26022.58,22.62000000000262,18288.105
26022.59,22.63000000000102,18288.105
26022.6,22.639999999999418,18431.066
26022.61,22.650000000001455,18335.752
26022.62,22.659999999999854,18288.105
26022.63,22.67000000000189,18145.217
26022.64,22.68000000000029,18192.838
26022.65,22.69000000000233,18383.406
26022.66,22.700000000000728,18335.752
26022.67,22.709999999999127,18335.752
26022.68,22.720000000001164,18288.105
26022.69,22.729999999999563,18288.105
26022.7,22.7400000000016,18383.406
26022.71,22.75,18383.406
26022.72,22.760000000002037,18383.406
26022.73,22.770000000000437,18431.066
26022.74,22.780000000002474,18192.838
26022.75,22.790000000000873,18288.105
26022.76,22.799999999999272,18431.066
26022.77,22.81000000000131,18335.752
26022.78,22.81999999999971,18383.406
26022.79,22.830000000001746,18383.406
26022.8,22.840000000000146,18288.105
26022.81,22.850000000002183,18192.838
26022.82,22.860000000000582,18288.105
26022.83,22.87000000000262,18240.469
26022.84,22.88000000000102,18240.469
26022.85,22.889999999999418,18526.416
26022.86,22.900000000001455,18431.066
26022.87,22.909999999999854,18431.066
26022.88,22.92000000000189,18335.752
26022.89,22.93000000000029,18335.752
26022.9,22.94000000000233,18288.105
26022.91,22.950000000000728,18383.406
26022.92,22.959999999999127,18288.105
26022.93,22.970000000001164,18288.105
26022.94,22.979999999999563,18431.066
26022.95,22.9900000000016,18383.406
26022.96,23.0,18288.105
26022.97,23.010000000002037,18383.406
26022.98,23.020000000000437,18383.406
26022.99,23.030000000002474,18478.738
26023.0,23.040000000000873,18288.105
26023.01,23.049999999999272,18288.105
26023.02,23.06000000000131,18288.105
26023.03,23.06999999999971,18288.105
26023.04,23.080000000001746,18240.469
26023.05,23.090000000000146,18240.469
26023.06,23.100000000002183,18145.217
26023.07,23.110000000000582,18335.752
26023.08,23.12000000000262,18335.752
26023.09,23.13000000000102,18288.105
26023.1,23.139999999999418,18192.838
26023.11,23.150000000001455,18288.105
26023.12,23.159999999999854,18383.406
26023.13,23.17000000000189,18383.406
26023.14,23.18000000000029,18240.469
26023.15,23.19000000000233,18288.105
26023.16,23.200000000000728,18240.469
26023.17,23.209999999999127,18240.469
26023.18,23.220000000001164,18335.752
26023.19,23.229999999999563,18097.604
26023.2,23.2400000000016,18383.406
26023.21,23.25,18335.752
26023.22,23.260000000002037,18288.105
26023.23,23.270000000000437,18240.469
26023.24,23.280000000002474,18383.406
26023.25,23.290000000000873,18145.217
26023.26,23.299999999999272,18383.406
26023.27,23.31000000000131,18335.752
26023.28,23.31999999999971,18383.406
26023.29,23.330000000001746,18335.752
26023.3,23.340000000000146,18288.105
26023.31,23.350000000002183,18097.604
26023.32,23.360000000000582,18335.752
26023.33,23.37000000000262,18431.066
26023.34,23.38000000000102,18383.406
26023.35,23.389999999999418,18431.066
26023.36,23.400000000001455,18288.105
26023.37,23.409999999999854,18335.752
26023.38,23.42000000000189,18288.105
26023.39,23.43000000000029,18431.066
26023.4,23.44000000000233,18192.838
26023.41,23.450000000000728,18192.838
26023.42,23.459999999999127,18192.838
26023.43,23.470000000001164,18288.105
26023.44,23.479999999999563,18335.752
26023.45,23.4900000000016,18383.406
26023.46,23.5,18335.752
26023.47,23.510000000002037,18240.469
26023.48,23.520000000000437,18240.469
26023.49,23.530000000002474,18335.752
26023.5,23.540000000000873,18050.0
26023.51,23.549999999999272,18097.604
26023.52,23.56000000000131,18097.604
26023.53,23.56999999999971,18526.416
26023.54,23.580000000001746,18383.406
26023.55,23.590000000000146,18335.752
26023.56,23.600000000002183,18288.105
26023.57,23.610000000000582,18050.0
26023.58,23.62000000000262,18145.217
26023.59,23.63000000000102,18383.406
26023.6,23.639999999999418,18335.752
26023.61,23.650000000001455,18240.469
26023.62,23.659999999999854,18145.217
26023.63,23.67000000000189,18240.469
26023.64,23.68000000000029,18240.469
26023.65,23.69000000000233,18335.752
26023.66,23.700000000000728,18288.105
26023.67,23.709999999999127,18240.469
26023.68,23.720000000001164,18288.105
26023.69,23.729999999999563,18431.066
26023.7,23.7400000000016,18192.838
26023.71,23.75,18478.738
26023.72,23.760000000002037,18431.066
26023.73,23.770000000000437,18288.105
26023.74,23.780000000002474,18288.105
26023.75,23.790000000000873,18240.469
26023.76,23.799999999999272,18335.752
26023.77,23.81000000000131,18335.752
26023.78,23.81999999999971,18335.752
26023.79,23.830000000001746,18192.838
26023.8,23.840000000000146,18383.406
26023.81,23.850000000002183,18288.105
26023.82,23.860000000000582,18288.105
26023.83,23.87000000000262,18192.838
26023.84,23.88000000000102,18145.217
26023.85,23.889999999999418,18240.469
26023.86,23.900000000001455,18383.406
26023.87,23.909999999999854,18192.838
26023.88,23.92000000000189,18288.105
26023.89,23.93000000000029,18288.105
26023.9,23.94000000000233,18288.105
26023.91,23.950000000000728,18097.604
26023.92,23.959999999999127,18050.0
26023.93,23.970000000001164,18335.752
26023.94,23.979999999999563,18335.752
26023.95,23.9900000000016,18335.752
26023.96,24.0,18145.217
26023.97,24.010000000002037,18383.406
26023.98,24.020000000000437,18574.102
26023.99,24.030000000002474,18574.102
26024.0,24.040000000000873,18288.105
26024.01,24.049999999999272,18478.738
26024.02,24.06000000000131,18288.105
26024.03,24.06999999999971,18240.469
26024.04,24.080000000001746,18335.752
26024.05,24.090000000000146,18192.838
26024.06,24.100000000002183,18383.406
26024.07,24.110000000000582,18431.066
26024.08,24.12000000000262,18288.105
26024.09,24.13000000000102,18335.752
26024.1,24.139999999999418,18240.469
26024.11,24.150000000001455,18240.469
26024.12,24.159999999999854,18288.105
26024.13,24.17000000000189,18240.469
26024.14,24.18000000000029,18145.217
26024.15,24.19000000000233,18192.838
26024.16,24.200000000000728,18288.105
26024.17,24.209999999999127,18383.406
26024.18,24.220000000001164,18240.469
26024.19,24.229999999999563,18288.105
26024.2,24.2400000000016,18002.402
26024.21,24.25,18097.604
26024.22,24.260000000002037,18431.066
26024.23,24.270000000000437,18192.838
26024.24,24.280000000002474,18431.066
26024.25,24.290000000000873,18240.469
26024.26,24.299999999999272,18240.469
26024.27,24.31000000000131,18383.406
26024.28,24.31999999999971,18240.469
26024.29,24.330000000001746,18145.217
26024.3,24.340000000000146,18288.105
26024.31,24.350000000002183,18288.105
26024.32,24.360000000000582,18383.406
26024.33,24.37000000000262,18335.752
26024.34,24.38000000000102,18192.838
26024.35,24.389999999999418,18288.105
26024.36,24.400000000001455,18192.838
26024.37,24.409999999999854,18335.752
26024.38,24.42000000000189,18288.105
26024.39,24.43000000000029,18240.469
26024.4,24.44000000000233,18288.105
26024.41,24.450000000000728,18431.066
26024.42,24.459999999999127,18288.105
26024.43,24.470000000001164,18335.752
26024.44,24.479999999999563,18335.752
26024.45,24.4900000000016,18431.066
26024.46,24.5,18335.752
26024.47,24.510000000002037,18288.105
26024.48,24.520000000000437,18335.752
26024.49,24.530000000002474,18335.752
26024.5,24.540000000000873,18335.752
26024.51,24.549999999999272,18383.406
26024.52,24.56000000000131,18335.752
26024.53,24.56999999999971,18192.838
26024.54,24.580000000001746,18431.066
26024.55,24.590000000000146,18145.217
26024.56,24.600000000002183,18192.838
26024.57,24.610000000000582,18288.105
26024.58,24.62000000000262,18335.752
26024.59,24.63000000000102,18478.738
26024.6,24.639999999999418,18288.105
26024.61,24.650000000001455,18335.752
26024.62,24.659999999999854,18145.217
26024.63,24.67000000000189,18145.217
26024.64,24.68000000000029,18192.838
26024.65,24.69000000000233,18431.066
26024.66,24.700000000000728,18288.105
26024.67,24.709999999999127,18288.105
26024.68,24.720000000001164,18335.752
26024.69,24.729999999999563,18288.105
26024.7,24.7400000000016,18288.105
26024.71,24.75,18145.217
26024.72,24.760000000002037,18145.217
26024.73,24.770000000000437,18383.406
26024.74,24.780000000002474,18288.105
26024.75,24.790000000000873,18335.752
26024.76,24.799999999999272,18192.838
26024.77,24.81000000000131,18145.217
26024.78,24.81999999999971,18288.105
26024.79,24.830000000001746,18288.105
26024.8,24.840000000000146,18288.105
26024.81,24.850000000002183,18192.838
26024.82,24.860000000000582,18240.469
26024.83,24.87000000000262,18240.469
26024.84,24.88000000000102,18383.406
26024.85,24.889999999999418,18288.105
26024.86,24.900000000001455,18240.469
26024.87,24.909999999999854,18288.105
26024.88,24.92000000000189,18288.105
26024.89,24.93000000000029,18335.752
26024.9,24.94000000000233,18145.217
26024.91,24.950000000000728,18145.217
26024.92,24.959999999999127,18240.469
26024.93,24.970000000001164,18431.066
26024.94,24.979999999999563,18335.752
26024.95,24.9900000000016,18145.217
26024.96,25.0,18240.469
26024.97,25.010000000002037,18097.604
26024.98,25.020000000000437,18097.604
26024.99,25.030000000002474,18240.469
26025.0,25.040000000000873,18335.752
26025.01,25.049999999999272,18335.752
26025.02,25.06000000000131,18431.066
26025.03,25.06999999999971,18526.416
26025.04,25.080000000001746,18240.469
26025.05,25.090000000000146,18145.217
26025.06,25.100000000002183,18335.752
26025.07,25.110000000000582,18097.604
26025.08,25.12000000000262,18335.752
26025.09,25.13000000000102,18145.217
26025.1,25.139999999999418,18431.066
26025.11,25.150000000001455,18288.105
26025.12,25.159999999999854,18335.752
26025.13,25.17000000000189,18431.066
26025.14,25.18000000000029,18335.752
26025.15,25.19000000000233,18288.105
26025.16,25.200000000000728,18240.469
26025.17,25.209999999999127,18288.105
26025.18,25.220000000001164,18383.406
26025.19,25.229999999999563,18097.604
26025.2,25.2400000000016,18288.105
26025.21,25.25,18335.752
26025.22,25.260000000002037,18145.217
26025.23,25.270000000000437,18240.469
26025.24,25.280000000002474,18240.469
26025.25,25.290000000000873,18192.838
26025.26,25.299999999999272,18335.752
26025.27,25.31000000000131,18288.105
26025.28,25.31999999999971,18288.105
26025.29,25.330000000001746,18335.752
26025.3,25.340000000000146,18240.469
26025.31,25.350000000002183,18192.838
26025.32,25.360000000000582,18192.838
26025.33,25.37000000000262,18288.105
26025.34,25.38000000000102,18097.604
26025.35,25.389999999999418,18335.752
26025.36,25.400000000001455,18335.752
26025.37,25.409999999999854,18097.604
26025.38,25.42000000000189,18192.838
26025.39,25.43000000000029,18240.469
26025.4,25.44000000000233,18288.105
26025.41,25.450000000000728,18288.105
26025.42,25.459999999999127,18288.105
26025.43,25.470000000001164,18335.752
26025.44,25.479999999999563,18240.469
26025.45,25.4900000000016,18383.406
26025.46,25.5,18335.752
26025.47,25.510000000002037,18335.752
26025.48,25.520000000000437,18288.105
26025.49,25.530000000002474,18288.105
26025.5,25.540000000000873,18192.838
26025.51,25.549999999999272,18240.469
26025.52,25.56000000000131,18383.406
26025.53,25.56999999999971,18383.406
26025.54,25.580000000001746,18335.752
26025.55,25.590000000000146,18335.752
26025.56,25.600000000002183,18288.105
26025.57,25.610000000000582,18145.217
26025.58,25.62000000000262,18335.752
26025.59,25.63000000000102,18097.604
26025.6,25.639999999999418,18192.838
26025.61,25.650000000001455,18335.752
26025.62,25.659999999999854,18478.738
26025.63,25.67000000000189,18431.066
26025.64,25.68000000000029,18192.838
26025.65,25.69000000000233,18383.406
26025.66,25.700000000000728,18431.066
26025.67,25.709999999999127,18335.752
26025.68,25.720000000001164,18431.066
26025.69,25.729999999999563,18335.752
26025.7,25.7400000000016,18526.416
26025.71,25.75,18383.406
26025.72,25.760000000002037,18288.105
26025.73,25.770000000000437,18335.752
26025.74,25.780000000002474,18192.838
26025.75,25.790000000000873,18145.217
26025.76,25.799999999999272,18335.752
26025.77,25.81000000000131,18192.838
26025.78,25.81999999999971,18288.105
26025.79,25.830000000001746,18431.066
26025.8,25.840000000000146,18478.738
26025.81,25.850000000002183,18192.838
26025.82,25.860000000000582,18192.838
26025.83,25.87000000000262,18335.752
26025.84,25.88000000000102,18240.469
26025.85,25.889999999999418,18145.217
26025.86,25.900000000001455,18431.066
26025.87,25.909999999999854,18288.105
26025.88,25.92000000000189,18335.752
26025.89,25.93000000000029,18383.406
26025.9,25.94000000000233,18478.738
26025.91,25.950000000000728,18192.838
26025.92,25.959999999999127,18335.752
26025.93,25.970000000001164,18288.105
26025.94,25.979999999999563,18192.838
26025.95,25.9900000000016,18240.469
26025.96,26.0,18097.604
26025.97,26.010000000002037,18526.416
26025.98,26.020000000000437,18097.604
26025.99,26.030000000002474,18050.0
26026.0,26.040000000000873,18288.105
26026.01,26.049999999999272,18192.838
26026.02,26.06000000000131,18145.217
26026.03,26.06999999999971,17907.232
26026.04,26.080000000001746,18335.752
26026.05,26.090000000000146,18431.066
26026.06,26.100000000002183,18478.738
26026.07,26.110000000000582,18478.738
26026.08,26.12000000000262,18240.469
26026.09,26.13000000000102,18145.217
26026.1,26.139999999999418,18335.752
26026.11,26.150000000001455,18192.838
26026.12,26.159999999999854,18335.752
26026.13,26.17000000000189,18288.105
26026.14,26.18000000000029,18288.105
26026.15,26.19000000000233,18192.838
26026.16,26.200000000000728,18192.838
26026.17,26.209999999999127,18240.469
26026.18,26.220000000001164,18288.105
26026.19,26.229999999999563,18478.738
26026.2,26.2400000000016,18192.838
26026.21,26.25,18192.838
26026.22,26.260000000002037,18383.406
26026.23,26.270000000000437,18335.752
26026.24,26.280000000002474,18383.406
26026.25,26.290000000000873,18335.752
26026.26,26.299999999999272,18192.838
26026.27,26.31000000000131,18335.752
26026.28,26.31999999999971,18145.217
26026.29,26.330000000001746,18240.469
26026.3,26.340000000000146,18145.217
26026.31,26.350000000002183,18240.469
26026.32,26.360000000000582,18383.406
26026.33,26.37000000000262,18335.752
26026.34,26.38000000000102,18383.406
26026.35,26.389999999999418,18192.838
26026.36,26.400000000001455,18145.217
26026.37,26.409999999999854,18097.604
26026.38,26.42000000000189,18145.217
26026.39,26.43000000000029,18431.066
26026.4,26.44000000000233,18192.838
26026.41,26.450000000000728,18335.752
26026.42,26.459999999999127,18145.217
26026.43,26.470000000001164,18335.752
26026.44,26.479999999999563,18097.604
26026.45,26.4900000000016,18383.406
26026.46,26.5,18288.105
26026.47,26.510000000002037,18240.469
26026.48,26.520000000000437,18288.105
26026.49,26.530000000002474,18431.066
26026.5,26.540000000000873,18240.469
26026.51,26.549999999999272,18335.752
26026.52,26.56000000000131,18240.469
26026.53,26.56999999999971,18240.469
26026.54,26.580000000001746,18240.469
26026.55,26.590000000000146,18335.752
26026.56,26.600000000002183,18240.469
26026.57,26.610000000000582,18383.406
26026.58,26.62000000000262,18383.406
26026.59,26.63000000000102,18145.217
26026.6,26.639999999999418,18431.066
26026.61,26.650000000001455,18431.066
26026.62,26.659999999999854,18431.066
26026.63,26.67000000000189,18288.105
26026.64,26.68000000000029,18288.105
26026.65,26.69000000000233,18335.752
26026.66,26.700000000000728,18288.105
26026.67,26.709999999999127,18192.838
26026.68,26.720000000001164,18478.738
26026.69,26.729999999999563,18335.752
26026.7,26.7400000000016,18002.402
26026.71,26.75,18192.838
26026.72,26.760000000002037,18383.406
26026.73,26.770000000000437,18288.105
26026.74,26.780000000002474,18335.752
26026.75,26.790000000000873,18478.738
26026.76,26.799999999999272,18288.105
26026.77,26.81000000000131,18526.416
26026.78,26.81999999999971,18526.416
26026.79,26.830000000001746,18383.406
26026.8,26.840000000000146,18192.838
26026.81,26.850000000002183,18192.838
26026.82,26.860000000000582,18288.105
26026.83,26.87000000000262,18288.105
26026.84,26.88000000000102,18145.217
26026.85,26.889999999999418,18240.469
26026.86,26.900000000001455,18145.217
26026.87,26.909999999999854,18288.105
26026.88,26.92000000000189,18145.217
26026.89,26.93000000000029,18145.217
26026.9,26.94000000000233,18383.406
26026.91,26.950000000000728,18383.406
26026.92,26.959999999999127,18335.752
26026.93,26.970000000001164,18431.066
26026.94,26.979999999999563,18145.217
26026.95,26.9900000000016,18335.752
26026.96,27.0,18288.105
26026.97,27.010000000002037,18097.604
26026.98,27.020000000000437,18192.838
26026.99,27.030000000002474,18335.752
26027.0,27.040000000000873,18335.752
26027.01,27.049999999999272,18288.105
26027.02,27.06000000000131,18383.406
26027.03,27.06999999999971,18335.752
26027.04,27.080000000001746,18288.105
26027.05,27.090000000000146,18383.406
26027.06,27.100000000002183,18192.838
26027.07,27.110000000000582,18097.604
26027.08,27.12000000000262,18288.105
26027.09,27.13000000000102,18383.406
26027.1,27.139999999999418,18288.105
26027.11,27.150000000001455,18383.406
26027.12,27.159999999999854,18431.066
26027.13,27.17000000000189,18383.406
26027.14,27.18000000000029,18383.406
26027.15,27.19000000000233,18288.105
26027.16,27.200000000000728,18240.469
26027.17,27.209999999999127,18240.469
26027.18,27.220000000001164,18335.752
26027.19,27.229999999999563,18383.406
26027.2,27.2400000000016,18431.066
26027.21,27.25,18335.752
26027.22,27.260000000002037,18288.105
26027.23,27.270000000000437,18335.752
26027.24,27.280000000002474,18288.105
26027.25,27.290000000000873,18335.752
26027.26,27.299999999999272,18335.752
26027.27,27.31000000000131,18240.469
26027.28,27.31999999999971,18383.406
26027.29,27.330000000001746,18288.105
26027.3,27.340000000000146,18335.752
26027.31,27.350000000002183,18335.752
26027.32,27.360000000000582,18192.838
26027.33,27.37000000000262,18192.838
26027.34,27.38000000000102,18335.752
26027.35,27.389999999999418,18431.066
26027.36,27.400000000001455,18335.752
26027.37,27.409999999999854,18335.752
26027.38,27.42000000000189,18288.105
26027.39,27.43000000000029,18335.752
26027.4,27.44000000000233,18335.752
26027.41,27.450000000000728,18240.469
26027.42,27.459999999999127,18240.469
26027.43,27.470000000001164,18192.838
26027.44,27.479999999999563,18478.738
26027.45,27.4900000000016,18240.469
26027.46,27.5,18288.105
26027.47,27.510000000002037,18335.752
26027.48,27.520000000000437,18240.469
26027.49,27.530000000002474,18383.406
26027.5,27.540000000000873,18240.469
26027.51,27.549999999999272,18240.469
26027.52,27.56000000000131,18431.066
26027.53,27.56999999999971,18288.105
26027.54,27.580000000001746,18192.838
26027.55,27.590000000000146,18002.402
26027.56,27.600000000002183,18335.752
26027.57,27.610000000000582,18288.105
26027.58,27.62000000000262,18383.406
26027.59,27.63000000000102,18240.469
26027.6,27.639999999999418,18145.217
26027.61,27.650000000001455,18288.105
26027.62,27.659999999999854,18145.217
26027.63,27.67000000000189,18145.217
26027.64,27.68000000000029,18335.752
26027.65,27.69000000000233,18240.469
26027.66,27.700000000000728,18050.0
26027.67,27.709999999999127,18002.402
26027.68,27.720000000001164,18145.217
26027.69,27.729999999999563,18145.217
26027.7,27.7400000000016,18145.217
26027.71,27.75,18050.0
26027.72,27.760000000002037,18192.838
26027.73,27.770000000000437,18192.838
26027.74,27.780000000002474,18335.752
26027.75,27.790000000000873,18050.0
26027.76,27.799999999999272,18145.217
26027.77,27.81000000000131,18240.469
26027.78,27.81999999999971,18335.752
26027.79,27.830000000001746,18383.406
26027.8,27.840000000000146,18192.838
26027.81,27.850000000002183,18335.752
26027.82,27.860000000000582,18335.752
26027.83,27.87000000000262,18192.838
26027.84,27.88000000000102,18192.838
26027.85,27.889999999999418,18145.217
26027.86,27.900000000001455,18335.752
26027.87,27.909999999999854,18431.066
26027.88,27.92000000000189,18240.469
26027.89,27.93000000000029,18097.604
26027.9,27.94000000000233,18145.217
26027.91,27.950000000000728,18145.217
26027.92,27.959999999999127,18097.604
26027.93,27.970000000001164,18240.469
26027.94,27.979999999999563,18240.469
26027.95,27.9900000000016,18478.738
26027.96,28.0,18478.738
26027.97,28.010000000002037,18097.604
26027.98,28.020000000000437,18240.469
26027.99,28.030000000002474,18145.217
26028.0,28.040000000000873,18192.838
26028.01,28.049999999999272,18335.752
26028.02,28.06000000000131,18097.604
26028.03,28.06999999999971,18192.838
26028.04,28.080000000001746,18288.105
26028.05,28.090000000000146,18240.469
26028.06,28.100000000002183,18431.066
26028.07,28.110000000000582,18192.838
26028.08,28.12000000000262,18288.105
26028.09,28.13000000000102,18335.752
26028.1,28.139999999999418,18383.406
26028.11,28.150000000001455,18288.105
26028.12,28.159999999999854,18240.469
26028.13,28.17000000000189,18192.838
26028.14,28.18000000000029,18335.752
26028.15,28.19000000000233,18097.604
26028.16,28.200000000000728,18383.406
26028.17,28.209999999999127,18192.838
26028.18,28.220000000001164,18288.105
26028.19,28.229999999999563,18383.406
26028.2,28.2400000000016,18145.217
26028.21,28.25,18097.604
26028.22,28.260000000002037,18383.406
26028.23,28.270000000000437,18383.406
26028.24,28.280000000002474,18097.604
26028.25,28.290000000000873,18335.752
26028.26,28.299999999999272,18288.105
26028.27,28.31000000000131,18288.105
26028.28,28.31999999999971,18097.604
26028.29,28.330000000001746,18097.604
26028.3,28.340000000000146,18192.838
26028.31,28.350000000002183,18288.105
26028.32,28.360000000000582,18097.604
26028.33,28.37000000000262,18145.217
26028.34,28.38000000000102,18192.838
26028.35,28.389999999999418,18383.406
26028.36,28.400000000001455,18097.604
26028.37,28.409999999999854,18288.105
26028.38,28.42000000000189,18192.838
26028.39,28.43000000000029,18383.406
26028.4,28.44000000000233,18288.105
26028.41,28.450000000000728,18335.752
26028.42,28.459999999999127,18192.838
26028.43,28.470000000001164,18192.838
26028.44,28.479999999999563,18192.838
26028.45,28.4900000000016,18192.838
26028.46,28.5,18097.604
26028.47,28.510000000002037,18335.752
26028.48,28.520000000000437,18383.406
26028.49,28.530000000002474,18431.066
26028.5,28.540000000000873,18478.738
26028.51,28.549999999999272,18335.752
26028.52,28.56000000000131,18192.838
26028.53,28.56999999999971,18097.604
26028.54,28.580000000001746,18240.469
26028.55,28.590000000000146,18240.469
26028.56,28.600000000002183,18431.066
26028.57,28.610000000000582,18288.105
26028.58,28.62000000000262,18335.752
26028.59,28.63000000000102,18240.469
26028.6,28.639999999999418,18288.105
26028.61,28.650000000001455,18383.406
26028.62,28.659999999999854,18526.416
26028.63,28.67000000000189,18335.752
26028.64,28.68000000000029,18240.469
26028.65,28.69000000000233,18288.105
26028.66,28.700000000000728,18335.752
26028.67,28.709999999999127,18240.469
26028.68,28.720000000001164,18240.469
26028.69,28.729999999999563,18288.105
26028.7,28.7400000000016,18192.838
26028.71,28.75,18240.469
26028.72,28.760000000002037,18240.469
26028.73,28.770000000000437,18192.838
26028.74,28.780000000002474,18192.838
26028.75,28.790000000000873,18431.066
26028.76,28.799999999999272,18192.838
26028.77,28.81000000000131,18192.838
26028.78,28.81999999999971,18145.217
26028.79,28.830000000001746,18431.066
26028.8,28.840000000000146,18288.105
26028.81,28.850000000002183,18192.838
26028.82,28.860000000000582,18145.217
26028.83,28.87000000000262,18240.469
26028.84,28.88000000000102,18431.066
26028.85,28.889999999999418,18288.105
26028.86,28.900000000001455,18192.838
26028.87,28.909999999999854,18192.838
26028.88,28.92000000000189,18240.469
26028.89,28.93000000000029,18145.217
26028.9,28.94000000000233,18192.838
26028.91,28.950000000000728,18383.406
26028.92,28.959999999999127,18240.469
26028.93,28.970000000001164,18288.105
26028.94,28.979999999999563,18288.105
26028.95,28.9900000000016,18240.469
26028.96,29.0,18288.105
26028.97,29.010000000002037,18240.469
26028.98,29.020000000000437,18097.604
26028.99,29.030000000002474,18383.406
26029.0,29.040000000000873,18192.838
26029.01,29.049999999999272,18288.105
26029.02,29.06000000000131,18192.838
26029.03,29.06999999999971,18288.105
26029.04,29.080000000001746,18335.752
26029.05,29.090000000000146,18288.105
26029.06,29.100000000002183,18383.406
26029.07,29.110000000000582,18192.838
26029.08,29.12000000000262,18335.752
26029.09,29.13000000000102,18383.406
26029.1,29.139999999999418,18288.105
26029.11,29.150000000001455,18288.105
26029.12,29.159999999999854,18002.402
26029.13,29.17000000000189,18288.105
26029.14,29.18000000000029,18431.066
26029.15,29.19000000000233,18335.752
26029.16,29.200000000000728,18288.105
26029.17,29.209999999999127,18335.752
26029.18,29.220000000001164,18240.469
26029.19,29.229999999999563,18288.105
26029.2,29.2400000000016,18288.105
26029.21,29.25,18383.406
26029.22,29.260000000002037,18288.105
26029.23,29.270000000000437,18145.217
26029.24,29.280000000002474,18288.105
26029.25,29.290000000000873,18288.105
26029.26,29.299999999999272,18192.838
26029.27,29.31000000000131,18097.604
26029.28,29.31999999999971,18383.406
26029.29,29.330000000001746,18335.752
26029.3,29.340000000000146,18288.105
26029.31,29.350000000002183,18097.604
26029.32,29.360000000000582,18192.838
26029.33,29.37000000000262,18288.105
26029.34,29.38000000000102,18383.406
26029.35,29.389999999999418,18240.469
26029.36,29.400000000001455,18431.066
26029.37,29.409999999999854,18526.416
26029.38,29.42000000000189,18192.838
26029.39,29.43000000000029,18097.604
26029.4,29.44000000000233,18192.838
26029.41,29.450000000000728,18335.752
26029.42,29.459999999999127,18383.406
26029.43,29.470000000001164,18335.752
26029.44,29.479999999999563,18145.217
26029.45,29.4900000000016,18335.752
26029.46,29.5,18335.752
26029.47,29.510000000002037,18192.838
26029.48,29.520000000000437,18145.217
26029.49,29.530000000002474,18192.838
26029.5,29.540000000000873,18288.105
26029.51,29.549999999999272,18335.752
26029.52,29.56000000000131,18335.752
26029.53,29.56999999999971,18145.217
26029.54,29.580000000001746,18335.752
26029.55,29.590000000000146,18383.406
26029.56,29.600000000002183,18288.105
26029.57,29.610000000000582,18192.838
26029.58,29.62000000000262,18240.469
26029.59,29.63000000000102,18383.406
26029.6,29.639999999999418,18192.838
26029.61,29.650000000001455,18240.469
26029.62,29.659999999999854,18145.217
26029.63,29.67000000000189,18335.752
26029.64,29.68000000000029,18335.752
26029.65,29.69000000000233,18335.752
26029.66,29.700000000000728,18050.0
26029.67,29.709999999999127,18145.217
26029.68,29.720000000001164,18192.838
26029.69,29.729999999999563,18192.838
26029.7,29.7400000000016,18335.752
26029.71,29.75,18383.406
26029.72,29.760000000002037,18335.752
26029.73,29.770000000000437,18288.105
26029.74,29.780000000002474,18192.838
26029.75,29.790000000000873,18240.469
26029.76,29.799999999999272,18240.469
26029.77,29.81000000000131,18335.752
26029.78,29.81999999999971,18192.838
26029.79,29.830000000001746,18192.838
26029.8,29.840000000000146,18192.838
26029.81,29.850000000002183,18192.838
26029.82,29.860000000000582,18240.469
26029.83,29.87000000000262,18288.105
26029.84,29.88000000000102,18240.469
26029.85,29.889999999999418,18192.838
26029.86,29.900000000001455,18335.752
26029.87,29.909999999999854,18192.838
26029.88,29.92000000000189,18431.066
26029.89,29.93000000000029,18145.217
26029.9,29.94000000000233,18097.604
26029.91,29.950000000000728,18192.838
26029.92,29.959999999999127,18145.217
26029.93,29.970000000001164,18335.752
26029.94,29.979999999999563,18431.066
26029.95,29.9900000000016,18335.752
26029.96,30.0,18288.105
26029.97,30.010000000002037,18288.105
26029.98,30.020000000000437,18335.752
26029.99,30.030000000002474,18288.105
26030.0,30.040000000000873,18097.604
26030.01,30.049999999999272,18335.752
26030.02,30.06000000000131,18431.066
26030.03,30.06999999999971,18335.752
26030.04,30.080000000001746,18288.105
26030.05,30.090000000000146,18288.105
26030.06,30.100000000002183,18192.838
26030.07,30.110000000000582,18526.416
26030.08,30.12000000000262,18097.604
26030.09,30.13000000000102,18145.217
26030.1,30.139999999999418,18335.752
26030.11,30.150000000001455,18240.469
26030.12,30.159999999999854,18383.406
26030.13,30.17000000000189,18335.752
26030.14,30.18000000000029,18335.752
26030.15,30.19000000000233,18240.469
26030.16,30.200000000000728,18335.752
26030.17,30.209999999999127,18145.217
26030.18,30.220000000001164,18288.105
26030.19,30.229999999999563,18335.752
26030.2,30.2400000000016,18145.217
26030.21,30.25,18192.838
26030.22,30.260000000002037,18335.752
26030.23,30.270000000000437,18240.469
26030.24,30.280000000002474,18192.838
26030.25,30.290000000000873,18145.217
26030.26,30.299999999999272,18097.604
26030.27,30.31000000000131,18240.469
26030.28,30.31999999999971,18097.604
26030.29,30.330000000001746,18288.105
26030.3,30.340000000000146,18335.752
26030.31,30.350000000002183,18240.469
26030.32,30.360000000000582,18240.469
26030.33,30.37000000000262,18192.838
26030.34,30.38000000000102,18240.469
26030.35,30.389999999999418,18240.469
26030.36,30.400000000001455,18240.469
26030.37,30.409999999999854,18097.604
26030.38,30.42000000000189,18240.469
26030.39,30.43000000000029,18335.752
26030.4,30.44000000000233,18240.469
26030.41,30.450000000000728,18145.217
26030.42,30.459999999999127,18335.752
26030.43,30.470000000001164,18288.105
26030.44,30.479999999999563,18145.217
26030.45,30.4900000000016,18240.469
26030.46,30.5,18335.752
26030.47,30.510000000002037,18335.752
26030.48,30.520000000000437,18240.469
26030.49,30.530000000002474,18240.469
26030.5,30.540000000000873,18240.469
26030.51,30.549999999999272,18240.469
26030.52,30.56000000000131,18335.752
26030.53,30.56999999999971,18288.105
26030.54,30.580000000001746,18145.217
26030.55,30.590000000000146,18145.217
26030.56,30.600000000002183,18431.066
26030.57,30.610000000000582,18145.217
26030.58,30.62000000000262,18145.217
26030.59,30.63000000000102,18431.066
26030.6,30.639999999999418,18335.752
26030.61,30.650000000001455,18335.752
26030.62,30.659999999999854,18240.469
26030.63,30.67000000000189,18288.105
26030.64,30.68000000000029,18288.105
26030.65,30.69000000000233,18431.066
26030.66,30.700000000000728,18192.838
26030.67,30.709999999999127,18192.838
26030.68,30.720000000001164,18240.469
26030.69,30.729999999999563,18288.105
26030.7,30.7400000000016,18240.469
26030.71,30.75,18288.105
26030.72,30.760000000002037,18192.838
26030.73,30.770000000000437,18097.604
26030.74,30.780000000002474,18335.752
26030.75,30.790000000000873,18192.838
26030.76,30.799999999999272,18288.105
26030.77,30.81000000000131,18431.066
26030.78,30.81999999999971,18145.217
26030.79,30.830000000001746,18097.604
26030.8,30.840000000000146,18192.838
26030.81,30.850000000002183,18240.469
26030.82,30.860000000000582,18288.105
26030.83,30.87000000000262,18431.066
26030.84,30.88000000000102,18431.066
26030.85,30.889999999999418,18240.469
26030.86,30.900000000001455,18335.752
26030.87,30.909999999999854,18288.105
26030.88,30.92000000000189,18383.406
26030.89,30.93000000000029,18288.105
26030.9,30.94000000000233,18335.752
26030.91,30.950000000000728,18240.469
26030.92,30.959999999999127,18288.105
26030.93,30.970000000001164,18288.105
26030.94,30.979999999999563,18240.469
26030.95,30.9900000000016,18288.105
26030.96,31.0,18192.838
26030.97,31.010000000002037,18192.838
26030.98,31.020000000000437,18431.066
26030.99,31.030000000002474,18288.105
26031.0,31.040000000000873,18383.406
26031.01,31.049999999999272,18335.752
26031.02,31.06000000000131,18192.838
26031.03,31.06999999999971,18145.217
26031.04,31.080000000001746,18145.217
26031.05,31.090000000000146,18097.604
26031.06,31.100000000002183,18145.217
26031.07,31.110000000000582,18097.604
26031.08,31.12000000000262,18335.752
26031.09,31.13000000000102,18192.838
26031.1,31.139999999999418,18097.604
26031.11,31.150000000001455,18335.752
26031.12,31.159999999999854,18288.105
26031.13,31.17000000000189,18335.752
26031.14,31.18000000000029,18240.469
26031.15,31.19000000000233,18335.752
26031.16,31.200000000000728,18288.105
26031.17,31.209999999999127,18192.838
26031.18,31.220000000001164,18288.105
26031.19,31.229999999999563,18240.469
26031.2,31.2400000000016,18192.838
26031.21,31.25,18383.406
26031.22,31.260000000002037,18335.752
26031.23,31.270000000000437,18240.469
26031.24,31.280000000002474,18478.738
26031.25,31.290000000000873,18383.406
26031.26,31.299999999999272,18288.105
26031.27,31.31000000000131,18431.066
26031.28,31.31999999999971,18145.217
26031.29,31.330000000001746,18192.838
26031.3,31.340000000000146,18240.469
26031.31,31.350000000002183,18288.105
26031.32,31.360000000000582,18192.838
26031.33,31.37000000000262,18240.469
26031.34,31.38000000000102,18383.406
26031.35,31.389999999999418,18240.469
26031.36,31.400000000001455,18240.469
26031.37,31.409999999999854,18431.066
26031.38,31.42000000000189,18288.105
26031.39,31.43000000000029,18431.066
26031.4,31.44000000000233,18145.217
26031.41,31.450000000000728,18240.469
26031.42,31.459999999999127,18335.752
26031.43,31.470000000001164,18335.752
26031.44,31.479999999999563,18335.752
26031.45,31.4900000000016,18288.105
26031.46,31.5,18335.752
26031.47,31.510000000002037,18335.752
26031.48,31.520000000000437,18383.406
26031.49,31.530000000002474,18192.838
26031.5,31.540000000000873,18192.838
26031.51,31.549999999999272,18288.105
26031.52,31.56000000000131,18383.406
26031.53,31.56999999999971,18192.838
26031.54,31.580000000001746,18288.105
26031.55,31.590000000000146,18240.469
26031.56,31.600000000002183,18288.105
26031.57,31.610000000000582,18335.752
26031.58,31.62000000000262,18192.838
26031.59,31.63000000000102,18288.105
26031.6,31.639999999999418,18335.752
26031.61,31.650000000001455,18383.406
26031.62,31.659999999999854,18526.416
26031.63,31.67000000000189,18240.469
26031.64,31.68000000000029,18097.604
26031.65,31.69000000000233,18145.217
26031.66,31.700000000000728,18002.402
26031.67,31.709999999999127,18335.752
26031.68,31.720000000001164,18240.469
26031.69,31.729999999999563,18288.105
26031.7,31.7400000000016,18192.838
26031.71,31.75,18335.752
26031.72,31.760000000002037,18240.469
26031.73,31.770000000000437,18240.469
26031.74,31.780000000002474,18192.838
26031.75,31.790000000000873,18192.838
26031.76,31.799999999999272,18383.406
26031.77,31.81000000000131,18335.752
26031.78,31.81999999999971,18097.604
26031.79,31.830000000001746,18192.838
26031.8,31.840000000000146,18335.752
26031.81,31.850000000002183,18335.752
26031.82,31.860000000000582,18240.469
26031.83,31.87000000000262,18240.469
26031.84,31.88000000000102,18431.066
26031.85,31.889999999999418,18478.738
26031.86,31.900000000001455,18335.752
26031.87,31.909999999999854,18335.752
26031.88,31.92000000000189,18145.217
26031.89,31.93000000000029,18335.752
26031.9,31.94000000000233,18145.217
26031.91,31.950000000000728,18097.604
26031.92,31.959999999999127,18192.838
26031.93,31.970000000001164,18621.797
26031.94,31.979999999999563,18288.105
26031.95,31.9900000000016,18240.469
26031.96,32.0,18192.838
26031.97,32.01000000000204,18240.469
26031.98,32.02000000000044,18288.105
26031.99,32.030000000002474,18192.838
26032.0,32.04000000000087,18097.604
26032.01,32.04999999999927,18145.217
26032.02,32.06000000000131,18145.217
26032.03,32.06999999999971,18335.752
26032.04,32.080000000001746,18383.406
26032.05,32.090000000000146,18288.105
26032.06,32.10000000000218,18335.752
26032.07,32.11000000000058,18145.217
26032.08,32.12000000000262,18288.105
26032.09,32.13000000000102,18192.838
26032.1,32.13999999999942,18335.752
26032.11,32.150000000001455,18431.066
26032.12,32.159999999999854,18383.406
26032.13,32.17000000000189,18288.105
26032.14,32.18000000000029,18288.105
26032.15,32.19000000000233,18240.469
26032.16,32.20000000000073,18192.838
26032.17,32.20999999999913,18240.469
26032.18,32.220000000001164,18478.738
26032.19,32.22999999999956,18478.738
26032.2,32.2400000000016,18383.406
26032.21,32.25,18192.838
26032.22,32.26000000000204,18335.752
26032.23,32.27000000000044,18288.105
26032.24,32.280000000002474,18335.752
26032.25,32.29000000000087,18288.105
26032.26,32.29999999999927,18335.752
26032.27,32.31000000000131,18192.838
26032.28,32.31999999999971,18335.752
26032.29,32.330000000001746,18288.105
26032.3,32.340000000000146,18145.217
26032.31,32.35000000000218,18383.406
26032.32,32.36000000000058,18192.838
26032.33,32.37000000000262,18192.838
26032.34,32.38000000000102,18335.752
26032.35,32.38999999999942,18192.838
26032.36,32.400000000001455,18383.406
26032.37,32.409999999999854,18335.752
26032.38,32.42000000000189,18288.105
26032.39,32.43000000000029,18383.406
26032.4,32.44000000000233,18288.105
26032.41,32.45000000000073,18240.469
26032.42,32.45999999999913,18097.604
26032.43,32.470000000001164,18288.105
26032.44,32.47999999999956,18097.604
26032.45,32.4900000000016,18335.752
26032.46,32.5,18288.105
26032.47,32.51000000000204,18335.752
26032.48,32.52000000000044,18335.752
26032.49,32.530000000002474,18383.406
26032.5,32.54000000000087,18431.066
26032.51,32.54999999999927,18431.066
26032.52,32.56000000000131,18288.105
26032.53,32.56999999999971,18145.217
26032.54,32.580000000001746,19481.686
26032.55,32.590000000000146,20344.207
26032.56,32.60000000000218,20104.354
26032.57,32.61000000000058,20200.271
26032.58,32.62000000000262,20152.309
26032.59,32.63000000000102,20200.271
26032.6,32.63999999999942,20296.221
26032.61,32.650000000001455,20296.221
26032.62,32.659999999999854,20200.271
26032.63,32.67000000000189,20200.271
26032.64,32.68000000000029,20152.309
26032.65,32.69000000000233,20248.24
26032.66,32.70000000000073,20152.309
26032.67,32.70999999999913,20152.309
26032.68,32.720000000001164,20008.469
26032.69,32.72999999999956,20248.24
26032.7,32.7400000000016,20248.24
26032.71,32.75,20056.408
26032.72,32.76000000000204,20200.271
26032.73,32.77000000000044,20248.24
26032.74,32.780000000002474,20344.207
26032.75,32.79000000000087,20200.271
26032.76,32.79999999999927,20392.201
26032.77,32.81000000000131,20248.24
26032.78,32.81999999999971,20248.24
26032.79,32.830000000001746,20200.271
26032.8,32.840000000000146,20200.271
26032.81,32.85000000000218,20296.221
26032.82,32.86000000000058,20296.221
26032.83,32.87000000000262,20104.354
26032.84,32.88000000000102,20344.207
26032.85,32.88999999999942,20344.207
26032.86,32.900000000001455,20248.24
26032.87,32.909999999999854,20392.201
26032.88,32.92000000000189,20344.207
26032.89,32.93000000000029,20200.271
26032.9,32.94000000000233,20200.271
26032.91,32.95000000000073,20392.201
26032.92,32.95999999999913,20200.271
26032.93,32.970000000001164,20344.207
26032.94,32.97999999999956,20104.354
26032.95,32.9900000000016,20248.24
26032.96,33.0,20296.221
26032.97,33.01000000000204,20248.24
26032.98,33.02000000000044,20296.221
26032.99,33.030000000002474,20248.24
26033.0,33.04000000000087,20104.354
26033.01,33.04999999999927,20104.354
26033.02,33.06000000000131,20440.205
26033.03,33.06999999999971,20392.201
26033.04,33.080000000001746,20296.221
26033.05,33.090000000000146,20296.221
26033.06,33.10000000000218,20200.271
26033.07,33.11000000000058,20200.271
26033.08,33.12000000000262,20200.271
26033.09,33.13000000000102,20200.271
26033.1,33.13999999999942,20344.207
26033.11,33.150000000001455,20248.24
26033.12,33.159999999999854,20200.271
26033.13,33.17000000000189,20200.271
26033.14,33.18000000000029,20008.469
26033.15,33.19000000000233,20248.24
26033.16,33.20000000000073,20248.24
26033.17,33.20999999999913,20152.309
26033.18,33.220000000001164,20200.271
26033.19,33.22999999999956,20296.221
26033.2,33.2400000000016,20248.24
26033.21,33.25,20200.271
26033.22,33.26000000000204,20008.469
26033.23,33.27000000000044,20152.309
26033.24,33.280000000002474,20248.24
26033.25,33.29000000000087,20344.207
26033.26,33.29999999999927,20248.24
26033.27,33.31000000000131,20152.309
26033.28,33.31999999999971,20440.205
26033.29,33.330000000001746,20104.354
26033.3,33.340000000000146,20296.221
26033.31,33.35000000000218,20344.207
26033.32,33.36000000000058,20344.207
26033.33,33.37000000000262,20392.201
26033.34,33.38000000000102,20296.221
26033.35,33.38999999999942,20248.24
26033.36,33.400000000001455,20392.201
26033.37,33.409999999999854,20296.221
26033.38,33.42000000000189,20296.221
26033.39,33.43000000000029,20200.271
26033.4,33.44000000000233,20296.221
26033.41,33.45000000000073,20440.205
26033.42,33.45999999999913,20200.271
26033.43,33.470000000001164,20200.271
26033.44,33.47999999999956,20296.221
26033.45,33.4900000000016,20200.271
26033.46,33.5,20152.309
26033.47,33.51000000000204,20200.271
26033.48,33.52000000000044,20392.201
26033.49,33.530000000002474,20296.221
26033.5,33.54000000000087,20440.205
26033.51,33.54999999999927,20296.221
26033.52,33.56000000000131,20248.24
26033.53,33.56999999999971,20200.271
26033.54,33.580000000001746,20248.24
26033.55,33.590000000000146,20296.221
26033.56,33.60000000000218,20344.207
26033.57,33.61000000000058,20296.221
26033.58,33.62000000000262,20392.201
26033.59,33.63000000000102,20200.271
26033.6,33.63999999999942,20296.221
26033.61,33.650000000001455,20344.207
26033.62,33.659999999999854,20392.201
26033.63,33.67000000000189,20248.24
26033.64,33.68000000000029,20248.24
26033.65,33.69000000000233,20152.309
26033.66,33.70000000000073,20296.221
26033.67,33.70999999999913,20152.309
26033.68,33.720000000001164,20248.24
26033.69,33.72999999999956,20344.207
26033.7,33.7400000000016,20104.354
26033.71,33.75,20392.201
26033.72,33.76000000000204,20248.24
26033.73,33.77000000000044,20200.271
26033.74,33.780000000002474,20392.201
26033.75,33.79000000000087,20296.221
26033.76,33.79999999999927,20440.205
26033.77,33.81000000000131,20392.201
26033.78,33.81999999999971,20104.354
26033.79,33.830000000001746,20200.271
26033.8,33.840000000000146,20248.24
26033.81,33.85000000000218,20248.24
26033.82,33.86000000000058,20392.201
26033.83,33.87000000000262,20248.24
26033.84,33.88000000000102,20344.207
26033.85,33.88999999999942,20392.201
26033.86,33.900000000001455,20344.207
26033.87,33.909999999999854,20008.469
26033.88,33.92000000000189,20200.271
26033.89,33.93000000000029,20440.205
26033.9,33.94000000000233,20392.201
26033.91,33.95000000000073,20104.354
26033.92,33.95999999999913,20392.201
26033.93,33.970000000001164,20440.205
26033.94,33.97999999999956,20248.24
26033.95,33.9900000000016,20440.205
26033.96,34.0,20296.221
26033.97,34.01000000000204,20344.207
26033.98,34.02000000000044,20248.24
26033.99,34.030000000002474,20008.469
26034.0,34.04000000000087,20248.24
26034.01,34.04999999999927,20344.207
26034.02,34.06000000000131,20344.207
26034.03,34.06999999999971,20200.271
26034.04,34.080000000001746,20344.207
26034.05,34.090000000000146,20344.207
26034.06,34.10000000000218,20344.207
26034.07,34.11000000000058,20440.205
26034.08,34.12000000000262,20248.24
26034.09,34.13000000000102,20296.221
26034.1,34.13999999999942,20296.221
26034.11,34.150000000001455,20296.221
26034.12,34.159999999999854,20200.271
26034.13,34.17000000000189,20440.205
26034.14,34.18000000000029,20344.207
26034.15,34.19000000000233,20248.24
26034.16,34.20000000000073,20344.207
26034.17,34.20999999999913,20248.24
26034.18,34.220000000001164,20056.408
26034.19,34.22999999999956,20104.354
26034.2,34.2400000000016,20248.24
26034.21,34.25,20296.221
26034.22,34.26000000000204,20248.24
26034.23,34.27000000000044,20296.221
26034.24,34.280000000002474,20296.221
26034.25,34.29000000000087,20392.201
26034.26,34.29999999999927,20392.201
26034.27,34.31000000000131,20392.201
26034.28,34.31999999999971,20392.201
26034.29,34.330000000001746,20296.221
26034.3,34.340000000000146,20440.205
26034.31,34.35000000000218,20296.221
26034.32,34.36000000000058,20104.354
26034.33,34.37000000000262,20248.24
26034.34,34.38000000000102,20200.271
26034.35,34.38999999999942,20248.24
26034.36,34.400000000001455,20344.207
26034.37,34.409999999999854,20248.24
26034.38,34.42000000000189,20392.201
26034.39,34.43000000000029,20200.271
26034.4,34.44000000000233,20296.221
26034.41,34.45000000000073,20248.24
26034.42,34.45999999999913,20344.207
26034.43,34.470000000001164,20248.24
26034.44,34.47999999999956,20200.271
26034.45,34.4900000000016,20344.207
26034.46,34.5,20248.24
26034.47,34.51000000000204,20392.201
26034.48,34.52000000000044,20200.271
26034.49,34.530000000002474,20152.309
26034.5,34.54000000000087,20344.207
26034.51,34.54999999999927,20344.207
26034.52,34.56000000000131,20344.207
26034.53,34.56999999999971,20344.207
26034.54,34.580000000001746,20344.207
26034.55,34.590000000000146,20440.205
26034.56,34.60000000000218,20248.24
26034.57,34.61000000000058,20344.207
26034.58,34.62000000000262,20392.201
26034.59,34.63000000000102,20440.205
26034.6,34.63999999999942,20344.207
26034.61,34.650000000001455,20104.354
26034.62,34.659999999999854,20488.217
26034.63,34.67000000000189,20392.201
26034.64,34.68000000000029,20440.205
26034.65,34.69000000000233,20104.354
26034.66,34.70000000000073,20344.207
26034.67,34.70999999999913,20440.205
26034.68,34.720000000001164,20200.271
26034.69,34.72999999999956,20344.207
26034.7,34.7400000000016,20296.221
26034.71,34.75,20392.201
26034.72,34.76000000000204,20296.221
26034.73,34.77000000000044,20248.24
26034.74,34.780000000002474,20248.24
26034.75,34.79000000000087,20344.207
26034.76,34.79999999999927,20248.24
26034.77,34.81000000000131,20392.201
26034.78,34.81999999999971,20440.205
26034.79,34.830000000001746,20200.271
26034.8,34.840000000000146,20344.207
26034.81,34.85000000000218,20344.207
26034.82,34.86000000000058,20248.24
26034.83,34.87000000000262,20392.201
26034.84,34.88000000000102,20248.24
26034.85,34.88999999999942,20248.24
26034.86,34.900000000001455,20392.201
26034.87,34.909999999999854,20248.24
26034.88,34.92000000000189,20296.221
26034.89,34.93000000000029,20392.201
26034.9,34.94000000000233,20296.221
26034.91,34.95000000000073,20296.221
26034.92,34.95999999999913,20296.221
26034.93,34.970000000001164,20392.201
26034.94,34.97999999999956,20488.217
26034.95,34.9900000000016,20296.221
26034.96,35.0,20344.207
26034.97,35.01000000000204,20392.201
26034.98,35.02000000000044,20440.205
26034.99,35.030000000002474,20296.221
26035.0,35.04000000000087,20344.207
26035.01,35.04999999999927,20392.201
26035.02,35.06000000000131,20488.217
26035.03,35.06999999999971,20392.201
26035.04,35.080000000001746,20344.207
26035.05,35.090000000000146,19960.539
26035.06,35.10000000000218,20200.271
26035.07,35.11000000000058,20152.309
26035.08,35.12000000000262,20488.217
26035.09,35.13000000000102,20248.24
26035.1,35.13999999999942,20488.217
26035.11,35.150000000001455,20200.271
26035.12,35.159999999999854,20152.309
26035.13,35.17000000000189,20296.221
26035.14,35.18000000000029,20440.205
26035.15,35.19000000000233,20200.271
26035.16,35.20000000000073,20296.221
26035.17,35.20999999999913,20248.24
26035.18,35.220000000001164,20248.24
26035.19,35.22999999999956,20296.221
26035.2,35.2400000000016,20440.205
26035.21,35.25,20296.221
26035.22,35.26000000000204,20152.309
26035.23,35.27000000000044,20152.309
26035.24,35.280000000002474,20248.24
26035.25,35.29000000000087,20152.309
26035.26,35.29999999999927,20104.354
26035.27,35.31000000000131,20440.205
26035.28,35.31999999999971,20392.201
26035.29,35.330000000001746,20440.205
26035.3,35.340000000000146,20536.236
26035.31,35.35000000000218,20296.221
26035.32,35.36000000000058,20296.221
26035.33,35.37000000000262,20200.271
26035.34,35.38000000000102,20824.523
26035.35,35.38999999999942,21787.59
26035.36,35.400000000001455,22415.328
26035.37,35.409999999999854,22608.754
26035.38,35.42000000000189,22318.664
26035.39,35.43000000000029,22415.328
26035.4,35.44000000000233,22560.385
26035.41,35.45000000000073,22415.328
26035.42,35.45999999999913,22366.992
26035.43,35.470000000001164,22608.754
26035.44,35.47999999999956,22463.672
26035.45,35.4900000000016,22415.328
26035.46,35.5,22415.328
26035.47,35.51000000000204,22657.131
26035.48,35.52000000000044,22560.385
26035.49,35.530000000002474,22415.328
26035.5,35.54000000000087,22318.664
26035.51,35.54999999999927,22318.664
26035.52,35.56000000000131,22512.023
26035.53,35.56999999999971,22560.385
26035.54,35.580000000001746,22463.672
26035.55,35.590000000000146,22366.992
26035.56,35.60000000000218,22512.023
26035.57,35.61000000000058,22608.754
26035.58,35.62000000000262,22366.992
26035.59,35.63000000000102,22463.672
26035.6,35.63999999999942,22415.328
26035.61,35.650000000001455,22512.023
26035.62,35.659999999999854,22366.992
26035.63,35.67000000000189,22415.328
26035.64,35.68000000000029,22366.992
26035.65,35.69000000000233,22366.992
26035.66,35.70000000000073,22366.992
26035.67,35.70999999999913,22415.328
26035.68,35.720000000001164,22270.344
26035.69,35.72999999999956,22366.992
26035.7,35.7400000000016,22318.664
26035.71,35.75,22512.023
26035.72,35.76000000000204,22318.664
26035.73,35.77000000000044,22463.672
26035.74,35.780000000002474,22318.664
26035.75,35.79000000000087,22366.992
26035.76,35.79999999999927,22173.729
26035.77,35.81000000000131,22463.672
26035.78,35.81999999999971,22318.664
26035.79,35.830000000001746,22366.992
26035.8,35.840000000000146,22366.992
26035.81,35.85000000000218,22415.328
26035.82,35.86000000000058,22657.131
26035.83,35.87000000000262,22512.023
26035.84,35.88000000000102,22512.023
26035.85,35.88999999999942,22415.328
26035.86,35.900000000001455,22415.328
26035.87,35.909999999999854,22318.664
26035.88,35.92000000000189,22366.992
26035.89,35.93000000000029,22318.664
26035.9,35.94000000000233,22512.023
26035.91,35.95000000000073,22366.992
26035.92,35.95999999999913,22415.328
26035.93,35.970000000001164,22415.328
26035.94,35.97999999999956,22366.992
26035.95,35.9900000000016,22366.992
26035.96,36.0,22415.328
26035.97,36.01000000000204,22366.992
26035.98,36.02000000000044,22270.344
26035.99,36.030000000002474,22366.992
26036.0,36.04000000000087,22222.031
26036.01,36.04999999999927,22366.992
26036.02,36.06000000000131,22270.344
26036.03,36.06999999999971,22415.328
26036.04,36.080000000001746,22318.664
26036.05,36.090000000000146,22463.672
26036.06,36.10000000000218,22463.672
26036.07,36.11000000000058,22560.385
26036.08,36.12000000000262,22415.328
26036.09,36.13000000000102,22318.664
26036.1,36.13999999999942,22512.023
26036.11,36.150000000001455,22318.664
26036.12,36.159999999999854,22463.672
26036.13,36.17000000000189,22366.992
26036.14,36.18000000000029,22560.385
26036.15,36.19000000000233,22318.664
26036.16,36.20000000000073,22415.328
26036.17,36.20999999999913,22415.328
26036.18,36.220000000001164,22463.672
26036.19,36.22999999999956,22415.328
26036.2,36.2400000000016,22415.328
26036.21,36.25,22318.664
26036.22,36.26000000000204,22318.664
26036.23,36.27000000000044,22463.672
26036.24,36.280000000002474,22318.664
26036.25,36.29000000000087,22415.328
26036.26,36.29999999999927,22463.672
26036.27,36.31000000000131,22366.992
26036.28,36.31999999999971,22366.992
26036.29,36.330000000001746,22512.023
26036.3,36.340000000000146,22270.344
26036.31,36.35000000000218,22318.664
26036.32,36.36000000000058,22415.328
26036.33,36.37000000000262,22415.328
26036.34,36.38000000000102,22463.672
26036.35,36.38999999999942,22463.672
26036.36,36.400000000001455,22415.328
26036.37,36.409999999999854,22415.328
26036.38,36.42000000000189,22463.672
26036.39,36.43000000000029,22270.344
26036.4,36.44000000000233,22318.664
26036.41,36.45000000000073,22415.328
26036.42,36.45999999999913,22415.328
26036.43,36.470000000001164,22366.992
26036.44,36.47999999999956,22415.328
26036.45,36.4900000000016,22463.672
26036.46,36.5,22415.328
26036.47,36.51000000000204,22560.385
26036.48,36.52000000000044,22222.031
26036.49,36.530000000002474,22318.664
26036.5,36.54000000000087,22270.344
26036.51,36.54999999999927,22463.672
26036.52,36.56000000000131,22463.672
26036.53,36.56999999999971,22222.031
26036.54,36.580000000001746,22560.385
26036.55,36.590000000000146,22512.023
26036.56,36.60000000000218,22222.031
26036.57,36.61000000000058,22125.432
26036.58,36.62000000000262,22560.385
26036.59,36.63000000000102,22415.328
26036.6,36.63999999999942,22415.328
26036.61,36.650000000001455,22366.992
26036.62,36.659999999999854,22463.672
26036.63,36.67000000000189,22415.328
26036.64,36.68000000000029,22512.023
26036.65,36.69000000000233,22560.385
26036.66,36.70000000000073,22415.328
26036.67,36.70999999999913,22657.131
26036.68,36.720000000001164,22512.023
26036.69,36.72999999999956,22415.328
26036.7,36.7400000000016,22512.023
26036.71,36.75,22463.672
26036.72,36.76000000000204,22415.328
26036.73,36.77000000000044,22366.992
26036.74,36.780000000002474,22560.385
26036.75,36.79000000000087,22366.992
26036.76,36.79999999999927,22463.672
26036.77,36.81000000000131,22512.023
26036.78,36.81999999999971,22318.664
26036.79,36.830000000001746,22463.672
26036.8,36.840000000000146,22512.023
26036.81,36.85000000000218,22463.672
26036.82,36.86000000000058,22415.328
26036.83,36.87000000000262,22463.672
26036.84,36.88000000000102,22512.023
26036.85,36.88999999999942,22318.664
26036.86,36.900000000001455,22463.672
26036.87,36.909999999999854,22657.131
26036.88,36.92000000000189,22463.672
26036.89,36.93000000000029,22560.385
26036.9,36.94000000000233,22560.385
26036.91,36.95000000000073,22560.385
26036.92,36.95999999999913,22463.672
26036.93,36.970000000001164,22560.385
26036.94,36.97999999999956,22318.664
26036.95,36.9900000000016,22318.664
26036.96,37.0,22560.385
26036.97,37.01000000000204,22560.385
26036.98,37.02000000000044,22415.328
26036.99,37.030000000002474,22560.385
26037.0,37.04000000000087,22415.328
26037.01,37.04999999999927,22560.385
26037.02,37.06000000000131,22366.992
26037.03,37.06999999999971,22463.672
26037.04,37.080000000001746,22512.023
26037.05,37.090000000000146,22463.672
26037.06,37.10000000000218,22463.672
26037.07,37.11000000000058,22753.908
26037.08,37.12000000000262,22463.672
26037.09,37.13000000000102,22657.131
26037.1,37.13999999999942,22415.328
26037.11,37.150000000001455,22463.672
26037.12,37.159999999999854,22560.385
26037.13,37.17000000000189,22512.023
26037.14,37.18000000000029,22463.672
26037.15,37.19000000000233,22512.023
26037.16,37.20000000000073,22415.328
26037.17,37.20999999999913,22366.992
26037.18,37.220000000001164,22512.023
26037.19,37.22999999999956,22512.023
26037.2,37.2400000000016,22512.023
26037.21,37.25,22560.385
26037.22,37.26000000000204,22512.023
26037.23,37.27000000000044,22318.664
26037.24,37.280000000002474,22560.385
26037.25,37.29000000000087,22512.023
26037.26,37.29999999999927,22463.672
26037.27,37.31000000000131,22512.023
26037.28,37.31999999999971,22318.664
26037.29,37.330000000001746,22657.131
26037.3,37.340000000000146,22512.023
26037.31,37.35000000000218,22318.664
26037.32,37.36000000000058,22512.023
26037.33,37.37000000000262,22415.328
26037.34,37.38000000000102,22318.664
26037.35,37.38999999999942,22366.992
26037.36,37.400000000001455,22512.023
26037.37,37.409999999999854,22366.992
26037.38,37.42000000000189,22512.023
26037.39,37.43000000000029,22657.131
26037.4,37.44000000000233,22366.992
26037.41,37.45000000000073,22415.328
26037.42,37.45999999999913,22415.328
26037.43,37.470000000001164,22512.023
26037.44,37.47999999999956,22608.754
26037.45,37.4900000000016,22463.672
26037.46,37.5,22560.385
26037.47,37.51000000000204,22705.516
26037.48,37.52000000000044,22415.328
26037.49,37.530000000002474,22415.328
26037.5,37.54000000000087,22222.031
26037.51,37.54999999999927,22415.328
26037.52,37.56000000000131,22270.344
26037.53,37.56999999999971,22560.385
26037.54,37.580000000001746,22608.754
26037.55,37.590000000000146,22463.672
26037.56,37.60000000000218,22512.023
26037.57,37.61000000000058,22560.385
26037.58,37.62000000000262,22608.754
26037.59,37.63000000000102,22657.131
26037.6,37.63999999999942,22415.328
26037.61,37.650000000001455,22366.992
26037.62,37.659999999999854,22366.992
26037.63,37.67000000000189,22415.328
26037.64,37.68000000000029,22318.664
26037.65,37.69000000000233,22560.385
26037.66,37.70000000000073,22366.992
26037.67,37.70999999999913,22415.328
26037.68,37.720000000001164,22560.385
26037.69,37.72999999999956,22512.023
26037.7,37.7400000000016,22512.023
26037.71,37.75,22560.385
26037.72,37.76000000000204,22463.672
26037.73,37.77000000000044,22366.992
26037.74,37.780000000002474,22415.328
26037.75,37.79000000000087,22366.992
26037.76,37.79999999999927,22366.992
26037.77,37.81000000000131,22415.328
26037.78,37.81999999999971,22608.754
26037.79,37.830000000001746,22512.023
26037.8,37.840000000000146,22366.992
26037.81,37.85000000000218,22270.344
26037.82,37.86000000000058,22463.672
26037.83,37.87000000000262,22512.023
26037.84,37.88000000000102,22463.672
26037.85,37.88999999999942,22463.672
26037.86,37.900000000001455,22415.328
26037.87,37.909999999999854,22512.023
26037.88,37.92000000000189,22463.672
26037.89,37.93000000000029,22560.385
26037.9,37.94000000000233,22463.672
26037.91,37.95000000000073,22560.385
26037.92,37.95999999999913,22415.328
26037.93,37.970000000001164,22608.754
26037.94,37.97999999999956,22366.992
26037.95,37.9900000000016,22512.023
26037.96,38.0,22512.023
26037.97,38.01000000000204,22318.664
26037.98,38.02000000000044,22512.023
26037.99,38.030000000002474,22463.672
26038.0,38.04000000000087,22512.023
26038.01,38.04999999999927,22270.344
26038.02,38.06000000000131,22415.328
26038.03,38.06999999999971,22463.672
26038.04,38.080000000001746,22560.385
26038.05,38.090000000000146,22705.516
26038.06,38.10000000000218,22512.023
26038.07,38.11000000000058,22463.672
26038.08,38.12000000000262,22415.328
26038.09,38.13000000000102,22512.023
26038.1,38.13999999999942,22415.328
26038.11,38.150000000001455,22318.664
26038.12,38.159999999999854,22463.672
26038.13,38.17000000000189,22318.664
26038.14,38.18000000000029,22415.328
26038.15,38.19000000000233,22366.992
26038.16,38.20000000000073,22512.023
26038.17,38.20999999999913,22560.385
26038.18,38.220000000001164,22512.023
26038.19,38.22999999999956,22318.664
26038.2,38.2400000000016,22415.328
26038.21,38.25,22415.328
26038.22,38.26000000000204,22512.023
26038.23,38.27000000000044,22463.672
26038.24,38.280000000002474,22463.672
26038.25,38.29000000000087,22512.023
26038.26,38.29999999999927,22463.672
26038.27,38.31000000000131,22366.992
26038.28,38.31999999999971,22463.672
26038.29,38.330000000001746,22463.672
26038.3,38.340000000000146,22463.672
26038.31,38.35000000000218,22270.344
26038.32,38.36000000000058,22318.664
26038.33,38.37000000000262,22366.992
26038.34,38.38000000000102,22318.664
26038.35,38.38999999999942,22463.672
26038.36,38.400000000001455,22463.672
26038.37,38.409999999999854,22415.328
26038.38,38.42000000000189,22366.992
26038.39,38.43000000000029,22463.672
26038.4,38.44000000000233,22608.754
26038.41,38.45000000000073,22463.672
26038.42,38.45999999999913,22318.664
26038.43,38.470000000001164,22512.023
26038.44,38.47999999999956,22512.023
26038.45,38.4900000000016,22512.023
26038.46,38.5,22222.031
26038.47,38.51000000000204,22415.328
26038.48,38.52000000000044,22463.672
26038.49,38.530000000002474,22366.992
26038.5,38.54000000000087,22415.328
26038.51,38.54999999999927,22705.516
26038.52,38.56000000000131,22512.023
26038.53,38.56999999999971,22318.664
26038.54,38.580000000001746,22125.432
26038.55,38.590000000000146,22173.729
26038.56,38.60000000000218,22318.664
26038.57,38.61000000000058,22463.672
26038.58,38.62000000000262,22318.664
26038.59,38.63000000000102,22415.328
26038.6,38.63999999999942,22512.023
26038.61,38.650000000001455,22318.664
26038.62,38.659999999999854,22415.328
26038.63,38.67000000000189,22560.385
26038.64,38.68000000000029,22318.664
26038.65,38.69000000000233,22366.992
26038.66,38.70000000000073,22512.023
26038.67,38.70999999999913,22415.328
26038.68,38.720000000001164,22560.385
26038.69,38.72999999999956,22415.328
26038.7,38.7400000000016,22657.131
26038.71,38.75,22560.385
26038.72,38.76000000000204,22657.131
26038.73,38.77000000000044,22415.328
26038.74,38.780000000002474,22415.328
26038.75,38.79000000000087,22463.672
26038.76,38.79999999999927,22753.908
26038.77,38.81000000000131,22657.131
26038.78,38.81999999999971,22512.023
26038.79,38.830000000001746,22560.385
26038.8,38.840000000000146,22512.023
26038.81,38.85000000000218,22512.023
26038.82,38.86000000000058,22318.664
26038.83,38.87000000000262,22366.992
26038.84,38.88000000000102,22560.385
26038.85,38.88999999999942,22512.023
26038.86,38.900000000001455,22463.672
26038.87,38.909999999999854,22512.023
26038.88,38.92000000000189,22560.385
26038.89,38.93000000000029,22366.992
26038.9,38.94000000000233,22463.672
26038.91,38.95000000000073,22512.023
26038.92,38.95999999999913,22415.328
26038.93,38.970000000001164,22560.385
26038.94,38.97999999999956,22512.023
26038.95,38.9900000000016,22512.023
26038.96,39.0,22463.672
26038.97,39.01000000000204,22366.992
26038.98,39.02000000000044,22657.131
26038.99,39.030000000002474,22512.023
26039.0,39.04000000000087,22512.023
26039.01,39.04999999999927,22560.385
26039.02,39.06000000000131,22463.672
26039.03,39.06999999999971,22560.385
26039.04,39.080000000001746,22463.672
26039.05,39.090000000000146,22608.754
26039.06,39.10000000000218,22366.992
26039.07,39.11000000000058,22560.385
26039.08,39.12000000000262,22415.328
26039.09,39.13000000000102,22512.023
26039.1,39.13999999999942,22657.131
26039.11,39.150000000001455,22512.023
26039.12,39.159999999999854,22512.023
26039.13,39.17000000000189,22560.385
26039.14,39.18000000000029,22512.023
26039.15,39.19000000000233,22512.023
26039.16,39.20000000000073,22560.385
26039.17,39.20999999999913,22318.664
26039.18,39.220000000001164,22366.992
26039.19,39.22999999999956,22366.992
26039.2,39.2400000000016,22560.385
26039.21,39.25,22512.023
26039.22,39.26000000000204,22753.908
26039.23,39.27000000000044,22512.023
26039.24,39.280000000002474,22608.754
26039.25,39.29000000000087,22512.023
26039.26,39.29999999999927,22657.131
26039.27,39.31000000000131,22415.328
26039.28,39.31999999999971,22463.672
26039.29,39.330000000001746,22705.516
26039.3,39.340000000000146,22560.385
26039.31,39.35000000000218,22560.385
26039.32,39.36000000000058,22608.754
26039.33,39.37000000000262,22463.672
26039.34,39.38000000000102,22560.385
26039.35,39.38999999999942,22463.672
26039.36,39.400000000001455,22415.328
26039.37,39.409999999999854,22657.131
26039.38,39.42000000000189,22512.023
26039.39,39.43000000000029,22463.672
26039.4,39.44000000000233,22366.992
26039.41,39.45000000000073,22318.664
26039.42,39.45999999999913,22512.023
26039.43,39.470000000001164,22415.328
26039.44,39.47999999999956,22463.672
26039.45,39.4900000000016,22560.385
26039.46,39.5,22415.328
26039.47,39.51000000000204,22463.672
26039.48,39.52000000000044,22463.672
26039.49,39.530000000002474,22463.672
26039.5,39.54000000000087,22512.023
26039.51,39.54999999999927,22608.754
26039.52,39.56000000000131,22512.023
26039.53,39.56999999999971,22657.131
26039.54,39.580000000001746,22705.516
26039.55,39.590000000000146,22463.672
26039.56,39.60000000000218,22560.385
26039.57,39.61000000000058,22366.992
26039.58,39.62000000000262,22560.385
26039.59,39.63000000000102,22463.672
26039.6,39.63999999999942,22560.385
26039.61,39.650000000001455,22657.131
26039.62,39.659999999999854,22366.992
26039.63,39.67000000000189,22657.131
26039.64,39.68000000000029,22512.023
26039.65,39.69000000000233,22415.328
26039.66,39.70000000000073,22560.385
26039.67,39.70999999999913,22366.992
26039.68,39.720000000001164,22512.023
26039.69,39.72999999999956,22512.023
26039.7,39.7400000000016,22512.023
26039.71,39.75,22415.328
26039.72,39.76000000000204,22560.385
26039.73,39.77000000000044,22512.023
26039.74,39.780000000002474,22415.328
26039.75,39.79000000000087,22463.672
26039.76,39.79999999999927,22560.385
26039.77,39.81000000000131,22318.664
26039.78,39.81999999999971,22463.672
26039.79,39.830000000001746,22560.385
26039.8,39.840000000000146,22608.754
26039.81,39.85000000000218,22415.328
26039.82,39.86000000000058,22270.344
26039.83,39.87000000000262,22318.664
26039.84,39.88000000000102,22463.672
26039.85,39.88999999999942,22463.672
26039.86,39.900000000001455,22560.385
26039.87,39.909999999999854,22512.023
26039.88,39.92000000000189,22512.023
26039.89,39.93000000000029,22657.131
26039.9,39.94000000000233,22318.664
26039.91,39.95000000000073,22560.385
26039.92,39.95999999999913,22512.023
26039.93,39.970000000001164,22608.754
26039.94,39.97999999999956,22512.023
26039.95,39.9900000000016,22415.328
26039.96,40.0,22270.344
26039.97,40.01000000000204,22366.992
26039.98,40.02000000000044,22463.672
26039.99,40.030000000002474,22318.664
26040.0,40.04000000000087,22560.385
26040.01,40.04999999999927,22366.992
26040.02,40.06000000000131,22415.328
26040.03,40.06999999999971,22318.664
26040.04,40.080000000001746,22657.131
26040.05,40.090000000000146,22560.385
26040.06,40.10000000000218,22512.023
26040.07,40.11000000000058,22366.992
26040.08,40.12000000000262,22415.328
26040.09,40.13000000000102,22463.672
26040.1,40.13999999999942,22415.328
26040.11,40.150000000001455,22463.672
26040.12,40.159999999999854,22560.385
26040.13,40.17000000000189,22366.992
26040.14,40.18000000000029,22415.328
26040.15,40.19000000000233,22512.023
26040.16,40.20000000000073,22463.672
26040.17,40.20999999999913,22560.385
26040.18,40.220000000001164,22366.992
26040.19,40.22999999999956,22318.664
26040.2,40.2400000000016,22366.992
26040.21,40.25,22366.992
26040.22,40.26000000000204,22512.023
26040.23,40.27000000000044,22512.023
26040.24,40.280000000002474,22318.664
26040.25,40.29000000000087,22415.328
26040.26,40.29999999999927,22366.992
26040.27,40.31000000000131,22560.385
26040.28,40.31999999999971,22657.131
26040.29,40.330000000001746,22366.992
26040.3,40.340000000000146,22366.992
26040.31,40.35000000000218,22657.131
26040.32,40.36000000000058,22415.328
26040.33,40.37000000000262,22560.385
26040.34,40.38000000000102,22512.023
26040.35,40.38999999999942,22512.023
26040.36,40.400000000001455,22415.328
26040.37,40.409999999999854,22512.023
26040.38,40.42000000000189,22222.031
26040.39,40.43000000000029,22560.385
26040.4,40.44000000000233,22463.672
26040.41,40.45000000000073,22318.664
26040.42,40.45999999999913,22512.023
26040.43,40.470000000001164,22415.328
26040.44,40.47999999999956,22463.672
26040.45,40.4900000000016,22366.992
26040.46,40.5,22366.992
26040.47,40.51000000000204,22512.023
26040.48,40.52000000000044,22366.992
26040.49,40.530000000002474,22608.754
26040.5,40.54000000000087,22270.344
26040.51,40.54999999999927,22512.023
26040.52,40.56000000000131,22366.992
26040.53,40.56999999999971,22415.328
26040.54,40.580000000001746,22366.992
26040.55,40.590000000000146,22463.672
26040.56,40.60000000000218,22318.664
26040.57,40.61000000000058,22366.992
26040.58,40.62000000000262,22222.031
26040.59,40.63000000000102,22608.754
26040.6,40.63999999999942,22366.992
26040.61,40.650000000001455,22463.672
26040.62,40.659999999999854,22608.754
26040.63,40.67000000000189,22657.131
26040.64,40.68000000000029,22415.328
26040.65,40.69000000000233,22318.664
26040.66,40.70000000000073,22560.385
26040.67,40.70999999999913,22415.328
26040.68,40.720000000001164,22512.023
26040.69,40.72999999999956,22512.023
26040.7,40.7400000000016,22318.664
26040.71,40.75,22512.023
26040.72,40.76000000000204,22512.023
26040.73,40.77000000000044,22415.328
26040.74,40.780000000002474,22318.664
26040.75,40.79000000000087,22512.023
26040.76,40.79999999999927,22753.908
26040.77,40.81000000000131,22512.023
26040.78,40.81999999999971,22512.023
26040.79,40.830000000001746,22512.023
26040.8,40.840000000000146,22366.992
26040.81,40.85000000000218,22366.992
26040.82,40.86000000000058,22512.023
26040.83,40.87000000000262,22560.385
26040.84,40.88000000000102,22318.664
26040.85,40.88999999999942,22463.672
26040.86,40.900000000001455,22560.385
26040.87,40.909999999999854,22415.328
26040.88,40.92000000000189,22512.023
26040.89,40.93000000000029,22560.385
26040.9,40.94000000000233,22657.131
26040.91,40.95000000000073,22560.385
26040.92,40.95999999999913,22512.023
26040.93,40.970000000001164,22560.385
26040.94,40.97999999999956,22463.672
26040.95,40.9900000000016,22463.672
26040.96,41.0,22608.754
26040.97,41.01000000000204,22463.672
26040.98,41.02000000000044,22560.385
26040.99,41.030000000002474,22608.754
26041.0,41.04000000000087,22512.023
26041.01,41.04999999999927,22415.328
26041.02,41.06000000000131,22657.131
26041.03,41.06999999999971,22270.344
26041.04,41.080000000001746,22560.385
26041.05,41.090000000000146,22512.023
26041.06,41.10000000000218,22270.344
26041.07,41.11000000000058,22560.385
26041.08,41.12000000000262,22657.131
26041.09,41.13000000000102,22512.023
26041.1,41.13999999999942,22657.131
26041.11,41.150000000001455,22512.023
26041.12,41.159999999999854,22657.131
26041.13,41.17000000000189,22415.328
26041.14,41.18000000000029,22512.023
26041.15,41.19000000000233,22366.992
26041.16,41.20000000000073,22512.023
26041.17,41.20999999999913,22512.023
26041.18,41.220000000001164,22512.023
26041.19,41.22999999999956,22415.328
26041.2,41.2400000000016,22560.385
26041.21,41.25,22608.754
26041.22,41.26000000000204,22608.754
26041.23,41.27000000000044,22415.328
26041.24,41.280000000002474,22512.023
26041.25,41.29000000000087,22318.664
26041.26,41.29999999999927,22657.131
26041.27,41.31000000000131,22415.328
26041.28,41.31999999999971,22608.754
26041.29,41.330000000001746,22366.992
26041.3,41.340000000000146,22318.664
26041.31,41.35000000000218,22657.131
26041.32,41.36000000000058,22366.992
26041.33,41.37000000000262,22657.131
26041.34,41.38000000000102,22560.385
26041.35,41.38999999999942,22560.385
26041.36,41.400000000001455,22512.023
26041.37,41.409999999999854,22463.672
26041.38,41.42000000000189,22415.328
26041.39,41.43000000000029,22512.023
26041.4,41.44000000000233,22512.023
26041.41,41.45000000000073,22512.023
26041.42,41.45999999999913,22270.344
26041.43,41.470000000001164,22560.385
26041.44,41.47999999999956,22415.328
26041.45,41.4900000000016,22657.131
26041.46,41.5,22463.672
26041.47,41.51000000000204,22366.992
26041.48,41.52000000000044,22608.754
26041.49,41.530000000002474,22512.023
26041.5,41.54000000000087,22753.908
26041.51,41.54999999999927,22657.131
26041.52,41.56000000000131,22366.992
26041.53,41.56999999999971,22415.328
26041.54,41.580000000001746,22318.664
26041.55,41.590000000000146,22512.023
26041.56,41.60000000000218,22463.672
26041.57,41.61000000000058,22270.344
26041.58,41.62000000000262,22415.328
26041.59,41.63000000000102,22512.023
26041.6,41.63999999999942,22560.385
26041.61,41.650000000001455,22415.328
26041.62,41.659999999999854,22512.023
26041.63,41.67000000000189,22463.672
26041.64,41.68000000000029,22560.385
26041.65,41.69000000000233,22705.516
26041.66,41.70000000000073,22512.023
26041.67,41.70999999999913,22512.023
26041.68,41.720000000001164,22560.385
26041.69,41.72999999999956,22560.385
26041.7,41.7400000000016,22608.754
26041.71,41.75,22560.385
26041.72,41.76000000000204,22366.992
26041.73,41.77000000000044,22512.023
26041.74,41.780000000002474,22463.672
26041.75,41.79000000000087,22657.131
26041.76,41.79999999999927,22415.328
26041.77,41.81000000000131,22463.672
26041.78,41.81999999999971,22318.664
26041.79,41.830000000001746,22657.131
26041.8,41.840000000000146,22560.385
26041.81,41.85000000000218,22512.023
26041.82,41.86000000000058,22463.672
26041.83,41.87000000000262,22560.385
26041.84,41.88000000000102,22560.385
26041.85,41.88999999999942,22512.023
26041.86,41.900000000001455,22512.023
26041.87,41.909999999999854,22657.131
26041.88,41.92000000000189,22512.023
26041.89,41.93000000000029,22512.023
26041.9,41.94000000000233,22657.131
26041.91,41.95000000000073,22512.023
26041.92,41.95999999999913,22318.664
26041.93,41.970000000001164,22366.992
26041.94,41.97999999999956,22657.131
26041.95,41.9900000000016,22560.385
26041.96,42.0,22512.023
26041.97,42.01000000000204,22512.023
26041.98,42.02000000000044,22415.328
26041.99,42.030000000002474,22415.328
26042.0,42.04000000000087,22608.754
26042.01,42.04999999999927,22512.023
26042.02,42.06000000000131,22463.672
26042.03,42.06999999999971,22415.328
26042.04,42.080000000001746,22512.023
26042.05,42.090000000000146,22366.992
26042.06,42.10000000000218,22366.992
26042.07,42.11000000000058,22512.023
26042.08,42.12000000000262,22512.023
26042.09,42.13000000000102,22366.992
26042.1,42.13999999999942,22463.672
26042.11,42.150000000001455,22415.328
26042.12,42.159999999999854,22415.328
26042.13,42.17000000000189,22415.328
26042.14,42.18000000000029,22318.664
26042.15,42.19000000000233,22463.672
26042.16,42.20000000000073,22560.385
26042.17,42.20999999999913,22463.672
26042.18,42.220000000001164,22608.754
26042.19,42.22999999999956,22318.664
26042.2,42.2400000000016,22753.908
26042.21,42.25,22657.131
26042.22,42.26000000000204,22705.516
26042.23,42.27000000000044,22463.672
26042.24,42.280000000002474,22415.328
26042.25,42.29000000000087,22560.385
26042.26,42.29999999999927,22512.023
26042.27,42.31000000000131,22463.672
26042.28,42.31999999999971,22512.023
26042.29,42.330000000001746,22512.023
26042.3,42.340000000000146,22318.664
26042.31,42.35000000000218,22560.385
26042.32,42.36000000000058,22512.023
26042.33,42.37000000000262,22366.992
26042.34,42.38000000000102,22512.023
26042.35,42.38999999999942,22512.023
26042.36,42.400000000001455,22512.023
26042.37,42.409999999999854,22560.385
26042.38,42.42000000000189,22366.992
26042.39,42.43000000000029,22512.023
26042.4,42.44000000000233,22657.131
26042.41,42.45000000000073,22512.023
26042.42,42.45999999999913,22366.992
26042.43,42.470000000001164,22657.131
26042.44,42.47999999999956,22366.992
26042.45,42.4900000000016,22512.023
26042.46,42.5,22415.328
26042.47,42.51000000000204,22463.672
26042.48,42.52000000000044,22512.023
26042.49,42.530000000002474,22560.385
26042.5,42.54000000000087,22657.131
26042.51,42.54999999999927,22415.328
26042.52,42.56000000000131,22415.328
26042.53,42.56999999999971,22366.992
26042.54,42.580000000001746,22560.385
26042.55,42.590000000000146,22463.672
26042.56,42.60000000000218,22512.023
26042.57,42.61000000000058,22415.328
26042.58,42.62000000000262,22608.754
26042.59,42.63000000000102,22463.672
26042.6,42.63999999999942,22560.385
26042.61,42.650000000001455,22463.672
26042.62,42.659999999999854,22415.328
26042.63,42.67000000000189,22512.023
26042.64,42.68000000000029,22560.385
26042.65,42.69000000000233,22560.385
26042.66,42.70000000000073,22366.992
26042.67,42.70999999999913,22512.023
26042.68,42.720000000001164,22415.328
26042.69,42.72999999999956,22366.992
26042.7,42.7400000000016,22366.992
26042.71,42.75,22657.131
26042.72,42.76000000000204,22318.664
26042.73,42.77000000000044,22512.023
26042.74,42.780000000002474,22657.131
26042.75,42.79000000000087,22318.664
26042.76,42.79999999999927,22657.131
26042.77,42.81000000000131,22366.992
26042.78,42.81999999999971,22463.672
26042.79,42.830000000001746,22512.023
26042.8,42.840000000000146,22463.672
26042.81,42.85000000000218,22560.385
26042.82,42.86000000000058,22608.754
26042.83,42.87000000000262,22415.328
26042.84,42.88000000000102,22463.672
26042.85,42.88999999999942,22463.672
26042.86,42.900000000001455,22415.328
26042.87,42.909999999999854,22366.992
26042.88,42.92000000000189,22512.023
26042.89,42.93000000000029,22512.023
26042.9,42.94000000000233,22560.385
26042.91,42.95000000000073,22512.023
26042.92,42.95999999999913,22560.385
26042.93,42.970000000001164,22753.908
26042.94,42.97999999999956,22512.023
26042.95,42.9900000000016,22560.385
26042.96,43.0,22512.023
26042.97,43.01000000000204,22415.328
26042.98,43.02000000000044,22463.672
26042.99,43.030000000002474,22366.992
26043.0,43.04000000000087,22560.385
26043.01,43.04999999999927,22560.385
26043.02,43.06000000000131,22415.328
26043.03,43.06999999999971,22415.328
26043.04,43.080000000001746,22366.992
26043.05,43.090000000000146,22512.023
26043.06,43.10000000000218,22463.672
26043.07,43.11000000000058,22415.328
26043.08,43.12000000000262,22657.131
26043.09,43.13000000000102,22463.672
26043.1,43.13999999999942,22222.031
26043.11,43.150000000001455,22318.664
26043.12,43.159999999999854,22463.672
26043.13,43.17000000000189,22463.672
26043.14,43.18000000000029,22463.672
26043.15,43.19000000000233,22366.992
26043.16,43.20000000000073,22463.672
26043.17,43.20999999999913,22318.664
26043.18,43.220000000001164,22415.328
26043.19,43.22999999999956,22512.023
26043.2,43.2400000000016,22366.992
26043.21,43.25,22415.328
26043.22,43.26000000000204,22753.908
26043.23,43.27000000000044,22415.328
26043.24,43.280000000002474,22463.672
26043.25,43.29000000000087,22415.328
26043.26,43.29999999999927,22415.328
26043.27,43.31000000000131,22318.664
26043.28,43.31999999999971,22222.031
26043.29,43.330000000001746,22366.992
26043.3,43.340000000000146,22366.992
26043.31,43.35000000000218,22560.385
26043.32,43.36000000000058,22560.385
26043.33,43.37000000000262,22560.385
26043.34,43.38000000000102,22560.385
26043.35,43.38999999999942,22560.385
26043.36,43.400000000001455,22608.754
26043.37,43.409999999999854,22512.023
26043.38,43.42000000000189,22415.328
26043.39,43.43000000000029,22318.664
26043.4,43.44000000000233,22512.023
26043.41,43.45000000000073,22512.023
26043.42,43.45999999999913,22366.992
26043.43,43.470000000001164,22560.385
26043.44,43.47999999999956,22318.664
26043.45,43.4900000000016,22512.023
26043.46,43.5,22463.672
26043.47,43.51000000000204,22512.023
26043.48,43.52000000000044,22318.664
26043.49,43.530000000002474,22463.672
26043.5,43.54000000000087,22512.023
26043.51,43.54999999999927,22366.992
26043.52,43.56000000000131,22512.023
26043.53,43.56999999999971,22560.385
26043.54,43.580000000001746,22366.992
26043.55,43.590000000000146,22608.754
26043.56,43.60000000000218,22415.328
26043.57,43.61000000000058,22415.328
26043.58,43.62000000000262,22512.023
26043.59,43.63000000000102,22415.328
26043.6,43.63999999999942,22318.664
26043.61,43.650000000001455,22415.328
26043.62,43.659999999999854,22270.344
26043.63,43.67000000000189,22415.328
26043.64,43.68000000000029,22270.344
26043.65,43.69000000000233,22366.992
26043.66,43.70000000000073,22173.729
26043.67,43.70999999999913,22366.992
26043.68,43.720000000001164,22463.672
26043.69,43.72999999999956,22366.992
26043.7,43.7400000000016,22463.672
26043.71,43.75,22222.031
26043.72,43.76000000000204,22318.664
26043.73,43.77000000000044,22415.328
26043.74,43.780000000002474,22125.432
26043.75,43.79000000000087,22415.328
26043.76,43.79999999999927,22512.023
26043.77,43.81000000000131,22415.328
26043.78,43.81999999999971,22560.385
26043.79,43.830000000001746,22173.729
26043.8,43.840000000000146,22077.145
26043.81,43.85000000000218,22463.672
26043.82,43.86000000000058,22366.992
26043.83,43.87000000000262,22366.992
26043.84,43.88000000000102,22318.664
26043.85,43.88999999999942,22415.328
26043.86,43.900000000001455,22512.023
26043.87,43.909999999999854,22463.672
26043.88,43.92000000000189,22222.031
26043.89,43.93000000000029,22463.672
26043.9,43.94000000000233,22270.344
26043.91,43.95000000000073,22222.031
26043.92,43.95999999999913,22415.328
26043.93,43.970000000001164,22608.754
26043.94,43.97999999999956,22366.992
26043.95,43.9900000000016,22415.328
26043.96,44.0,22415.328
26043.97,44.01000000000204,22222.031
26043.98,44.02000000000044,22415.328
26043.99,44.030000000002474,22270.344
26044.0,44.04000000000087,22270.344
26044.01,44.04999999999927,22270.344
26044.02,44.06000000000131,22512.023
26044.03,44.06999999999971,22318.664
26044.04,44.080000000001746,22560.385
26044.05,44.090000000000146,22222.031
26044.06,44.10000000000218,22560.385
26044.07,44.11000000000058,22318.664
26044.08,44.12000000000262,22270.344
26044.09,44.13000000000102,22318.664
26044.1,44.13999999999942,22222.031
26044.11,44.150000000001455,22366.992
26044.12,44.159999999999854,22270.344
26044.13,44.17000000000189,22318.664
26044.14,44.18000000000029,22270.344
26044.15,44.19000000000233,22318.664
26044.16,44.20000000000073,22366.992
26044.17,44.20999999999913,22222.031
26044.18,44.220000000001164,22512.023
26044.19,44.22999999999956,22173.729
26044.2,44.2400000000016,22318.664
26044.21,44.25,22463.672
26044.22,44.26000000000204,22318.664
26044.23,44.27000000000044,22560.385
26044.24,44.280000000002474,22415.328
26044.25,44.29000000000087,22366.992
26044.26,44.29999999999927,22318.664
26044.27,44.31000000000131,22318.664
26044.28,44.31999999999971,22318.664
26044.29,44.330000000001746,22415.328
26044.3,44.340000000000146,22512.023
26044.31,44.35000000000218,22366.992
26044.32,44.36000000000058,22318.664
26044.33,44.37000000000262,22366.992
26044.34,44.38000000000102,22608.754
26044.35,44.38999999999942,22318.664
26044.36,44.400000000001455,22560.385
26044.37,44.409999999999854,22415.328
26044.38,44.42000000000189,22318.664
26044.39,44.43000000000029,22318.664
26044.4,44.44000000000233,22270.344
26044.41,44.45000000000073,22318.664
26044.42,44.45999999999913,22366.992
26044.43,44.470000000001164,22463.672
26044.44,44.47999999999956,22318.664
26044.45,44.4900000000016,22318.664
26044.46,44.5,22560.385
26044.47,44.51000000000204,22270.344
26044.48,44.52000000000044,22173.729
26044.49,44.530000000002474,22415.328
26044.5,44.54000000000087,22366.992
26044.51,44.54999999999927,22366.992
26044.52,44.56000000000131,22318.664
26044.53,44.56999999999971,22366.992
26044.54,44.580000000001746,22318.664
26044.55,44.590000000000146,22366.992
26044.56,44.60000000000218,22366.992
26044.57,44.61000000000058,22415.328
26044.58,44.62000000000262,22415.328
26044.59,44.63000000000102,22415.328
26044.6,44.63999999999942,22415.328
26044.61,44.650000000001455,22463.672
26044.62,44.659999999999854,22415.328
26044.63,44.67000000000189,22560.385
26044.64,44.68000000000029,22512.023
26044.65,44.69000000000233,22463.672
26044.66,44.70000000000073,22318.664
26044.67,44.70999999999913,22463.672
26044.68,44.720000000001164,22318.664
26044.69,44.72999999999956,22463.672
26044.7,44.7400000000016,22512.023
26044.71,44.75,22415.328
26044.72,44.76000000000204,22657.131
26044.73,44.77000000000044,22512.023
26044.74,44.780000000002474,22608.754
26044.75,44.79000000000087,22415.328
26044.76,44.79999999999927,22173.729
26044.77,44.81000000000131,22318.664
26044.78,44.81999999999971,22512.023
26044.79,44.830000000001746,22512.023
26044.8,44.840000000000146,22318.664
26044.81,44.85000000000218,22608.754
26044.82,44.86000000000058,22463.672
26044.83,44.87000000000262,22318.664
26044.84,44.88000000000102,22560.385
26044.85,44.88999999999942,22270.344
26044.86,44.900000000001455,22318.664
26044.87,44.909999999999854,22463.672
26044.88,44.92000000000189,22560.385
26044.89,44.93000000000029,22608.754
26044.9,44.94000000000233,22463.672
26044.91,44.95000000000073,22560.385
26044.92,44.95999999999913,22512.023
26044.93,44.970000000001164,22560.385
26044.94,44.97999999999956,22560.385
26044.95,44.9900000000016,22415.328
26044.96,45.0,22512.023
26044.97,45.01000000000204,22415.328
26044.98,45.02000000000044,22366.992
26044.99,45.030000000002474,22318.664
26045.0,45.04000000000087,22270.344
26045.01,45.04999999999927,22366.992
26045.02,45.06000000000131,22415.328
26045.03,45.06999999999971,22366.992
26045.04,45.080000000001746,22415.328
26045.05,45.090000000000146,22560.385
26045.06,45.10000000000218,22415.328
26045.07,45.11000000000058,22560.385
26045.08,45.12000000000262,22415.328
26045.09,45.13000000000102,22366.992
26045.1,45.13999999999942,22463.672
26045.11,45.150000000001455,22608.754
26045.12,45.159999999999854,22560.385
26045.13,45.17000000000189,22512.023
26045.14,45.18000000000029,22463.672
26045.15,45.19000000000233,22415.328
26045.16,45.20000000000073,22512.023
26045.17,45.20999999999913,22463.672
26045.18,45.220000000001164,22560.385
26045.19,45.22999999999956,22512.023
26045.2,45.2400000000016,22366.992
26045.21,45.25,22318.664
26045.22,45.26000000000204,22560.385
26045.23,45.27000000000044,22415.328
26045.24,45.280000000002474,22415.328
26045.25,45.29000000000087,22512.023
26045.26,45.29999999999927,22705.516
26045.27,45.31000000000131,22560.385
26045.28,45.31999999999971,22415.328
26045.29,45.330000000001746,22512.023
26045.3,45.340000000000146,22463.672
26045.31,45.35000000000218,22705.516
26045.32,45.36000000000058,22415.328
26045.33,45.37000000000262,22560.385
26045.34,45.38000000000102,22463.672
26045.35,45.38999999999942,22415.328
26045.36,45.400000000001455,22560.385
26045.37,45.409999999999854,22415.328
26045.38,45.42000000000189,22560.385
26045.39,45.43000000000029,22366.992
26045.4,45.44000000000233,22366.992
26045.41,45.45000000000073,22560.385
26045.42,45.45999999999913,22512.023
26045.43,45.470000000001164,22415.328
26045.44,45.47999999999956,22463.672
26045.45,45.4900000000016,22366.992
26045.46,45.5,22415.328
26045.47,45.51000000000204,22608.754
26045.48,45.52000000000044,22366.992
26045.49,45.530000000002474,22366.992
26045.5,45.54000000000087,22415.328
26045.51,45.54999999999927,22463.672
26045.52,45.56000000000131,22222.031
26045.53,45.56999999999971,22512.023
26045.54,45.580000000001746,22608.754
26045.55,45.590000000000146,22512.023
26045.56,45.60000000000218,22366.992
26045.57,45.61000000000058,22366.992
26045.58,45.62000000000262,22463.672
26045.59,45.63000000000102,22560.385
26045.6,45.63999999999942,22608.754
26045.61,45.650000000001455,22318.664
26045.62,45.659999999999854,22318.664
26045.63,45.67000000000189,22512.023
26045.64,45.68000000000029,22463.672
26045.65,45.69000000000233,22415.328
26045.66,45.70000000000073,22366.992
26045.67,45.70999999999913,22512.023
26045.68,45.720000000001164,22560.385
26045.69,45.72999999999956,22463.672
26045.7,45.7400000000016,22463.672
26045.71,45.75,22366.992
26045.72,45.76000000000204,22463.672
26045.73,45.77000000000044,22415.328
26045.74,45.780000000002474,22560.385
26045.75,45.79000000000087,22318.664
26045.76,45.79999999999927,22415.328
26045.77,45.81000000000131,22415.328
26045.78,45.81999999999971,22657.131
26045.79,45.830000000001746,22270.344
26045.8,45.840000000000146,22463.672
26045.81,45.85000000000218,22318.664
26045.82,45.86000000000058,22415.328
26045.83,45.87000000000262,22463.672
26045.84,45.88000000000102,22270.344
26045.85,45.88999999999942,22415.328
26045.86,45.900000000001455,22415.328
26045.87,45.909999999999854,22366.992
26045.88,45.92000000000189,22366.992
26045.89,45.93000000000029,22415.328
26045.9,45.94000000000233,22366.992
26045.91,45.95000000000073,22512.023
26045.92,45.95999999999913,22366.992
26045.93,45.970000000001164,22366.992
26045.94,45.97999999999956,22415.328
26045.95,45.9900000000016,22512.023
26045.96,46.0,22318.664
26045.97,46.01000000000204,22415.328
26045.98,46.02000000000044,22318.664
26045.99,46.030000000002474,22415.328
26046.0,46.04000000000087,22560.385
26046.01,46.04999999999927,22560.385
26046.02,46.06000000000131,22222.031
26046.03,46.06999999999971,22270.344
26046.04,46.080000000001746,22318.664
26046.05,46.090000000000146,22512.023
26046.06,46.10000000000218,22366.992
26046.07,46.11000000000058,22318.664
26046.08,46.12000000000262,22366.992
26046.09,46.13000000000102,22318.664
26046.1,46.13999999999942,22415.328
26046.11,46.150000000001455,22173.729
26046.12,46.159999999999854,22512.023
26046.13,46.17000000000189,22270.344
26046.14,46.18000000000029,22415.328
26046.15,46.19000000000233,22463.672
26046.16,46.20000000000073,22463.672
26046.17,46.20999999999913,22608.754
26046.18,46.220000000001164,22512.023
26046.19,46.22999999999956,22415.328
26046.2,46.2400000000016,22463.672
26046.21,46.25,22512.023
26046.22,46.26000000000204,22512.023
26046.23,46.27000000000044,22463.672
26046.24,46.280000000002474,22366.992
26046.25,46.29000000000087,22560.385
26046.26,46.29999999999927,22415.328
26046.27,46.31000000000131,22463.672
26046.28,46.31999999999971,22318.664
26046.29,46.330000000001746,22512.023
26046.3,46.340000000000146,22415.328
26046.31,46.35000000000218,22463.672
26046.32,46.36000000000058,22415.328
26046.33,46.37000000000262,22463.672
26046.34,46.38000000000102,22512.023
26046.35,46.38999999999942,22463.672
26046.36,46.400000000001455,22463.672
26046.37,46.409999999999854,22463.672
26046.38,46.42000000000189,22512.023
26046.39,46.43000000000029,22463.672
26046.4,46.44000000000233,22366.992
26046.41,46.45000000000073,22657.131
26046.42,46.45999999999913,22270.344
26046.43,46.470000000001164,22415.328
26046.44,46.47999999999956,22463.672
26046.45,46.4900000000016,22657.131
26046.46,46.5,22318.664
26046.47,46.51000000000204,22318.664
26046.48,46.52000000000044,22415.328
26046.49,46.530000000002474,22318.664
26046.5,46.54000000000087,22560.385
26046.51,46.54999999999927,22415.328
26046.52,46.56000000000131,22512.023
26046.53,46.56999999999971,22560.385
26046.54,46.580000000001746,22463.672
26046.55,46.590000000000146,22318.664
26046.56,46.60000000000218,22318.664
26046.57,46.61000000000058,22512.023
26046.58,46.62000000000262,22463.672
26046.59,46.63000000000102,22463.672
26046.6,46.63999999999942,22657.131
26046.61,46.650000000001455,22608.754
26046.62,46.659999999999854,22560.385
26046.63,46.67000000000189,22512.023
26046.64,46.68000000000029,22560.385
26046.65,46.69000000000233,22512.023
26046.66,46.70000000000073,22560.385
26046.67,46.70999999999913,22512.023
26046.68,46.720000000001164,22463.672
26046.69,46.72999999999956,22463.672
26046.7,46.7400000000016,22318.664
26046.71,46.75,22463.672
26046.72,46.76000000000204,22366.992
26046.73,46.77000000000044,22560.385
26046.74,46.780000000002474,22705.516
26046.75,46.79000000000087,22366.992
26046.76,46.79999999999927,22463.672
26046.77,46.81000000000131,22512.023
26046.78,46.81999999999971,22366.992
26046.79,46.830000000001746,22415.328
26046.8,46.840000000000146,22366.992
26046.81,46.85000000000218,22512.023
26046.82,46.86000000000058,22608.754
26046.83,46.87000000000262,22366.992
26046.84,46.88000000000102,22463.672
26046.85,46.88999999999942,22318.664
26046.86,46.900000000001455,22560.385
26046.87,46.909999999999854,22415.328
26046.88,46.92000000000189,22463.672
26046.89,46.93000000000029,22318.664
26046.9,46.94000000000233,22512.023
26046.91,46.95000000000073,22318.664
26046.92,46.95999999999913,22512.023
26046.93,46.970000000001164,22415.328
26046.94,46.97999999999956,22318.664
26046.95,46.9900000000016,22318.664
26046.96,47.0,22366.992
26046.97,47.01000000000204,22560.385
26046.98,47.02000000000044,22512.023
26046.99,47.030000000002474,22463.672
26047.0,47.04000000000087,22608.754
26047.01,47.04999999999927,22560.385
26047.02,47.06000000000131,22463.672
26047.03,47.06999999999971,22463.672
26047.04,47.080000000001746,22512.023
26047.05,47.090000000000146,22512.023
26047.06,47.10000000000218,22657.131
26047.07,47.11000000000058,22463.672
26047.08,47.12000000000262,22415.328
26047.09,47.13000000000102,22512.023
26047.1,47.13999999999942,22318.664
26047.11,47.150000000001455,22463.672
26047.12,47.159999999999854,22366.992
26047.13,47.17000000000189,22512.023
26047.14,47.18000000000029,22608.754
26047.15,47.19000000000233,22560.385
26047.16,47.20000000000073,22560.385
26047.17,47.20999999999913,22222.031
26047.18,47.220000000001164,22463.672
26047.19,47.22999999999956,22463.672
26047.2,47.2400000000016,22560.385
26047.21,47.25,22657.131
26047.22,47.26000000000204,22753.908
26047.23,47.27000000000044,22463.672
26047.24,47.280000000002474,22366.992
26047.25,47.29000000000087,22366.992
26047.26,47.29999999999927,22415.328
26047.27,47.31000000000131,22512.023
26047.28,47.31999999999971,22512.023
26047.29,47.330000000001746,22560.385
26047.3,47.340000000000146,22560.385
26047.31,47.35000000000218,22512.023
26047.32,47.36000000000058,22608.754
26047.33,47.37000000000262,22463.672
26047.34,47.38000000000102,22415.328
26047.35,47.38999999999942,22463.672
26047.36,47.400000000001455,22463.672
26047.37,47.409999999999854,22560.385
26047.38,47.42000000000189,22560.385
26047.39,47.43000000000029,22608.754
26047.4,47.44000000000233,22512.023
26047.41,47.45000000000073,22415.328
26047.42,47.45999999999913,22415.328
26047.43,47.470000000001164,22560.385
26047.44,47.47999999999956,22318.664
26047.45,47.4900000000016,22463.672
26047.46,47.5,22463.672
26047.47,47.51000000000204,22415.328
26047.48,47.52000000000044,22560.385
26047.49,47.530000000002474,22318.664
26047.5,47.54000000000087,22463.672
26047.51,47.54999999999927,22463.672
26047.52,47.56000000000131,22318.664
26047.53,47.56999999999971,22560.385
26047.54,47.580000000001746,22560.385
26047.55,47.590000000000146,22463.672
26047.56,47.60000000000218,22512.023
26047.57,47.61000000000058,22560.385
26047.58,47.62000000000262,22415.328
26047.59,47.63000000000102,22415.328
26047.6,47.63999999999942,22366.992
26047.61,47.650000000001455,22560.385
26047.62,47.659999999999854,22318.664
26047.63,47.67000000000189,22366.992
26047.64,47.68000000000029,22222.031
26047.65,47.69000000000233,22463.672
26047.66,47.70000000000073,22512.023
26047.67,47.70999999999913,22415.328
26047.68,47.720000000001164,22705.516
26047.69,47.72999999999956,22318.664
26047.7,47.7400000000016,22222.031
26047.71,47.75,22463.672
26047.72,47.76000000000204,22366.992
26047.73,47.77000000000044,22415.328
26047.74,47.780000000002474,22415.328
26047.75,47.79000000000087,22512.023
26047.76,47.79999999999927,22463.672
26047.77,47.81000000000131,22657.131
26047.78,47.81999999999971,22560.385
26047.79,47.830000000001746,22512.023
26047.8,47.840000000000146,22463.672
26047.81,47.85000000000218,22415.328
26047.82,47.86000000000058,22415.328
26047.83,47.87000000000262,22512.023
26047.84,47.88000000000102,22512.023
26047.85,47.88999999999942,22608.754
26047.86,47.900000000001455,22512.023
26047.87,47.909999999999854,22463.672
26047.88,47.92000000000189,22318.664
26047.89,47.93000000000029,22415.328
26047.9,47.94000000000233,22560.385
26047.91,47.95000000000073,22270.344
26047.92,47.95999999999913,22463.672
26047.93,47.970000000001164,22753.908
26047.94,47.97999999999956,22512.023
26047.95,47.9900000000016,22125.432
26047.96,48.0,22270.344
26047.97,48.01000000000204,22415.328
26047.98,48.02000000000044,22560.385
26047.99,48.030000000002474,22608.754
26048.0,48.04000000000087,22560.385
26048.01,48.04999999999927,22512.023
26048.02,48.06000000000131,22366.992
26048.03,48.06999999999971,22318.664
26048.04,48.080000000001746,22366.992
26048.05,48.090000000000146,22463.672
26048.06,48.10000000000218,22463.672
26048.07,48.11000000000058,22463.672
26048.08,48.12000000000262,22463.672
26048.09,48.13000000000102,22415.328
26048.1,48.13999999999942,22366.992
26048.11,48.150000000001455,22512.023
26048.12,48.159999999999854,22463.672
26048.13,48.17000000000189,22125.432
26048.14,48.18000000000029,22270.344
26048.15,48.19000000000233,22318.664
26048.16,48.20000000000073,22366.992
26048.17,48.20999999999913,22318.664
26048.18,48.220000000001164,22463.672
26048.19,48.22999999999956,22366.992
26048.2,48.2400000000016,22512.023
26048.21,48.25,22560.385
26048.22,48.26000000000204,22415.328
26048.23,48.27000000000044,22415.328
26048.24,48.280000000002474,22463.672
26048.25,48.29000000000087,22415.328
26048.26,48.29999999999927,22173.729
26048.27,48.31000000000131,22463.672
26048.28,48.31999999999971,22560.385
26048.29,48.330000000001746,22463.672
26048.3,48.340000000000146,22415.328
26048.31,48.35000000000218,22270.344
26048.32,48.36000000000058,22366.992
26048.33,48.37000000000262,22318.664
26048.34,48.38000000000102,22560.385
26048.35,48.38999999999942,22512.023
26048.36,48.400000000001455,22512.023
26048.37,48.409999999999854,22366.992
26048.38,48.42000000000189,22415.328
26048.39,48.43000000000029,22463.672
26048.4,48.44000000000233,22366.992
26048.41,48.45000000000073,22318.664
26048.42,48.45999999999913,22125.432
26048.43,48.470000000001164,22222.031
26048.44,48.47999999999956,22318.664
26048.45,48.4900000000016,22415.328
26048.46,48.5,22512.023
26048.47,48.51000000000204,22318.664
26048.48,48.52000000000044,22512.023
26048.49,48.530000000002474,22753.908
26048.5,48.54000000000087,22366.992
26048.51,48.54999999999927,22318.664
26048.52,48.56000000000131,22366.992
26048.53,48.56999999999971,22270.344
26048.54,48.580000000001746,22512.023
26048.55,48.590000000000146,22366.992
26048.56,48.60000000000218,22512.023
26048.57,48.61000000000058,22512.023
26048.58,48.62000000000262,22415.328
26048.59,48.63000000000102,22608.754
26048.6,48.63999999999942,22608.754
26048.61,48.650000000001455,22512.023
26048.62,48.659999999999854,22560.385
26048.63,48.67000000000189,22463.672
26048.64,48.68000000000029,22415.328
26048.65,48.69000000000233,22753.908
26048.66,48.70000000000073,22560.385
26048.67,48.70999999999913,22463.672
26048.68,48.720000000001164,22463.672
26048.69,48.72999999999956,22512.023
26048.7,48.7400000000016,22512.023
26048.71,48.75,22463.672
26048.72,48.76000000000204,22512.023
26048.73,48.77000000000044,22657.131
26048.74,48.780000000002474,22463.672
26048.75,48.79000000000087,22705.516
26048.76,48.79999999999927,22415.328
26048.77,48.81000000000131,22463.672
26048.78,48.81999999999971,22560.385
26048.79,48.830000000001746,22463.672
26048.8,48.840000000000146,22415.328
26048.81,48.85000000000218,22366.992
26048.82,48.86000000000058,22608.754
26048.83,48.87000000000262,22463.672
26048.84,48.88000000000102,22657.131
26048.85,48.88999999999942,22560.385
26048.86,48.900000000001455,22463.672
26048.87,48.909999999999854,22463.672
26048.88,48.92000000000189,22463.672
26048.89,48.93000000000029,22512.023
26048.9,48.94000000000233,22318.664
26048.91,48.95000000000073,22463.672
26048.92,48.95999999999913,22463.672
26048.93,48.970000000001164,22560.385
26048.94,48.97999999999956,22512.023
26048.95,48.9900000000016,22512.023
26048.96,49.0,22415.328
26048.97,49.01000000000204,22415.328
26048.98,49.02000000000044,22560.385
26048.99,49.030000000002474,22753.908
26049.0,49.04000000000087,22415.328
26049.01,49.04999999999927,22512.023
26049.02,49.06000000000131,22560.385
26049.03,49.06999999999971,22415.328
26049.04,49.080000000001746,22463.672
26049.05,49.090000000000146,22415.328
26049.06,49.10000000000218,22366.992
26049.07,49.11000000000058,22415.328
26049.08,49.12000000000262,22415.328
26049.09,49.13000000000102,22318.664
26049.1,49.13999999999942,22415.328
26049.11,49.150000000001455,22560.385
26049.12,49.159999999999854,22560.385
26049.13,49.17000000000189,22753.908
26049.14,49.18000000000029,22560.385
26049.15,49.19000000000233,22608.754
26049.16,49.20000000000073,22560.385
26049.17,49.20999999999913,22415.328
26049.18,49.220000000001164,22705.516
26049.19,49.22999999999956,22415.328
26049.2,49.2400000000016,22270.344
26049.21,49.25,22463.672
26049.22,49.26000000000204,22366.992
26049.23,49.27000000000044,22366.992
26049.24,49.280000000002474,22415.328
26049.25,49.29000000000087,22463.672
26049.26,49.29999999999927,22560.385
26049.27,49.31000000000131,22415.328
26049.28,49.31999999999971,22463.672
26049.29,49.330000000001746,22512.023
26049.3,49.340000000000146,22415.328
26049.31,49.35000000000218,22463.672
26049.32,49.36000000000058,22318.664
26049.33,49.37000000000262,22463.672
26049.34,49.38000000000102,22512.023
26049.35,49.38999999999942,22512.023
26049.36,49.400000000001455,22705.516
26049.37,49.409999999999854,22415.328
26049.38,49.42000000000189,22512.023
26049.39,49.43000000000029,22415.328
26049.4,49.44000000000233,22366.992
26049.41,49.45000000000073,22608.754
26049.42,49.45999999999913,22560.385
26049.43,49.470000000001164,22463.672
26049.44,49.47999999999956,22463.672
26049.45,49.4900000000016,22415.328
26049.46,49.5,22463.672
26049.47,49.51000000000204,22512.023
26049.48,49.52000000000044,22463.672
26049.49,49.530000000002474,22318.664
26049.5,49.54000000000087,22318.664
26049.51,49.54999999999927,22560.385
26049.52,49.56000000000131,22415.328
26049.53,49.56999999999971,22415.328
26049.54,49.580000000001746,22512.023
26049.55,49.590000000000146,22608.754
26049.56,49.60000000000218,22560.385
26049.57,49.61000000000058,22415.328
26049.58,49.62000000000262,22415.328
26049.59,49.63000000000102,22318.664
26049.6,49.63999999999942,22415.328
26049.61,49.650000000001455,22560.385
26049.62,49.659999999999854,22415.328
26049.63,49.67000000000189,22318.664
26049.64,49.68000000000029,22318.664
26049.65,49.69000000000233,22366.992
26049.66,49.70000000000073,22463.672
26049.67,49.70999999999913,22222.031
26049.68,49.720000000001164,22753.908
26049.69,49.72999999999956,22415.328
26049.7,49.7400000000016,22366.992
26049.71,49.75,22366.992
26049.72,49.76000000000204,22415.328
26049.73,49.77000000000044,22415.328
26049.74,49.780000000002474,22463.672
26049.75,49.79000000000087,22415.328
26049.76,49.79999999999927,22463.672
26049.77,49.81000000000131,22366.992
26049.78,49.81999999999971,22512.023
26049.79,49.830000000001746,22125.432
26049.8,49.840000000000146,22463.672
26049.81,49.85000000000218,22415.328
26049.82,49.86000000000058,22415.328
26049.83,49.87000000000262,22415.328
26049.84,49.88000000000102,22463.672
26049.85,49.88999999999942,22512.023
26049.86,49.900000000001455,22560.385
26049.87,49.909999999999854,22512.023
26049.88,49.92000000000189,22512.023
26049.89,49.93000000000029,22512.023
26049.9,49.94000000000233,22512.023
26049.91,49.95000000000073,22366.992
26049.92,49.95999999999913,22463.672
26049.93,49.970000000001164,22608.754
26049.94,49.97999999999956,22512.023
26049.95,49.9900000000016,22463.672
26049.96,50.0,22560.385
26049.97,50.01000000000204,22657.131
26049.98,50.02000000000044,22318.664
26049.99,50.030000000002474,22415.328
26050.0,50.04000000000087,22512.023
26050.01,50.04999999999927,22318.664
26050.02,50.06000000000131,22318.664
26050.03,50.06999999999971,22318.664
26050.04,50.080000000001746,22560.385
26050.05,50.090000000000146,22366.992
26050.06,50.10000000000218,22608.754
26050.07,50.11000000000058,22366.992
26050.08,50.12000000000262,22512.023
26050.09,50.13000000000102,22512.023
26050.1,50.13999999999942,22657.131
26050.11,50.150000000001455,22608.754
26050.12,50.159999999999854,22366.992
26050.13,50.17000000000189,22463.672
26050.14,50.18000000000029,22608.754
26050.15,50.19000000000233,22512.023
26050.16,50.20000000000073,22366.992
26050.17,50.20999999999913,22222.031
26050.18,50.220000000001164,22608.754
26050.19,50.22999999999956,22657.131
26050.2,50.2400000000016,22318.664
26050.21,50.25,22608.754
26050.22,50.26000000000204,22318.664
26050.23,50.27000000000044,22366.992
26050.24,50.280000000002474,22512.023
26050.25,50.29000000000087,22366.992
26050.26,50.29999999999927,22415.328
26050.27,50.31000000000131,22270.344
26050.28,50.31999999999971,22608.754
26050.29,50.330000000001746,22608.754
26050.3,50.340000000000146,22463.672
26050.31,50.35000000000218,22463.672
26050.32,50.36000000000058,22463.672
26050.33,50.37000000000262,22415.328
26050.34,50.38000000000102,22512.023
26050.35,50.38999999999942,22318.664
26050.36,50.400000000001455,22463.672
26050.37,50.409999999999854,22366.992
26050.38,50.42000000000189,22512.023
26050.39,50.43000000000029,22318.664
26050.4,50.44000000000233,22366.992
26050.41,50.45000000000073,22560.385
26050.42,50.45999999999913,22318.664
26050.43,50.470000000001164,22415.328
26050.44,50.47999999999956,22318.664
26050.45,50.4900000000016,22512.023
26050.46,50.5,22415.328
26050.47,50.51000000000204,22366.992
26050.48,50.52000000000044,22415.328
26050.49,50.530000000002474,22463.672
26050.5,50.54000000000087,22560.385
26050.51,50.54999999999927,22463.672
26050.52,50.56000000000131,22415.328
26050.53,50.56999999999971,22512.023
26050.54,50.580000000001746,22463.672
26050.55,50.590000000000146,22318.664
26050.56,50.60000000000218,22366.992
26050.57,50.61000000000058,22463.672
26050.58,50.62000000000262,22415.328
26050.59,50.63000000000102,22560.385
26050.6,50.63999999999942,22366.992
26050.61,50.650000000001455,22463.672
26050.62,50.659999999999854,22415.328
26050.63,50.67000000000189,22318.664
26050.64,50.68000000000029,22173.729
26050.65,50.69000000000233,22463.672
26050.66,50.70000000000073,22560.385
26050.67,50.70999999999913,22560.385
26050.68,50.720000000001164,22560.385
26050.69,50.72999999999956,22560.385
26050.7,50.7400000000016,22657.131
26050.71,50.75,22415.328
26050.72,50.76000000000204,22415.328
26050.73,50.77000000000044,22512.023
26050.74,50.780000000002474,22512.023
26050.75,50.79000000000087,22415.328
26050.76,50.79999999999927,22415.328
26050.77,50.81000000000131,22415.328
26050.78,50.81999999999971,22318.664
26050.79,50.830000000001746,22608.754
26050.8,50.840000000000146,22415.328
26050.81,50.85000000000218,22560.385
26050.82,50.86000000000058,22463.672
26050.83,50.87000000000262,22608.754
26050.84,50.88000000000102,22560.385
26050.85,50.88999999999942,22512.023
26050.86,50.900000000001455,22608.754
26050.87,50.909999999999854,22657.131
26050.88,50.92000000000189,22512.023
26050.89,50.93000000000029,22318.664
26050.9,50.94000000000233,22560.385
26050.91,50.95000000000073,22560.385
26050.92,50.95999999999913,22463.672
26050.93,50.970000000001164,22415.328
26050.94,50.97999999999956,22560.385
26050.95,50.9900000000016,22512.023
26050.96,51.0,22415.328
26050.97,51.01000000000204,22270.344
26050.98,51.02000000000044,22463.672
26050.99,51.030000000002474,22366.992
26051.0,51.04000000000087,22415.328
26051.01,51.04999999999927,22415.328
26051.02,51.06000000000131,22560.385
26051.03,51.06999999999971,22608.754
26051.04,51.080000000001746,22415.328
26051.05,51.090000000000146,22415.328
26051.06,51.10000000000218,22512.023
26051.07,51.11000000000058,22463.672
26051.08,51.12000000000262,22657.131
26051.09,51.13000000000102,22560.385
26051.1,51.13999999999942,22463.672
26051.11,51.150000000001455,22463.672
26051.12,51.159999999999854,22560.385
26051.13,51.17000000000189,22560.385
26051.14,51.18000000000029,22512.023
26051.15,51.19000000000233,22463.672
26051.16,51.20000000000073,22560.385
26051.17,51.20999999999913,22512.023
26051.18,51.220000000001164,22512.023
26051.19,51.22999999999956,22463.672
26051.2,51.2400000000016,22657.131
26051.21,51.25,22463.672
26051.22,51.26000000000204,22318.664
26051.23,51.27000000000044,22318.664
26051.24,51.280000000002474,22366.992
26051.25,51.29000000000087,22366.992
26051.26,51.29999999999927,22415.328
26051.27,51.31000000000131,22608.754
26051.28,51.31999999999971,22415.328
26051.29,51.330000000001746,22512.023
26051.3,51.340000000000146,22463.672
26051.31,51.35000000000218,22366.992
26051.32,51.36000000000058,22608.754
26051.33,51.37000000000262,22705.516
26051.34,51.38000000000102,22318.664
26051.35,51.38999999999942,22560.385
26051.36,51.400000000001455,22512.023
26051.37,51.409999999999854,22415.328
26051.38,51.42000000000189,22512.023
26051.39,51.43000000000029,22366.992
26051.4,51.44000000000233,22415.328
26051.41,51.45000000000073,22608.754
26051.42,51.45999999999913,22366.992
26051.43,51.470000000001164,22560.385
26051.44,51.47999999999956,22560.385
26051.45,51.4900000000016,22415.328
26051.46,51.5,22415.328
26051.47,51.51000000000204,22415.328
26051.48,51.52000000000044,22415.328
26051.49,51.530000000002474,22318.664
26051.5,51.54000000000087,22512.023
26051.51,51.54999999999927,22463.672
26051.52,51.56000000000131,22657.131
26051.53,51.56999999999971,22512.023
26051.54,51.580000000001746,22318.664
26051.55,51.590000000000146,22415.328
26051.56,51.60000000000218,22512.023
26051.57,51.61000000000058,22463.672
26051.58,51.62000000000262,22560.385
26051.59,51.63000000000102,22560.385
26051.6,51.63999999999942,22318.664
26051.61,51.650000000001455,22463.672
26051.62,51.659999999999854,22463.672
26051.63,51.67000000000189,22463.672
26051.64,51.68000000000029,22463.672
26051.65,51.69000000000233,22318.664
26051.66,51.70000000000073,22560.385
26051.67,51.70999999999913,22415.328
26051.68,51.720000000001164,22318.664
26051.69,51.72999999999956,22512.023
26051.7,51.7400000000016,22608.754
26051.71,51.75,22512.023
26051.72,51.76000000000204,22318.664
26051.73,51.77000000000044,22512.023
26051.74,51.780000000002474,22608.754
26051.75,51.79000000000087,22463.672
26051.76,51.79999999999927,22415.328
26051.77,51.81000000000131,22512.023
26051.78,51.81999999999971,22560.385
26051.79,51.830000000001746,22512.023
26051.8,51.840000000000146,22415.328
26051.81,51.85000000000218,22512.023
26051.82,51.86000000000058,22560.385
26051.83,51.87000000000262,22318.664
26051.84,51.88000000000102,22318.664
26051.85,51.88999999999942,22415.328
26051.86,51.900000000001455,22512.023
26051.87,51.909999999999854,22560.385
26051.88,51.92000000000189,22463.672
26051.89,51.93000000000029,22415.328
26051.9,51.94000000000233,22415.328
26051.91,51.95000000000073,22318.664
26051.92,51.95999999999913,22366.992
26051.93,51.970000000001164,22560.385
26051.94,51.97999999999956,22366.992
26051.95,51.9900000000016,22415.328
26051.96,52.0,22318.664
26051.97,52.01000000000204,22318.664
26051.98,52.02000000000044,22366.992
26051.99,52.030000000002474,22463.672
26052.0,52.04000000000087,22415.328
26052.01,52.04999999999927,22415.328
26052.02,52.06000000000131,22512.023
26052.03,52.06999999999971,22318.664
26052.04,52.080000000001746,22415.328
26052.05,52.090000000000146,22222.031
26052.06,52.10000000000218,22318.664
26052.07,52.11000000000058,22270.344
26052.08,52.12000000000262,22512.023
26052.09,52.13000000000102,22318.664
26052.1,52.13999999999942,22512.023
26052.11,52.150000000001455,22753.908
26052.12,52.159999999999854,22415.328
26052.13,52.17000000000189,22463.672
26052.14,52.18000000000029,22512.023
26052.15,52.19000000000233,22512.023
26052.16,52.20000000000073,22560.385
26052.17,52.20999999999913,22463.672
26052.18,52.220000000001164,22366.992
26052.19,52.22999999999956,22366.992
26052.2,52.2400000000016,22318.664
26052.21,52.25,22366.992
26052.22,52.26000000000204,22463.672
26052.23,52.27000000000044,22318.664
26052.24,52.280000000002474,22415.328
26052.25,52.29000000000087,22366.992
26052.26,52.29999999999927,22366.992
26052.27,52.31000000000131,22270.344
26052.28,52.31999999999971,22415.328
26052.29,52.330000000001746,22415.328
26052.3,52.340000000000146,22366.992
26052.31,52.35000000000218,22705.516
26052.32,52.36000000000058,22463.672
26052.33,52.37000000000262,22366.992
26052.34,52.38000000000102,22318.664
26052.35,52.38999999999942,22560.385
26052.36,52.400000000001455,22560.385
26052.37,52.409999999999854,22560.385
26052.38,52.42000000000189,22463.672
26052.39,52.43000000000029,22463.672
26052.4,52.44000000000233,22366.992
26052.41,52.45000000000073,22463.672
26052.42,52.45999999999913,22463.672
26052.43,52.470000000001164,22415.328
26052.44,52.47999999999956,22270.344
26052.45,52.4900000000016,22512.023
26052.46,52.5,22512.023
26052.47,52.51000000000204,22415.328
26052.48,52.52000000000044,22270.344
26052.49,52.530000000002474,22512.023
26052.5,52.54000000000087,22512.023
26052.51,52.54999999999927,22512.023
26052.52,52.56000000000131,22560.385
26052.53,52.56999999999971,22512.023
26052.54,52.580000000001746,22608.754
26052.55,52.590000000000146,22608.754
26052.56,52.60000000000218,22512.023
26052.57,52.61000000000058,22415.328
26052.58,52.62000000000262,22415.328
26052.59,52.63000000000102,22753.908
26052.6,52.63999999999942,22560.385
26052.61,52.650000000001455,22753.908
26052.62,52.659999999999854,22415.328
26052.63,52.67000000000189,22415.328
26052.64,52.68000000000029,22512.023
26052.65,52.69000000000233,22463.672
26052.66,52.70000000000073,22560.385
26052.67,52.70999999999913,22608.754
26052.68,52.720000000001164,22657.131
26052.69,52.72999999999956,22608.754
26052.7,52.7400000000016,22560.385
26052.71,52.75,22463.672
26052.72,52.76000000000204,22415.328
26052.73,52.77000000000044,22415.328
26052.74,52.780000000002474,22657.131
26052.75,52.79000000000087,22753.908
26052.76,52.79999999999927,22560.385
26052.77,52.81000000000131,22415.328
26052.78,52.81999999999971,22222.031
26052.79,52.830000000001746,22463.672
26052.8,52.840000000000146,22657.131
26052.81,52.85000000000218,22415.328
26052.82,52.86000000000058,22463.672
26052.83,52.87000000000262,22560.385
26052.84,52.88000000000102,22608.754
26052.85,52.88999999999942,22463.672
26052.86,52.900000000001455,22608.754
26052.87,52.909999999999854,22608.754
26052.88,52.92000000000189,22608.754
26052.89,52.93000000000029,22512.023
26052.9,52.94000000000233,22463.672
26052.91,52.95000000000073,22560.385
26052.92,52.95999999999913,22512.023
26052.93,52.970000000001164,22463.672
26052.94,52.97999999999956,22512.023
26052.95,52.9900000000016,22512.023
26052.96,53.0,22512.023
26052.97,53.01000000000204,22512.023
26052.98,53.02000000000044,22753.908
26052.99,53.030000000002474,22657.131
26053.0,53.04000000000087,22657.131
26053.01,53.04999999999927,22512.023
26053.02,53.06000000000131,22560.385
26053.03,53.06999999999971,22415.328
26053.04,53.080000000001746,22657.131
26053.05,53.090000000000146,22512.023
26053.06,53.10000000000218,22366.992
26053.07,53.11000000000058,22512.023
26053.08,53.12000000000262,22512.023
26053.09,53.13000000000102,22366.992
26053.1,53.13999999999942,22512.023
26053.11,53.150000000001455,22753.908
26053.12,53.159999999999854,22560.385
26053.13,53.17000000000189,22463.672
26053.14,53.18000000000029,22415.328
26053.15,53.19000000000233,22415.328
26053.16,53.20000000000073,22560.385
26053.17,53.20999999999913,22463.672
26053.18,53.220000000001164,22463.672
26053.19,53.22999999999956,22512.023
26053.2,53.2400000000016,22560.385
26053.21,53.25,22753.908
26053.22,53.26000000000204,22560.385
26053.23,53.27000000000044,22512.023
26053.24,53.280000000002474,22366.992
26053.25,53.29000000000087,22705.516
26053.26,53.29999999999927,22463.672
26053.27,53.31000000000131,22608.754
26053.28,53.31999999999971,22560.385
26053.29,53.330000000001746,22318.664
26053.3,53.340000000000146,22415.328
26053.31,53.35000000000218,22560.385
26053.32,53.36000000000058,22560.385
26053.33,53.37000000000262,22366.992
26053.34,53.38000000000102,22463.672
26053.35,53.38999999999942,22560.385
26053.36,53.400000000001455,22608.754
26053.37,53.409999999999854,22512.023
26053.38,53.42000000000189,22560.385
26053.39,53.43000000000029,22512.023
26053.4,53.44000000000233,22512.023
26053.41,53.45000000000073,22415.328
26053.42,53.45999999999913,22415.328
26053.43,53.470000000001164,22705.516
26053.44,53.47999999999956,22415.328
26053.45,53.4900000000016,22512.023
26053.46,53.5,22463.672
26053.47,53.51000000000204,22753.908
26053.48,53.52000000000044,22705.516
26053.49,53.530000000002474,22753.908
26053.5,53.54000000000087,22415.328
26053.51,53.54999999999927,22463.672
26053.52,53.56000000000131,22415.328
26053.53,53.56999999999971,22415.328
26053.54,53.580000000001746,22608.754
26053.55,53.590000000000146,22560.385
26053.56,53.60000000000218,22463.672
26053.57,53.61000000000058,22415.328
26053.58,53.62000000000262,22415.328
26053.59,53.63000000000102,22512.023
26053.6,53.63999999999942,22705.516
26053.61,53.650000000001455,22318.664
26053.62,53.659999999999854,22560.385
26053.63,53.67000000000189,22463.672
26053.64,53.68000000000029,22657.131
26053.65,53.69000000000233,22463.672
26053.66,53.70000000000073,22560.385
26053.67,53.70999999999913,22512.023
26053.68,53.720000000001164,22560.385
26053.69,53.72999999999956,22512.023
26053.7,53.7400000000016,22366.992
26053.71,53.75,22463.672
26053.72,53.76000000000204,22512.023
26053.73,53.77000000000044,22705.516
26053.74,53.780000000002474,22463.672
26053.75,53.79000000000087,22463.672
26053.76,53.79999999999927,22512.023
26053.77,53.81000000000131,22366.992
26053.78,53.81999999999971,22560.385
26053.79,53.830000000001746,22512.023
26053.8,53.840000000000146,22608.754
26053.81,53.85000000000218,22463.672
26053.82,53.86000000000058,22560.385
26053.83,53.87000000000262,22463.672
26053.84,53.88000000000102,22512.023
26053.85,53.88999999999942,22512.023
26053.86,53.900000000001455,22415.328
26053.87,53.909999999999854,22560.385
26053.88,53.92000000000189,22512.023
26053.89,53.93000000000029,22753.908
26053.9,53.94000000000233,22512.023
26053.91,53.95000000000073,22512.023
26053.92,53.95999999999913,22560.385
26053.93,53.970000000001164,22415.328
26053.94,53.97999999999956,22318.664
26053.95,53.9900000000016,22512.023
26053.96,54.0,22560.385
26053.97,54.01000000000204,22415.328
26053.98,54.02000000000044,22415.328
26053.99,54.030000000002474,22608.754
26054.0,54.04000000000087,22512.023
26054.01,54.04999999999927,22463.672
26054.02,54.06000000000131,22560.385
26054.03,54.06999999999971,22463.672
26054.04,54.080000000001746,22318.664
26054.05,54.090000000000146,22657.131
26054.06,54.10000000000218,22512.023
26054.07,54.11000000000058,22463.672
26054.08,54.12000000000262,22608.754
26054.09,54.13000000000102,22657.131
26054.1,54.13999999999942,22366.992
26054.11,54.150000000001455,22463.672
26054.12,54.159999999999854,22366.992
26054.13,54.17000000000189,22463.672
26054.14,54.18000000000029,22512.023
26054.15,54.19000000000233,22560.385
26054.16,54.20000000000073,22463.672
26054.17,54.20999999999913,22463.672
26054.18,54.220000000001164,22463.672
26054.19,54.22999999999956,22415.328
26054.2,54.2400000000016,22318.664
26054.21,54.25,22415.328
26054.22,54.26000000000204,22512.023
26054.23,54.27000000000044,22560.385
26054.24,54.280000000002474,22560.385
26054.25,54.29000000000087,22657.131
26054.26,54.29999999999927,22415.328
26054.27,54.31000000000131,22463.672
26054.28,54.31999999999971,22415.328
26054.29,54.330000000001746,22318.664
26054.3,54.340000000000146,22415.328
26054.31,54.35000000000218,22366.992
26054.32,54.36000000000058,22318.664
26054.33,54.37000000000262,22512.023
26054.34,54.38000000000102,22560.385
26054.35,54.38999999999942,22463.672
26054.36,54.400000000001455,22608.754
26054.37,54.409999999999854,22608.754
26054.38,54.42000000000189,22463.672
26054.39,54.43000000000029,22608.754
26054.4,54.44000000000233,22560.385
26054.41,54.45000000000073,22415.328
26054.42,54.45999999999913,22512.023
26054.43,54.470000000001164,22753.908
26054.44,54.47999999999956,22705.516
26054.45,54.4900000000016,22222.031
26054.46,54.5,22463.672
26054.47,54.51000000000204,22560.385
26054.48,54.52000000000044,22463.672
26054.49,54.530000000002474,22560.385
26054.5,54.54000000000087,22463.672
26054.51,54.54999999999927,22657.131
26054.52,54.56000000000131,22608.754
26054.53,54.56999999999971,22512.023
26054.54,54.580000000001746,22415.328
26054.55,54.590000000000146,22366.992
26054.56,54.60000000000218,22318.664
26054.57,54.61000000000058,22463.672
26054.58,54.62000000000262,22560.385
26054.59,54.63000000000102,22512.023
26054.6,54.63999999999942,22415.328
26054.61,54.650000000001455,22318.664
26054.62,54.659999999999854,22560.385
26054.63,54.67000000000189,22415.328
26054.64,54.68000000000029,22463.672
26054.65,54.69000000000233,22415.328
26054.66,54.70000000000073,22657.131
26054.67,54.70999999999913,22512.023
26054.68,54.720000000001164,22560.385
26054.69,54.72999999999956,22608.754
26054.7,54.7400000000016,22753.908
26054.71,54.75,22415.328
26054.72,54.76000000000204,22560.385
26054.73,54.77000000000044,22463.672
26054.74,54.780000000002474,22560.385
26054.75,54.79000000000087,22657.131
26054.76,54.79999999999927,22512.023
26054.77,54.81000000000131,22512.023
26054.78,54.81999999999971,22560.385
26054.79,54.830000000001746,22512.023
26054.8,54.840000000000146,22415.328
26054.81,54.85000000000218,22705.516
26054.82,54.86000000000058,22657.131
26054.83,54.87000000000262,22415.328
26054.84,54.88000000000102,22657.131
26054.85,54.88999999999942,22512.023
26054.86,54.900000000001455,22657.131
26054.87,54.909999999999854,22560.385
26054.88,54.92000000000189,22463.672
26054.89,54.93000000000029,22560.385
26054.9,54.94000000000233,22366.992
26054.91,54.95000000000073,22415.328
26054.92,54.95999999999913,22366.992
26054.93,54.970000000001164,22802.309
26054.94,54.97999999999956,22560.385
26054.95,54.9900000000016,22463.672
26054.96,55.0,22366.992
26054.97,55.01000000000204,22512.023
26054.98,55.02000000000044,22318.664
26054.99,55.030000000002474,22560.385
26055.0,55.04000000000087,22463.672
26055.01,55.04999999999927,22415.328
26055.02,55.06000000000131,22366.992
26055.03,55.06999999999971,22608.754
26055.04,55.080000000001746,22560.385
26055.05,55.090000000000146,22657.131
26055.06,55.10000000000218,22415.328
26055.07,55.11000000000058,22560.385
26055.08,55.12000000000262,22560.385
26055.09,55.13000000000102,22705.516
26055.1,55.13999999999942,22608.754
26055.11,55.150000000001455,22366.992
26055.12,55.159999999999854,22415.328
26055.13,55.17000000000189,22512.023
26055.14,55.18000000000029,22512.023
26055.15,55.19000000000233,22463.672
26055.16,55.20000000000073,22512.023
26055.17,55.20999999999913,22415.328
26055.18,55.220000000001164,22608.754
26055.19,55.22999999999956,22415.328
26055.2,55.2400000000016,22512.023
26055.21,55.25,22415.328
26055.22,55.26000000000204,22512.023
26055.23,55.27000000000044,22512.023
26055.24,55.280000000002474,22705.516
26055.25,55.29000000000087,22657.131
26055.26,55.29999999999927,22560.385
26055.27,55.31000000000131,22512.023
26055.28,55.31999999999971,22512.023
26055.29,55.330000000001746,22366.992
26055.3,55.340000000000146,22463.672
26055.31,55.35000000000218,22560.385
26055.32,55.36000000000058,22463.672
26055.33,55.37000000000262,22512.023
26055.34,55.38000000000102,22560.385
26055.35,55.38999999999942,22512.023
26055.36,55.400000000001455,22415.328
26055.37,55.409999999999854,22512.023
26055.38,55.42000000000189,22463.672
26055.39,55.43000000000029,22318.664
26055.4,55.44000000000233,22753.908
26055.41,55.45000000000073,22560.385
26055.42,55.45999999999913,22657.131
26055.43,55.470000000001164,22608.754
26055.44,55.47999999999956,22560.385
26055.45,55.4900000000016,22753.908
26055.46,55.5,22512.023
26055.47,55.51000000000204,22318.664
26055.48,55.52000000000044,22802.309
26055.49,55.530000000002474,22463.672
26055.5,55.54000000000087,22463.672
26055.51,55.54999999999927,22560.385
26055.52,55.56000000000131,22560.385
26055.53,55.56999999999971,22318.664
26055.54,55.580000000001746,22657.131
26055.55,55.590000000000146,22366.992
26055.56,55.60000000000218,22415.328
26055.57,55.61000000000058,22560.385
26055.58,55.62000000000262,22608.754
26055.59,55.63000000000102,22657.131
26055.6,55.63999999999942,22415.328
26055.61,55.650000000001455,22560.385
26055.62,55.659999999999854,22512.023
26055.63,55.67000000000189,22463.672
26055.64,55.68000000000029,22560.385
26055.65,55.69000000000233,22608.754
26055.66,55.70000000000073,22512.023
26055.67,55.70999999999913,22366.992
26055.68,55.720000000001164,22657.131
26055.69,55.72999999999956,22560.385
26055.7,55.7400000000016,22318.664
26055.71,55.75,22608.754
26055.72,55.76000000000204,22512.023
26055.73,55.77000000000044,22608.754
26055.74,55.780000000002474,22560.385
26055.75,55.79000000000087,22415.328
26055.76,55.79999999999927,22463.672
26055.77,55.81000000000131,22318.664
26055.78,55.81999999999971,22463.672
26055.79,55.830000000001746,22560.385
26055.8,55.840000000000146,22366.992
26055.81,55.85000000000218,22512.023
26055.82,55.86000000000058,22366.992
26055.83,55.87000000000262,22463.672
26055.84,55.88000000000102,22415.328
26055.85,55.88999999999942,22463.672
26055.86,55.900000000001455,22512.023
26055.87,55.909999999999854,22560.385
26055.88,55.92000000000189,22366.992
26055.89,55.93000000000029,22463.672
26055.9,55.94000000000233,22608.754
26055.91,55.95000000000073,22560.385
26055.92,55.95999999999913,22318.664
26055.93,55.970000000001164,22608.754
26055.94,55.97999999999956,22415.328
26055.95,55.9900000000016,22560.385
26055.96,56.0,22512.023
26055.97,56.01000000000204,22463.672
26055.98,56.02000000000044,22318.664
26055.99,56.030000000002474,22318.664
26056.0,56.04000000000087,22512.023
26056.01,56.04999999999927,22512.023
26056.02,56.06000000000131,22415.328
26056.03,56.06999999999971,22512.023
26056.04,56.080000000001746,22657.131
26056.05,56.090000000000146,22657.131
26056.06,56.10000000000218,22753.908
26056.07,56.11000000000058,22463.672
26056.08,56.12000000000262,22270.344
26056.09,56.13000000000102,22415.328
26056.1,56.13999999999942,22560.385
26056.11,56.150000000001455,22415.328
26056.12,56.159999999999854,22318.664
26056.13,56.17000000000189,22512.023
26056.14,56.18000000000029,22608.754
26056.15,56.19000000000233,22512.023
26056.16,56.20000000000073,22753.908
26056.17,56.20999999999913,22318.664
26056.18,56.220000000001164,22415.328
26056.19,56.22999999999956,22463.672
26056.2,56.2400000000016,22657.131
26056.21,56.25,22560.385
26056.22,56.26000000000204,22512.023
26056.23,56.27000000000044,22512.023
26056.24,56.280000000002474,22463.672
26056.25,56.29000000000087,22415.328
26056.26,56.29999999999927,22512.023
26056.27,56.31000000000131,22463.672
26056.28,56.31999999999971,22318.664
26056.29,56.330000000001746,22463.672
26056.3,56.340000000000146,22463.672
26056.31,56.35000000000218,22560.385
26056.32,56.36000000000058,22608.754
26056.33,56.37000000000262,22657.131
26056.34,56.38000000000102,22318.664
26056.35,56.38999999999942,22657.131
26056.36,56.400000000001455,22657.131
26056.37,56.409999999999854,22415.328
26056.38,56.42000000000189,22512.023
26056.39,56.43000000000029,22512.023
26056.4,56.44000000000233,22560.385
26056.41,56.45000000000073,22463.672
26056.42,56.45999999999913,22608.754
26056.43,56.470000000001164,22657.131
26056.44,56.47999999999956,22512.023
26056.45,56.4900000000016,22560.385
26056.46,56.5,22415.328
26056.47,56.51000000000204,22608.754
26056.48,56.52000000000044,22366.992
26056.49,56.530000000002474,22512.023
26056.5,56.54000000000087,22657.131
26056.51,56.54999999999927,22560.385
26056.52,56.56000000000131,22463.672
26056.53,56.56999999999971,22512.023
26056.54,56.580000000001746,22366.992
26056.55,56.590000000000146,22560.385
26056.56,56.60000000000218,22657.131
26056.57,56.61000000000058,22463.672
26056.58,56.62000000000262,22705.516
26056.59,56.63000000000102,22463.672
26056.6,56.63999999999942,22415.328
26056.61,56.650000000001455,22463.672
26056.62,56.659999999999854,22705.516
26056.63,56.67000000000189,22608.754
26056.64,56.68000000000029,22512.023
26056.65,56.69000000000233,22512.023
26056.66,56.70000000000073,22463.672
26056.67,56.70999999999913,22463.672
26056.68,56.720000000001164,22512.023
26056.69,56.72999999999956,22560.385
26056.7,56.7400000000016,22608.754
26056.71,56.75,22512.023
26056.72,56.76000000000204,22512.023
26056.73,56.77000000000044,22463.672
26056.74,56.780000000002474,22753.908
26056.75,56.79000000000087,22512.023
26056.76,56.79999999999927,22512.023
26056.77,56.81000000000131,22318.664
26056.78,56.81999999999971,22560.385
26056.79,56.830000000001746,22512.023
26056.8,56.840000000000146,22560.385
26056.81,56.85000000000218,22608.754
26056.82,56.86000000000058,22657.131
26056.83,56.87000000000262,22657.131
26056.84,56.88000000000102,22463.672
26056.85,56.88999999999942,22608.754
26056.86,56.900000000001455,22366.992
26056.87,56.909999999999854,22608.754
26056.88,56.92000000000189,22512.023
26056.89,56.93000000000029,22512.023
26056.9,56.94000000000233,22560.385
26056.91,56.95000000000073,22608.754
26056.92,56.95999999999913,22512.023
26056.93,56.970000000001164,22753.908
26056.94,56.97999999999956,22270.344
26056.95,56.9900000000016,22512.023
26056.96,57.0,22512.023
26056.97,57.01000000000204,22463.672
26056.98,57.02000000000044,22657.131
26056.99,57.030000000002474,22512.023
26057.0,57.04000000000087,22512.023
26057.01,57.04999999999927,22512.023
26057.02,57.06000000000131,22318.664
26057.03,57.06999999999971,22463.672
26057.04,57.080000000001746,22560.385
26057.05,57.090000000000146,22657.131
26057.06,57.10000000000218,22608.754
26057.07,57.11000000000058,22560.385
26057.08,57.12000000000262,22463.672
26057.09,57.13000000000102,22415.328
26057.1,57.13999999999942,22608.754
26057.11,57.150000000001455,22608.754
26057.12,57.159999999999854,22415.328
26057.13,57.17000000000189,22415.328
26057.14,57.18000000000029,22463.672
26057.15,57.19000000000233,22415.328
26057.16,57.20000000000073,22705.516
26057.17,57.20999999999913,22512.023
26057.18,57.220000000001164,22415.328
26057.19,57.22999999999956,22608.754
26057.2,57.2400000000016,22415.328
26057.21,57.25,22415.328
26057.22,57.26000000000204,22850.719
26057.23,57.27000000000044,22463.672
26057.24,57.280000000002474,22366.992
26057.25,57.29000000000087,22463.672
26057.26,57.29999999999927,22608.754
26057.27,57.31000000000131,22463.672
26057.28,57.31999999999971,22463.672
26057.29,57.330000000001746,22512.023
26057.3,57.340000000000146,22560.385
26057.31,57.35000000000218,22512.023
26057.32,57.36000000000058,22415.328
26057.33,57.37000000000262,22657.131
26057.34,57.38000000000102,22415.328
26057.35,57.38999999999942,22463.672
26057.36,57.400000000001455,22560.385
26057.37,57.409999999999854,22802.309
26057.38,57.42000000000189,22608.754
26057.39,57.43000000000029,22512.023
26057.4,57.44000000000233,22560.385
26057.41,57.45000000000073,22560.385
26057.42,57.45999999999913,22415.328
26057.43,57.470000000001164,22608.754
26057.44,57.47999999999956,22512.023
26057.45,57.4900000000016,22657.131
26057.46,57.5,22560.385
26057.47,57.51000000000204,22560.385
26057.48,57.52000000000044,22608.754
26057.49,57.530000000002474,22366.992
26057.5,57.54000000000087,22318.664
26057.51,57.54999999999927,22560.385
26057.52,57.56000000000131,22415.328
26057.53,57.56999999999971,22657.131
26057.54,57.580000000001746,22608.754
26057.55,57.590000000000146,22753.908
26057.56,57.60000000000218,22560.385
26057.57,57.61000000000058,22415.328
26057.58,57.62000000000262,22608.754
26057.59,57.63000000000102,22512.023
26057.6,57.63999999999942,22318.664
26057.61,57.650000000001455,22463.672
26057.62,57.659999999999854,22560.385
26057.63,57.67000000000189,22415.328
26057.64,57.68000000000029,22415.328
26057.65,57.69000000000233,22560.385
26057.66,57.70000000000073,22463.672
26057.67,57.70999999999913,22415.328
26057.68,57.720000000001164,22560.385
26057.69,57.72999999999956,22560.385
26057.7,57.7400000000016,22560.385
26057.71,57.75,22463.672
26057.72,57.76000000000204,22366.992
26057.73,57.77000000000044,22318.664
26057.74,57.780000000002474,22463.672
26057.75,57.79000000000087,22657.131
26057.76,57.79999999999927,22512.023
26057.77,57.81000000000131,22560.385
26057.78,57.81999999999971,22318.664
26057.79,57.830000000001746,22463.672
26057.8,57.840000000000146,22560.385
26057.81,57.85000000000218,22415.328
26057.82,57.86000000000058,22415.328
26057.83,57.87000000000262,22560.385
26057.84,57.88000000000102,22366.992
26057.85,57.88999999999942,22415.328
26057.86,57.900000000001455,22512.023
26057.87,57.909999999999854,22463.672
26057.88,57.92000000000189,22608.754
26057.89,57.93000000000029,22463.672
26057.9,57.94000000000233,22560.385
26057.91,57.95000000000073,22608.754
26057.92,57.95999999999913,22415.328
26057.93,57.970000000001164,22608.754
26057.94,57.97999999999956,22753.908
26057.95,57.9900000000016,22463.672
26057.96,58.0,22512.023
26057.97,58.01000000000204,22512.023
26057.98,58.02000000000044,22366.992
26057.99,58.030000000002474,22463.672
26058.0,58.04000000000087,22463.672
26058.01,58.04999999999927,22512.023
26058.02,58.06000000000131,22560.385
26058.03,58.06999999999971,22512.023
26058.04,58.080000000001746,22608.754
26058.05,58.090000000000146,22512.023
26058.06,58.10000000000218,22753.908
26058.07,58.11000000000058,22463.672
26058.08,58.12000000000262,22318.664
26058.09,58.13000000000102,22415.328
26058.1,58.13999999999942,22560.385
26058.11,58.150000000001455,22366.992
26058.12,58.159999999999854,22366.992
26058.13,58.17000000000189,22318.664
26058.14,58.18000000000029,22608.754
26058.15,58.19000000000233,22318.664
26058.16,58.20000000000073,22705.516
26058.17,58.20999999999913,22512.023
26058.18,58.220000000001164,22512.023
26058.19,58.22999999999956,22512.023
26058.2,58.2400000000016,22608.754
26058.21,58.25,22512.023
26058.22,58.26000000000204,22560.385
26058.23,58.27000000000044,22415.328
26058.24,58.280000000002474,22608.754
26058.25,58.29000000000087,22415.328
26058.26,58.29999999999927,22318.664
26058.27,58.31000000000131,22608.754
26058.28,58.31999999999971,22657.131
26058.29,58.330000000001746,22560.385
26058.3,58.340000000000146,22318.664
26058.31,58.35000000000218,22318.664
26058.32,58.36000000000058,22608.754
26058.33,58.37000000000262,22512.023
26058.34,58.38000000000102,22512.023
26058.35,58.38999999999942,22657.131
26058.36,58.400000000001455,22366.992
26058.37,58.409999999999854,22415.328
26058.38,58.42000000000189,22560.385
26058.39,58.43000000000029,22560.385
26058.4,58.44000000000233,22415.328
26058.41,58.45000000000073,22560.385
26058.42,58.45999999999913,22366.992
26058.43,58.470000000001164,22705.516
26058.44,58.47999999999956,22318.664
26058.45,58.4900000000016,22512.023
26058.46,58.5,22512.023
26058.47,58.51000000000204,22512.023
26058.48,58.52000000000044,22366.992
26058.49,58.530000000002474,22463.672
26058.5,58.54000000000087,22560.385
26058.51,58.54999999999927,22560.385
26058.52,58.56000000000131,22512.023
26058.53,58.56999999999971,22366.992
26058.54,58.580000000001746,22512.023
26058.55,58.590000000000146,22318.664
26058.56,58.60000000000218,22512.023
26058.57,58.61000000000058,22512.023
26058.58,58.62000000000262,22366.992
26058.59,58.63000000000102,22463.672
26058.6,58.63999999999942,22415.328
26058.61,58.650000000001455,22560.385
26058.62,58.659999999999854,22463.672
26058.63,58.67000000000189,22560.385
26058.64,58.68000000000029,22415.328
26058.65,58.69000000000233,22463.672
26058.66,58.70000000000073,22463.672
26058.67,58.70999999999913,22415.328
26058.68,58.720000000001164,22318.664
26058.69,58.72999999999956,22366.992
26058.7,58.7400000000016,22366.992
26058.71,58.75,22753.908
26058.72,58.76000000000204,22415.328
26058.73,58.77000000000044,22415.328
26058.74,58.780000000002474,22415.328
26058.75,58.79000000000087,22318.664
26058.76,58.79999999999927,22366.992
26058.77,58.81000000000131,22463.672
26058.78,58.81999999999971,22560.385
26058.79,58.830000000001746,22512.023
26058.8,58.840000000000146,22415.328
26058.81,58.85000000000218,22560.385
26058.82,58.86000000000058,22366.992
26058.83,58.87000000000262,22415.328
26058.84,58.88000000000102,22366.992
26058.85,58.88999999999942,22415.328
26058.86,58.900000000001455,22366.992
26058.87,58.909999999999854,22657.131
26058.88,58.92000000000189,22463.672
26058.89,58.93000000000029,22173.729
26058.9,58.94000000000233,22512.023
26058.91,58.95000000000073,22512.023
26058.92,58.95999999999913,22415.328
26058.93,58.970000000001164,22463.672
26058.94,58.97999999999956,22512.023
26058.95,58.9900000000016,22512.023
26058.96,59.0,22318.664
26058.97,59.01000000000204,22415.328
26058.98,59.02000000000044,22318.664
26058.99,59.030000000002474,22463.672
26059.0,59.04000000000087,22318.664
26059.01,59.04999999999927,22415.328
26059.02,59.06000000000131,22415.328
26059.03,59.06999999999971,22366.992
26059.04,59.080000000001746,22608.754
26059.05,59.090000000000146,22512.023
26059.06,59.10000000000218,22270.344
26059.07,59.11000000000058,22560.385
26059.08,59.12000000000262,22463.672
26059.09,59.13000000000102,22463.672
26059.1,59.13999999999942,22463.672
26059.11,59.150000000001455,22560.385
26059.12,59.159999999999854,22463.672
26059.13,59.17000000000189,22463.672
26059.14,59.18000000000029,22512.023
26059.15,59.19000000000233,22463.672
26059.16,59.20000000000073,22222.031
26059.17,59.20999999999913,22415.328
26059.18,59.220000000001164,22512.023
26059.19,59.22999999999956,22318.664
26059.2,59.2400000000016,22560.385
26059.21,59.25,22415.328
26059.22,59.26000000000204,22560.385
26059.23,59.27000000000044,22366.992
26059.24,59.280000000002474,22415.328
26059.25,59.29000000000087,22366.992
26059.26,59.29999999999927,22415.328
26059.27,59.31000000000131,22318.664
26059.28,59.31999999999971,22222.031
26059.29,59.330000000001746,22415.328
26059.3,59.340000000000146,22753.908
26059.31,59.35000000000218,22415.328
26059.32,59.36000000000058,22318.664
26059.33,59.37000000000262,22366.992
26059.34,59.38000000000102,22608.754
26059.35,59.38999999999942,22463.672
26059.36,59.400000000001455,22463.672
26059.37,59.409999999999854,22512.023
26059.38,59.42000000000189,22560.385
26059.39,59.43000000000029,22318.664
26059.4,59.44000000000233,22560.385
26059.41,59.45000000000073,22318.664
26059.42,59.45999999999913,22415.328
26059.43,59.470000000001164,22705.516
26059.44,59.47999999999956,22512.023
26059.45,59.4900000000016,22463.672
26059.46,59.5,22318.664
26059.47,59.51000000000204,22560.385
26059.48,59.52000000000044,22657.131
26059.49,59.530000000002474,22318.664
26059.5,59.54000000000087,22560.385
26059.51,59.54999999999927,22512.023
26059.52,59.56000000000131,22560.385
26059.53,59.56999999999971,22463.672
26059.54,59.580000000001746,22270.344
26059.55,59.590000000000146,22270.344
26059.56,59.60000000000218,22415.328
26059.57,59.61000000000058,22270.344
26059.58,59.62000000000262,22318.664
26059.59,59.63000000000102,22366.992
26059.6,59.63999999999942,22270.344
26059.61,59.650000000001455,22318.664
26059.62,59.659999999999854,22415.328
26059.63,59.67000000000189,22463.672
26059.64,59.68000000000029,22222.031
26059.65,59.69000000000233,22366.992
26059.66,59.70000000000073,22463.672
26059.67,59.70999999999913,22463.672
26059.68,59.720000000001164,22415.328
26059.69,59.72999999999956,22270.344
26059.7,59.7400000000016,22318.664
26059.71,59.75,22366.992
26059.72,59.76000000000204,22318.664
26059.73,59.77000000000044,22270.344
26059.74,59.780000000002474,22366.992
26059.75,59.79000000000087,22512.023
26059.76,59.79999999999927,22318.664
26059.77,59.81000000000131,22318.664
26059.78,59.81999999999971,22512.023
26059.79,59.830000000001746,22415.328
26059.8,59.840000000000146,22463.672
26059.81,59.85000000000218,22463.672
26059.82,59.86000000000058,22270.344
26059.83,59.87000000000262,22705.516
26059.84,59.88000000000102,22318.664
26059.85,59.88999999999942,22270.344
26059.86,59.900000000001455,22270.344
26059.87,59.909999999999854,22270.344
26059.88,59.92000000000189,22222.031
26059.89,59.93000000000029,22318.664
26059.9,59.94000000000233,22463.672
26059.91,59.95000000000073,22415.328
26059.92,59.95999999999913,22318.664
26059.93,59.970000000001164,22415.328
26059.94,59.97999999999956,22366.992
26059.95,59.9900000000016,22366.992
26059.96,60.0,22463.672
26059.97,60.01000000000204,22318.664
26059.98,60.02000000000044,22415.328
26059.99,60.030000000002474,22318.664
26060.0,60.04000000000087,22415.328
26060.01,60.04999999999927,22463.672
26060.02,60.06000000000131,22366.992
26060.03,60.06999999999971,22366.992
26060.04,60.080000000001746,22463.672
26060.05,60.090000000000146,22463.672
26060.06,60.10000000000218,22222.031
26060.07,60.11000000000058,22222.031
26060.08,60.12000000000262,22463.672
26060.09,60.13000000000102,22366.992
26060.1,60.13999999999942,22415.328
26060.11,60.150000000001455,22366.992
26060.12,60.159999999999854,22463.672
26060.13,60.17000000000189,22318.664
26060.14,60.18000000000029,22366.992
26060.15,60.19000000000233,22366.992
26060.16,60.20000000000073,22463.672
26060.17,60.20999999999913,22463.672
26060.18,60.220000000001164,22560.385
26060.19,60.22999999999956,22463.672
26060.2,60.2400000000016,22318.664
26060.21,60.25,22366.992
26060.22,60.26000000000204,22512.023
26060.23,60.27000000000044,22270.344
26060.24,60.280000000002474,22366.992
26060.25,60.29000000000087,22366.992
26060.26,60.29999999999927,22415.328
26060.27,60.31000000000131,22318.664
26060.28,60.31999999999971,22415.328
26060.29,60.330000000001746,22366.992
26060.3,60.340000000000146,22463.672
26060.31,60.35000000000218,22415.328
26060.32,60.36000000000058,22463.672
26060.33,60.37000000000262,22222.031
26060.34,60.38000000000102,22415.328
26060.35,60.38999999999942,22415.328
26060.36,60.400000000001455,22318.664
26060.37,60.409999999999854,22366.992
26060.38,60.42000000000189,22318.664
26060.39,60.43000000000029,22415.328
26060.4,60.44000000000233,22366.992
26060.41,60.45000000000073,22463.672
26060.42,60.45999999999913,22366.992
26060.43,60.470000000001164,22463.672
26060.44,60.47999999999956,22463.672
26060.45,60.4900000000016,22512.023
26060.46,60.5,22173.729
26060.47,60.51000000000204,22512.023
26060.48,60.52000000000044,22415.328
26060.49,60.530000000002474,22512.023
26060.5,60.54000000000087,22318.664
26060.51,60.54999999999927,22463.672
26060.52,60.56000000000131,22463.672
26060.53,60.56999999999971,22463.672
26060.54,60.580000000001746,22415.328
26060.55,60.590000000000146,22415.328
26060.56,60.60000000000218,22512.023
26060.57,60.61000000000058,22608.754
26060.58,60.62000000000262,22560.385
26060.59,60.63000000000102,22415.328
26060.6,60.63999999999942,22657.131
26060.61,60.650000000001455,22560.385
26060.62,60.659999999999854,22463.672
26060.63,60.67000000000189,22560.385
26060.64,60.68000000000029,22366.992
26060.65,60.69000000000233,22463.672
26060.66,60.70000000000073,22463.672
26060.67,60.70999999999913,22415.328
26060.68,60.720000000001164,22512.023
26060.69,60.72999999999956,22463.672
26060.7,60.7400000000016,22608.754
26060.71,60.75,22657.131
26060.72,60.76000000000204,22705.516
26060.73,60.77000000000044,22560.385
26060.74,60.780000000002474,22512.023
26060.75,60.79000000000087,22415.328
26060.76,60.79999999999927,22560.385
26060.77,60.81000000000131,22463.672
26060.78,60.81999999999971,22463.672
26060.79,60.830000000001746,22560.385
26060.8,60.840000000000146,22608.754
26060.81,60.85000000000218,22560.385
26060.82,60.86000000000058,22415.328
26060.83,60.87000000000262,22560.385
26060.84,60.88000000000102,22415.328
26060.85,60.88999999999942,22366.992
26060.86,60.900000000001455,22415.328
26060.87,60.909999999999854,22415.328
26060.88,60.92000000000189,22366.992
26060.89,60.93000000000029,22512.023
26060.9,60.94000000000233,22415.328
26060.91,60.95000000000073,22463.672
26060.92,60.95999999999913,22318.664
26060.93,60.970000000001164,22366.992
26060.94,60.97999999999956,22463.672
26060.95,60.9900000000016,22753.908
26060.96,61.0,22463.672
26060.97,61.01000000000204,22415.328
26060.98,61.02000000000044,22366.992
26060.99,61.030000000002474,22512.023
26061.0,61.04000000000087,22512.023
26061.01,61.04999999999927,22560.385
26061.02,61.06000000000131,22463.672
26061.03,61.06999999999971,22560.385
26061.04,61.080000000001746,22657.131
26061.05,61.090000000000146,22512.023
26061.06,61.10000000000218,22366.992
26061.07,61.11000000000058,22463.672
26061.08,61.12000000000262,22463.672
26061.09,61.13000000000102,22366.992
26061.1,61.13999999999942,22222.031
26061.11,61.150000000001455,22560.385
26061.12,61.159999999999854,22608.754
26061.13,61.17000000000189,22512.023
26061.14,61.18000000000029,22608.754
26061.15,61.19000000000233,22463.672
26061.16,61.20000000000073,22415.328
26061.17,61.20999999999913,22366.992
26061.18,61.220000000001164,22560.385
26061.19,61.22999999999956,22463.672
26061.2,61.2400000000016,22657.131
26061.21,61.25,22415.328
26061.22,61.26000000000204,22560.385
26061.23,61.27000000000044,22753.908
26061.24,61.280000000002474,22560.385
26061.25,61.29000000000087,22415.328
26061.26,61.29999999999927,22657.131
26061.27,61.31000000000131,22318.664
26061.28,61.31999999999971,22512.023
26061.29,61.330000000001746,22366.992
26061.3,61.340000000000146,22560.385
26061.31,61.35000000000218,22366.992
26061.32,61.36000000000058,22463.672
26061.33,61.37000000000262,22415.328
26061.34,61.38000000000102,22415.328
26061.35,61.38999999999942,22415.328
26061.36,61.400000000001455,22608.754
26061.37,61.409999999999854,22415.328
26061.38,61.42000000000189,22318.664
26061.39,61.43000000000029,22560.385
26061.4,61.44000000000233,22608.754
26061.41,61.45000000000073,22512.023
26061.42,61.45999999999913,22318.664
26061.43,61.470000000001164,22366.992
26061.44,61.47999999999956,22463.672
26061.45,61.4900000000016,22657.131
26061.46,61.5,22512.023
26061.47,61.51000000000204,22222.031
26061.48,61.52000000000044,22560.385
26061.49,61.530000000002474,22512.023
26061.5,61.54000000000087,22415.328
26061.51,61.54999999999927,22560.385
26061.52,61.56000000000131,22512.023
26061.53,61.56999999999971,22366.992
26061.54,61.580000000001746,22463.672
26061.55,61.590000000000146,22173.729
26061.56,61.60000000000218,22415.328
26061.57,61.61000000000058,22463.672
26061.58,61.62000000000262,22415.328
26061.59,61.63000000000102,22318.664
26061.6,61.63999999999942,22657.131
26061.61,61.650000000001455,22608.754
26061.62,61.659999999999854,22463.672
26061.63,61.67000000000189,22415.328
26061.64,61.68000000000029,22366.992
26061.65,61.69000000000233,22512.023
26061.66,61.70000000000073,22366.992
26061.67,61.70999999999913,22463.672
26061.68,61.720000000001164,22222.031
26061.69,61.72999999999956,22318.664
26061.7,61.7400000000016,22222.031
26061.71,61.75,22415.328
26061.72,61.76000000000204,22463.672
26061.73,61.77000000000044,22512.023
26061.74,61.780000000002474,22512.023
26061.75,61.79000000000087,22415.328
26061.76,61.79999999999927,22512.023
26061.77,61.81000000000131,22463.672
26061.78,61.81999999999971,22463.672
26061.79,61.830000000001746,22463.672
26061.8,61.840000000000146,22512.023
26061.81,61.85000000000218,22560.385
26061.82,61.86000000000058,22415.328
26061.83,61.87000000000262,22318.664
26061.84,61.88000000000102,22415.328
26061.85,61.88999999999942,22463.672
26061.86,61.900000000001455,22366.992
26061.87,61.909999999999854,22366.992
26061.88,61.92000000000189,22560.385
26061.89,61.93000000000029,22270.344
26061.9,61.94000000000233,22560.385
26061.91,61.95000000000073,22318.664
26061.92,61.95999999999913,22512.023
26061.93,61.970000000001164,22318.664
26061.94,61.97999999999956,22318.664
26061.95,61.9900000000016,22415.328
26061.96,62.0,22415.328
26061.97,62.01000000000204,22415.328
26061.98,62.02000000000044,22512.023
26061.99,62.030000000002474,22657.131
26062.0,62.04000000000087,22560.385
26062.01,62.04999999999927,22318.664
26062.02,62.06000000000131,22366.992
26062.03,62.06999999999971,22366.992
26062.04,62.080000000001746,22415.328
26062.05,62.090000000000146,22366.992
26062.06,62.10000000000218,22366.992
26062.07,62.11000000000058,22560.385
26062.08,62.12000000000262,22512.023
26062.09,62.13000000000102,22366.992
26062.1,62.13999999999942,22560.385
26062.11,62.150000000001455,22366.992
26062.12,62.159999999999854,22366.992
26062.13,62.17000000000189,22366.992
26062.14,62.18000000000029,22705.516
26062.15,62.19000000000233,22366.992
26062.16,62.20000000000073,22415.328
26062.17,62.20999999999913,22318.664
26062.18,62.220000000001164,22415.328
26062.19,62.22999999999956,22366.992
26062.2,62.2400000000016,22608.754
26062.21,62.25,22415.328
26062.22,62.26000000000204,22463.672
26062.23,62.27000000000044,22415.328
26062.24,62.280000000002474,22366.992
26062.25,62.29000000000087,22512.023
26062.26,62.29999999999927,22415.328
26062.27,62.31000000000131,22318.664
26062.28,62.31999999999971,22463.672
26062.29,62.330000000001746,22415.328
26062.3,62.340000000000146,22512.023
26062.31,62.35000000000218,22560.385
26062.32,62.36000000000058,22512.023
26062.33,62.37000000000262,22270.344
26062.34,62.38000000000102,22512.023
26062.35,62.38999999999942,22560.385
26062.36,62.400000000001455,22415.328
26062.37,62.409999999999854,22366.992
26062.38,62.42000000000189,22415.328
26062.39,62.43000000000029,22366.992
26062.4,62.44000000000233,22318.664
26062.41,62.45000000000073,22415.328
26062.42,62.45999999999913,22366.992
26062.43,62.470000000001164,22512.023
26062.44,62.47999999999956,22463.672
26062.45,62.4900000000016,22512.023
26062.46,62.5,22415.328
26062.47,62.51000000000204,22512.023
26062.48,62.52000000000044,22560.385
26062.49,62.530000000002474,22366.992
26062.5,62.54000000000087,22608.754
26062.51,62.54999999999927,22560.385
26062.52,62.56000000000131,22608.754
26062.53,62.56999999999971,22657.131
26062.54,62.580000000001746,22463.672
26062.55,62.590000000000146,22463.672
26062.56,62.60000000000218,22512.023
26062.57,62.61000000000058,22318.664
26062.58,62.62000000000262,22753.908
26062.59,62.63000000000102,22608.754
26062.6,62.63999999999942,22560.385
26062.61,62.650000000001455,22415.328
26062.62,62.659999999999854,22415.328
26062.63,62.67000000000189,22512.023
26062.64,62.68000000000029,22512.023
26062.65,62.69000000000233,22753.908
26062.66,62.70000000000073,22366.992
26062.67,62.70999999999913,22415.328
26062.68,62.720000000001164,22512.023
26062.69,62.72999999999956,22512.023
26062.7,62.7400000000016,22318.664
26062.71,62.75,22560.385
26062.72,62.76000000000204,22415.328
26062.73,62.77000000000044,22608.754
26062.74,62.780000000002474,22657.131
26062.75,62.79000000000087,22463.672
26062.76,62.79999999999927,22463.672
26062.77,62.81000000000131,22560.385
26062.78,62.81999999999971,22366.992
26062.79,62.830000000001746,22560.385
26062.8,62.840000000000146,22512.023
26062.81,62.85000000000218,22560.385
26062.82,62.86000000000058,22463.672
26062.83,62.87000000000262,22415.328
26062.84,62.88000000000102,22512.023
26062.85,62.88999999999942,22560.385
26062.86,62.900000000001455,22415.328
26062.87,62.909999999999854,22463.672
26062.88,62.92000000000189,22415.328
26062.89,62.93000000000029,22560.385
26062.9,62.94000000000233,22415.328
26062.91,62.95000000000073,22608.754
26062.92,62.95999999999913,22560.385
26062.93,62.970000000001164,22463.672
26062.94,62.97999999999956,22608.754
26062.95,62.9900000000016,22512.023
26062.96,63.0,22753.908
26062.97,63.01000000000204,22608.754
26062.98,63.02000000000044,22560.385
26062.99,63.030000000002474,22415.328
26063.0,63.04000000000087,22705.516
26063.01,63.04999999999927,22512.023
26063.02,63.06000000000131,22463.672
26063.03,63.06999999999971,22560.385
26063.04,63.080000000001746,22415.328
26063.05,63.090000000000146,22512.023
26063.06,63.10000000000218,22463.672
26063.07,63.11000000000058,22463.672
26063.08,63.12000000000262,22366.992
26063.09,63.13000000000102,22560.385
26063.1,63.13999999999942,22753.908
26063.11,63.150000000001455,22560.385
26063.12,63.159999999999854,22415.328
26063.13,63.17000000000189,22512.023
26063.14,63.18000000000029,22318.664
26063.15,63.19000000000233,22512.023
26063.16,63.20000000000073,22802.309
26063.17,63.20999999999913,22560.385
26063.18,63.220000000001164,22415.328
26063.19,63.22999999999956,22415.328
26063.2,63.2400000000016,22753.908
26063.21,63.25,22512.023
26063.22,63.26000000000204,22560.385
26063.23,63.27000000000044,22463.672
26063.24,63.280000000002474,22463.672
26063.25,63.29000000000087,22415.328
26063.26,63.29999999999927,22560.385
26063.27,63.31000000000131,22560.385
26063.28,63.31999999999971,22560.385
26063.29,63.330000000001746,22753.908
26063.3,63.340000000000146,22753.908
26063.31,63.35000000000218,22657.131
26063.32,63.36000000000058,22366.992
26063.33,63.37000000000262,22366.992
26063.34,63.38000000000102,22463.672
26063.35,63.38999999999942,22560.385
26063.36,63.400000000001455,22705.516
26063.37,63.409999999999854,22415.328
26063.38,63.42000000000189,22270.344
26063.39,63.43000000000029,22560.385
26063.4,63.44000000000233,22560.385
26063.41,63.45000000000073,22463.672
26063.42,63.45999999999913,22705.516
26063.43,63.470000000001164,22512.023
26063.44,63.47999999999956,22512.023
26063.45,63.4900000000016,22608.754
26063.46,63.5,22512.023
26063.47,63.51000000000204,22318.664
26063.48,63.52000000000044,22512.023
26063.49,63.530000000002474,22608.754
26063.5,63.54000000000087,22608.754
26063.51,63.54999999999927,22608.754
26063.52,63.56000000000131,22512.023
26063.53,63.56999999999971,22415.328
26063.54,63.580000000001746,22560.385
26063.55,63.590000000000146,22415.328
26063.56,63.60000000000218,22318.664
26063.57,63.61000000000058,22512.023
26063.58,63.62000000000262,22560.385
26063.59,63.63000000000102,22560.385
26063.6,63.63999999999942,22512.023
26063.61,63.650000000001455,22512.023
26063.62,63.659999999999854,22415.328
26063.63,63.67000000000189,22415.328
26063.64,63.68000000000029,22415.328
26063.65,63.69000000000233,22512.023
26063.66,63.70000000000073,22560.385
26063.67,63.70999999999913,22415.328
26063.68,63.720000000001164,22415.328
26063.69,63.72999999999956,22608.754
26063.7,63.7400000000016,22512.023
26063.71,63.75,22366.992
26063.72,63.76000000000204,22318.664
26063.73,63.77000000000044,22463.672
26063.74,63.780000000002474,22512.023
26063.75,63.79000000000087,22318.664
26063.76,63.79999999999927,22657.131
26063.77,63.81000000000131,22463.672
26063.78,63.81999999999971,22560.385
26063.79,63.830000000001746,22512.023
26063.8,63.840000000000146,22270.344
26063.81,63.85000000000218,22463.672
26063.82,63.86000000000058,22512.023
26063.83,63.87000000000262,22415.328
26063.84,63.88000000000102,22560.385
26063.85,63.88999999999942,22512.023
26063.86,63.900000000001455,22366.992
26063.87,63.909999999999854,22366.992
26063.88,63.92000000000189,22512.023
26063.89,63.93000000000029,22415.328
26063.9,63.94000000000233,22366.992
26063.91,63.95000000000073,22608.754
26063.92,63.95999999999913,22318.664
26063.93,63.970000000001164,22753.908
26063.94,63.97999999999956,22222.031
26063.95,63.9900000000016,22415.328
26063.96,64.0,22512.023
26063.97,64.01000000000204,22415.328
26063.98,64.02000000000044,22366.992
26063.99,64.03000000000247,22318.664
26064.0,64.04000000000087,22560.385
26064.01,64.04999999999927,22560.385
26064.02,64.06000000000131,22415.328
26064.03,64.06999999999971,22415.328
26064.04,64.08000000000175,22415.328
26064.05,64.09000000000015,22366.992
26064.06,64.10000000000218,22512.023
26064.07,64.11000000000058,22366.992
26064.08,64.12000000000262,22560.385
26064.09,64.13000000000102,22608.754
26064.1,64.13999999999942,22415.328
26064.11,64.15000000000146,22512.023
26064.12,64.15999999999985,22318.664
26064.13,64.17000000000189,22463.672
26064.14,64.18000000000029,22366.992
26064.15,64.19000000000233,22463.672
26064.16,64.20000000000073,22415.328
26064.17,64.20999999999913,22318.664
26064.18,64.22000000000116,22463.672
26064.19,64.22999999999956,22512.023
26064.2,64.2400000000016,22657.131
26064.21,64.25,22463.672
26064.22,64.26000000000204,22366.992
26064.23,64.27000000000044,22463.672
26064.24,64.28000000000247,22560.385
26064.25,64.29000000000087,22415.328
26064.26,64.29999999999927,22366.992
26064.27,64.31000000000131,22463.672
26064.28,64.31999999999971,22608.754
26064.29,64.33000000000175,22318.664
26064.3,64.34000000000015,22318.664
26064.31,64.35000000000218,22512.023
26064.32,64.36000000000058,22512.023
26064.33,64.37000000000262,22657.131
26064.34,64.38000000000102,22753.908
26064.35,64.38999999999942,22512.023
26064.36,64.40000000000146,22512.023
26064.37,64.40999999999985,22512.023
26064.38,64.42000000000189,22270.344
26064.39,64.43000000000029,22270.344
26064.4,64.44000000000233,22366.992
26064.41,64.45000000000073,22415.328
26064.42,64.45999999999913,22415.328
26064.43,64.47000000000116,22415.328
26064.44,64.47999999999956,22415.328
26064.45,64.4900000000016,22657.131
26064.46,64.5,22463.672
26064.47,64.51000000000204,22222.031
26064.48,64.52000000000044,22463.672
26064.49,64.53000000000247,22512.023
26064.5,64.54000000000087,22415.328
26064.51,64.54999999999927,22608.754
26064.52,64.56000000000131,22657.131
26064.53,64.56999999999971,22415.328
26064.54,64.58000000000175,22608.754
26064.55,64.59000000000015,22608.754
26064.56,64.60000000000218,22560.385
26064.57,64.61000000000058,22415.328
26064.58,64.62000000000262,22415.328
26064.59,64.63000000000102,22463.672
26064.6,64.63999999999942,22608.754
26064.61,64.65000000000146,22366.992
26064.62,64.65999999999985,22415.328
26064.63,64.67000000000189,22560.385
26064.64,64.68000000000029,22415.328
26064.65,64.69000000000233,22512.023
26064.66,64.70000000000073,22657.131
26064.67,64.70999999999913,22463.672
26064.68,64.72000000000116,22512.023
26064.69,64.72999999999956,22463.672
26064.7,64.7400000000016,22608.754
26064.71,64.75,22512.023
26064.72,64.76000000000204,22512.023
26064.73,64.77000000000044,22463.672
26064.74,64.78000000000247,22463.672
26064.75,64.79000000000087,22512.023
26064.76,64.79999999999927,22463.672
26064.77,64.81000000000131,22657.131
26064.78,64.81999999999971,22415.328
26064.79,64.83000000000175,22512.023
26064.8,64.84000000000015,22318.664
26064.81,64.85000000000218,22222.031
26064.82,64.86000000000058,22512.023
26064.83,64.87000000000262,22608.754
26064.84,64.88000000000102,22415.328
26064.85,64.88999999999942,22560.385
26064.86,64.90000000000146,22463.672
26064.87,64.90999999999985,22463.672
26064.88,64.92000000000189,22512.023
26064.89,64.93000000000029,22463.672
26064.9,64.94000000000233,22560.385
26064.91,64.95000000000073,22512.023
26064.92,64.95999999999913,22415.328
26064.93,64.97000000000116,22657.131
26064.94,64.97999999999956,22415.328
26064.95,64.9900000000016,22608.754
26064.96,65.0,22560.385
26064.97,65.01000000000204,22463.672
26064.98,65.02000000000044,22463.672
26064.99,65.03000000000247,22415.328
26065.0,65.04000000000087,22415.328
26065.01,65.04999999999927,22608.754
26065.02,65.06000000000131,22657.131
26065.03,65.06999999999971,22560.385
26065.04,65.08000000000175,22657.131
26065.05,65.09000000000015,22463.672
26065.06,65.10000000000218,22366.992
26065.07,65.11000000000058,22657.131
26065.08,65.12000000000262,22560.385
26065.09,65.13000000000102,22608.754
26065.1,65.13999999999942,22463.672
26065.11,65.15000000000146,22512.023
26065.12,65.15999999999985,22415.328
26065.13,65.17000000000189,22560.385
26065.14,65.18000000000029,22415.328
26065.15,65.19000000000233,22657.131
26065.16,65.20000000000073,22463.672
26065.17,65.20999999999913,22608.754
26065.18,65.22000000000116,22608.754
26065.19,65.22999999999956,22608.754
26065.2,65.2400000000016,22318.664
26065.21,65.25,22512.023
26065.22,65.26000000000204,22657.131
26065.23,65.27000000000044,22415.328
26065.24,65.28000000000247,22512.023
26065.25,65.29000000000087,22560.385
26065.26,65.29999999999927,22512.023
26065.27,65.31000000000131,22512.023
26065.28,65.31999999999971,22318.664
26065.29,65.33000000000175,22560.385
26065.3,65.34000000000015,22415.328
26065.31,65.35000000000218,22512.023
26065.32,65.36000000000058,22318.664
26065.33,65.37000000000262,22705.516
26065.34,65.38000000000102,22512.023
26065.35,65.38999999999942,22415.328
26065.36,65.40000000000146,22415.328
26065.37,65.40999999999985,22463.672
26065.38,65.42000000000189,22608.754
26065.39,65.43000000000029,22512.023
26065.4,65.44000000000233,22560.385
26065.41,65.45000000000073,22512.023
26065.42,65.45999999999913,22512.023
26065.43,65.47000000000116,22415.328
26065.44,65.47999999999956,22560.385
26065.45,65.4900000000016,22512.023
26065.46,65.5,22560.385
26065.47,65.51000000000204,22512.023
26065.48,65.52000000000044,22512.023
26065.49,65.53000000000247,22415.328
26065.5,65.54000000000087,22560.385
26065.51,65.54999999999927,22608.754
26065.52,65.56000000000131,22463.672
26065.53,65.56999999999971,22512.023
26065.54,65.58000000000175,22366.992
26065.55,65.59000000000015,22415.328
26065.56,65.60000000000218,22657.131
26065.57,65.61000000000058,22415.328
26065.58,65.62000000000262,22463.672
26065.59,65.63000000000102,22512.023
26065.6,65.63999999999942,22318.664
26065.61,65.65000000000146,22705.516
26065.62,65.65999999999985,22512.023
26065.63,65.67000000000189,22657.131
26065.64,65.68000000000029,22463.672
26065.65,65.69000000000233,22512.023
26065.66,65.70000000000073,22753.908
26065.67,65.70999999999913,22415.328
26065.68,65.72000000000116,22512.023
26065.69,65.72999999999956,22415.328
26065.7,65.7400000000016,22657.131
26065.71,65.75,22463.672
26065.72,65.76000000000204,22415.328
26065.73,65.77000000000044,22415.328
26065.74,65.78000000000247,22560.385
26065.75,65.79000000000087,22560.385
26065.76,65.79999999999927,22463.672
26065.77,65.81000000000131,22657.131
26065.78,65.81999999999971,22318.664
26065.79,65.83000000000175,22415.328
26065.8,65.84000000000015,22753.908
26065.81,65.85000000000218,22270.344
26065.82,65.86000000000058,22222.031
26065.83,65.87000000000262,22512.023
26065.84,65.88000000000102,22560.385
26065.85,65.88999999999942,22415.328
26065.86,65.90000000000146,22560.385
26065.87,65.90999999999985,22560.385
26065.88,65.92000000000189,22366.992
26065.89,65.93000000000029,22560.385
26065.9,65.94000000000233,22366.992
26065.91,65.95000000000073,22560.385
26065.92,65.95999999999913,22657.131
26065.93,65.97000000000116,22560.385
26065.94,65.97999999999956,22415.328
26065.95,65.9900000000016,22366.992
26065.96,66.0,22560.385
26065.97,66.01000000000204,22415.328
26065.98,66.02000000000044,22512.023
26065.99,66.03000000000247,22270.344
26066.0,66.04000000000087,22463.672
26066.01,66.04999999999927,22512.023
26066.02,66.06000000000131,22560.385
26066.03,66.06999999999971,22512.023
26066.04,66.08000000000175,22463.672
26066.05,66.09000000000015,22512.023
26066.06,66.10000000000218,22463.672
26066.07,66.11000000000058,22463.672
26066.08,66.12000000000262,22512.023
26066.09,66.13000000000102,22560.385
26066.1,66.13999999999942,22512.023
26066.11,66.15000000000146,22366.992
26066.12,66.15999999999985,22270.344
26066.13,66.17000000000189,22463.672
26066.14,66.18000000000029,22705.516
26066.15,66.19000000000233,22415.328
26066.16,66.20000000000073,22415.328
26066.17,66.20999999999913,22463.672
26066.18,66.22000000000116,22560.385
26066.19,66.22999999999956,22366.992
26066.2,66.2400000000016,22512.023
26066.21,66.25,22512.023
26066.22,66.26000000000204,22366.992
26066.23,66.27000000000044,22463.672
26066.24,66.28000000000247,22608.754
26066.25,66.29000000000087,22657.131
26066.26,66.29999999999927,22608.754
26066.27,66.31000000000131,22366.992
26066.28,66.31999999999971,22512.023
26066.29,66.33000000000175,22560.385
26066.3,66.34000000000015,22560.385
26066.31,66.35000000000218,22463.672
26066.32,66.36000000000058,22415.328
26066.33,66.37000000000262,22415.328
26066.34,66.38000000000102,22318.664
26066.35,66.38999999999942,22512.023
26066.36,66.40000000000146,22318.664
26066.37,66.40999999999985,22415.328
26066.38,66.42000000000189,22753.908
26066.39,66.43000000000029,22463.672
26066.4,66.44000000000233,22415.328
26066.41,66.45000000000073,22608.754
26066.42,66.45999999999913,22512.023
26066.43,66.47000000000116,22608.754
26066.44,66.47999999999956,22415.328
26066.45,66.4900000000016,22512.023
26066.46,66.5,22560.385
26066.47,66.51000000000204,22512.023
26066.48,66.52000000000044,22415.328
26066.49,66.53000000000247,22415.328
26066.5,66.54000000000087,22657.131
26066.51,66.54999999999927,22415.328
26066.52,66.56000000000131,22512.023
26066.53,66.56999999999971,22463.672
26066.54,66.58000000000175,22366.992
26066.55,66.59000000000015,22512.023
26066.56,66.60000000000218,22463.672
26066.57,66.61000000000058,22608.754
26066.58,66.62000000000262,22415.328
26066.59,66.63000000000102,22463.672
26066.6,66.63999999999942,22463.672
26066.61,66.65000000000146,22463.672
26066.62,66.65999999999985,22560.385
26066.63,66.67000000000189,22366.992
26066.64,66.68000000000029,22512.023
26066.65,66.69000000000233,22463.672
26066.66,66.70000000000073,22270.344
26066.67,66.70999999999913,22560.385
26066.68,66.72000000000116,22512.023
26066.69,66.72999999999956,22512.023
26066.7,66.7400000000016,22512.023
26066.71,66.75,22415.328
26066.72,66.76000000000204,22463.672
26066.73,66.77000000000044,22512.023
26066.74,66.78000000000247,22318.664
26066.75,66.79000000000087,22657.131
26066.76,66.79999999999927,22415.328
26066.77,66.81000000000131,22463.672
26066.78,66.81999999999971,22560.385
26066.79,66.83000000000175,22512.023
26066.8,66.84000000000015,22560.385
26066.81,66.85000000000218,22463.672
26066.82,66.86000000000058,22318.664
26066.83,66.87000000000262,22608.754
26066.84,66.88000000000102,22415.328
26066.85,66.88999999999942,22705.516
26066.86,66.90000000000146,22222.031
26066.87,66.90999999999985,22560.385
26066.88,66.92000000000189,22415.328
26066.89,66.93000000000029,22512.023
26066.9,66.94000000000233,22463.672
26066.91,66.95000000000073,22512.023
26066.92,66.95999999999913,22366.992
26066.93,66.97000000000116,22512.023
26066.94,66.97999999999956,22560.385
26066.95,66.9900000000016,22415.328
26066.96,67.0,22512.023
26066.97,67.01000000000204,22512.023
26066.98,67.02000000000044,22753.908
26066.99,67.03000000000247,22560.385
26067.0,67.04000000000087,22753.908
26067.01,67.04999999999927,22657.131
26067.02,67.06000000000131,22512.023
26067.03,67.06999999999971,22512.023
26067.04,67.08000000000175,22560.385
26067.05,67.09000000000015,22366.992
26067.06,67.10000000000218,22657.131
26067.07,67.11000000000058,22366.992
26067.08,67.12000000000262,22608.754
26067.09,67.13000000000102,22318.664
26067.1,67.13999999999942,22318.664
26067.11,67.15000000000146,22560.385
26067.12,67.15999999999985,22560.385
26067.13,67.17000000000189,22560.385
26067.14,67.18000000000029,22608.754
26067.15,67.19000000000233,22463.672
26067.16,67.20000000000073,22560.385
26067.17,67.20999999999913,22318.664
26067.18,67.22000000000116,22560.385
26067.19,67.22999999999956,22415.328
26067.2,67.2400000000016,22657.131
26067.21,67.25,22512.023
26067.22,67.26000000000204,22657.131
26067.23,67.27000000000044,22512.023
26067.24,67.28000000000247,22512.023
26067.25,67.29000000000087,22415.328
26067.26,67.29999999999927,22415.328
26067.27,67.31000000000131,22512.023
26067.28,67.31999999999971,22415.328
26067.29,67.33000000000175,22608.754
26067.3,67.34000000000015,22463.672
26067.31,67.35000000000218,22415.328
26067.32,67.36000000000058,22415.328
26067.33,67.37000000000262,22512.023
26067.34,67.38000000000102,22512.023
26067.35,67.38999999999942,22512.023
26067.36,67.40000000000146,22608.754
26067.37,67.40999999999985,22512.023
26067.38,67.42000000000189,22366.992
26067.39,67.43000000000029,22366.992
26067.4,67.44000000000233,22705.516
26067.41,67.45000000000073,22415.328
26067.42,67.45999999999913,22608.754
26067.43,67.47000000000116,22512.023
26067.44,67.47999999999956,22415.328
26067.45,67.4900000000016,22560.385
26067.46,67.5,22463.672
26067.47,67.51000000000204,22608.754
26067.48,67.52000000000044,22512.023
26067.49,67.53000000000247,22560.385
26067.5,67.54000000000087,22463.672
26067.51,67.54999999999927,22415.328
26067.52,67.56000000000131,22560.385
26067.53,67.56999999999971,22463.672
26067.54,67.58000000000175,22318.664
26067.55,67.59000000000015,22463.672
26067.56,67.60000000000218,22270.344
26067.57,67.61000000000058,22366.992
26067.58,67.62000000000262,22222.031
26067.59,67.63000000000102,22415.328
26067.6,67.63999999999942,22318.664
26067.61,67.65000000000146,22608.754
26067.62,67.65999999999985,22608.754
26067.63,67.67000000000189,22366.992
26067.64,67.68000000000029,22560.385
26067.65,67.69000000000233,22512.023
26067.66,67.70000000000073,22415.328
26067.67,67.70999999999913,22366.992
26067.68,67.72000000000116,22318.664
26067.69,67.72999999999956,22366.992
26067.7,67.7400000000016,22560.385
26067.71,67.75,22608.754
26067.72,67.76000000000204,22125.432
26067.73,67.77000000000044,22512.023
26067.74,67.78000000000247,22366.992
26067.75,67.79000000000087,22657.131
26067.76,67.79999999999927,22415.328
26067.77,67.81000000000131,22415.328
26067.78,67.81999999999971,22366.992
26067.79,67.83000000000175,22657.131
26067.8,67.84000000000015,22512.023
26067.81,67.85000000000218,22657.131
26067.82,67.86000000000058,22270.344
26067.83,67.87000000000262,22318.664
26067.84,67.88000000000102,22657.131
26067.85,67.88999999999942,22270.344
26067.86,67.90000000000146,22560.385
26067.87,67.90999999999985,22415.328
26067.88,67.92000000000189,22366.992
26067.89,67.93000000000029,22560.385
26067.9,67.94000000000233,22657.131
26067.91,67.95000000000073,22560.385
26067.92,67.95999999999913,22318.664
26067.93,67.97000000000116,22512.023
26067.94,67.97999999999956,22318.664
26067.95,67.9900000000016,22318.664
26067.96,68.0,22463.672
26067.97,68.01000000000204,22608.754
26067.98,68.02000000000044,22560.385
26067.99,68.03000000000247,22657.131
26068.0,68.04000000000087,22657.131
26068.01,68.04999999999927,22415.328
26068.02,68.06000000000131,22705.516
26068.03,68.06999999999971,22512.023
26068.04,68.08000000000175,22366.992
26068.05,68.09000000000015,22415.328
26068.06,68.10000000000218,22366.992
26068.07,68.11000000000058,22318.664
26068.08,68.12000000000262,22463.672
26068.09,68.13000000000102,22415.328
26068.1,68.13999999999942,22318.664
26068.11,68.15000000000146,22415.328
26068.12,68.15999999999985,22512.023
26068.13,68.17000000000189,22318.664
26068.14,68.18000000000029,22318.664
26068.15,68.19000000000233,22463.672
26068.16,68.20000000000073,22705.516
26068.17,68.20999999999913,22463.672
26068.18,68.22000000000116,22415.328
26068.19,68.22999999999956,22270.344
26068.2,68.2400000000016,22463.672
26068.21,68.25,22512.023
26068.22,68.26000000000204,22415.328
26068.23,68.27000000000044,22463.672
26068.24,68.28000000000247,22415.328
26068.25,68.29000000000087,22608.754
26068.26,68.29999999999927,22366.992
26068.27,68.31000000000131,22512.023
26068.28,68.31999999999971,22512.023
26068.29,68.33000000000175,22560.385
26068.3,68.34000000000015,22366.992
26068.31,68.35000000000218,22318.664
26068.32,68.36000000000058,22560.385
26068.33,68.37000000000262,22608.754
26068.34,68.38000000000102,22366.992
26068.35,68.38999999999942,22366.992
26068.36,68.40000000000146,22512.023
26068.37,68.40999999999985,22415.328
26068.38,68.42000000000189,22560.385
26068.39,68.43000000000029,22512.023
26068.4,68.44000000000233,22463.672
26068.41,68.45000000000073,22657.131
26068.42,68.45999999999913,22608.754
26068.43,68.47000000000116,22657.131
26068.44,68.47999999999956,22463.672
26068.45,68.4900000000016,22415.328
26068.46,68.5,22560.385
26068.47,68.51000000000204,22415.328
26068.48,68.52000000000044,22415.328
26068.49,68.53000000000247,22560.385
26068.5,68.54000000000087,22512.023
26068.51,68.54999999999927,22753.908
26068.52,68.56000000000131,22560.385
26068.53,68.56999999999971,22657.131
26068.54,68.58000000000175,22463.672
26068.55,68.59000000000015,22463.672
26068.56,68.60000000000218,22463.672
26068.57,68.61000000000058,22657.131
26068.58,68.62000000000262,22560.385
26068.59,68.63000000000102,22463.672
26068.6,68.63999999999942,22802.309
26068.61,68.65000000000146,22512.023
26068.62,68.65999999999985,22608.754
26068.63,68.67000000000189,22560.385
26068.64,68.68000000000029,22512.023
26068.65,68.69000000000233,22463.672
26068.66,68.70000000000073,22705.516
26068.67,68.70999999999913,22657.131
26068.68,68.72000000000116,22753.908
26068.69,68.72999999999956,22512.023
26068.7,68.7400000000016,22415.328
26068.71,68.75,22463.672
26068.72,68.76000000000204,22560.385
26068.73,68.77000000000044,22463.672
26068.74,68.78000000000247,22657.131
26068.75,68.79000000000087,22560.385
26068.76,68.79999999999927,22608.754
26068.77,68.81000000000131,22463.672
26068.78,68.81999999999971,22366.992
26068.79,68.83000000000175,22753.908
26068.8,68.84000000000015,22560.385
26068.81,68.85000000000218,22463.672
26068.82,68.86000000000058,22415.328
26068.83,68.87000000000262,22753.908
26068.84,68.88000000000102,22608.754
26068.85,68.88999999999942,22512.023
26068.86,68.90000000000146,22512.023
26068.87,68.90999999999985,22657.131
26068.88,68.92000000000189,22608.754
26068.89,68.93000000000029,22705.516
26068.9,68.94000000000233,22608.754
26068.91,68.95000000000073,22366.992
26068.92,68.95999999999913,22657.131
26068.93,68.97000000000116,22608.754
26068.94,68.97999999999956,22415.328
26068.95,68.9900000000016,22415.328
26068.96,69.0,22608.754
26068.97,69.01000000000204,22560.385
26068.98,69.02000000000044,22560.385
26068.99,69.03000000000247,22512.023
26069.0,69.04000000000087,22560.385
26069.01,69.04999999999927,22415.328
26069.02,69.06000000000131,22608.754
26069.03,69.06999999999971,22608.754
26069.04,69.08000000000175,22512.023
26069.05,69.09000000000015,22415.328
26069.06,69.10000000000218,22415.328
26069.07,69.11000000000058,22608.754
26069.08,69.12000000000262,22512.023
26069.09,69.13000000000102,22560.385
26069.1,69.13999999999942,22608.754
26069.11,69.15000000000146,22463.672
26069.12,69.15999999999985,22657.131
26069.13,69.17000000000189,22415.328
26069.14,69.18000000000029,22608.754
26069.15,69.19000000000233,22608.754
26069.16,69.20000000000073,22512.023
26069.17,69.20999999999913,22608.754
26069.18,69.22000000000116,22366.992
26069.19,69.22999999999956,22512.023
26069.2,69.2400000000016,22608.754
26069.21,69.25,22560.385
26069.22,69.26000000000204,22560.385
26069.23,69.27000000000044,22753.908
26069.24,69.28000000000247,22415.328
26069.25,69.29000000000087,22512.023
26069.26,69.29999999999927,22463.672
26069.27,69.31000000000131,22415.328
26069.28,69.31999999999971,22512.023
26069.29,69.33000000000175,22366.992
26069.3,69.34000000000015,22512.023
26069.31,69.35000000000218,22608.754
26069.32,69.36000000000058,22463.672
26069.33,69.37000000000262,22270.344
26069.34,69.38000000000102,22415.328
26069.35,69.38999999999942,22512.023
26069.36,69.40000000000146,22463.672
26069.37,69.40999999999985,22512.023
26069.38,69.42000000000189,22463.672
26069.39,69.43000000000029,22560.385
26069.4,69.44000000000233,22657.131
26069.41,69.45000000000073,22512.023
26069.42,69.45999999999913,22415.328
26069.43,69.47000000000116,22753.908
26069.44,69.47999999999956,22608.754
26069.45,69.4900000000016,22608.754
26069.46,69.5,22560.385
26069.47,69.51000000000204,22512.023
26069.48,69.52000000000044,22608.754
26069.49,69.53000000000247,22657.131
26069.5,69.54000000000087,22318.664
26069.51,69.54999999999927,22560.385
26069.52,69.56000000000131,22512.023
26069.53,69.56999999999971,22463.672
26069.54,69.58000000000175,22366.992
26069.55,69.59000000000015,22560.385
26069.56,69.60000000000218,22560.385
26069.57,69.61000000000058,22560.385
26069.58,69.62000000000262,22463.672
26069.59,69.63000000000102,22608.754
26069.6,69.63999999999942,22657.131
26069.61,69.65000000000146,22705.516
26069.62,69.65999999999985,22415.328
26069.63,69.67000000000189,22415.328
26069.64,69.68000000000029,22415.328
26069.65,69.69000000000233,22463.672
26069.66,69.70000000000073,22657.131
26069.67,69.70999999999913,22463.672
26069.68,69.72000000000116,22512.023
26069.69,69.72999999999956,22560.385
26069.7,69.7400000000016,22512.023
26069.71,69.75,22512.023
26069.72,69.76000000000204,22318.664
26069.73,69.77000000000044,22415.328
26069.74,69.78000000000247,22318.664
26069.75,69.79000000000087,22318.664
26069.76,69.79999999999927,22463.672
26069.77,69.81000000000131,22657.131
26069.78,69.81999999999971,22560.385
26069.79,69.83000000000175,22608.754
26069.8,69.84000000000015,22657.131
26069.81,69.85000000000218,22560.385
26069.82,69.86000000000058,22560.385
26069.83,69.87000000000262,22512.023
26069.84,69.88000000000102,22560.385
26069.85,69.88999999999942,22318.664
26069.86,69.90000000000146,22463.672
26069.87,69.90999999999985,22415.328
26069.88,69.92000000000189,22463.672
26069.89,69.93000000000029,22366.992
26069.9,69.94000000000233,22753.908
26069.91,69.95000000000073,22415.328
26069.92,69.95999999999913,22366.992
26069.93,69.97000000000116,22512.023
26069.94,69.97999999999956,22560.385
26069.95,69.9900000000016,22512.023
26069.96,70.0,22608.754
26069.97,70.01000000000204,22657.131
26069.98,70.02000000000044,22608.754
26069.99,70.03000000000247,22366.992
26070.0,70.04000000000087,22560.385
26070.01,70.04999999999927,22512.023
26070.02,70.06000000000131,22463.672
26070.03,70.06999999999971,22415.328
26070.04,70.08000000000175,22463.672
26070.05,70.09000000000015,22366.992
26070.06,70.10000000000218,22512.023
26070.07,70.11000000000058,22512.023
26070.08,70.12000000000262,22608.754
26070.09,70.13000000000102,22705.516
26070.1,70.13999999999942,22608.754
26070.11,70.15000000000146,22415.328
26070.12,70.15999999999985,22415.328
26070.13,70.17000000000189,22512.023
26070.14,70.18000000000029,22415.328
26070.15,70.19000000000233,22463.672
26070.16,70.20000000000073,22512.023
26070.17,70.20999999999913,22512.023
26070.18,70.22000000000116,22608.754
26070.19,70.22999999999956,22512.023
26070.2,70.2400000000016,22512.023
26070.21,70.25,22366.992
26070.22,70.26000000000204,22512.023
26070.23,70.27000000000044,22753.908
26070.24,70.28000000000247,22560.385
26070.25,70.29000000000087,22512.023
26070.26,70.29999999999927,22657.131
26070.27,70.31000000000131,22560.385
26070.28,70.31999999999971,22463.672
26070.29,70.33000000000175,22366.992
26070.3,70.34000000000015,22366.992
26070.31,70.35000000000218,22705.516
26070.32,70.36000000000058,22657.131
26070.33,70.37000000000262,22560.385
26070.34,70.38000000000102,22560.385
26070.35,70.38999999999942,22657.131
26070.36,70.40000000000146,22608.754
26070.37,70.40999999999985,22608.754
26070.38,70.42000000000189,22512.023
26070.39,70.43000000000029,22512.023
26070.4,70.44000000000233,22608.754
26070.41,70.45000000000073,22560.385
26070.42,70.45999999999913,22463.672
26070.43,70.47000000000116,22705.516
26070.44,70.47999999999956,22560.385
26070.45,70.4900000000016,22512.023
26070.46,70.5,22608.754
26070.47,70.51000000000204,22366.992
26070.48,70.52000000000044,22512.023
26070.49,70.53000000000247,22608.754
26070.5,70.54000000000087,22512.023
26070.51,70.54999999999927,22463.672
26070.52,70.56000000000131,22463.672
26070.53,70.56999999999971,22415.328
26070.54,70.58000000000175,22463.672
26070.55,70.59000000000015,22512.023
26070.56,70.60000000000218,22463.672
26070.57,70.61000000000058,22560.385
26070.58,70.62000000000262,22705.516
26070.59,70.63000000000102,22512.023
26070.6,70.63999999999942,22512.023
26070.61,70.65000000000146,22512.023
26070.62,70.65999999999985,22415.328
26070.63,70.67000000000189,22463.672
26070.64,70.68000000000029,22657.131
26070.65,70.69000000000233,22512.023
26070.66,70.70000000000073,22657.131
26070.67,70.70999999999913,22512.023
26070.68,70.72000000000116,22415.328
26070.69,70.72999999999956,22560.385
26070.7,70.7400000000016,22657.131
26070.71,70.75,22657.131
26070.72,70.76000000000204,22608.754
26070.73,70.77000000000044,22560.385
26070.74,70.78000000000247,22560.385
26070.75,70.79000000000087,22512.023
26070.76,70.79999999999927,22318.664
26070.77,70.81000000000131,22512.023
26070.78,70.81999999999971,22560.385
26070.79,70.83000000000175,22608.754
26070.8,70.84000000000015,22512.023
26070.81,70.85000000000218,22657.131
26070.82,70.86000000000058,22512.023
26070.83,70.87000000000262,22512.023
26070.84,70.88000000000102,22608.754
26070.85,70.88999999999942,22705.516
26070.86,70.90000000000146,22657.131
26070.87,70.90999999999985,22512.023
26070.88,70.92000000000189,22657.131
26070.89,70.93000000000029,22270.344
26070.9,70.94000000000233,22318.664
26070.91,70.95000000000073,22657.131
26070.92,70.95999999999913,22608.754
26070.93,70.97000000000116,22657.131
26070.94,70.97999999999956,22415.328
26070.95,70.9900000000016,22512.023
26070.96,71.0,22608.754
26070.97,71.01000000000204,22608.754
26070.98,71.02000000000044,22222.031
26070.99,71.03000000000247,22318.664
26071.0,71.04000000000087,22560.385
26071.01,71.04999999999927,22560.385
26071.02,71.06000000000131,22512.023
26071.03,71.06999999999971,22608.754
26071.04,71.08000000000175,22560.385
26071.05,71.09000000000015,22608.754
26071.06,71.10000000000218,22415.328
26071.07,71.11000000000058,22705.516
26071.08,71.12000000000262,22560.385
26071.09,71.13000000000102,22608.754
26071.1,71.13999999999942,22463.672
26071.11,71.15000000000146,22753.908
26071.12,71.15999999999985,22512.023
26071.13,71.17000000000189,22560.385
26071.14,71.18000000000029,22608.754
26071.15,71.19000000000233,22512.023
26071.16,71.20000000000073,22657.131
26071.17,71.20999999999913,22560.385
26071.18,71.22000000000116,22657.131
26071.19,71.22999999999956,22512.023
26071.2,71.2400000000016,22657.131
26071.21,71.25,22608.754
26071.22,71.26000000000204,22512.023
26071.23,71.27000000000044,22415.328
26071.24,71.28000000000247,22802.309
26071.25,71.29000000000087,22512.023
26071.26,71.29999999999927,22560.385
26071.27,71.31000000000131,22657.131
26071.28,71.31999999999971,22512.023
26071.29,71.33000000000175,22560.385
26071.3,71.34000000000015,22415.328
26071.31,71.35000000000218,22705.516
26071.32,71.36000000000058,22705.516
26071.33,71.37000000000262,22415.328
26071.34,71.38000000000102,22560.385
26071.35,71.38999999999942,22415.328
26071.36,71.40000000000146,22560.385
26071.37,71.40999999999985,22463.672
26071.38,71.42000000000189,22560.385
26071.39,71.43000000000029,22608.754
26071.4,71.44000000000233,22318.664
26071.41,71.45000000000073,22560.385
26071.42,71.45999999999913,22366.992
26071.43,71.47000000000116,22560.385
26071.44,71.47999999999956,22560.385
26071.45,71.4900000000016,22366.992
26071.46,71.5,22415.328
26071.47,71.51000000000204,22608.754
26071.48,71.52000000000044,22657.131
26071.49,71.53000000000247,22560.385
26071.5,71.54000000000087,22608.754
26071.51,71.54999999999927,22560.385
26071.52,71.56000000000131,22512.023
26071.53,71.56999999999971,22512.023
26071.54,71.58000000000175,22608.754
26071.55,71.59000000000015,22657.131
26071.56,71.60000000000218,22560.385
26071.57,71.61000000000058,22560.385
26071.58,71.62000000000262,22463.672
26071.59,71.63000000000102,22657.131
26071.6,71.63999999999942,22512.023
26071.61,71.65000000000146,22512.023
26071.62,71.65999999999985,22512.023
26071.63,71.67000000000189,22415.328
26071.64,71.68000000000029,22657.131
26071.65,71.69000000000233,22512.023
26071.66,71.70000000000073,22512.023
26071.67,71.70999999999913,22608.754
26071.68,71.72000000000116,22415.328
26071.69,71.72999999999956,22318.664
26071.7,71.7400000000016,22560.385
26071.71,71.75,22657.131
26071.72,71.76000000000204,22512.023
26071.73,71.77000000000044,22657.131
26071.74,71.78000000000247,22463.672
26071.75,71.79000000000087,22463.672
26071.76,71.79999999999927,22512.023
26071.77,71.81000000000131,22415.328
26071.78,71.81999999999971,22512.023
26071.79,71.83000000000175,22415.328
26071.8,71.84000000000015,22463.672
26071.81,71.85000000000218,22415.328
26071.82,71.86000000000058,22608.754
26071.83,71.87000000000262,22512.023
26071.84,71.88000000000102,22318.664
26071.85,71.88999999999942,22463.672
26071.86,71.90000000000146,22415.328
26071.87,71.90999999999985,22366.992
26071.88,71.92000000000189,22608.754
26071.89,71.93000000000029,22512.023
26071.9,71.94000000000233,22512.023
26071.91,71.95000000000073,22415.328
26071.92,71.95999999999913,22512.023
26071.93,71.97000000000116,22657.131
26071.94,71.97999999999956,22512.023
26071.95,71.9900000000016,22512.023
26071.96,72.0,22608.754
26071.97,72.01000000000204,22366.992
26071.98,72.02000000000044,22560.385
26071.99,72.03000000000247,22463.672
26072.0,72.04000000000087,22366.992
26072.01,72.04999999999927,22512.023
26072.02,72.06000000000131,22657.131
26072.03,72.06999999999971,22560.385
26072.04,72.08000000000175,22560.385
26072.05,72.09000000000015,22608.754
26072.06,72.10000000000218,22560.385
26072.07,72.11000000000058,22560.385
26072.08,72.12000000000262,22463.672
26072.09,72.13000000000102,22463.672
26072.1,72.13999999999942,22318.664
26072.11,72.15000000000146,22512.023
26072.12,72.15999999999985,22318.664
26072.13,72.17000000000189,22608.754
26072.14,72.18000000000029,22463.672
26072.15,72.19000000000233,22415.328
26072.16,72.20000000000073,22512.023
26072.17,72.20999999999913,22608.754
26072.18,72.22000000000116,22560.385
26072.19,72.22999999999956,22512.023
26072.2,72.2400000000016,22463.672
26072.21,72.25,22415.328
26072.22,72.26000000000204,22560.385
26072.23,72.27000000000044,22560.385
26072.24,72.28000000000247,22415.328
26072.25,72.29000000000087,22415.328
26072.26,72.29999999999927,22415.328
26072.27,72.31000000000131,22463.672
26072.28,72.31999999999971,22657.131
26072.29,72.33000000000175,22705.516
26072.3,72.34000000000015,22463.672
26072.31,72.35000000000218,22560.385
26072.32,72.36000000000058,22415.328
26072.33,72.37000000000262,22415.328
26072.34,72.38000000000102,22608.754
26072.35,72.38999999999942,22753.908
26072.36,72.40000000000146,22512.023
26072.37,72.40999999999985,22560.385
26072.38,72.42000000000189,22560.385
26072.39,72.43000000000029,22560.385
26072.4,72.44000000000233,22463.672
26072.41,72.45000000000073,22657.131
26072.42,72.45999999999913,22463.672
26072.43,72.47000000000116,22463.672
26072.44,72.47999999999956,22560.385
26072.45,72.4900000000016,22463.672
26072.46,72.5,22512.023
26072.47,72.51000000000204,22415.328
26072.48,72.52000000000044,22415.328
26072.49,72.53000000000247,22463.672
26072.5,72.54000000000087,22512.023
26072.51,72.54999999999927,22512.023
26072.52,72.56000000000131,22753.908
26072.53,72.56999999999971,22608.754
26072.54,72.58000000000175,22657.131
26072.55,72.59000000000015,22463.672
26072.56,72.60000000000218,22512.023
26072.57,72.61000000000058,22318.664
26072.58,72.62000000000262,22463.672
26072.59,72.63000000000102,22657.131
26072.6,72.63999999999942,22608.754
26072.61,72.65000000000146,22415.328
26072.62,72.65999999999985,22512.023
26072.63,72.67000000000189,22512.023
26072.64,72.68000000000029,22705.516
26072.65,72.69000000000233,22705.516
26072.66,72.70000000000073,22560.385
26072.67,72.70999999999913,22608.754
26072.68,72.72000000000116,22608.754
26072.69,72.72999999999956,22512.023
26072.7,72.7400000000016,22318.664
26072.71,72.75,22560.385
26072.72,72.76000000000204,22512.023
26072.73,72.77000000000044,22560.385
26072.74,72.78000000000247,22560.385
26072.75,72.79000000000087,22512.023
26072.76,72.79999999999927,22560.385
26072.77,72.81000000000131,22560.385
26072.78,72.81999999999971,22657.131
26072.79,72.83000000000175,22415.328
26072.8,72.84000000000015,22657.131
26072.81,72.85000000000218,22512.023
26072.82,72.86000000000058,22463.672
26072.83,72.87000000000262,22512.023
26072.84,72.88000000000102,22512.023
26072.85,72.88999999999942,22318.664
26072.86,72.90000000000146,22753.908
26072.87,72.90999999999985,22415.328
26072.88,72.92000000000189,22947.563
26072.89,72.93000000000029,22512.023
26072.9,72.94000000000233,22512.023
26072.91,72.95000000000073,22415.328
26072.92,72.95999999999913,22657.131
26072.93,72.97000000000116,22705.516
26072.94,72.97999999999956,22512.023
26072.95,72.9900000000016,22657.131
26072.96,73.0,22463.672
26072.97,73.01000000000204,22560.385
26072.98,73.02000000000044,22512.023
26072.99,73.03000000000247,22753.908
26073.0,73.04000000000087,22415.328
26073.01,73.04999999999927,22512.023
26073.02,73.06000000000131,22512.023
26073.03,73.06999999999971,22560.385
26073.04,73.08000000000175,22560.385
26073.05,73.09000000000015,22705.516
26073.06,73.10000000000218,22512.023
26073.07,73.11000000000058,22560.385
26073.08,73.12000000000262,22415.328
26073.09,73.13000000000102,22753.908
26073.1,73.13999999999942,22657.131
26073.11,73.15000000000146,22415.328
26073.12,73.15999999999985,22512.023
26073.13,73.17000000000189,22657.131
26073.14,73.18000000000029,22753.908
26073.15,73.19000000000233,22608.754
26073.16,73.20000000000073,22415.328
26073.17,73.20999999999913,22657.131
26073.18,73.22000000000116,22802.309
26073.19,73.22999999999956,22560.385
26073.2,73.2400000000016,22560.385
26073.21,73.25,22608.754
26073.22,73.26000000000204,22657.131
26073.23,73.27000000000044,22415.328
26073.24,73.28000000000247,22560.385
26073.25,73.29000000000087,22657.131
26073.26,73.29999999999927,22463.672
26073.27,73.31000000000131,22657.131
26073.28,73.31999999999971,22657.131
26073.29,73.33000000000175,22560.385
26073.3,73.34000000000015,22657.131
26073.31,73.35000000000218,22560.385
26073.32,73.36000000000058,22560.385
26073.33,73.37000000000262,22463.672
26073.34,73.38000000000102,22608.754
26073.35,73.38999999999942,22560.385
26073.36,73.40000000000146,22512.023
26073.37,73.40999999999985,22657.131
26073.38,73.42000000000189,22512.023
26073.39,73.43000000000029,22560.385
26073.4,73.44000000000233,22415.328
26073.41,73.45000000000073,22512.023
26073.42,73.45999999999913,22608.754
26073.43,73.47000000000116,22560.385
26073.44,73.47999999999956,22512.023
26073.45,73.4900000000016,22560.385
26073.46,73.5,22415.328
26073.47,73.51000000000204,22608.754
26073.48,73.52000000000044,22608.754
26073.49,73.53000000000247,22608.754
26073.5,73.54000000000087,22512.023
26073.51,73.54999999999927,22608.754
26073.52,73.56000000000131,22753.908
26073.53,73.56999999999971,22512.023
26073.54,73.58000000000175,22512.023
26073.55,73.59000000000015,22753.908
26073.56,73.60000000000218,22753.908
26073.57,73.61000000000058,22560.385
26073.58,73.62000000000262,22560.385
26073.59,73.63000000000102,22512.023
26073.6,73.63999999999942,22657.131
26073.61,73.65000000000146,22705.516
26073.62,73.65999999999985,22512.023
26073.63,73.67000000000189,22657.131
26073.64,73.68000000000029,22657.131
26073.65,73.69000000000233,22705.516
26073.66,73.70000000000073,22657.131
26073.67,73.70999999999913,22705.516
26073.68,73.72000000000116,22512.023
26073.69,73.72999999999956,22657.131
26073.7,73.7400000000016,22512.023
26073.71,73.75,22560.385
26073.72,73.76000000000204,22463.672
26073.73,73.77000000000044,22608.754
26073.74,73.78000000000247,22608.754
26073.75,73.79000000000087,22512.023
26073.76,73.79999999999927,22608.754
26073.77,73.81000000000131,22657.131
26073.78,73.81999999999971,22560.385
26073.79,73.83000000000175,22560.385
26073.8,73.84000000000015,22657.131
26073.81,73.85000000000218,22705.516
26073.82,73.86000000000058,22657.131
26073.83,73.87000000000262,22318.664
26073.84,73.88000000000102,22560.385
26073.85,73.88999999999942,22608.754
26073.86,73.90000000000146,22657.131
26073.87,73.90999999999985,22463.672
26073.88,73.92000000000189,22608.754
26073.89,73.93000000000029,22512.023
26073.9,73.94000000000233,22560.385
26073.91,73.95000000000073,22463.672
26073.92,73.95999999999913,22463.672
26073.93,73.97000000000116,22705.516
26073.94,73.97999999999956,22608.754
26073.95,73.9900000000016,22608.754
26073.96,74.0,22463.672
26073.97,74.01000000000204,22608.754
26073.98,74.02000000000044,22753.908
26073.99,74.03000000000247,22415.328
26074.0,74.04000000000087,22705.516
26074.01,74.04999999999927,22705.516
26074.02,74.06000000000131,22705.516
26074.03,74.06999999999971,22463.672
26074.04,74.08000000000175,22512.023
26074.05,74.09000000000015,22705.516
26074.06,74.10000000000218,22463.672
26074.07,74.11000000000058,22512.023
26074.08,74.12000000000262,22560.385
26074.09,74.13000000000102,22560.385
26074.1,74.13999999999942,22512.023
26074.11,74.15000000000146,22705.516
26074.12,74.15999999999985,22512.023
26074.13,74.17000000000189,22753.908
26074.14,74.18000000000029,22512.023
26074.15,74.19000000000233,22318.664
26074.16,74.20000000000073,22512.023
26074.17,74.20999999999913,22705.516
26074.18,74.22000000000116,22657.131
26074.19,74.22999999999956,22560.385
26074.2,74.2400000000016,22512.023
26074.21,74.25,22512.023
26074.22,74.26000000000204,22560.385
26074.23,74.27000000000044,22560.385
26074.24,74.28000000000247,22560.385
26074.25,74.29000000000087,22512.023
26074.26,74.29999999999927,22657.131
26074.27,74.31000000000131,22366.992
26074.28,74.31999999999971,22463.672
26074.29,74.33000000000175,22657.131
26074.3,74.34000000000015,22560.385
26074.31,74.35000000000218,22753.908
26074.32,74.36000000000058,22608.754
26074.33,74.37000000000262,22560.385
26074.34,74.38000000000102,22512.023
26074.35,74.38999999999942,22560.385
26074.36,74.40000000000146,22657.131
26074.37,74.40999999999985,22657.131
26074.38,74.42000000000189,22608.754
26074.39,74.43000000000029,22560.385
26074.4,74.44000000000233,22512.023
26074.41,74.45000000000073,22608.754
26074.42,74.45999999999913,22657.131
26074.43,74.47000000000116,22850.719
26074.44,74.47999999999956,22512.023
26074.45,74.4900000000016,22512.023
26074.46,74.5,22608.754
26074.47,74.51000000000204,22366.992
26074.48,74.52000000000044,22657.131
26074.49,74.53000000000247,22608.754
26074.5,74.54000000000087,22560.385
26074.51,74.54999999999927,22512.023
26074.52,74.56000000000131,22560.385
26074.53,74.56999999999971,22512.023
26074.54,74.58000000000175,22366.992
26074.55,74.59000000000015,22463.672
26074.56,74.60000000000218,22560.385
26074.57,74.61000000000058,22512.023
26074.58,74.62000000000262,22560.385
26074.59,74.63000000000102,22705.516
26074.6,74.63999999999942,22753.908
26074.61,74.65000000000146,22608.754
26074.62,74.65999999999985,22560.385
26074.63,74.67000000000189,22463.672
26074.64,74.68000000000029,22560.385
26074.65,74.69000000000233,22608.754
26074.66,74.70000000000073,22512.023
26074.67,74.70999999999913,22318.664
26074.68,74.72000000000116,22560.385
26074.69,74.72999999999956,22512.023
26074.7,74.7400000000016,22753.908
26074.71,74.75,22608.754
26074.72,74.76000000000204,22512.023
26074.73,74.77000000000044,22512.023
26074.74,74.78000000000247,22657.131
26074.75,74.79000000000087,22608.754
26074.76,74.79999999999927,22657.131
26074.77,74.81000000000131,22560.385
26074.78,74.81999999999971,22366.992
26074.79,74.83000000000175,22415.328
26074.8,74.84000000000015,22560.385
26074.81,74.85000000000218,22705.516
26074.82,74.86000000000058,22463.672
26074.83,74.87000000000262,22899.137
26074.84,74.88000000000102,23189.811
26074.85,74.88999999999942,23335.258
26074.86,74.90000000000146,23286.768
26074.87,74.90999999999985,23480.779
26074.88,74.92000000000189,23189.811
26074.89,74.93000000000029,23286.768
26074.9,74.94000000000233,23189.811
26074.91,74.95000000000073,23238.285
26074.92,74.95999999999913,23092.887
26074.93,74.97000000000116,22899.137
26074.94,74.97999999999956,22947.563
26074.95,74.9900000000016,22753.908
26074.96,75.0,22512.023
26074.97,75.01000000000204,22512.023
26074.98,75.02000000000044,22415.328
26074.99,75.03000000000247,22415.328
26075.0,75.04000000000087,22512.023
26075.01,75.04999999999927,22560.385
26075.02,75.06000000000131,22512.023
26075.03,75.06999999999971,22415.328
26075.04,75.08000000000175,22705.516
26075.05,75.09000000000015,22560.385
26075.06,75.10000000000218,22512.023
26075.07,75.11000000000058,22318.664
26075.08,75.12000000000262,22560.385
26075.09,75.13000000000102,22366.992
26075.1,75.13999999999942,22415.328
26075.11,75.15000000000146,22463.672
26075.12,75.15999999999985,22657.131
26075.13,75.17000000000189,22463.672
26075.14,75.18000000000029,22415.328
26075.15,75.19000000000233,22415.328
26075.16,75.20000000000073,22463.672
26075.17,75.20999999999913,22415.328
26075.18,75.22000000000116,22560.385
26075.19,75.22999999999956,22415.328
26075.2,75.2400000000016,22463.672
26075.21,75.25,22415.328
26075.22,75.26000000000204,22415.328
26075.23,75.27000000000044,22318.664
26075.24,75.28000000000247,22463.672
26075.25,75.29000000000087,22270.344
26075.26,75.29999999999927,22318.664
26075.27,75.31000000000131,22512.023
26075.28,75.31999999999971,22318.664
26075.29,75.33000000000175,22560.385
26075.3,75.34000000000015,22463.672
26075.31,75.35000000000218,22318.664
26075.32,75.36000000000058,22512.023
26075.33,75.37000000000262,22318.664
26075.34,75.38000000000102,22366.992
26075.35,75.38999999999942,22657.131
26075.36,75.40000000000146,22512.023
26075.37,75.40999999999985,22415.328
26075.38,75.42000000000189,22608.754
26075.39,75.43000000000029,22463.672
26075.4,75.44000000000233,22512.023
26075.41,75.45000000000073,22560.385
26075.42,75.45999999999913,22318.664
26075.43,75.47000000000116,22463.672
26075.44,75.47999999999956,22463.672
26075.45,75.4900000000016,22415.328
26075.46,75.5,22753.908
26075.47,75.51000000000204,22366.992
26075.48,75.52000000000044,22512.023
26075.49,75.53000000000247,22512.023
26075.5,75.54000000000087,22608.754
26075.51,75.54999999999927,22753.908
26075.52,75.56000000000131,22463.672
26075.53,75.56999999999971,22415.328
26075.54,75.58000000000175,22463.672
26075.55,75.59000000000015,22512.023
26075.56,75.60000000000218,22512.023
26075.57,75.61000000000058,22560.385
26075.58,75.62000000000262,22366.992
26075.59,75.63000000000102,22560.385
26075.6,75.63999999999942,22512.023
26075.61,75.65000000000146,22318.664
26075.62,75.65999999999985,22415.328
26075.63,75.67000000000189,22463.672
26075.64,75.68000000000029,22512.023
26075.65,75.69000000000233,22512.023
26075.66,75.70000000000073,22512.023
26075.67,75.70999999999913,22512.023
26075.68,75.72000000000116,22608.754
26075.69,75.72999999999956,22512.023
26075.7,75.7400000000016,22560.385
26075.71,75.75,22415.328
26075.72,75.76000000000204,22560.385
26075.73,75.77000000000044,22657.131
26075.74,75.78000000000247,22415.328
26075.75,75.79000000000087,22512.023
26075.76,75.79999999999927,22512.023
26075.77,75.81000000000131,22270.344
26075.78,75.81999999999971,22463.672
26075.79,75.83000000000175,22512.023
26075.8,75.84000000000015,22415.328
26075.81,75.85000000000218,22512.023
26075.82,75.86000000000058,22560.385
26075.83,75.87000000000262,22560.385
26075.84,75.88000000000102,22608.754
26075.85,75.88999999999942,22512.023
26075.86,75.90000000000146,22318.664
26075.87,75.90999999999985,22512.023
26075.88,75.92000000000189,22366.992
26075.89,75.93000000000029,22560.385
26075.9,75.94000000000233,22415.328
26075.91,75.95000000000073,22560.385
26075.92,75.95999999999913,22512.023
26075.93,75.97000000000116,22608.754
26075.94,75.97999999999956,22318.664
26075.95,75.9900000000016,22415.328
26075.96,76.0,22608.754
26075.97,76.01000000000204,22802.309
26075.98,76.02000000000044,22415.328
26075.99,76.03000000000247,22608.754
26076.0,76.04000000000087,22463.672
26076.01,76.04999999999927,22415.328
26076.02,76.06000000000131,22560.385
26076.03,76.06999999999971,22318.664
26076.04,76.08000000000175,22463.672
26076.05,76.09000000000015,22415.328
26076.06,76.10000000000218,22512.023
26076.07,76.11000000000058,22512.023
26076.08,76.12000000000262,22657.131
26076.09,76.13000000000102,22512.023
26076.1,76.13999999999942,22512.023
26076.11,76.15000000000146,22318.664
26076.12,76.15999999999985,22608.754
26076.13,76.17000000000189,22608.754
26076.14,76.18000000000029,22512.023
26076.15,76.19000000000233,22415.328
26076.16,76.20000000000073,22366.992
26076.17,76.20999999999913,22560.385
26076.18,76.22000000000116,22657.131
26076.19,76.22999999999956,22463.672
26076.2,76.2400000000016,22753.908
26076.21,76.25,22415.328
26076.22,76.26000000000204,22560.385
26076.23,76.27000000000044,22802.309
26076.24,76.28000000000247,22705.516
26076.25,76.29000000000087,22463.672
26076.26,76.29999999999927,22657.131
26076.27,76.31000000000131,22512.023
26076.28,76.31999999999971,22512.023
26076.29,76.33000000000175,22463.672
26076.3,76.34000000000015,22415.328
26076.31,76.35000000000218,22657.131
26076.32,76.36000000000058,22512.023
26076.33,76.37000000000262,22415.328
26076.34,76.38000000000102,22657.131
26076.35,76.38999999999942,22512.023
26076.36,76.40000000000146,22512.023
26076.37,76.40999999999985,22463.672
26076.38,76.42000000000189,22560.385
26076.39,76.43000000000029,22560.385
26076.4,76.44000000000233,22560.385
26076.41,76.45000000000073,22463.672
26076.42,76.45999999999913,22512.023
26076.43,76.47000000000116,22657.131
26076.44,76.47999999999956,22415.328
26076.45,76.4900000000016,22705.516
26076.46,76.5,23529.301
26076.47,76.51000000000204,23529.301
26076.48,76.52000000000044,23044.438
26076.49,76.53000000000247,22753.908
26076.5,76.54000000000087,22899.137
26076.51,76.54999999999927,22560.385
26076.52,76.56000000000131,22463.672
26076.53,76.56999999999971,22753.908
26076.54,76.58000000000175,23383.758
26076.55,76.59000000000015,23238.285
26076.56,76.60000000000218,23092.887
26076.57,76.61000000000058,23044.438
26076.58,76.62000000000262,22850.719
26076.59,76.63000000000102,22222.031
26076.6,76.63999999999942,22608.754
26076.61,76.65000000000146,23141.346
26076.62,76.65999999999985,23529.301
26076.63,76.67000000000189,23577.832
26076.64,76.68000000000029,23577.832
26076.65,76.69000000000233,22899.137
26076.66,76.70000000000073,22512.023
26076.67,76.70999999999913,22753.908
26076.68,76.72000000000116,22802.309
26076.69,76.72999999999956,22560.385
26076.7,76.7400000000016,22947.563
26076.71,76.75,23529.301
26076.72,76.76000000000204,23480.779
26076.73,76.77000000000044,22802.309
26076.74,76.78000000000247,22512.023
26076.75,76.79000000000087,22463.672
26076.76,76.79999999999927,22560.385
26076.77,76.81000000000131,22899.137
26076.78,76.81999999999971,23141.346
26076.79,76.83000000000175,23286.768
26076.8,76.84000000000015,22657.131
26076.81,76.85000000000218,22995.996
26076.82,76.86000000000058,23286.768
26076.83,76.87000000000262,23044.438
26076.84,76.88000000000102,22850.719
26076.85,76.88999999999942,22512.023
26076.86,76.90000000000146,22850.719
26076.87,76.90999999999985,22512.023
26076.88,76.92000000000189,22608.754
26076.89,76.93000000000029,23335.258
26076.9,76.94000000000233,23674.92
26076.91,76.95000000000073,23335.258
26076.92,76.95999999999913,23044.438
26076.93,76.97000000000116,22753.908
26076.94,76.97999999999956,22366.992
26076.95,76.9900000000016,22415.328
26076.96,77.0,22705.516
26076.97,77.01000000000204,23092.887
26076.98,77.02000000000044,23286.768
26076.99,77.03000000000247,23772.039
26077.0,77.04000000000087,23286.768
26077.01,77.04999999999927,22657.131
26077.02,77.06000000000131,22705.516
26077.03,77.06999999999971,22802.309
26077.04,77.08000000000175,22560.385
26077.05,77.09000000000015,22657.131
26077.06,77.10000000000218,22415.328
26077.07,77.11000000000058,22222.031
26077.08,77.12000000000262,22512.023
26077.09,77.13000000000102,22463.672
26077.1,77.13999999999942,22318.664
26077.11,77.15000000000146,22415.328
26077.12,77.15999999999985,22318.664
26077.13,77.17000000000189,22366.992
26077.14,77.18000000000029,22318.664
26077.15,77.19000000000233,22415.328
26077.16,77.20000000000073,22318.664
26077.17,77.20999999999913,22222.031
26077.18,77.22000000000116,22657.131
26077.19,77.22999999999956,22415.328
26077.2,77.2400000000016,22318.664
26077.21,77.25,22366.992
26077.22,77.26000000000204,22415.328
26077.23,77.27000000000044,22270.344
26077.24,77.28000000000247,22318.664
26077.25,77.29000000000087,22318.664
26077.26,77.29999999999927,22366.992
26077.27,77.31000000000131,22415.328
26077.28,77.31999999999971,22318.664
26077.29,77.33000000000175,22318.664
26077.3,77.34000000000015,22366.992
26077.31,77.35000000000218,22512.023
26077.32,77.36000000000058,22222.031
26077.33,77.37000000000262,22415.328
26077.34,77.38000000000102,22366.992
26077.35,77.38999999999942,22270.344
26077.36,77.40000000000146,22318.664
26077.37,77.40999999999985,22415.328
26077.38,77.42000000000189,22512.023
26077.39,77.43000000000029,22415.328
26077.4,77.44000000000233,22560.385
26077.41,77.45000000000073,22318.664
26077.42,77.45999999999913,22415.328
26077.43,77.47000000000116,22512.023
26077.44,77.47999999999956,22463.672
26077.45,77.4900000000016,22463.672
26077.46,77.5,22463.672
26077.47,77.51000000000204,22463.672
26077.48,77.52000000000044,22463.672
26077.49,77.53000000000247,22270.344
26077.5,77.54000000000087,22270.344
26077.51,77.54999999999927,22415.328
26077.52,77.56000000000131,22270.344
26077.53,77.56999999999971,22366.992
26077.54,77.58000000000175,22463.672
26077.55,77.59000000000015,22415.328
26077.56,77.60000000000218,22366.992
26077.57,77.61000000000058,22318.664
26077.58,77.62000000000262,22270.344
26077.59,77.63000000000102,22270.344
26077.6,77.63999999999942,22318.664
26077.61,77.65000000000146,22366.992
26077.62,77.65999999999985,22463.672
26077.63,77.67000000000189,22222.031
26077.64,77.68000000000029,22318.664
26077.65,77.69000000000233,22222.031
26077.66,77.70000000000073,22270.344
26077.67,77.70999999999913,22463.672
26077.68,77.72000000000116,22366.992
26077.69,77.72999999999956,22463.672
26077.7,77.7400000000016,22318.664
26077.71,77.75,22270.344
26077.72,77.76000000000204,22318.664
26077.73,77.77000000000044,22560.385
26077.74,77.78000000000247,22366.992
26077.75,77.79000000000087,22463.672
26077.76,77.79999999999927,22318.664
26077.77,77.81000000000131,22222.031
26077.78,77.81999999999971,22415.328
26077.79,77.83000000000175,22366.992
26077.8,77.84000000000015,22222.031
26077.81,77.85000000000218,22318.664
26077.82,77.86000000000058,22415.328
26077.83,77.87000000000262,22366.992
26077.84,77.88000000000102,22415.328
26077.85,77.88999999999942,22077.145
26077.86,77.90000000000146,22222.031
26077.87,77.90999999999985,22512.023
26077.88,77.92000000000189,22173.729
26077.89,77.93000000000029,22415.328
26077.9,77.94000000000233,22463.672
26077.91,77.95000000000073,22270.344
26077.92,77.95999999999913,22415.328
26077.93,77.97000000000116,22318.664
26077.94,77.97999999999956,22318.664
26077.95,77.9900000000016,22415.328
26077.96,78.0,22222.031
26077.97,78.01000000000204,22366.992
26077.98,78.02000000000044,22270.344
26077.99,78.03000000000247,22318.664
26078.0,78.04000000000087,22318.664
26078.01,78.04999999999927,22512.023
26078.02,78.06000000000131,22366.992
26078.03,78.06999999999971,22463.672
26078.04,78.08000000000175,22463.672
26078.05,78.09000000000015,22270.344
26078.06,78.10000000000218,22125.432
26078.07,78.11000000000058,22512.023
26078.08,78.12000000000262,22318.664
26078.09,78.13000000000102,22415.328
26078.1,78.13999999999942,22463.672
26078.11,78.15000000000146,22366.992
26078.12,78.15999999999985,22463.672
26078.13,78.17000000000189,22463.672
26078.14,78.18000000000029,22366.992
26078.15,78.19000000000233,22512.023
26078.16,78.20000000000073,22366.992
26078.17,78.20999999999913,22366.992
26078.18,78.22000000000116,22463.672
26078.19,78.22999999999956,22173.729
26078.2,78.2400000000016,22366.992
26078.21,78.25,22415.328
26078.22,78.26000000000204,22415.328
26078.23,78.27000000000044,22270.344
26078.24,78.28000000000247,22560.385
26078.25,78.29000000000087,22560.385
26078.26,78.29999999999927,22366.992
26078.27,78.31000000000131,22463.672
26078.28,78.31999999999971,22560.385
26078.29,78.33000000000175,22318.664
26078.3,78.34000000000015,22560.385
26078.31,78.35000000000218,22415.328
26078.32,78.36000000000058,22415.328
26078.33,78.37000000000262,22608.754
26078.34,78.38000000000102,22270.344
26078.35,78.38999999999942,22366.992
26078.36,78.40000000000146,22173.729
26078.37,78.40999999999985,22222.031
26078.38,78.42000000000189,22270.344
26078.39,78.43000000000029,22366.992
26078.4,78.44000000000233,22415.328
26078.41,78.45000000000073,22270.344
26078.42,78.45999999999913,22415.328
26078.43,78.47000000000116,22512.023
26078.44,78.47999999999956,22560.385
26078.45,78.4900000000016,22657.131
26078.46,78.5,22560.385
26078.47,78.51000000000204,22463.672
26078.48,78.52000000000044,22415.328
26078.49,78.53000000000247,22318.664
26078.5,78.54000000000087,22560.385
26078.51,78.54999999999927,22366.992
26078.52,78.56000000000131,22318.664
26078.53,78.56999999999971,22366.992
26078.54,78.58000000000175,22366.992
26078.55,78.59000000000015,22415.328
26078.56,78.60000000000218,22608.754
26078.57,78.61000000000058,22270.344
26078.58,78.62000000000262,22512.023
26078.59,78.63000000000102,22366.992
26078.6,78.63999999999942,22560.385
26078.61,78.65000000000146,22318.664
26078.62,78.65999999999985,22270.344
26078.63,78.67000000000189,22366.992
26078.64,78.68000000000029,22366.992
26078.65,78.69000000000233,22415.328
26078.66,78.70000000000073,22366.992
26078.67,78.70999999999913,22173.729
26078.68,78.72000000000116,22463.672
26078.69,78.72999999999956,22222.031
26078.7,78.7400000000016,22512.023
26078.71,78.75,22125.432
26078.72,78.76000000000204,22318.664
26078.73,78.77000000000044,22608.754
26078.74,78.78000000000247,22318.664
26078.75,78.79000000000087,22173.729
26078.76,78.79999999999927,22366.992
26078.77,78.81000000000131,22366.992
26078.78,78.81999999999971,22463.672
26078.79,78.83000000000175,22512.023
26078.8,78.84000000000015,22415.328
26078.81,78.85000000000218,22366.992
26078.82,78.86000000000058,22512.023
26078.83,78.87000000000262,22415.328
26078.84,78.88000000000102,22222.031
26078.85,78.88999999999942,22415.328
26078.86,78.90000000000146,22270.344
26078.87,78.90999999999985,22463.672
26078.88,78.92000000000189,22318.664
26078.89,78.93000000000029,22318.664
26078.9,78.94000000000233,22415.328
26078.91,78.95000000000073,22512.023
26078.92,78.95999999999913,22366.992
26078.93,78.97000000000116,22415.328
26078.94,78.97999999999956,22318.664
26078.95,78.9900000000016,22415.328
26078.96,79.0,22463.672
26078.97,79.01000000000204,22463.672
26078.98,79.02000000000044,22366.992
26078.99,79.03000000000247,22463.672
26079.0,79.04000000000087,22318.664
26079.01,79.04999999999927,22415.328
26079.02,79.06000000000131,22173.729
26079.03,79.06999999999971,22222.031
26079.04,79.08000000000175,22415.328
26079.05,79.09000000000015,22463.672
26079.06,79.10000000000218,22463.672
26079.07,79.11000000000058,22463.672
26079.08,79.12000000000262,22512.023
26079.09,79.13000000000102,22318.664
26079.1,79.13999999999942,22366.992
26079.11,79.15000000000146,22560.385
26079.12,79.15999999999985,22463.672
26079.13,79.17000000000189,22512.023
26079.14,79.18000000000029,22512.023
26079.15,79.19000000000233,22415.328
26079.16,79.20000000000073,22366.992
26079.17,79.20999999999913,22463.672
26079.18,79.22000000000116,22366.992
26079.19,79.22999999999956,22318.664
26079.2,79.2400000000016,22366.992
26079.21,79.25,22415.328
26079.22,79.26000000000204,22318.664
26079.23,79.27000000000044,22173.729
26079.24,79.28000000000247,22366.992
26079.25,79.29000000000087,22608.754
26079.26,79.29999999999927,22366.992
26079.27,79.31000000000131,22366.992
26079.28,79.31999999999971,22366.992
26079.29,79.33000000000175,22270.344
26079.3,79.34000000000015,22366.992
26079.31,79.35000000000218,22222.031
26079.32,79.36000000000058,22415.328
26079.33,79.37000000000262,22463.672
26079.34,79.38000000000102,22366.992
26079.35,79.38999999999942,22415.328
26079.36,79.40000000000146,22512.023
26079.37,79.40999999999985,22318.664
26079.38,79.42000000000189,22560.385
26079.39,79.43000000000029,22463.672
26079.4,79.44000000000233,22222.031
26079.41,79.45000000000073,22318.664
26079.42,79.45999999999913,22415.328
26079.43,79.47000000000116,22463.672
26079.44,79.47999999999956,22463.672
26079.45,79.4900000000016,22512.023
26079.46,79.5,22463.672
26079.47,79.51000000000204,22463.672
26079.48,79.52000000000044,22318.664
26079.49,79.53000000000247,22318.664
26079.5,79.54000000000087,22366.992
26079.51,79.54999999999927,22512.023
26079.52,79.56000000000131,22512.023
26079.53,79.56999999999971,22318.664
26079.54,79.58000000000175,22415.328
26079.55,79.59000000000015,22222.031
26079.56,79.60000000000218,22657.131
26079.57,79.61000000000058,22415.328
26079.58,79.62000000000262,22222.031
26079.59,79.63000000000102,22125.432
26079.6,79.63999999999942,22415.328
26079.61,79.65000000000146,22222.031
26079.62,79.65999999999985,22512.023
26079.63,79.67000000000189,22512.023
26079.64,79.68000000000029,22222.031
26079.65,79.69000000000233,22318.664
26079.66,79.70000000000073,22318.664
26079.67,79.70999999999913,22463.672
26079.68,79.72000000000116,22270.344
26079.69,79.72999999999956,22463.672
26079.7,79.7400000000016,22415.328
26079.71,79.75,22318.664
26079.72,79.76000000000204,22366.992
26079.73,79.77000000000044,22512.023
26079.74,79.78000000000247,22318.664
26079.75,79.79000000000087,22415.328
26079.76,79.79999999999927,22415.328
26079.77,79.81000000000131,22318.664
26079.78,79.81999999999971,22366.992
26079.79,79.83000000000175,22415.328
26079.8,79.84000000000015,22463.672
26079.81,79.85000000000218,22318.664
26079.82,79.86000000000058,22366.992
26079.83,79.87000000000262,22270.344
26079.84,79.88000000000102,22125.432
26079.85,79.88999999999942,22270.344
26079.86,79.90000000000146,22318.664
26079.87,79.90999999999985,22222.031
26079.88,79.92000000000189,22366.992
26079.89,79.93000000000029,22318.664
26079.9,79.94000000000233,22415.328
26079.91,79.95000000000073,22415.328
26079.92,79.95999999999913,22222.031
26079.93,79.97000000000116,22463.672
26079.94,79.97999999999956,22270.344
26079.95,79.9900000000016,22270.344
26079.96,80.0,22270.344
